match_id,target_asset,direction,similar_asset,start_date,end_date,match_end_date_used,similarity,return_30d_report,drawdown_30d_report,max_gain_30d_report,final_return_path,base_price,day,date,close_return_pct,high_return_pct,low_return_pct
1,DOGE,negative,DASH-USD,2022-02-20,2022-05-30,2022-05-30,88.63375575953437,-29.45031583544584,-33.95277127902522,2.3199262300169776,-29.45031583544584,63.11600875854492,0,2022-05-30,0.0,0.14547172784258322,-8.91151983897962
1,DOGE,negative,DASH-USD,2022-02-20,2022-05-30,2022-05-30,88.63375575953437,-29.45031583544584,-33.95277127902522,2.3199262300169776,-29.45031583544584,63.11600875854492,1,2022-05-31,2.3199262300169776,3.079988659140387,-3.636243197010325
1,DOGE,negative,DASH-USD,2022-02-20,2022-05-30,2022-05-30,88.63375575953437,-29.45031583544584,-33.95277127902522,2.3199262300169776,-29.45031583544584,63.11600875854492,2,2022-06-01,-5.605965084246856,7.004370921054415,-6.6277787115673785
1,DOGE,negative,DASH-USD,2022-02-20,2022-05-30,2022-05-30,88.63375575953437,-29.45031583544584,-33.95277127902522,2.3199262300169776,-29.45031583544584,63.11600875854492,3,2022-06-02,-5.045050664281003,-4.715498483785574,-7.70351642197451
1,DOGE,negative,DASH-USD,2022-02-20,2022-05-30,2022-05-30,88.63375575953437,-29.45031583544584,-33.95277127902522,2.3199262300169776,-29.45031583544584,63.11600875854492,4,2022-06-03,-7.747679532836848,-5.008309518676491,-10.31091688287371
1,DOGE,negative,DASH-USD,2022-02-20,2022-05-30,2022-05-30,88.63375575953437,-29.45031583544584,-33.95277127902522,2.3199262300169776,-29.45031583544584,63.11600875854492,5,2022-06-04,-6.960491875637597,-6.397105481901011,-9.05355860569317
1,DOGE,negative,DASH-USD,2022-02-20,2022-05-30,2022-05-30,88.63375575953437,-29.45031583544584,-33.95277127902522,2.3199262300169776,-29.45031583544584,63.11600875854492,6,2022-06-05,-7.085377924597303,-6.224641492786887,-8.261439088843769
1,DOGE,negative,DASH-USD,2022-02-20,2022-05-30,2022-05-30,88.63375575953437,-29.45031583544584,-33.95277127902522,2.3199262300169776,-29.45031583544584,63.11600875854492,7,2022-06-06,-4.765753891862811,-1.9731185846916688,-7.146869027637337
1,DOGE,negative,DASH-USD,2022-02-20,2022-05-30,2022-05-30,88.63375575953437,-29.45031583544584,-33.95277127902522,2.3199262300169776,-29.45031583544584,63.11600875854492,8,2022-06-07,-7.264411682632654,-3.829437919702916,-10.678745371168674
1,DOGE,negative,DASH-USD,2022-02-20,2022-05-30,2022-05-30,88.63375575953437,-29.45031583544584,-33.95277127902522,2.3199262300169776,-29.45031583544584,63.11600875854492,9,2022-06-08,-7.9360028353357865,-6.292085882291865,-8.713550399223768
1,DOGE,negative,DASH-USD,2022-02-20,2022-05-30,2022-05-30,88.63375575953437,-29.45031583544584,-33.95277127902522,2.3199262300169776,-29.45031583544584,63.11600875854492,10,2022-06-09,-8.456465127068213,-7.278342977355212,-9.010888349406299
1,DOGE,negative,DASH-USD,2022-02-20,2022-05-30,2022-05-30,88.63375575953437,-29.45031583544584,-33.95277127902522,2.3199262300169776,-29.45031583544584,63.11600875854492,11,2022-06-10,-14.41038620631383,-8.287065418398488,-15.026880750474314
1,DOGE,negative,DASH-USD,2022-02-20,2022-05-30,2022-05-30,88.63375575953437,-29.45031583544584,-33.95277127902522,2.3199262300169776,-29.45031583544584,63.11600875854492,12,2022-06-11,-22.159020682563334,-13.505311389217223,-22.29385506606244
1,DOGE,negative,DASH-USD,2022-02-20,2022-05-30,2022-05-30,88.63375575953437,-29.45031583544584,-33.95277127902522,2.3199262300169776,-29.45031583544584,63.11600875854492,13,2022-06-12,-26.440588044483192,-21.510747072176738,-27.305905787096098
1,DOGE,negative,DASH-USD,2022-02-20,2022-05-30,2022-05-30,88.63375575953437,-29.45031583544584,-33.95277127902522,2.3199262300169776,-29.45031583544584,63.11600875854492,14,2022-06-13,-32.95929166891048,-26.455836919357388,-36.717610480153404
1,DOGE,negative,DASH-USD,2022-02-20,2022-05-30,2022-05-30,88.63375575953437,-29.45031583544584,-33.95277127902522,2.3199262300169776,-29.45031583544584,63.11600875854492,15,2022-06-14,-30.835860155910833,-30.18594863625317,-37.71437195275593
1,DOGE,negative,DASH-USD,2022-02-20,2022-05-30,2022-05-30,88.63375575953437,-29.45031583544584,-33.95277127902522,2.3199262300169776,-29.45031583544584,63.11600875854492,16,2022-06-15,-27.423798990939098,-27.423798990939098,-38.46972614821822
1,DOGE,negative,DASH-USD,2022-02-20,2022-05-30,2022-05-30,88.63375575953437,-29.45031583544584,-33.95277127902522,2.3199262300169776,-29.45031583544584,63.11600875854492,17,2022-06-16,-33.786641344951974,-26.791590188089398,-34.45034514858224
1,DOGE,negative,DASH-USD,2022-02-20,2022-05-30,2022-05-30,88.63375575953437,-29.45031583544584,-33.95277127902522,2.3199262300169776,-29.45031583544584,63.11600875854492,18,2022-06-17,-30.81452502776739,-30.05503072953506,-33.94953776810263
1,DOGE,negative,DASH-USD,2022-02-20,2022-05-30,2022-05-30,88.63375575953437,-29.45031583544584,-33.95277127902522,2.3199262300169776,-29.45031583544584,63.11600875854492,19,2022-06-18,-33.95277127902522,-29.980859428521967,-38.405031753983856
1,DOGE,negative,DASH-USD,2022-02-20,2022-05-30,2022-05-30,88.63375575953437,-29.45031583544584,-33.95277127902522,2.3199262300169776,-29.45031583544584,63.11600875854492,20,2022-06-19,-29.832891551126075,-28.67258090924272,-36.46696201011479
1,DOGE,negative,DASH-USD,2022-02-20,2022-05-30,2022-05-30,88.63375575953437,-29.45031583544584,-33.95277127902522,2.3199262300169776,-29.45031583544584,63.11600875854492,21,2022-06-20,-28.047346819672782,-26.999580489732455,-31.389624588173092
1,DOGE,negative,DASH-USD,2022-02-20,2022-05-30,2022-05-30,88.63375575953437,-29.45031583544584,-33.95277127902522,2.3199262300169776,-29.45031583544584,63.11600875854492,22,2022-06-21,-25.48827374818855,-23.356453238627118,-28.96725347939374
1,DOGE,negative,DASH-USD,2022-02-20,2022-05-30,2022-05-30,88.63375575953437,-29.45031583544584,-33.95277127902522,2.3199262300169776,-29.45031583544584,63.11600875854492,23,2022-06-22,-28.252000863317196,-25.367400879140245,-29.12140431318928
1,DOGE,negative,DASH-USD,2022-02-20,2022-05-30,2022-05-30,88.63375575953437,-29.45031583544584,-33.95277127902522,2.3199262300169776,-29.45031583544584,63.11600875854492,24,2022-06-23,-22.857452997896765,-22.722014219832687,-28.253608552860022
1,DOGE,negative,DASH-USD,2022-02-20,2022-05-30,2022-05-30,88.63375575953437,-29.45031583544584,-33.95277127902522,2.3199262300169776,-29.45031583544584,63.11600875854492,25,2022-06-24,-17.9038351434044,-16.8294754526054,-22.94066604160181
1,DOGE,negative,DASH-USD,2022-02-20,2022-05-30,2022-05-30,88.63375575953437,-29.45031583544584,-33.95277127902522,2.3199262300169776,-29.45031583544584,63.11600875854492,26,2022-06-25,-17.124746373375743,-16.469352995013807,-20.96179966459728
1,DOGE,negative,DASH-USD,2022-02-20,2022-05-30,2022-05-30,88.63375575953437,-29.45031583544584,-33.95277127902522,2.3199262300169776,-29.45031583544584,63.11600875854492,27,2022-06-26,-21.6694731728291,-15.767802003725128,-21.686613802691646
1,DOGE,negative,DASH-USD,2022-02-20,2022-05-30,2022-05-30,88.63375575953437,-29.45031583544584,-33.95277127902522,2.3199262300169776,-29.45031583544584,63.11600875854492,28,2022-06-27,-22.008816545277043,-18.298680068753505,-22.533177181953523
1,DOGE,negative,DASH-USD,2022-02-20,2022-05-30,2022-05-30,88.63375575953437,-29.45031583544584,-33.95277127902522,2.3199262300169776,-29.45031583544584,63.11600875854492,29,2022-06-28,-26.632054198719977,-21.123710924607032,-27.06599136453134
1,DOGE,negative,DASH-USD,2022-02-20,2022-05-30,2022-05-30,88.63375575953437,-29.45031583544584,-33.95277127902522,2.3199262300169776,-29.45031583544584,63.11600875854492,30,2022-06-29,-29.45031583544584,-25.66143883499805,-29.609682594337073
2,DOGE,negative,NEAR-USD,2022-03-02,2022-06-09,2022-06-09,88.49694666630992,-25.05018407238141,-39.09736132269396,0.0,-25.05018407238141,5.08201789855957,0,2022-06-09,0.0,2.543751203348088,-1.4664802110461395
2,DOGE,negative,NEAR-USD,2022-03-02,2022-06-09,2022-06-09,88.49694666630992,-25.05018407238141,-39.09736132269396,0.0,-25.05018407238141,5.08201789855957,1,2022-06-10,-11.508455244458403,0.4885452520810185,-11.552535785179707
2,DOGE,negative,NEAR-USD,2022-03-02,2022-06-09,2022-06-09,88.49694666630992,-25.05018407238141,-39.09736132269396,0.0,-25.05018407238141,5.08201789855957,2,2022-06-11,-19.729447940487333,-8.057271675372057,-21.1074199053385
2,DOGE,negative,NEAR-USD,2022-03-02,2022-06-09,2022-06-09,88.49694666630992,-25.05018407238141,-39.09736132269396,0.0,-25.05018407238141,5.08201789855957,3,2022-06-12,-26.99185307537303,-18.403137843922977,-26.99185307537303
2,DOGE,negative,NEAR-USD,2022-03-02,2022-06-09,2022-06-09,88.49694666630992,-25.05018407238141,-39.09736132269396,0.0,-25.05018407238141,5.08201789855957,4,2022-06-13,-31.189811483909757,-26.935438803111044,-38.92790270079165
2,DOGE,negative,NEAR-USD,2022-03-02,2022-06-09,2022-06-09,88.49694666630992,-25.05018407238141,-39.09736132269396,0.0,-25.05018407238141,5.08201789855957,5,2022-06-14,-33.401452687449265,-28.445389670854038,-37.37324264264061
2,DOGE,negative,NEAR-USD,2022-03-02,2022-06-09,2022-06-09,88.49694666630992,-25.05018407238141,-39.09736132269396,0.0,-25.05018407238141,5.08201789855957,6,2022-06-15,-24.79863036937203,-24.422580571309325,-40.11494812607973
2,DOGE,negative,NEAR-USD,2022-03-02,2022-06-09,2022-06-09,88.49694666630992,-25.05018407238141,-39.09736132269396,0.0,-25.05018407238141,5.08201789855957,7,2022-06-16,-36.882098346332306,-24.828481846661266,-38.25267664024086
2,DOGE,negative,NEAR-USD,2022-03-02,2022-06-09,2022-06-09,88.49694666630992,-25.05018407238141,-39.09736132269396,0.0,-25.05018407238141,5.08201789855957,8,2022-06-17,-33.560899828519375,-31.695851024661458,-37.3837701791858
2,DOGE,negative,NEAR-USD,2022-03-02,2022-06-09,2022-06-09,88.49694666630992,-25.05018407238141,-39.09736132269396,0.0,-25.05018407238141,5.08201789855957,9,2022-06-18,-39.097361322693956,-32.94417572016044,-42.967263114476914
2,DOGE,negative,NEAR-USD,2022-03-02,2022-06-09,2022-06-09,88.49694666630992,-25.05018407238141,-39.09736132269396,0.0,-25.05018407238141,5.08201789855957,10,2022-06-19,-35.31211143350519,-34.57563425123694,-41.3566016286343
2,DOGE,negative,NEAR-USD,2022-03-02,2022-06-09,2022-06-09,88.49694666630992,-25.05018407238141,-39.09736132269396,0.0,-25.05018407238141,5.08201789855957,11,2022-06-20,-32.817868738696035,-29.921989265290538,-38.54706765884476
2,DOGE,negative,NEAR-USD,2022-03-02,2022-06-09,2022-06-09,88.49694666630992,-25.05018407238141,-39.09736132269396,0.0,-25.05018407238141,5.08201789855957,12,2022-06-21,-31.075096990325545,-27.263734682059017,-33.23189554581993
2,DOGE,negative,NEAR-USD,2022-03-02,2022-06-09,2022-06-09,88.49694666630992,-25.05018407238141,-39.09736132269396,0.0,-25.05018407238141,5.08201789855957,13,2022-06-22,-35.527954081175004,-30.737845199049254,-35.6589055640564
2,DOGE,negative,NEAR-USD,2022-03-02,2022-06-09,2022-06-09,88.49694666630992,-25.05018407238141,-39.09736132269396,0.0,-25.05018407238141,5.08201789855957,14,2022-06-23,-29.95162493746343,-29.630019017122166,-35.527775807383236
2,DOGE,negative,NEAR-USD,2022-03-02,2022-06-09,2022-06-09,88.49694666630992,-25.05018407238141,-39.09736132269396,0.0,-25.05018407238141,5.08201789855957,15,2022-06-24,-21.274621956350316,-19.762006364562023,-30.03987515580191
2,DOGE,negative,NEAR-USD,2022-03-02,2022-06-09,2022-06-09,88.49694666630992,-25.05018407238141,-39.09736132269396,0.0,-25.05018407238141,5.08201789855957,16,2022-06-25,-17.811128112801143,-13.55779692625958,-22.37235221196491
2,DOGE,negative,NEAR-USD,2022-03-02,2022-06-09,2022-06-09,88.49694666630992,-25.05018407238141,-39.09736132269396,0.0,-25.05018407238141,5.08201789855957,17,2022-06-26,-25.555909288289737,-15.069192749998972,-25.595420390243206
2,DOGE,negative,NEAR-USD,2022-03-02,2022-06-09,2022-06-09,88.49694666630992,-25.05018407238141,-39.09736132269396,0.0,-25.05018407238141,5.08201789855957,18,2022-06-27,-26.524775740952787,-21.411376720295173,-28.155488336953226
2,DOGE,negative,NEAR-USD,2022-03-02,2022-06-09,2022-06-09,88.49694666630992,-25.05018407238141,-39.09736132269396,0.0,-25.05018407238141,5.08201789855957,19,2022-06-28,-32.80554908140206,-25.691622557977457,-33.143270014235625
2,DOGE,negative,NEAR-USD,2022-03-02,2022-06-09,2022-06-09,88.49694666630992,-25.05018407238141,-39.09736132269396,0.0,-25.05018407238141,5.08201789855957,20,2022-06-29,-32.83549907841833,-30.07989762205281,-34.14637441774842
2,DOGE,negative,NEAR-USD,2022-03-02,2022-06-09,2022-06-09,88.49694666630992,-25.05018407238141,-39.09736132269396,0.0,-25.05018407238141,5.08201789855957,21,2022-06-30,-34.42677563511446,-32.51690504687475,-38.25265787457857
2,DOGE,negative,NEAR-USD,2022-03-02,2022-06-09,2022-06-09,88.49694666630992,-25.05018407238141,-39.09736132269396,0.0,-25.05018407238141,5.08201789855957,22,2022-07-01,-34.15701923968292,-32.22001350377058,-36.08955874797003
2,DOGE,negative,NEAR-USD,2022-03-02,2022-06-09,2022-06-09,88.49694666630992,-25.05018407238141,-39.09736132269396,0.0,-25.05018407238141,5.08201789855957,23,2022-07-02,-34.816364858520046,-32.729318269760896,-36.52582286490862
2,DOGE,negative,NEAR-USD,2022-03-02,2022-06-09,2022-06-09,88.49694666630992,-25.05018407238141,-39.09736132269396,0.0,-25.05018407238141,5.08201789855957,24,2022-07-03,-34.62600598024126,-34.16420179692475,-36.87204464275996
2,DOGE,negative,NEAR-USD,2022-03-02,2022-06-09,2022-06-09,88.49694666630992,-25.05018407238141,-39.09736132269396,0.0,-25.05018407238141,5.08201789855957,25,2022-07-04,-30.47247996859379,-30.316579537696654,-36.71496197513851
2,DOGE,negative,NEAR-USD,2022-03-02,2022-06-09,2022-06-09,88.49694666630992,-25.05018407238141,-39.09736132269396,0.0,-25.05018407238141,5.08201789855957,26,2022-07-05,-33.119597131255674,-29.465655272531833,-35.51941101341707
2,DOGE,negative,NEAR-USD,2022-03-02,2022-06-09,2022-06-09,88.49694666630992,-25.05018407238141,-39.09736132269396,0.0,-25.05018407238141,5.08201789855957,27,2022-07-06,-31.12385487237286,-30.334069134951758,-34.626991177511535
2,DOGE,negative,NEAR-USD,2022-03-02,2022-06-09,2022-06-09,88.49694666630992,-25.05018407238141,-39.09736132269396,0.0,-25.05018407238141,5.08201789855957,28,2022-07-07,-26.962714693250856,-25.766769652621324,-32.18668099612639
2,DOGE,negative,NEAR-USD,2022-03-02,2022-06-09,2022-06-09,88.49694666630992,-25.05018407238141,-39.09736132269396,0.0,-25.05018407238141,5.08201789855957,29,2022-07-08,-29.191216844358724,-24.928385541282395,-31.137788376623842
2,DOGE,negative,NEAR-USD,2022-03-02,2022-06-09,2022-06-09,88.49694666630992,-25.05018407238141,-39.09736132269396,0.0,-25.05018407238141,5.08201789855957,30,2022-07-09,-25.05018407238141,-24.04497322327648,-29.392849194258762
3,DOGE,negative,VET-USD,2022-02-22,2022-06-01,2022-06-01,87.38857796046122,-27.52299283653812,-29.00258516789568,4.386395623305073,-27.52299283653812,0.030548999086022377,0,2022-06-01,0.0,11.512652164955405,-1.4010233238251013
3,DOGE,negative,VET-USD,2022-02-22,2022-06-01,2022-06-01,87.38857796046122,-27.52299283653812,-29.00258516789568,4.386395623305073,-27.52299283653812,0.030548999086022377,1,2022-06-02,3.237419919639617,3.7153458149077334,-1.3682933507974449
3,DOGE,negative,VET-USD,2022-02-22,2022-06-01,2022-06-01,87.38857796046122,-27.52299283653812,-29.00258516789568,4.386395623305073,-27.52299283653812,0.030548999086022377,2,2022-06-03,-0.9754787993245917,3.8135479284664653,-2.379782437137934
3,DOGE,negative,VET-USD,2022-02-22,2022-06-01,2022-06-01,87.38857796046122,-27.52299283653812,-29.00258516789568,4.386395623305073,-27.52299283653812,0.030548999086022377,3,2022-06-04,0.049107154017269394,0.5335692883102761,-2.9329909287123757
3,DOGE,negative,VET-USD,2022-02-22,2022-06-01,2022-06-01,87.38857796046122,-27.52299283653812,-29.00258516789568,4.386395623305073,-27.52299283653812,0.030548999086022377,4,2022-06-05,-0.5270208548095789,1.0998746468860787,-1.587610997929434
3,DOGE,negative,VET-USD,2022-02-22,2022-06-01,2022-06-01,87.38857796046122,-27.52299283653812,-29.00258516789568,4.386395623305073,-27.52299283653812,0.030548999086022377,5,2022-06-06,4.209636696689678,7.0444255118433,-0.5859384646020871
3,DOGE,negative,VET-USD,2022-02-22,2022-06-01,2022-06-01,87.38857796046122,-27.52299283653812,-29.00258516789568,4.386395623305073,-27.52299283653812,0.030548999086022377,6,2022-06-07,0.4550124752535911,4.19980794920074,-3.0475580287849358
3,DOGE,negative,VET-USD,2022-02-22,2022-06-01,2022-06-01,87.38857796046122,-27.52299283653812,-29.00258516789568,4.386395623305073,-27.52299283653812,0.030548999086022377,7,2022-06-08,-0.8118045452347622,2.252124567301883,-1.5777883476784105
3,DOGE,negative,VET-USD,2022-02-22,2022-06-01,2022-06-01,87.38857796046122,-27.52299283653812,-29.00258516789568,4.386395623305073,-27.52299283653812,0.030548999086022377,8,2022-06-09,4.386395623305073,8.150842494992183,-1.8724007855925207
3,DOGE,negative,VET-USD,2022-02-22,2022-06-01,2022-06-01,87.38857796046122,-27.52299283653812,-29.00258516789568,4.386395623305073,-27.52299283653812,0.030548999086022377,9,2022-06-10,-3.5025644068006345,5.829977667646746,-3.967393435067379
3,DOGE,negative,VET-USD,2022-02-22,2022-06-01,2022-06-01,87.38857796046122,-27.52299283653812,-29.00258516789568,4.386395623305073,-27.52299283653812,0.030548999086022377,10,2022-06-11,-9.82028452272864,-1.2831820070021926,-11.178761320512953
3,DOGE,negative,VET-USD,2022-02-22,2022-06-01,2022-06-01,87.38857796046122,-27.52299283653812,-29.00258516789568,4.386395623305073,-27.52299283653812,0.030548999086022377,11,2022-06-12,-15.339290863185362,-8.501092228710561,-15.522598223301465
3,DOGE,negative,VET-USD,2022-02-22,2022-06-01,2022-06-01,87.38857796046122,-27.52299283653812,-29.00258516789568,4.386395623305073,-27.52299283653812,0.030548999086022377,12,2022-06-13,-22.13493077714358,-14.589672047255542,-26.894495651419447
3,DOGE,negative,VET-USD,2022-02-22,2022-06-01,2022-06-01,87.38857796046122,-27.52299283653812,-29.00258516789568,4.386395623305073,-27.52299283653812,0.030548999086022377,13,2022-06-14,-21.509701711537353,-19.15938112791462,-27.80123419070051
3,DOGE,negative,VET-USD,2022-02-22,2022-06-01,2022-06-01,87.38857796046122,-27.52299283653812,-29.00258516789568,4.386395623305073,-27.52299283653812,0.030548999086022377,14,2022-06-15,-16.56354916315714,-16.56354916315714,-29.549245225969432
3,DOGE,negative,VET-USD,2022-02-22,2022-06-01,2022-06-01,87.38857796046122,-27.52299283653812,-29.00258516789568,4.386395623305073,-27.52299283653812,0.030548999086022377,15,2022-06-16,-25.742245731003642,-15.525872440051803,-26.97633277846436
3,DOGE,negative,VET-USD,2022-02-22,2022-06-01,2022-06-01,87.38857796046122,-27.52299283653812,-29.00258516789568,4.386395623305073,-27.52299283653812,0.030548999086022377,16,2022-06-17,-23.558867520983185,-21.83704412247912,-26.28563766956494
3,DOGE,negative,VET-USD,2022-02-22,2022-06-01,2022-06-01,87.38857796046122,-27.52299283653812,-29.00258516789568,4.386395623305073,-27.52299283653812,0.030548999086022377,17,2022-06-18,-29.002585167895678,-22.625941344937274,-34.14514194339336
3,DOGE,negative,VET-USD,2022-02-22,2022-06-01,2022-06-01,87.38857796046122,-27.52299283653812,-29.00258516789568,4.386395623305073,-27.52299283653812,0.030548999086022377,18,2022-06-19,-24.704569007898304,-24.069523389278945,-31.981402936637082
3,DOGE,negative,VET-USD,2022-02-22,2022-06-01,2022-06-01,87.38857796046122,-27.52299283653812,-29.00258516789568,4.386395623305073,-27.52299283653812,0.030548999086022377,19,2022-06-20,-22.622667128186926,-22.170934966921575,-27.94526314428827
3,DOGE,negative,VET-USD,2022-02-22,2022-06-01,2022-06-01,87.38857796046122,-27.52299283653812,-29.00258516789568,4.386395623305073,-27.52299283653812,0.030548999086022377,20,2022-06-21,-22.82235166929265,-18.039867277764365,-24.380500813706885
3,DOGE,negative,VET-USD,2022-02-22,2022-06-01,2022-06-01,87.38857796046122,-27.52299283653812,-29.00258516789568,4.386395623305073,-27.52299283653812,0.030548999086022377,21,2022-06-22,-25.51310543362062,-22.272411297230654,-25.938656055359022
3,DOGE,negative,VET-USD,2022-02-22,2022-06-01,2022-06-01,87.38857796046122,-27.52299283653812,-29.00258516789568,4.386395623305073,-27.52299283653812,0.030548999086022377,22,2022-06-23,-20.943402450199432,-20.730627139330238,-25.588394127164847
3,DOGE,negative,VET-USD,2022-02-22,2022-06-01,2022-06-01,87.38857796046122,-27.52299283653812,-29.00258516789568,4.386395623305073,-27.52299283653812,0.030548999086022377,23,2022-06-24,-16.707584213982805,-15.188713476096904,-21.51952436178839
3,DOGE,negative,VET-USD,2022-02-22,2022-06-01,2022-06-01,87.38857796046122,-27.52299283653812,-29.00258516789568,4.386395623305073,-27.52299283653812,0.030548999086022377,24,2022-06-25,-14.252506986062752,-13.804049041547739,-19.52927616213507
3,DOGE,negative,VET-USD,2022-02-22,2022-06-01,2022-06-01,87.38857796046122,-27.52299283653812,-29.00258516789568,4.386395623305073,-27.52299283653812,0.030548999086022377,25,2022-06-26,-20.458934218668535,-12.815473375221764,-20.50476105869756
3,DOGE,negative,VET-USD,2022-02-22,2022-06-01,2022-06-01,87.38857796046122,-27.52299283653812,-29.00258516789568,4.386395623305073,-27.52299283653812,0.030548999086022377,26,2022-06-27,-19.565286449150953,-16.655208940453093,-20.602963172256295
3,DOGE,negative,VET-USD,2022-02-22,2022-06-01,2022-06-01,87.38857796046122,-27.52299283653812,-29.00258516789568,4.386395623305073,-27.52299283653812,0.030548999086022377,27,2022-06-28,-23.29044881707183,-17.18877822876337,-23.59487780799907
3,DOGE,negative,VET-USD,2022-02-22,2022-06-01,2022-06-01,87.38857796046122,-27.52299283653812,-29.00258516789568,4.386395623305073,-27.52299283653812,0.030548999086022377,28,2022-06-29,-25.6800539044608,-22.370613410789396,-26.534417170212144
3,DOGE,negative,VET-USD,2022-02-22,2022-06-01,2022-06-01,87.38857796046122,-27.52299283653812,-29.00258516789568,4.386395623305073,-27.52299283653812,0.030548999086022377,29,2022-06-30,-25.585126007652402,-25.051556719342127,-30.259579538133007
3,DOGE,negative,VET-USD,2022-02-22,2022-06-01,2022-06-01,87.38857796046122,-27.52299283653812,-29.00258516789568,4.386395623305073,-27.52299283653812,0.030548999086022377,30,2022-07-01,-27.52299283653812,-24.29866368666197,-28.583582979657972
4,DOGE,negative,QTUM-USD,2022-02-20,2022-05-30,2022-05-30,87.30379332563568,-31.6492289314374,-37.87436814952592,0.0,-31.6492289314374,4.1641621589660645,0,2022-05-30,0.0,0.6279485544346652,-7.5306419496612875
4,DOGE,negative,QTUM-USD,2022-02-20,2022-05-30,2022-05-30,87.30379332563568,-31.6492289314374,-37.87436814952592,0.0,-31.6492289314374,4.1641621589660645,1,2022-05-31,-0.13928965710170438,1.720726527706029,-3.432704510687823
4,DOGE,negative,QTUM-USD,2022-02-20,2022-05-30,2022-05-30,87.30379332563568,-31.6492289314374,-37.87436814952592,0.0,-31.6492289314374,4.1641621589660645,2,2022-06-01,-7.340326748984671,2.79450733383404,-9.143523196983905
4,DOGE,negative,QTUM-USD,2022-02-20,2022-05-30,2022-05-30,87.30379332563568,-31.6492289314374,-37.87436814952592,0.0,-31.6492289314374,4.1641621589660645,3,2022-06-02,-4.688149306053758,-4.181586809667969,-8.129802753524295
4,DOGE,negative,QTUM-USD,2022-02-20,2022-05-30,2022-05-30,87.30379332563568,-31.6492289314374,-37.87436814952592,0.0,-31.6492289314374,4.1641621589660645,4,2022-06-03,-8.035257780336181,-4.3616991918245525,-9.679932659107571
4,DOGE,negative,QTUM-USD,2022-02-20,2022-05-30,2022-05-30,87.30379332563568,-31.6492289314374,-37.87436814952592,0.0,-31.6492289314374,4.1641621589660645,5,2022-06-04,-7.267830627716099,-6.659062456021103,-9.93593065106464
4,DOGE,negative,QTUM-USD,2022-02-20,2022-05-30,2022-05-30,87.30379332563568,-31.6492289314374,-37.87436814952592,0.0,-31.6492289314374,4.1641621589660645,6,2022-06-05,-7.040316935499291,-5.425803924271955,-8.571861909030943
4,DOGE,negative,QTUM-USD,2022-02-20,2022-05-30,2022-05-30,87.30379332563568,-31.6492289314374,-37.87436814952592,0.0,-31.6492289314374,4.1641621589660645,7,2022-06-06,-2.7841900055663227,1.6724835710002273,-7.054435987390639
4,DOGE,negative,QTUM-USD,2022-02-20,2022-05-30,2022-05-30,87.30379332563568,-31.6492289314374,-37.87436814952592,0.0,-31.6492289314374,4.1641621589660645,8,2022-06-07,-4.519018408701547,-2.545505887461419,-8.983661863707981
4,DOGE,negative,QTUM-USD,2022-02-20,2022-05-30,2022-05-30,87.30379332563568,-31.6492289314374,-37.87436814952592,0.0,-31.6492289314374,4.1641621589660645,9,2022-06-08,-5.700163554272642,-3.369300463386593,-6.97312261554921
4,DOGE,negative,QTUM-USD,2022-02-20,2022-05-30,2022-05-30,87.30379332563568,-31.6492289314374,-37.87436814952592,0.0,-31.6492289314374,4.1641621589660645,10,2022-06-09,-6.27146986200774,-3.7793255169742968,-6.667009432511451
4,DOGE,negative,QTUM-USD,2022-02-20,2022-05-30,2022-05-30,87.30379332563568,-31.6492289314374,-37.87436814952592,0.0,-31.6492289314374,4.1641621589660645,11,2022-06-10,-12.22536984072038,-5.311420137294897,-12.447524476744842
4,DOGE,negative,QTUM-USD,2022-02-20,2022-05-30,2022-05-30,87.30379332563568,-31.6492289314374,-37.87436814952592,0.0,-31.6492289314374,4.1641621589660645,12,2022-06-11,-19.08852302006634,-10.498345276890863,-19.894786153618714
4,DOGE,negative,QTUM-USD,2022-02-20,2022-05-30,2022-05-30,87.30379332563568,-31.6492289314374,-37.87436814952592,0.0,-31.6492289314374,4.1641621589660645,13,2022-06-12,-25.33756042249975,-18.413362096655163,-25.48885070116036
4,DOGE,negative,QTUM-USD,2022-02-20,2022-05-30,2022-05-30,87.30379332563568,-31.6492289314374,-37.87436814952592,0.0,-31.6492289314374,4.1641621589660645,14,2022-06-13,-33.369360008455395,-25.164536193725763,-36.52007281445837
4,DOGE,negative,QTUM-USD,2022-02-20,2022-05-30,2022-05-30,87.30379332563568,-31.6492289314374,-37.87436814952592,0.0,-31.6492289314374,4.1641621589660645,15,2022-06-14,-33.382780550885784,-31.97539277129735,-39.632012619890276
4,DOGE,negative,QTUM-USD,2022-02-20,2022-05-30,2022-05-30,87.30379332563568,-31.6492289314374,-37.87436814952592,0.0,-31.6492289314374,4.1641621589660645,16,2022-06-15,-28.86554849424835,-28.864271710561496,-40.32907925803638
4,DOGE,negative,QTUM-USD,2022-02-20,2022-05-30,2022-05-30,87.30379332563568,-31.6492289314374,-37.87436814952592,0.0,-31.6492289314374,4.1641621589660645,17,2022-06-16,-36.45968037352164,-27.868632356263646,-37.5429712141961
4,DOGE,negative,QTUM-USD,2022-02-20,2022-05-30,2022-05-30,87.30379332563568,-31.6492289314374,-37.87436814952592,0.0,-31.6492289314374,4.1641621589660645,18,2022-06-17,-34.06229284470955,-32.96723612745897,-36.65008718199642
4,DOGE,negative,QTUM-USD,2022-02-20,2022-05-30,2022-05-30,87.30379332563568,-31.6492289314374,-37.87436814952592,0.0,-31.6492289314374,4.1641621589660645,19,2022-06-18,-37.874368149525914,-33.20862840109696,-42.15878471262805
4,DOGE,negative,QTUM-USD,2022-02-20,2022-05-30,2022-05-30,87.30379332563568,-31.6492289314374,-37.87436814952592,0.0,-31.6492289314374,4.1641621589660645,20,2022-06-19,-34.01964368917886,-33.163963874006754,-40.18040552711069
4,DOGE,negative,QTUM-USD,2022-02-20,2022-05-30,2022-05-30,87.30379332563568,-31.6492289314374,-37.87436814952592,0.0,-31.6492289314374,4.1641621589660645,21,2022-06-20,-32.98452709936159,-31.958319367915355,-36.39092299551545
4,DOGE,negative,QTUM-USD,2022-02-20,2022-05-30,2022-05-30,87.30379332563568,-31.6492289314374,-37.87436814952592,0.0,-31.6492289314374,4.1641621589660645,22,2022-06-21,-32.14037269029545,-29.046828875831466,-33.947336508994
4,DOGE,negative,QTUM-USD,2022-02-20,2022-05-30,2022-05-30,87.30379332563568,-31.6492289314374,-37.87436814952592,0.0,-31.6492289314374,4.1641621589660645,23,2022-06-22,-34.13330606474542,-31.86478208050699,-35.05303118180587
4,DOGE,negative,QTUM-USD,2022-02-20,2022-05-30,2022-05-30,87.30379332563568,-31.6492289314374,-37.87436814952592,0.0,-31.6492289314374,4.1641621589660645,24,2022-06-23,-29.015441753987027,-28.6618299276035,-34.17561741652039
4,DOGE,negative,QTUM-USD,2022-02-20,2022-05-30,2022-05-30,87.30379332563568,-31.6492289314374,-37.87436814952592,0.0,-31.6492289314374,4.1641621589660645,25,2022-06-24,-25.249714269552047,-24.154657552301472,-29.10386618116061
4,DOGE,negative,QTUM-USD,2022-02-20,2022-05-30,2022-05-30,87.30379332563568,-31.6492289314374,-37.87436814952592,0.0,-31.6492289314374,4.1641621589660645,26,2022-06-25,-24.480340451221082,-23.102152657296028,-28.54958747290842
4,DOGE,negative,QTUM-USD,2022-02-20,2022-05-30,2022-05-30,87.30379332563568,-31.6492289314374,-37.87436814952592,0.0,-31.6492289314374,4.1641621589660645,27,2022-06-26,-29.056917184603805,-22.898823423793356,-29.056917184603805
4,DOGE,negative,QTUM-USD,2022-02-20,2022-05-30,2022-05-30,87.30379332563568,-31.6492289314374,-37.87436814952592,0.0,-31.6492289314374,4.1641621589660645,28,2022-06-27,-27.974347755339846,-24.893245424963418,-29.053962833113147
4,DOGE,negative,QTUM-USD,2022-02-20,2022-05-30,2022-05-30,87.30379332563568,-31.6492289314374,-37.87436814952592,0.0,-31.6492289314374,4.1641621589660645,29,2022-06-28,-30.602896111832965,-25.497856892816927,-30.811578676040586
4,DOGE,negative,QTUM-USD,2022-02-20,2022-05-30,2022-05-30,87.30379332563568,-31.6492289314374,-37.87436814952592,0.0,-31.6492289314374,4.1641621589660645,30,2022-06-29,-31.6492289314374,-29.120722016021972,-32.58701796119745
5,DOGE,negative,ZEC-USD,2019-05-17,2019-08-24,2019-08-24,87.28276302542953,-11.706969251824184,-11.706969251824184,5.150438502850885,-11.706969251824184,50.22536087036133,0,2019-08-24,0.0,2.549832424154519,-2.1772973483696223
5,DOGE,negative,ZEC-USD,2019-05-17,2019-08-24,2019-08-24,87.28276302542953,-11.706969251824184,-11.706969251824184,5.150438502850885,-11.706969251824184,50.22536087036133,1,2019-08-25,-0.29416819956012974,1.4444705971171645,-0.9649652669467601
5,DOGE,negative,ZEC-USD,2019-05-17,2019-08-24,2019-08-24,87.28276302542953,-11.706969251824184,-11.706969251824184,5.150438502850885,-11.706969251824184,50.22536087036133,2,2019-08-26,2.7265946174457767,5.494271463375711,-0.06638171139798921
5,DOGE,negative,ZEC-USD,2019-05-17,2019-08-24,2019-08-24,87.28276302542953,-11.706969251824184,-11.706969251824184,5.150438502850885,-11.706969251824184,50.22536087036133,3,2019-08-27,0.41834149471411397,2.800746179045155,-0.3747604581006425
5,DOGE,negative,ZEC-USD,2019-05-17,2019-08-24,2019-08-24,87.28276302542953,-11.706969251824184,-11.706969251824184,5.150438502850885,-11.706969251824184,50.22536087036133,4,2019-08-28,-7.423883000486775,0.5273548475396739,-7.6479554546816875
5,DOGE,negative,ZEC-USD,2019-05-17,2019-08-24,2019-08-24,87.28276302542953,-11.706969251824184,-11.706969251824184,5.150438502850885,-11.706969251824184,50.22536087036133,5,2019-08-29,-10.49049021222932,-6.808462255503212,-11.87921991919204
5,DOGE,negative,ZEC-USD,2019-05-17,2019-08-24,2019-08-24,87.28276302542953,-11.706969251824184,-11.706969251824184,5.150438502850885,-11.706969251824184,50.22536087036133,6,2019-08-30,-11.135402969267627,-9.766595370885788,-12.706386171276819
5,DOGE,negative,ZEC-USD,2019-05-17,2019-08-24,2019-08-24,87.28276302542953,-11.706969251824184,-11.706969251824184,5.150438502850885,-11.706969251824184,50.22536087036133,7,2019-08-31,-10.861931584760065,-9.7779653276321,-11.86018644450515
5,DOGE,negative,ZEC-USD,2019-05-17,2019-08-24,2019-08-24,87.28276302542953,-11.706969251824184,-11.706969251824184,5.150438502850885,-11.706969251824184,50.22536087036133,8,2019-09-01,-9.390027264351186,-8.456832557905326,-11.049402955748233
5,DOGE,negative,ZEC-USD,2019-05-17,2019-08-24,2019-08-24,87.28276302542953,-11.706969251824184,-11.706969251824184,5.150438502850885,-11.706969251824184,50.22536087036133,9,2019-09-02,-6.673541806844863,-5.522472297977632,-10.744495197845227
5,DOGE,negative,ZEC-USD,2019-05-17,2019-08-24,2019-08-24,87.28276302542953,-11.706969251824184,-11.706969251824184,5.150438502850885,-11.706969251824184,50.22536087036133,10,2019-09-03,-8.956882799898558,-6.2227006161270975,-9.309495767102572
5,DOGE,negative,ZEC-USD,2019-05-17,2019-08-24,2019-08-24,87.28276302542953,-11.706969251824184,-11.706969251824184,5.150438502850885,-11.706969251824184,50.22536087036133,11,2019-09-04,-10.449529506328936,-8.258682389866168,-10.820651882077215
5,DOGE,negative,ZEC-USD,2019-05-17,2019-08-24,2019-08-24,87.28276302542953,-11.706969251824184,-11.706969251824184,5.150438502850885,-11.706969251824184,50.22536087036133,12,2019-09-05,-10.602116300606468,-9.53914306982908,-11.097472732800629
5,DOGE,negative,ZEC-USD,2019-05-17,2019-08-24,2019-08-24,87.28276302542953,-11.706969251824184,-11.706969251824184,5.150438502850885,-11.706969251824184,50.22536087036133,13,2019-09-06,-8.317962625273644,-6.6752962891484025,-11.30762325598953
5,DOGE,negative,ZEC-USD,2019-05-17,2019-08-24,2019-08-24,87.28276302542953,-11.706969251824184,-11.706969251824184,5.150438502850885,-11.706969251824184,50.22536087036133,14,2019-09-07,-6.028621454645078,-5.5460780598798,-9.981416918389307
5,DOGE,negative,ZEC-USD,2019-05-17,2019-08-24,2019-08-24,87.28276302542953,-11.706969251824184,-11.706969251824184,5.150438502850885,-11.706969251824184,50.22536087036133,15,2019-09-08,-3.501658061728463,-2.858666880546412,-6.161384877441057
5,DOGE,negative,ZEC-USD,2019-05-17,2019-08-24,2019-08-24,87.28276302542953,-11.706969251824184,-11.706969251824184,5.150438502850885,-11.706969251824184,50.22536087036133,16,2019-09-09,-5.7670668785109065,-3.14372848148341,-9.092798214711717
5,DOGE,negative,ZEC-USD,2019-05-17,2019-08-24,2019-08-24,87.28276302542953,-11.706969251824184,-11.706969251824184,5.150438502850885,-11.706969251824184,50.22536087036133,17,2019-09-10,-10.236644725004652,-5.226504045145031,-10.901563137400194
5,DOGE,negative,ZEC-USD,2019-05-17,2019-08-24,2019-08-24,87.28276302542953,-11.706969251824184,-11.706969251824184,5.150438502850885,-11.706969251824184,50.22536087036133,18,2019-09-11,-11.173150921858932,-9.366383526641586,-11.578451524299538
5,DOGE,negative,ZEC-USD,2019-05-17,2019-08-24,2019-08-24,87.28276302542953,-11.706969251824184,-11.706969251824184,5.150438502850885,-11.706969251824184,50.22536087036133,19,2019-09-12,-10.730641623292602,-10.62219031241709,-12.552242368894406
5,DOGE,negative,ZEC-USD,2019-05-17,2019-08-24,2019-08-24,87.28276302542953,-11.706969251824184,-11.706969251824184,5.150438502850885,-11.706969251824184,50.22536087036133,20,2019-09-13,-11.07506700641343,-10.38449213851418,-12.512193082372491
5,DOGE,negative,ZEC-USD,2019-05-17,2019-08-24,2019-08-24,87.28276302542953,-11.706969251824184,-11.706969251824184,5.150438502850885,-11.706969251824184,50.22536087036133,21,2019-09-14,-7.920515419810781,-6.512273742987484,-11.404894489155893
5,DOGE,negative,ZEC-USD,2019-05-17,2019-08-24,2019-08-24,87.28276302542953,-11.706969251824184,-11.706969251824184,5.150438502850885,-11.706969251824184,50.22536087036133,22,2019-09-15,-6.706611139960062,-4.797445777572507,-8.878979228524509
5,DOGE,negative,ZEC-USD,2019-05-17,2019-08-24,2019-08-24,87.28276302542953,-11.706969251824184,-11.706969251824184,5.150438502850885,-11.706969251824184,50.22536087036133,23,2019-09-16,-3.1960971199375465,-0.5422413640545409,-6.773706796537848
5,DOGE,negative,ZEC-USD,2019-05-17,2019-08-24,2019-08-24,87.28276302542953,-11.706969251824184,-11.706969251824184,5.150438502850885,-11.706969251824184,50.22536087036133,24,2019-09-17,1.285845649457329,2.521867039558723,-4.53091637066424
5,DOGE,negative,ZEC-USD,2019-05-17,2019-08-24,2019-08-24,87.28276302542953,-11.706969251824184,-11.706969251824184,5.150438502850885,-11.706969251824184,50.22536087036133,25,2019-09-18,5.150438502850885,6.805067218318439,0.24053876429912524
5,DOGE,negative,ZEC-USD,2019-05-17,2019-08-24,2019-08-24,87.28276302542953,-11.706969251824184,-11.706969251824184,5.150438502850885,-11.706969251824184,50.22536087036133,26,2019-09-19,2.6221459566740046,5.780821715964191,-3.2782387914214506
5,DOGE,negative,ZEC-USD,2019-05-17,2019-08-24,2019-08-24,87.28276302542953,-11.706969251824184,-11.706969251824184,5.150438502850885,-11.706969251824184,50.22536087036133,27,2019-09-20,-2.633865290848736,2.45649548463851,-3.711345280066647
5,DOGE,negative,ZEC-USD,2019-05-17,2019-08-24,2019-08-24,87.28276302542953,-11.706969251824184,-11.706969251824184,5.150438502850885,-11.706969251824184,50.22536087036133,28,2019-09-21,-4.6220583085104465,-1.431794272595055,-5.136174789577952
5,DOGE,negative,ZEC-USD,2019-05-17,2019-08-24,2019-08-24,87.28276302542953,-11.706969251824184,-11.706969251824184,5.150438502850885,-11.706969251824184,50.22536087036133,29,2019-09-22,-7.872832995994239,-4.378800476398914,-8.71951121793959
5,DOGE,negative,ZEC-USD,2019-05-17,2019-08-24,2019-08-24,87.28276302542953,-11.706969251824184,-11.706969251824184,5.150438502850885,-11.706969251824184,50.22536087036133,30,2019-09-23,-11.706969251824184,-7.65159353703404,-12.655445423182265
6,DOGE,negative,1INCH-USD,2022-02-22,2022-06-01,2022-06-01,86.51128030662211,-31.616479532700737,-42.19418518251301,0.0,-31.616479532700737,0.9541860222816467,0,2022-06-01,0.0,4.002152594998254,-0.9737087943750167
6,DOGE,negative,1INCH-USD,2022-02-22,2022-06-01,2022-06-01,86.51128030662211,-31.616479532700737,-42.19418518251301,0.0,-31.616479532700737,0.9541860222816467,1,2022-06-02,-2.322191499123749,-0.02987147208826091,-5.285870050351105
6,DOGE,negative,1INCH-USD,2022-02-22,2022-06-01,2022-06-01,86.51128030662211,-31.616479532700737,-42.19418518251301,0.0,-31.616479532700737,0.9541860222816467,2,2022-06-03,-8.458730112623947,-2.29483742629345,-9.705448670197892
6,DOGE,negative,1INCH-USD,2022-02-22,2022-06-01,2022-06-01,86.51128030662211,-31.616479532700737,-42.19418518251301,0.0,-31.616479532700737,0.9541860222816467,3,2022-06-04,-8.989232964687389,-7.7878963068878315,-10.434757350509116
6,DOGE,negative,1INCH-USD,2022-02-22,2022-06-01,2022-06-01,86.51128030662211,-31.616479532700737,-42.19418518251301,0.0,-31.616479532700737,0.9541860222816467,4,2022-06-05,-9.941771868032056,-8.845029089079393,-10.660398779779722
6,DOGE,negative,1INCH-USD,2022-02-22,2022-06-01,2022-06-01,86.51128030662211,-31.616479532700737,-42.19418518251301,0.0,-31.616479532700737,0.9541860222816467,5,2022-06-06,-8.256151308813365,-6.0621347858039965,-10.089542579809518
6,DOGE,negative,1INCH-USD,2022-02-22,2022-06-01,2022-06-01,86.51128030662211,-31.616479532700737,-42.19418518251301,0.0,-31.616479532700737,0.9541860222816467,6,2022-06-07,-11.228000475994603,-8.239903776629854,-13.950321030871871
6,DOGE,negative,1INCH-USD,2022-02-22,2022-06-01,2022-06-01,86.51128030662211,-31.616479532700737,-42.19418518251301,0.0,-31.616479532700737,0.9541860222816467,7,2022-06-08,-14.132679434191086,-11.233872325380412,-14.943837946951588
6,DOGE,negative,1INCH-USD,2022-02-22,2022-06-01,2022-06-01,86.51128030662211,-31.616479532700737,-42.19418518251301,0.0,-31.616479532700737,0.9541860222816467,8,2022-06-09,-15.926872987212803,-13.82068433905932,-16.113422891529762
6,DOGE,negative,1INCH-USD,2022-02-22,2022-06-01,2022-06-01,86.51128030662211,-31.616479532700737,-42.19418518251301,0.0,-31.616479532700737,0.9541860222816467,9,2022-06-10,-20.49233583105565,-15.833391895660986,-21.335777022141556
6,DOGE,negative,1INCH-USD,2022-02-22,2022-06-01,2022-06-01,86.51128030662211,-31.616479532700737,-42.19418518251301,0.0,-31.616479532700737,0.9541860222816467,10,2022-06-11,-27.127207057962966,-19.215964434083332,-27.148795474428255
6,DOGE,negative,1INCH-USD,2022-02-22,2022-06-01,2022-06-01,86.51128030662211,-31.616479532700737,-42.19418518251301,0.0,-31.616479532700737,0.9541860222816467,11,2022-06-12,-31.33833502461335,-25.229675202399214,-31.35070338821326
6,DOGE,negative,1INCH-USD,2022-02-22,2022-06-01,2022-06-01,86.51128030662211,-31.616479532700737,-42.19418518251301,0.0,-31.616479532700737,0.9541860222816467,12,2022-06-13,-37.32144346299189,-30.787605525410267,-40.14877642215099
6,DOGE,negative,1INCH-USD,2022-02-22,2022-06-01,2022-06-01,86.51128030662211,-31.616479532700737,-42.19418518251301,0.0,-31.616479532700737,0.9541860222816467,13,2022-06-14,-37.780896937486986,-36.79775570420496,-41.801914410299226
6,DOGE,negative,1INCH-USD,2022-02-22,2022-06-01,2022-06-01,86.51128030662211,-31.616479532700737,-42.19418518251301,0.0,-31.616479532700737,0.9541860222816467,14,2022-06-15,-34.05321582138584,-34.04776874408325,-43.48366204758259
6,DOGE,negative,1INCH-USD,2022-02-22,2022-06-01,2022-06-01,86.51128030662211,-31.616479532700737,-42.19418518251301,0.0,-31.616479532700737,0.9541860222816467,15,2022-06-16,-39.501417520661576,-33.531514496752834,-39.851773282897895
6,DOGE,negative,1INCH-USD,2022-02-22,2022-06-01,2022-06-01,86.51128030662211,-31.616479532700737,-42.19418518251301,0.0,-31.616479532700737,0.9541860222816467,16,2022-06-17,-38.15734494960048,-37.1149854905977,-39.55811834712437
6,DOGE,negative,1INCH-USD,2022-02-22,2022-06-01,2022-06-01,86.51128030662211,-31.616479532700737,-42.19418518251301,0.0,-31.616479532700737,0.9541860222816467,17,2022-06-18,-42.19418518251301,-37.28308904253561,-45.73752146114101
6,DOGE,negative,1INCH-USD,2022-02-22,2022-06-01,2022-06-01,86.51128030662211,-31.616479532700737,-42.19418518251301,0.0,-31.616479532700737,0.9541860222816467,18,2022-06-19,-39.25062708540449,-38.80344202813678,-44.369755353143326
6,DOGE,negative,1INCH-USD,2022-02-22,2022-06-01,2022-06-01,86.51128030662211,-31.616479532700737,-42.19418518251301,0.0,-31.616479532700737,0.9541860222816467,19,2022-06-20,-28.176269170573164,-24.701895888987067,-41.2007744594541
6,DOGE,negative,1INCH-USD,2022-02-22,2022-06-01,2022-06-01,86.51128030662211,-31.616479532700737,-42.19418518251301,0.0,-31.616479532700737,0.9541860222816467,20,2022-06-21,-27.822671397878075,-24.125380225672664,-30.547190772950895
6,DOGE,negative,1INCH-USD,2022-02-22,2022-06-01,2022-06-01,86.51128030662211,-31.616479532700737,-42.19418518251301,0.0,-31.616479532700737,0.9541860222816467,21,2022-06-22,-28.135397350858927,-22.443632588389296,-31.725889577373646
6,DOGE,negative,1INCH-USD,2022-02-22,2022-06-01,2022-06-01,86.51128030662211,-31.616479532700737,-42.19418518251301,0.0,-31.616479532700737,0.9541860222816467,22,2022-06-23,-25.302404928355628,-25.19949139789681,-29.43639928201025
6,DOGE,negative,1INCH-USD,2022-02-22,2022-06-01,2022-06-01,86.51128030662211,-31.616479532700737,-42.19418518251301,0.0,-31.616479532700737,0.9541860222816467,23,2022-06-24,-20.58865290092785,-18.54754183458438,-26.79781504736365
6,DOGE,negative,1INCH-USD,2022-02-22,2022-06-01,2022-06-01,86.51128030662211,-31.616479532700737,-42.19418518251301,0.0,-31.616479532700737,0.9541860222816467,24,2022-06-25,-23.703244228018903,-19.89297617497112,-26.41487052103606
6,DOGE,negative,1INCH-USD,2022-02-22,2022-06-01,2022-06-01,86.51128030662211,-31.616479532700737,-42.19418518251301,0.0,-31.616479532700737,0.9541860222816467,25,2022-06-26,-27.367097091966595,-17.932565557792902,-27.367097091966595
6,DOGE,negative,1INCH-USD,2022-02-22,2022-06-01,2022-06-01,86.51128030662211,-31.616479532700737,-42.19418518251301,0.0,-31.616479532700737,0.9541860222816467,26,2022-06-27,-29.61351674742021,-24.268434717996623,-31.620358701284346
6,DOGE,negative,1INCH-USD,2022-02-22,2022-06-01,2022-06-01,86.51128030662211,-31.616479532700737,-42.19418518251301,0.0,-31.616479532700737,0.9541860222816467,27,2022-06-28,-22.410831438256405,-15.938929018398563,-32.220867740652906
6,DOGE,negative,1INCH-USD,2022-02-22,2022-06-01,2022-06-01,86.51128030662211,-31.616479532700737,-42.19418518251301,0.0,-31.616479532700737,0.9541860222816467,28,2022-06-29,-25.954480049298546,-18.82368741522127,-26.55666943705518
6,DOGE,negative,1INCH-USD,2022-02-22,2022-06-01,2022-06-01,86.51128030662211,-31.616479532700737,-42.19418518251301,0.0,-31.616479532700737,0.9541860222816467,29,2022-06-30,-27.13622097143501,-21.663807263415226,-30.607033663499926
6,DOGE,negative,1INCH-USD,2022-02-22,2022-06-01,2022-06-01,86.51128030662211,-31.616479532700737,-42.19418518251301,0.0,-31.616479532700737,0.9541860222816467,30,2022-07-01,-31.616479532700737,-25.521862175826282,-31.86485876172066
7,DOGE,negative,OMG-USD,2022-02-20,2022-05-30,2022-05-30,86.48643991114449,-32.456419774523525,-37.50489716515811,0.0,-32.456419774523525,2.754354953765869,0,2022-05-30,0.0,0.9225367583856947,-7.02759430299772
7,DOGE,negative,OMG-USD,2022-02-20,2022-05-30,2022-05-30,86.48643991114449,-32.456419774523525,-37.50489716515811,0.0,-32.456419774523525,2.754354953765869,1,2022-05-31,-0.209372745637737,2.837984031649321,-4.355607507295756
7,DOGE,negative,OMG-USD,2022-02-20,2022-05-30,2022-05-30,86.48643991114449,-32.456419774523525,-37.50489716515811,0.0,-32.456419774523525,2.754354953765869,2,2022-06-01,-9.409784912524465,3.3923007128610516,-10.00989214377852
7,DOGE,negative,OMG-USD,2022-02-20,2022-05-30,2022-05-30,86.48643991114449,-32.456419774523525,-37.50489716515811,0.0,-32.456419774523525,2.754354953765869,3,2022-06-02,-7.3327117129110775,-6.919696532434861,-12.18651867345556
7,DOGE,negative,OMG-USD,2022-02-20,2022-05-30,2022-05-30,86.48643991114449,-32.456419774523525,-37.50489716515811,0.0,-32.456419774523525,2.754354953765869,4,2022-06-03,-12.086497916227012,-7.3343130837537736,-13.368823750701353
7,DOGE,negative,OMG-USD,2022-02-20,2022-05-30,2022-05-30,86.48643991114449,-32.456419774523525,-37.50489716515811,0.0,-32.456419774523525,2.754354953765869,5,2022-06-04,-11.759593206794449,-11.10027853465393,-14.143203409933102
7,DOGE,negative,OMG-USD,2022-02-20,2022-05-30,2022-05-30,86.48643991114449,-32.456419774523525,-37.50489716515811,0.0,-32.456419774523525,2.754354953765869,6,2022-06-05,-9.99199141457483,-9.128012892679937,-13.05303342052293
7,DOGE,negative,OMG-USD,2022-02-20,2022-05-30,2022-05-30,86.48643991114449,-32.456419774523525,-37.50489716515811,0.0,-32.456419774523525,2.754354953765869,7,2022-06-06,-6.657816135274119,-1.7680345951500809,-10.067186595712375
7,DOGE,negative,OMG-USD,2022-02-20,2022-05-30,2022-05-30,86.48643991114449,-32.456419774523525,-37.50489716515811,0.0,-32.456419774523525,2.754354953765869,8,2022-06-07,-4.32707713812005,-1.6085034349837324,-12.367283145390108
7,DOGE,negative,OMG-USD,2022-02-20,2022-05-30,2022-05-30,86.48643991114449,-32.456419774523525,-37.50489716515811,0.0,-32.456419774523525,2.754354953765869,9,2022-06-08,-4.301256115289009,-0.7025603409517633,-6.59751803100288
7,DOGE,negative,OMG-USD,2022-02-20,2022-05-30,2022-05-30,86.48643991114449,-32.456419774523525,-37.50489716515811,0.0,-32.456419774523525,2.754354953765869,10,2022-06-09,-1.2410537470259997,1.527621223339981,-6.028338897159269
7,DOGE,negative,OMG-USD,2022-02-20,2022-05-30,2022-05-30,86.48643991114449,-32.456419774523525,-37.50489716515811,0.0,-32.456419774523525,2.754354953765869,11,2022-06-10,-9.486650712973576,-1.0947403883557971,-9.666618827516082
7,DOGE,negative,OMG-USD,2022-02-20,2022-05-30,2022-05-30,86.48643991114449,-32.456419774523525,-37.50489716515811,0.0,-32.456419774523525,2.754354953765869,12,2022-06-11,-17.176978831262424,-6.815642051894455,-17.66254043894181
7,DOGE,negative,OMG-USD,2022-02-20,2022-05-30,2022-05-30,86.48643991114449,-32.456419774523525,-37.50489716515811,0.0,-32.456419774523525,2.754354953765869,13,2022-06-12,-21.42606488131419,-15.706253881160281,-22.193978464764907
7,DOGE,negative,OMG-USD,2022-02-20,2022-05-30,2022-05-30,86.48643991114449,-32.456419774523525,-37.50489716515811,0.0,-32.456419774523525,2.754354953765869,14,2022-06-13,-30.957519353648642,-21.48746230502877,-32.13427156929668
7,DOGE,negative,OMG-USD,2022-02-20,2022-05-30,2022-05-30,86.48643991114449,-32.456419774523525,-37.50489716515811,0.0,-32.456419774523525,2.754354953765869,15,2022-06-14,-29.87047852942567,-29.03180599487457,-35.9233270565367
7,DOGE,negative,OMG-USD,2022-02-20,2022-05-30,2022-05-30,86.48643991114449,-32.456419774523525,-37.50489716515811,0.0,-32.456419774523525,2.754354953765869,16,2022-06-15,-26.655172574974884,-26.654765740220256,-36.78127663361034
7,DOGE,negative,OMG-USD,2022-02-20,2022-05-30,2022-05-30,86.48643991114449,-32.456419774523525,-37.50489716515811,0.0,-32.456419774523525,2.754354953765869,17,2022-06-16,-34.7035845258064,-25.54685083066135,-35.772767901118726
7,DOGE,negative,OMG-USD,2022-02-20,2022-05-30,2022-05-30,86.48643991114449,-32.456419774523525,-37.50489716515811,0.0,-32.456419774523525,2.754354953765869,18,2022-06-17,-32.56729522924792,-31.189661861457708,-34.74431993762098
7,DOGE,negative,OMG-USD,2022-02-20,2022-05-30,2022-05-30,86.48643991114449,-32.456419774523525,-37.50489716515811,0.0,-32.456419774523525,2.754354953765869,19,2022-06-18,-37.50489716515811,-31.398965358626562,-41.71971387917631
7,DOGE,negative,OMG-USD,2022-02-20,2022-05-30,2022-05-30,86.48643991114449,-32.456419774523525,-37.50489716515811,0.0,-32.456419774523525,2.754354953765869,20,2022-06-19,-34.12043884139694,-33.073003813340065,-40.503637189266975
7,DOGE,negative,OMG-USD,2022-02-20,2022-05-30,2022-05-30,86.48643991114449,-32.456419774523525,-37.50489716515811,0.0,-32.456419774523525,2.754354953765869,21,2022-06-20,-31.999795370774475,-31.27900969842119,-36.894844122562176
7,DOGE,negative,OMG-USD,2022-02-20,2022-05-30,2022-05-30,86.48643991114449,-32.456419774523525,-37.50489716515811,0.0,-32.456419774523525,2.754354953765869,22,2022-06-21,-31.877844489059694,-28.619729996757435,-33.45019156723308
7,DOGE,negative,OMG-USD,2022-02-20,2022-05-30,2022-05-30,86.48643991114449,-32.456419774523525,-37.50489716515811,0.0,-32.456419774523525,2.754354953765869,23,2022-06-22,-34.570341815636,-31.62562425330674,-35.25504037964781
7,DOGE,negative,OMG-USD,2022-02-20,2022-05-30,2022-05-30,86.48643991114449,-32.456419774523525,-37.50489716515811,0.0,-32.456419774523525,2.754354953765869,24,2022-06-23,-30.68406147809818,-30.49210905041133,-34.60599612104701
7,DOGE,negative,OMG-USD,2022-02-20,2022-05-30,2022-05-30,86.48643991114449,-32.456419774523525,-37.50489716515811,0.0,-32.456419774523525,2.754354953765869,25,2022-06-24,-26.89199368246219,-25.882610688051056,-30.732167523818443
7,DOGE,negative,OMG-USD,2022-02-20,2022-05-30,2022-05-30,86.48643991114449,-32.456419774523525,-37.50489716515811,0.0,-32.456419774523525,2.754354953765869,26,2022-06-25,-25.98408566312593,-24.070135888001676,-29.48806251613273
7,DOGE,negative,OMG-USD,2022-02-20,2022-05-30,2022-05-30,86.48643991114449,-32.456419774523525,-37.50489716515811,0.0,-32.456419774523525,2.754354953765869,27,2022-06-26,-31.1057933095938,-24.509370270004972,-31.1057933095938
7,DOGE,negative,OMG-USD,2022-02-20,2022-05-30,2022-05-30,86.48643991114449,-32.456419774523525,-37.50489716515811,0.0,-32.456419774523525,2.754354953765869,28,2022-06-27,-27.82691293268824,-26.025946362559704,-31.082305094557917
7,DOGE,negative,OMG-USD,2022-02-20,2022-05-30,2022-05-30,86.48643991114449,-32.456419774523525,-37.50489716515811,0.0,-32.456419774523525,2.754354953765869,29,2022-06-28,-32.61416778661639,-25.60014618351779,-32.80201724252251
7,DOGE,negative,OMG-USD,2022-02-20,2022-05-30,2022-05-30,86.48643991114449,-32.456419774523525,-37.50489716515811,0.0,-32.456419774523525,2.754354953765869,30,2022-06-29,-32.456419774523525,-31.157894126362184,-33.898679275889535
8,DOGE,negative,CHZ-USD,2022-02-24,2022-06-03,2022-06-03,86.12832318398202,-19.168771449755027,-28.70965917342485,5.971575109494065,-19.168771449755027,0.12184400111436844,0,2022-06-03,0.0,3.1737244800464692,-2.911923197456223
8,DOGE,negative,CHZ-USD,2022-02-24,2022-06-03,2022-06-03,86.12832318398202,-19.168771449755027,-28.70965917342485,5.971575109494065,-19.168771449755027,0.12184400111436844,1,2022-06-04,4.7741402899968755,5.839433153199969,-0.13541951707954913
8,DOGE,negative,CHZ-USD,2022-02-24,2022-06-03,2022-06-03,86.12832318398202,-19.168771449755027,-28.70965917342485,5.971575109494065,-19.168771449755027,0.12184400111436844,2,2022-06-05,3.4273318606730996,5.411014377546253,0.4751973950729571
8,DOGE,negative,CHZ-USD,2022-02-24,2022-06-03,2022-06-03,86.12832318398202,-19.168771449755027,-28.70965917342485,5.971575109494065,-19.168771449755027,0.12184400111436844,3,2022-06-06,5.971575109494065,11.185611752745949,3.4379961629302347
8,DOGE,negative,CHZ-USD,2022-02-24,2022-06-03,2022-06-03,86.12832318398202,-19.168771449755027,-28.70965917342485,5.971575109494065,-19.168771449755027,0.12184400111436844,4,2022-06-07,1.3230033096637506,6.093040533826599,-2.8807313363245157
8,DOGE,negative,CHZ-USD,2022-02-24,2022-06-03,2022-06-03,86.12832318398202,-19.168771449755027,-28.70965917342485,5.971575109494065,-19.168771449755027,0.12184400111436844,5,2022-06-08,-1.4477524096339511,2.3850186120814243,-1.9344396120126284
8,DOGE,negative,CHZ-USD,2022-02-24,2022-06-03,2022-06-03,86.12832318398202,-19.168771449755027,-28.70965917342485,5.971575109494065,-19.168771449755027,0.12184400111436844,6,2022-06-09,-1.911459997401188,0.19861651468711106,-2.723977099878472
8,DOGE,negative,CHZ-USD,2022-02-24,2022-06-03,2022-06-03,86.12832318398202,-19.168771449755027,-28.70965917342485,5.971575109494065,-19.168771449755027,0.12184400111436844,7,2022-06-10,-6.738946258092627,-1.1859450121914916,-8.05291793103975
8,DOGE,negative,CHZ-USD,2022-02-24,2022-06-03,2022-06-03,86.12832318398202,-19.168771449755027,-28.70965917342485,5.971575109494065,-19.168771449755027,0.12184400111436844,8,2022-06-11,-14.278913696504603,-3.419945119201395,-16.36601059398146
8,DOGE,negative,CHZ-USD,2022-02-24,2022-06-03,2022-06-03,86.12832318398202,-19.168771449755027,-28.70965917342485,5.971575109494065,-19.168771449755027,0.12184400111436844,9,2022-06-12,-19.397754320525262,-13.389251618524945,-22.507468527620023
8,DOGE,negative,CHZ-USD,2022-02-24,2022-06-03,2022-06-03,86.12832318398202,-19.168771449755027,-28.70965917342485,5.971575109494065,-19.168771449755027,0.12184400111436844,10,2022-06-13,-23.04504353010418,-18.723121020568833,-30.079447217360066
8,DOGE,negative,CHZ-USD,2022-02-24,2022-06-03,2022-06-03,86.12832318398202,-19.168771449755027,-28.70965917342485,5.971575109494065,-19.168771449755027,0.12184400111436844,11,2022-06-14,-22.333476522789287,-18.995598835120653,-29.024818656414098
8,DOGE,negative,CHZ-USD,2022-02-24,2022-06-03,2022-06-03,86.12832318398202,-19.168771449755027,-28.70965917342485,5.971575109494065,-19.168771449755027,0.12184400111436844,12,2022-06-15,-15.865369298855757,-15.797249845217799,-29.348184271071396
8,DOGE,negative,CHZ-USD,2022-02-24,2022-06-03,2022-06-03,86.12832318398202,-19.168771449755027,-28.70965917342485,5.971575109494065,-19.168771449755027,0.12184400111436844,13,2022-06-16,-24.34998968118689,-14.581763981991758,-25.952857546874164
8,DOGE,negative,CHZ-USD,2022-02-24,2022-06-03,2022-06-03,86.12832318398202,-19.168771449755027,-28.70965917342485,5.971575109494065,-19.168771449755027,0.12184400111436844,14,2022-06-17,-22.265357069151335,-18.168314364552206,-24.9244922761773
8,DOGE,negative,CHZ-USD,2022-02-24,2022-06-03,2022-06-03,86.12832318398202,-19.168771449755027,-28.70965917342485,5.971575109494065,-19.168771449755027,0.12184400111436844,15,2022-06-18,-28.70965917342485,-21.125371286182727,-33.23101758784367
8,DOGE,negative,CHZ-USD,2022-02-24,2022-06-03,2022-06-03,86.12832318398202,-19.168771449755027,-28.70965917342485,5.971575109494065,-19.168771449755027,0.12184400111436844,16,2022-06-19,-23.478384761788284,-22.656022747250226,-31.582190492933528
8,DOGE,negative,CHZ-USD,2022-02-24,2022-06-03,2022-06-03,86.12832318398202,-19.168771449755027,-28.70965917342485,5.971575109494065,-19.168771449755027,0.12184400111436844,17,2022-06-20,-23.196875310519836,-22.01831703980004,-27.65339183208616
8,DOGE,negative,CHZ-USD,2022-02-24,2022-06-03,2022-06-03,86.12832318398202,-19.168771449755027,-28.70965917342485,5.971575109494065,-19.168771449755027,0.12184400111436844,18,2022-06-21,-21.980563942245222,-18.066544879193447,-24.01595364942024
8,DOGE,negative,CHZ-USD,2022-02-24,2022-06-03,2022-06-03,86.12832318398202,-19.168771449755027,-28.70965917342485,5.971575109494065,-19.168771449755027,0.12184400111436844,19,2022-06-22,-24.442733644681226,-21.43150524730756,-25.125573076305706
8,DOGE,negative,CHZ-USD,2022-02-24,2022-06-03,2022-06-03,86.12832318398202,-19.168771449755027,-28.70965917342485,5.971575109494065,-19.168771449755027,0.12184400111436844,20,2022-06-23,-19.624272905854212,-19.109683632833697,-24.491151044493197
8,DOGE,negative,CHZ-USD,2022-02-24,2022-06-03,2022-06-03,86.12832318398202,-19.168771449755027,-28.70965917342485,5.971575109494065,-19.168771449755027,0.12184400111436844,21,2022-06-24,-16.952828501326156,-15.372114745201749,-20.204523461923586
8,DOGE,negative,CHZ-USD,2022-02-24,2022-06-03,2022-06-03,86.12832318398202,-19.168771449755027,-28.70965917342485,5.971575109494065,-19.168771449755027,0.12184400111436844,22,2022-06-25,-13.797974455204887,-13.25547699669034,-19.96323139365126
8,DOGE,negative,CHZ-USD,2022-02-24,2022-06-03,2022-06-03,86.12832318398202,-19.168771449755027,-28.70965917342485,5.971575109494065,-19.168771449755027,0.12184400111436844,23,2022-06-26,-19.403502281604233,-12.644034579489261,-19.5380962936352
8,DOGE,negative,CHZ-USD,2022-02-24,2022-06-03,2022-06-03,86.12832318398202,-19.168771449755027,-28.70965917342485,5.971575109494065,-19.168771449755027,0.12184400111436844,24,2022-06-27,-10.501133540728736,-8.46738261394645,-19.402676776555662
8,DOGE,negative,CHZ-USD,2022-02-24,2022-06-03,2022-06-03,86.12832318398202,-19.168771449755027,-28.70965917342485,5.971575109494065,-19.168771449755027,0.12184400111436844,25,2022-06-28,-16.006530662162056,-2.924232394958304,-16.277369696321152
8,DOGE,negative,CHZ-USD,2022-02-24,2022-06-03,2022-06-03,86.12832318398202,-19.168771449755027,-28.70965917342485,5.971575109494065,-19.168771449755027,0.12184400111436844,26,2022-06-29,-18.049307110808765,-13.927646011205464,-18.67059444007063
8,DOGE,negative,CHZ-USD,2022-02-24,2022-06-03,2022-06-03,86.12832318398202,-19.168771449755027,-28.70965917342485,5.971575109494065,-19.168771449755027,0.12184400111436844,27,2022-06-30,-20.325169496059747,-17.843309969502176,-24.555992937345692
8,DOGE,negative,CHZ-USD,2022-02-24,2022-06-03,2022-06-03,86.12832318398202,-19.168771449755027,-28.70965917342485,5.971575109494065,-19.168771449755027,0.12184400111436844,28,2022-07-01,-22.4672511446239,-18.265161393880557,-22.99333633980234
8,DOGE,negative,CHZ-USD,2022-02-24,2022-06-03,2022-06-03,86.12832318398202,-19.168771449755027,-28.70965917342485,5.971575109494065,-19.168771449755027,0.12184400111436844,29,2022-07-02,-20.32598888625611,-18.117426564446724,-23.031089437357167
8,DOGE,negative,CHZ-USD,2022-02-24,2022-06-03,2022-06-03,86.12832318398202,-19.168771449755027,-28.70965917342485,5.971575109494065,-19.168771449755027,0.12184400111436844,30,2022-07-03,-19.168771449755027,-18.095272454883858,-21.38882357887013
9,DOGE,negative,AVAX-USD,2025-08-14,2025-11-21,2025-11-21,86.00487906642729,-8.748803613356515,-14.036527879841554,12.9422400659581,-8.748803613356515,13.302087783813477,0,2025-11-21,0.0,4.8182030003763865,-4.3718315917767425
9,DOGE,negative,AVAX-USD,2025-08-14,2025-11-21,2025-11-21,86.00487906642729,-8.748803613356515,-14.036527879841554,12.9422400659581,-8.748803613356515,13.302087783813477,1,2025-11-22,-0.5603498646783667,0.4497481762945066,-1.8906027637875744
9,DOGE,negative,AVAX-USD,2025-08-14,2025-11-21,2025-11-21,86.00487906642729,-8.748803613356515,-14.036527879841554,12.9422400659581,-8.748803613356515,13.302087783813477,2,2025-11-23,-0.18444607746491704,1.1038947538221544,-0.6574014661337446
9,DOGE,negative,AVAX-USD,2025-08-14,2025-11-21,2025-11-21,86.00487906642729,-8.748803613356515,-14.036527879841554,12.9422400659581,-8.748803613356515,13.302087783813477,3,2025-11-24,4.426168157295729,5.500632695857899,-0.943358485831558
9,DOGE,negative,AVAX-USD,2025-08-14,2025-11-21,2025-11-21,86.00487906642729,-8.748803613356515,-14.036527879841554,12.9422400659581,-8.748803613356515,13.302087783813477,4,2025-11-25,6.52387933970211,7.77255928163032,3.2576488089903766
9,DOGE,negative,AVAX-USD,2025-08-14,2025-11-21,2025-11-21,86.00487906642729,-8.748803613356515,-14.036527879841554,12.9422400659581,-8.748803613356515,13.302087783813477,5,2025-11-26,12.28539780976108,12.28539780976108,4.730105927266859
9,DOGE,negative,AVAX-USD,2025-08-14,2025-11-21,2025-11-21,86.00487906642729,-8.748803613356515,-14.036527879841554,12.9422400659581,-8.748803613356515,13.302087783813477,6,2025-11-27,12.9422400659581,13.854533722868467,11.951054791819772
9,DOGE,negative,AVAX-USD,2025-08-14,2025-11-21,2025-11-21,86.00487906642729,-8.748803613356515,-14.036527879841554,12.9422400659581,-8.748803613356515,13.302087783813477,7,2025-11-28,11.658329898015873,14.601595182191307,11.536285914003553
9,DOGE,negative,AVAX-USD,2025-08-14,2025-11-21,2025-11-21,86.00487906642729,-8.748803613356515,-14.036527879841554,12.9422400659581,-8.748803613356515,13.302087783813477,8,2025-11-29,7.087190149301881,12.002093452583651,6.947344648970311
9,DOGE,negative,AVAX-USD,2025-08-14,2025-11-21,2025-11-21,86.00487906642729,-8.748803613356515,-14.036527879841554,12.9422400659581,-8.748803613356515,13.302087783813477,9,2025-11-30,3.5520298245299564,7.6993744735002645,3.5520298245299564
9,DOGE,negative,AVAX-USD,2025-08-14,2025-11-21,2025-11-21,86.00487906642729,-8.748803613356515,-14.036527879841554,12.9422400659581,-8.748803613356515,13.302087783813477,10,2025-12-01,-3.942559102396359,3.602416073700998,-5.446188589966483
9,DOGE,negative,AVAX-USD,2025-08-14,2025-11-21,2025-11-21,86.00487906642729,-8.748803613356515,-14.036527879841554,12.9422400659581,-8.748803613356515,13.302087783813477,11,2025-12-02,2.5702005627946223,3.257835212302629,-4.234660262040036
9,DOGE,negative,AVAX-USD,2025-08-14,2025-11-21,2025-11-21,86.00487906642729,-8.748803613356515,-14.036527879841554,12.9422400659581,-8.748803613356515,13.302087783813477,12,2025-12-03,11.36485222160486,12.376678077895086,2.216944778018748
9,DOGE,negative,AVAX-USD,2025-08-14,2025-11-21,2025-11-21,86.00487906642729,-8.748803613356515,-14.036527879841554,12.9422400659581,-8.748803613356515,13.302087783813477,13,2025-12-04,8.24669761439607,11.62464825336511,7.011008549459619
9,DOGE,negative,AVAX-USD,2025-08-14,2025-11-21,2025-11-21,86.00487906642729,-8.748803613356515,-14.036527879841554,12.9422400659581,-8.748803613356515,13.302087783813477,14,2025-12-05,-0.5080135500869276,9.146559604251436,-1.0792895166060301
9,DOGE,negative,AVAX-USD,2025-08-14,2025-11-21,2025-11-21,86.00487906642729,-8.748803613356515,-14.036527879841554,12.9422400659581,-8.748803613356515,13.302087783813477,15,2025-12-06,0.8296452960048661,1.2759091642320808,-1.0291828724033447
9,DOGE,negative,AVAX-USD,2025-08-14,2025-11-21,2025-11-21,86.00487906642729,-8.748803613356515,-14.036527879841554,12.9422400659581,-8.748803613356515,13.302087783813477,16,2025-12-07,1.155765060132996,4.075866148083085,-2.1194701844317376
9,DOGE,negative,AVAX-USD,2025-08-14,2025-11-21,2025-11-21,86.00487906642729,-8.748803613356515,-14.036527879841554,12.9422400659581,-8.748803613356515,13.302087783813477,17,2025-12-08,2.549244528883543,4.379818256770562,0.6870826089294457
9,DOGE,negative,AVAX-USD,2025-08-14,2025-11-21,2025-11-21,86.00487906642729,-8.748803613356515,-14.036527879841554,12.9422400659581,-8.748803613356515,13.302087783813477,18,2025-12-09,9.796641155700536,10.612779380925929,1.6784973025289807
9,DOGE,negative,AVAX-USD,2025-08-14,2025-11-21,2025-11-21,86.00487906642729,-8.748803613356515,-14.036527879841554,12.9422400659581,-8.748803613356515,13.302087783813477,19,2025-12-10,6.311107128134363,11.050597745236868,6.311107128134363
9,DOGE,negative,AVAX-USD,2025-08-14,2025-11-21,2025-11-21,86.00487906642729,-8.748803613356515,-14.036527879841554,12.9422400659581,-8.748803613356515,13.302087783813477,20,2025-12-11,0.9646443102181212,6.313637911565961,-2.9273278009786186
9,DOGE,negative,AVAX-USD,2025-08-14,2025-11-21,2025-11-21,86.00487906642729,-8.748803613356515,-14.036527879841554,12.9422400659581,-8.748803613356515,13.302087783813477,21,2025-12-12,-1.4345885684584059,3.5867940422633637,-3.4899718602692142
9,DOGE,negative,AVAX-USD,2025-08-14,2025-11-21,2025-11-21,86.00487906642729,-8.748803613356515,-14.036527879841554,12.9422400659581,-8.748803613356515,13.302087783813477,22,2025-12-13,0.6336565518971993,1.192307278690885,-1.4375136665889965
9,DOGE,negative,AVAX-USD,2025-08-14,2025-11-21,2025-11-21,86.00487906642729,-8.748803613356515,-14.036527879841554,12.9422400659581,-8.748803613356515,13.302087783813477,23,2025-12-14,-3.0962235405875282,0.6966035165701712,-3.5925366981520934
9,DOGE,negative,AVAX-USD,2025-08-14,2025-11-21,2025-11-21,86.00487906642729,-8.748803613356515,-14.036527879841554,12.9422400659581,-8.748803613356515,13.302087783813477,24,2025-12-15,-7.22441883390389,0.15669349201512528,-7.8225225386697295
9,DOGE,negative,AVAX-USD,2025-08-14,2025-11-21,2025-11-21,86.00487906642729,-8.748803613356515,-14.036527879841554,12.9422400659581,-8.748803613356515,13.302087783813477,25,2025-12-16,-7.19669492588676,-6.999042890685214,-10.006968616134637
9,DOGE,negative,AVAX-USD,2025-08-14,2025-11-21,2025-11-21,86.00487906642729,-8.748803613356515,-14.036527879841554,12.9422400659581,-8.748803613356515,13.302087783813477,26,2025-12-17,-11.00077070600255,-5.410822146147365,-11.798591221120924
9,DOGE,negative,AVAX-USD,2025-08-14,2025-11-21,2025-11-21,86.00487906642729,-8.748803613356515,-14.036527879841554,12.9422400659581,-8.748803613356515,13.302087783813477,27,2025-12-18,-14.036527879841554,-7.719219256896026,-15.030387324574768
9,DOGE,negative,AVAX-USD,2025-08-14,2025-11-21,2025-11-21,86.00487906642729,-8.748803613356515,-14.036527879841554,12.9422400659581,-8.748803613356515,13.302087783813477,28,2025-12-19,-7.919265857724089,-6.917032602656247,-15.210309537038702
9,DOGE,negative,AVAX-USD,2025-08-14,2025-11-21,2025-11-21,86.00487906642729,-8.748803613356515,-14.036527879841554,12.9422400659581,-8.748803613356515,13.302087783813477,29,2025-12-20,-8.21672969727385,-7.076428942698909,-8.732149194343375
9,DOGE,negative,AVAX-USD,2025-08-14,2025-11-21,2025-11-21,86.00487906642729,-8.748803613356515,-14.036527879841554,12.9422400659581,-8.748803613356515,13.302087783813477,30,2025-12-21,-8.748803613356515,-7.4239564103023685,-9.988772785116417
10,DOGE,negative,XTZ-USD,2025-12-06,2026-03-15,2026-03-15,85.93051380779254,-10.412300137040075,-12.143454813407253,4.262162210100873,-10.412300137040075,0.386447012424469,0,2026-03-15,0.0,0.6614092223265144,-2.7688187176534873
10,DOGE,negative,XTZ-USD,2025-12-06,2026-03-15,2026-03-15,85.93051380779254,-10.412300137040075,-12.143454813407253,4.262162210100873,-10.412300137040075,0.386447012424469,1,2026-03-16,3.60592765795662,4.375758174012367,-0.46060734124521163
10,DOGE,negative,XTZ-USD,2025-12-06,2026-03-15,2026-03-15,85.93051380779254,-10.412300137040075,-12.143454813407253,4.262162210100873,-10.412300137040075,0.386447012424469,2,2026-03-17,2.671517952095348,4.4699510527099084,1.5326740705837283
10,DOGE,negative,XTZ-USD,2025-12-06,2026-03-15,2026-03-15,85.93051380779254,-10.412300137040075,-12.143454813407253,4.262162210100873,-10.412300137040075,0.386447012424469,3,2026-03-18,1.8504420062913418,4.66506156777855,-1.1820535343151528
10,DOGE,negative,XTZ-USD,2025-12-06,2026-03-15,2026-03-15,85.93051380779254,-10.412300137040075,-12.143454813407253,4.262162210100873,-10.412300137040075,0.386447012424469,4,2026-03-19,0.6360448553675901,3.1440247211963257,-1.2734007300063799
10,DOGE,negative,XTZ-USD,2025-12-06,2026-03-15,2026-03-15,85.93051380779254,-10.412300137040075,-12.143454813407253,4.262162210100873,-10.412300137040075,0.386447012424469,5,2026-03-20,4.262162210100873,6.009357592845221,0.620266352844645
10,DOGE,negative,XTZ-USD,2025-12-06,2026-03-15,2026-03-15,85.93051380779254,-10.412300137040075,-12.143454813407253,4.262162210100873,-10.412300137040075,0.386447012424469,6,2026-03-21,0.6476897912471635,4.4021559326321125,0.6476897912471635
10,DOGE,negative,XTZ-USD,2025-12-06,2026-03-15,2026-03-15,85.93051380779254,-10.412300137040075,-12.143454813407253,4.262162210100873,-10.412300137040075,0.386447012424469,7,2026-03-22,-2.0815284325376493,1.5329362744379793,-2.995501661524125
10,DOGE,negative,XTZ-USD,2025-12-06,2026-03-15,2026-03-15,85.93051380779254,-10.412300137040075,-12.143454813407253,4.262162210100873,-10.412300137040075,0.386447012424469,8,2026-03-23,1.7332214596888607,1.9270363792424083,-2.7988333470861826
10,DOGE,negative,XTZ-USD,2025-12-06,2026-03-15,2026-03-15,85.93051380779254,-10.412300137040075,-12.143454813407253,4.262162210100873,-10.412300137040075,0.386447012424469,9,2026-03-24,3.4602348575346165,3.706066394643015,1.192657366655836
10,DOGE,negative,XTZ-USD,2025-12-06,2026-03-15,2026-03-15,85.93051380779254,-10.412300137040075,-12.143454813407253,4.262162210100873,-10.412300137040075,0.386447012424469,10,2026-03-25,0.632427984554651,3.973630004141282,0.04398855248819444
10,DOGE,negative,XTZ-USD,2025-12-06,2026-03-15,2026-03-15,85.93051380779254,-10.412300137040075,-12.143454813407253,4.262162210100873,-10.412300137040075,0.386447012424469,11,2026-03-26,-4.2000584560357375,0.7374868994471262,-5.195800728155531
10,DOGE,negative,XTZ-USD,2025-12-06,2026-03-15,2026-03-15,85.93051380779254,-10.412300137040075,-12.143454813407253,4.262162210100873,-10.412300137040075,0.386447012424469,12,2026-03-27,-9.145369672731029,-3.1401456465291577,-9.589674103744816
10,DOGE,negative,XTZ-USD,2025-12-06,2026-03-15,2026-03-15,85.93051380779254,-10.412300137040075,-12.143454813407253,4.262162210100873,-10.412300137040075,0.386447012424469,13,2026-03-28,-10.510626582380977,-7.423014249237103,-10.552810555401749
10,DOGE,negative,XTZ-USD,2025-12-06,2026-03-15,2026-03-15,85.93051380779254,-10.412300137040075,-12.143454813407253,4.262162210100873,-10.412300137040075,0.386447012424469,14,2026-03-29,-12.143454813407251,-10.509338698743964,-12.930621631355265
10,DOGE,negative,XTZ-USD,2025-12-06,2026-03-15,2026-03-15,85.93051380779254,-10.412300137040075,-12.143454813407253,4.262162210100873,-10.412300137040075,0.386447012424469,15,2026-03-30,-10.216148518432544,-8.27617160779548,-12.153541949917523
10,DOGE,negative,XTZ-USD,2025-12-06,2026-03-15,2026-03-15,85.93051380779254,-10.412300137040075,-12.143454813407253,4.262162210100873,-10.412300137040075,0.386447012424469,16,2026-03-31,-8.893075581803355,-7.9933384797266305,-11.01393459247737
10,DOGE,negative,XTZ-USD,2025-12-06,2026-03-15,2026-03-15,85.93051380779254,-10.412300137040075,-12.143454813407253,4.262162210100873,-10.412300137040075,0.386447012424469,17,2026-04-01,-8.982086078440599,-7.461311435712625,-10.016896724842505
10,DOGE,negative,XTZ-USD,2025-12-06,2026-03-15,2026-03-15,85.93051380779254,-10.412300137040075,-12.143454813407253,4.262162210100873,-10.412300137040075,0.386447012424469,18,2026-04-02,-11.33946067751933,-8.771451552825205,-12.259379764494671
10,DOGE,negative,XTZ-USD,2025-12-06,2026-03-15,2026-03-15,85.93051380779254,-10.412300137040075,-12.143454813407253,4.262162210100873,-10.412300137040075,0.386447012424469,19,2026-04-03,-9.664456185350367,-7.168900155085867,-11.471688538838176
10,DOGE,negative,XTZ-USD,2025-12-06,2026-03-15,2026-03-15,85.93051380779254,-10.412300137040075,-12.143454813407253,4.262162210100873,-10.412300137040075,0.386447012424469,20,2026-04-04,-9.78737580984359,-9.463399812292883,-11.535866788103045
10,DOGE,negative,XTZ-USD,2025-12-06,2026-03-15,2026-03-15,85.93051380779254,-10.412300137040075,-12.143454813407253,4.262162210100873,-10.412300137040075,0.386447012424469,21,2026-04-05,-10.826327734766917,-9.773656378764262,-12.383332780648736
10,DOGE,negative,XTZ-USD,2025-12-06,2026-03-15,2026-03-15,85.93051380779254,-10.412300137040075,-12.143454813407253,4.262162210100873,-10.412300137040075,0.386447012424469,22,2026-04-06,-11.623072705272842,-7.698598211923957,-11.75271708743959
10,DOGE,negative,XTZ-USD,2025-12-06,2026-03-15,2026-03-15,85.93051380779254,-10.412300137040075,-12.143454813407253,4.262162210100873,-10.412300137040075,0.386447012424469,23,2026-04-07,-6.474113924489922,-6.10174589207535,-12.35641832619856
10,DOGE,negative,XTZ-USD,2025-12-06,2026-03-15,2026-03-15,85.93051380779254,-10.412300137040075,-12.143454813407253,4.262162210100873,-10.412300137040075,0.386447012424469,24,2026-04-08,-8.865644431522767,-5.118427455519814,-9.051693489863888
10,DOGE,negative,XTZ-USD,2025-12-06,2026-03-15,2026-03-15,85.93051380779254,-10.412300137040075,-12.143454813407253,4.262162210100873,-10.412300137040075,0.386447012424469,25,2026-04-09,-8.63016223477887,-6.67336571807996,-9.62021314088599
10,DOGE,negative,XTZ-USD,2025-12-06,2026-03-15,2026-03-15,85.93051380779254,-10.412300137040075,-12.143454813407253,4.262162210100873,-10.412300137040075,0.386447012424469,26,2026-04-10,-7.170712446431371,-5.80415994126634,-8.986227356962019
10,DOGE,negative,XTZ-USD,2025-12-06,2026-03-15,2026-03-15,85.93051380779254,-10.412300137040075,-12.143454813407253,4.262162210100873,-10.412300137040075,0.386447012424469,27,2026-04-11,-8.423406783830655,-7.123361515106408,-9.081453627320412
10,DOGE,negative,XTZ-USD,2025-12-06,2026-03-15,2026-03-15,85.93051380779254,-10.412300137040075,-12.143454813407253,4.262162210100873,-10.412300137040075,0.386447012424469,28,2026-04-12,-11.586842302118994,-8.416936518133323,-11.675343814803874
10,DOGE,negative,XTZ-USD,2025-12-06,2026-03-15,2026-03-15,85.93051380779254,-10.412300137040075,-12.143454813407253,4.262162210100873,-10.412300137040075,0.386447012424469,29,2026-04-13,-8.149118416658895,-6.731328193623664,-12.19935050562928
10,DOGE,negative,XTZ-USD,2025-12-06,2026-03-15,2026-03-15,85.93051380779254,-10.412300137040075,-12.143454813407253,4.262162210100873,-10.412300137040075,0.386447012424469,30,2026-04-14,-10.412300137040075,-8.004721211751974,-11.28304828946689
11,DOGE,negative,ENJ-USD,2022-02-25,2022-06-04,2022-06-04,85.77353505155902,-16.552967403590536,-33.462718559591366,5.000658215997822,-16.552967403590536,0.621658980846405,0,2022-06-04,0.0,0.5252113026760874,-3.5170403157058994
11,DOGE,negative,ENJ-USD,2022-02-25,2022-06-04,2022-06-04,85.77353505155902,-16.552967403590536,-33.462718559591366,5.000658215997822,-16.552967403590536,0.621658980846405,1,2022-06-05,1.5175594098664424,2.8951628267217755,-1.6924061241605393
11,DOGE,negative,ENJ-USD,2022-02-25,2022-06-04,2022-06-04,85.77353505155902,-16.552967403590536,-33.462718559591366,5.000658215997822,-16.552967403590536,0.621658980846405,2,2022-06-06,5.000658215997822,7.4380037713427605,1.3785718045578932
11,DOGE,negative,ENJ-USD,2022-02-25,2022-06-04,2022-06-04,85.77353505155902,-16.552967403590536,-33.462718559591366,5.000658215997822,-16.552967403590536,0.621658980846405,3,2022-06-07,0.7126087051151142,5.0074081659245095,-2.113213726905272
11,DOGE,negative,ENJ-USD,2022-02-25,2022-06-04,2022-06-04,85.77353505155902,-16.552967403590536,-33.462718559591366,5.000658215997822,-16.552967403590536,0.621658980846405,4,2022-06-08,-0.36257969663001655,2.4241620593943747,-1.2535826749495493
11,DOGE,negative,ENJ-USD,2022-02-25,2022-06-04,2022-06-04,85.77353505155902,-16.552967403590536,-33.462718559591366,5.000658215997822,-16.552967403590536,0.621658980846405,5,2022-06-09,0.038131464287549655,3.73919420746911,-1.8592180969225658
11,DOGE,negative,ENJ-USD,2022-02-25,2022-06-04,2022-06-04,85.77353505155902,-16.552967403590536,-33.462718559591366,5.000658215997822,-16.552967403590536,0.621658980846405,6,2022-06-10,-6.530106742212416,1.1873104393057332,-7.428991054111112
11,DOGE,negative,ENJ-USD,2022-02-25,2022-06-04,2022-06-04,85.77353505155902,-16.552967403590536,-33.462718559591366,5.000658215997822,-16.552967403590536,0.621658980846405,7,2022-06-11,-13.636893155291895,-3.846637302466882,-15.179697761404032
11,DOGE,negative,ENJ-USD,2022-02-25,2022-06-04,2022-06-04,85.77353505155902,-16.552967403590536,-33.462718559591366,5.000658215997822,-16.552967403590536,0.621658980846405,8,2022-06-12,-20.853390224672662,-12.817148171084769,-21.003312940622397
11,DOGE,negative,ENJ-USD,2022-02-25,2022-06-04,2022-06-04,85.77353505155902,-16.552967403590536,-33.462718559591366,5.000658215997822,-16.552967403590536,0.621658980846405,9,2022-06-13,-28.191175456798547,-20.81076198976635,-33.744222153124724
11,DOGE,negative,ENJ-USD,2022-02-25,2022-06-04,2022-06-04,85.77353505155902,-16.552967403590536,-33.462718559591366,5.000658215997822,-16.552967403590536,0.621658980846405,10,2022-06-14,-26.95850899742438,-21.45227090272047,-33.81982350990301
11,DOGE,negative,ENJ-USD,2022-02-25,2022-06-04,2022-06-04,85.77353505155902,-16.552967403590536,-33.462718559591366,5.000658215997822,-16.552967403590536,0.621658980846405,11,2022-06-15,-22.31174854672332,-22.308852971612726,-34.75779808579475
11,DOGE,negative,ENJ-USD,2022-02-25,2022-06-04,2022-06-04,85.77353505155902,-16.552967403590536,-33.462718559591366,5.000658215997822,-16.552967403590536,0.621658980846405,12,2022-06-16,-31.434593512550258,-21.356400520168016,-32.59230101094882
11,DOGE,negative,ENJ-USD,2022-02-25,2022-06-04,2022-06-04,85.77353505155902,-16.552967403590536,-33.462718559591366,5.000658215997822,-16.552967403590536,0.621658980846405,13,2022-06-17,-29.095371519065683,-27.33121841294295,-31.77947856061537
11,DOGE,negative,ENJ-USD,2022-02-25,2022-06-04,2022-06-04,85.77353505155902,-16.552967403590536,-33.462718559591366,5.000658215997822,-16.552967403590536,0.621658980846405,14,2022-06-18,-33.462718559591366,-28.283833860337595,-38.482672619662274
11,DOGE,negative,ENJ-USD,2022-02-25,2022-06-04,2022-06-04,85.77353505155902,-16.552967403590536,-33.462718559591366,5.000658215997822,-16.552967403590536,0.621658980846405,15,2022-06-19,-29.030863474879975,-28.053640433043803,-36.303982460868745
11,DOGE,negative,ENJ-USD,2022-02-25,2022-06-04,2022-06-04,85.77353505155902,-16.552967403590536,-33.462718559591366,5.000658215997822,-16.552967403590536,0.621658980846405,16,2022-06-20,-25.987072311810866,-25.22411703416021,-31.260863799913075
11,DOGE,negative,ENJ-USD,2022-02-25,2022-06-04,2022-06-04,85.77353505155902,-16.552967403590536,-33.462718559591366,5.000658215997822,-16.552967403590536,0.621658980846405,17,2022-06-21,-24.740733368636334,-19.89643620861066,-27.562696631842098
11,DOGE,negative,ENJ-USD,2022-02-25,2022-06-04,2022-06-04,85.77353505155902,-16.552967403590536,-33.462718559591366,5.000658215997822,-16.552967403590536,0.621658980846405,18,2022-06-22,-25.32143520426796,-22.242575941970376,-27.842273037967413
11,DOGE,negative,ENJ-USD,2022-02-25,2022-06-04,2022-06-04,85.77353505155902,-16.552967403590536,-33.462718559591366,5.000658215997822,-16.552967403590536,0.621658980846405,19,2022-06-23,-15.993488599440042,-14.197330759147885,-25.323367185674538
11,DOGE,negative,ENJ-USD,2022-02-25,2022-06-04,2022-06-04,85.77353505155902,-16.552967403590536,-33.462718559591366,5.000658215997822,-16.552967403590536,0.621658980846405,20,2022-06-24,-12.202989019729893,-10.991555179833911,-17.078811514072257
11,DOGE,negative,ENJ-USD,2022-02-25,2022-06-04,2022-06-04,85.77353505155902,-16.552967403590536,-33.462718559591366,5.000658215997822,-16.552967403590536,0.621658980846405,21,2022-06-25,-5.72146465859491,-0.44332980782681997,-13.973096272023744
11,DOGE,negative,ENJ-USD,2022-02-25,2022-06-04,2022-06-04,85.77353505155902,-16.552967403590536,-33.462718559591366,5.000658215997822,-16.552967403590536,0.621658980846405,22,2022-06-26,-11.636597269702786,-3.4904911518607418,-11.68292647147231
11,DOGE,negative,ENJ-USD,2022-02-25,2022-06-04,2022-06-04,85.77353505155902,-16.552967403590536,-33.462718559591366,5.000658215997822,-16.552967403590536,0.621658980846405,23,2022-06-27,-7.999879574756985,-1.683230410978942,-11.642551415873903
11,DOGE,negative,ENJ-USD,2022-02-25,2022-06-04,2022-06-04,85.77353505155902,-16.552967403590536,-33.462718559591366,5.000658215997822,-16.552967403590536,0.621658980846405,24,2022-06-28,-14.655617842380419,-4.543166936520848,-15.136110726792229
11,DOGE,negative,ENJ-USD,2022-02-25,2022-06-04,2022-06-04,85.77353505155902,-16.552967403590536,-33.462718559591366,5.000658215997822,-16.552967403590536,0.621658980846405,25,2022-06-29,-16.228825987153805,-13.091901814691443,-17.449272544281445
11,DOGE,negative,ENJ-USD,2022-02-25,2022-06-04,2022-06-04,85.77353505155902,-16.552967403590536,-33.462718559591366,5.000658215997822,-16.552967403590536,0.621658980846405,26,2022-06-30,-18.468160227319906,-15.611291860835596,-25.00116254464291
11,DOGE,negative,ENJ-USD,2022-02-25,2022-06-04,2022-06-04,85.77353505155902,-16.552967403590536,-33.462718559591366,5.000658215997822,-16.552967403590536,0.621658980846405,27,2022-07-01,-23.25905224374951,-16.68100551626235,-23.602968904112075
11,DOGE,negative,ENJ-USD,2022-02-25,2022-06-04,2022-06-04,85.77353505155902,-16.552967403590536,-33.462718559591366,5.000658215997822,-16.552967403590536,0.621658980846405,28,2022-07-02,-23.3190539293194,-21.766273012271586,-26.016028062916817
11,DOGE,negative,ENJ-USD,2022-02-25,2022-06-04,2022-06-04,85.77353505155902,-16.552967403590536,-33.462718559591366,5.000658215997822,-16.552967403590536,0.621658980846405,29,2022-07-03,-22.988004361004577,-22.1428463906033,-25.59554165807343
11,DOGE,negative,ENJ-USD,2022-02-25,2022-06-04,2022-06-04,85.77353505155902,-16.552967403590536,-33.462718559591366,5.000658215997822,-16.552967403590536,0.621658980846405,30,2022-07-04,-16.552967403590536,-16.292854631486776,-24.529039981660084
12,DOGE,negative,ETH-USD,2022-02-25,2022-06-04,2022-06-04,85.3519750615694,-36.10940195957865,-44.84727231950326,3.2015914589175187,-36.10940195957865,1801.6094970703125,0,2022-06-04,0.0,0.4823567793690309,-2.7795241952504934
12,DOGE,negative,ETH-USD,2022-02-25,2022-06-04,2022-06-04,85.3519750615694,-36.10940195957865,-44.84727231950326,3.2015914589175187,-36.10940195957865,1801.6094970703125,1,2022-06-05,0.19956927348694364,1.3460254350205592,-1.3585738934471903
12,DOGE,negative,ETH-USD,2022-02-25,2022-06-04,2022-06-04,85.3519750615694,-36.10940195957865,-44.84727231950326,3.2015914589175187,-36.10940195957865,1801.6094970703125,2,2022-06-06,3.2015914589175187,6.295538555511171,0.18765094823185446
12,DOGE,negative,ETH-USD,2022-02-25,2022-06-04,2022-06-04,85.3519750615694,-36.10940195957865,-44.84727231950326,3.2015914589175187,-36.10940195957865,1801.6094970703125,3,2022-06-07,0.6904294628589103,3.4028139850265537,-4.007301414039166
12,DOGE,negative,ETH-USD,2022-02-25,2022-06-04,2022-06-04,85.3519750615694,-36.10940195957865,-44.84727231950326,3.2015914589175187,-36.10940195957865,1801.6094970703125,4,2022-06-08,-0.44611395856772873,1.6133645147618836,-1.7416813104872753
12,DOGE,negative,ETH-USD,2022-02-25,2022-06-04,2022-06-04,85.3519750615694,-36.10940195957865,-44.84727231950326,3.2015914589175187,-36.10940195957865,1801.6094970703125,5,2022-06-09,-0.6540511295475837,1.425591605271026,-1.2068066578651337
12,DOGE,negative,ETH-USD,2022-02-25,2022-06-04,2022-06-04,85.3519750615694,-36.10940195957865,-44.84727231950326,3.2015914589175187,-36.10940195957865,1801.6094970703125,6,2022-06-10,-7.580292009132183,-0.22211855515206214,-7.669560875099135
12,DOGE,negative,ETH-USD,2022-02-25,2022-06-04,2022-06-04,85.3519750615694,-36.10940195957865,-44.84727231950326,3.2015914589175187,-36.10940195957865,1801.6094970703125,7,2022-06-11,-15.09461652839309,-6.78811297813472,-16.35041095862566
12,DOGE,negative,ETH-USD,2022-02-25,2022-06-04,2022-06-04,85.3519750615694,-36.10940195957865,-44.84727231950326,3.2015914589175187,-36.10940195957865,1801.6094970703125,8,2022-06-12,-19.781919717646133,-14.537246799109816,-20.28328212654361
12,DOGE,negative,ETH-USD,2022-02-25,2022-06-04,2022-06-04,85.3519750615694,-36.10940195957865,-44.84727231950326,3.2015914589175187,-36.10940195957865,1801.6094970703125,9,2022-06-13,-33.138520548947625,-19.5864564732124,-34.39487058047123
12,DOGE,negative,ETH-USD,2022-02-25,2022-06-04,2022-06-04,85.3519750615694,-36.10940195957865,-44.84727231950326,3.2015914589175187,-36.10940195957865,1801.6094970703125,10,2022-06-14,-32.745534269928044,-30.480395235786684,-39.23755918932351
12,DOGE,negative,ETH-USD,2022-02-25,2022-06-04,2022-06-04,85.3519750615694,-36.10940195957865,-44.84727231950326,3.2015914589175187,-36.10940195957865,1801.6094970703125,11,2022-06-15,-31.54973800350097,-31.359844323228504,-43.06845041783589
12,DOGE,negative,ETH-USD,2022-02-25,2022-06-04,2022-06-04,85.3519750615694,-36.10940195957865,-44.84727231950326,3.2015914589175187,-36.10940195957865,1801.6094970703125,12,2022-06-16,-40.7346200923721,-30.83181305236169,-41.231185358415345
12,DOGE,negative,ETH-USD,2022-02-25,2022-06-04,2022-06-04,85.3519750615694,-36.10940195957865,-44.84727231950326,3.2015914589175187,-36.10940195957865,1801.6094970703125,13,2022-06-17,-39.691742917862136,-38.251238160864865,-41.11555930925208
12,DOGE,negative,ETH-USD,2022-02-25,2022-06-04,2022-06-04,85.3519750615694,-36.10940195957865,-44.84727231950326,3.2015914589175187,-36.10940195957865,1801.6094970703125,14,2022-06-18,-44.84727231950326,-39.21175083179273,-50.260641373934234
12,DOGE,negative,ETH-USD,2022-02-25,2022-06-04,2022-06-04,85.3519750615694,-36.10940195957865,-44.84727231950326,3.2015914589175187,-36.10940195957865,1801.6094970703125,15,2022-06-19,-37.40838422675037,-36.593317132812764,-47.65145640376224
12,DOGE,negative,ETH-USD,2022-02-25,2022-06-04,2022-06-04,85.3519750615694,-36.10940195957865,-44.84727231950326,3.2015914589175187,-36.10940195957865,1801.6094970703125,16,2022-06-20,-37.40916342368291,-35.613941120491965,-40.82440390587707
12,DOGE,negative,ETH-USD,2022-02-25,2022-06-04,2022-06-04,85.3519750615694,-36.10940195957865,-44.84727231950326,3.2015914589175187,-36.10940195957865,1801.6094970703125,17,2022-06-21,-37.565571962732704,-34.20147390181509,-38.24562794295059
12,DOGE,negative,ETH-USD,2022-02-25,2022-06-04,2022-06-04,85.3519750615694,-36.10940195957865,-44.84727231950326,3.2015914589175187,-36.10940195957865,1801.6094970703125,18,2022-06-22,-41.6398572104682,-37.485802523717226,-41.73191763414129
12,DOGE,negative,ETH-USD,2022-02-25,2022-06-04,2022-06-04,85.3519750615694,-36.10940195957865,-44.84727231950326,3.2015914589175187,-36.10940195957865,1801.6094970703125,19,2022-06-23,-36.53526357352587,-36.36277647516377,-41.70659034602103
12,DOGE,negative,ETH-USD,2022-02-25,2022-06-04,2022-06-04,85.3519750615694,-36.10940195957865,-44.84727231950326,3.2015914589175187,-36.10940195957865,1801.6094970703125,20,2022-06-24,-31.902849726451056,-31.24942195444951,-37.02774991301791
12,DOGE,negative,ETH-USD,2022-02-25,2022-06-04,2022-06-04,85.3519750615694,-36.10940195957865,-44.84727231950326,3.2015914589175187,-36.10940195957865,1801.6094970703125,21,2022-06-25,-30.98133078027765,-30.81773330257199,-34.249790887257994
12,DOGE,negative,ETH-USD,2022-02-25,2022-06-04,2022-06-04,85.3519750615694,-36.10940195957865,-44.84727231950326,3.2015914589175187,-36.10940195957865,1801.6094970703125,22,2022-06-26,-33.40223466904627,-29.389180748957312,-33.42584094828944
12,DOGE,negative,ETH-USD,2022-02-25,2022-06-04,2022-06-04,85.3519750615694,-36.10940195957865,-44.84727231950326,3.2015914589175187,-36.10940195957865,1801.6094970703125,23,2022-06-27,-33.74365166238278,-31.495654960757268,-34.514528126807186
12,DOGE,negative,ETH-USD,2022-02-25,2022-06-04,2022-06-04,85.3519750615694,-36.10940195957865,-44.84727231950326,3.2015914589175187,-36.10940195957865,1801.6094970703125,24,2022-06-28,-36.469072488013076,-31.742199645838053,-36.658878085154036
12,DOGE,negative,ETH-USD,2022-02-25,2022-06-04,2022-06-04,85.3519750615694,-36.10940195957865,-44.84727231950326,3.2015914589175187,-36.10940195957865,1801.6094970703125,25,2022-06-29,-39.002106203186784,-36.01916417916515,-39.38202907624171
12,DOGE,negative,ETH-USD,2022-02-25,2022-06-04,2022-06-04,85.3519750615694,-36.10940195957865,-44.84727231950326,3.2015914589175187,-36.10940195957865,1801.6094970703125,26,2022-06-30,-40.7585922553923,-38.73864278123166,-43.989257923331756
12,DOGE,negative,ETH-USD,2022-02-25,2022-06-04,2022-06-04,85.3519750615694,-36.10940195957865,-44.84727231950326,3.2015914589175187,-36.10940195957865,1801.6094970703125,27,2022-07-01,-41.17663479751212,-38.931056994190236,-42.26547103979088
12,DOGE,negative,ETH-USD,2022-02-25,2022-06-04,2022-06-04,85.3519750615694,-36.10940195957865,-44.84727231950326,3.2015914589175187,-36.10940195957865,1801.6094970703125,28,2022-07-02,-40.80222050798897,-40.43922314743389,-42.608974925781496
12,DOGE,negative,ETH-USD,2022-02-25,2022-06-04,2022-06-04,85.3519750615694,-36.10940195957865,-44.84727231950326,3.2015914589175187,-36.10940195957865,1801.6094970703125,29,2022-07-03,-40.39957218700591,-39.86383025431971,-42.05150356211571
12,DOGE,negative,ETH-USD,2022-02-25,2022-06-04,2022-06-04,85.3519750615694,-36.10940195957865,-44.84727231950326,3.2015914589175187,-36.10940195957865,1801.6094970703125,30,2022-07-04,-36.10940195957865,-36.00478630185344,-41.80779108849407
13,DOGE,negative,BCH-USD,2022-02-20,2022-05-30,2022-05-30,85.29353985656469,-46.94949576555333,-47.57579876242772,3.4826055029625103,-46.94949576555333,196.80284118652344,0,2022-05-30,0.0,0.16504530158971686,-6.005045407035114
13,DOGE,negative,BCH-USD,2022-02-20,2022-05-30,2022-05-30,85.29353985656469,-46.94949576555333,-47.57579876242772,3.4826055029625103,-46.94949576555333,196.80284118652344,1,2022-05-31,3.4826055029625103,4.81626488999447,-1.943071737525326
13,DOGE,negative,BCH-USD,2022-02-20,2022-05-30,2022-05-30,85.29353985656469,-46.94949576555333,-47.57579876242772,3.4826055029625103,-46.94949576555333,196.80284118652344,2,2022-06-01,-5.3203403932384425,5.739532354329713,-5.60785741859906
13,DOGE,negative,BCH-USD,2022-02-20,2022-05-30,2022-05-30,85.29353985656469,-46.94949576555333,-47.57579876242772,3.4826055029625103,-46.94949576555333,196.80284118652344,3,2022-06-02,-3.963110859317154,-3.7260603096481493,-6.6438429077621874
13,DOGE,negative,BCH-USD,2022-02-20,2022-05-30,2022-05-30,85.29353985656469,-46.94949576555333,-47.57579876242772,3.4826055029625103,-46.94949576555333,196.80284118652344,4,2022-06-03,-6.881630024521479,-2.9098586868900544,-8.008887806178343
13,DOGE,negative,BCH-USD,2022-02-20,2022-05-30,2022-05-30,85.29353985656469,-46.94949576555333,-47.57579876242772,3.4826055029625103,-46.94949576555333,196.80284118652344,5,2022-06-04,-4.154362442645654,-3.821945838128449,-8.15141741481854
13,DOGE,negative,BCH-USD,2022-02-20,2022-05-30,2022-05-30,85.29353985656469,-46.94949576555333,-47.57579876242772,3.4826055029625103,-46.94949576555333,196.80284118652344,6,2022-06-05,-8.52374044895392,-3.553408983683959,-8.632201891333713
13,DOGE,negative,BCH-USD,2022-02-20,2022-05-30,2022-05-30,85.29353985656469,-46.94949576555333,-47.57579876242772,3.4826055029625103,-46.94949576555333,196.80284118652344,7,2022-06-06,-5.595281504699567,-4.161751373561939,-8.596567550839218
13,DOGE,negative,BCH-USD,2022-02-20,2022-05-30,2022-05-30,85.29353985656469,-46.94949576555333,-47.57579876242772,3.4826055029625103,-46.94949576555333,196.80284118652344,8,2022-06-07,-7.331184056408324,-4.641039455883156,-11.674627147800564
13,DOGE,negative,BCH-USD,2022-02-20,2022-05-30,2022-05-30,85.29353985656469,-46.94949576555333,-47.57579876242772,3.4826055029625103,-46.94949576555333,196.80284118652344,9,2022-06-08,-10.042464255755945,-7.146150649989447,-10.538344480953189
13,DOGE,negative,BCH-USD,2022-02-20,2022-05-30,2022-05-30,85.29353985656469,-46.94949576555333,-47.57579876242772,3.4826055029625103,-46.94949576555333,196.80284118652344,10,2022-06-09,-10.771425321672412,-8.405812181129447,-11.69402599895749
13,DOGE,negative,BCH-USD,2022-02-20,2022-05-30,2022-05-30,85.29353985656469,-46.94949576555333,-47.57579876242772,3.4826055029625103,-46.94949576555333,196.80284118652344,11,2022-06-10,-14.681007136869905,-10.317141753732129,-15.056229919339703
13,DOGE,negative,BCH-USD,2022-02-20,2022-05-30,2022-05-30,85.29353985656469,-46.94949576555333,-47.57579876242772,3.4826055029625103,-46.94949576555333,196.80284118652344,12,2022-06-11,-20.248066492004646,-13.8548424750484,-20.785140200893636
13,DOGE,negative,BCH-USD,2022-02-20,2022-05-30,2022-05-30,85.29353985656469,-46.94949576555333,-47.57579876242772,3.4826055029625103,-46.94949576555333,196.80284118652344,13,2022-06-12,-25.247922667588586,-19.74672791700145,-25.247922667588586
13,DOGE,negative,BCH-USD,2022-02-20,2022-05-30,2022-05-30,85.29353985656469,-46.94949576555333,-47.57579876242772,3.4826055029625103,-46.94949576555333,196.80284118652344,14,2022-06-13,-35.61738782141365,-24.73459743235814,-36.40435160735609
13,DOGE,negative,BCH-USD,2022-02-20,2022-05-30,2022-05-30,85.29353985656469,-46.94949576555333,-47.57579876242772,3.4826055029625103,-46.94949576555333,196.80284118652344,15,2022-06-14,-35.82873993296929,-32.4212255065275,-39.690576694040345
13,DOGE,negative,BCH-USD,2022-02-20,2022-05-30,2022-05-30,85.29353985656469,-46.94949576555333,-47.57579876242772,3.4826055029625103,-46.94949576555333,196.80284118652344,16,2022-06-15,-35.17756810512533,-33.9662486351218,-43.010629593513436
13,DOGE,negative,BCH-USD,2022-02-20,2022-05-30,2022-05-30,85.29353985656469,-46.94949576555333,-47.57579876242772,3.4826055029625103,-46.94949576555333,196.80284118652344,17,2022-06-16,-44.421508348290175,-34.13037128951421,-45.065713802127526
13,DOGE,negative,BCH-USD,2022-02-20,2022-05-30,2022-05-30,85.29353985656469,-46.94949576555333,-47.57579876242772,3.4826055029625103,-46.94949576555333,196.80284118652344,18,2022-06-17,-38.549603257828494,-38.417695721964066,-45.077995089190914
13,DOGE,negative,BCH-USD,2022-02-20,2022-05-30,2022-05-30,85.29353985656469,-46.94949576555333,-47.57579876242772,3.4826055029625103,-46.94949576555333,196.80284118652344,19,2022-06-18,-40.79402397533632,-37.342831120440266,-43.74522733600508
13,DOGE,negative,BCH-USD,2022-02-20,2022-05-30,2022-05-30,85.29353985656469,-46.94949576555333,-47.57579876242772,3.4826055029625103,-46.94949576555333,196.80284118652344,20,2022-06-19,-38.92758235188353,-37.87615221383768,-43.200369275972385
13,DOGE,negative,BCH-USD,2022-02-20,2022-05-30,2022-05-30,85.29353985656469,-46.94949576555333,-47.57579876242772,3.4826055029625103,-46.94949576555333,196.80284118652344,21,2022-06-20,-39.54478680685839,-36.907372656660264,-40.818617562814254
13,DOGE,negative,BCH-USD,2022-02-20,2022-05-30,2022-05-30,85.29353985656469,-46.94949576555333,-47.57579876242772,3.4826055029625103,-46.94949576555333,196.80284118652344,22,2022-06-21,-39.59195036065039,-37.71513089456228,-41.04603846694492
13,DOGE,negative,BCH-USD,2022-02-20,2022-05-30,2022-05-30,85.29353985656469,-46.94949576555333,-47.57579876242772,3.4826055029625103,-46.94949576555333,196.80284118652344,23,2022-06-22,-42.42543091694617,-39.410119082739826,-42.56810008566663
13,DOGE,negative,BCH-USD,2022-02-20,2022-05-30,2022-05-30,85.29353985656469,-46.94949576555333,-47.57579876242772,3.4826055029625103,-46.94949576555333,196.80284118652344,24,2022-06-23,-40.97276554813656,-40.18556140872255,-42.811415332272006
13,DOGE,negative,BCH-USD,2022-02-20,2022-05-30,2022-05-30,85.29353985656469,-46.94949576555333,-47.57579876242772,3.4826055029625103,-46.94949576555333,196.80284118652344,25,2022-06-24,-41.7997094204062,-38.66740359557939,-41.7997094204062
13,DOGE,negative,BCH-USD,2022-02-20,2022-05-30,2022-05-30,85.29353985656469,-46.94949576555333,-47.57579876242772,3.4826055029625103,-46.94949576555333,196.80284118652344,26,2022-06-25,-41.427793436504935,-41.089383501874096,-43.16951486822699
13,DOGE,negative,BCH-USD,2022-02-20,2022-05-30,2022-05-30,85.29353985656469,-46.94949576555333,-47.57579876242772,3.4826055029625103,-46.94949576555333,196.80284118652344,27,2022-06-26,-42.54157979374726,-39.55684712379468,-42.54671250336591
13,DOGE,negative,BCH-USD,2022-02-20,2022-05-30,2022-05-30,85.29353985656469,-46.94949576555333,-47.57579876242772,3.4826055029625103,-46.94949576555333,196.80284118652344,28,2022-06-27,-43.38148337013713,-40.73657174229363,-43.68687959244735
13,DOGE,negative,BCH-USD,2022-02-20,2022-05-30,2022-05-30,85.29353985656469,-46.94949576555333,-47.57579876242772,3.4826055029625103,-46.94949576555333,196.80284118652344,29,2022-06-28,-47.57579876242772,-42.82352604590395,-47.73568809438541
13,DOGE,negative,BCH-USD,2022-02-20,2022-05-30,2022-05-30,85.29353985656469,-46.94949576555333,-47.57579876242772,3.4826055029625103,-46.94949576555333,196.80284118652344,30,2022-06-29,-46.94949576555333,-45.546711495432,-48.131592905416795
14,DOGE,negative,INJ-USD,2022-02-22,2022-06-01,2022-06-01,85.21381970797694,-42.93361097064943,-42.93361097064943,3.201733659135497,-42.933610970649426,2.0750620365142822,0,2022-06-01,0.0,9.07470964644903,-0.9533700521437427
14,DOGE,negative,INJ-USD,2022-02-22,2022-06-01,2022-06-01,85.21381970797694,-42.93361097064943,-42.93361097064943,3.201733659135497,-42.933610970649426,2.0750620365142822,1,2022-06-02,3.2017336591354972,3.22187511812857,-1.3460767988201394
14,DOGE,negative,INJ-USD,2022-02-22,2022-06-01,2022-06-01,85.21381970797694,-42.93361097064943,-42.93361097064943,3.201733659135497,-42.933610970649426,2.0750620365142822,2,2022-06-03,-2.0296799851920677,3.216245160965636,-3.3412072305654794
14,DOGE,negative,INJ-USD,2022-02-22,2022-06-01,2022-06-01,85.21381970797694,-42.93361097064943,-42.93361097064943,3.201733659135497,-42.933610970649426,2.0750620365142822,3,2022-06-04,-1.4686375193443624,-0.4881747345676257,-3.605102855295972
14,DOGE,negative,INJ-USD,2022-02-22,2022-06-01,2022-06-01,85.21381970797694,-42.93361097064943,-42.93361097064943,3.201733659135497,-42.933610970649426,2.0750620365142822,4,2022-06-05,-2.5808872605673994,-0.29628511298003257,-3.917042696101458
14,DOGE,negative,INJ-USD,2022-02-22,2022-06-01,2022-06-01,85.21381970797694,-42.93361097064943,-42.93361097064943,3.201733659135497,-42.933610970649426,2.0750620365142822,5,2022-06-06,-1.795462277506099,1.811467441440695,-3.3222147424219917
14,DOGE,negative,INJ-USD,2022-02-22,2022-06-01,2022-06-01,85.21381970797694,-42.93361097064943,-42.93361097064943,3.201733659135497,-42.933610970649426,2.0750620365142822,6,2022-06-07,-4.243970861639667,-1.6591368862039713,-8.475073249764087
14,DOGE,negative,INJ-USD,2022-02-22,2022-06-01,2022-06-01,85.21381970797694,-42.93361097064943,-42.93361097064943,3.201733659135497,-42.933610970649426,2.0750620365142822,7,2022-06-08,-6.367280481363635,-1.9484707255440714,-6.66042890392432
14,DOGE,negative,INJ-USD,2022-02-22,2022-06-01,2022-06-01,85.21381970797694,-42.93361097064943,-42.93361097064943,3.201733659135497,-42.933610970649426,2.0750620365142822,8,2022-06-09,-3.154361591007515,10.411399353428141,-7.434961643331639
14,DOGE,negative,INJ-USD,2022-02-22,2022-06-01,2022-06-01,85.21381970797694,-42.93361097064943,-42.93361097064943,3.201733659135497,-42.933610970649426,2.0750620365142822,9,2022-06-10,-5.1938710218176976,11.978044086241301,-5.277579293063517
14,DOGE,negative,INJ-USD,2022-02-22,2022-06-01,2022-06-01,85.21381970797694,-42.93361097064943,-42.93361097064943,3.201733659135497,-42.933610970649426,2.0750620365142822,10,2022-06-11,-12.010243994300641,3.4977200396946406,-15.032514151586707
14,DOGE,negative,INJ-USD,2022-02-22,2022-06-01,2022-06-01,85.21381970797694,-42.93361097064943,-42.93361097064943,3.201733659135497,-42.933610970649426,2.0750620365142822,11,2022-06-12,-24.940411499313896,-11.854006938175377,-24.940411499313896
14,DOGE,negative,INJ-USD,2022-02-22,2022-06-01,2022-06-01,85.21381970797694,-42.93361097064943,-42.93361097064943,3.201733659135497,-42.933610970649426,2.0750620365142822,12,2022-06-13,-35.74062258823838,-24.586545712207386,-38.90360720547194
14,DOGE,negative,INJ-USD,2022-02-22,2022-06-01,2022-06-01,85.21381970797694,-42.93361097064943,-42.93361097064943,3.201733659135497,-42.933610970649426,2.0750620365142822,13,2022-06-14,-30.963362651622507,-16.64283126639222,-40.55401765807339
14,DOGE,negative,INJ-USD,2022-02-22,2022-06-01,2022-06-01,85.21381970797694,-42.93361097064943,-42.93361097064943,3.201733659135497,-42.933610970649426,2.0750620365142822,14,2022-06-15,-27.66442605861291,-26.163990771006553,-37.79202961219591
14,DOGE,negative,INJ-USD,2022-02-22,2022-06-01,2022-06-01,85.21381970797694,-42.93361097064943,-42.93361097064943,3.201733659135497,-42.933610970649426,2.0750620365142822,15,2022-06-16,-35.10603449830935,-26.988159051115534,-35.937866413985
14,DOGE,negative,INJ-USD,2022-02-22,2022-06-01,2022-06-01,85.21381970797694,-42.93361097064943,-42.93361097064943,3.201733659135497,-42.933610970649426,2.0750620365142822,16,2022-06-17,-34.577617059735346,-32.34780358710997,-35.69194643819611
14,DOGE,negative,INJ-USD,2022-02-22,2022-06-01,2022-06-01,85.21381970797694,-42.93361097064943,-42.93361097064943,3.201733659135497,-42.933610970649426,2.0750620365142822,17,2022-06-18,-40.92484799977388,-31.401953549176696,-45.06680173967974
14,DOGE,negative,INJ-USD,2022-02-22,2022-06-01,2022-06-01,85.21381970797694,-42.93361097064943,-42.93361097064943,3.201733659135497,-42.933610970649426,2.0750620365142822,18,2022-06-19,-37.27840517331019,-37.0028474944565,-43.47373642218061
14,DOGE,negative,INJ-USD,2022-02-22,2022-06-01,2022-06-01,85.21381970797694,-42.93361097064943,-42.93361097064943,3.201733659135497,-42.933610970649426,2.0750620365142822,19,2022-06-20,-34.15030331106973,-32.185063355976105,-39.74479174386315
14,DOGE,negative,INJ-USD,2022-02-22,2022-06-01,2022-06-01,85.21381970797694,-42.93361097064943,-42.93361097064943,3.201733659135497,-42.933610970649426,2.0750620365142822,20,2022-06-21,-35.23552925791075,-30.84920090800868,-35.4366278808577
14,DOGE,negative,INJ-USD,2022-02-22,2022-06-01,2022-06-01,85.21381970797694,-42.93361097064943,-42.93361097064943,3.201733659135497,-42.933610970649426,2.0750620365142822,21,2022-06-22,-37.209489901752654,-31.896591244773187,-37.2227432805025
14,DOGE,negative,INJ-USD,2022-02-22,2022-06-01,2022-06-01,85.21381970797694,-42.93361097064943,-42.93361097064943,3.201733659135497,-42.933610970649426,2.0750620365142822,22,2022-06-23,-33.400157477944646,-33.26112626029176,-37.283707673780974
14,DOGE,negative,INJ-USD,2022-02-22,2022-06-01,2022-06-01,85.21381970797694,-42.93361097064943,-42.93361097064943,3.201733659135497,-42.933610970649426,2.0750620365142822,23,2022-06-24,-30.36998814606775,-28.885213331141102,-34.71506269761581
14,DOGE,negative,INJ-USD,2022-02-22,2022-06-01,2022-06-01,85.21381970797694,-42.93361097064943,-42.93361097064943,3.201733659135497,-42.933610970649426,2.0750620365142822,24,2022-06-25,-30.170331481537016,-29.00419500746888,-32.79290340452702
14,DOGE,negative,INJ-USD,2022-02-22,2022-06-01,2022-06-01,85.21381970797694,-42.93361097064943,-42.93361097064943,3.201733659135497,-42.933610970649426,2.0750620365142822,25,2022-06-26,-34.58267827632772,-27.48833478620697,-34.64841089863193
14,DOGE,negative,INJ-USD,2022-02-22,2022-06-01,2022-06-01,85.21381970797694,-42.93361097064943,-42.93361097064943,3.201733659135497,-42.933610970649426,2.0750620365142822,26,2022-06-27,-34.88714980661097,-31.324317588870887,-35.10025517493598
14,DOGE,negative,INJ-USD,2022-02-22,2022-06-01,2022-06-01,85.21381970797694,-42.93361097064943,-42.93361097064943,3.201733659135497,-42.933610970649426,2.0750620365142822,27,2022-06-28,-38.213512333799926,-31.633321809155714,-38.376108943577606
14,DOGE,negative,INJ-USD,2022-02-22,2022-06-01,2022-06-01,85.21381970797694,-42.93361097064943,-42.93361097064943,3.201733659135497,-42.933610970649426,2.0750620365142822,28,2022-06-29,-38.93310128718055,-35.725967465052044,-39.24427706237108
14,DOGE,negative,INJ-USD,2022-02-22,2022-06-01,2022-06-01,85.21381970797694,-42.93361097064943,-42.93361097064943,3.201733659135497,-42.933610970649426,2.0750620365142822,29,2022-06-30,-40.395856075775086,-38.84385497643977,-43.639567384899834
14,DOGE,negative,INJ-USD,2022-02-22,2022-06-01,2022-06-01,85.21381970797694,-42.93361097064943,-42.93361097064943,3.201733659135497,-42.933610970649426,2.0750620365142822,30,2022-07-01,-42.933610970649426,-38.61012558136488,-43.00131982281491
15,DOGE,negative,NEO-USD,2022-02-20,2022-05-30,2022-05-30,85.18395328123786,-26.96957376769777,-27.649566324912566,3.33650307849247,-26.969573767697774,11.772957801818848,0,2022-05-30,0.0,0.2119346859145388,-9.85606862008186
15,DOGE,negative,NEO-USD,2022-02-20,2022-05-30,2022-05-30,85.18395328123786,-26.96957376769777,-27.649566324912566,3.33650307849247,-26.969573767697774,11.772957801818848,1,2022-05-31,-1.963557084291323,0.6935447771259318,-4.5578796843150915
15,DOGE,negative,NEO-USD,2022-02-20,2022-05-30,2022-05-30,85.18395328123786,-26.96957376769777,-27.649566324912566,3.33650307849247,-26.969573767697774,11.772957801818848,2,2022-06-01,-5.238787603663752,3.442636482721806,-6.728300510310337
15,DOGE,negative,NEO-USD,2022-02-20,2022-05-30,2022-05-30,85.18395328123786,-26.96957376769777,-27.649566324912566,3.33650307849247,-26.969573767697774,11.772957801818848,3,2022-06-02,-2.843746630677546,-2.2800536677629157,-7.220036288843246
15,DOGE,negative,NEO-USD,2022-02-20,2022-05-30,2022-05-30,85.18395328123786,-26.96957376769777,-27.649566324912566,3.33650307849247,-26.969573767697774,11.772957801818848,4,2022-06-03,-5.096647255319042,-0.3842090797281261,-7.160254230896934
15,DOGE,negative,NEO-USD,2022-02-20,2022-05-30,2022-05-30,85.18395328123786,-26.96957376769777,-27.649566324912566,3.33650307849247,-26.969573767697774,11.772957801818848,5,2022-06-04,-4.056844474546084,-3.8495757053493063,-6.898760380955904
15,DOGE,negative,NEO-USD,2022-02-20,2022-05-30,2022-05-30,85.18395328123786,-26.96957376769777,-27.649566324912566,3.33650307849247,-26.969573767697774,11.772957801818848,6,2022-06-05,-2.8871898795618356,1.4106783554360902,-5.6766952283954115
15,DOGE,negative,NEO-USD,2022-02-20,2022-05-30,2022-05-30,85.18395328123786,-26.96957376769777,-27.649566324912566,3.33650307849247,-26.969573767697774,11.772957801818848,7,2022-06-06,3.33650307849247,12.834786612480475,-2.856407790104387
15,DOGE,negative,NEO-USD,2022-02-20,2022-05-30,2022-05-30,85.18395328123786,-26.96957376769777,-27.649566324912566,3.33650307849247,-26.969573767697774,11.772957801818848,8,2022-06-07,0.8859733389842805,3.344806142096113,-4.503849016767414
15,DOGE,negative,NEO-USD,2022-02-20,2022-05-30,2022-05-30,85.18395328123786,-26.96957376769777,-27.649566324912566,3.33650307849247,-26.969573767697774,11.772957801818848,9,2022-06-08,2.2286475783689808,8.459946952739195,-2.320945243442185
15,DOGE,negative,NEO-USD,2022-02-20,2022-05-30,2022-05-30,85.18395328123786,-26.96957376769777,-27.649566324912566,3.33650307849247,-26.969573767697774,11.772957801818848,10,2022-06-09,2.231417966420146,5.102965684207672,0.18918024136560518
15,DOGE,negative,NEO-USD,2022-02-20,2022-05-30,2022-05-30,85.18395328123786,-26.96957376769777,-27.649566324912566,3.33650307849247,-26.969573767697774,11.772957801818848,11,2022-06-10,-3.174889008290993,2.245367113274277,-6.273478937476796
15,DOGE,negative,NEO-USD,2022-02-20,2022-05-30,2022-05-30,85.18395328123786,-26.96957376769777,-27.649566324912566,3.33650307849247,-26.969573767697774,11.772957801818848,12,2022-06-11,-8.026599937577162,-0.7045615249317461,-10.133358542244487
15,DOGE,negative,NEO-USD,2022-02-20,2022-05-30,2022-05-30,85.18395328123786,-26.96957376769777,-27.649566324912566,3.33650307849247,-26.969573767697774,11.772957801818848,13,2022-06-12,-0.5637658678633417,12.304678529273883,-14.372724606173538
15,DOGE,negative,NEO-USD,2022-02-20,2022-05-30,2022-05-30,85.18395328123786,-26.96957376769777,-27.649566324912566,3.33650307849247,-26.969573767697774,11.772957801818848,14,2022-06-13,-16.701802801672372,3.372979854499536,-19.459067962074194
15,DOGE,negative,NEO-USD,2022-02-20,2022-05-30,2022-05-30,85.18395328123786,-26.96957376769777,-27.649566324912566,3.33650307849247,-26.969573767697774,11.772957801818848,15,2022-06-14,-17.469103085248328,-15.563456831886292,-23.547690893710172
15,DOGE,negative,NEO-USD,2022-02-20,2022-05-30,2022-05-30,85.18395328123786,-26.96957376769777,-27.649566324912566,3.33650307849247,-26.969573767697774,11.772957801818848,16,2022-06-15,-15.303923315010703,-15.303923315010703,-28.095971426444454
15,DOGE,negative,NEO-USD,2022-02-20,2022-05-30,2022-05-30,85.18395328123786,-26.96957376769777,-27.649566324912566,3.33650307849247,-26.969573767697774,11.772957801818848,17,2022-06-16,-25.083174420796507,-13.87616900047558,-25.93389416680215
15,DOGE,negative,NEO-USD,2022-02-20,2022-05-30,2022-05-30,85.18395328123786,-26.96957376769777,-27.649566324912566,3.33650307849247,-26.969573767697774,11.772957801818848,18,2022-06-17,-23.041333622684977,-20.977742848206795,-25.319775281026303
15,DOGE,negative,NEO-USD,2022-02-20,2022-05-30,2022-05-30,85.18395328123786,-26.96957376769777,-27.649566324912566,3.33650307849247,-26.969573767697774,11.772957801818848,19,2022-06-18,-27.649566324912566,-21.907847982813223,-32.27844732872622
15,DOGE,negative,NEO-USD,2022-02-20,2022-05-30,2022-05-30,85.18395328123786,-26.96957376769777,-27.649566324912566,3.33650307849247,-26.969573767697774,11.772957801818848,20,2022-06-19,-22.885786864326562,-22.23517500144392,-30.623974824787137
15,DOGE,negative,NEO-USD,2022-02-20,2022-05-30,2022-05-30,85.18395328123786,-26.96957376769777,-27.649566324912566,3.33650307849247,-26.969573767697774,11.772957801818848,21,2022-06-20,-22.14777816903434,-20.01064250240242,-25.986029305683246
15,DOGE,negative,NEO-USD,2022-02-20,2022-05-30,2022-05-30,85.18395328123786,-26.96957376769777,-27.649566324912566,3.33650307849247,-26.969573767697774,11.772957801818848,22,2022-06-21,-21.964875853808085,-17.937015146651135,-23.256921656585128
15,DOGE,negative,NEO-USD,2022-02-20,2022-05-30,2022-05-30,85.18395328123786,-26.96957376769777,-27.649566324912566,3.33650307849247,-26.969573767697774,11.772957801818848,23,2022-06-22,-24.549874720946185,-21.45499484359499,-25.23694715873619
15,DOGE,negative,NEO-USD,2022-02-20,2022-05-30,2022-05-30,85.18395328123786,-26.96957376769777,-27.649566324912566,3.33650307849247,-26.969573767697774,11.772957801818848,24,2022-06-23,-20.920957993707656,-20.416552955198043,-24.58269814896765
15,DOGE,negative,NEO-USD,2022-02-20,2022-05-30,2022-05-30,85.18395328123786,-26.96957376769777,-27.649566324912566,3.33650307849247,-26.969573767697774,11.772957801818848,25,2022-06-24,-17.859881710910653,-16.911955366618326,-20.974389220565904
15,DOGE,negative,NEO-USD,2022-02-20,2022-05-30,2022-05-30,85.18395328123786,-26.96957376769777,-27.649566324912566,3.33650307849247,-26.969573767697774,11.772957801818848,26,2022-06-25,-17.38343977050818,-16.012883438514926,-20.975126370602915
15,DOGE,negative,NEO-USD,2022-02-20,2022-05-30,2022-05-30,85.18395328123786,-26.96957376769777,-27.649566324912566,3.33650307849247,-26.969573767697774,11.772957801818848,27,2022-06-26,-19.484333577078882,-13.65504019047309,-19.490870720813657
15,DOGE,negative,NEO-USD,2022-02-20,2022-05-30,2022-05-30,85.18395328123786,-26.96957376769777,-27.649566324912566,3.33650307849247,-26.969573767697774,11.772957801818848,28,2022-06-27,-19.197971039076155,-15.91404052915708,-19.860928139941215
15,DOGE,negative,NEO-USD,2022-02-20,2022-05-30,2022-05-30,85.18395328123786,-26.96957376769777,-27.649566324912566,3.33650307849247,-26.969573767697774,11.772957801818848,29,2022-06-28,-24.14832236397374,-18.12428365825044,-24.405846944484743
15,DOGE,negative,NEO-USD,2022-02-20,2022-05-30,2022-05-30,85.18395328123786,-26.96957376769777,-27.649566324912566,3.33650307849247,-26.969573767697774,11.772957801818848,30,2022-06-29,-26.969573767697774,-23.31261293685354,-27.79638069052489
16,DOGE,negative,ADA-USD,2022-02-20,2022-05-30,2022-05-30,85.15006515810022,-18.34221398505558,-19.97831923463218,12.549447222036925,-18.34221398505558,0.5700730085372925,0,2022-05-30,0.0,0.8565554307619738,-16.136528597469034
16,DOGE,negative,ADA-USD,2022-02-20,2022-05-30,2022-05-30,85.15006515810022,-18.34221398505558,-19.97831923463218,12.549447222036925,-18.34221398505558,0.5700730085372925,1,2022-05-31,9.679631560820635,19.68870912664449,-0.07666057661885883
16,DOGE,negative,ADA-USD,2022-02-20,2022-05-30,2022-05-30,85.15006515810022,-18.34221398505558,-19.97831923463218,12.549447222036925,-18.34221398505558,0.5700730085372925,2,2022-06-01,-3.038736593547753,10.50812411819948,-5.133383339059527
16,DOGE,negative,ADA-USD,2022-02-20,2022-05-30,2022-05-30,85.15006515810022,-18.34221398505558,-19.97831923463218,12.549447222036925,-18.34221398505558,0.5700730085372925,3,2022-06-02,3.108726487149327,4.514860462485348,-3.44324346591961
16,DOGE,negative,ADA-USD,2022-02-20,2022-05-30,2022-05-30,85.15006515810022,-18.34221398505558,-19.97831923463218,12.549447222036925,-18.34221398505558,0.5700730085372925,4,2022-06-03,-1.8269620643066364,5.826799793146087,-5.0146179967499815
16,DOGE,negative,ADA-USD,2022-02-20,2022-05-30,2022-05-30,85.15006515810022,-18.34221398505558,-19.97831923463218,12.549447222036925,-18.34221398505558,0.5700730085372925,5,2022-06-04,-0.7023664613950431,0.08717892632952307,-3.8565226001276876
16,DOGE,negative,ADA-USD,2022-02-20,2022-05-30,2022-05-30,85.15006515810022,-18.34221398505558,-19.97831923463218,12.549447222036925,-18.34221398505558,0.5700730085372925,6,2022-06-05,-0.5232722146814028,1.6629448158860027,-2.398821526607764
16,DOGE,negative,ADA-USD,2022-02-20,2022-05-30,2022-05-30,85.15006515810022,-18.34221398505558,-19.97831923463218,12.549447222036925,-18.34221398505558,0.5700730085372925,7,2022-06-06,6.885953695422464,12.871856597462328,-0.6078163257752456
16,DOGE,negative,ADA-USD,2022-02-20,2022-05-30,2022-05-30,85.15006515810022,-18.34221398505558,-19.97831923463218,12.549447222036925,-18.34221398505558,0.5700730085372925,8,2022-06-07,7.958982200150189,12.615924028657588,0.8374321090713233
16,DOGE,negative,ADA-USD,2022-02-20,2022-05-30,2022-05-30,85.15006515810022,-18.34221398505558,-19.97831923463218,12.549447222036925,-18.34221398505558,0.5700730085372925,9,2022-06-08,12.549447222036925,16.844509724663894,7.171182900300055
16,DOGE,negative,ADA-USD,2022-02-20,2022-05-30,2022-05-30,85.15006515810022,-18.34221398505558,-19.97831923463218,12.549447222036925,-18.34221398505558,0.5700730085372925,10,2022-06-09,11.0243806145351,14.935450163410824,10.116770410773967
16,DOGE,negative,ADA-USD,2022-02-20,2022-05-30,2022-05-30,85.15006515810022,-18.34221398505558,-19.97831923463218,12.549447222036925,-18.34221398505558,0.5700730085372925,11,2022-06-10,0.7267489579410258,11.403804464087997,0.6769279476315893
16,DOGE,negative,ADA-USD,2022-02-20,2022-05-30,2022-05-30,85.15006515810022,-18.34221398505558,-19.97831923463218,12.549447222036925,-18.34221398505558,0.5700730085372925,12,2022-06-11,-3.0340001994931587,7.646035157217956,-4.135614358404716
16,DOGE,negative,ADA-USD,2022-02-20,2022-05-30,2022-05-30,85.15006515810022,-18.34221398505558,-19.97831923463218,12.549447222036925,-18.34221398505558,0.5700730085372925,13,2022-06-12,-12.842565189197508,-1.7792426328161248,-12.842565189197508
16,DOGE,negative,ADA-USD,2022-02-20,2022-05-30,2022-05-30,85.15006515810022,-18.34221398505558,-19.97831923463218,12.549447222036925,-18.34221398505558,0.5700730085372925,14,2022-06-13,-18.759000978436546,-12.912382565134827,-22.95618323174309
16,DOGE,negative,ADA-USD,2022-02-20,2022-05-30,2022-05-30,85.15006515810022,-18.34221398505558,-19.97831923463218,12.549447222036925,-18.34221398505558,0.5700730085372925,15,2022-06-14,-15.030883798583849,-9.23916782497466,-23.07353706589067
16,DOGE,negative,ADA-USD,2022-02-20,2022-05-30,2022-05-30,85.15006515810022,-18.34221398505558,-19.97831923463218,12.549447222036925,-18.34221398505558,0.5700730085372925,16,2022-06-15,-6.451282370848577,-5.838029124745747,-21.044499310870346
16,DOGE,negative,ADA-USD,2022-02-20,2022-05-30,2022-05-30,85.15006515810022,-18.34221398505558,-19.97831923463218,12.549447222036925,-18.34221398505558,0.5700730085372925,17,2022-06-16,-16.673481985705497,-4.570641173923107,-17.726676186853574
16,DOGE,negative,ADA-USD,2022-02-20,2022-05-30,2022-05-30,85.15006515810022,-18.34221398505558,-19.97831923463218,12.549447222036925,-18.34221398505558,0.5700730085372925,18,2022-06-17,-14.503580943928828,-11.811468932496238,-16.94432426294703
16,DOGE,negative,ADA-USD,2022-02-20,2022-05-30,2022-05-30,85.15006515810022,-18.34221398505558,-19.97831923463218,12.549447222036925,-18.34221398505558,0.5700730085372925,19,2022-06-18,-19.97831923463218,-13.22708092374949,-25.725478600595263
16,DOGE,negative,ADA-USD,2022-02-20,2022-05-30,2022-05-30,85.15006515810022,-18.34221398505558,-19.97831923463218,12.549447222036925,-18.34221398505558,0.5700730085372925,20,2022-06-19,-15.034741920893225,-14.532699834529417,-23.305787664422407
16,DOGE,negative,ADA-USD,2022-02-20,2022-05-30,2022-05-30,85.15006515810022,-18.34221398505558,-19.97831923463218,12.549447222036925,-18.34221398505558,0.5700730085372925,21,2022-06-20,-13.649482582930283,-10.894741431570399,-18.80232905120094
16,DOGE,negative,ADA-USD,2022-02-20,2022-05-30,2022-05-30,85.15006515810022,-18.34221398505558,-19.97831923463218,12.549447222036925,-18.34221398505558,0.5700730085372925,22,2022-06-21,-15.939889827082931,-10.585485221091318,-16.27072642901609
16,DOGE,negative,ADA-USD,2022-02-20,2022-05-30,2022-05-30,85.15006515810022,-18.34221398505558,-19.97831923463218,12.549447222036925,-18.34221398505558,0.5700730085372925,23,2022-06-22,-19.559775697760763,-15.625541731604752,-19.669413287289583
16,DOGE,negative,ADA-USD,2022-02-20,2022-05-30,2022-05-30,85.15006515810022,-18.34221398505558,-19.97831923463218,12.549447222036925,-18.34221398505558,0.5700730085372925,24,2022-06-23,-15.749038240160896,-15.41065791127323,-19.652396772225867
16,DOGE,negative,ADA-USD,2022-02-20,2022-05-30,2022-05-30,85.15006515810022,-18.34221398505558,-19.97831923463218,12.549447222036925,-18.34221398505558,0.5700730085372925,25,2022-06-24,-12.428057520107716,-10.745466601730325,-16.318613150362836
16,DOGE,negative,ADA-USD,2022-02-20,2022-05-30,2022-05-30,85.15006515810022,-18.34221398505558,-19.97831923463218,12.549447222036925,-18.34221398505558,0.5700730085372925,26,2022-06-25,-12.476822513199693,-11.074023879372309,-15.884982159582394
16,DOGE,negative,ADA-USD,2022-02-20,2022-05-30,2022-05-30,85.15006515810022,-18.34221398505558,-19.97831923463218,12.549447222036925,-18.34221398505558,0.5700730085372925,27,2022-06-26,-14.106968061647985,-8.07545776255254,-14.146788275239485
16,DOGE,negative,ADA-USD,2022-02-20,2022-05-30,2022-05-30,85.15006515810022,-18.34221398505558,-19.97831923463218,12.549447222036925,-18.34221398505558,0.5700730085372925,28,2022-06-27,-14.784596535552541,-10.956147264423988,-16.04233395279373
16,DOGE,negative,ADA-USD,2022-02-20,2022-05-30,2022-05-30,85.15006515810022,-18.34221398505558,-19.97831923463218,12.549447222036925,-18.34221398505558,0.5700730085372925,29,2022-06-28,-17.612129685605904,-12.898173382971024,-17.865254921510733
16,DOGE,negative,ADA-USD,2022-02-20,2022-05-30,2022-05-30,85.15006515810022,-18.34221398505558,-19.97831923463218,12.549447222036925,-18.34221398505558,0.5700730085372925,30,2022-06-29,-18.34221398505558,-16.516658201102896,-19.22736552561741
17,DOGE,negative,OP-USD,2025-12-02,2026-03-11,2026-03-11,85.0734067706448,-4.418250446990268,-15.357972827200284,14.283933662869398,-4.418250446990268,0.120387002825737,0,2026-03-11,0.0,1.4361987539353471,-2.618227300661524
17,DOGE,negative,OP-USD,2025-12-02,2026-03-11,2026-03-11,85.0734067706448,-4.418250446990268,-15.357972827200284,14.283933662869398,-4.418250446990268,0.120387002825737,1,2026-03-12,-0.33226121684086785,0.2591646155760019,-3.6341159556803504
17,DOGE,negative,OP-USD,2025-12-02,2026-03-11,2026-03-11,85.0734067706448,-4.418250446990268,-15.357972827200284,14.283933662869398,-4.418250446990268,0.120387002825737,2,2026-03-13,2.782690011864042,5.750612542215738,-0.3837648927130566
17,DOGE,negative,OP-USD,2025-12-02,2026-03-11,2026-03-11,85.0734067706448,-4.418250446990268,-15.357972827200284,14.283933662869398,-4.418250446990268,0.120387002825737,3,2026-03-14,2.8458225518270375,4.774604887836231,1.4179230564046241
17,DOGE,negative,OP-USD,2025-12-02,2026-03-11,2026-03-11,85.0734067706448,-4.418250446990268,-15.357972827200284,14.283933662869398,-4.418250446990268,0.120387002825737,4,2026-03-15,6.465809344804185,7.041459778302728,2.3341339652569904
17,DOGE,negative,OP-USD,2025-12-02,2026-03-11,2026-03-11,85.0734067706448,-4.418250446990268,-15.357972827200284,14.283933662869398,-4.418250446990268,0.120387002825737,5,2026-03-16,14.283933662869398,15.67361696044145,5.8860123764781225
17,DOGE,negative,OP-USD,2025-12-02,2026-03-11,2026-03-11,85.0734067706448,-4.418250446990268,-15.357972827200284,14.283933662869398,-4.418250446990268,0.120387002825737,6,2026-03-17,13.041272874792597,14.836313990470407,11.003678038280551
17,DOGE,negative,OP-USD,2025-12-02,2026-03-11,2026-03-11,85.0734067706448,-4.418250446990268,-15.357972827200284,14.283933662869398,-4.418250446990268,0.120387002825737,7,2026-03-18,4.86597718663182,13.355258394102766,3.9157028036145514
17,DOGE,negative,OP-USD,2025-12-02,2026-03-11,2026-03-11,85.0734067706448,-4.418250446990268,-15.357972827200284,14.283933662869398,-4.418250446990268,0.120387002825737,8,2026-03-19,0.9560795317757664,5.671704603334438,-1.2185737529296525
17,DOGE,negative,OP-USD,2025-12-02,2026-03-11,2026-03-11,85.0734067706448,-4.418250446990268,-15.357972827200284,14.283933662869398,-4.418250446990268,0.120387002825737,9,2026-03-20,2.8391757183871658,4.550320675674757,0.9286690799086728
17,DOGE,negative,OP-USD,2025-12-02,2026-03-11,2026-03-11,85.0734067706448,-4.418250446990268,-15.357972827200284,14.283933662869398,-4.418250446990268,0.120387002825737,10,2026-03-21,-2.3789969965472335,3.070094386272615,-2.416377698574146
17,DOGE,negative,OP-USD,2025-12-02,2026-03-11,2026-03-11,85.0734067706448,-4.418250446990268,-15.357972827200284,14.283933662869398,-4.418250446990268,0.120387002825737,11,2026-03-22,-4.86680649359732,-0.5465751788425233,-6.160135461722838
17,DOGE,negative,OP-USD,2025-12-02,2026-03-11,2026-03-11,85.0734067706448,-4.418250446990268,-15.357972827200284,14.283933662869398,-4.418250446990268,0.120387002825737,12,2026-03-23,-5.788834928924058,-1.486873122842025,-6.881143601927708
17,DOGE,negative,OP-USD,2025-12-02,2026-03-11,2026-03-11,85.0734067706448,-4.418250446990268,-15.357972827200284,14.283933662869398,-4.418250446990268,0.120387002825737,13,2026-03-24,-5.410887562685396,-2.9637759955242204,-9.024233711080598
17,DOGE,negative,OP-USD,2025-12-02,2026-03-11,2026-03-11,85.0734067706448,-4.418250446990268,-15.357972827200284,14.283933662869398,-4.418250446990268,0.120387002825737,14,2026-03-25,-5.8743897012452635,-4.0486147169804365,-6.547223771155841
17,DOGE,negative,OP-USD,2025-12-02,2026-03-11,2026-03-11,85.0734067706448,-4.418250446990268,-15.357972827200284,14.283933662869398,-4.418250446990268,0.120387002825737,15,2026-03-26,-9.675462477882569,-5.4466034619233605,-11.943152864172513
17,DOGE,negative,OP-USD,2025-12-02,2026-03-11,2026-03-11,85.0734067706448,-4.418250446990268,-15.357972827200284,14.283933662869398,-4.418250446990268,0.120387002825737,16,2026-03-27,-13.529703733181009,-8.519191957950422,-14.73996584988182
17,DOGE,negative,OP-USD,2025-12-02,2026-03-11,2026-03-11,85.0734067706448,-4.418250446990268,-15.357972827200284,14.283933662869398,-4.418250446990268,0.120387002825737,17,2026-03-28,-14.962579070396398,-11.95644034219433,-15.012417943479639
17,DOGE,negative,OP-USD,2025-12-02,2026-03-11,2026-03-11,85.0734067706448,-4.418250446990268,-15.357972827200284,14.283933662869398,-4.418250446990268,0.120387002825737,18,2026-03-29,-15.357972827200284,-13.580371913229738,-16.979410288481233
17,DOGE,negative,OP-USD,2025-12-02,2026-03-11,2026-03-11,85.0734067706448,-4.418250446990268,-15.357972827200284,14.283933662869398,-4.418250446990268,0.120387002825737,19,2026-03-30,-12.087687452771279,-9.135540321337887,-15.358802134165773
17,DOGE,negative,OP-USD,2025-12-02,2026-03-11,2026-03-11,85.0734067706448,-4.418250446990268,-15.357972827200284,14.283933662869398,-4.418250446990268,0.120387002825737,20,2026-03-31,-8.204377131674756,-6.892772466018526,-12.15580202338522
17,DOGE,negative,OP-USD,2025-12-02,2026-03-11,2026-03-11,85.0734067706448,-4.418250446990268,-15.357972827200284,14.283933662869398,-4.418250446990268,0.120387002825737,21,2026-04-01,-8.606411533060566,-6.0255711232839015,-9.508505656925614
17,DOGE,negative,OP-USD,2025-12-02,2026-03-11,2026-03-11,85.0734067706448,-4.418250446990268,-15.357972827200284,14.283933662869398,-4.418250446990268,0.120387002825737,22,2026-04-02,-11.61670298494808,-7.819782931996211,-12.83693535180872
17,DOGE,negative,OP-USD,2025-12-02,2026-03-11,2026-03-11,85.0734067706448,-4.418250446990268,-15.357972827200284,14.283933662869398,-4.418250446990268,0.120387002825737,23,2026-04-03,-8.593124055038748,-7.768285444981982,-11.885008543718401
17,DOGE,negative,OP-USD,2025-12-02,2026-03-11,2026-03-11,85.0734067706448,-4.418250446990268,-15.357972827200284,14.283933662869398,-4.418250446990268,0.120387002825737,24,2026-04-04,-8.155367565557025,-7.742533607045887,-9.72447204400031
17,DOGE,negative,OP-USD,2025-12-02,2026-03-11,2026-03-11,85.0734067706448,-4.418250446990268,-15.357972827200284,14.283933662869398,-4.418250446990268,0.120387002825737,25,2026-04-05,-8.528332901144752,-8.108852109193732,-11.981362873164924
17,DOGE,negative,OP-USD,2025-12-02,2026-03-11,2026-03-11,85.0734067706448,-4.418250446990268,-15.357972827200284,14.283933662869398,-4.418250446990268,0.120387002825737,26,2026-04-06,-8.789156130651744,-4.503811408169412,-9.3432012610417
17,DOGE,negative,OP-USD,2025-12-02,2026-03-11,2026-03-11,85.0734067706448,-4.418250446990268,-15.357972827200284,14.283933662869398,-4.418250446990268,0.120387002825737,27,2026-04-07,-1.3116046656562297,-0.6952624911267247,-10.607461163369136
17,DOGE,negative,OP-USD,2025-12-02,2026-03-11,2026-03-11,85.0734067706448,-4.418250446990268,-15.357972827200284,14.283933662869398,-4.418250446990268,0.120387002825737,28,2026-04-08,-4.511287548574794,0.2857457604775737,-4.9324269544568144
17,DOGE,negative,OP-USD,2025-12-02,2026-03-11,2026-03-11,85.0734067706448,-4.418250446990268,-15.357972827200284,14.283933662869398,-4.418250446990268,0.120387002825737,29,2026-04-09,-5.311209816518925,-3.3550170286426484,-7.656972645866745
17,DOGE,negative,OP-USD,2025-12-02,2026-03-11,2026-03-11,85.0734067706448,-4.418250446990268,-15.357972827200284,14.283933662869398,-4.418250446990268,0.120387002825737,30,2026-04-10,-4.418250446990268,-3.492075476836032,-5.709091494219298
18,DOGE,negative,HBAR-USD,2020-07-02,2020-10-09,2020-10-09,84.9573999199383,-12.184229809540092,-17.297484945522534,0.2726304445865413,-12.184229809540092,0.03447899967432022,0,2020-10-09,0.0,2.5783797671971698,-7.6713386129978804
18,DOGE,negative,HBAR-USD,2020-07-02,2020-10-09,2020-10-09,84.9573999199383,-12.184229809540092,-17.297484945522534,0.2726304445865413,-12.184229809540092,0.03447899967432022,1,2020-10-10,-0.22042300558831052,2.598681459638752,-0.919399795967446
18,DOGE,negative,HBAR-USD,2020-07-02,2020-10-09,2020-10-09,84.9573999199383,-12.184229809540092,-17.297484945522534,0.2726304445865413,-12.184229809540092,0.03447899967432022,2,2020-10-11,-1.1688221323238213,0.35674363014142063,-1.664781998287268
18,DOGE,negative,HBAR-USD,2020-07-02,2020-10-09,2020-10-09,84.9573999199383,-12.184229809540092,-17.297484945522534,0.2726304445865413,-12.184229809540092,0.03447899967432022,3,2020-10-12,-0.7975896413180417,0.4292527615812114,-3.2802521688452546
18,DOGE,negative,HBAR-USD,2020-07-02,2020-10-09,2020-10-09,84.9573999199383,-12.184229809540092,-17.297484945522534,0.2726304445865413,-12.184229809540092,0.03447899967432022,4,2020-10-13,-0.9542011537930439,2.120127674847927,-1.7836965416677342
18,DOGE,negative,HBAR-USD,2020-07-02,2020-10-09,2020-10-09,84.9573999199383,-12.184229809540092,-17.297484945522534,0.2726304445865413,-12.184229809540092,0.03447899967432022,5,2020-10-14,0.2726304445865413,0.6873727362640469,-1.3167468109919978
18,DOGE,negative,HBAR-USD,2020-07-02,2020-10-09,2020-10-09,84.9573999199383,-12.184229809540092,-17.297484945522534,0.2726304445865413,-12.184229809540092,0.03447899967432022,6,2020-10-15,-2.160731059731058,0.6177700206128733,-2.714689587230612
18,DOGE,negative,HBAR-USD,2020-07-02,2020-10-09,2020-10-09,84.9573999199383,-12.184229809540092,-17.297484945522534,0.2726304445865413,-12.184229809540092,0.03447899967432022,7,2020-10-16,-6.316884028391689,-1.551669481964335,-7.329094648240497
18,DOGE,negative,HBAR-USD,2020-07-02,2020-10-09,2020-10-09,84.9573999199383,-12.184229809540092,-17.297484945522534,0.2726304445865413,-12.184229809540092,0.03447899967432022,8,2020-10-17,-5.838330243600865,-5.649812984569202,-6.975257433887682
18,DOGE,negative,HBAR-USD,2020-07-02,2020-10-09,2020-10-09,84.9573999199383,-12.184229809540092,-17.297484945522534,0.2726304445865413,-12.184229809540092,0.03447899967432022,9,2020-10-18,-5.049449045128962,-5.049449045128962,-6.200875900799819
18,DOGE,negative,HBAR-USD,2020-07-02,2020-10-09,2020-10-09,84.9573999199383,-12.184229809540092,-17.297484945522534,0.2726304445865413,-12.184229809540092,0.03447899967432022,10,2020-10-19,-5.200269335066087,-4.6492064188354725,-6.850540863449672
18,DOGE,negative,HBAR-USD,2020-07-02,2020-10-09,2020-10-09,84.9573999199383,-12.184229809540092,-17.297484945522534,0.2726304445865413,-12.184229809540092,0.03447899967432022,11,2020-10-20,-12.303138950660731,-5.15675953439435,-12.674382246186166
18,DOGE,negative,HBAR-USD,2020-07-02,2020-10-09,2020-10-09,84.9573999199383,-12.184229809540092,-17.297484945522534,0.2726304445865413,-12.184229809540092,0.03447899967432022,12,2020-10-21,-9.370921969110746,-8.657445513347584,-12.294441312334248
18,DOGE,negative,HBAR-USD,2020-07-02,2020-10-09,2020-10-09,84.9573999199383,-12.184229809540092,-17.297484945522534,0.2726304445865413,-12.184229809540092,0.03447899967432022,13,2020-10-22,-6.360393829063426,-5.342381182157075,-10.31352447104853
18,DOGE,negative,HBAR-USD,2020-07-02,2020-10-09,2020-10-09,84.9573999199383,-12.184229809540092,-17.297484945522534,0.2726304445865413,-12.184229809540092,0.03447899967432022,14,2020-10-23,-5.731019754335476,-4.982741940746715,-9.452128738877018
18,DOGE,negative,HBAR-USD,2020-07-02,2020-10-09,2020-10-09,84.9573999199383,-12.184229809540092,-17.297484945522534,0.2726304445865413,-12.184229809540092,0.03447899967432022,15,2020-10-24,-6.511214119000552,-5.6614170386842915,-6.778042536529538
18,DOGE,negative,HBAR-USD,2020-07-02,2020-10-09,2020-10-09,84.9573999199383,-12.184229809540092,-17.297484945522534,0.2726304445865413,-12.184229809540092,0.03447899967432022,16,2020-10-25,-7.2391902401477415,-4.585394925722164,-7.920760949354245
18,DOGE,negative,HBAR-USD,2020-07-02,2020-10-09,2020-10-09,84.9573999199383,-12.184229809540092,-17.297484945522534,0.2726304445865413,-12.184229809540092,0.03447899967432022,17,2020-10-26,-10.960293822429445,-7.015860818770825,-11.679572305250153
18,DOGE,negative,HBAR-USD,2020-07-02,2020-10-09,2020-10-09,84.9573999199383,-12.184229809540092,-17.297484945522534,0.2726304445865413,-12.184229809540092,0.03447899967432022,18,2020-10-27,-10.235213312551195,-9.550741589815914,-11.528757417572855
18,DOGE,negative,HBAR-USD,2020-07-02,2020-10-09,2020-10-09,84.9573999199383,-12.184229809540092,-17.297484945522534,0.2726304445865413,-12.184229809540092,0.03447899967432022,19,2020-10-28,-12.981814048598295,-10.020592334020428,-13.312448556980772
18,DOGE,negative,HBAR-USD,2020-07-02,2020-10-09,2020-10-09,84.9573999199383,-12.184229809540092,-17.297484945522534,0.2726304445865413,-12.184229809540092,0.03447899967432022,20,2020-10-29,-14.652398073943107,-11.148816483720935,-15.751617490615732
18,DOGE,negative,HBAR-USD,2020-07-02,2020-10-09,2020-10-09,84.9573999199383,-12.184229809540092,-17.297484945522534,0.2726304445865413,-12.184229809540092,0.03447899967432022,21,2020-10-30,-14.951126835768925,-13.698191517890235,-16.549201729673946
18,DOGE,negative,HBAR-USD,2020-07-02,2020-10-09,2020-10-09,84.9573999199383,-12.184229809540092,-17.297484945522534,0.2726304445865413,-12.184229809540092,0.03447899967432022,22,2020-10-31,-15.33396878314962,-13.486471552888235,-15.403576901060633
18,DOGE,negative,HBAR-USD,2020-07-02,2020-10-09,2020-10-09,84.9573999199383,-12.184229809540092,-17.297484945522534,0.2726304445865413,-12.184229809540092,0.03447899967432022,23,2020-11-01,-14.95692886282647,-14.84961837356108,-16.288175339202493
18,DOGE,negative,HBAR-USD,2020-07-02,2020-10-09,2020-10-09,84.9573999199383,-12.184229809540092,-17.297484945522534,0.2726304445865413,-12.184229809540092,0.03447899967432022,24,2020-11-02,-13.875110125066637,-11.937697682192837,-16.24757195431935
18,DOGE,negative,HBAR-USD,2020-07-02,2020-10-09,2020-10-09,84.9573999199383,-12.184229809540092,-17.297484945522534,0.2726304445865413,-12.184229809540092,0.03447899967432022,25,2020-11-03,-17.297484945522534,-13.875110125066637,-17.56431336305152
18,DOGE,negative,HBAR-USD,2020-07-02,2020-10-09,2020-10-09,84.9573999199383,-12.184229809540092,-17.297484945522534,0.2726304445865413,-12.184229809540092,0.03447899967432022,26,2020-11-04,-17.201773108112405,-16.917544011670614,-19.423414647427993
18,DOGE,negative,HBAR-USD,2020-07-02,2020-10-09,2020-10-09,84.9573999199383,-12.184229809540092,-17.297484945522534,0.2726304445865413,-12.184229809540092,0.03447899967432022,27,2020-11-05,-14.226051728150502,-12.413350453454886,-18.13567797172371
18,DOGE,negative,HBAR-USD,2020-07-02,2020-10-09,2020-10-09,84.9573999199383,-12.184229809540092,-17.297484945522534,0.2726304445865413,-12.184229809540092,0.03447899967432022,28,2020-11-06,-9.278111145229385,-9.106989162850688,-14.46097439912285
18,DOGE,negative,HBAR-USD,2020-07-02,2020-10-09,2020-10-09,84.9573999199383,-12.184229809540092,-17.297484945522534,0.2726304445865413,-12.184229809540092,0.03447899967432022,29,2020-11-07,-13.47196648524438,-7.636526450652625,-15.1135457775613
18,DOGE,negative,HBAR-USD,2020-07-02,2020-10-09,2020-10-09,84.9573999199383,-12.184229809540092,-17.297484945522534,0.2726304445865413,-12.184229809540092,0.03447899967432022,30,2020-11-08,-12.184229809540092,-10.96609584948699,-13.683691852506207
19,DOGE,negative,SOL-USD,2022-02-28,2022-06-07,2022-06-07,84.91652552382445,-2.3309389733712105,-28.51395240794856,7.341326054525488,-2.3309389733712105,39.43757247924805,0,2022-06-07,0.0,7.636722126015982,-4.2123466252698805
19,DOGE,negative,SOL-USD,2022-02-28,2022-06-07,2022-06-07,84.91652552382445,-2.3309389733712105,-28.51395240794856,7.341326054525488,-2.3309389733712105,39.43757247924805,1,2022-06-08,-1.506695041352446,2.7619179629036594,-2.6268477005409907
19,DOGE,negative,SOL-USD,2022-02-28,2022-06-07,2022-06-07,84.91652552382445,-2.3309389733712105,-28.51395240794856,7.341326054525488,-2.3309389733712105,39.43757247924805,2,2022-06-09,1.3566610368045184,5.796984675367556,-2.2361363637023124
19,DOGE,negative,SOL-USD,2022-02-28,2022-06-07,2022-06-07,84.91652552382445,-2.3309389733712105,-28.51395240794856,7.341326054525488,-2.3309389733712105,39.43757247924805,3,2022-06-10,-5.9532189118099765,3.3780140163931716,-6.177646026342954
19,DOGE,negative,SOL-USD,2022-02-28,2022-06-07,2022-06-07,84.91652552382445,-2.3309389733712105,-28.51395240794856,7.341326054525488,-2.3309389733712105,39.43757247924805,4,2022-06-11,-14.241381314938605,-4.042628577188001,-15.218116129666292
19,DOGE,negative,SOL-USD,2022-02-28,2022-06-07,2022-06-07,84.91652552382445,-2.3309389733712105,-28.51395240794856,7.341326054525488,-2.3309389733712105,39.43757247924805,5,2022-06-12,-22.045732175324762,-13.208389793973351,-22.045732175324762
19,DOGE,negative,SOL-USD,2022-02-28,2022-06-07,2022-06-07,84.91652552382445,-2.3309389733712105,-28.51395240794856,7.341326054525488,-2.3309389733712105,39.43757247924805,6,2022-06-13,-28.513952407948562,-21.602725122826982,-33.71901806511559
19,DOGE,negative,SOL-USD,2022-02-28,2022-06-07,2022-06-07,84.91652552382445,-2.3309389733712105,-28.51395240794856,7.341326054525488,-2.3309389733712105,39.43757247924805,7,2022-06-14,-24.654037216674308,-19.847198622058915,-33.92007098249881
19,DOGE,negative,SOL-USD,2022-02-28,2022-06-07,2022-06-07,84.91652552382445,-2.3309389733712105,-28.51395240794856,7.341326054525488,-2.3309389733712105,39.43757247924805,8,2022-06-15,-12.55054615724427,-12.353812122140118,-31.871058778101634
19,DOGE,negative,SOL-USD,2022-02-28,2022-06-07,2022-06-07,84.91652552382445,-2.3309389733712105,-28.51395240794856,7.341326054525488,-2.3309389733712105,39.43757247924805,9,2022-06-16,-23.95641923743338,-9.447470348914422,-24.610727484525295
19,DOGE,negative,SOL-USD,2022-02-28,2022-06-07,2022-06-07,84.91652552382445,-2.3309389733712105,-28.51395240794856,7.341326054525488,-2.3309389733712105,39.43757247924805,10,2022-06-17,-22.04662206820197,-18.836614023376907,-25.25385887053442
19,DOGE,negative,SOL-USD,2022-02-28,2022-06-07,2022-06-07,84.91652552382445,-2.3309389733712105,-28.51395240794856,7.341326054525488,-2.3309389733712105,39.43757247924805,11,2022-06-18,-19.346111550200163,-19.268274941690255,-30.363261043401334
19,DOGE,negative,SOL-USD,2022-02-28,2022-06-07,2022-06-07,84.91652552382445,-2.3309389733712105,-28.51395240794856,7.341326054525488,-2.3309389733712105,39.43757247924805,12,2022-06-19,-13.169737490306698,-10.844979403332633,-26.692980089710872
19,DOGE,negative,SOL-USD,2022-02-28,2022-06-07,2022-06-07,84.91652552382445,-2.3309389733712105,-28.51395240794856,7.341326054525488,-2.3309389733712105,39.43757247924805,13,2022-06-20,-10.194487055589185,-6.778652591914569,-19.13064140093127
19,DOGE,negative,SOL-USD,2022-02-28,2022-06-07,2022-06-07,84.91652552382445,-2.3309389733712105,-28.51395240794856,7.341326054525488,-2.3309389733712105,39.43757247924805,14,2022-06-21,-8.409274889167229,-1.6045639123482558,-12.773251522514817
19,DOGE,negative,SOL-USD,2022-02-28,2022-06-07,2022-06-07,84.91652552382445,-2.3309389733712105,-28.51395240794856,7.341326054525488,-2.3309389733712105,39.43757247924805,15,2022-06-22,-13.479371847832578,-6.929663544077702,-14.287974945259496
19,DOGE,negative,SOL-USD,2022-02-28,2022-06-07,2022-06-07,84.91652552382445,-2.3309389733712105,-28.51395240794856,7.341326054525488,-2.3309389733712105,39.43757247924805,16,2022-06-23,-3.2008576245876608,-2.7644135320593066,-13.575847843020572
19,DOGE,negative,SOL-USD,2022-02-28,2022-06-07,2022-06-07,84.91652552382445,-2.3309389733712105,-28.51395240794856,7.341326054525488,-2.3309389733712105,39.43757247924805,17,2022-06-24,7.035106177278472,8.346721223548537,-4.018088813824061
19,DOGE,negative,SOL-USD,2022-02-28,2022-06-07,2022-06-07,84.91652552382445,-2.3309389733712105,-28.51395240794856,7.341326054525488,-2.3309389733712105,39.43757247924805,18,2022-06-25,7.341326054525488,7.7416521035375,1.1099962730899415
19,DOGE,negative,SOL-USD,2022-02-28,2022-06-07,2022-06-07,84.91652552382445,-2.3309389733712105,-28.51395240794856,7.341326054525488,-2.3309389733712105,39.43757247924805,19,2022-06-26,-0.07476067443433765,7.362905956797827,-0.13507026236266872
19,DOGE,negative,SOL-USD,2022-02-28,2022-06-07,2022-06-07,84.91652552382445,-2.3309389733712105,-28.51395240794856,7.341326054525488,-2.3309389733712105,39.43757247924805,20,2022-06-27,-2.5009665494103883,4.170096059099726,-3.2117781578308247
19,DOGE,negative,SOL-USD,2022-02-28,2022-06-07,2022-06-07,84.91652552382445,-2.3309389733712105,-28.51395240794856,7.341326054525488,-2.3309389733712105,39.43757247924805,21,2022-06-28,-10.424408291364085,0.6804681958572978,-10.67113109157065
19,DOGE,negative,SOL-USD,2022-02-28,2022-06-07,2022-06-07,84.91652552382445,-2.3309389733712105,-28.51395240794856,7.341326054525488,-2.3309389733712105,39.43757247924805,22,2022-06-29,-14.107539491656429,-8.794511450261322,-15.686654402266209
19,DOGE,negative,SOL-USD,2022-02-28,2022-06-07,2022-06-07,84.91652552382445,-2.3309389733712105,-28.51395240794856,7.341326054525488,-2.3309389733712105,39.43757247924805,23,2022-06-30,-14.831428656272394,-13.67178216428332,-21.249345759462145
19,DOGE,negative,SOL-USD,2022-02-28,2022-06-07,2022-06-07,84.91652552382445,-2.3309389733712105,-28.51395240794856,7.341326054525488,-2.3309389733712105,39.43757247924805,24,2022-07-01,-16.82279611499854,-10.66705886438255,-19.026286951955363
19,DOGE,negative,SOL-USD,2022-02-28,2022-06-07,2022-06-07,84.91652552382445,-2.3309389733712105,-28.51395240794856,7.341326054525488,-2.3309389733712105,39.43757247924805,25,2022-07-02,-15.412112776898146,-13.953636387642366,-18.966649620059272
19,DOGE,negative,SOL-USD,2022-02-28,2022-06-07,2022-06-07,84.91652552382445,-2.3309389733712105,-28.51395240794856,7.341326054525488,-2.3309389733712105,39.43757247924805,26,2022-07-03,-15.34485815542811,-14.859112062952573,-18.303597208173894
19,DOGE,negative,SOL-USD,2022-02-28,2022-06-07,2022-06-07,84.91652552382445,-2.3309389733712105,-28.51395240794856,7.341326054525488,-2.3309389733712105,39.43757247924805,27,2022-07-04,-6.725926438939855,-6.671468863954044,-17.538753625708924
19,DOGE,negative,SOL-USD,2022-02-28,2022-06-07,2022-06-07,84.91652552382445,-2.3309389733712105,-28.51395240794856,7.341326054525488,-2.3309389733712105,39.43757247924805,28,2022-07-05,-10.24915743104563,-6.504159330289838,-15.646957441743691
19,DOGE,negative,SOL-USD,2022-02-28,2022-06-07,2022-06-07,84.91652552382445,-2.3309389733712105,-28.51395240794856,7.341326054525488,-2.3309389733712105,39.43757247924805,29,2022-07-06,-5.994308748140298,-4.973282417274061,-11.532363614485641
19,DOGE,negative,SOL-USD,2022-02-28,2022-06-07,2022-06-07,84.91652552382445,-2.3309389733712105,-28.51395240794856,7.341326054525488,-2.3309389733712105,39.43757247924805,30,2022-07-07,-2.3309389733712105,-0.8065718202072025,-7.454468195663844
20,DOGE,negative,BAT-USD,2018-09-19,2018-12-27,2018-12-27,84.84135341394826,-1.7628016859120743,-6.082235240238298,10.323062790517778,-1.7628016859120743,0.12848900258541107,0,2018-12-27,0.0,10.600909153006977,-0.24749641964612046
20,DOGE,negative,BAT-USD,2018-09-19,2018-12-27,2018-12-27,84.84135341394826,-1.7628016859120743,-6.082235240238298,10.323062790517778,-1.7628016859120743,0.12848900258541107,1,2018-12-28,8.684015113042221,9.42104207810246,-0.26305989816939324
20,DOGE,negative,BAT-USD,2018-09-19,2018-12-27,2018-12-27,84.84135341394826,-1.7628016859120743,-6.082235240238298,10.323062790517778,-1.7628016859120743,0.12848900258541107,2,2018-12-29,5.946814421522784,11.927086842702517,5.823060413086267
20,DOGE,negative,BAT-USD,2018-09-19,2018-12-27,2018-12-27,84.84135341394826,-1.7628016859120743,-6.082235240238298,10.323062790517778,-1.7628016859120743,0.12848900258541107,3,2018-12-30,7.800665935964046,8.6668860088851,5.135066523433185
20,DOGE,negative,BAT-USD,2018-09-19,2018-12-27,2018-12-27,84.84135341394826,-1.7628016859120743,-6.082235240238298,10.323062790517778,-1.7628016859120743,0.12848900258541107,4,2018-12-31,-0.046702032796730464,7.852807068185075,-1.0709111280147177
20,DOGE,negative,BAT-USD,2018-09-19,2018-12-27,2018-12-27,84.84135341394826,-1.7628016859120743,-6.082235240238298,10.323062790517778,-1.7628016859120743,0.12848900258541107,5,2019-01-01,2.221205274279625,3.175367118915995,-0.859992362066353
20,DOGE,negative,BAT-USD,2018-09-19,2018-12-27,2018-12-27,84.84135341394826,-1.7628016859120743,-6.082235240238298,10.323062790517778,-1.7628016859120743,0.12848900258541107,6,2019-01-02,5.750682119894224,6.693177154251595,1.5728970951381926
20,DOGE,negative,BAT-USD,2018-09-19,2018-12-27,2018-12-27,84.84135341394826,-1.7628016859120743,-6.082235240238298,10.323062790517778,-1.7628016859120743,0.12848900258541107,7,2019-01-03,2.6072305694551545,5.845640213894621,2.015737204982493
20,DOGE,negative,BAT-USD,2018-09-19,2018-12-27,2018-12-27,84.84135341394826,-1.7628016859120743,-6.082235240238298,10.323062790517778,-1.7628016859120743,0.12848900258541107,8,2019-01-04,7.732172713789365,8.903481035228777,2.176834284093321
20,DOGE,negative,BAT-USD,2018-09-19,2018-12-27,2018-12-27,84.84135341394826,-1.7628016859120743,-6.082235240238298,10.323062790517778,-1.7628016859120743,0.12848900258541107,9,2019-01-05,6.347626181018096,9.435828542422243,6.014519032267085
20,DOGE,negative,BAT-USD,2018-09-19,2018-12-27,2018-12-27,84.84135341394826,-1.7628016859120743,-6.082235240238298,10.323062790517778,-1.7628016859120743,0.12848900258541107,10,2019-01-06,9.583693185620223,11.184609180991067,4.650198063239919
20,DOGE,negative,BAT-USD,2018-09-19,2018-12-27,2018-12-27,84.84135341394826,-1.7628016859120743,-6.082235240238298,10.323062790517778,-1.7628016859120743,0.12848900258541107,11,2019-01-07,7.348490058451174,10.134712228150855,7.093211899543439
20,DOGE,negative,BAT-USD,2018-09-19,2018-12-27,2018-12-27,84.84135341394826,-1.7628016859120743,-6.082235240238298,10.323062790517778,-1.7628016859120743,0.12848900258541107,12,2019-01-08,9.585258811254093,10.713750170914139,6.83404866961832
20,DOGE,negative,BAT-USD,2018-09-19,2018-12-27,2018-12-27,84.84135341394826,-1.7628016859120743,-6.082235240238298,10.323062790517778,-1.7628016859120743,0.12848900258541107,13,2019-01-09,10.323062790517778,13.139646500287427,9.544007475108574
20,DOGE,negative,BAT-USD,2018-09-19,2018-12-27,2018-12-27,84.84135341394826,-1.7628016859120743,-6.082235240238298,10.323062790517778,-1.7628016859120743,0.12848900258541107,14,2019-01-10,-2.2858018282100434,11.002497926705757,-5.668191044830129
20,DOGE,negative,BAT-USD,2018-09-19,2018-12-27,2018-12-27,84.84135341394826,-1.7628016859120743,-6.082235240238298,10.323062790517778,-1.7628016859120743,0.12848900258541107,15,2019-01-11,0.9526078162294116,2.898297770630287,-2.8679536264006655
20,DOGE,negative,BAT-USD,2018-09-19,2018-12-27,2018-12-27,84.84135341394826,-1.7628016859120743,-6.082235240238298,10.323062790517778,-1.7628016859120743,0.12848900258541107,16,2019-01-12,2.255440288140065,5.0082044581827745,-1.1347306677416569
20,DOGE,negative,BAT-USD,2018-09-19,2018-12-27,2018-12-27,84.84135341394826,-1.7628016859120743,-6.082235240238298,10.323062790517778,-1.7628016859120743,0.12848900258541107,17,2019-01-13,-6.082235240238298,2.1830619949480212,-6.374091052843811
20,DOGE,negative,BAT-USD,2018-09-19,2018-12-27,2018-12-27,84.84135341394826,-1.7628016859120743,-6.082235240238298,10.323062790517778,-1.7628016859120743,0.12848900258541107,18,2019-01-14,-2.1457073270467864,-1.1059347533055264,-6.651931616719542
20,DOGE,negative,BAT-USD,2018-09-19,2018-12-27,2018-12-27,84.84135341394826,-1.7628016859120743,-6.082235240238298,10.323062790517778,-1.7628016859120743,0.12848900258541107,19,2019-01-15,-5.433150046893386,-1.556556602411463,-6.329725861270951
20,DOGE,negative,BAT-USD,2018-09-19,2018-12-27,2018-12-27,84.84135341394826,-1.7628016859120743,-6.082235240238298,10.323062790517778,-1.7628016859120743,0.12848900258541107,20,2019-01-16,-2.978469400310879,-1.3246236612886042,-6.125040604790744
20,DOGE,negative,BAT-USD,2018-09-19,2018-12-27,2018-12-27,84.84135341394826,-1.7628016859120743,-6.082235240238298,10.323062790517778,-1.7628016859120743,0.12848900258541107,21,2019-01-17,0.5346785498038908,0.5346785498038908,-3.237632630235987
20,DOGE,negative,BAT-USD,2018-09-19,2018-12-27,2018-12-27,84.84135341394826,-1.7628016859120743,-6.082235240238298,10.323062790517778,-1.7628016859120743,0.12848900258541107,22,2019-01-18,-1.976828508674322,3.7022639294582493,-3.177703960139866
20,DOGE,negative,BAT-USD,2018-09-19,2018-12-27,2018-12-27,84.84135341394826,-1.7628016859120743,-6.082235240238298,10.323062790517778,-1.7628016859120743,0.12848900258541107,23,2019-01-19,1.0101996451016726,1.3316283863467726,-2.176845881320244
20,DOGE,negative,BAT-USD,2018-09-19,2018-12-27,2018-12-27,84.84135341394826,-1.7628016859120743,-6.082235240238298,10.323062790517778,-1.7628016859120743,0.12848900258541107,24,2019-01-20,-2.8874079745547565,2.083441815726794,-5.318743403352366
20,DOGE,negative,BAT-USD,2018-09-19,2018-12-27,2018-12-27,84.84135341394826,-1.7628016859120743,-6.082235240238298,10.323062790517778,-1.7628016859120743,0.12848900258541107,25,2019-01-21,-4.910149904595418,-2.657040659065768,-6.161618258488499
20,DOGE,negative,BAT-USD,2018-09-19,2018-12-27,2018-12-27,84.84135341394826,-1.7628016859120743,-6.082235240238298,10.323062790517778,-1.7628016859120743,0.12848900258541107,26,2019-01-22,-3.6649092615570145,-2.9302133391072016,-6.104803443819728
20,DOGE,negative,BAT-USD,2018-09-19,2018-12-27,2018-12-27,84.84135341394826,-1.7628016859120743,-6.082235240238298,10.323062790517778,-1.7628016859120743,0.12848900258541107,27,2019-01-23,-4.654877544301117,-2.695949355373939,-5.214455340296853
20,DOGE,negative,BAT-USD,2018-09-19,2018-12-27,2018-12-27,84.84135341394826,-1.7628016859120743,-6.082235240238298,10.323062790517778,-1.7628016859120743,0.12848900258541107,28,2019-01-24,-3.5497198051990586,-3.299898141555979,-5.067361912688884
20,DOGE,negative,BAT-USD,2018-09-19,2018-12-27,2018-12-27,84.84135341394826,-1.7628016859120743,-6.082235240238298,10.323062790517778,-1.7628016859120743,0.12848900258541107,29,2019-01-25,-0.14632221201794637,0.3720158450591926,-3.7614155853508913
20,DOGE,negative,BAT-USD,2018-09-19,2018-12-27,2018-12-27,84.84135341394826,-1.7628016859120743,-6.082235240238298,10.323062790517778,-1.7628016859120743,0.12848900258541107,30,2019-01-26,-1.7628016859120743,0.37046181665225664,-2.5114954612512896
21,DOGE,negative,FIL-USD,2022-02-24,2022-06-03,2022-06-03,84.8124245884319,-28.220321248920254,-30.959684601671565,2.372061161950212,-28.220321248920254,7.3987860679626465,0,2022-06-03,0.0,4.832641687857708,-1.5663254938539484
21,DOGE,negative,FIL-USD,2022-02-24,2022-06-03,2022-06-03,84.8124245884319,-28.220321248920254,-30.959684601671565,2.372061161950212,-28.220321248920254,7.3987860679626465,1,2022-06-04,0.8078366737497289,1.4390986453733934,-2.179735362225943
21,DOGE,negative,FIL-USD,2022-02-24,2022-06-03,2022-06-03,84.8124245884319,-28.220321248920254,-30.959684601671565,2.372061161950212,-28.220321248920254,7.3987860679626465,2,2022-06-05,-0.44360220899476444,1.8412994423505635,-1.309687008805338
21,DOGE,negative,FIL-USD,2022-02-24,2022-06-03,2022-06-03,84.8124245884319,-28.220321248920254,-30.959684601671565,2.372061161950212,-28.220321248920254,7.3987860679626465,3,2022-06-06,2.372061161950212,6.250350033342178,-0.44069560301407407
21,DOGE,negative,FIL-USD,2022-02-24,2022-06-03,2022-06-03,84.8124245884319,-28.220321248920254,-30.959684601671565,2.372061161950212,-28.220321248920254,7.3987860679626465,4,2022-06-07,-0.9323953739464597,3.095290466931755,-4.740171659895653
21,DOGE,negative,FIL-USD,2022-02-24,2022-06-03,2022-06-03,84.8124245884319,-28.220321248920254,-30.959684601671565,2.372061161950212,-28.220321248920254,7.3987860679626465,5,2022-06-08,-2.843659593517278,0.5846209350776954,-3.268945673471879
21,DOGE,negative,FIL-USD,2022-02-24,2022-06-03,2022-06-03,84.8124245884319,-28.220321248920254,-30.959684601671565,2.372061161950212,-28.220321248920254,7.3987860679626465,6,2022-06-09,-2.358604414083987,-1.0770425239032932,-4.0839167437196515
21,DOGE,negative,FIL-USD,2022-02-24,2022-06-03,2022-06-03,84.8124245884319,-28.220321248920254,-30.959684601671565,2.372061161950212,-28.220321248920254,7.3987860679626465,7,2022-06-10,-7.823146109024536,-2.1870244339868172,-8.630686321853831
21,DOGE,negative,FIL-USD,2022-02-24,2022-06-03,2022-06-03,84.8124245884319,-28.220321248920254,-30.959684601671565,2.372061161950212,-28.220321248920254,7.3987860679626465,8,2022-06-11,-17.632058355883164,-6.673232201920309,-17.865295762626065
21,DOGE,negative,FIL-USD,2022-02-24,2022-06-03,2022-06-03,84.8124245884319,-28.220321248920254,-30.959684601671565,2.372061161950212,-28.220321248920254,7.3987860679626465,9,2022-06-12,-22.760561597522212,-16.667032946282124,-24.272712080569825
21,DOGE,negative,FIL-USD,2022-02-24,2022-06-03,2022-06-03,84.8124245884319,-28.220321248920254,-30.959684601671565,2.372061161950212,-28.220321248920254,7.3987860679626465,10,2022-06-13,-28.16759631870297,-21.57186286826327,-30.319921935394845
21,DOGE,negative,FIL-USD,2022-02-24,2022-06-03,2022-06-03,84.8124245884319,-28.220321248920254,-30.959684601671565,2.372061161950212,-28.220321248920254,7.3987860679626465,11,2022-06-14,-25.8136708313196,-23.274186586960788,-32.158031200449535
21,DOGE,negative,FIL-USD,2022-02-24,2022-06-03,2022-06-03,84.8124245884319,-28.220321248920254,-30.959684601671565,2.372061161950212,-28.220321248920254,7.3987860679626465,12,2022-06-15,-20.97418476308165,-20.89841321870264,-31.216136187444242
21,DOGE,negative,FIL-USD,2022-02-24,2022-06-03,2022-06-03,84.8124245884319,-28.220321248920254,-30.959684601671565,2.372061161950212,-28.220321248920254,7.3987860679626465,13,2022-06-16,-28.5257855586023,-19.92329524820191,-29.35682996657919
21,DOGE,negative,FIL-USD,2022-02-24,2022-06-03,2022-06-03,84.8124245884319,-28.220321248920254,-30.959684601671565,2.372061161950212,-28.220321248920254,7.3987860679626465,14,2022-06-17,-27.813931330241417,-26.13281745695951,-28.5425356006063
21,DOGE,negative,FIL-USD,2022-02-24,2022-06-03,2022-06-03,84.8124245884319,-28.220321248920254,-30.959684601671565,2.372061161950212,-28.220321248920254,7.3987860679626465,15,2022-06-18,-30.959684601671565,-26.90640000479493,-34.87046172306052
21,DOGE,negative,FIL-USD,2022-02-24,2022-06-03,2022-06-03,84.8124245884319,-28.220321248920254,-30.959684601671565,2.372061161950212,-28.220321248920254,7.3987860679626465,16,2022-06-19,-25.987564495556605,-25.174816882212014,-32.48795353606663
21,DOGE,negative,FIL-USD,2022-02-24,2022-06-03,2022-06-03,84.8124245884319,-28.220321248920254,-30.959684601671565,2.372061161950212,-28.220321248920254,7.3987860679626465,17,2022-06-20,-26.076290093197652,-23.320937185151248,-28.322200688704502
21,DOGE,negative,FIL-USD,2022-02-24,2022-06-03,2022-06-03,84.8124245884319,-28.220321248920254,-30.959684601671565,2.372061161950212,-28.220321248920254,7.3987860679626465,18,2022-06-21,-19.575727043016933,-14.157420362057415,-26.78052656486414
21,DOGE,negative,FIL-USD,2022-02-24,2022-06-03,2022-06-03,84.8124245884319,-28.220321248920254,-30.959684601671565,2.372061161950212,-28.220321248920254,7.3987860679626465,19,2022-06-22,-25.220761880075237,-19.412480192704752,-26.120933240932054
21,DOGE,negative,FIL-USD,2022-02-24,2022-06-03,2022-06-03,84.8124245884319,-28.220321248920254,-30.959684601671565,2.372061161950212,-28.220321248920254,7.3987860679626465,20,2022-06-23,-21.646145663237537,-20.24724325179219,-25.297139235900335
21,DOGE,negative,FIL-USD,2022-02-24,2022-06-03,2022-06-03,84.8124245884319,-28.220321248920254,-30.959684601671565,2.372061161950212,-28.220321248920254,7.3987860679626465,21,2022-06-24,-17.312641048533294,-15.506330439595473,-22.140603809690397
21,DOGE,negative,FIL-USD,2022-02-24,2022-06-03,2022-06-03,84.8124245884319,-28.220321248920254,-30.959684601671565,2.372061161950212,-28.220321248920254,7.3987860679626465,22,2022-06-25,-17.783311428523373,-15.094546221125427,-20.482317427281195
21,DOGE,negative,FIL-USD,2022-02-24,2022-06-03,2022-06-03,84.8124245884319,-28.220321248920254,-30.959684601671565,2.372061161950212,-28.220321248920254,7.3987860679626465,23,2022-06-26,-21.178530119688364,-14.686396871331898,-21.201048260035414
21,DOGE,negative,FIL-USD,2022-02-24,2022-06-03,2022-06-03,84.8124245884319,-28.220321248920254,-30.959684601671565,2.372061161950212,-28.220321248920254,7.3987860679626465,24,2022-06-27,-21.9083395681428,-17.719598109842504,-23.146457043876023
21,DOGE,negative,FIL-USD,2022-02-24,2022-06-03,2022-06-03,84.8124245884319,-28.220321248920254,-30.959684601671565,2.372061161950212,-28.220321248920254,7.3987860679626465,25,2022-06-28,-25.583804056345883,-19.82783483182513,-26.250402880723655
21,DOGE,negative,FIL-USD,2022-02-24,2022-06-03,2022-06-03,84.8124245884319,-28.220321248920254,-30.959684601671565,2.372061161950212,-28.220321248920254,7.3987860679626465,26,2022-06-29,-26.500796352035483,-24.456363175970374,-27.198368897795035
21,DOGE,negative,FIL-USD,2022-02-24,2022-06-03,2022-06-03,84.8124245884319,-28.220321248920254,-30.959684601671565,2.372061161950212,-28.220321248920254,7.3987860679626465,27,2022-06-30,-27.165661524509034,-25.84873055756114,-30.997412476196928
21,DOGE,negative,FIL-USD,2022-02-24,2022-06-03,2022-06-03,84.8124245884319,-28.220321248920254,-30.959684601671565,2.372061161950212,-28.220321248920254,7.3987860679626465,28,2022-07-01,-28.2169957307694,-25.498062402316933,-29.116870630705783
21,DOGE,negative,FIL-USD,2022-02-24,2022-06-03,2022-06-03,84.8124245884319,-28.220321248920254,-30.959684601671565,2.372061161950212,-28.220321248920254,7.3987860679626465,29,2022-07-02,-27.879616758523362,-27.17353707330815,-29.364061035116507
21,DOGE,negative,FIL-USD,2022-02-24,2022-06-03,2022-06-03,84.8124245884319,-28.220321248920254,-30.959684601671565,2.372061161950212,-28.220321248920254,7.3987860679626465,30,2022-07-03,-28.220321248920254,-27.24747184894104,-29.68989736587383
22,DOGE,negative,ETC-USD,2022-02-20,2022-05-30,2022-05-30,84.74747890573221,-38.84901589707388,-44.75211103277734,0.0,-38.84901589707388,24.806215286254883,0,2022-05-30,0.0,0.48008546471631774,-5.449098430745336
22,DOGE,negative,ETC-USD,2022-02-20,2022-05-30,2022-05-30,84.74747890573221,-38.84901589707388,-44.75211103277734,0.0,-38.84901589707388,24.806215286254883,1,2022-05-31,-4.234244922629871,0.9473764418883812,-6.7487846197957335
22,DOGE,negative,ETC-USD,2022-02-20,2022-05-30,2022-05-30,84.74747890573221,-38.84901589707388,-44.75211103277734,0.0,-38.84901589707388,24.806215286254883,2,2022-06-01,-11.158661564352157,-2.857638028415599,-12.455272155435182
22,DOGE,negative,ETC-USD,2022-02-20,2022-05-30,2022-05-30,84.74747890573221,-38.84901589707388,-44.75211103277734,0.0,-38.84901589707388,24.806215286254883,3,2022-06-02,-9.572652582529638,-9.388685690111508,-12.506419349632514
22,DOGE,negative,ETC-USD,2022-02-20,2022-05-30,2022-05-30,84.74747890573221,-38.84901589707388,-44.75211103277734,0.0,-38.84901589707388,24.806215286254883,4,2022-06-03,-11.933896788006948,-9.096011787536773,-13.859144225630171
22,DOGE,negative,ETC-USD,2022-02-20,2022-05-30,2022-05-30,84.74747890573221,-38.84901589707388,-44.75211103277734,0.0,-38.84901589707388,24.806215286254883,5,2022-06-04,-11.50675005330396,-11.228085499470575,-12.907354300658614
22,DOGE,negative,ETC-USD,2022-02-20,2022-05-30,2022-05-30,84.74747890573221,-38.84901589707388,-44.75211103277734,0.0,-38.84901589707388,24.806215286254883,6,2022-06-05,-12.049154821834074,-10.71738245698911,-12.494486029519125
22,DOGE,negative,ETC-USD,2022-02-20,2022-05-30,2022-05-30,84.74747890573221,-38.84901589707388,-44.75211103277734,0.0,-38.84901589707388,24.806215286254883,7,2022-06-06,-9.276664723145057,-5.892461255731285,-12.130212206264057
22,DOGE,negative,ETC-USD,2022-02-20,2022-05-30,2022-05-30,84.74747890573221,-38.84901589707388,-44.75211103277734,0.0,-38.84901589707388,24.806215286254883,8,2022-06-07,-13.034461075655024,-9.27434264667969,-15.521581816941799
22,DOGE,negative,ETC-USD,2022-02-20,2022-05-30,2022-05-30,84.74747890573221,-38.84901589707388,-44.75211103277734,0.0,-38.84901589707388,24.806215286254883,9,2022-06-08,-14.10295456549836,-12.177245788180036,-14.988688335125765
22,DOGE,negative,ETC-USD,2022-02-20,2022-05-30,2022-05-30,84.74747890573221,-38.84901589707388,-44.75211103277734,0.0,-38.84901589707388,24.806215286254883,10,2022-06-09,-14.688594552454749,-12.820345634161779,-15.077949877133701
22,DOGE,negative,ETC-USD,2022-02-20,2022-05-30,2022-05-30,84.74747890573221,-38.84901589707388,-44.75211103277734,0.0,-38.84901589707388,24.806215286254883,11,2022-06-10,-19.45107342598008,-14.301184543490141,-19.471410817539304
22,DOGE,negative,ETC-USD,2022-02-20,2022-05-30,2022-05-30,84.74747890573221,-38.84901589707388,-44.75211103277734,0.0,-38.84901589707388,24.806215286254883,12,2022-06-11,-26.821397950006308,-17.902279179562708,-27.554981888188024
22,DOGE,negative,ETC-USD,2022-02-20,2022-05-30,2022-05-30,84.74747890573221,-38.84901589707388,-44.75211103277734,0.0,-38.84901589707388,24.806215286254883,13,2022-06-12,-32.79400159977228,-25.983243680934088,-32.79400159977228
22,DOGE,negative,ETC-USD,2022-02-20,2022-05-30,2022-05-30,84.74747890573221,-38.84901589707388,-44.75211103277734,0.0,-38.84901589707388,24.806215286254883,14,2022-06-13,-41.968956298136476,-32.302767092424254,-43.32779392509427
22,DOGE,negative,ETC-USD,2022-02-20,2022-05-30,2022-05-30,84.74747890573221,-38.84901589707388,-44.75211103277734,0.0,-38.84901589707388,24.806215286254883,15,2022-06-14,-41.051447757008695,-39.26051937161535,-46.72827499475034
22,DOGE,negative,ETC-USD,2022-02-20,2022-05-30,2022-05-30,84.74747890573221,-38.84901589707388,-44.75211103277734,0.0,-38.84901589707388,24.806215286254883,16,2022-06-15,-36.195539906229634,-35.67927003142722,-47.70548858141965
22,DOGE,negative,ETC-USD,2022-02-20,2022-05-30,2022-05-30,84.74747890573221,-38.84901589707388,-44.75211103277734,0.0,-38.84901589707388,24.806215286254883,17,2022-06-16,-44.383781264702804,-35.41695612528787,-45.055488016278524
22,DOGE,negative,ETC-USD,2022-02-20,2022-05-30,2022-05-30,84.74747890573221,-38.84901589707388,-44.75211103277734,0.0,-38.84901589707388,24.806215286254883,18,2022-06-17,-42.10782723535805,-41.34865432208784,-44.57775153950978
22,DOGE,negative,ETC-USD,2022-02-20,2022-05-30,2022-05-30,84.74747890573221,-38.84901589707388,-44.75211103277734,0.0,-38.84901589707388,24.806215286254883,19,2022-06-18,-44.75211103277734,-41.29441230743585,-49.22335384577767
22,DOGE,negative,ETC-USD,2022-02-20,2022-05-30,2022-05-30,84.74747890573221,-38.84901589707388,-44.75211103277734,0.0,-38.84901589707388,24.806215286254883,20,2022-06-19,-38.14978638818768,-37.507428530215556,-46.38760254139736
22,DOGE,negative,ETC-USD,2022-02-20,2022-05-30,2022-05-30,84.74747890573221,-38.84901589707388,-44.75211103277734,0.0,-38.84901589707388,24.806215286254883,21,2022-06-20,-34.336006463676696,-33.505994840223075,-40.84470606164221
22,DOGE,negative,ETC-USD,2022-02-20,2022-05-30,2022-05-30,84.74747890573221,-38.84901589707388,-44.75211103277734,0.0,-38.84901589707388,24.806215286254883,22,2022-06-21,-35.18418718212253,-31.843034397256996,-35.96365904197738
22,DOGE,negative,ETC-USD,2022-02-20,2022-05-30,2022-05-30,84.74747890573221,-38.84901589707388,-44.75211103277734,0.0,-38.84901589707388,24.806215286254883,23,2022-06-22,-38.67504469804971,-34.97906786468384,-39.18474432669432
22,DOGE,negative,ETC-USD,2022-02-20,2022-05-30,2022-05-30,84.74747890573221,-38.84901589707388,-44.75211103277734,0.0,-38.84901589707388,24.806215286254883,24,2022-06-23,-35.76505614773205,-35.50358803103371,-38.742381071047774
22,DOGE,negative,ETC-USD,2022-02-20,2022-05-30,2022-05-30,84.74747890573221,-38.84901589707388,-44.75211103277734,0.0,-38.84901589707388,24.806215286254883,25,2022-06-24,-33.97467752547537,-32.37406714230276,-35.902423886447075
22,DOGE,negative,ETC-USD,2022-02-20,2022-05-30,2022-05-30,84.74747890573221,-38.84901589707388,-44.75211103277734,0.0,-38.84901589707388,24.806215286254883,26,2022-06-25,-33.28177605940702,-32.806588484453734,-36.099946476906375
22,DOGE,negative,ETC-USD,2022-02-20,2022-05-30,2022-05-30,84.74747890573221,-38.84901589707388,-44.75211103277734,0.0,-38.84901589707388,24.806215286254883,27,2022-06-26,-32.741562654428655,-28.353560900415133,-34.937885607900775
22,DOGE,negative,ETC-USD,2022-02-20,2022-05-30,2022-05-30,84.74747890573221,-38.84901589707388,-44.75211103277734,0.0,-38.84901589707388,24.806215286254883,28,2022-06-27,-33.37019950096886,-29.540249620144433,-34.595648444081895
22,DOGE,negative,ETC-USD,2022-02-20,2022-05-30,2022-05-30,84.74747890573221,-38.84901589707388,-44.75211103277734,0.0,-38.84901589707388,24.806215286254883,29,2022-06-28,-37.81759874072716,-32.427105829250024,-38.01563264934854
22,DOGE,negative,ETC-USD,2022-02-20,2022-05-30,2022-05-30,84.74747890573221,-38.84901589707388,-44.75211103277734,0.0,-38.84901589707388,24.806215286254883,30,2022-06-29,-38.84901589707388,-36.88585402550794,-39.571516149080686
23,DOGE,negative,DOT-USD,2022-02-20,2022-05-30,2022-05-30,84.63213164806398,-32.958527844237665,-32.958527844237665,0.0,-32.958527844237665,10.454895973205566,0,2022-05-30,0.0,2.5840315840373274,-5.017909278809807
23,DOGE,negative,DOT-USD,2022-02-20,2022-05-30,2022-05-30,84.63213164806398,-32.958527844237665,-32.958527844237665,0.0,-32.958527844237665,10.454895973205566,1,2022-05-31,-0.8484000323641383,1.602736101050528,-4.183538569189693
23,DOGE,negative,DOT-USD,2022-02-20,2022-05-30,2022-05-30,84.63213164806398,-32.958527844237665,-32.958527844237665,0.0,-32.958527844237665,10.454895973205566,2,2022-06-01,-9.407180842257413,2.1563926506416697,-10.631207325386239
23,DOGE,negative,DOT-USD,2022-02-20,2022-05-30,2022-05-30,84.63213164806398,-32.958527844237665,-32.958527844237665,0.0,-32.958527844237665,10.454895973205566,3,2022-06-02,-5.329710520705888,-4.1598127769548405,-10.682344115570242
23,DOGE,negative,DOT-USD,2022-02-20,2022-05-30,2022-05-30,84.63213164806398,-32.958527844237665,-32.958527844237665,0.0,-32.958527844237665,10.454895973205566,4,2022-06-03,-10.310630915427899,-5.298076131059415,-11.600361697467775
23,DOGE,negative,DOT-USD,2022-02-20,2022-05-30,2022-05-30,84.63213164806398,-32.958527844237665,-32.958527844237665,0.0,-32.958527844237665,10.454895973205566,5,2022-06-04,-9.797356558156512,-8.85578649815425,-12.262905129760748
23,DOGE,negative,DOT-USD,2022-02-20,2022-05-30,2022-05-30,84.63213164806398,-32.958527844237665,-32.958527844237665,0.0,-32.958527844237665,10.454895973205566,6,2022-06-05,-10.616065143490871,-8.761494489568456,-11.221971342417369
23,DOGE,negative,DOT-USD,2022-02-20,2022-05-30,2022-05-30,84.63213164806398,-32.958527844237665,-32.958527844237665,0.0,-32.958527844237665,10.454895973205566,7,2022-06-06,-9.202633681521421,-5.086404847395542,-10.663306926645156
23,DOGE,negative,DOT-USD,2022-02-20,2022-05-30,2022-05-30,84.63213164806398,-32.958527844237665,-32.958527844237665,0.0,-32.958527844237665,10.454895973205566,8,2022-06-07,-11.733631141739675,-9.173799683345962,-14.73737481816839
23,DOGE,negative,DOT-USD,2022-02-20,2022-05-30,2022-05-30,84.63213164806398,-32.958527844237665,-32.958527844237665,0.0,-32.958527844237665,10.454895973205566,9,2022-06-08,-13.879852989481744,-10.384508343843923,-14.467068627743418
23,DOGE,negative,DOT-USD,2022-02-20,2022-05-30,2022-05-30,84.63213164806398,-32.958527844237665,-32.958527844237665,0.0,-32.958527844237665,10.454895973205566,10,2022-06-09,-11.695985488316662,-9.748700896572238,-14.589364551039319
23,DOGE,negative,DOT-USD,2022-02-20,2022-05-30,2022-05-30,84.63213164806398,-32.958527844237665,-32.958527844237665,0.0,-32.958527844237665,10.454895973205566,11,2022-06-10,-17.236637548980628,-10.58731324148232,-17.457886718783133
23,DOGE,negative,DOT-USD,2022-02-20,2022-05-30,2022-05-30,84.63213164806398,-32.958527844237665,-32.958527844237665,0.0,-32.958527844237665,10.454895973205566,12,2022-06-11,-23.32609336359216,-15.472655454337058,-23.892023290135246
23,DOGE,negative,DOT-USD,2022-02-20,2022-05-30,2022-05-30,84.63213164806398,-32.958527844237665,-32.958527844237665,0.0,-32.958527844237665,10.454895973205566,13,2022-06-12,-28.74134809021055,-22.561531761228228,-28.74134809021055
23,DOGE,negative,DOT-USD,2022-02-20,2022-05-30,2022-05-30,84.63213164806398,-32.958527844237665,-32.958527844237665,0.0,-32.958527844237665,10.454895973205566,14,2022-06-13,-32.94817916630978,-28.78913262024603,-38.520009526804074
23,DOGE,negative,DOT-USD,2022-02-20,2022-05-30,2022-05-30,84.63213164806398,-32.958527844237665,-32.958527844237665,0.0,-32.958527844237665,10.454895973205566,15,2022-06-14,-29.55016408743315,-28.048228396644525,-35.61108692314786
23,DOGE,negative,DOT-USD,2022-02-20,2022-05-30,2022-05-30,84.63213164806398,-32.958527844237665,-32.958527844237665,0.0,-32.958527844237665,10.454895973205566,16,2022-06-15,-18.600063323510074,-17.60490271011306,-34.34704768045034
23,DOGE,negative,DOT-USD,2022-02-20,2022-05-30,2022-05-30,84.63213164806398,-32.958527844237665,-32.958527844237665,0.0,-32.958527844237665,10.454895973205566,17,2022-06-16,-32.08945326050856,-18.415657089054182,-32.98700609235654
23,DOGE,negative,DOT-USD,2022-02-20,2022-05-30,2022-05-30,84.63213164806398,-32.958527844237665,-32.958527844237665,0.0,-32.958527844237665,10.454895973205566,18,2022-06-17,-30.230581679620073,-28.894138178612614,-32.44950424405256
23,DOGE,negative,DOT-USD,2022-02-20,2022-05-30,2022-05-30,84.63213164806398,-32.958527844237665,-32.958527844237665,0.0,-32.958527844237665,10.454895973205566,19,2022-06-18,-32.489822583798066,-29.24351209956112,-37.8880742820713
23,DOGE,negative,DOT-USD,2022-02-20,2022-05-30,2022-05-30,84.63213164806398,-32.958527844237665,-32.958527844237665,0.0,-32.958527844237665,10.454895973205566,20,2022-06-19,-28.1034654342755,-27.300519312986438,-35.02592368905876
23,DOGE,negative,DOT-USD,2022-02-20,2022-05-30,2022-05-30,84.63213164806398,-32.958527844237665,-32.958527844237665,0.0,-32.958527844237665,10.454895973205566,21,2022-06-20,-24.562799143609272,-23.40608239554426,-31.05603127243677
23,DOGE,negative,DOT-USD,2022-02-20,2022-05-30,2022-05-30,84.63213164806398,-32.958527844237665,-32.958527844237665,0.0,-32.958527844237665,10.454895973205566,22,2022-06-21,-25.94665774190115,-21.183346920248958,-26.245405693259716
23,DOGE,negative,DOT-USD,2022-02-20,2022-05-30,2022-05-30,84.63213164806398,-32.958527844237665,-32.958527844237665,0.0,-32.958527844237665,10.454895973205566,23,2022-06-22,-29.13835603155521,-25.398579170761217,-29.42334375316127
23,DOGE,negative,DOT-USD,2022-02-20,2022-05-30,2022-05-30,84.63213164806398,-32.958527844237665,-32.958527844237665,0.0,-32.958527844237665,10.454895973205566,24,2022-06-23,-25.517267423611568,-25.443649966390748,-29.27341334790632
23,DOGE,negative,DOT-USD,2022-02-20,2022-05-30,2022-05-30,84.63213164806398,-32.958527844237665,-32.958527844237665,0.0,-32.958527844237665,10.454895973205566,25,2022-06-24,-21.511339350617497,-20.507658979455258,-25.955081720804984
23,DOGE,negative,DOT-USD,2022-02-20,2022-05-30,2022-05-30,84.63213164806398,-32.958527844237665,-32.958527844237665,0.0,-32.958527844237665,10.454895973205566,26,2022-06-25,-22.201704261694122,-20.193668506441764,-25.247663611503423
23,DOGE,negative,DOT-USD,2022-02-20,2022-05-30,2022-05-30,84.63213164806398,-32.958527844237665,-32.958527844237665,0.0,-32.958527844237665,10.454895973205566,27,2022-06-26,-25.053638442825445,-19.084649631347162,-25.06991172746481
23,DOGE,negative,DOT-USD,2022-02-20,2022-05-30,2022-05-30,84.63213164806398,-32.958527844237665,-32.958527844237665,0.0,-32.958527844237665,10.454895973205566,28,2022-06-27,-25.9284050274598,-21.705451176360533,-25.93426122069885
23,DOGE,negative,DOT-USD,2022-02-20,2022-05-30,2022-05-30,84.63213164806398,-32.958527844237665,-32.958527844237665,0.0,-32.958527844237665,10.454895973205566,29,2022-06-28,-30.08010852748393,-23.68623100420123,-30.36349537383538
23,DOGE,negative,DOT-USD,2022-02-20,2022-05-30,2022-05-30,84.63213164806398,-32.958527844237665,-32.958527844237665,0.0,-32.958527844237665,10.454895973205566,30,2022-06-29,-32.958527844237665,-28.998938496561955,-33.25728035649439
24,DOGE,negative,BAT-USD,2022-02-20,2022-05-30,2022-05-30,84.58771934756523,-4.554083140728393,-29.23550336049806,8.332550466741594,-4.554083140728393,0.40225398540496826,0,2022-05-30,0.0,0.18868813588153177,-8.397177709135772
24,DOGE,negative,BAT-USD,2022-02-20,2022-05-30,2022-05-30,84.58771934756523,-4.554083140728393,-29.23550336049806,8.332550466741594,-4.554083140728393,0.40225398540496826,1,2022-05-31,0.046490421417333394,2.169780203659899,-2.5371990050827575
24,DOGE,negative,BAT-USD,2022-02-20,2022-05-30,2022-05-30,84.58771934756523,-4.554083140728393,-29.23550336049806,8.332550466741594,-4.554083140728393,0.40225398540496826,2,2022-06-01,-4.5662632606981335,4.81511852205061,-6.312673162928217
24,DOGE,negative,BAT-USD,2022-02-20,2022-05-30,2022-05-30,84.58771934756523,-4.554083140728393,-29.23550336049806,8.332550466741594,-4.554083140728393,0.40225398540496826,3,2022-06-02,-0.5774888267403133,0.5131134846374952,-5.616102177870652
24,DOGE,negative,BAT-USD,2022-02-20,2022-05-30,2022-05-30,84.58771934756523,-4.554083140728393,-29.23550336049806,8.332550466741594,-4.554083140728393,0.40225398540496826,4,2022-06-03,-5.697391883654069,-0.0034747422541392403,-7.502968719021819
24,DOGE,negative,BAT-USD,2022-02-20,2022-05-30,2022-05-30,84.58771934756523,-4.554083140728393,-29.23550336049806,8.332550466741594,-4.554083140728393,0.40225398540496826,5,2022-06-04,-5.341649401618264,-4.750972853742841,-7.8360920366612685
24,DOGE,negative,BAT-USD,2022-02-20,2022-05-30,2022-05-30,84.58771934756523,-4.554083140728393,-29.23550336049806,8.332550466741594,-4.554083140728393,0.40225398540496826,6,2022-06-05,-4.833262751859547,-3.6248229659570086,-7.047288500810966
24,DOGE,negative,BAT-USD,2022-02-20,2022-05-30,2022-05-30,84.58771934756523,-4.554083140728393,-29.23550336049806,8.332550466741594,-4.554083140728393,0.40225398540496826,7,2022-06-06,0.13573721287440943,4.617236025534988,-4.815363013509854
24,DOGE,negative,BAT-USD,2022-02-20,2022-05-30,2022-05-30,84.58771934756523,-4.554083140728393,-29.23550336049806,8.332550466741594,-4.554083140728393,0.40225398540496826,8,2022-06-07,-2.082259670081743,0.14668005788371907,-7.073634307752807
24,DOGE,negative,BAT-USD,2022-02-20,2022-05-30,2022-05-30,84.58771934756523,-4.554083140728393,-29.23550336049806,8.332550466741594,-4.554083140728393,0.40225398540496826,9,2022-06-08,-1.7565970463653602,0.9943986265803506,-3.6879684419314995
24,DOGE,negative,BAT-USD,2022-02-20,2022-05-30,2022-05-30,84.58771934756523,-4.554083140728393,-29.23550336049806,8.332550466741594,-4.554083140728393,0.40225398540496826,10,2022-06-09,-2.1212893975760094,2.3137189936672353,-3.163919521116798
24,DOGE,negative,BAT-USD,2022-02-20,2022-05-30,2022-05-30,84.58771934756523,-4.554083140728393,-29.23550336049806,8.332550466741594,-4.554083140728393,0.40225398540496826,11,2022-06-10,-9.47858565987949,-1.0818969336622075,-9.639675896194555
24,DOGE,negative,BAT-USD,2022-02-20,2022-05-30,2022-05-30,84.58771934756523,-4.554083140728393,-29.23550336049806,8.332550466741594,-4.554083140728393,0.40225398540496826,12,2022-06-11,-16.734943993674634,-7.877359231449244,-17.34525394661077
24,DOGE,negative,BAT-USD,2022-02-20,2022-05-30,2022-05-30,84.58771934756523,-4.554083140728393,-29.23550336049806,8.332550466741594,-4.554083140728393,0.40225398540496826,13,2022-06-12,-22.919096146192263,-16.16391566852411,-23.193052530694047
24,DOGE,negative,BAT-USD,2022-02-20,2022-05-30,2022-05-30,84.58771934756523,-4.554083140728393,-29.23550336049806,8.332550466741594,-4.554083140728393,0.40225398540496826,14,2022-06-13,-29.23550336049806,-23.041156655013072,-33.85348026924289
24,DOGE,negative,BAT-USD,2022-02-20,2022-05-30,2022-05-30,84.58771934756523,-4.554083140728393,-29.23550336049806,8.332550466741594,-4.554083140728393,0.40225398540496826,15,2022-06-14,-27.50202187027965,-27.50202187027965,-35.16782930999176
24,DOGE,negative,BAT-USD,2022-02-20,2022-05-30,2022-05-30,84.58771934756523,-4.554083140728393,-29.23550336049806,8.332550466741594,-4.554083140728393,0.40225398540496826,16,2022-06-15,-10.59280732798692,-10.270374955065432,-31.35331801581993
24,DOGE,negative,BAT-USD,2022-02-20,2022-05-30,2022-05-30,84.58771934756523,-4.554083140728393,-29.23550336049806,8.332550466741594,-4.554083140728393,0.40225398540496826,17,2022-06-16,-20.47138842402584,-9.769197098938431,-22.646132545191655
24,DOGE,negative,BAT-USD,2022-02-20,2022-05-30,2022-05-30,84.58771934756523,-4.554083140728393,-29.23550336049806,8.332550466741594,-4.554083140728393,0.40225398540496826,18,2022-06-17,-15.916808891546852,-14.730988270040669,-22.121342741167116
24,DOGE,negative,BAT-USD,2022-02-20,2022-05-30,2022-05-30,84.58771934756523,-4.554083140728393,-29.23550336049806,8.332550466741594,-4.554083140728393,0.40225398540496826,19,2022-06-18,-22.553655502939673,-15.68586077737615,-27.0294346972203
24,DOGE,negative,BAT-USD,2022-02-20,2022-05-30,2022-05-30,84.58771934756523,-4.554083140728393,-29.23550336049806,8.332550466741594,-4.554083140728393,0.40225398540496826,20,2022-06-19,-15.68784634437852,-14.422721584091281,-26.157600380043455
24,DOGE,negative,BAT-USD,2022-02-20,2022-05-30,2022-05-30,84.58771934756523,-4.554083140728393,-29.23550336049806,8.332550466741594,-4.554083140728393,0.40225398540496826,21,2022-06-20,-10.400140649268552,-3.9442695795428473,-16.222082409328486
24,DOGE,negative,BAT-USD,2022-02-20,2022-05-30,2022-05-30,84.58771934756523,-4.554083140728393,-29.23550336049806,8.332550466741594,-4.554083140728393,0.40225398540496826,22,2022-06-21,-7.367231506147409,-0.02584941519124806,-10.420529755203301
24,DOGE,negative,BAT-USD,2022-02-20,2022-05-30,2022-05-30,84.58771934756523,-4.554083140728393,-29.23550336049806,8.332550466741594,-4.554083140728393,0.40225398540496826,23,2022-06-22,-9.354287683764973,-2.7238941651298254,-11.58620576223398
24,DOGE,negative,BAT-USD,2022-02-20,2022-05-30,2022-05-30,84.58771934756523,-4.554083140728393,-29.23550336049806,8.332550466741594,-4.554083140728393,0.40225398540496826,24,2022-06-23,0.7214350255797308,0.8725900180508894,-9.451987952646302
24,DOGE,negative,BAT-USD,2022-02-20,2022-05-30,2022-05-30,84.58771934756523,-4.554083140728393,-29.23550336049806,8.332550466741594,-4.554083140728393,0.40225398540496826,25,2022-06-24,8.332550466741594,9.653604500539515,0.6928517513441923
24,DOGE,negative,BAT-USD,2022-02-20,2022-05-30,2022-05-30,84.58771934756523,-4.554083140728393,-29.23550336049806,8.332550466741594,-4.554083140728393,0.40225398540496826,26,2022-06-25,7.123614289088476,8.890657788712563,0.9943986265803506
24,DOGE,negative,BAT-USD,2022-02-20,2022-05-30,2022-05-30,84.58771934756523,-4.554083140728393,-29.23550336049806,8.332550466741594,-4.554083140728393,0.40225398540496826,27,2022-06-26,-2.298293805238405,7.7625149250922565,-2.3017759563246365
24,DOGE,negative,BAT-USD,2022-02-20,2022-05-30,2022-05-30,84.58771934756523,-4.554083140728393,-29.23550336049806,8.332550466741594,-4.554083140728393,0.40225398540496826,28,2022-06-27,-3.2929443321100815,2.1680391281167832,-4.762160190211395
24,DOGE,negative,BAT-USD,2022-02-20,2022-05-30,2022-05-30,84.58771934756523,-4.554083140728393,-29.23550336049806,8.332550466741594,-4.554083140728393,0.40225398540496826,29,2022-06-28,-7.729441898605094,0.20808445831510536,-7.950195459808418
24,DOGE,negative,BAT-USD,2022-02-20,2022-05-30,2022-05-30,84.58771934756523,-4.554083140728393,-29.23550336049806,8.332550466741594,-4.554083140728393,0.40225398540496826,30,2022-06-29,-4.554083140728393,-3.096551010846238,-9.774916717318384
25,DOGE,negative,EGLD-USD,2022-02-20,2022-05-30,2022-05-30,84.49445713668284,-41.6580048605385,-51.6392152337172,0.0,-41.6580048605385,86.07703399658203,0,2022-05-30,0.0,1.807682820392209,-5.995964116856078
25,DOGE,negative,EGLD-USD,2022-02-20,2022-05-30,2022-05-30,84.49445713668284,-41.6580048605385,-51.6392152337172,0.0,-41.6580048605385,86.07703399658203,1,2022-05-31,-5.574746401195718,0.7976750108067643,-6.62035868785138
25,DOGE,negative,EGLD-USD,2022-02-20,2022-05-30,2022-05-30,84.49445713668284,-41.6580048605385,-51.6392152337172,0.0,-41.6580048605385,86.07703399658203,2,2022-06-01,-12.132174596839352,-3.4625154523164614,-12.568486767179953
25,DOGE,negative,EGLD-USD,2022-02-20,2022-05-30,2022-05-30,84.49445713668284,-41.6580048605385,-51.6392152337172,0.0,-41.6580048605385,86.07703399658203,3,2022-06-02,-9.351887724202069,-5.068271163768278,-13.433045368719066
25,DOGE,negative,EGLD-USD,2022-02-20,2022-05-30,2022-05-30,84.49445713668284,-41.6580048605385,-51.6392152337172,0.0,-41.6580048605385,86.07703399658203,4,2022-06-03,-10.028780507217993,-8.29390206189542,-12.211750647408515
25,DOGE,negative,EGLD-USD,2022-02-20,2022-05-30,2022-05-30,84.49445713668284,-41.6580048605385,-51.6392152337172,0.0,-41.6580048605385,86.07703399658203,5,2022-06-04,-10.638931514695294,-9.523342293394544,-12.207522781946112
25,DOGE,negative,EGLD-USD,2022-02-20,2022-05-30,2022-05-30,84.49445713668284,-41.6580048605385,-51.6392152337172,0.0,-41.6580048605385,86.07703399658203,6,2022-06-05,-14.910094928431628,-9.989400200615318,-15.305927724418334
25,DOGE,negative,EGLD-USD,2022-02-20,2022-05-30,2022-05-30,84.49445713668284,-41.6580048605385,-51.6392152337172,0.0,-41.6580048605385,86.07703399658203,7,2022-06-06,-19.239819153719605,-13.556167547206066,-24.508625864840017
25,DOGE,negative,EGLD-USD,2022-02-20,2022-05-30,2022-05-30,84.49445713668284,-41.6580048605385,-51.6392152337172,0.0,-41.6580048605385,86.07703399658203,8,2022-06-07,-22.482459011642053,-19.107993067718798,-24.174482678116117
25,DOGE,negative,EGLD-USD,2022-02-20,2022-05-30,2022-05-30,84.49445713668284,-41.6580048605385,-51.6392152337172,0.0,-41.6580048605385,86.07703399658203,9,2022-06-08,-24.23004764370067,-20.621932304694557,-24.254333495623094
25,DOGE,negative,EGLD-USD,2022-02-20,2022-05-30,2022-05-30,84.49445713668284,-41.6580048605385,-51.6392152337172,0.0,-41.6580048605385,86.07703399658203,10,2022-06-09,-28.207675765086325,-24.22940061187938,-28.787992401187378
25,DOGE,negative,EGLD-USD,2022-02-20,2022-05-30,2022-05-30,84.49445713668284,-41.6580048605385,-51.6392152337172,0.0,-41.6580048605385,86.07703399658203,11,2022-06-10,-34.1486820626559,-27.14907409303201,-34.778930942116446
25,DOGE,negative,EGLD-USD,2022-02-20,2022-05-30,2022-05-30,84.49445713668284,-41.6580048605385,-51.6392152337172,0.0,-41.6580048605385,86.07703399658203,12,2022-06-11,-41.36882152194471,-33.381395388825794,-42.27240146037741
25,DOGE,negative,EGLD-USD,2022-02-20,2022-05-30,2022-05-30,84.49445713668284,-41.6580048605385,-51.6392152337172,0.0,-41.6580048605385,86.07703399658203,13,2022-06-12,-47.75849563860667,-39.86189327360786,-50.196148139796804
25,DOGE,negative,EGLD-USD,2022-02-20,2022-05-30,2022-05-30,84.49445713668284,-41.6580048605385,-51.6392152337172,0.0,-41.6580048605385,86.07703399658203,14,2022-06-13,-51.639215233717195,-47.25818493038071,-55.39974645216055
25,DOGE,negative,EGLD-USD,2022-02-20,2022-05-30,2022-05-30,84.49445713668284,-41.6580048605385,-51.6392152337172,0.0,-41.6580048605385,86.07703399658203,15,2022-06-14,-46.360401687990795,-44.80334176867833,-54.42271953856172
25,DOGE,negative,EGLD-USD,2022-02-20,2022-05-30,2022-05-30,84.49445713668284,-41.6580048605385,-51.6392152337172,0.0,-41.6580048605385,86.07703399658203,16,2022-06-15,-34.52160284140922,-33.26235926060749,-51.76832467241355
25,DOGE,negative,EGLD-USD,2022-02-20,2022-05-30,2022-05-30,84.49445713668284,-41.6580048605385,-51.6392152337172,0.0,-41.6580048605385,86.07703399658203,17,2022-06-16,-41.48609382369127,-33.204268211885015,-42.66905855717754
25,DOGE,negative,EGLD-USD,2022-02-20,2022-05-30,2022-05-30,84.49445713668284,-41.6580048605385,-51.6392152337172,0.0,-41.6580048605385,86.07703399658203,18,2022-06-17,-39.0328372194685,-35.50632322926669,-41.52340008308598
25,DOGE,negative,EGLD-USD,2022-02-20,2022-05-30,2022-05-30,84.49445713668284,-41.6580048605385,-51.6392152337172,0.0,-41.6580048605385,86.07703399658203,19,2022-06-18,-46.9140216138764,-37.895368572813545,-49.76675832359905
25,DOGE,negative,EGLD-USD,2022-02-20,2022-05-30,2022-05-30,84.49445713668284,-41.6580048605385,-51.6392152337172,0.0,-41.6580048605385,86.07703399658203,20,2022-06-19,-38.54270175139105,-37.190507174563606,-49.603458128044764
25,DOGE,negative,EGLD-USD,2022-02-20,2022-05-30,2022-05-30,84.49445713668284,-41.6580048605385,-51.6392152337172,0.0,-41.6580048605385,86.07703399658203,21,2022-06-20,-33.69610989401176,-32.07654935979747,-40.564206430095886
25,DOGE,negative,EGLD-USD,2022-02-20,2022-05-30,2022-05-30,84.49445713668284,-41.6580048605385,-51.6392152337172,0.0,-41.6580048605385,86.07703399658203,22,2022-06-21,-32.16257800168033,-25.8260668557595,-34.59530242488913
25,DOGE,negative,EGLD-USD,2022-02-20,2022-05-30,2022-05-30,84.49445713668284,-41.6580048605385,-51.6392152337172,0.0,-41.6580048605385,86.07703399658203,23,2022-06-22,-32.24067385616518,-27.82067982835753,-33.97135102637417
25,DOGE,negative,EGLD-USD,2022-02-20,2022-05-30,2022-05-30,84.49445713668284,-41.6580048605385,-51.6392152337172,0.0,-41.6580048605385,86.07703399658203,24,2022-06-23,-29.566181118033764,-28.756380908165003,-33.15358257530896
25,DOGE,negative,EGLD-USD,2022-02-20,2022-05-30,2022-05-30,84.49445713668284,-41.6580048605385,-51.6392152337172,0.0,-41.6580048605385,86.07703399658203,25,2022-06-24,-26.70951790013534,-25.20654275032309,-29.575354788376718
25,DOGE,negative,EGLD-USD,2022-02-20,2022-05-30,2022-05-30,84.49445713668284,-41.6580048605385,-51.6392152337172,0.0,-41.6580048605385,86.07703399658203,26,2022-06-25,-28.28038707393509,-24.818882054873793,-29.981686340422588
25,DOGE,negative,EGLD-USD,2022-02-20,2022-05-30,2022-05-30,84.49445713668284,-41.6580048605385,-51.6392152337172,0.0,-41.6580048605385,86.07703399658203,27,2022-06-26,-35.929614992135015,-27.185356623997137,-36.088727207750125
25,DOGE,negative,EGLD-USD,2022-02-20,2022-05-30,2022-05-30,84.49445713668284,-41.6580048605385,-51.6392152337172,0.0,-41.6580048605385,86.07703399658203,28,2022-06-27,-34.83500555605339,-31.795502667942642,-35.94625611877164
25,DOGE,negative,EGLD-USD,2022-02-20,2022-05-30,2022-05-30,84.49445713668284,-41.6580048605385,-51.6392152337172,0.0,-41.6580048605385,86.07703399658203,29,2022-06-28,-39.61906577645724,-33.77400632088046,-39.92209382333674
25,DOGE,negative,EGLD-USD,2022-02-20,2022-05-30,2022-05-30,84.49445713668284,-41.6580048605385,-51.6392152337172,0.0,-41.6580048605385,86.07703399658203,30,2022-06-29,-41.6580048605385,-38.6323998614111,-42.37221719812354
26,DOGE,negative,LTC-USD,2022-02-18,2022-05-28,2022-05-28,84.30993616368268,-10.25098052947735,-30.511920011029048,10.924862681796178,-10.25098052947735,62.31327819824219,0,2022-05-28,0.0,0.5991226719082476,-1.212258155039847
26,DOGE,negative,LTC-USD,2022-02-18,2022-05-28,2022-05-28,84.30993616368268,-10.25098052947735,-30.511920011029048,10.924862681796178,-10.25098052947735,62.31327819824219,1,2022-05-29,2.300231428709254,3.1328703453163076,-0.33160592326244576
26,DOGE,negative,LTC-USD,2022-02-18,2022-05-28,2022-05-28,84.30993616368268,-10.25098052947735,-30.511920011029048,10.924862681796178,-10.25098052947735,62.31327819824219,2,2022-05-30,10.924862681796178,11.207322755997339,1.7665508502819671
26,DOGE,negative,LTC-USD,2022-02-18,2022-05-28,2022-05-28,84.30993616368268,-10.25098052947735,-30.511920011029048,10.924862681796178,-10.25098052947735,62.31327819824219,3,2022-05-31,9.786206986056722,11.633914602781804,7.812243266810537
26,DOGE,negative,LTC-USD,2022-02-18,2022-05-28,2022-05-28,84.30993616368268,-10.25098052947735,-30.511920011029048,10.924862681796178,-10.25098052947735,62.31327819824219,4,2022-06-01,1.0504037575148173,12.458252352058619,0.37406063966003433
26,DOGE,negative,LTC-USD,2022-02-18,2022-05-28,2022-05-28,84.30993616368268,-10.25098052947735,-30.511920011029048,10.924862681796178,-10.25098052947735,62.31327819824219,5,2022-06-02,3.431173650380792,3.685779512670062,0.13006386511655865
26,DOGE,negative,LTC-USD,2022-02-18,2022-05-28,2022-05-28,84.30993616368268,-10.25098052947735,-30.511920011029048,10.924862681796178,-10.25098052947735,62.31327819824219,6,2022-06-03,0.5552354531837445,3.930847603056309,-0.8425195095797644
26,DOGE,negative,LTC-USD,2022-02-18,2022-05-28,2022-05-28,84.30993616368268,-10.25098052947735,-30.511920011029048,10.924862681796178,-10.25098052947735,62.31327819824219,7,2022-06-04,2.301443546062787,3.0359989059110415,-0.9435721416742315
26,DOGE,negative,LTC-USD,2022-02-18,2022-05-28,2022-05-28,84.30993616368268,-10.25098052947735,-30.511920011029048,10.924862681796178,-10.25098052947735,62.31327819824219,8,2022-06-05,1.4356428127685117,2.355082799858854,-0.4046819073486918
26,DOGE,negative,LTC-USD,2022-02-18,2022-05-28,2022-05-28,84.30993616368268,-10.25098052947735,-30.511920011029048,10.924862681796178,-10.25098052947735,62.31327819824219,9,2022-06-06,3.3764814461564097,6.388556338847273,1.2436140393063955
26,DOGE,negative,LTC-USD,2022-02-18,2022-05-28,2022-05-28,84.30993616368268,-10.25098052947735,-30.511920011029048,10.924862681796178,-10.25098052947735,62.31327819824219,10,2022-06-07,2.555204599287464,4.835895227024678,-2.8149466558171965
26,DOGE,negative,LTC-USD,2022-02-18,2022-05-28,2022-05-28,84.30993616368268,-10.25098052947735,-30.511920011029048,10.924862681796178,-10.25098052947735,62.31327819824219,11,2022-06-08,-1.230237895783859,3.114309033114804,-1.230237895783859
26,DOGE,negative,LTC-USD,2022-02-18,2022-05-28,2022-05-28,84.30993616368268,-10.25098052947735,-30.511920011029048,10.924862681796178,-10.25098052947735,62.31327819824219,12,2022-06-09,-3.3657438005094797,-0.040299841102431344,-3.9749980593878687
26,DOGE,negative,LTC-USD,2022-02-18,2022-05-28,2022-05-28,84.30993616368268,-10.25098052947735,-30.511920011029048,10.924862681796178,-10.25098052947735,62.31327819824219,13,2022-06-10,-9.07488999728926,-3.369643390177146,-9.361237417548473
26,DOGE,negative,LTC-USD,2022-02-18,2022-05-28,2022-05-28,84.30993616368268,-10.25098052947735,-30.511920011029048,10.924862681796178,-10.25098052947735,62.31327819824219,14,2022-06-11,-16.08263628423099,-7.437294965452201,-16.17841804237905
26,DOGE,negative,LTC-USD,2022-02-18,2022-05-28,2022-05-28,84.30993616368268,-10.25098052947735,-30.511920011029048,10.924862681796178,-10.25098052947735,62.31327819824219,15,2022-06-12,-22.60252370179171,-15.602417427260107,-22.760429535210534
26,DOGE,negative,LTC-USD,2022-02-18,2022-05-28,2022-05-28,84.30993616368268,-10.25098052947735,-30.511920011029048,10.924862681796178,-10.25098052947735,62.31327819824219,16,2022-06-13,-30.511920011029048,-22.627537396269084,-33.19292769928127
26,DOGE,negative,LTC-USD,2022-02-18,2022-05-28,2022-05-28,84.30993616368268,-10.25098052947735,-30.511920011029048,10.924862681796178,-10.25098052947735,62.31327819824219,17,2022-06-14,-25.96760022557626,-25.96760022557626,-34.71631434047471
26,DOGE,negative,LTC-USD,2022-02-18,2022-05-28,2022-05-28,84.30993616368268,-10.25098052947735,-30.511920011029048,10.924862681796178,-10.25098052947735,62.31327819824219,18,2022-06-15,-18.971087450471536,-18.731253503202804,-32.756436894109676
26,DOGE,negative,LTC-USD,2022-02-18,2022-05-28,2022-05-28,84.30993616368268,-10.25098052947735,-30.511920011029048,10.924862681796178,-10.25098052947735,62.31327819824219,19,2022-06-16,-28.26614203615636,-18.346626628430684,-28.85733084902331
26,DOGE,negative,LTC-USD,2022-02-18,2022-05-28,2022-05-28,84.30993616368268,-10.25098052947735,-30.511920011029048,10.924862681796178,-10.25098052947735,62.31327819824219,20,2022-06-17,-23.475517555744542,-22.554608335498415,-28.46271931059663
26,DOGE,negative,LTC-USD,2022-02-18,2022-05-28,2022-05-28,84.30993616368268,-10.25098052947735,-30.511920011029048,10.924862681796178,-10.25098052947735,62.31327819824219,21,2022-06-18,-24.177866100456857,-22.63731391855992,-32.70140186881561
26,DOGE,negative,LTC-USD,2022-02-18,2022-05-28,2022-05-28,84.30993616368268,-10.25098052947735,-30.511920011029048,10.924862681796178,-10.25098052947735,62.31327819824219,22,2022-06-19,-12.822487494989298,-10.638105100614315,-27.461045119415594
26,DOGE,negative,LTC-USD,2022-02-18,2022-05-28,2022-05-28,84.30993616368268,-10.25098052947735,-30.511920011029048,10.924862681796178,-10.25098052947735,62.31327819824219,23,2022-06-20,-15.097399138980395,-12.743693745205098,-17.1749499175148
26,DOGE,negative,LTC-USD,2022-02-18,2022-05-28,2022-05-28,84.30993616368268,-10.25098052947735,-30.511920011029048,10.924862681796178,-10.25098052947735,62.31327819824219,24,2022-06-21,-14.131176319487693,-11.011167886089378,-16.32217638486856
26,DOGE,negative,LTC-USD,2022-02-18,2022-05-28,2022-05-28,84.30993616368268,-10.25098052947735,-30.511920011029048,10.924862681796178,-10.25098052947735,62.31327819824219,25,2022-06-22,-16.381557891581856,-14.025918007484762,-18.516537321093317
26,DOGE,negative,LTC-USD,2022-02-18,2022-05-28,2022-05-28,84.30993616368268,-10.25098052947735,-30.511920011029048,10.924862681796178,-10.25098052947735,62.31327819824219,26,2022-06-23,-10.512118357505074,-9.428381372768202,-16.476862148954286
26,DOGE,negative,LTC-USD,2022-02-18,2022-05-28,2022-05-28,84.30993616368268,-10.25098052947735,-30.511920011029048,10.924862681796178,-10.25098052947735,62.31327819824219,27,2022-06-24,-10.143897919639311,-8.58807183472694,-11.92472481875172
26,DOGE,negative,LTC-USD,2022-02-18,2022-05-28,2022-05-28,84.30993616368268,-10.25098052947735,-30.511920011029048,10.924862681796178,-10.25098052947735,62.31327819824219,28,2022-06-25,-5.365388490957967,-4.471213192342461,-11.605454332193121
26,DOGE,negative,LTC-USD,2022-02-18,2022-05-28,2022-05-28,84.30993616368268,-10.25098052947735,-30.511920011029048,10.924862681796178,-10.25098052947735,62.31327819824219,29,2022-06-26,-8.725481865622465,-3.2295826177963782,-8.726363405515947
26,DOGE,negative,LTC-USD,2022-02-18,2022-05-28,2022-05-28,84.30993616368268,-10.25098052947735,-30.511920011029048,10.924862681796178,-10.25098052947735,62.31327819824219,30,2022-06-27,-10.25098052947735,-6.095964677675958,-11.335341938305433
27,DOGE,negative,XLM-USD,2022-02-20,2022-05-30,2022-05-30,84.20024244843023,-23.4012304891304,-25.697548636397222,4.762831332808837,-23.4012304891304,0.14336000382900238,0,2022-05-30,0.0,0.06975564320659267,-8.784876652252994
27,DOGE,negative,XLM-USD,2022-02-20,2022-05-30,2022-05-30,84.20024244843023,-23.4012304891304,-25.697548636397222,4.762831332808837,-23.4012304891304,0.14336000382900238,1,2022-05-31,4.762831332808837,6.655973088104461,-1.1983813697239332
27,DOGE,negative,XLM-USD,2022-02-20,2022-05-30,2022-05-30,84.20024244843023,-23.4012304891304,-25.697548636397222,4.762831332808837,-23.4012304891304,0.14336000382900238,2,2022-06-01,-4.3854689983407695,5.048828430533359,-6.326039601788924
27,DOGE,negative,XLM-USD,2022-02-20,2022-05-30,2022-05-30,84.20024244843023,-23.4012304891304,-25.697548636397222,4.762831332808837,-23.4012304891304,0.14336000382900238,3,2022-06-02,-0.10603148805697904,0.3641200919639376,-5.29646044420552
27,DOGE,negative,XLM-USD,2022-02-20,2022-05-30,2022-05-30,84.20024244843023,-23.4012304891304,-25.697548636397222,4.762831332808837,-23.4012304891304,0.14336000382900238,4,2022-06-03,2.206330145320612,4.893268460896971,-2.3067799346140894
27,DOGE,negative,XLM-USD,2022-02-20,2022-05-30,2022-05-30,84.20024244843023,-23.4012304891304,-25.697548636397222,4.762831332808837,-23.4012304891304,0.14336000382900238,5,2022-06-04,0.0676560097797152,2.5920702250463945,-1.5171618527373254
27,DOGE,negative,XLM-USD,2022-02-20,2022-05-30,2022-05-30,84.20024244843023,-23.4012304891304,-25.697548636397222,4.762831332808837,-23.4012304891304,0.14336000382900238,6,2022-06-05,0.23436898271824713,2.744137735121255,-1.2465170251686808
27,DOGE,negative,XLM-USD,2022-02-20,2022-05-30,2022-05-30,84.20024244843023,-23.4012304891304,-25.697548636397222,4.762831332808837,-23.4012304891304,0.14336000382900238,7,2022-06-06,1.093046294734279,4.753071155641364,-0.3041350201497206
27,DOGE,negative,XLM-USD,2022-02-20,2022-05-30,2022-05-30,84.20024244843023,-23.4012304891304,-25.697548636397222,4.762831332808837,-23.4012304891304,0.14336000382900238,8,2022-06-07,-1.9266215536518194,1.177457795029424,-5.835660860140823
27,DOGE,negative,XLM-USD,2022-02-20,2022-05-30,2022-05-30,84.20024244843023,-23.4012304891304,-25.697548636397222,4.762831332808837,-23.4012304891304,0.14336000382900238,9,2022-06-08,-2.234935052205511,0.06905923013926785,-4.796321525389924
27,DOGE,negative,XLM-USD,2022-02-20,2022-05-30,2022-05-30,84.20024244843023,-23.4012304891304,-25.697548636397222,4.762831332808837,-23.4012304891304,0.14336000382900238,10,2022-06-09,-2.410711789244202,-0.8042739389653164,-3.1731281845956083
27,DOGE,negative,XLM-USD,2022-02-20,2022-05-30,2022-05-30,84.20024244843023,-23.4012304891304,-25.697548636397222,4.762831332808837,-23.4012304891304,0.14336000382900238,11,2022-06-10,-7.124721447765847,-1.744566704782291,-7.508372288289644
27,DOGE,negative,XLM-USD,2022-02-20,2022-05-30,2022-05-30,84.20024244843023,-23.4012304891304,-25.697548636397222,4.762831332808837,-23.4012304891304,0.14336000382900238,12,2022-06-11,-12.734380676221246,-5.623608278251735,-14.137834905823643
27,DOGE,negative,XLM-USD,2022-02-20,2022-05-30,2022-05-30,84.20024244843023,-23.4012304891304,-25.697548636397222,4.762831332808837,-23.4012304891304,0.14336000382900238,13,2022-06-12,-16.791995033223582,-11.658069083552626,-17.8020382451347
27,DOGE,negative,XLM-USD,2022-02-20,2022-05-30,2022-05-30,84.20024244843023,-23.4012304891304,-25.697548636397222,4.762831332808837,-23.4012304891304,0.14336000382900238,14,2022-06-13,-25.697548636397226,-16.817107480546944,-27.16587842062248
27,DOGE,negative,XLM-USD,2022-02-20,2022-05-30,2022-05-30,84.20024244843023,-23.4012304891304,-25.697548636397222,4.762831332808837,-23.4012304891304,0.14336000382900238,15,2022-06-14,-21.233260230749718,-19.793530156296924,-29.686805373440073
27,DOGE,negative,XLM-USD,2022-02-20,2022-05-30,2022-05-30,84.20024244843023,-23.4012304891304,-25.697548636397222,4.762831332808837,-23.4012304891304,0.14336000382900238,16,2022-06-15,-15.927039609376713,-15.355050611040099,-27.338173092324524
27,DOGE,negative,XLM-USD,2022-02-20,2022-05-30,2022-05-30,84.20024244843023,-23.4012304891304,-25.697548636397222,4.762831332808837,-23.4012304891304,0.14336000382900238,17,2022-06-16,-24.067385967817188,-14.473355288015133,-25.19322084495278
27,DOGE,negative,XLM-USD,2022-02-20,2022-05-30,2022-05-30,84.20024244843023,-23.4012304891304,-25.697548636397222,4.762831332808837,-23.4012304891304,0.14336000382900238,18,2022-06-17,-21.81710384256824,-19.523581741795603,-24.80678435215966
27,DOGE,negative,XLM-USD,2022-02-20,2022-05-30,2022-05-30,84.20024244843023,-23.4012304891304,-25.697548636397222,4.762831332808837,-23.4012304891304,0.14336000382900238,19,2022-06-18,-24.7816719048363,-21.014929537029793,-29.67215471346396
27,DOGE,negative,XLM-USD,2022-02-20,2022-05-30,2022-05-30,84.20024244843023,-23.4012304891304,-25.697548636397222,4.762831332808837,-23.4012304891304,0.14336000382900238,20,2022-06-19,-20.081616493223432,-19.126678264542797,-26.748747781742477
27,DOGE,negative,XLM-USD,2022-02-20,2022-05-30,2022-05-30,84.20024244843023,-23.4012304891304,-25.697548636397222,4.762831332808837,-23.4012304891304,0.14336000382900238,21,2022-06-20,-21.05259820801484,-17.98061102866758,-22.869701011160593
27,DOGE,negative,XLM-USD,2022-02-20,2022-05-30,2022-05-30,84.20024244843023,-23.4012304891304,-25.697548636397222,4.762831332808837,-23.4012304891304,0.14336000382900238,22,2022-06-21,-20.37527933180102,-17.068917972623066,-21.93778079348889
27,DOGE,negative,XLM-USD,2022-02-20,2022-05-30,2022-05-30,84.20024244843023,-23.4012304891304,-25.697548636397222,4.762831332808837,-23.4012304891304,0.14336000382900238,23,2022-06-22,-20.97656445297741,-19.522183718548504,-23.164761872985274
27,DOGE,negative,XLM-USD,2022-02-20,2022-05-30,2022-05-30,84.20024244843023,-23.4012304891304,-25.697548636397222,4.762831332808837,-23.4012304891304,0.14336000382900238,24,2022-06-23,-17.695315541122824,-17.12193371665156,-21.104912341863557
27,DOGE,negative,XLM-USD,2022-02-20,2022-05-30,2022-05-30,84.20024244843023,-23.4012304891304,-25.697548636397222,4.762831332808837,-23.4012304891304,0.14336000382900238,25,2022-06-24,-10.821708172365764,-10.047431966420007,-17.72461166396261
27,DOGE,negative,XLM-USD,2022-02-20,2022-05-30,2022-05-30,84.20024244843023,-23.4012304891304,-25.697548636397222,4.762831332808837,-23.4012304891304,0.14336000382900238,26,2022-06-25,-11.480192713087067,-9.40290686971993,-14.134347643374557
27,DOGE,negative,XLM-USD,2022-02-20,2022-05-30,2022-05-30,84.20024244843023,-23.4012304891304,-25.697548636397222,4.762831332808837,-23.4012304891304,0.14336000382900238,27,2022-06-26,-16.141883040647553,-10.838453268656313,-16.15164841492748
27,DOGE,negative,XLM-USD,2022-02-20,2022-05-30,2022-05-30,84.20024244843023,-23.4012304891304,-25.697548636397222,4.762831332808837,-23.4012304891304,0.14336000382900238,28,2022-06-27,-16.99986393959625,-13.51213894750366,-18.21847247094737
27,DOGE,negative,XLM-USD,2022-02-20,2022-05-30,2022-05-30,84.20024244843023,-23.4012304891304,-25.697548636397222,4.762831332808837,-23.4012304891304,0.14336000382900238,29,2022-06-28,-20.17159929805721,-15.567108390041628,-20.36063386893735
27,DOGE,negative,XLM-USD,2022-02-20,2022-05-30,2022-05-30,84.20024244843023,-23.4012304891304,-25.697548636397222,4.762831332808837,-23.4012304891304,0.14336000382900238,30,2022-06-29,-23.4012304891304,-19.507533058572392,-24.87444555905183
28,DOGE,negative,XRP-USD,2022-02-20,2022-05-30,2022-05-30,84.13562992034899,-21.33006690244359,-26.325104896973805,0.8828841990859981,-21.33006690244359,0.41817501187324524,0,2022-05-30,0.0,0.12602246710555765,-7.302924643439379
28,DOGE,negative,XRP-USD,2022-02-20,2022-05-30,2022-05-30,84.13562992034899,-21.33006690244359,-26.325104896973805,0.8828841990859981,-21.33006690244359,0.41817501187324524,1,2022-05-31,0.8828841990859981,2.7502801706858593,-2.218210649158592
28,DOGE,negative,XRP-USD,2022-02-20,2022-05-30,2022-05-30,84.13562992034899,-21.33006690244359,-26.325104896973805,0.8828841990859981,-21.33006690244359,0.41817501187324524,2,2022-06-01,-4.804211914158197,1.660306628776076,-6.111801020908125
28,DOGE,negative,XRP-USD,2022-02-20,2022-05-30,2022-05-30,84.13562992034899,-21.33006690244359,-26.325104896973805,0.8828841990859981,-21.33006690244359,0.41817501187324524,3,2022-06-02,-3.0783818695268694,-2.7526747614763036,-6.127102170988752
28,DOGE,negative,XRP-USD,2022-02-20,2022-05-30,2022-05-30,84.13562992034899,-21.33006690244359,-26.325104896973805,0.8828841990859981,-21.33006690244359,0.41817501187324524,4,2022-06-03,-6.554436852467194,-2.0888386056497343,-7.813713664668209
28,DOGE,negative,XRP-USD,2022-02-20,2022-05-30,2022-05-30,84.13562992034899,-21.33006690244359,-26.325104896973805,0.8828841990859981,-21.33006690244359,0.41817501187324524,5,2022-06-04,-6.185448941230964,-5.9094937329069115,-7.625759667893062
28,DOGE,negative,XRP-USD,2022-02-20,2022-05-30,2022-05-30,84.13562992034899,-21.33006690244359,-26.325104896973805,0.8828841990859981,-21.33006690244359,0.41817501187324524,6,2022-06-05,-5.451072131702494,-4.504816797769329,-6.67376016676614
28,DOGE,negative,XRP-USD,2022-02-20,2022-05-30,2022-05-30,84.13562992034899,-21.33006690244359,-26.325104896973805,0.8828841990859981,-21.33006690244359,0.41817501187324524,7,2022-06-06,-3.626237160699486,-2.3169732657479125,-5.571592741396669
28,DOGE,negative,XRP-USD,2022-02-20,2022-05-30,2022-05-30,84.13562992034899,-21.33006690244359,-26.325104896973805,0.8828841990859981,-21.33006690244359,0.41817501187324524,8,2022-06-07,-2.504456896474927,-0.40605418118001557,-7.746280277587236
28,DOGE,negative,XRP-USD,2022-02-20,2022-05-30,2022-05-30,84.13562992034899,-21.33006690244359,-26.325104896973805,0.8828841990859981,-21.33006690244359,0.41817501187324524,9,2022-06-08,-4.1913106999367455,-1.9805118794152476,-5.267415570185207
28,DOGE,negative,XRP-USD,2022-02-20,2022-05-30,2022-05-30,84.13562992034899,-21.33006690244359,-26.325104896973805,0.8828841990859981,-21.33006690244359,0.41817501187324524,10,2022-06-09,-4.268792816227629,-3.4837091213597904,-4.915410723989555
28,DOGE,negative,XRP-USD,2022-02-20,2022-05-30,2022-05-30,84.13562992034899,-21.33006690244359,-26.325104896973805,0.8828841990859981,-21.33006690244359,0.41817501187324524,11,2022-06-10,-8.71381611181884,-1.9750100220038647,-8.918275680828124
28,DOGE,negative,XRP-USD,2022-02-20,2022-05-30,2022-05-30,84.13562992034899,-21.33006690244359,-26.325104896973805,0.8828841990859981,-21.33006690244359,0.41817501187324524,12,2022-06-11,-14.144797911859818,-7.2024872386484144,-14.240210952045828
28,DOGE,negative,XRP-USD,2022-02-20,2022-05-30,2022-05-30,84.13562992034899,-21.33006690244359,-26.325104896973805,0.8828841990859981,-21.33006690244359,0.41817501187324524,13,2022-06-12,-17.381479336855143,-12.78890363731927,-18.309561437110812
28,DOGE,negative,XRP-USD,2022-02-20,2022-05-30,2022-05-30,84.13562992034899,-21.33006690244359,-26.325104896973805,0.8828841990859981,-21.33006690244359,0.41817501187324524,14,2022-06-13,-25.676569891227853,-16.5715303822615,-27.338316125181507
28,DOGE,negative,XRP-USD,2022-02-20,2022-05-30,2022-05-30,84.13562992034899,-21.33006690244359,-26.325104896973805,0.8828841990859981,-21.33006690244359,0.41817501187324524,15,2022-06-14,-22.964553285881006,-22.63430643279022,-29.415680649960365
28,DOGE,negative,XRP-USD,2022-02-20,2022-05-30,2022-05-30,84.13562992034899,-21.33006690244359,-26.325104896973805,0.8828841990859981,-21.33006690244359,0.41817501187324524,16,2022-06-15,-17.808814018333585,-17.53907334325141,-28.08967599975056
28,DOGE,negative,XRP-USD,2022-02-20,2022-05-30,2022-05-30,84.13562992034899,-21.33006690244359,-26.325104896973805,0.8828841990859981,-21.33006690244359,0.41817501187324524,17,2022-06-16,-25.376697282032556,-17.40945898996018,-26.24691010485243
28,DOGE,negative,XRP-USD,2022-02-20,2022-05-30,2022-05-30,84.13562992034899,-21.33006690244359,-26.325104896973805,0.8828841990859981,-21.33006690244359,0.41817501187324524,18,2022-06-17,-23.146770242220693,-19.043945373397598,-25.57661710600162
28,DOGE,negative,XRP-USD,2022-02-20,2022-05-30,2022-05-30,84.13562992034899,-21.33006690244359,-26.325104896973805,0.8828841990859981,-21.33006690244359,0.41817501187324524,19,2022-06-18,-26.325104896973805,-22.110603725512902,-30.512588527700824
28,DOGE,negative,XRP-USD,2022-02-20,2022-05-30,2022-05-30,84.13562992034899,-21.33006690244359,-26.325104896973805,0.8828841990859981,-21.33006690244359,0.41817501187324524,20,2022-06-19,-22.029536849794663,-20.971605213223697,-28.51150882381762
28,DOGE,negative,XRP-USD,2022-02-20,2022-05-30,2022-05-30,84.13562992034899,-21.33006690244359,-26.325104896973805,0.8828841990859981,-21.33006690244359,0.41817501187324524,21,2022-06-20,-22.67687456014539,-21.552699705130372,-24.854191870150466
28,DOGE,negative,XRP-USD,2022-02-20,2022-05-30,2022-05-30,84.13562992034899,-21.33006690244359,-26.325104896973805,0.8828841990859981,-21.33006690244359,0.41817501187324524,22,2022-06-21,-21.414241044782766,-19.635801270344665,-23.440663501198188
28,DOGE,negative,XRP-USD,2022-02-20,2022-05-30,2022-05-30,84.13562992034899,-21.33006690244359,-26.325104896973805,0.8828841990859981,-21.33006690244359,0.41817501187324524,23,2022-06-22,-22.85885633346102,-21.310461190346807,-23.573149938086292
28,DOGE,negative,XRP-USD,2022-02-20,2022-05-30,2022-05-30,84.13562992034899,-21.33006690244359,-26.325104896973805,0.8828841990859981,-21.33006690244359,0.41817501187324524,24,2022-06-23,-19.76302103284545,-19.632694003723728,-22.954982049477522
28,DOGE,negative,XRP-USD,2022-02-20,2022-05-30,2022-05-30,84.13562992034899,-21.33006690244359,-26.325104896973805,0.8828841990859981,-21.33006690244359,0.41817501187324524,25,2022-06-24,-12.097330138170026,-8.014830784032501,-19.772585142490627
28,DOGE,negative,XRP-USD,2022-02-20,2022-05-30,2022-05-30,84.13562992034899,-21.33006690244359,-26.325104896973805,0.8828841990859981,-21.33006690244359,0.41817501187324524,26,2022-06-25,-12.10474196680712,-10.9745948883326,-14.944940447025912
28,DOGE,negative,XRP-USD,2022-02-20,2022-05-30,2022-05-30,84.13562992034899,-21.33006690244359,-26.325104896973805,0.8828841990859981,-21.33006690244359,0.41817501187324524,27,2022-06-26,-14.183296660222888,-10.627849589765969,-14.194300375045653
28,DOGE,negative,XRP-USD,2022-02-20,2022-05-30,2022-05-30,84.13562992034899,-21.33006690244359,-26.325104896973805,0.8828841990859981,-21.33006690244359,0.41817501187324524,28,2022-06-27,-15.529384515335899,-12.478747115889998,-16.070305470677848
28,DOGE,negative,XRP-USD,2022-02-20,2022-05-30,2022-05-30,84.13562992034899,-21.33006690244359,-26.325104896973805,0.8828841990859981,-21.33006690244359,0.41817501187324524,29,2022-06-28,-19.333056577552487,-15.043467880591166,-19.43206150392417
28,DOGE,negative,XRP-USD,2022-02-20,2022-05-30,2022-05-30,84.13562992034899,-21.33006690244359,-26.325104896973805,0.8828841990859981,-21.33006690244359,0.41817501187324524,30,2022-06-29,-21.33006690244359,-18.430566666369717,-22.65798152387909
29,DOGE,negative,LINK-USD,2022-02-20,2022-05-30,2022-05-30,84.12332617746222,-16.7298300209496,-21.0622197721567,24.38504442150384,-16.7298300209496,7.45792293548584,0,2022-05-30,0.0,0.49090182999178555,-10.57570274106835
29,DOGE,negative,LINK-USD,2022-02-20,2022-05-30,2022-05-30,84.12332617746222,-16.7298300209496,-21.0622197721567,24.38504442150384,-16.7298300209496,7.45792293548584,1,2022-05-31,1.833578659571189,3.279008628808544,-2.9269267955968847
29,DOGE,negative,LINK-USD,2022-02-20,2022-05-30,2022-05-30,84.12332617746222,-16.7298300209496,-21.0622197721567,24.38504442150384,-16.7298300209496,7.45792293548584,2,2022-06-01,-7.126755981529376,3.7429226545258043,-8.60723620971794
29,DOGE,negative,LINK-USD,2022-02-20,2022-05-30,2022-05-30,84.12332617746222,-16.7298300209496,-21.0622197721567,24.38504442150384,-16.7298300209496,7.45792293548584,3,2022-06-02,-3.444937910147816,-3.1536537625193373,-8.421122020040661
29,DOGE,negative,LINK-USD,2022-02-20,2022-05-30,2022-05-30,84.12332617746222,-16.7298300209496,-21.0622197721567,24.38504442150384,-16.7298300209496,7.45792293548584,4,2022-06-03,-7.984700900833852,-3.3768897696848876,-9.66153802479962
29,DOGE,negative,LINK-USD,2022-02-20,2022-05-30,2022-05-30,84.12332617746222,-16.7298300209496,-21.0622197721567,24.38504442150384,-16.7298300209496,7.45792293548584,5,2022-06-04,-0.8290901548669072,-0.8266797302728501,-9.832160281343228
29,DOGE,negative,LINK-USD,2022-02-20,2022-05-30,2022-05-30,84.12332617746222,-16.7298300209496,-21.0622197721567,24.38504442150384,-16.7298300209496,7.45792293548584,6,2022-06-05,2.4009619192555176,4.019079309874329,-2.4911066841137974
29,DOGE,negative,LINK-USD,2022-02-20,2022-05-30,2022-05-30,84.12332617746222,-16.7298300209496,-21.0622197721567,24.38504442150384,-16.7298300209496,7.45792293548584,7,2022-06-06,6.817083555034853,8.98937482281461,2.4415491217039342
29,DOGE,negative,LINK-USD,2022-02-20,2022-05-30,2022-05-30,84.12332617746222,-16.7298300209496,-21.0622197721567,24.38504442150384,-16.7298300209496,7.45792293548584,8,2022-06-07,17.08383635761699,18.83278162103037,-1.0225507049117288
29,DOGE,negative,LINK-USD,2022-02-20,2022-05-30,2022-05-30,84.12332617746222,-16.7298300209496,-21.0622197721567,24.38504442150384,-16.7298300209496,7.45792293548584,9,2022-06-08,16.888189162449695,19.272003180481722,11.171582718035689
29,DOGE,negative,LINK-USD,2022-02-20,2022-05-30,2022-05-30,84.12332617746222,-16.7298300209496,-21.0622197721567,24.38504442150384,-16.7298300209496,7.45792293548584,10,2022-06-09,24.385044421503842,27.52343003036113,14.280736334203258
29,DOGE,negative,LINK-USD,2022-02-20,2022-05-30,2022-05-30,84.12332617746222,-16.7298300209496,-21.0622197721567,24.38504442150384,-16.7298300209496,7.45792293548584,11,2022-06-10,7.894543348577199,26.669577078537255,7.861065939626344
29,DOGE,negative,LINK-USD,2022-02-20,2022-05-30,2022-05-30,84.12332617746222,-16.7298300209496,-21.0622197721567,24.38504442150384,-16.7298300209496,7.45792293548584,12,2022-06-11,-5.923647211535155,12.47667738378524,-6.05370784042708
29,DOGE,negative,LINK-USD,2022-02-20,2022-05-30,2022-05-30,84.12332617746222,-16.7298300209496,-21.0622197721567,24.38504442150384,-16.7298300209496,7.45792293548584,13,2022-06-12,-14.969542335175866,-4.477168675630894,-14.969542335175866
29,DOGE,negative,LINK-USD,2022-02-20,2022-05-30,2022-05-30,84.12332617746222,-16.7298300209496,-21.0622197721567,24.38504442150384,-16.7298300209496,7.45792293548584,14,2022-06-13,-21.0622197721567,-15.04897765389346,-28.095461509355456
29,DOGE,negative,LINK-USD,2022-02-20,2022-05-30,2022-05-30,84.12332617746222,-16.7298300209496,-21.0622197721567,24.38504442150384,-16.7298300209496,7.45792293548584,15,2022-06-14,-9.367984113959249,-9.367984113959249,-27.259159261803955
29,DOGE,negative,LINK-USD,2022-02-20,2022-05-30,2022-05-30,84.12332617746222,-16.7298300209496,-21.0622197721567,24.38504442150384,-16.7298300209496,7.45792293548584,16,2022-06-15,-1.7861246241943407,-1.7744625168745753,-21.16368138457858
29,DOGE,negative,LINK-USD,2022-02-20,2022-05-30,2022-05-30,84.12332617746222,-16.7298300209496,-21.0622197721567,24.38504442150384,-16.7298300209496,7.45792293548584,17,2022-06-16,-15.038850034378925,-0.250485953106816,-15.98895373378606
29,DOGE,negative,LINK-USD,2022-02-20,2022-05-30,2022-05-30,84.12332617746222,-16.7298300209496,-21.0622197721567,24.38504442150384,-16.7298300209496,7.45792293548584,18,2022-06-17,-14.67872492758816,-10.405937240216012,-15.31533276838607
29,DOGE,negative,LINK-USD,2022-02-20,2022-05-30,2022-05-30,84.12332617746222,-16.7298300209496,-21.0622197721567,24.38504442150384,-16.7298300209496,7.45792293548584,19,2022-06-18,-20.415644154323953,-13.542526219601314,-26.67679556492104
29,DOGE,negative,LINK-USD,2022-02-20,2022-05-30,2022-05-30,84.12332617746222,-16.7298300209496,-21.0622197721567,24.38504442150384,-16.7298300209496,7.45792293548584,20,2022-06-19,-11.516599513644088,-9.204746579978341,-21.49002857855663
29,DOGE,negative,LINK-USD,2022-02-20,2022-05-30,2022-05-30,84.12332617746222,-16.7298300209496,-21.0622197721567,24.38504442150384,-16.7298300209496,7.45792293548584,21,2022-06-20,-6.099966254055689,-3.0605806834327343,-14.952995441676098
29,DOGE,negative,LINK-USD,2022-02-20,2022-05-30,2022-05-30,84.12332617746222,-16.7298300209496,-21.0622197721567,24.38504442150384,-16.7298300209496,7.45792293548584,22,2022-06-21,-8.299628948061299,0.7145278528078336,-8.93972774861611
29,DOGE,negative,LINK-USD,2022-02-20,2022-05-30,2022-05-30,84.12332617746222,-16.7298300209496,-21.0622197721567,24.38504442150384,-16.7298300209496,7.45792293548584,23,2022-06-22,-11.049066654186168,-6.193346230703334,-12.904582095673012
29,DOGE,negative,LINK-USD,2022-02-20,2022-05-30,2022-05-30,84.12332617746222,-16.7298300209496,-21.0622197721567,24.38504442150384,-16.7298300209496,7.45792293548584,24,2022-06-23,-6.1226702798739545,-5.448550605937264,-11.09520358753019
29,DOGE,negative,LINK-USD,2022-02-20,2022-05-30,2022-05-30,84.12332617746222,-16.7298300209496,-21.0622197721567,24.38504442150384,-16.7298300209496,7.45792293548584,25,2022-06-24,-2.254622932229733,-0.6824442702800804,-6.499840988701178
29,DOGE,negative,LINK-USD,2022-02-20,2022-05-30,2022-05-30,84.12332617746222,-16.7298300209496,-21.0622197721567,24.38504442150384,-16.7298300209496,7.45792293548584,26,2022-06-25,-2.500895437571349,-1.3911666442247839,-8.14906372587194
29,DOGE,negative,LINK-USD,2022-02-20,2022-05-30,2022-05-30,84.12332617746222,-16.7298300209496,-21.0622197721567,24.38504442150384,-16.7298300209496,7.45792293548584,27,2022-06-26,-9.554200602823537,-0.2928697850272055,-9.554200602823537
29,DOGE,negative,LINK-USD,2022-02-20,2022-05-30,2022-05-30,84.12332617746222,-16.7298300209496,-21.0622197721567,24.38504442150384,-16.7298300209496,7.45792293548584,28,2022-06-27,-12.064603471088143,-6.465858477514452,-13.450341864701908
29,DOGE,negative,LINK-USD,2022-02-20,2022-05-30,2022-05-30,84.12332617746222,-16.7298300209496,-21.0622197721567,24.38504442150384,-16.7298300209496,7.45792293548584,29,2022-06-28,-15.226300507186586,-4.612382626068722,-15.427849086704825
29,DOGE,negative,LINK-USD,2022-02-20,2022-05-30,2022-05-30,84.12332617746222,-16.7298300209496,-21.0622197721567,24.38504442150384,-16.7298300209496,7.45792293548584,30,2022-06-29,-16.7298300209496,-13.326054746177174,-17.34840763003601
30,DOGE,negative,ZIL-USD,2019-04-29,2019-08-06,2019-08-06,84.05405356933787,-26.011687181224573,-26.011687181224573,0.0,-26.011687181224573,0.009242000058293343,0,2019-08-06,0.0,8.883358146432286,-0.735777075921229
30,DOGE,negative,ZIL-USD,2019-04-29,2019-08-06,2019-08-06,84.05405356933787,-26.011687181224573,-26.011687181224573,0.0,-26.011687181224573,0.009242000058293343,1,2019-08-07,-3.6247614506220716,2.8889843747008426,-4.17658166122874
30,DOGE,negative,ZIL-USD,2019-04-29,2019-08-06,2019-08-06,84.05405356933787,-26.011687181224573,-26.011687181224573,0.0,-26.011687181224573,0.009242000058293343,2,2019-08-08,-7.8662595800160435,-3.32179441936038,-9.14304417322801
30,DOGE,negative,ZIL-USD,2019-04-29,2019-08-06,2019-08-06,84.05405356933787,-26.011687181224573,-26.011687181224573,0.0,-26.011687181224573,0.009242000058293343,3,2019-08-09,-13.849820658431556,-7.238690053793406,-14.531483882436092
30,DOGE,negative,ZIL-USD,2019-04-29,2019-08-06,2019-08-06,84.05405356933787,-26.011687181224573,-26.011687181224573,0.0,-26.011687181224573,0.009242000058293343,4,2019-08-10,-9.348626425174444,-8.926639150898241,-14.120319378543222
30,DOGE,negative,ZIL-USD,2019-04-29,2019-08-06,2019-08-06,84.05405356933787,-26.011687181224573,-26.011687181224573,0.0,-26.011687181224573,0.009242000058293343,5,2019-08-11,-3.9060829411170728,11.674957741817881,-9.684051690518746
30,DOGE,negative,ZIL-USD,2019-04-29,2019-08-06,2019-08-06,84.05405356933787,-26.011687181224573,-26.011687181224573,0.0,-26.011687181224573,0.009242000058293343,6,2019-08-12,-4.5769334718056776,-0.16230124748047858,-5.550751033755963
30,DOGE,negative,ZIL-USD,2019-04-29,2019-08-06,2019-08-06,84.05405356933787,-26.011687181224573,-26.011687181224573,0.0,-26.011687181224573,0.009242000058293343,7,2019-08-13,-4.9772752053152125,1.5148250792410112,-6.254059798527178
30,DOGE,negative,ZIL-USD,2019-04-29,2019-08-06,2019-08-06,84.05405356933787,-26.011687181224573,-26.011687181224573,0.0,-26.011687181224573,0.009242000058293343,8,2019-08-14,-16.673878487899763,-4.739234719286156,-16.760440496831674
30,DOGE,negative,ZIL-USD,2019-04-29,2019-08-06,2019-08-06,84.05405356933787,-26.011687181224573,-26.011687181224573,0.0,-26.011687181224573,0.009242000058293343,9,2019-08-15,-19.49794639443536,-15.829908977881036,-20.937027196594116
30,DOGE,negative,ZIL-USD,2019-04-29,2019-08-06,2019-08-06,84.05405356933787,-26.011687181224573,-26.011687181224573,0.0,-26.011687181224573,0.009242000058293343,10,2019-08-16,-20.688163940181724,-19.011037613460225,-23.23090531768862
30,DOGE,negative,ZIL-USD,2019-04-29,2019-08-06,2019-08-06,84.05405356933787,-26.011687181224573,-26.011687181224573,0.0,-26.011687181224573,0.009242000058293343,11,2019-08-17,-16.717159492365717,-15.332177426522565,-21.60787772728271
30,DOGE,negative,ZIL-USD,2019-04-29,2019-08-06,2019-08-06,84.05405356933787,-26.011687181224573,-26.011687181224573,0.0,-26.011687181224573,0.009242000058293343,12,2019-08-18,-15.59186345331829,-14.823628143314437,-19.07595912015916
30,DOGE,negative,ZIL-USD,2019-04-29,2019-08-06,2019-08-06,84.05405356933787,-26.011687181224573,-26.011687181224573,0.0,-26.011687181224573,0.009242000058293343,13,2019-08-19,-16.27353675439023,-13.600957402019166,-16.64142025381714
30,DOGE,negative,ZIL-USD,2019-04-29,2019-08-06,2019-08-06,84.05405356933787,-26.011687181224573,-26.011687181224573,0.0,-26.011687181224573,0.009242000058293343,14,2019-08-20,-18.275265576072684,-15.46202043992042,-19.757627382697397
30,DOGE,negative,ZIL-USD,2019-04-29,2019-08-06,2019-08-06,84.05405356933787,-26.011687181224573,-26.011687181224573,0.0,-26.011687181224573,0.009242000058293343,15,2019-08-21,-22.505951012150728,-17.842460569946837,-24.8755683717938
30,DOGE,negative,ZIL-USD,2019-04-29,2019-08-06,2019-08-06,84.05405356933787,-26.011687181224573,-26.011687181224573,0.0,-26.011687181224573,0.009242000058293343,16,2019-08-22,-17.87491880402946,-17.366369520821333,-24.453581097517596
30,DOGE,negative,ZIL-USD,2019-04-29,2019-08-06,2019-08-06,84.05405356933787,-26.011687181224573,-26.011687181224573,0.0,-26.011687181224573,0.009242000058293343,17,2019-08-23,-16.91192401246251,-16.554858244885228,-19.692705875998463
30,DOGE,negative,ZIL-USD,2019-04-29,2019-08-06,2019-08-06,84.05405356933787,-26.011687181224573,-26.011687181224573,0.0,-26.011687181224573,0.009242000058293343,18,2019-08-24,-7.693135562152231,-4.566110701422332,-17.128329034792287
30,DOGE,negative,ZIL-USD,2019-04-29,2019-08-06,2019-08-06,84.05405356933787,-26.011687181224573,-26.011687181224573,0.0,-26.011687181224573,0.009242000058293343,19,2019-08-25,-13.027481573578415,-4.587756242189012,-14.109496608159889
30,DOGE,negative,ZIL-USD,2019-04-29,2019-08-06,2019-08-06,84.05405356933787,-26.011687181224573,-26.011687181224573,0.0,-26.011687181224573,0.009242000058293343,20,2019-08-26,-8.666953124102516,-6.2324142577604995,-13.438646077471283
30,DOGE,negative,ZIL-USD,2019-04-29,2019-08-06,2019-08-06,84.05405356933787,-26.011687181224573,-26.011687181224573,0.0,-26.011687181224573,0.009242000058293343,21,2019-08-27,-13.882278892514165,-8.656140430786575,-15.256438187973986
30,DOGE,negative,ZIL-USD,2019-04-29,2019-08-06,2019-08-06,84.05405356933787,-26.011687181224573,-26.011687181224573,0.0,-26.011687181224573,0.009242000058293343,22,2019-08-28,-21.30491069602103,-12.064486782011464,-21.94330299262701
30,DOGE,negative,ZIL-USD,2019-04-29,2019-08-06,2019-08-06,84.05405356933787,-26.011687181224573,-26.011687181224573,0.0,-26.011687181224573,0.009242000058293343,23,2019-08-29,-24.12897860255663,-21.088510712224952,-25.96840617675862
30,DOGE,negative,ZIL-USD,2019-04-29,2019-08-06,2019-08-06,84.05405356933787,-26.011687181224573,-26.011687181224573,0.0,-26.011687181224573,0.009242000058293343,24,2019-08-30,-23.76109006459601,-23.079421802057777,-25.210993637138102
30,DOGE,negative,ZIL-USD,2019-04-29,2019-08-06,2019-08-06,84.05405356933787,-26.011687181224573,-26.011687181224573,0.0,-26.011687181224573,0.009242000058293343,25,2019-08-31,-24.46440386790093,-22.53841428476704,-25.17853540305549
30,DOGE,negative,ZIL-USD,2019-04-29,2019-08-06,2019-08-06,84.05405356933787,-26.011687181224573,-26.011687181224573,0.0,-26.011687181224573,0.009242000058293343,26,2019-09-01,-23.328285058470165,-22.53841428476704,-25.2650923734537
30,DOGE,negative,ZIL-USD,2019-04-29,2019-08-06,2019-08-06,84.05405356933787,-26.011687181224573,-26.011687181224573,0.0,-26.011687181224573,0.009242000058293343,27,2019-09-02,-22.689892761864183,-22.116427010490835,-25.416575889084537
30,DOGE,negative,ZIL-USD,2019-04-29,2019-08-06,2019-08-06,84.05405356933787,-26.011687181224573,-26.011687181224573,0.0,-26.011687181224573,0.009242000058293343,28,2019-09-03,-22.46267000768477,-21.315733466404364,-24.583424110915463
30,DOGE,negative,ZIL-USD,2019-04-29,2019-08-06,2019-08-06,84.05405356933787,-26.011687181224573,-26.011687181224573,0.0,-26.011687181224573,0.009242000058293343,29,2019-09-04,-23.847652073527925,-22.073146006024878,-24.615882344998074
30,DOGE,negative,ZIL-USD,2019-04-29,2019-08-06,2019-08-06,84.05405356933787,-26.011687181224573,-26.011687181224573,0.0,-26.011687181224573,0.009242000058293343,30,2019-09-05,-26.011687181224573,-23.317462288086833,-27.050421211340094
31,DOGE,negative,AVAX-USD,2022-02-21,2022-05-31,2022-05-31,83.7742828741635,-35.849146334632486,-43.762278271962295,0.0,-35.849146334632486,26.38993263244629,0,2022-05-31,0.0,9.91059867699484,-2.6655102568133304
31,DOGE,negative,AVAX-USD,2022-02-21,2022-05-31,2022-05-31,83.7742828741635,-35.849146334632486,-43.762278271962295,0.0,-35.849146334632486,26.38993263244629,1,2022-06-01,-9.812152060668156,2.088432829752973,-11.090187320327338
31,DOGE,negative,AVAX-USD,2022-02-21,2022-05-31,2022-05-31,83.7742828741635,-35.849146334632486,-43.762278271962295,0.0,-35.849146334632486,26.38993263244629,2,2022-06-02,-6.489779324475952,-5.9062765951680145,-13.715808664762207
31,DOGE,negative,AVAX-USD,2022-02-21,2022-05-31,2022-05-31,83.7742828741635,-35.849146334632486,-43.762278271962295,0.0,-35.849146334632486,26.38993263244629,3,2022-06-03,-12.8249321964379,-6.493891807016883,-14.264134851844023
31,DOGE,negative,AVAX-USD,2022-02-21,2022-05-31,2022-05-31,83.7742828741635,-35.849146334632486,-43.762278271962295,0.0,-35.849146334632486,26.38993263244629,4,2022-06-04,-7.039059549686777,-7.038813812592936,-15.685427609646629
31,DOGE,negative,AVAX-USD,2022-02-21,2022-05-31,2022-05-31,83.7742828741635,-35.849146334632486,-43.762278271962295,0.0,-35.849146334632486,26.38993263244629,5,2022-06-05,-8.434087348695519,-4.913281909232669,-9.086569925754873
31,DOGE,negative,AVAX-USD,2022-02-21,2022-05-31,2022-05-31,83.7742828741635,-35.849146334632486,-43.762278271962295,0.0,-35.849146334632486,26.38993263244629,6,2022-06-06,-1.5208090532436436,4.807434269844624,-8.671230871806547
31,DOGE,negative,AVAX-USD,2022-02-21,2022-05-31,2022-05-31,83.7742828741635,-35.849146334632486,-43.762278271962295,0.0,-35.849146334632486,26.38993263244629,7,2022-06-07,-6.648380935860809,-0.9154646328308425,-11.923048151822158
31,DOGE,negative,AVAX-USD,2022-02-21,2022-05-31,2022-05-31,83.7742828741635,-35.849146334632486,-43.762278271962295,0.0,-35.849146334632486,26.38993263244629,8,2022-06-08,-7.160605452833835,-3.9186610219410722,-9.809181532857403
31,DOGE,negative,AVAX-USD,2022-02-21,2022-05-31,2022-05-31,83.7742828741635,-35.849146334632486,-43.762278271962295,0.0,-35.849146334632486,26.38993263244629,9,2022-06-09,-7.500105703088156,-4.164766721415447,-9.879867085142479
31,DOGE,negative,AVAX-USD,2022-02-21,2022-05-31,2022-05-31,83.7742828741635,-35.849146334632486,-43.762278271962295,0.0,-35.849146334632486,26.38993263244629,10,2022-06-10,-16.346619398413907,-5.986647079974771,-16.346619398413907
31,DOGE,negative,AVAX-USD,2022-02-21,2022-05-31,2022-05-31,83.7742828741635,-35.849146334632486,-43.762278271962295,0.0,-35.849146334632486,26.38993263244629,11,2022-06-11,-24.975301615179323,-13.05160298281467,-25.001067872223935
31,DOGE,negative,AVAX-USD,2022-02-21,2022-05-31,2022-05-31,83.7742828741635,-35.849146334632486,-43.762278271962295,0.0,-35.849146334632486,26.38993263244629,12,2022-06-12,-34.11335346209234,-23.79511308423542,-34.11335346209234
31,DOGE,negative,AVAX-USD,2022-02-21,2022-05-31,2022-05-31,83.7742828741635,-35.849146334632486,-43.762278271962295,0.0,-35.849146334632486,26.38993263244629,13,2022-06-13,-39.29527660781624,-34.10889405659542,-44.353026631757544
31,DOGE,negative,AVAX-USD,2022-02-21,2022-05-31,2022-05-31,83.7742828741635,-35.849146334632486,-43.762278271962295,0.0,-35.849146334632486,26.38993263244629,14,2022-06-14,-37.323250884924576,-34.9181713546438,-44.09732273050049
31,DOGE,negative,AVAX-USD,2022-02-21,2022-05-31,2022-05-31,83.7742828741635,-35.849146334632486,-43.762278271962295,0.0,-35.849146334632486,26.38993263244629,15,2022-06-15,-30.988849679367302,-30.258179341099346,-44.51403863493044
31,DOGE,negative,AVAX-USD,2022-02-21,2022-05-31,2022-05-31,83.7742828741635,-35.849146334632486,-43.762278271962295,0.0,-35.849146334632486,26.38993263244629,16,2022-06-16,-40.38531214935033,-29.398865634209493,-41.04316841844691
31,DOGE,negative,AVAX-USD,2022-02-21,2022-05-31,2022-05-31,83.7742828741635,-35.849146334632486,-43.762278271962295,0.0,-35.849146334632486,26.38993263244629,17,2022-06-17,-39.33502096896304,-37.040046111842905,-41.055950361107044
31,DOGE,negative,AVAX-USD,2022-02-21,2022-05-31,2022-05-31,83.7742828741635,-35.849146334632486,-43.762278271962295,0.0,-35.849146334632486,26.38993263244629,18,2022-06-18,-43.762278271962295,-38.345459374779786,-47.51454637113167
31,DOGE,negative,AVAX-USD,2022-02-21,2022-05-31,2022-05-31,83.7742828741635,-35.849146334632486,-43.762278271962295,0.0,-35.849146334632486,26.38993263244629,19,2022-06-19,-38.651842937859236,-38.21477783379138,-47.739468087605275
31,DOGE,negative,AVAX-USD,2022-02-21,2022-05-31,2022-05-31,83.7742828741635,-35.849146334632486,-43.762278271962295,0.0,-35.849146334632486,26.38993263244629,20,2022-06-20,-35.05907266771104,-32.490780341755254,-41.66546508455343
31,DOGE,negative,AVAX-USD,2022-02-21,2022-05-31,2022-05-31,83.7742828741635,-35.849146334632486,-43.762278271962295,0.0,-35.849146334632486,26.38993263244629,21,2022-06-21,-36.127168946058895,-30.203943718977953,-36.78893893975286
31,DOGE,negative,AVAX-USD,2022-02-21,2022-05-31,2022-05-31,83.7742828741635,-35.849146334632486,-43.762278271962295,0.0,-35.849146334632486,26.38993263244629,22,2022-06-22,-39.082873028005,-34.31527707760775,-39.21927879776741
31,DOGE,negative,AVAX-USD,2022-02-21,2022-05-31,2022-05-31,83.7742828741635,-35.849146334632486,-43.762278271962295,0.0,-35.849146334632486,26.38993263244629,23,2022-06-23,-30.693076176692202,-30.49649372918688,-39.08749866741833
31,DOGE,negative,AVAX-USD,2022-02-21,2022-05-31,2022-05-31,83.7742828741635,-35.849146334632486,-43.762278271962295,0.0,-35.849146334632486,26.38993263244629,24,2022-06-24,-22.133735185757363,-20.823537277052306,-31.603141821020277
31,DOGE,negative,AVAX-USD,2022-02-21,2022-05-31,2022-05-31,83.7742828741635,-35.849146334632486,-43.762278271962295,0.0,-35.849146334632486,26.38993263244629,25,2022-06-25,-19.035951698205945,-18.636000122868545,-24.48030760502099
31,DOGE,negative,AVAX-USD,2022-02-21,2022-05-31,2022-05-31,83.7742828741635,-35.849146334632486,-43.762278271962295,0.0,-35.849146334632486,26.38993263244629,26,2022-06-26,-25.378997067416886,-17.565576569690855,-25.40174943128125
31,DOGE,negative,AVAX-USD,2022-02-21,2022-05-31,2022-05-31,83.7742828741635,-35.849146334632486,-43.762278271962295,0.0,-35.849146334632486,26.38993263244629,27,2022-06-27,-26.79948756588374,-19.260483126354032,-27.12970762706505
31,DOGE,negative,AVAX-USD,2022-02-21,2022-05-31,2022-05-31,83.7742828741635,-35.849146334632486,-43.762278271962295,0.0,-35.849146334632486,26.38993263244629,28,2022-06-28,-31.333727235439625,-22.399470942492094,-31.57036482923983
31,DOGE,negative,AVAX-USD,2022-02-21,2022-05-31,2022-05-31,83.7742828741635,-35.849146334632486,-43.762278271962295,0.0,-35.849146334632486,26.38993263244629,29,2022-06-29,-33.31541620816822,-29.41372550082485,-34.53990246405644
31,DOGE,negative,AVAX-USD,2022-02-21,2022-05-31,2022-05-31,83.7742828741635,-35.849146334632486,-43.762278271962295,0.0,-35.849146334632486,26.38993263244629,30,2022-06-30,-35.849146334632486,-32.70950803795193,-39.87912987386098
32,DOGE,negative,ICP-USD,2023-03-15,2023-06-22,2023-06-22,83.7616223806326,-0.3970924188526403,-2.601605436783816,7.91519973411241,-0.39709241885264035,4.140552997589111,0,2023-06-22,0.0,4.600979182158449,-0.08551980227951006
32,DOGE,negative,ICP-USD,2023-03-15,2023-06-22,2023-06-22,83.7616223806326,-0.3970924188526403,-2.601605436783816,7.91519973411241,-0.39709241885264035,4.140552997589111,1,2023-06-23,4.592618371970603,6.420111825260455,0.0053089993065968955
32,DOGE,negative,ICP-USD,2023-03-15,2023-06-22,2023-06-22,83.7616223806326,-0.3970924188526403,-2.601605436783816,7.91519973411241,-0.39709241885264035,4.140552997589111,2,2023-06-24,3.0227898871970194,6.174389226117194,1.310286364658686
32,DOGE,negative,ICP-USD,2023-03-15,2023-06-22,2023-06-22,83.7616223806326,-0.3970924188526403,-2.601605436783816,7.91519973411241,-0.39709241885264035,4.140552997589111,3,2023-06-25,4.5629409506840135,7.667185397741361,2.4809034373640015
32,DOGE,negative,ICP-USD,2023-03-15,2023-06-22,2023-06-22,83.7616223806326,-0.3970924188526403,-2.601605436783816,7.91519973411241,-0.39709241885264035,4.140552997589111,4,2023-06-26,2.692687596254406,5.370496174929329,0.785420958155747
32,DOGE,negative,ICP-USD,2023-03-15,2023-06-22,2023-06-22,83.7616223806326,-0.3970924188526403,-2.601605436783816,7.91519973411241,-0.39709241885264035,4.140552997589111,5,2023-06-27,4.622134565512526,6.252262226792382,2.7049754536516923
32,DOGE,negative,ICP-USD,2023-03-15,2023-06-22,2023-06-22,83.7616223806326,-0.3970924188526403,-2.601605436783816,7.91519973411241,-0.39709241885264035,4.140552997589111,6,2023-06-28,-2.2538026427300295,4.680245651198289,-3.6337912162894392
32,DOGE,negative,ICP-USD,2023-03-15,2023-06-22,2023-06-22,83.7616223806326,-0.3970924188526403,-2.601605436783816,7.91519973411241,-0.39709241885264035,4.140552997589111,7,2023-06-29,-2.285103857730797,-0.3816606204342987,-3.349402749094277
32,DOGE,negative,ICP-USD,2023-03-15,2023-06-22,2023-06-22,83.7616223806326,-0.3970924188526403,-2.601605436783816,7.91519973411241,-0.39709241885264035,4.140552997589111,8,2023-06-30,-1.0981106526740891,2.5579933318508052,-6.481332303164821
32,DOGE,negative,ICP-USD,2023-03-15,2023-06-22,2023-06-22,83.7616223806326,-0.3970924188526403,-2.601605436783816,7.91519973411241,-0.39709241885264035,4.140552997589111,9,2023-07-01,1.8327218387241162,2.046175856398591,-1.115097147201738
32,DOGE,negative,ICP-USD,2023-03-15,2023-06-22,2023-06-22,83.7616223806326,-0.3970924188526403,-2.601605436783816,7.91519973411241,-0.39709241885264035,4.140552997589111,10,2023-07-02,1.3798446202159642,1.9881684171201286,-0.841332436753528
32,DOGE,negative,ICP-USD,2023-03-15,2023-06-22,2023-06-22,83.7616223806326,-0.3970924188526403,-2.601605436783816,7.91519973411241,-0.39709241885264035,4.140552997589111,11,2023-07-03,7.91519973411241,10.073336742916261,0.5040900599755593
32,DOGE,negative,ICP-USD,2023-03-15,2023-06-22,2023-06-22,83.7616223806326,-0.3970924188526403,-2.601605436783816,7.91519973411241,-0.39709241885264035,4.140552997589111,12,2023-07-04,5.060386124325711,8.900473998053048,4.5924801767608825
32,DOGE,negative,ICP-USD,2023-03-15,2023-06-22,2023-06-22,83.7616223806326,-0.3970924188526403,-2.601605436783816,7.91519973411241,-0.39709241885264035,4.140552997589111,13,2023-07-05,2.541375357882414,7.282991198462252,1.3679598321803432
32,DOGE,negative,ICP-USD,2023-03-15,2023-06-22,2023-06-22,83.7616223806326,-0.3970924188526403,-2.601605436783816,7.91519973411241,-0.39709241885264035,4.140552997589111,14,2023-07-06,-1.8895776512549478,6.081026845686277,-1.9997077171314492
32,DOGE,negative,ICP-USD,2023-03-15,2023-06-22,2023-06-22,83.7616223806326,-0.3970924188526403,-2.601605436783816,7.91519973411241,-0.39709241885264035,4.140552997589111,15,2023-07-07,-0.8863495263186416,-0.29140763222200716,-2.854445089227464
32,DOGE,negative,ICP-USD,2023-03-15,2023-06-22,2023-06-22,83.7616223806326,-0.3970924188526403,-2.601605436783816,7.91519973411241,-0.39709241885264035,4.140552997589111,16,2023-07-08,-2.1257071995903876,0.22303555221481197,-3.8784658350923484
32,DOGE,negative,ICP-USD,2023-03-15,2023-06-22,2023-06-22,83.7616223806326,-0.3970924188526403,-2.601605436783816,7.91519973411241,-0.39709241885264035,4.140552997589111,17,2023-07-09,-2.601605436783816,-1.0653353554363476,-2.9270206068635396
32,DOGE,negative,ICP-USD,2023-03-15,2023-06-22,2023-06-22,83.7616223806326,-0.3970924188526403,-2.601605436783816,7.91519973411241,-0.39709241885264035,4.140552997589111,18,2023-07-10,-1.4950188112471063,0.8057586865190203,-4.768540873939598
32,DOGE,negative,ICP-USD,2023-03-15,2023-06-22,2023-06-22,83.7616223806326,-0.3970924188526403,-2.601605436783816,7.91519973411241,-0.39709241885264035,4.140552997589111,19,2023-07-11,-0.578300887593286,0.629145208501436,-2.259848683155119
32,DOGE,negative,ICP-USD,2023-03-15,2023-06-22,2023-06-22,83.7616223806326,-0.3970924188526403,-2.601605436783816,7.91519973411241,-0.39709241885264035,4.140552997589111,20,2023-07-12,-0.34954175044271674,1.9400304190689166,-1.8506181183823966
32,DOGE,negative,ICP-USD,2023-03-15,2023-06-22,2023-06-22,83.7616223806326,-0.3970924188526403,-2.601605436783816,7.91519973411241,-0.39709241885264035,4.140552997589111,21,2023-07-13,5.861975922018292,6.035353328874993,-0.9052707537823168
32,DOGE,negative,ICP-USD,2023-03-15,2023-06-22,2023-06-22,83.7616223806326,-0.3970924188526403,-2.601605436783816,7.91519973411241,-0.39709241885264035,4.140552997589111,22,2023-07-14,2.722215306063802,8.816624054557632,-0.16036402460841703
32,DOGE,negative,ICP-USD,2023-03-15,2023-06-22,2023-06-22,83.7616223806326,-0.3970924188526403,-2.601605436783816,7.91519973411241,-0.39709241885264035,4.140552997589111,23,2023-07-15,1.5703006517401308,3.405728813321196,0.15519322051154028
32,DOGE,negative,ICP-USD,2023-03-15,2023-06-22,2023-06-22,83.7616223806326,-0.3970924188526403,-2.601605436783816,7.91519973411241,-0.39709241885264035,4.140552997589111,24,2023-07-16,-1.3068545169507395,1.9479766436276025,-1.6124847395060593
32,DOGE,negative,ICP-USD,2023-03-15,2023-06-22,2023-06-22,83.7616223806326,-0.3970924188526403,-2.601605436783816,7.91519973411241,-0.39709241885264035,4.140552997589111,25,2023-07-17,-0.9615853017417519,0.34326538466809,-3.1449659688537968
32,DOGE,negative,ICP-USD,2023-03-15,2023-06-22,2023-06-22,83.7616223806326,-0.3970924188526403,-2.601605436783816,7.91519973411241,-0.39709241885264035,4.140552997589111,26,2023-07-18,-1.6318781339362598,-0.6010339995916381,-4.096894880316615
32,DOGE,negative,ICP-USD,2023-03-15,2023-06-22,2023-06-22,83.7616223806326,-0.3970924188526403,-2.601605436783816,7.91519973411241,-0.39709241885264035,4.140552997589111,27,2023-07-19,-1.8424646010091195,0.0911742896104073,-2.3676063979314987
32,DOGE,negative,ICP-USD,2023-03-15,2023-06-22,2023-06-22,83.7616223806326,-0.3970924188526403,-2.601605436783816,7.91519973411241,-0.39709241885264035,4.140552997589111,28,2023-07-20,-2.3295681664570522,-0.5066927364252294,-3.1539947225552645
32,DOGE,negative,ICP-USD,2023-03-15,2023-06-22,2023-06-22,83.7616223806326,-0.3970924188526403,-2.601605436783816,7.91519973411241,-0.39709241885264035,4.140552997589111,29,2023-07-21,-1.828380205885527,-0.315246305898087,-2.819596863843976
32,DOGE,negative,ICP-USD,2023-03-15,2023-06-22,2023-06-22,83.7616223806326,-0.3970924188526403,-2.601605436783816,7.91519973411241,-0.39709241885264035,4.140552997589111,30,2023-07-22,-0.39709241885264035,0.6232488795535396,-1.8334012985052217
33,DOGE,negative,BTC-USD,2022-02-18,2022-05-28,2022-05-28,83.62022077264368,-28.03904148712123,-34.000665210307524,10.332883736841602,-28.03904148712123,28814.900390625,0,2022-05-28,0.0,0.0,-0.9034700132425244
33,DOGE,negative,BTC-USD,2022-02-18,2022-05-28,2022-05-28,83.62022077264368,-28.03904148712123,-34.000665210307524,10.332883736841602,-28.03904148712123,28814.900390625,1,2022-05-29,2.190035821988534,2.3706810217614116,0.09094958127471298
33,DOGE,negative,BTC-USD,2022-02-18,2022-05-28,2022-05-28,83.62022077264368,-28.03904148712123,-34.000665210307524,10.332883736841602,-28.03904148712123,28814.900390625,2,2022-05-30,10.104113479157672,10.878852351576729,1.6958999280767717
33,DOGE,negative,BTC-USD,2022-02-18,2022-05-28,2022-05-28,83.62022077264368,-28.03904148712123,-34.000665210307524,10.332883736841602,-28.03904148712123,28814.900390625,3,2022-05-31,10.332883736841602,11.920786968059671,8.5763055667339
33,DOGE,negative,BTC-USD,2022-02-18,2022-05-28,2022-05-28,83.62022077264368,-28.03904148712123,-34.000665210307524,10.332883736841602,-28.03904148712123,28814.900390625,4,2022-06-01,3.415523476250515,10.905416027908199,2.3830986423378997
33,DOGE,negative,BTC-USD,2022-02-18,2022-05-28,2022-05-28,83.62022077264368,-28.03904148712123,-34.000665210307524,10.332883736841602,-28.03904148712123,28814.900390625,5,2022-06-02,5.735185158449041,6.211487668225035,2.9075397663792746
33,DOGE,negative,BTC-USD,2022-02-18,2022-05-28,2022-05-28,83.62022077264368,-28.03904148712123,-34.000665210307524,10.332883736841602,-28.03904148712123,28814.900390625,6,2022-06-03,3.0869106688440784,6.309703455426607,1.9461773419229056
33,DOGE,negative,BTC-USD,2022-02-18,2022-05-28,2022-05-28,83.62022077264368,-28.03904148712123,-34.000665210307524,10.332883736841602,-28.03904148712123,28814.900390625,7,2022-06-04,3.5329418393763135,3.8718303633733298,2.377608318829738
33,DOGE,negative,BTC-USD,2022-02-18,2022-05-28,2022-05-28,83.62022077264368,-28.03904148712123,-34.000665210307524,10.332883736841602,-28.03904148712123,28814.900390625,8,2022-06-05,3.7888790311598974,4.521423750692133,2.6359585416860343
33,DOGE,negative,BTC-USD,2022-02-18,2022-05-28,2022-05-28,83.62022077264368,-28.03904148712123,-34.000665210307524,10.332883736841602,-28.03904148712123,28814.900390625,9,2022-06-06,8.86961762743601,9.989243710648022,3.7455868135714665
33,DOGE,negative,BTC-USD,2022-02-18,2022-05-28,2022-05-28,83.62022077264368,-28.03904148712123,-34.000665210307524,10.332883736841602,-28.03904148712123,28814.900390625,10,2022-06-07,8.122804844959708,9.282639075147546,1.724049697866148
33,DOGE,negative,BTC-USD,2022-02-18,2022-05-28,2022-05-28,83.62022077264368,-28.03904148712123,-34.000665210307524,10.332883736841602,-28.03904148712123,28814.900390625,11,2022-06-08,4.85670628443442,8.463645483981841,3.9198605268039977
33,DOGE,negative,BTC-USD,2022-02-18,2022-05-28,2022-05-28,83.62022077264368,-28.03904148712123,-34.000665210307524,10.332883736841602,-28.03904148712123,28814.900390625,12,2022-06-09,4.50148235345631,6.227368937335687,4.183131706286125
33,DOGE,negative,BTC-USD,2022-02-18,2022-05-28,2022-05-28,83.62022077264368,-28.03904148712123,-34.000665210307524,10.332883736841602,-28.03904148712123,28814.900390625,13,2022-06-10,0.9332126546669928,4.965862049589287,0.5665336042706359
33,DOGE,negative,BTC-USD,2022-02-18,2022-05-28,2022-05-28,83.62022077264368,-28.03904148712123,-34.000665210307524,10.332883736841602,-28.03904148712123,28814.900390625,14,2022-06-11,-1.5758855230946445,2.037194704969325,-2.0082925575140242
33,DOGE,negative,BTC-USD,2022-02-18,2022-05-28,2022-05-28,83.62022077264368,-28.03904148712123,-34.000665210307524,10.332883736841602,-28.03904148712123,28814.900390625,15,2022-06-12,-7.122189996508565,-1.0835187334243934,-7.122189996508565
33,DOGE,negative,BTC-USD,2022-02-18,2022-05-28,2022-05-28,83.62022077264368,-28.03904148712123,-34.000665210307524,10.332883736841602,-28.03904148712123,28814.900390625,16,2022-06-13,-21.959165685017158,-7.00786926034972,-23.160387465008505
33,DOGE,negative,BTC-USD,2022-02-18,2022-05-28,2022-05-28,83.62022077264368,-28.03904148712123,-34.000665210307524,10.332883736841602,-28.03904148712123,28814.900390625,17,2022-06-14,-22.932952508227178,-20.114416986274662,-27.29172034135714
33,DOGE,negative,BTC-USD,2022-02-18,2022-05-28,2022-05-28,83.62022077264368,-28.03904148712123,-34.000665210307524,10.332883736841602,-28.03904148712123,28814.900390625,18,2022-06-15,-21.662613655627528,-21.420266709070944,-29.972421630546098
33,DOGE,negative,BTC-USD,2022-02-18,2022-05-28,2022-05-28,83.62022077264368,-28.03904148712123,-34.000665210307524,10.332883736841602,-28.03904148712123,28814.900390625,19,2022-06-16,-29.266976063341797,-20.635082665632044,-29.671016426302334
33,DOGE,negative,BTC-USD,2022-02-18,2022-05-28,2022-05-28,83.62022077264368,-28.03904148712123,-34.000665210307524,10.332883736841602,-28.03904148712123,28814.900390625,20,2022-06-17,-28.95522058255857,-26.276640862823996,-29.458303670335496
33,DOGE,negative,BTC-USD,2022-02-18,2022-05-28,2022-05-28,83.62022077264368,-28.03904148712123,-34.000665210307524,10.332883736841602,-28.03904148712123,28814.900390625,21,2022-06-18,-34.000665210307524,-28.0370893720961,-38.543521557213
33,DOGE,negative,BTC-USD,2022-02-18,2022-05-28,2022-05-28,83.62022077264368,-28.03904148712123,-34.000665210307524,10.332883736841602,-28.03904148712123,28814.900390625,22,2022-06-19,-28.67137763536376,-28.218310716928475,-37.29927190854286
33,DOGE,negative,BTC-USD,2022-02-18,2022-05-28,2022-05-28,83.62022077264368,-28.03904148712123,-34.000665210307524,10.332883736841602,-28.03904148712123,28814.900390625,23,2022-06-20,-28.510816174547283,-27.421847786677755,-31.6701787791676
33,DOGE,negative,BTC-USD,2022-02-18,2022-05-28,2022-05-28,83.62022077264368,-28.03904148712123,-34.000665210307524,10.332883736841602,-28.03904148712123,28814.900390625,24,2022-06-21,-28.125388686097132,-24.96719192795015,-29.151021786484844
33,DOGE,negative,BTC-USD,2022-02-18,2022-05-28,2022-05-28,83.62022077264368,-28.03904148712123,-34.000665210307524,10.332883736841602,-28.03904148712123,28814.900390625,25,2022-06-22,-30.636479647946903,-27.6910566493613,-31.1186995063928
33,DOGE,negative,BTC-USD,2022-02-18,2022-05-28,2022-05-28,83.62022077264368,-28.03904148712123,-34.000665210307524,10.332883736841602,-28.03904148712123,28814.900390625,26,2022-06-23,-26.823009390012174,-26.649887966898632,-30.76458041829352
33,DOGE,negative,BTC-USD,2022-02-18,2022-05-28,2022-05-28,83.62022077264368,-28.03904148712123,-34.000665210307524,10.332883736841602,-28.03904148712123,28814.900390625,27,2022-06-24,-26.31709302417796,-25.479811911006056,-27.893168336233376
33,DOGE,negative,BTC-USD,2022-02-18,2022-05-28,2022-05-28,83.62022077264368,-28.03904148712123,-34.000665210307524,10.332883736841602,-28.03904148712123,28814.900390625,28,2022-06-25,-25.377712228285752,-25.313244985216453,-27.243940970481784
33,DOGE,negative,BTC-USD,2022-02-18,2022-05-28,2022-05-28,83.62022077264368,-28.03904148712123,-34.000665210307524,10.332883736841602,-28.03904148712123,28814.900390625,29,2022-06-26,-27.026314036066278,-24.40118024332165,-27.064576846194143
33,DOGE,negative,BTC-USD,2022-02-18,2022-05-28,2022-05-28,83.62022077264368,-28.03904148712123,-34.000665210307524,10.332883736841602,-28.03904148712123,28814.900390625,30,2022-06-27,-28.03904148712123,-25.46186329785839,-28.439109838259814
34,DOGE,negative,DOT-USD,2023-06-15,2023-09-22,2023-09-22,83.5362955478405,-1.3605523687206689,-9.218384403823954,6.011023220560396,-1.3605523687206689,4.019402027130127,0,2023-09-22,0.0,0.39214420846720444,-0.5678468797575831
34,DOGE,negative,DOT-USD,2023-06-15,2023-09-22,2023-09-22,83.5362955478405,-1.3605523687206689,-9.218384403823954,6.011023220560396,-1.3605523687206689,4.019402027130127,1,2023-09-23,0.32685999793340414,0.4159302964410916,-0.3457465076862287
34,DOGE,negative,DOT-USD,2023-06-15,2023-09-22,2023-09-22,83.5362955478405,-1.3605523687206689,-9.218384403823954,6.011023220560396,-1.3605523687206689,4.019402027130127,2,2023-09-24,-0.7266501583702678,0.9300894250137359,-0.853558725004
34,DOGE,negative,DOT-USD,2023-06-15,2023-09-22,2023-09-22,83.5362955478405,-1.3605523687206689,-9.218384403823954,6.011023220560396,-1.3605523687206689,4.019402027130127,3,2023-09-25,1.1124296605043105,1.6610637874071799,-1.1608678635952718
34,DOGE,negative,DOT-USD,2023-06-15,2023-09-22,2023-09-22,83.5362955478405,-1.3605523687206689,-9.218384403823954,6.011023220560396,-1.3605523687206689,4.019402027130127,4,2023-09-26,-0.13188525686068653,1.6971166160119955,-0.6530081927354048
34,DOGE,negative,DOT-USD,2023-06-15,2023-09-22,2023-09-22,83.5362955478405,-1.3605523687206689,-9.218384403823954,6.011023220560396,-1.3605523687206689,4.019402027130127,5,2023-09-27,-0.7134165518192126,1.2429506280298375,-1.2029650871241082
34,DOGE,negative,DOT-USD,2023-06-15,2023-09-22,2023-09-22,83.5362955478405,-1.3605523687206689,-9.218384403823954,6.011023220560396,-1.3605523687206689,4.019402027130127,6,2023-09-28,1.3748002947339577,1.8562757961903653,-0.8562220550539346
34,DOGE,negative,DOT-USD,2023-06-15,2023-09-22,2023-09-22,83.5362955478405,-1.3605523687206689,-9.218384403823954,6.011023220560396,-1.3605523687206689,4.019402027130127,7,2023-09-29,1.439515062762653,2.3214865960945463,1.1064623775861815
34,DOGE,negative,DOT-USD,2023-06-15,2023-09-22,2023-09-22,83.5362955478405,-1.3605523687206689,-9.218384403823954,6.011023220560396,-1.3605523687206689,4.019402027130127,8,2023-09-30,2.1449950096668724,2.4013983609783907,1.3799252772799475
34,DOGE,negative,DOT-USD,2023-06-15,2023-09-22,2023-09-22,83.5362955478405,-1.3605523687206689,-9.218384403823954,6.011023220560396,-1.3605523687206689,4.019402027130127,9,2023-10-01,6.011023220560396,6.481928445515672,2.1017529694350445
34,DOGE,negative,DOT-USD,2023-06-15,2023-09-22,2023-09-22,83.5362955478405,-1.3605523687206689,-9.218384403823954,6.011023220560396,-1.3605523687206689,4.019402027130127,10,2023-10-02,2.5964086922076746,6.922522720459368,2.0918470425232316
34,DOGE,negative,DOT-USD,2023-06-15,2023-09-22,2023-09-22,83.5362955478405,-1.3605523687206689,-9.218384403823954,6.011023220560396,-1.3605523687206689,4.019402027130127,11,2023-10-03,1.36450287609986,3.47384841226972,0.9180955422498416
34,DOGE,negative,DOT-USD,2023-06-15,2023-09-22,2023-09-22,83.5362955478405,-1.3605523687206689,-9.218384403823954,6.011023220560396,-1.3605523687206689,4.019402027130127,12,2023-10-04,0.6944825885242922,1.3944579245457778,-0.614220853767522
34,DOGE,negative,DOT-USD,2023-06-15,2023-09-22,2023-09-22,83.5362955478405,-1.3605523687206689,-9.218384403823954,6.011023220560396,-1.3605523687206689,4.019402027130127,13,2023-10-05,0.08299624511984849,1.3087212373700918,-0.21796598221655028
34,DOGE,negative,DOT-USD,2023-06-15,2023-09-22,2023-09-22,83.5362955478405,-1.3605523687206689,-9.218384403823954,6.011023220560396,-1.3605523687206689,4.019402027130127,14,2023-10-06,1.3123039797980685,1.8184078696005246,-0.3326374666831611
34,DOGE,negative,DOT-USD,2023-06-15,2023-09-22,2023-09-22,83.5362955478405,-1.3605523687206689,-9.218384403823954,6.011023220560396,-1.3605523687206689,4.019402027130127,15,2023-10-07,0.9216545579067814,2.2796207085834075,0.8802750692020966
34,DOGE,negative,DOT-USD,2023-06-15,2023-09-22,2023-09-22,83.5362955478405,-1.3605523687206689,-9.218384403823954,6.011023220560396,-1.3605523687206689,4.019402027130127,16,2023-10-08,-0.12728226327770598,1.3363629256389897,-0.32935130889325537
34,DOGE,negative,DOT-USD,2023-06-15,2023-09-22,2023-09-22,83.5362955478405,-1.3605523687206689,-9.218384403823954,6.011023220560396,-1.3605523687206689,4.019402027130127,17,2023-10-09,-3.537418363595446,0.20545011048964668,-5.600235701743572
34,DOGE,negative,DOT-USD,2023-06-15,2023-09-22,2023-09-22,83.5362955478405,-1.3605523687206689,-9.218384403823954,6.011023220560396,-1.3605523687206689,4.019402027130127,18,2023-10-10,-5.149272827852669,-3.1893584957322085,-5.837782201766051
34,DOGE,negative,DOT-USD,2023-06-15,2023-09-22,2023-09-22,83.5362955478405,-1.3605523687206689,-9.218384403823954,6.011023220560396,-1.3605523687206689,4.019402027130127,19,2023-10-11,-6.999646589745268,-4.918292711717243,-7.813350271084296
34,DOGE,negative,DOT-USD,2023-06-15,2023-09-22,2023-09-22,83.5362955478405,-1.3605523687206689,-9.218384403823954,6.011023220560396,-1.3605523687206689,4.019402027130127,20,2023-10-12,-8.603392429997426,-6.979917779620292,-9.397319847669383
34,DOGE,negative,DOT-USD,2023-06-15,2023-09-22,2023-09-22,83.5362955478405,-1.3605523687206689,-9.218384403823954,6.011023220560396,-1.3605523687206689,4.019402027130127,21,2023-10-13,-7.419112175072251,-6.399560959828565,-8.688031754012226
34,DOGE,negative,DOT-USD,2023-06-15,2023-09-22,2023-09-22,83.5362955478405,-1.3605523687206689,-9.218384403823954,6.011023220560396,-1.3605523687206689,4.019402027130127,22,2023-10-14,-7.04398599313798,-6.467905923827333,-7.424687966268129
34,DOGE,negative,DOT-USD,2023-06-15,2023-09-22,2023-09-22,83.5362955478405,-1.3605523687206689,-9.218384403823954,6.011023220560396,-1.3605523687206689,4.019402027130127,23,2023-10-15,-6.578692149535126,-6.126531073706387,-7.647209488525553
34,DOGE,negative,DOT-USD,2023-06-15,2023-09-22,2023-09-22,83.5362955478405,-1.3605523687206689,-9.218384403823954,6.011023220560396,-1.3605523687206689,4.019402027130127,24,2023-10-16,-5.801634466077066,-3.6911737716680326,-6.895580971936333
34,DOGE,negative,DOT-USD,2023-06-15,2023-09-22,2023-09-22,83.5362955478405,-1.3605523687206689,-9.218384403823954,6.011023220560396,-1.3605523687206689,4.019402027130127,25,2023-10-17,-8.567072675218345,-5.8073348228209305,-8.886174019019622
34,DOGE,negative,DOT-USD,2023-06-15,2023-09-22,2023-09-22,83.5362955478405,-1.3605523687206689,-9.218384403823954,6.011023220560396,-1.3605523687206689,4.019402027130127,26,2023-10-18,-9.027538120913281,-7.431082331065097,-9.521867600584011
34,DOGE,negative,DOT-USD,2023-06-15,2023-09-22,2023-09-22,83.5362955478405,-1.3605523687206689,-9.218384403823954,6.011023220560396,-1.3605523687206689,4.019402027130127,27,2023-10-19,-9.218384403823954,-9.005395111834357,-10.242716563433463
34,DOGE,negative,DOT-USD,2023-06-15,2023-09-22,2023-09-22,83.5362955478405,-1.3605523687206689,-9.218384403823954,6.011023220560396,-1.3605523687206689,4.019402027130127,28,2023-10-20,-7.4171962383102645,-5.499153725393702,-9.401970294794449
34,DOGE,negative,DOT-USD,2023-06-15,2023-09-22,2023-09-22,83.5362955478405,-1.3605523687206689,-9.218384403823954,6.011023220560396,-1.3605523687206689,4.019402027130127,29,2023-10-21,-2.8610452330722236,-1.3187813882937105,-7.63029230076957
34,DOGE,negative,DOT-USD,2023-06-15,2023-09-22,2023-09-22,83.5362955478405,-1.3605523687206689,-9.218384403823954,6.011023220560396,-1.3605523687206689,4.019402027130127,30,2023-10-22,-1.3605523687206689,-1.2794957871338553,-4.94678263205105
35,DOGE,negative,WAVES-USD,2022-02-20,2022-05-30,2022-05-30,83.35640198490951,-29.044867008189332,-42.95779944518785,28.82746743306901,-29.044867008189335,7.595192909240723,0,2022-05-30,0.0,0.0,-42.38728565317247
35,DOGE,negative,WAVES-USD,2022-02-20,2022-05-30,2022-05-30,83.35640198490951,-29.044867008189332,-42.95779944518785,28.82746743306901,-29.044867008189335,7.595192909240723,1,2022-05-31,18.368116972372526,33.61313347573001,-2.182326848470839
35,DOGE,negative,WAVES-USD,2022-02-20,2022-05-30,2022-05-30,83.35640198490951,-29.044867008189332,-42.95779944518785,28.82746743306901,-29.044867008189335,7.595192909240723,2,2022-06-01,20.563973221455136,48.48408559521265,2.4117114007456086
35,DOGE,negative,WAVES-USD,2022-02-20,2022-05-30,2022-05-30,83.35640198490951,-29.044867008189332,-42.95779944518785,28.82746743306901,-29.044867008189335,7.595192909240723,3,2022-06-02,25.95340838561666,36.31249688447098,16.72083240155211
35,DOGE,negative,WAVES-USD,2022-02-20,2022-05-30,2022-05-30,83.35640198490951,-29.044867008189332,-42.95779944518785,28.82746743306901,-29.044867008189335,7.595192909240723,4,2022-06-03,28.82746743306901,37.83811102194752,22.840114377741116
35,DOGE,negative,WAVES-USD,2022-02-20,2022-05-30,2022-05-30,83.35640198490951,-29.044867008189332,-42.95779944518785,28.82746743306901,-29.044867008189335,7.595192909240723,5,2022-06-04,17.006374953117962,29.92369418054963,14.459771347479332
35,DOGE,negative,WAVES-USD,2022-02-20,2022-05-30,2022-05-30,83.35640198490951,-29.044867008189332,-42.95779944518785,28.82746743306901,-29.044867008189335,7.595192909240723,6,2022-06-05,6.66532984050876,16.92578869499608,5.477592864110692
35,DOGE,negative,WAVES-USD,2022-02-20,2022-05-30,2022-05-30,83.35640198490951,-29.044867008189332,-42.95779944518785,28.82746743306901,-29.044867008189335,7.595192909240723,7,2022-06-06,9.513271808357882,17.346989385039468,4.400445396657537
35,DOGE,negative,WAVES-USD,2022-02-20,2022-05-30,2022-05-30,83.35640198490951,-29.044867008189332,-42.95779944518785,28.82746743306901,-29.044867008189335,7.595192909240723,8,2022-06-07,2.9871912047720883,10.027928952000709,-1.4193942168498563
35,DOGE,negative,WAVES-USD,2022-02-20,2022-05-30,2022-05-30,83.35640198490951,-29.044867008189332,-42.95779944518785,28.82746743306901,-29.044867008189335,7.595192909240723,9,2022-06-08,1.5595663409607274,8.653906882817308,1.5448189803866974
35,DOGE,negative,WAVES-USD,2022-02-20,2022-05-30,2022-05-30,83.35640198490951,-29.044867008189332,-42.95779944518785,28.82746743306901,-29.044867008189335,7.595192909240723,10,2022-06-09,2.8393911355367285,7.942731271448489,1.3613088273092266
35,DOGE,negative,WAVES-USD,2022-02-20,2022-05-30,2022-05-30,83.35640198490951,-29.044867008189332,-42.95779944518785,28.82746743306901,-29.044867008189335,7.595192909240723,11,2022-06-10,-8.051883085386402,2.9179118842380447,-8.9394557125273
35,DOGE,negative,WAVES-USD,2022-02-20,2022-05-30,2022-05-30,83.35640198490951,-29.044867008189332,-42.95779944518785,28.82746743306901,-29.044867008189335,7.595192909240723,12,2022-06-11,-16.614323686295197,-4.131439476744314,-19.57133585220847
35,DOGE,negative,WAVES-USD,2022-02-20,2022-05-30,2022-05-30,83.35640198490951,-29.044867008189332,-42.95779944518785,28.82746743306901,-29.044867008189335,7.595192909240723,13,2022-06-12,-28.42505722842287,-15.86394106480087,-28.42505722842287
35,DOGE,negative,WAVES-USD,2022-02-20,2022-05-30,2022-05-30,83.35640198490951,-29.044867008189332,-42.95779944518785,28.82746743306901,-29.044867008189335,7.595192909240723,14,2022-06-13,-37.1585835351652,-28.264047943926627,-40.1865763986732
35,DOGE,negative,WAVES-USD,2022-02-20,2022-05-30,2022-05-30,83.35640198490951,-29.044867008189332,-42.95779944518785,28.82746743306901,-29.044867008189335,7.595192909240723,15,2022-06-14,-35.871520040401116,-31.518079108885246,-40.27730185957373
35,DOGE,negative,WAVES-USD,2022-02-20,2022-05-30,2022-05-30,83.35640198490951,-29.044867008189332,-42.95779944518785,28.82746743306901,-29.044867008189335,7.595192909240723,16,2022-06-15,-32.20656550734876,-32.20656550734876,-45.24435604259445
35,DOGE,negative,WAVES-USD,2022-02-20,2022-05-30,2022-05-30,83.35640198490951,-29.044867008189332,-42.95779944518785,28.82746743306901,-29.044867008189335,7.595192909240723,17,2022-06-16,-42.95779944518785,-31.42140196734435,-43.77398957350934
35,DOGE,negative,WAVES-USD,2022-02-20,2022-05-30,2022-05-30,83.35640198490951,-29.044867008189332,-42.95779944518785,28.82746743306901,-29.044867008189335,7.595192909240723,18,2022-06-17,-39.97573120603023,-36.043836262485186,-43.965071168414106
35,DOGE,negative,WAVES-USD,2022-02-20,2022-05-30,2022-05-30,83.35640198490951,-29.044867008189332,-42.95779944518785,28.82746743306901,-29.044867008189335,7.595192909240723,19,2022-06-18,-40.01095159462977,-36.22483515790851,-44.21369823246386
35,DOGE,negative,WAVES-USD,2022-02-20,2022-05-30,2022-05-30,83.35640198490951,-29.044867008189332,-42.95779944518785,28.82746743306901,-29.044867008189335,7.595192909240723,20,2022-06-19,-36.98528792259601,-36.47975920052606,-42.84117663972883
35,DOGE,negative,WAVES-USD,2022-02-20,2022-05-30,2022-05-30,83.35640198490951,-29.044867008189332,-42.95779944518785,28.82746743306901,-29.044867008189335,7.595192909240723,21,2022-06-20,-36.135340213258516,-34.716642870407675,-39.85897028140023
35,DOGE,negative,WAVES-USD,2022-02-20,2022-05-30,2022-05-30,83.35640198490951,-29.044867008189332,-42.95779944518785,28.82746743306901,-29.044867008189335,7.595192909240723,22,2022-06-21,-9.52698327514958,-6.360274816970124,-37.84425104691193
35,DOGE,negative,WAVES-USD,2022-02-20,2022-05-30,2022-05-30,83.35640198490951,-29.044867008189332,-42.95779944518785,28.82746743306901,-29.044867008189335,7.595192909240723,23,2022-06-22,-22.533897897537425,-5.096496958804197,-22.73851517119808
35,DOGE,negative,WAVES-USD,2022-02-20,2022-05-30,2022-05-30,83.35640198490951,-29.044867008189332,-42.95779944518785,28.82746743306901,-29.044867008189335,7.595192909240723,24,2022-06-23,-16.890775485153007,-13.756713376477581,-22.697380770823006
35,DOGE,negative,WAVES-USD,2022-02-20,2022-05-30,2022-05-30,83.35640198490951,-29.044867008189332,-42.95779944518785,28.82746743306901,-29.044867008189335,7.595192909240723,25,2022-06-24,-14.104522561578236,-12.755066870396625,-18.043649927167248
35,DOGE,negative,WAVES-USD,2022-02-20,2022-05-30,2022-05-30,83.35640198490951,-29.044867008189332,-42.95779944518785,28.82746743306901,-29.044867008189335,7.595192909240723,26,2022-06-25,-15.086053893849394,-11.486555291552614,-18.725236645225962
35,DOGE,negative,WAVES-USD,2022-02-20,2022-05-30,2022-05-30,83.35640198490951,-29.044867008189332,-42.95779944518785,28.82746743306901,-29.044867008189335,7.595192909240723,27,2022-06-26,-22.221591617522396,-14.94684860393537,-22.25350970230673
35,DOGE,negative,WAVES-USD,2022-02-20,2022-05-30,2022-05-30,83.35640198490951,-29.044867008189332,-42.95779944518785,28.82746743306901,-29.044867008189335,7.595192909240723,28,2022-06-27,-22.329374796038792,-16.538050513194335,-24.07061807198947
35,DOGE,negative,WAVES-USD,2022-02-20,2022-05-30,2022-05-30,83.35640198490951,-29.044867008189332,-42.95779944518785,28.82746743306901,-29.044867008189335,7.595192909240723,29,2022-06-28,-28.904161241826955,-21.818811002372264,-29.18123457695416
35,DOGE,negative,WAVES-USD,2022-02-20,2022-05-30,2022-05-30,83.35640198490951,-29.044867008189332,-42.95779944518785,28.82746743306901,-29.044867008189335,7.595192909240723,30,2022-06-29,-29.044867008189335,-27.430373184188063,-31.727631003836322
