provider_rank,eligible_rank,coingecko_id,symbol,name,market_cap,volume,inclusion_status,exclusion_reason,snapshot_date,generated_at,ohlc_ticker,data_quality,run_mode,run_id,generated_at_utc,code_version,official_daily
1.0,1.0,bitcoin,btc,Bitcoin,1674470649642,28251091417.0,INCLUDED,,2026-09-30,2026-09-30T05:33:12.368021+00:00,BTC-USD,LIMITED_CLOSE_ONLY_INPUT,OFFICIAL_DAILY,market-lab:OFFICIAL_DAILY:5b082eeaf0744a8a9b433c07c9ee03f0,2026-09-30T05:33:09.739587Z,18d2d72a1da66c853f45a71d4f8ae14dda41da7b,True
2.0,2.0,ethereum,eth,Ethereum,326410023020,15208625933.0,INCLUDED,,2026-09-30,2026-09-30T05:33:12.368021+00:00,ETH-USD,LIMITED_CLOSE_ONLY_INPUT,OFFICIAL_DAILY,market-lab:OFFICIAL_DAILY:5b082eeaf0744a8a9b433c07c9ee03f0,2026-09-30T05:33:09.739587Z,18d2d72a1da66c853f45a71d4f8ae14dda41da7b,True
3.0,,tether,usdt,Tether,183797230256,58212262826.0,EXCLUDED,STABLECOIN,2026-09-30,2026-09-30T05:33:12.368021+00:00,,,OFFICIAL_DAILY,market-lab:OFFICIAL_DAILY:5b082eeaf0744a8a9b433c07c9ee03f0,2026-09-30T05:33:09.739587Z,18d2d72a1da66c853f45a71d4f8ae14dda41da7b,True
4.0,3.0,binancecoin,bnb,BNB,101712458794,886832079.0,INCLUDED,,2026-09-30,2026-09-30T05:33:12.368021+00:00,BNB-USD,LIMITED_CLOSE_ONLY_INPUT,OFFICIAL_DAILY,market-lab:OFFICIAL_DAILY:5b082eeaf0744a8a9b433c07c9ee03f0,2026-09-30T05:33:09.739587Z,18d2d72a1da66c853f45a71d4f8ae14dda41da7b,True
5.0,4.0,ripple,xrp,XRP,94570520546,3756475861.0,INCLUDED,,2026-09-30,2026-09-30T05:33:12.368021+00:00,XRP-USD,LIMITED_CLOSE_ONLY_INPUT,OFFICIAL_DAILY,market-lab:OFFICIAL_DAILY:5b082eeaf0744a8a9b433c07c9ee03f0,2026-09-30T05:33:09.739587Z,18d2d72a1da66c853f45a71d4f8ae14dda41da7b,True
6.0,,usd-coin,usdc,USDC,74371995803,17570684271.0,EXCLUDED,STABLECOIN,2026-09-30,2026-09-30T05:33:12.368021+00:00,,,OFFICIAL_DAILY,market-lab:OFFICIAL_DAILY:5b082eeaf0744a8a9b433c07c9ee03f0,2026-09-30T05:33:09.739587Z,18d2d72a1da66c853f45a71d4f8ae14dda41da7b,True
7.0,5.0,solana,sol,Solana,70018931430,3633569379.0,INCLUDED,,2026-09-30,2026-09-30T05:33:12.368021+00:00,SOL-USD,LIMITED_CLOSE_ONLY_INPUT,OFFICIAL_DAILY,market-lab:OFFICIAL_DAILY:5b082eeaf0744a8a9b433c07c9ee03f0,2026-09-30T05:33:09.739587Z,18d2d72a1da66c853f45a71d4f8ae14dda41da7b,True
8.0,6.0,tron,trx,TRON,32003496906,307170859.0,INCLUDED,,2026-09-30,2026-09-30T05:33:12.368021+00:00,TRX-USD,LIMITED_CLOSE_ONLY_INPUT,OFFICIAL_DAILY,market-lab:OFFICIAL_DAILY:5b082eeaf0744a8a9b433c07c9ee03f0,2026-09-30T05:33:09.739587Z,18d2d72a1da66c853f45a71d4f8ae14dda41da7b,True
9.0,,figure-heloc,figr_heloc,Figure Heloc,23964907019,572694669.0,PENDING_CLASSIFICATION,UNREVIEWED_IDENTITY,2026-09-30,2026-09-30T05:33:12.368021+00:00,,,OFFICIAL_DAILY,market-lab:OFFICIAL_DAILY:5b082eeaf0744a8a9b433c07c9ee03f0,2026-09-30T05:33:09.739587Z,18d2d72a1da66c853f45a71d4f8ae14dda41da7b,True
10.0,7.0,zcash,zec,Zcash,23855899079,1069993936.0,INCLUDED,,2026-09-30,2026-09-30T05:33:12.368021+00:00,ZEC-USD,LIMITED_CLOSE_ONLY_INPUT,OFFICIAL_DAILY,market-lab:OFFICIAL_DAILY:5b082eeaf0744a8a9b433c07c9ee03f0,2026-09-30T05:33:09.739587Z,18d2d72a1da66c853f45a71d4f8ae14dda41da7b,True
11.0,8.0,hyperliquid,hype,Hyperliquid,19032678527,638411310.0,INCLUDED,,2026-09-30,2026-09-30T05:33:12.368021+00:00,HYPE32196-USD,LIMITED_CLOSE_ONLY_INPUT,OFFICIAL_DAILY,market-lab:OFFICIAL_DAILY:5b082eeaf0744a8a9b433c07c9ee03f0,2026-09-30T05:33:09.739587Z,18d2d72a1da66c853f45a71d4f8ae14dda41da7b,True
12.0,9.0,dogecoin,doge,Dogecoin,14630830843,730835404.0,INCLUDED,,2026-09-30,2026-09-30T05:33:12.368021+00:00,DOGE-USD,LIMITED_CLOSE_ONLY_INPUT,OFFICIAL_DAILY,market-lab:OFFICIAL_DAILY:5b082eeaf0744a8a9b433c07c9ee03f0,2026-09-30T05:33:09.739587Z,18d2d72a1da66c853f45a71d4f8ae14dda41da7b,True
13.0,10.0,chainlink,link,Chainlink,10761554035,654709770.0,INCLUDED,,2026-09-30,2026-09-30T05:33:12.368021+00:00,LINK-USD,LIMITED_CLOSE_ONLY_INPUT,OFFICIAL_DAILY,market-lab:OFFICIAL_DAILY:5b082eeaf0744a8a9b433c07c9ee03f0,2026-09-30T05:33:09.739587Z,18d2d72a1da66c853f45a71d4f8ae14dda41da7b,True
14.0,11.0,monero,xmr,Monero,10226155635,107091123.0,INCLUDED,,2026-09-30,2026-09-30T05:33:12.368021+00:00,XMR-USD,LIMITED_CLOSE_ONLY_INPUT,OFFICIAL_DAILY,market-lab:OFFICIAL_DAILY:5b082eeaf0744a8a9b433c07c9ee03f0,2026-09-30T05:33:09.739587Z,18d2d72a1da66c853f45a71d4f8ae14dda41da7b,True
15.0,,usds,usds,USDS,9983430155,173199822.0,EXCLUDED,STABLECOIN,2026-09-30,2026-09-30T05:33:12.368021+00:00,,,OFFICIAL_DAILY,market-lab:OFFICIAL_DAILY:5b082eeaf0744a8a9b433c07c9ee03f0,2026-09-30T05:33:09.739587Z,18d2d72a1da66c853f45a71d4f8ae14dda41da7b,True
16.0,12.0,whitebit,wbt,WhiteBIT Coin,9902585585,107247665.0,INCLUDED,,2026-09-30,2026-09-30T05:33:12.368021+00:00,WBT-USD,LIMITED_CLOSE_ONLY_INPUT,OFFICIAL_DAILY,market-lab:OFFICIAL_DAILY:5b082eeaf0744a8a9b433c07c9ee03f0,2026-09-30T05:33:09.739587Z,18d2d72a1da66c853f45a71d4f8ae14dda41da7b,True
17.0,13.0,cardano,ada,Cardano,9192245005,483190917.0,INCLUDED,,2026-09-30,2026-09-30T05:33:12.368021+00:00,ADA-USD,LIMITED_CLOSE_ONLY_INPUT,OFFICIAL_DAILY,market-lab:OFFICIAL_DAILY:5b082eeaf0744a8a9b433c07c9ee03f0,2026-09-30T05:33:09.739587Z,18d2d72a1da66c853f45a71d4f8ae14dda41da7b,True
18.0,,rain,rain,Rain,8886158680,22413681.0,PENDING_CLASSIFICATION,UNREVIEWED_IDENTITY,2026-09-30,2026-09-30T05:33:12.368021+00:00,,,OFFICIAL_DAILY,market-lab:OFFICIAL_DAILY:5b082eeaf0744a8a9b433c07c9ee03f0,2026-09-30T05:33:09.739587Z,18d2d72a1da66c853f45a71d4f8ae14dda41da7b,True
19.0,14.0,leo-token,leo,LEO Token,8324517354,676883.0,INCLUDED,,2026-09-30,2026-09-30T05:33:12.368021+00:00,LEO-USD,LIMITED_CLOSE_ONLY_INPUT,OFFICIAL_DAILY,market-lab:OFFICIAL_DAILY:5b082eeaf0744a8a9b433c07c9ee03f0,2026-09-30T05:33:09.739587Z,18d2d72a1da66c853f45a71d4f8ae14dda41da7b,True
20.0,15.0,stellar,xlm,Stellar,7791516437,416709562.0,INCLUDED,,2026-09-30,2026-09-30T05:33:12.368021+00:00,XLM-USD,LIMITED_CLOSE_ONLY_INPUT,OFFICIAL_DAILY,market-lab:OFFICIAL_DAILY:5b082eeaf0744a8a9b433c07c9ee03f0,2026-09-30T05:33:09.739587Z,18d2d72a1da66c853f45a71d4f8ae14dda41da7b,True
21.0,16.0,near,near,NEAR Protocol,6478145452,1263566415.0,INCLUDED,,2026-09-30,2026-09-30T05:33:12.368021+00:00,NEAR-USD,LIMITED_CLOSE_ONLY_INPUT,OFFICIAL_DAILY,market-lab:OFFICIAL_DAILY:5b082eeaf0744a8a9b433c07c9ee03f0,2026-09-30T05:33:09.739587Z,18d2d72a1da66c853f45a71d4f8ae14dda41da7b,True
22.0,17.0,bitcoin-cash,bch,Bitcoin Cash,6172635419,241367601.0,INCLUDED,,2026-09-30,2026-09-30T05:33:12.368021+00:00,BCH-USD,LIMITED_CLOSE_ONLY_INPUT,OFFICIAL_DAILY,market-lab:OFFICIAL_DAILY:5b082eeaf0744a8a9b433c07c9ee03f0,2026-09-30T05:33:09.739587Z,18d2d72a1da66c853f45a71d4f8ae14dda41da7b,True
23.0,,uniswap,uni,Uniswap,5488756872,742823612.0,EXCLUDED,NO_RELIABLE_OHLC_MAPPING,2026-09-30,2026-09-30T05:33:12.368021+00:00,UNI-USD,,OFFICIAL_DAILY,market-lab:OFFICIAL_DAILY:5b082eeaf0744a8a9b433c07c9ee03f0,2026-09-30T05:33:09.739587Z,18d2d72a1da66c853f45a71d4f8ae14dda41da7b,True
24.0,18.0,litecoin,ltc,Litecoin,5221113216,351845892.0,INCLUDED,,2026-09-30,2026-09-30T05:33:12.368021+00:00,LTC-USD,LIMITED_CLOSE_ONLY_INPUT,OFFICIAL_DAILY,market-lab:OFFICIAL_DAILY:5b082eeaf0744a8a9b433c07c9ee03f0,2026-09-30T05:33:09.739587Z,18d2d72a1da66c853f45a71d4f8ae14dda41da7b,True
25.0,19.0,avalanche-2,avax,Avalanche,5007698905,1122850891.0,INCLUDED,,2026-09-30,2026-09-30T05:33:12.368021+00:00,AVAX-USD,LIMITED_CLOSE_ONLY_INPUT,OFFICIAL_DAILY,market-lab:OFFICIAL_DAILY:5b082eeaf0744a8a9b433c07c9ee03f0,2026-09-30T05:33:09.739587Z,18d2d72a1da66c853f45a71d4f8ae14dda41da7b,True
26.0,,canton-network,cc,Canton,4979703398,29394248.0,PENDING_CLASSIFICATION,UNREVIEWED_IDENTITY,2026-09-30,2026-09-30T05:33:12.368021+00:00,,,OFFICIAL_DAILY,market-lab:OFFICIAL_DAILY:5b082eeaf0744a8a9b433c07c9ee03f0,2026-09-30T05:33:09.739587Z,18d2d72a1da66c853f45a71d4f8ae14dda41da7b,True
27.0,,ethena-usde,usde,Ethena USDe,4902920576,34357941.0,EXCLUDED,STABLECOIN,2026-09-30,2026-09-30T05:33:12.368021+00:00,,,OFFICIAL_DAILY,market-lab:OFFICIAL_DAILY:5b082eeaf0744a8a9b433c07c9ee03f0,2026-09-30T05:33:09.739587Z,18d2d72a1da66c853f45a71d4f8ae14dda41da7b,True
28.0,,sui,sui,Sui,4744400834,887964131.0,EXCLUDED,NO_RELIABLE_OHLC_MAPPING,2026-09-30,2026-09-30T05:33:12.368021+00:00,SUI-USD,,OFFICIAL_DAILY,market-lab:OFFICIAL_DAILY:5b082eeaf0744a8a9b433c07c9ee03f0,2026-09-30T05:33:09.739587Z,18d2d72a1da66c853f45a71d4f8ae14dda41da7b,True
29.0,,dai,dai,Dai,4601718057,154899305.0,EXCLUDED,STABLECOIN,2026-09-30,2026-09-30T05:33:12.368021+00:00,,,OFFICIAL_DAILY,market-lab:OFFICIAL_DAILY:5b082eeaf0744a8a9b433c07c9ee03f0,2026-09-30T05:33:09.739587Z,18d2d72a1da66c853f45a71d4f8ae14dda41da7b,True
30.0,20.0,hedera-hashgraph,hbar,Hedera,4584291499,451891478.0,INCLUDED,,2026-09-30,2026-09-30T05:33:12.368021+00:00,HBAR-USD,LIMITED_CLOSE_ONLY_INPUT,OFFICIAL_DAILY,market-lab:OFFICIAL_DAILY:5b082eeaf0744a8a9b433c07c9ee03f0,2026-09-30T05:33:09.739587Z,18d2d72a1da66c853f45a71d4f8ae14dda41da7b,True
31.0,,usd1-wlfi,usd1,USD1,4414779108,833471770.0,EXCLUDED,STABLECOIN,2026-09-30,2026-09-30T05:33:12.368021+00:00,,,OFFICIAL_DAILY,market-lab:OFFICIAL_DAILY:5b082eeaf0744a8a9b433c07c9ee03f0,2026-09-30T05:33:09.739587Z,18d2d72a1da66c853f45a71d4f8ae14dda41da7b,True
32.0,,the-open-network,gram,Gram (prev. Toncoin),4245347908,85376984.0,EXCLUDED,INSUFFICIENT_HISTORY,2026-09-30,2026-09-30T05:33:12.368021+00:00,TON11419-USD,INSUFFICIENT_HISTORY,OFFICIAL_DAILY,market-lab:OFFICIAL_DAILY:5b082eeaf0744a8a9b433c07c9ee03f0,2026-09-30T05:33:09.739587Z,18d2d72a1da66c853f45a71d4f8ae14dda41da7b,True
33.0,21.0,quant-network,qnt,Quant,4121435154,927221903.0,INCLUDED,,2026-09-30,2026-09-30T05:33:12.368021+00:00,QNT-USD,LIMITED_CLOSE_ONLY_INPUT,OFFICIAL_DAILY,market-lab:OFFICIAL_DAILY:5b082eeaf0744a8a9b433c07c9ee03f0,2026-09-30T05:33:09.739587Z,18d2d72a1da66c853f45a71d4f8ae14dda41da7b,True
34.0,,bittensor,tao,Bittensor,3450770995,251746713.0,EXCLUDED,NO_RELIABLE_OHLC_MAPPING,2026-09-30,2026-09-30T05:33:12.368021+00:00,TAO-USD,,OFFICIAL_DAILY,market-lab:OFFICIAL_DAILY:5b082eeaf0744a8a9b433c07c9ee03f0,2026-09-30T05:33:09.739587Z,18d2d72a1da66c853f45a71d4f8ae14dda41da7b,True
35.0,,shiba-inu,shib,Shiba Inu,3408017191,101078919.0,EXCLUDED,GAPPED_DAILY_HISTORY,2026-09-30,2026-09-30T05:33:12.368021+00:00,SHIB-USD,GAPPED_DAILY_HISTORY,OFFICIAL_DAILY,market-lab:OFFICIAL_DAILY:5b082eeaf0744a8a9b433c07c9ee03f0,2026-09-30T05:33:09.739587Z,18d2d72a1da66c853f45a71d4f8ae14dda41da7b,True
36.0,,tether-gold,xaut,Tether Gold,3376744031,193262852.0,EXCLUDED,SYNTHETIC_DUPLICATE,2026-09-30,2026-09-30T05:33:12.368021+00:00,,,OFFICIAL_DAILY,market-lab:OFFICIAL_DAILY:5b082eeaf0744a8a9b433c07c9ee03f0,2026-09-30T05:33:09.739587Z,18d2d72a1da66c853f45a71d4f8ae14dda41da7b,True
37.0,22.0,crypto-com-chain,cro,Cronos,3331999643,18201032.0,INCLUDED,,2026-09-30,2026-09-30T05:33:12.368021+00:00,CRO-USD,LIMITED_CLOSE_ONLY_INPUT,OFFICIAL_DAILY,market-lab:OFFICIAL_DAILY:5b082eeaf0744a8a9b433c07c9ee03f0,2026-09-30T05:33:09.739587Z,18d2d72a1da66c853f45a71d4f8ae14dda41da7b,True
38.0,,bitway,btw,Bitway,3225986576,23189980.0,PENDING_CLASSIFICATION,UNREVIEWED_IDENTITY,2026-09-30,2026-09-30T05:33:12.368021+00:00,,,OFFICIAL_DAILY,market-lab:OFFICIAL_DAILY:5b082eeaf0744a8a9b433c07c9ee03f0,2026-09-30T05:33:09.739587Z,18d2d72a1da66c853f45a71d4f8ae14dda41da7b,True
39.0,,global-dollar,usdg,Global Dollar,3170228180,853339753.0,EXCLUDED,STABLECOIN,2026-09-30,2026-09-30T05:33:12.368021+00:00,,,OFFICIAL_DAILY,market-lab:OFFICIAL_DAILY:5b082eeaf0744a8a9b433c07c9ee03f0,2026-09-30T05:33:09.739587Z,18d2d72a1da66c853f45a71d4f8ae14dda41da7b,True
40.0,,paypal-usd,pyusd,PayPal USD,2758034976,69722830.0,EXCLUDED,STABLECOIN,2026-09-30,2026-09-30T05:33:12.368021+00:00,,,OFFICIAL_DAILY,market-lab:OFFICIAL_DAILY:5b082eeaf0744a8a9b433c07c9ee03f0,2026-09-30T05:33:09.739587Z,18d2d72a1da66c853f45a71d4f8ae14dda41da7b,True
41.0,,pump-fun,pump,Pump.fun,2670409222,513359858.0,PENDING_CLASSIFICATION,UNREVIEWED_IDENTITY,2026-09-30,2026-09-30T05:33:12.368021+00:00,,,OFFICIAL_DAILY,market-lab:OFFICIAL_DAILY:5b082eeaf0744a8a9b433c07c9ee03f0,2026-09-30T05:33:09.739587Z,18d2d72a1da66c853f45a71d4f8ae14dda41da7b,True
42.0,23.0,okb,okb,OKB,2543328594,29262941.0,INCLUDED,,2026-09-30,2026-09-30T05:33:12.368021+00:00,OKB-USD,LIMITED_CLOSE_ONLY_INPUT,OFFICIAL_DAILY,market-lab:OFFICIAL_DAILY:5b082eeaf0744a8a9b433c07c9ee03f0,2026-09-30T05:33:09.739587Z,18d2d72a1da66c853f45a71d4f8ae14dda41da7b,True
43.0,,ripple-usd,rlusd,Ripple USD,2521489801,251504147.0,EXCLUDED,STABLECOIN,2026-09-30,2026-09-30T05:33:12.368021+00:00,,,OFFICIAL_DAILY,market-lab:OFFICIAL_DAILY:5b082eeaf0744a8a9b433c07c9ee03f0,2026-09-30T05:33:09.739587Z,18d2d72a1da66c853f45a71d4f8ae14dda41da7b,True
44.0,24.0,aave,aave,Aave,2503684853,815132905.0,INCLUDED,,2026-09-30,2026-09-30T05:33:12.368021+00:00,AAVE-USD,LIMITED_CLOSE_ONLY_INPUT,OFFICIAL_DAILY,market-lab:OFFICIAL_DAILY:5b082eeaf0744a8a9b433c07c9ee03f0,2026-09-30T05:33:09.739587Z,18d2d72a1da66c853f45a71d4f8ae14dda41da7b,True
45.0,25.0,ethena,ena,Ethena,2488911811,384546647.0,INCLUDED,,2026-09-30,2026-09-30T05:33:12.368021+00:00,ENA-USD,LIMITED_CLOSE_ONLY_INPUT,OFFICIAL_DAILY,market-lab:OFFICIAL_DAILY:5b082eeaf0744a8a9b433c07c9ee03f0,2026-09-30T05:33:09.739587Z,18d2d72a1da66c853f45a71d4f8ae14dda41da7b,True
46.0,26.0,ondo-finance,ondo,Ondo,2451565041,326514166.0,INCLUDED,,2026-09-30,2026-09-30T05:33:12.368021+00:00,ONDO-USD,LIMITED_CLOSE_ONLY_INPUT,OFFICIAL_DAILY,market-lab:OFFICIAL_DAILY:5b082eeaf0744a8a9b433c07c9ee03f0,2026-09-30T05:33:09.739587Z,18d2d72a1da66c853f45a71d4f8ae14dda41da7b,True
47.0,,hashnote-usyc,usyc,Circle USYC,2405770484,0.0,PENDING_CLASSIFICATION,UNREVIEWED_IDENTITY,2026-09-30,2026-09-30T05:33:12.368021+00:00,,,OFFICIAL_DAILY,market-lab:OFFICIAL_DAILY:5b082eeaf0744a8a9b433c07c9ee03f0,2026-09-30T05:33:09.739587Z,18d2d72a1da66c853f45a71d4f8ae14dda41da7b,True
48.0,,memecore,m,MemeCore,2367279658,1300550.0,PENDING_CLASSIFICATION,UNREVIEWED_IDENTITY,2026-09-30,2026-09-30T05:33:12.368021+00:00,,,OFFICIAL_DAILY,market-lab:OFFICIAL_DAILY:5b082eeaf0744a8a9b433c07c9ee03f0,2026-09-30T05:33:09.739587Z,18d2d72a1da66c853f45a71d4f8ae14dda41da7b,True
49.0,,ondo-us-dollar-yield,usdy,Ondo US Dollar Yield,2277351815,1884002.0,PENDING_CLASSIFICATION,UNREVIEWED_IDENTITY,2026-09-30,2026-09-30T05:33:12.368021+00:00,,,OFFICIAL_DAILY,market-lab:OFFICIAL_DAILY:5b082eeaf0744a8a9b433c07c9ee03f0,2026-09-30T05:33:09.739587Z,18d2d72a1da66c853f45a71d4f8ae14dda41da7b,True
50.0,,blackrock-usd-institutional-digital-liquidity-fund,buidl,BlackRock USD Institutional Digital Liquidity Fund,2261930284,0.0,PENDING_CLASSIFICATION,UNREVIEWED_IDENTITY,2026-09-30,2026-09-30T05:33:12.368021+00:00,,,OFFICIAL_DAILY,market-lab:OFFICIAL_DAILY:5b082eeaf0744a8a9b433c07c9ee03f0,2026-09-30T05:33:09.739587Z,18d2d72a1da66c853f45a71d4f8ae14dda41da7b,True
51.0,,mantle,mnt,Mantle,2257586822,32847786.0,EXCLUDED,NO_RELIABLE_OHLC_MAPPING,2026-09-30,2026-09-30T05:33:12.368021+00:00,MNT-USD,,OFFICIAL_DAILY,market-lab:OFFICIAL_DAILY:5b082eeaf0744a8a9b433c07c9ee03f0,2026-09-30T05:33:09.739587Z,18d2d72a1da66c853f45a71d4f8ae14dda41da7b,True
52.0,27.0,polkadot,dot,Polkadot,2064762373,202663727.0,INCLUDED,,2026-09-30,2026-09-30T05:33:12.368021+00:00,DOT-USD,LIMITED_CLOSE_ONLY_INPUT,OFFICIAL_DAILY,market-lab:OFFICIAL_DAILY:5b082eeaf0744a8a9b433c07c9ee03f0,2026-09-30T05:33:09.739587Z,18d2d72a1da66c853f45a71d4f8ae14dda41da7b,True
53.0,,aster-2,aster,Aster,2056407527,182097299.0,PENDING_CLASSIFICATION,UNREVIEWED_IDENTITY,2026-09-30,2026-09-30T05:33:12.368021+00:00,,,OFFICIAL_DAILY,market-lab:OFFICIAL_DAILY:5b082eeaf0744a8a9b433c07c9ee03f0,2026-09-30T05:33:09.739587Z,18d2d72a1da66c853f45a71d4f8ae14dda41da7b,True
54.0,,sky,sky,Sky,1929489966,34571322.0,PENDING_CLASSIFICATION,UNREVIEWED_IDENTITY,2026-09-30,2026-09-30T05:33:12.368021+00:00,,,OFFICIAL_DAILY,market-lab:OFFICIAL_DAILY:5b082eeaf0744a8a9b433c07c9ee03f0,2026-09-30T05:33:09.739587Z,18d2d72a1da66c853f45a71d4f8ae14dda41da7b,True
55.0,28.0,internet-computer,icp,Internet Computer,1928944569,179365765.0,INCLUDED,,2026-09-30,2026-09-30T05:33:12.368021+00:00,ICP-USD,LIMITED_CLOSE_ONLY_INPUT,OFFICIAL_DAILY,market-lab:OFFICIAL_DAILY:5b082eeaf0744a8a9b433c07c9ee03f0,2026-09-30T05:33:09.739587Z,18d2d72a1da66c853f45a71d4f8ae14dda41da7b,True
56.0,,worldcoin-wld,wld,Worldcoin,1921322404,420389074.0,EXCLUDED,INVALID_OHLC,2026-09-30,2026-09-30T05:33:12.368021+00:00,WLD-USD,INVALID_OHLC,OFFICIAL_DAILY,market-lab:OFFICIAL_DAILY:5b082eeaf0744a8a9b433c07c9ee03f0,2026-09-30T05:33:09.739587Z,18d2d72a1da66c853f45a71d4f8ae14dda41da7b,True
57.0,,pax-gold,paxg,PAX Gold,1819885343,155220035.0,EXCLUDED,SYNTHETIC_DUPLICATE,2026-09-30,2026-09-30T05:33:12.368021+00:00,,,OFFICIAL_DAILY,market-lab:OFFICIAL_DAILY:5b082eeaf0744a8a9b433c07c9ee03f0,2026-09-30T05:33:09.739587Z,18d2d72a1da66c853f45a71d4f8ae14dda41da7b,True
58.0,,pepe,pepe,Pepe,1806920130,268739289.0,EXCLUDED,NO_RELIABLE_OHLC_MAPPING,2026-09-30,2026-09-30T05:33:12.368021+00:00,PEPE-USD,,OFFICIAL_DAILY,market-lab:OFFICIAL_DAILY:5b082eeaf0744a8a9b433c07c9ee03f0,2026-09-30T05:33:09.739587Z,18d2d72a1da66c853f45a71d4f8ae14dda41da7b,True
59.0,,world-liberty-financial,wlfi,World Liberty Financial,1799314838,37972935.0,PENDING_CLASSIFICATION,UNREVIEWED_IDENTITY,2026-09-30,2026-09-30T05:33:12.368021+00:00,,,OFFICIAL_DAILY,market-lab:OFFICIAL_DAILY:5b082eeaf0744a8a9b433c07c9ee03f0,2026-09-30T05:33:09.739587Z,18d2d72a1da66c853f45a71d4f8ae14dda41da7b,True
60.0,,morpho,morpho,Morpho,1792412138,42023286.0,EXCLUDED,NO_RELIABLE_OHLC_MAPPING,2026-09-30,2026-09-30T05:33:12.368021+00:00,MORPHO-USD,,OFFICIAL_DAILY,market-lab:OFFICIAL_DAILY:5b082eeaf0744a8a9b433c07c9ee03f0,2026-09-30T05:33:09.739587Z,18d2d72a1da66c853f45a71d4f8ae14dda41da7b,True
61.0,,htx-dao,htx,HTX DAO,1535002973,52010869.0,PENDING_CLASSIFICATION,UNREVIEWED_IDENTITY,2026-09-30,2026-09-30T05:33:12.368021+00:00,,,OFFICIAL_DAILY,market-lab:OFFICIAL_DAILY:5b082eeaf0744a8a9b433c07c9ee03f0,2026-09-30T05:33:09.739587Z,18d2d72a1da66c853f45a71d4f8ae14dda41da7b,True
62.0,,usdd,usdd,USDD,1527686751,2392992.0,EXCLUDED,STABLECOIN,2026-09-30,2026-09-30T05:33:12.368021+00:00,,,OFFICIAL_DAILY,market-lab:OFFICIAL_DAILY:5b082eeaf0744a8a9b433c07c9ee03f0,2026-09-30T05:33:09.739587Z,18d2d72a1da66c853f45a71d4f8ae14dda41da7b,True
63.0,,united-stables,u,United Stables,1496840134,128935112.0,EXCLUDED,STABLECOIN,2026-09-30,2026-09-30T05:33:12.368021+00:00,,,OFFICIAL_DAILY,market-lab:OFFICIAL_DAILY:5b082eeaf0744a8a9b433c07c9ee03f0,2026-09-30T05:33:09.739587Z,18d2d72a1da66c853f45a71d4f8ae14dda41da7b,True
64.0,,spiko-amundi-overnight-swap-fund-eur,eursafo,Spiko Amundi Overnight Swap Fund (EUR),1487772461,0.0,PENDING_CLASSIFICATION,UNREVIEWED_IDENTITY,2026-09-30,2026-09-30T05:33:12.368021+00:00,,,OFFICIAL_DAILY,market-lab:OFFICIAL_DAILY:5b082eeaf0744a8a9b433c07c9ee03f0,2026-09-30T05:33:09.739587Z,18d2d72a1da66c853f45a71d4f8ae14dda41da7b,True
65.0,29.0,ethereum-classic,etc,Ethereum Classic,1439715371,81955088.0,INCLUDED,,2026-09-30,2026-09-30T05:33:12.368021+00:00,ETC-USD,LIMITED_CLOSE_ONLY_INPUT,OFFICIAL_DAILY,market-lab:OFFICIAL_DAILY:5b082eeaf0744a8a9b433c07c9ee03f0,2026-09-30T05:33:09.739587Z,18d2d72a1da66c853f45a71d4f8ae14dda41da7b,True
66.0,30.0,bitget-token,bgb,Bitget Token,1389175641,10144085.0,INCLUDED,,2026-09-30,2026-09-30T05:33:12.368021+00:00,BGB-USD,LIMITED_CLOSE_ONLY_INPUT,OFFICIAL_DAILY,market-lab:OFFICIAL_DAILY:5b082eeaf0744a8a9b433c07c9ee03f0,2026-09-30T05:33:09.739587Z,18d2d72a1da66c853f45a71d4f8ae14dda41da7b,True
67.0,,arbitrum,arb,Arbitrum,1374188455,279081665.0,EXCLUDED,GAPPED_DAILY_HISTORY,2026-09-30,2026-09-30T05:33:12.368021+00:00,ARB-USD,GAPPED_DAILY_HISTORY,OFFICIAL_DAILY,market-lab:OFFICIAL_DAILY:5b082eeaf0744a8a9b433c07c9ee03f0,2026-09-30T05:33:09.739587Z,18d2d72a1da66c853f45a71d4f8ae14dda41da7b,True
68.0,,falcon-finance,usdf,Falcon USD,1372623499,320582.0,EXCLUDED,STABLECOIN,2026-09-30,2026-09-30T05:33:12.368021+00:00,,,OFFICIAL_DAILY,market-lab:OFFICIAL_DAILY:5b082eeaf0744a8a9b433c07c9ee03f0,2026-09-30T05:33:09.739587Z,18d2d72a1da66c853f45a71d4f8ae14dda41da7b,True
69.0,,bfusd,bfusd,BFUSD,1318653208,1543850.0,EXCLUDED,STABLECOIN,2026-09-30,2026-09-30T05:33:12.368021+00:00,,,OFFICIAL_DAILY,market-lab:OFFICIAL_DAILY:5b082eeaf0744a8a9b433c07c9ee03f0,2026-09-30T05:33:09.739587Z,18d2d72a1da66c853f45a71d4f8ae14dda41da7b,True
70.0,,venice-token,vvv,Venice Token,1282994359,38112733.0,PENDING_CLASSIFICATION,UNREVIEWED_IDENTITY,2026-09-30,2026-09-30T05:33:12.368021+00:00,,,OFFICIAL_DAILY,market-lab:OFFICIAL_DAILY:5b082eeaf0744a8a9b433c07c9ee03f0,2026-09-30T05:33:09.739587Z,18d2d72a1da66c853f45a71d4f8ae14dda41da7b,True
71.0,,polygon-ecosystem-token,pol,POL (ex-MATIC),1244851319,132940217.0,EXCLUDED,NO_RELIABLE_OHLC_MAPPING,2026-09-30,2026-09-30T05:33:12.368021+00:00,POL28321-USD,,OFFICIAL_DAILY,market-lab:OFFICIAL_DAILY:5b082eeaf0744a8a9b433c07c9ee03f0,2026-09-30T05:33:09.739587Z,18d2d72a1da66c853f45a71d4f8ae14dda41da7b,True
72.0,31.0,kaspa,kas,Kaspa,1218415161,20149027.0,INCLUDED,,2026-09-30,2026-09-30T05:33:12.368021+00:00,KAS-USD,LIMITED_CLOSE_ONLY_INPUT,OFFICIAL_DAILY,market-lab:OFFICIAL_DAILY:5b082eeaf0744a8a9b433c07c9ee03f0,2026-09-30T05:33:09.739587Z,18d2d72a1da66c853f45a71d4f8ae14dda41da7b,True
73.0,,usdgo,usdgo,USDGO,1186939331,90795797.0,EXCLUDED,STABLECOIN,2026-09-30,2026-09-30T05:33:12.368021+00:00,,,OFFICIAL_DAILY,market-lab:OFFICIAL_DAILY:5b082eeaf0744a8a9b433c07c9ee03f0,2026-09-30T05:33:09.739587Z,18d2d72a1da66c853f45a71d4f8ae14dda41da7b,True
74.0,,gatechain-token,gt,Gate,1160128135,1033168.0,EXCLUDED,NO_RELIABLE_OHLC_MAPPING,2026-09-30,2026-09-30T05:33:12.368021+00:00,GT-USD,,OFFICIAL_DAILY,market-lab:OFFICIAL_DAILY:5b082eeaf0744a8a9b433c07c9ee03f0,2026-09-30T05:33:09.739587Z,18d2d72a1da66c853f45a71d4f8ae14dda41da7b,True
75.0,32.0,algorand,algo,Algorand,1131852096,189980974.0,INCLUDED,,2026-09-30,2026-09-30T05:33:12.368021+00:00,ALGO-USD,LIMITED_CLOSE_ONLY_INPUT,OFFICIAL_DAILY,market-lab:OFFICIAL_DAILY:5b082eeaf0744a8a9b433c07c9ee03f0,2026-09-30T05:33:09.739587Z,18d2d72a1da66c853f45a71d4f8ae14dda41da7b,True
76.0,,jupiter-exchange-solana,jup,Jupiter,1095408045,103686161.0,EXCLUDED,INVALID_OHLC,2026-09-30,2026-09-30T05:33:12.368021+00:00,JUP-USD,INVALID_OHLC,OFFICIAL_DAILY,market-lab:OFFICIAL_DAILY:5b082eeaf0744a8a9b433c07c9ee03f0,2026-09-30T05:33:09.739587Z,18d2d72a1da66c853f45a71d4f8ae14dda41da7b,True
77.0,33.0,just,jst,JUST,1044025813,32897521.0,INCLUDED,,2026-09-30,2026-09-30T05:33:12.368021+00:00,JST-USD,LIMITED_CLOSE_ONLY_INPUT,OFFICIAL_DAILY,market-lab:OFFICIAL_DAILY:5b082eeaf0744a8a9b433c07c9ee03f0,2026-09-30T05:33:09.739587Z,18d2d72a1da66c853f45a71d4f8ae14dda41da7b,True
78.0,,pi-network,pi,Pi Network,1029901352,6336721.0,PENDING_CLASSIFICATION,UNREVIEWED_IDENTITY,2026-09-30,2026-09-30T05:33:12.368021+00:00,,,OFFICIAL_DAILY,market-lab:OFFICIAL_DAILY:5b082eeaf0744a8a9b433c07c9ee03f0,2026-09-30T05:33:09.739587Z,18d2d72a1da66c853f45a71d4f8ae14dda41da7b,True
79.0,,kucoin-shares,kcs,KuCoin,1013317567,3606116.0,EXCLUDED,NO_RELIABLE_OHLC_MAPPING,2026-09-30,2026-09-30T05:33:12.368021+00:00,KCS-USD,,OFFICIAL_DAILY,market-lab:OFFICIAL_DAILY:5b082eeaf0744a8a9b433c07c9ee03f0,2026-09-30T05:33:09.739587Z,18d2d72a1da66c853f45a71d4f8ae14dda41da7b,True
80.0,34.0,render-token,render,Render,1007757753,68692429.0,INCLUDED,,2026-09-30,2026-09-30T05:33:12.368021+00:00,RENDER-USD,LIMITED_CLOSE_ONLY_INPUT,OFFICIAL_DAILY,market-lab:OFFICIAL_DAILY:5b082eeaf0744a8a9b433c07c9ee03f0,2026-09-30T05:33:09.739587Z,18d2d72a1da66c853f45a71d4f8ae14dda41da7b,True
81.0,,blockchain-capital,bcap,Blockchain Capital,979825296,0.0,PENDING_CLASSIFICATION,UNREVIEWED_IDENTITY,2026-09-30,2026-09-30T05:33:12.368021+00:00,,,OFFICIAL_DAILY,market-lab:OFFICIAL_DAILY:5b082eeaf0744a8a9b433c07c9ee03f0,2026-09-30T05:33:09.739587Z,18d2d72a1da66c853f45a71d4f8ae14dda41da7b,True
82.0,,lighter,lit,Lighter,929671053,220999235.0,PENDING_CLASSIFICATION,UNREVIEWED_IDENTITY,2026-09-30,2026-09-30T05:33:12.368021+00:00,,,OFFICIAL_DAILY,market-lab:OFFICIAL_DAILY:5b082eeaf0744a8a9b433c07c9ee03f0,2026-09-30T05:33:09.739587Z,18d2d72a1da66c853f45a71d4f8ae14dda41da7b,True
83.0,35.0,cosmos,atom,Cosmos Hub,914120474,67039237.0,INCLUDED,,2026-09-30,2026-09-30T05:33:12.368021+00:00,ATOM-USD,LIMITED_CLOSE_ONLY_INPUT,OFFICIAL_DAILY,market-lab:OFFICIAL_DAILY:5b082eeaf0744a8a9b433c07c9ee03f0,2026-09-30T05:33:09.739587Z,18d2d72a1da66c853f45a71d4f8ae14dda41da7b,True
84.0,36.0,filecoin,fil,Filecoin,888764172,126248103.0,INCLUDED,,2026-09-30,2026-09-30T05:33:12.368021+00:00,FIL-USD,LIMITED_CLOSE_ONLY_INPUT,OFFICIAL_DAILY,market-lab:OFFICIAL_DAILY:5b082eeaf0744a8a9b433c07c9ee03f0,2026-09-30T05:33:09.739587Z,18d2d72a1da66c853f45a71d4f8ae14dda41da7b,True
85.0,37.0,pancakeswap-token,cake,PancakeSwap,861475310,72402836.0,INCLUDED,,2026-09-30,2026-09-30T05:33:12.368021+00:00,CAKE-USD,LIMITED_CLOSE_ONLY_INPUT,OFFICIAL_DAILY,market-lab:OFFICIAL_DAILY:5b082eeaf0744a8a9b433c07c9ee03f0,2026-09-30T05:33:09.739587Z,18d2d72a1da66c853f45a71d4f8ae14dda41da7b,True
86.0,38.0,nexo,nexo,NEXO,842888308,2839208.0,INCLUDED,,2026-09-30,2026-09-30T05:33:12.368021+00:00,NEXO-USD,LIMITED_CLOSE_ONLY_INPUT,OFFICIAL_DAILY,market-lab:OFFICIAL_DAILY:5b082eeaf0744a8a9b433c07c9ee03f0,2026-09-30T05:33:09.739587Z,18d2d72a1da66c853f45a71d4f8ae14dda41da7b,True
87.0,,aerodrome-finance,aero,Aerodrome Finance,802048028,59078594.0,EXCLUDED,NO_RELIABLE_OHLC_MAPPING,2026-09-30,2026-09-30T05:33:12.368021+00:00,AERO-USD,,OFFICIAL_DAILY,market-lab:OFFICIAL_DAILY:5b082eeaf0744a8a9b433c07c9ee03f0,2026-09-30T05:33:09.739587Z,18d2d72a1da66c853f45a71d4f8ae14dda41da7b,True
88.0,39.0,dash,dash,Dash,780810779,128547708.0,INCLUDED,,2026-09-30,2026-09-30T05:33:12.368021+00:00,DASH-USD,LIMITED_CLOSE_ONLY_INPUT,OFFICIAL_DAILY,market-lab:OFFICIAL_DAILY:5b082eeaf0744a8a9b433c07c9ee03f0,2026-09-30T05:33:09.739587Z,18d2d72a1da66c853f45a71d4f8ae14dda41da7b,True
89.0,,superstate-short-duration-us-government-securities-fund-ustb,ustb,Invesco Short Duration US Government Securities Fund,774235186,0.0,PENDING_CLASSIFICATION,UNREVIEWED_IDENTITY,2026-09-30,2026-09-30T05:33:12.368021+00:00,,,OFFICIAL_DAILY,market-lab:OFFICIAL_DAILY:5b082eeaf0744a8a9b433c07c9ee03f0,2026-09-30T05:33:09.739587Z,18d2d72a1da66c853f45a71d4f8ae14dda41da7b,True
90.0,40.0,injective-protocol,inj,Injective,771473649,130652819.0,INCLUDED,,2026-09-30,2026-09-30T05:33:12.368021+00:00,INJ-USD,LIMITED_CLOSE_ONLY_INPUT,OFFICIAL_DAILY,market-lab:OFFICIAL_DAILY:5b082eeaf0744a8a9b433c07c9ee03f0,2026-09-30T05:33:09.739587Z,18d2d72a1da66c853f45a71d4f8ae14dda41da7b,True
91.0,,stable-2,stable,​​Stable,763214155,9668586.0,PENDING_CLASSIFICATION,UNREVIEWED_IDENTITY,2026-09-30,2026-09-30T05:33:12.368021+00:00,,,OFFICIAL_DAILY,market-lab:OFFICIAL_DAILY:5b082eeaf0744a8a9b433c07c9ee03f0,2026-09-30T05:33:09.739587Z,18d2d72a1da66c853f45a71d4f8ae14dda41da7b,True
92.0,41.0,vechain,vet,VeChain,761092372,11697466.0,INCLUDED,,2026-09-30,2026-09-30T05:33:12.368021+00:00,VET-USD,LIMITED_CLOSE_ONLY_INPUT,OFFICIAL_DAILY,market-lab:OFFICIAL_DAILY:5b082eeaf0744a8a9b433c07c9ee03f0,2026-09-30T05:33:09.739587Z,18d2d72a1da66c853f45a71d4f8ae14dda41da7b,True
93.0,42.0,ether-fi,ethfi,Ether.fi,744507709,112139344.0,INCLUDED,,2026-09-30,2026-09-30T05:33:12.368021+00:00,ETHFI-USD,LIMITED_CLOSE_ONLY_INPUT,OFFICIAL_DAILY,market-lab:OFFICIAL_DAILY:5b082eeaf0744a8a9b433c07c9ee03f0,2026-09-30T05:33:09.739587Z,18d2d72a1da66c853f45a71d4f8ae14dda41da7b,True
94.0,,akedo,ake,Akedo,730649299,10139382.0,PENDING_CLASSIFICATION,UNREVIEWED_IDENTITY,2026-09-30,2026-09-30T05:33:12.368021+00:00,,,OFFICIAL_DAILY,market-lab:OFFICIAL_DAILY:5b082eeaf0744a8a9b433c07c9ee03f0,2026-09-30T05:33:09.739587Z,18d2d72a1da66c853f45a71d4f8ae14dda41da7b,True
95.0,,eutbl,eutbl,Spiko EU T-Bills Money Market Fund,704683582,0.0,PENDING_CLASSIFICATION,UNREVIEWED_IDENTITY,2026-09-30,2026-09-30T05:33:12.368021+00:00,,,OFFICIAL_DAILY,market-lab:OFFICIAL_DAILY:5b082eeaf0744a8a9b433c07c9ee03f0,2026-09-30T05:33:09.739587Z,18d2d72a1da66c853f45a71d4f8ae14dda41da7b,True
96.0,,gho,gho,GHO,698470304,6435901.0,EXCLUDED,STABLECOIN,2026-09-30,2026-09-30T05:33:12.368021+00:00,,,OFFICIAL_DAILY,market-lab:OFFICIAL_DAILY:5b082eeaf0744a8a9b433c07c9ee03f0,2026-09-30T05:33:09.739587Z,18d2d72a1da66c853f45a71d4f8ae14dda41da7b,True
97.0,,aptos,apt,Aptos,694074601,89190285.0,EXCLUDED,NO_RELIABLE_OHLC_MAPPING,2026-09-30,2026-09-30T05:33:12.368021+00:00,APT-USD,,OFFICIAL_DAILY,market-lab:OFFICIAL_DAILY:5b082eeaf0744a8a9b433c07c9ee03f0,2026-09-30T05:33:09.739587Z,18d2d72a1da66c853f45a71d4f8ae14dda41da7b,True
98.0,43.0,xdce-crowd-sale,xdc,XDC Network,668016423,22793763.0,INCLUDED,,2026-09-30,2026-09-30T05:33:12.368021+00:00,XDC-USD,LIMITED_CLOSE_ONLY_INPUT,OFFICIAL_DAILY,market-lab:OFFICIAL_DAILY:5b082eeaf0744a8a9b433c07c9ee03f0,2026-09-30T05:33:09.739587Z,18d2d72a1da66c853f45a71d4f8ae14dda41da7b,True
99.0,,layerzero,zro,LayerZero,663595107,176207001.0,PENDING_CLASSIFICATION,UNREVIEWED_IDENTITY,2026-09-30,2026-09-30T05:33:12.368021+00:00,,,OFFICIAL_DAILY,market-lab:OFFICIAL_DAILY:5b082eeaf0744a8a9b433c07c9ee03f0,2026-09-30T05:33:09.739587Z,18d2d72a1da66c853f45a71d4f8ae14dda41da7b,True
100.0,,flare-networks,flr,Flare,657182185,6808038.0,PENDING_CLASSIFICATION,UNREVIEWED_IDENTITY,2026-09-30,2026-09-30T05:33:12.368021+00:00,,,OFFICIAL_DAILY,market-lab:OFFICIAL_DAILY:5b082eeaf0744a8a9b433c07c9ee03f0,2026-09-30T05:33:09.739587Z,18d2d72a1da66c853f45a71d4f8ae14dda41da7b,True
101.0,,pyth-network,pyth,Pyth Network,621321611,33910423.0,PENDING_CLASSIFICATION,UNREVIEWED_IDENTITY,2026-09-30,2026-09-30T05:33:12.368021+00:00,,,OFFICIAL_DAILY,market-lab:OFFICIAL_DAILY:5b082eeaf0744a8a9b433c07c9ee03f0,2026-09-30T05:33:09.739587Z,18d2d72a1da66c853f45a71d4f8ae14dda41da7b,True
102.0,,pudgy-penguins,pengu,Pudgy Penguins,619507763,214051190.0,PENDING_CLASSIFICATION,UNREVIEWED_IDENTITY,2026-09-30,2026-09-30T05:33:12.368021+00:00,,,OFFICIAL_DAILY,market-lab:OFFICIAL_DAILY:5b082eeaf0744a8a9b433c07c9ee03f0,2026-09-30T05:33:09.739587Z,18d2d72a1da66c853f45a71d4f8ae14dda41da7b,True
103.0,44.0,curve-dao-token,crv,Curve DAO,612425028,164732852.0,INCLUDED,,2026-09-30,2026-09-30T05:33:12.368021+00:00,CRV-USD,LIMITED_CLOSE_ONLY_INPUT,OFFICIAL_DAILY,market-lab:OFFICIAL_DAILY:5b082eeaf0744a8a9b433c07c9ee03f0,2026-09-30T05:33:09.739587Z,18d2d72a1da66c853f45a71d4f8ae14dda41da7b,True
104.0,,blockstack,stx,Stacks,588555162,20205756.0,EXCLUDED,NO_RELIABLE_OHLC_MAPPING,2026-09-30,2026-09-30T05:33:12.368021+00:00,STX-USD,,OFFICIAL_DAILY,market-lab:OFFICIAL_DAILY:5b082eeaf0744a8a9b433c07c9ee03f0,2026-09-30T05:33:09.739587Z,18d2d72a1da66c853f45a71d4f8ae14dda41da7b,True
105.0,,beldex,bdx,Beldex,584337280,3671656.0,PENDING_CLASSIFICATION,UNREVIEWED_IDENTITY,2026-09-30,2026-09-30T05:33:12.368021+00:00,,,OFFICIAL_DAILY,market-lab:OFFICIAL_DAILY:5b082eeaf0744a8a9b433c07c9ee03f0,2026-09-30T05:33:09.739587Z,18d2d72a1da66c853f45a71d4f8ae14dda41da7b,True
106.0,,janus-henderson-anemoy-aaa-clo-fund,jaaa,Janus Henderson Anemoy AAA CLO Fund,584157610,0.0,PENDING_CLASSIFICATION,UNREVIEWED_IDENTITY,2026-09-30,2026-09-30T05:33:12.368021+00:00,,,OFFICIAL_DAILY,market-lab:OFFICIAL_DAILY:5b082eeaf0744a8a9b433c07c9ee03f0,2026-09-30T05:33:09.739587Z,18d2d72a1da66c853f45a71d4f8ae14dda41da7b,True
107.0,,official-trump,trump,Official Trump,579102813,227117312.0,PENDING_CLASSIFICATION,UNREVIEWED_IDENTITY,2026-09-30,2026-09-30T05:33:12.368021+00:00,,,OFFICIAL_DAILY,market-lab:OFFICIAL_DAILY:5b082eeaf0744a8a9b433c07c9ee03f0,2026-09-30T05:33:09.739587Z,18d2d72a1da66c853f45a71d4f8ae14dda41da7b,True
108.0,,usual-usd,usd0,Usual USD,545994742,374707.0,PENDING_CLASSIFICATION,UNREVIEWED_IDENTITY,2026-09-30,2026-09-30T05:33:12.368021+00:00,,,OFFICIAL_DAILY,market-lab:OFFICIAL_DAILY:5b082eeaf0744a8a9b433c07c9ee03f0,2026-09-30T05:33:09.739587Z,18d2d72a1da66c853f45a71d4f8ae14dda41da7b,True
109.0,,midnight-3,night,Midnight,541980912,42302483.0,PENDING_CLASSIFICATION,UNREVIEWED_IDENTITY,2026-09-30,2026-09-30T05:33:12.368021+00:00,,,OFFICIAL_DAILY,market-lab:OFFICIAL_DAILY:5b082eeaf0744a8a9b433c07c9ee03f0,2026-09-30T05:33:09.739587Z,18d2d72a1da66c853f45a71d4f8ae14dda41da7b,True
110.0,,virtual-protocol,virtual,Virtuals Protocol,521674761,111346593.0,PENDING_CLASSIFICATION,UNREVIEWED_IDENTITY,2026-09-30,2026-09-30T05:33:12.368021+00:00,,,OFFICIAL_DAILY,market-lab:OFFICIAL_DAILY:5b082eeaf0744a8a9b433c07c9ee03f0,2026-09-30T05:33:09.739587Z,18d2d72a1da66c853f45a71d4f8ae14dda41da7b,True
111.0,,ylds,ylds,YLDS,512580909,26982528.0,PENDING_CLASSIFICATION,UNREVIEWED_IDENTITY,2026-09-30,2026-09-30T05:33:12.368021+00:00,,,OFFICIAL_DAILY,market-lab:OFFICIAL_DAILY:5b082eeaf0744a8a9b433c07c9ee03f0,2026-09-30T05:33:09.739587Z,18d2d72a1da66c853f45a71d4f8ae14dda41da7b,True
112.0,,fetch-ai,fet,Artificial Superintelligence Alliance,509601819,155084490.0,PENDING_CLASSIFICATION,UNREVIEWED_IDENTITY,2026-09-30,2026-09-30T05:33:12.368021+00:00,,,OFFICIAL_DAILY,market-lab:OFFICIAL_DAILY:5b082eeaf0744a8a9b433c07c9ee03f0,2026-09-30T05:33:09.739587Z,18d2d72a1da66c853f45a71d4f8ae14dda41da7b,True
113.0,,raydium,ray,Raydium,508098416,54561988.0,PENDING_CLASSIFICATION,UNREVIEWED_IDENTITY,2026-09-30,2026-09-30T05:33:12.368021+00:00,,,OFFICIAL_DAILY,market-lab:OFFICIAL_DAILY:5b082eeaf0744a8a9b433c07c9ee03f0,2026-09-30T05:33:09.739587Z,18d2d72a1da66c853f45a71d4f8ae14dda41da7b,True
114.0,,grass,grass,Grass,506680084,112104836.0,PENDING_CLASSIFICATION,UNREVIEWED_IDENTITY,2026-09-30,2026-09-30T05:33:12.368021+00:00,,,OFFICIAL_DAILY,market-lab:OFFICIAL_DAILY:5b082eeaf0744a8a9b433c07c9ee03f0,2026-09-30T05:33:09.739587Z,18d2d72a1da66c853f45a71d4f8ae14dda41da7b,True
115.0,,bianrensheng,币安人生,币安人生 (BinanceLife),503220620,5422107.0,PENDING_CLASSIFICATION,UNREVIEWED_IDENTITY,2026-09-30,2026-09-30T05:33:12.368021+00:00,,,OFFICIAL_DAILY,market-lab:OFFICIAL_DAILY:5b082eeaf0744a8a9b433c07c9ee03f0,2026-09-30T05:33:09.739587Z,18d2d72a1da66c853f45a71d4f8ae14dda41da7b,True
116.0,,sei-network,sei,Sei,501346414,107472804.0,PENDING_CLASSIFICATION,UNREVIEWED_IDENTITY,2026-09-30,2026-09-30T05:33:12.368021+00:00,,,OFFICIAL_DAILY,market-lab:OFFICIAL_DAILY:5b082eeaf0744a8a9b433c07c9ee03f0,2026-09-30T05:33:09.739587Z,18d2d72a1da66c853f45a71d4f8ae14dda41da7b,True
117.0,,true-usd,tusd,TrueUSD,494233248,10696254.0,EXCLUDED,STABLECOIN,2026-09-30,2026-09-30T05:33:12.368021+00:00,,,OFFICIAL_DAILY,market-lab:OFFICIAL_DAILY:5b082eeaf0744a8a9b433c07c9ee03f0,2026-09-30T05:33:09.739587Z,18d2d72a1da66c853f45a71d4f8ae14dda41da7b,True
118.0,,usdtb,usdtb,USDtb,492571486,135566.0,PENDING_CLASSIFICATION,UNREVIEWED_IDENTITY,2026-09-30,2026-09-30T05:33:12.368021+00:00,,,OFFICIAL_DAILY,market-lab:OFFICIAL_DAILY:5b082eeaf0744a8a9b433c07c9ee03f0,2026-09-30T05:33:09.739587Z,18d2d72a1da66c853f45a71d4f8ae14dda41da7b,True
119.0,,euro-coin,eurc,EURC,464593191,33522397.0,PENDING_CLASSIFICATION,UNREVIEWED_IDENTITY,2026-09-30,2026-09-30T05:33:12.368021+00:00,,,OFFICIAL_DAILY,market-lab:OFFICIAL_DAILY:5b082eeaf0744a8a9b433c07c9ee03f0,2026-09-30T05:33:09.739587Z,18d2d72a1da66c853f45a71d4f8ae14dda41da7b,True
120.0,,a7a5,a7a5,A7A5,454764917,3249.51,PENDING_CLASSIFICATION,UNREVIEWED_IDENTITY,2026-09-30,2026-09-30T05:33:12.368021+00:00,,,OFFICIAL_DAILY,market-lab:OFFICIAL_DAILY:5b082eeaf0744a8a9b433c07c9ee03f0,2026-09-30T05:33:09.739587Z,18d2d72a1da66c853f45a71d4f8ae14dda41da7b,True
121.0,,plasma,xpl,Plasma,438500551,96274418.0,PENDING_CLASSIFICATION,UNREVIEWED_IDENTITY,2026-09-30,2026-09-30T05:33:12.368021+00:00,,,OFFICIAL_DAILY,market-lab:OFFICIAL_DAILY:5b082eeaf0744a8a9b433c07c9ee03f0,2026-09-30T05:33:09.739587Z,18d2d72a1da66c853f45a71d4f8ae14dda41da7b,True
122.0,,celestia,tia,Celestia,431184952,69575288.0,PENDING_CLASSIFICATION,UNREVIEWED_IDENTITY,2026-09-30,2026-09-30T05:33:12.368021+00:00,,,OFFICIAL_DAILY,market-lab:OFFICIAL_DAILY:5b082eeaf0744a8a9b433c07c9ee03f0,2026-09-30T05:33:09.739587Z,18d2d72a1da66c853f45a71d4f8ae14dda41da7b,True
123.0,,pearl-2,prl,Pearl,424242562,2751565.0,PENDING_CLASSIFICATION,UNREVIEWED_IDENTITY,2026-09-30,2026-09-30T05:33:12.368021+00:00,,,OFFICIAL_DAILY,market-lab:OFFICIAL_DAILY:5b082eeaf0744a8a9b433c07c9ee03f0,2026-09-30T05:33:09.739587Z,18d2d72a1da66c853f45a71d4f8ae14dda41da7b,True
124.0,,hash-2,hash,Provenance Blockchain,415212445,7583.64,PENDING_CLASSIFICATION,UNREVIEWED_IDENTITY,2026-09-30,2026-09-30T05:33:12.368021+00:00,,,OFFICIAL_DAILY,market-lab:OFFICIAL_DAILY:5b082eeaf0744a8a9b433c07c9ee03f0,2026-09-30T05:33:09.739587Z,18d2d72a1da66c853f45a71d4f8ae14dda41da7b,True
125.0,,pendle,pendle,Pendle,402221418,55659228.0,PENDING_CLASSIFICATION,UNREVIEWED_IDENTITY,2026-09-30,2026-09-30T05:33:12.368021+00:00,,,OFFICIAL_DAILY,market-lab:OFFICIAL_DAILY:5b082eeaf0744a8a9b433c07c9ee03f0,2026-09-30T05:33:09.739587Z,18d2d72a1da66c853f45a71d4f8ae14dda41da7b,True
126.0,,falcon-finance-ff,ff,Falcon Finance,401973866,9808680.0,PENDING_CLASSIFICATION,UNREVIEWED_IDENTITY,2026-09-30,2026-09-30T05:33:12.368021+00:00,,,OFFICIAL_DAILY,market-lab:OFFICIAL_DAILY:5b082eeaf0744a8a9b433c07c9ee03f0,2026-09-30T05:33:09.739587Z,18d2d72a1da66c853f45a71d4f8ae14dda41da7b,True
127.0,,bitcoin-cash-sv,bsv,Bitcoin SV,397968849,8972255.0,PENDING_CLASSIFICATION,UNREVIEWED_IDENTITY,2026-09-30,2026-09-30T05:33:12.368021+00:00,,,OFFICIAL_DAILY,market-lab:OFFICIAL_DAILY:5b082eeaf0744a8a9b433c07c9ee03f0,2026-09-30T05:33:09.739587Z,18d2d72a1da66c853f45a71d4f8ae14dda41da7b,True
128.0,,spx6900,spx,SPX6900,391418671,6730681.0,PENDING_CLASSIFICATION,UNREVIEWED_IDENTITY,2026-09-30,2026-09-30T05:33:12.368021+00:00,,,OFFICIAL_DAILY,market-lab:OFFICIAL_DAILY:5b082eeaf0744a8a9b433c07c9ee03f0,2026-09-30T05:33:09.739587Z,18d2d72a1da66c853f45a71d4f8ae14dda41da7b,True
129.0,,lido-dao,ldo,Lido DAO,391206185,79816902.0,PENDING_CLASSIFICATION,UNREVIEWED_IDENTITY,2026-09-30,2026-09-30T05:33:12.368021+00:00,,,OFFICIAL_DAILY,market-lab:OFFICIAL_DAILY:5b082eeaf0744a8a9b433c07c9ee03f0,2026-09-30T05:33:09.739587Z,18d2d72a1da66c853f45a71d4f8ae14dda41da7b,True
130.0,,pieverse,pieverse,Pieverse,389099194,3992781.0,PENDING_CLASSIFICATION,UNREVIEWED_IDENTITY,2026-09-30,2026-09-30T05:33:12.368021+00:00,,,OFFICIAL_DAILY,market-lab:OFFICIAL_DAILY:5b082eeaf0744a8a9b433c07c9ee03f0,2026-09-30T05:33:09.739587Z,18d2d72a1da66c853f45a71d4f8ae14dda41da7b,True
131.0,,unibase,ub,Unibase,377029224,12899557.0,PENDING_CLASSIFICATION,UNREVIEWED_IDENTITY,2026-09-30,2026-09-30T05:33:12.368021+00:00,,,OFFICIAL_DAILY,market-lab:OFFICIAL_DAILY:5b082eeaf0744a8a9b433c07c9ee03f0,2026-09-30T05:33:09.739587Z,18d2d72a1da66c853f45a71d4f8ae14dda41da7b,True
132.0,,derive,drv,Derive,374634332,15170976.0,PENDING_CLASSIFICATION,UNREVIEWED_IDENTITY,2026-09-30,2026-09-30T05:33:12.368021+00:00,,,OFFICIAL_DAILY,market-lab:OFFICIAL_DAILY:5b082eeaf0744a8a9b433c07c9ee03f0,2026-09-30T05:33:09.739587Z,18d2d72a1da66c853f45a71d4f8ae14dda41da7b,True
133.0,,pons,pons,Pons,374462136,72262999.0,PENDING_CLASSIFICATION,UNREVIEWED_IDENTITY,2026-09-30,2026-09-30T05:33:12.368021+00:00,,,OFFICIAL_DAILY,market-lab:OFFICIAL_DAILY:5b082eeaf0744a8a9b433c07c9ee03f0,2026-09-30T05:33:09.739587Z,18d2d72a1da66c853f45a71d4f8ae14dda41da7b,True
134.0,,bittorrent,btt,BitTorrent,368110390,10646294.0,PENDING_CLASSIFICATION,UNREVIEWED_IDENTITY,2026-09-30,2026-09-30T05:33:12.368021+00:00,,,OFFICIAL_DAILY,market-lab:OFFICIAL_DAILY:5b082eeaf0744a8a9b433c07c9ee03f0,2026-09-30T05:33:09.739587Z,18d2d72a1da66c853f45a71d4f8ae14dda41da7b,True
135.0,45.0,tezos,xtz,Tezos,350428951,8012679.0,INCLUDED,,2026-09-30,2026-09-30T05:33:12.368021+00:00,XTZ-USD,LIMITED_CLOSE_ONLY_INPUT,OFFICIAL_DAILY,market-lab:OFFICIAL_DAILY:5b082eeaf0744a8a9b433c07c9ee03f0,2026-09-30T05:33:09.739587Z,18d2d72a1da66c853f45a71d4f8ae14dda41da7b,True
136.0,,sofiusd,sofid,SoFiUSD,335645281,7580598.0,PENDING_CLASSIFICATION,UNREVIEWED_IDENTITY,2026-09-30,2026-09-30T05:33:12.368021+00:00,,,OFFICIAL_DAILY,market-lab:OFFICIAL_DAILY:5b082eeaf0744a8a9b433c07c9ee03f0,2026-09-30T05:33:09.739587Z,18d2d72a1da66c853f45a71d4f8ae14dda41da7b,True
137.0,,doublezero,2z,DoubleZero,329822542,9749650.0,PENDING_CLASSIFICATION,UNREVIEWED_IDENTITY,2026-09-30,2026-09-30T05:33:12.368021+00:00,,,OFFICIAL_DAILY,market-lab:OFFICIAL_DAILY:5b082eeaf0744a8a9b433c07c9ee03f0,2026-09-30T05:33:09.739587Z,18d2d72a1da66c853f45a71d4f8ae14dda41da7b,True
138.0,,bonk,bonk,Bonk,329372895,97109879.0,PENDING_CLASSIFICATION,UNREVIEWED_IDENTITY,2026-09-30,2026-09-30T05:33:12.368021+00:00,,,OFFICIAL_DAILY,market-lab:OFFICIAL_DAILY:5b082eeaf0744a8a9b433c07c9ee03f0,2026-09-30T05:33:09.739587Z,18d2d72a1da66c853f45a71d4f8ae14dda41da7b,True
139.0,,sun-token,sun,Sun Token,328733640,14273746.0,PENDING_CLASSIFICATION,UNREVIEWED_IDENTITY,2026-09-30,2026-09-30T05:33:12.368021+00:00,,,OFFICIAL_DAILY,market-lab:OFFICIAL_DAILY:5b082eeaf0744a8a9b433c07c9ee03f0,2026-09-30T05:33:09.739587Z,18d2d72a1da66c853f45a71d4f8ae14dda41da7b,True
140.0,,janus-henderson-anemoy-treasury-fund,jtrsy,Janus Henderson Anemoy Treasury Fund,326061760,0.0,PENDING_CLASSIFICATION,UNREVIEWED_IDENTITY,2026-09-30,2026-09-30T05:33:12.368021+00:00,,,OFFICIAL_DAILY,market-lab:OFFICIAL_DAILY:5b082eeaf0744a8a9b433c07c9ee03f0,2026-09-30T05:33:09.739587Z,18d2d72a1da66c853f45a71d4f8ae14dda41da7b,True
141.0,,kite-2,kite,Kite,325716498,13017879.0,PENDING_CLASSIFICATION,UNREVIEWED_IDENTITY,2026-09-30,2026-09-30T05:33:12.368021+00:00,,,OFFICIAL_DAILY,market-lab:OFFICIAL_DAILY:5b082eeaf0744a8a9b433c07c9ee03f0,2026-09-30T05:33:09.739587Z,18d2d72a1da66c853f45a71d4f8ae14dda41da7b,True
142.0,,first-digital-usd,fdusd,First Digital USD,324471527,97633082.0,EXCLUDED,STABLECOIN,2026-09-30,2026-09-30T05:33:12.368021+00:00,,,OFFICIAL_DAILY,market-lab:OFFICIAL_DAILY:5b082eeaf0744a8a9b433c07c9ee03f0,2026-09-30T05:33:09.739587Z,18d2d72a1da66c853f45a71d4f8ae14dda41da7b,True
143.0,,decred,dcr,Decred,320379037,1442639.0,PENDING_CLASSIFICATION,UNREVIEWED_IDENTITY,2026-09-30,2026-09-30T05:33:12.368021+00:00,,,OFFICIAL_DAILY,market-lab:OFFICIAL_DAILY:5b082eeaf0744a8a9b433c07c9ee03f0,2026-09-30T05:33:09.739587Z,18d2d72a1da66c853f45a71d4f8ae14dda41da7b,True
144.0,,apxusd,apxusd,apxUSD,320187047,1384100.0,PENDING_CLASSIFICATION,UNREVIEWED_IDENTITY,2026-09-30,2026-09-30T05:33:12.368021+00:00,,,OFFICIAL_DAILY,market-lab:OFFICIAL_DAILY:5b082eeaf0744a8a9b433c07c9ee03f0,2026-09-30T05:33:09.739587Z,18d2d72a1da66c853f45a71d4f8ae14dda41da7b,True
145.0,,kinesis-gold,kau,Kinesis Gold,319392113,99216.0,PENDING_CLASSIFICATION,UNREVIEWED_IDENTITY,2026-09-30,2026-09-30T05:33:12.368021+00:00,,,OFFICIAL_DAILY,market-lab:OFFICIAL_DAILY:5b082eeaf0744a8a9b433c07c9ee03f0,2026-09-30T05:33:09.739587Z,18d2d72a1da66c853f45a71d4f8ae14dda41da7b,True
146.0,,monad,mon,Monad,316740059,42497920.0,PENDING_CLASSIFICATION,UNREVIEWED_IDENTITY,2026-09-30,2026-09-30T05:33:12.368021+00:00,,,OFFICIAL_DAILY,market-lab:OFFICIAL_DAILY:5b082eeaf0744a8a9b433c07c9ee03f0,2026-09-30T05:33:09.739587Z,18d2d72a1da66c853f45a71d4f8ae14dda41da7b,True
147.0,,the-graph,grt,The Graph,315202660,24804384.0,EXCLUDED,NO_RELIABLE_OHLC_MAPPING,2026-09-30,2026-09-30T05:33:12.368021+00:00,GRT-USD,,OFFICIAL_DAILY,market-lab:OFFICIAL_DAILY:5b082eeaf0744a8a9b433c07c9ee03f0,2026-09-30T05:33:09.739587Z,18d2d72a1da66c853f45a71d4f8ae14dda41da7b,True
148.0,,starknet,strk,Starknet,314620640,47304413.0,PENDING_CLASSIFICATION,UNREVIEWED_IDENTITY,2026-09-30,2026-09-30T05:33:12.368021+00:00,,,OFFICIAL_DAILY,market-lab:OFFICIAL_DAILY:5b082eeaf0744a8a9b433c07c9ee03f0,2026-09-30T05:33:09.739587Z,18d2d72a1da66c853f45a71d4f8ae14dda41da7b,True
149.0,,ousg,ousg,Ondo Short-Term U.S. Government Bond Fund,312941563,0.0,PENDING_CLASSIFICATION,UNREVIEWED_IDENTITY,2026-09-30,2026-09-30T05:33:12.368021+00:00,,,OFFICIAL_DAILY,market-lab:OFFICIAL_DAILY:5b082eeaf0744a8a9b433c07c9ee03f0,2026-09-30T05:33:09.739587Z,18d2d72a1da66c853f45a71d4f8ae14dda41da7b,True
150.0,,gnosis,gno,Gnosis,311848410,1829360.0,PENDING_CLASSIFICATION,UNREVIEWED_IDENTITY,2026-09-30,2026-09-30T05:33:12.368021+00:00,,,OFFICIAL_DAILY,market-lab:OFFICIAL_DAILY:5b082eeaf0744a8a9b433c07c9ee03f0,2026-09-30T05:33:09.739587Z,18d2d72a1da66c853f45a71d4f8ae14dda41da7b,True
151.0,,ribbita-by-virtuals,tibbir,Ribbita by Virtuals,304879352,8199519.0,PENDING_CLASSIFICATION,UNREVIEWED_IDENTITY,2026-09-30,2026-09-30T05:33:12.368021+00:00,,,OFFICIAL_DAILY,market-lab:OFFICIAL_DAILY:5b082eeaf0744a8a9b433c07c9ee03f0,2026-09-30T05:33:09.739587Z,18d2d72a1da66c853f45a71d4f8ae14dda41da7b,True
152.0,46.0,optimism,op,Optimism,299758749,86273802.0,INCLUDED,,2026-09-30,2026-09-30T05:33:12.368021+00:00,OP-USD,LIMITED_CLOSE_ONLY_INPUT,OFFICIAL_DAILY,market-lab:OFFICIAL_DAILY:5b082eeaf0744a8a9b433c07c9ee03f0,2026-09-30T05:33:09.739587Z,18d2d72a1da66c853f45a71d4f8ae14dda41da7b,True
153.0,,backpack,bp,Backpack,298276969,14157286.0,PENDING_CLASSIFICATION,UNREVIEWED_IDENTITY,2026-09-30,2026-09-30T05:33:12.368021+00:00,,,OFFICIAL_DAILY,market-lab:OFFICIAL_DAILY:5b082eeaf0744a8a9b433c07c9ee03f0,2026-09-30T05:33:09.739587Z,18d2d72a1da66c853f45a71d4f8ae14dda41da7b,True
154.0,,olympus,ohm,Olympus,298251563,239615.0,PENDING_CLASSIFICATION,UNREVIEWED_IDENTITY,2026-09-30,2026-09-30T05:33:12.368021+00:00,,,OFFICIAL_DAILY,market-lab:OFFICIAL_DAILY:5b082eeaf0744a8a9b433c07c9ee03f0,2026-09-30T05:33:09.739587Z,18d2d72a1da66c853f45a71d4f8ae14dda41da7b,True
155.0,,ethereum-name-service,ens,Ethereum Name Service,297582064,31278462.0,PENDING_CLASSIFICATION,UNREVIEWED_IDENTITY,2026-09-30,2026-09-30T05:33:12.368021+00:00,,,OFFICIAL_DAILY,market-lab:OFFICIAL_DAILY:5b082eeaf0744a8a9b433c07c9ee03f0,2026-09-30T05:33:09.739587Z,18d2d72a1da66c853f45a71d4f8ae14dda41da7b,True
156.0,,re-protocol-reusd,reusd,Re Protocol reUSD,295298443,1665837.0,PENDING_CLASSIFICATION,UNREVIEWED_IDENTITY,2026-09-30,2026-09-30T05:33:12.368021+00:00,,,OFFICIAL_DAILY,market-lab:OFFICIAL_DAILY:5b082eeaf0744a8a9b433c07c9ee03f0,2026-09-30T05:33:09.739587Z,18d2d72a1da66c853f45a71d4f8ae14dda41da7b,True
157.0,,jito-governance-token,jto,Jito,294423931,32243792.0,PENDING_CLASSIFICATION,UNREVIEWED_IDENTITY,2026-09-30,2026-09-30T05:33:12.368021+00:00,,,OFFICIAL_DAILY,market-lab:OFFICIAL_DAILY:5b082eeaf0744a8a9b433c07c9ee03f0,2026-09-30T05:33:09.739587Z,18d2d72a1da66c853f45a71d4f8ae14dda41da7b,True
158.0,,terra-luna,lunc,Terra Luna Classic,293082388,9099575.0,PENDING_CLASSIFICATION,UNREVIEWED_IDENTITY,2026-09-30,2026-09-30T05:33:12.368021+00:00,,,OFFICIAL_DAILY,market-lab:OFFICIAL_DAILY:5b082eeaf0744a8a9b433c07c9ee03f0,2026-09-30T05:33:09.739587Z,18d2d72a1da66c853f45a71d4f8ae14dda41da7b,True
159.0,,conflux-token,cfx,Conflux,289674569,6660989.0,PENDING_CLASSIFICATION,UNREVIEWED_IDENTITY,2026-09-30,2026-09-30T05:33:12.368021+00:00,,,OFFICIAL_DAILY,market-lab:OFFICIAL_DAILY:5b082eeaf0744a8a9b433c07c9ee03f0,2026-09-30T05:33:09.739587Z,18d2d72a1da66c853f45a71d4f8ae14dda41da7b,True
160.0,,arweave,ar,Arweave,281739485,14891504.0,PENDING_CLASSIFICATION,UNREVIEWED_IDENTITY,2026-09-30,2026-09-30T05:33:12.368021+00:00,,,OFFICIAL_DAILY,market-lab:OFFICIAL_DAILY:5b082eeaf0744a8a9b433c07c9ee03f0,2026-09-30T05:33:09.739587Z,18d2d72a1da66c853f45a71d4f8ae14dda41da7b,True
161.0,,ape-and-pepe,apepe,Ape and Pepe,276838694,14752738.0,PENDING_CLASSIFICATION,UNREVIEWED_IDENTITY,2026-09-30,2026-09-30T05:33:12.368021+00:00,,,OFFICIAL_DAILY,market-lab:OFFICIAL_DAILY:5b082eeaf0744a8a9b433c07c9ee03f0,2026-09-30T05:33:09.739587Z,18d2d72a1da66c853f45a71d4f8ae14dda41da7b,True
162.0,,zebec-network,zbcn,Zebec Network,274419776,15296508.0,PENDING_CLASSIFICATION,UNREVIEWED_IDENTITY,2026-09-30,2026-09-30T05:33:12.368021+00:00,,,OFFICIAL_DAILY,market-lab:OFFICIAL_DAILY:5b082eeaf0744a8a9b433c07c9ee03f0,2026-09-30T05:33:09.739587Z,18d2d72a1da66c853f45a71d4f8ae14dda41da7b,True
163.0,,syrup,syrup,Maple Finance,273076792,30434293.0,PENDING_CLASSIFICATION,UNREVIEWED_IDENTITY,2026-09-30,2026-09-30T05:33:12.368021+00:00,,,OFFICIAL_DAILY,market-lab:OFFICIAL_DAILY:5b082eeaf0744a8a9b433c07c9ee03f0,2026-09-30T05:33:09.739587Z,18d2d72a1da66c853f45a71d4f8ae14dda41da7b,True
164.0,,floki,floki,FLOKI,266432116,23020324.0,PENDING_CLASSIFICATION,UNREVIEWED_IDENTITY,2026-09-30,2026-09-30T05:33:12.368021+00:00,,,OFFICIAL_DAILY,market-lab:OFFICIAL_DAILY:5b082eeaf0744a8a9b433c07c9ee03f0,2026-09-30T05:33:09.739587Z,18d2d72a1da66c853f45a71d4f8ae14dda41da7b,True
165.0,,shuffle-2,shfl,Shuffle,262925256,1070347.0,PENDING_CLASSIFICATION,UNREVIEWED_IDENTITY,2026-09-30,2026-09-30T05:33:12.368021+00:00,,,OFFICIAL_DAILY,market-lab:OFFICIAL_DAILY:5b082eeaf0744a8a9b433c07c9ee03f0,2026-09-30T05:33:09.739587Z,18d2d72a1da66c853f45a71d4f8ae14dda41da7b,True
166.0,,jasmycoin,jasmy,JasmyCoin,258902052,29232849.0,PENDING_CLASSIFICATION,UNREVIEWED_IDENTITY,2026-09-30,2026-09-30T05:33:12.368021+00:00,,,OFFICIAL_DAILY,market-lab:OFFICIAL_DAILY:5b082eeaf0744a8a9b433c07c9ee03f0,2026-09-30T05:33:09.739587Z,18d2d72a1da66c853f45a71d4f8ae14dda41da7b,True
167.0,,compound-governance-token,comp,Compound,258170373,43113194.0,EXCLUDED,NO_RELIABLE_OHLC_MAPPING,2026-09-30,2026-09-30T05:33:12.368021+00:00,COMP-USD,,OFFICIAL_DAILY,market-lab:OFFICIAL_DAILY:5b082eeaf0744a8a9b433c07c9ee03f0,2026-09-30T05:33:09.739587Z,18d2d72a1da66c853f45a71d4f8ae14dda41da7b,True
168.0,,trust-wallet-token,twt,Trust Wallet,254029521,15039504.0,PENDING_CLASSIFICATION,UNREVIEWED_IDENTITY,2026-09-30,2026-09-30T05:33:12.368021+00:00,,,OFFICIAL_DAILY,market-lab:OFFICIAL_DAILY:5b082eeaf0744a8a9b433c07c9ee03f0,2026-09-30T05:33:09.739587Z,18d2d72a1da66c853f45a71d4f8ae14dda41da7b,True
169.0,47.0,thorchain,rune,THORChain,247334240,262522250.0,INCLUDED,,2026-09-30,2026-09-30T05:33:12.368021+00:00,RUNE-USD,LIMITED_CLOSE_ONLY_INPUT,OFFICIAL_DAILY,market-lab:OFFICIAL_DAILY:5b082eeaf0744a8a9b433c07c9ee03f0,2026-09-30T05:33:09.739587Z,18d2d72a1da66c853f45a71d4f8ae14dda41da7b,True
170.0,,dogwifcoin,wif,dogwifhat,243854977,80217532.0,PENDING_CLASSIFICATION,UNREVIEWED_IDENTITY,2026-09-30,2026-09-30T05:33:12.368021+00:00,,,OFFICIAL_DAILY,market-lab:OFFICIAL_DAILY:5b082eeaf0744a8a9b433c07c9ee03f0,2026-09-30T05:33:09.739587Z,18d2d72a1da66c853f45a71d4f8ae14dda41da7b,True
171.0,,usdai,usdai,USDai,243814436,2512034.0,PENDING_CLASSIFICATION,UNREVIEWED_IDENTITY,2026-09-30,2026-09-30T05:33:12.368021+00:00,,,OFFICIAL_DAILY,market-lab:OFFICIAL_DAILY:5b082eeaf0744a8a9b433c07c9ee03f0,2026-09-30T05:33:09.739587Z,18d2d72a1da66c853f45a71d4f8ae14dda41da7b,True
172.0,48.0,iota,iota,IOTA,242592650,15690851.0,INCLUDED,,2026-09-30,2026-09-30T05:33:12.368021+00:00,IOTA-USD,LIMITED_CLOSE_ONLY_INPUT,OFFICIAL_DAILY,market-lab:OFFICIAL_DAILY:5b082eeaf0744a8a9b433c07c9ee03f0,2026-09-30T05:33:09.739587Z,18d2d72a1da66c853f45a71d4f8ae14dda41da7b,True
173.0,,kamino,kmno,Kamino,241991714,12173804.0,PENDING_CLASSIFICATION,UNREVIEWED_IDENTITY,2026-09-30,2026-09-30T05:33:12.368021+00:00,,,OFFICIAL_DAILY,market-lab:OFFICIAL_DAILY:5b082eeaf0744a8a9b433c07c9ee03f0,2026-09-30T05:33:09.739587Z,18d2d72a1da66c853f45a71d4f8ae14dda41da7b,True
174.0,,eigenlayer,eigen,EigenCloud (prev. EigenLayer),240851525,27174132.0,PENDING_CLASSIFICATION,UNREVIEWED_IDENTITY,2026-09-30,2026-09-30T05:33:12.368021+00:00,,,OFFICIAL_DAILY,market-lab:OFFICIAL_DAILY:5b082eeaf0744a8a9b433c07c9ee03f0,2026-09-30T05:33:09.739587Z,18d2d72a1da66c853f45a71d4f8ae14dda41da7b,True
175.0,,useless-3,useless,Useless Coin,239673438,43711049.0,PENDING_CLASSIFICATION,UNREVIEWED_IDENTITY,2026-09-30,2026-09-30T05:33:12.368021+00:00,,,OFFICIAL_DAILY,market-lab:OFFICIAL_DAILY:5b082eeaf0744a8a9b433c07c9ee03f0,2026-09-30T05:33:09.739587Z,18d2d72a1da66c853f45a71d4f8ae14dda41da7b,True
176.0,,apenft,nft,AINFT,238940731,4250188.0,PENDING_CLASSIFICATION,UNREVIEWED_IDENTITY,2026-09-30,2026-09-30T05:33:12.368021+00:00,,,OFFICIAL_DAILY,market-lab:OFFICIAL_DAILY:5b082eeaf0744a8a9b433c07c9ee03f0,2026-09-30T05:33:09.739587Z,18d2d72a1da66c853f45a71d4f8ae14dda41da7b,True
177.0,,bedrock-token,br,Bedrock,234356323,4483193.0,PENDING_CLASSIFICATION,UNREVIEWED_IDENTITY,2026-09-30,2026-09-30T05:33:12.368021+00:00,,,OFFICIAL_DAILY,market-lab:OFFICIAL_DAILY:5b082eeaf0744a8a9b433c07c9ee03f0,2026-09-30T05:33:09.739587Z,18d2d72a1da66c853f45a71d4f8ae14dda41da7b,True
178.0,,stonk-3,stonk,STONK,234125291,36878660.0,PENDING_CLASSIFICATION,UNREVIEWED_IDENTITY,2026-09-30,2026-09-30T05:33:12.368021+00:00,,,OFFICIAL_DAILY,market-lab:OFFICIAL_DAILY:5b082eeaf0744a8a9b433c07c9ee03f0,2026-09-30T05:33:09.739587Z,18d2d72a1da66c853f45a71d4f8ae14dda41da7b,True
179.0,,bnb48-club-token,koge,KOGE,227630484,84497.0,PENDING_CLASSIFICATION,UNREVIEWED_IDENTITY,2026-09-30,2026-09-30T05:33:12.368021+00:00,,,OFFICIAL_DAILY,market-lab:OFFICIAL_DAILY:5b082eeaf0744a8a9b433c07c9ee03f0,2026-09-30T05:33:09.739587Z,18d2d72a1da66c853f45a71d4f8ae14dda41da7b,True
180.0,,kinesis-silver,kag,Kinesis Silver,226770149,71347.0,PENDING_CLASSIFICATION,UNREVIEWED_IDENTITY,2026-09-30,2026-09-30T05:33:12.368021+00:00,,,OFFICIAL_DAILY,market-lab:OFFICIAL_DAILY:5b082eeaf0744a8a9b433c07c9ee03f0,2026-09-30T05:33:09.739587Z,18d2d72a1da66c853f45a71d4f8ae14dda41da7b,True
181.0,49.0,theta-token,theta,Theta Network,225547565,5737836.0,INCLUDED,,2026-09-30,2026-09-30T05:33:12.368021+00:00,THETA-USD,LIMITED_CLOSE_ONLY_INPUT,OFFICIAL_DAILY,market-lab:OFFICIAL_DAILY:5b082eeaf0744a8a9b433c07c9ee03f0,2026-09-30T05:33:09.739587Z,18d2d72a1da66c853f45a71d4f8ae14dda41da7b,True
182.0,,agora-dollar,ausd,AUSD,223792953,7107769.0,PENDING_CLASSIFICATION,UNREVIEWED_IDENTITY,2026-09-30,2026-09-30T05:33:12.368021+00:00,,,OFFICIAL_DAILY,market-lab:OFFICIAL_DAILY:5b082eeaf0744a8a9b433c07c9ee03f0,2026-09-30T05:33:09.739587Z,18d2d72a1da66c853f45a71d4f8ae14dda41da7b,True
183.0,,crvusd,crvusd,crvUSD,222176110,13165141.0,EXCLUDED,STABLECOIN,2026-09-30,2026-09-30T05:33:12.368021+00:00,,,OFFICIAL_DAILY,market-lab:OFFICIAL_DAILY:5b082eeaf0744a8a9b433c07c9ee03f0,2026-09-30T05:33:09.739587Z,18d2d72a1da66c853f45a71d4f8ae14dda41da7b,True
184.0,,frax,frax,Legacy Frax Dollar,217653198,279029.0,EXCLUDED,STABLECOIN,2026-09-30,2026-09-30T05:33:12.368021+00:00,,,OFFICIAL_DAILY,market-lab:OFFICIAL_DAILY:5b082eeaf0744a8a9b433c07c9ee03f0,2026-09-30T05:33:09.739587Z,18d2d72a1da66c853f45a71d4f8ae14dda41da7b,True
185.0,,kaia,kaia,Kaia,217407905,4404297.0,PENDING_CLASSIFICATION,UNREVIEWED_IDENTITY,2026-09-30,2026-09-30T05:33:12.368021+00:00,,,OFFICIAL_DAILY,market-lab:OFFICIAL_DAILY:5b082eeaf0744a8a9b433c07c9ee03f0,2026-09-30T05:33:09.739587Z,18d2d72a1da66c853f45a71d4f8ae14dda41da7b,True
186.0,,usx,usx,USX,214940207,325434.0,PENDING_CLASSIFICATION,UNREVIEWED_IDENTITY,2026-09-30,2026-09-30T05:33:12.368021+00:00,,,OFFICIAL_DAILY,market-lab:OFFICIAL_DAILY:5b082eeaf0744a8a9b433c07c9ee03f0,2026-09-30T05:33:09.739587Z,18d2d72a1da66c853f45a71d4f8ae14dda41da7b,True
187.0,,safo,safo,Spiko Amundi Overnight Swap Fund,208318692,0.0,PENDING_CLASSIFICATION,UNREVIEWED_IDENTITY,2026-09-30,2026-09-30T05:33:12.368021+00:00,,,OFFICIAL_DAILY,market-lab:OFFICIAL_DAILY:5b082eeaf0744a8a9b433c07c9ee03f0,2026-09-30T05:33:09.739587Z,18d2d72a1da66c853f45a71d4f8ae14dda41da7b,True
188.0,,convex-finance,cvx,Convex Finance,204709429,15502705.0,PENDING_CLASSIFICATION,UNREVIEWED_IDENTITY,2026-09-30,2026-09-30T05:33:12.368021+00:00,,,OFFICIAL_DAILY,market-lab:OFFICIAL_DAILY:5b082eeaf0744a8a9b433c07c9ee03f0,2026-09-30T05:33:09.739587Z,18d2d72a1da66c853f45a71d4f8ae14dda41da7b,True
189.0,,tradable-na-rent-financing-platform-sstn,pc0000031,Tradable NA Rent Financing Platform SSTN,202500000,0.0,PENDING_CLASSIFICATION,UNREVIEWED_IDENTITY,2026-09-30,2026-09-30T05:33:12.368021+00:00,,,OFFICIAL_DAILY,market-lab:OFFICIAL_DAILY:5b082eeaf0744a8a9b433c07c9ee03f0,2026-09-30T05:33:09.739587Z,18d2d72a1da66c853f45a71d4f8ae14dda41da7b,True
190.0,,axie-infinity,axs,Axie Infinity,200203913,19895968.0,PENDING_CLASSIFICATION,UNREVIEWED_IDENTITY,2026-09-30,2026-09-30T05:33:12.368021+00:00,,,OFFICIAL_DAILY,market-lab:OFFICIAL_DAILY:5b082eeaf0744a8a9b433c07c9ee03f0,2026-09-30T05:33:09.739587Z,18d2d72a1da66c853f45a71d4f8ae14dda41da7b,True
191.0,,akash-network,akt,Akash Network,199002036,6080566.0,PENDING_CLASSIFICATION,UNREVIEWED_IDENTITY,2026-09-30,2026-09-30T05:33:12.368021+00:00,,,OFFICIAL_DAILY,market-lab:OFFICIAL_DAILY:5b082eeaf0744a8a9b433c07c9ee03f0,2026-09-30T05:33:09.739587Z,18d2d72a1da66c853f45a71d4f8ae14dda41da7b,True
192.0,,societe-generale-forge-eurcv,eurcv,EUR CoinVertible,190174869,24918823.0,PENDING_CLASSIFICATION,UNREVIEWED_IDENTITY,2026-09-30,2026-09-30T05:33:12.368021+00:00,,,OFFICIAL_DAILY,market-lab:OFFICIAL_DAILY:5b082eeaf0744a8a9b433c07c9ee03f0,2026-09-30T05:33:09.739587Z,18d2d72a1da66c853f45a71d4f8ae14dda41da7b,True
193.0,,zama,zama,Zama,188033138,14137219.0,PENDING_CLASSIFICATION,UNREVIEWED_IDENTITY,2026-09-30,2026-09-30T05:33:12.368021+00:00,,,OFFICIAL_DAILY,market-lab:OFFICIAL_DAILY:5b082eeaf0744a8a9b433c07c9ee03f0,2026-09-30T05:33:09.739587Z,18d2d72a1da66c853f45a71d4f8ae14dda41da7b,True
194.0,,chain-2,xcn,Onyxcoin,186063371,6402411.0,PENDING_CLASSIFICATION,UNREVIEWED_IDENTITY,2026-09-30,2026-09-30T05:33:12.368021+00:00,,,OFFICIAL_DAILY,market-lab:OFFICIAL_DAILY:5b082eeaf0744a8a9b433c07c9ee03f0,2026-09-30T05:33:09.739587Z,18d2d72a1da66c853f45a71d4f8ae14dda41da7b,True
195.0,,mina-protocol,mina,Mina Protocol,184635432,15996227.0,PENDING_CLASSIFICATION,UNREVIEWED_IDENTITY,2026-09-30,2026-09-30T05:33:12.368021+00:00,,,OFFICIAL_DAILY,market-lab:OFFICIAL_DAILY:5b082eeaf0744a8a9b433c07c9ee03f0,2026-09-30T05:33:09.739587Z,18d2d72a1da66c853f45a71d4f8ae14dda41da7b,True
196.0,,edgex,edge,edgeX,183950323,3864624.0,PENDING_CLASSIFICATION,UNREVIEWED_IDENTITY,2026-09-30,2026-09-30T05:33:12.368021+00:00,,,OFFICIAL_DAILY,market-lab:OFFICIAL_DAILY:5b082eeaf0744a8a9b433c07c9ee03f0,2026-09-30T05:33:09.739587Z,18d2d72a1da66c853f45a71d4f8ae14dda41da7b,True
197.0,,usa,usat,USAT,183136301,121555.0,PENDING_CLASSIFICATION,UNREVIEWED_IDENTITY,2026-09-30,2026-09-30T05:33:12.368021+00:00,,,OFFICIAL_DAILY,market-lab:OFFICIAL_DAILY:5b082eeaf0744a8a9b433c07c9ee03f0,2026-09-30T05:33:09.739587Z,18d2d72a1da66c853f45a71d4f8ae14dda41da7b,True
198.0,50.0,neo,neo,NEO,180755690,3877070.0,INCLUDED,,2026-09-30,2026-09-30T05:33:12.368021+00:00,NEO-USD,LIMITED_CLOSE_ONLY_INPUT,OFFICIAL_DAILY,market-lab:OFFICIAL_DAILY:5b082eeaf0744a8a9b433c07c9ee03f0,2026-09-30T05:33:09.739587Z,18d2d72a1da66c853f45a71d4f8ae14dda41da7b,True
199.0,,meteora,met,Meteora,178949173,18150646.0,PENDING_CLASSIFICATION,UNREVIEWED_IDENTITY,2026-09-30,2026-09-30T05:33:12.368021+00:00,,,OFFICIAL_DAILY,market-lab:OFFICIAL_DAILY:5b082eeaf0744a8a9b433c07c9ee03f0,2026-09-30T05:33:09.739587Z,18d2d72a1da66c853f45a71d4f8ae14dda41da7b,True
200.0,,fartcoin,fartcoin,Fartcoin,178794252,40861739.0,PENDING_CLASSIFICATION,UNREVIEWED_IDENTITY,2026-09-30,2026-09-30T05:33:12.368021+00:00,,,OFFICIAL_DAILY,market-lab:OFFICIAL_DAILY:5b082eeaf0744a8a9b433c07c9ee03f0,2026-09-30T05:33:09.739587Z,18d2d72a1da66c853f45a71d4f8ae14dda41da7b,True
201.0,,origintrail,trac,OriginTrail,176090830,6037521.0,PENDING_CLASSIFICATION,UNREVIEWED_IDENTITY,2026-09-30,2026-09-30T05:33:12.368021+00:00,,,OFFICIAL_DAILY,market-lab:OFFICIAL_DAILY:5b082eeaf0744a8a9b433c07c9ee03f0,2026-09-30T05:33:09.739587Z,18d2d72a1da66c853f45a71d4f8ae14dda41da7b,True
202.0,,build-on,b,BUILDon,175852161,3772364.0,PENDING_CLASSIFICATION,UNREVIEWED_IDENTITY,2026-09-30,2026-09-30T05:33:12.368021+00:00,,,OFFICIAL_DAILY,market-lab:OFFICIAL_DAILY:5b082eeaf0744a8a9b433c07c9ee03f0,2026-09-30T05:33:09.739587Z,18d2d72a1da66c853f45a71d4f8ae14dda41da7b,True
203.0,51.0,decentraland,mana,Decentraland,175305663,16048253.0,OUTSIDE_TOP50,,2026-09-30,2026-09-30T05:33:12.368021+00:00,MANA-USD,LIMITED_CLOSE_ONLY_INPUT,OFFICIAL_DAILY,market-lab:OFFICIAL_DAILY:5b082eeaf0744a8a9b433c07c9ee03f0,2026-09-30T05:33:09.739587Z,18d2d72a1da66c853f45a71d4f8ae14dda41da7b,True
204.0,,non-playable-coin,npc,Non-Playable Coin,174799800,2489491.0,PENDING_CLASSIFICATION,UNREVIEWED_IDENTITY,2026-09-30,2026-09-30T05:33:12.368021+00:00,,,OFFICIAL_DAILY,market-lab:OFFICIAL_DAILY:5b082eeaf0744a8a9b433c07c9ee03f0,2026-09-30T05:33:09.739587Z,18d2d72a1da66c853f45a71d4f8ae14dda41da7b,True
205.0,52.0,chiliz,chz,Chiliz,172222723,30457290.0,OUTSIDE_TOP50,,2026-09-30,2026-09-30T05:33:12.368021+00:00,CHZ-USD,LIMITED_CLOSE_ONLY_INPUT,OFFICIAL_DAILY,market-lab:OFFICIAL_DAILY:5b082eeaf0744a8a9b433c07c9ee03f0,2026-09-30T05:33:09.739587Z,18d2d72a1da66c853f45a71d4f8ae14dda41da7b,True
206.0,,artificial-inu-3,ai,Artificial Inu,172112068,43191401.0,PENDING_CLASSIFICATION,UNREVIEWED_IDENTITY,2026-09-30,2026-09-30T05:33:12.368021+00:00,,,OFFICIAL_DAILY,market-lab:OFFICIAL_DAILY:5b082eeaf0744a8a9b433c07c9ee03f0,2026-09-30T05:33:09.739587Z,18d2d72a1da66c853f45a71d4f8ae14dda41da7b,True
207.0,,swissborg,borg,SwissBorg,171143477,324360.0,PENDING_CLASSIFICATION,UNREVIEWED_IDENTITY,2026-09-30,2026-09-30T05:33:12.368021+00:00,,,OFFICIAL_DAILY,market-lab:OFFICIAL_DAILY:5b082eeaf0744a8a9b433c07c9ee03f0,2026-09-30T05:33:09.739587Z,18d2d72a1da66c853f45a71d4f8ae14dda41da7b,True
208.0,,mx-token,mx,MX,170456857,6122503.0,PENDING_CLASSIFICATION,UNREVIEWED_IDENTITY,2026-09-30,2026-09-30T05:33:12.368021+00:00,,,OFFICIAL_DAILY,market-lab:OFFICIAL_DAILY:5b082eeaf0744a8a9b433c07c9ee03f0,2026-09-30T05:33:09.739587Z,18d2d72a1da66c853f45a71d4f8ae14dda41da7b,True
209.0,,apyusd,apyusd,apyUSD,170310630,429381.0,PENDING_CLASSIFICATION,UNREVIEWED_IDENTITY,2026-09-30,2026-09-30T05:33:12.368021+00:00,,,OFFICIAL_DAILY,market-lab:OFFICIAL_DAILY:5b082eeaf0744a8a9b433c07c9ee03f0,2026-09-30T05:33:09.739587Z,18d2d72a1da66c853f45a71d4f8ae14dda41da7b,True
210.0,,cash-cat,cashcat,Cash Cat,169627322,24717444.0,PENDING_CLASSIFICATION,UNREVIEWED_IDENTITY,2026-09-30,2026-09-30T05:33:12.368021+00:00,,,OFFICIAL_DAILY,market-lab:OFFICIAL_DAILY:5b082eeaf0744a8a9b433c07c9ee03f0,2026-09-30T05:33:09.739587Z,18d2d72a1da66c853f45a71d4f8ae14dda41da7b,True
211.0,,spiko-us-t-bills-money-market-fund,ustbl,Spiko US T-Bills Money Market Fund,164641741,0.0,PENDING_CLASSIFICATION,UNREVIEWED_IDENTITY,2026-09-30,2026-09-30T05:33:12.368021+00:00,,,OFFICIAL_DAILY,market-lab:OFFICIAL_DAILY:5b082eeaf0744a8a9b433c07c9ee03f0,2026-09-30T05:33:09.739587Z,18d2d72a1da66c853f45a71d4f8ae14dda41da7b,True
212.0,,vision-3,vsn,Vision,164628517,1929589.0,PENDING_CLASSIFICATION,UNREVIEWED_IDENTITY,2026-09-30,2026-09-30T05:33:12.368021+00:00,,,OFFICIAL_DAILY,market-lab:OFFICIAL_DAILY:5b082eeaf0744a8a9b433c07c9ee03f0,2026-09-30T05:33:09.739587Z,18d2d72a1da66c853f45a71d4f8ae14dda41da7b,True
213.0,,ecash,xec,eCash,163503955,5082710.0,PENDING_CLASSIFICATION,UNREVIEWED_IDENTITY,2026-09-30,2026-09-30T05:33:12.368021+00:00,,,OFFICIAL_DAILY,market-lab:OFFICIAL_DAILY:5b082eeaf0744a8a9b433c07c9ee03f0,2026-09-30T05:33:09.739587Z,18d2d72a1da66c853f45a71d4f8ae14dda41da7b,True
214.0,,tradable-apac-diversified-finance-provider-sstn,pc0000033,Tradable APAC Diversified Finance Provider SSTN,162500000,0.0,PENDING_CLASSIFICATION,UNREVIEWED_IDENTITY,2026-09-30,2026-09-30T05:33:12.368021+00:00,,,OFFICIAL_DAILY,market-lab:OFFICIAL_DAILY:5b082eeaf0744a8a9b433c07c9ee03f0,2026-09-30T05:33:09.739587Z,18d2d72a1da66c853f45a71d4f8ae14dda41da7b,True
215.0,,btse-token,btse,BTSE Token,162463203,229552.0,PENDING_CLASSIFICATION,UNREVIEWED_IDENTITY,2026-09-30,2026-09-30T05:33:12.368021+00:00,,,OFFICIAL_DAILY,market-lab:OFFICIAL_DAILY:5b082eeaf0744a8a9b433c07c9ee03f0,2026-09-30T05:33:09.739587Z,18d2d72a1da66c853f45a71d4f8ae14dda41da7b,True
216.0,,collector-crypt,cards,Collector Crypt,161371603,9106978.0,PENDING_CLASSIFICATION,UNREVIEWED_IDENTITY,2026-09-30,2026-09-30T05:33:12.368021+00:00,,,OFFICIAL_DAILY,market-lab:OFFICIAL_DAILY:5b082eeaf0744a8a9b433c07c9ee03f0,2026-09-30T05:33:09.739587Z,18d2d72a1da66c853f45a71d4f8ae14dda41da7b,True
217.0,,coco-2,coco,coco,161124538,39597.0,PENDING_CLASSIFICATION,UNREVIEWED_IDENTITY,2026-09-30,2026-09-30T05:33:12.368021+00:00,,,OFFICIAL_DAILY,market-lab:OFFICIAL_DAILY:5b082eeaf0744a8a9b433c07c9ee03f0,2026-09-30T05:33:09.739587Z,18d2d72a1da66c853f45a71d4f8ae14dda41da7b,True
218.0,,vaulta,a,Vaulta,159267390,6282686.0,PENDING_CLASSIFICATION,UNREVIEWED_IDENTITY,2026-09-30,2026-09-30T05:33:12.368021+00:00,,,OFFICIAL_DAILY,market-lab:OFFICIAL_DAILY:5b082eeaf0744a8a9b433c07c9ee03f0,2026-09-30T05:33:09.739587Z,18d2d72a1da66c853f45a71d4f8ae14dda41da7b,True
219.0,,strategy-pp-variable-xstock,strcx,Strategy PP Variable xStock,155442266,366813.0,PENDING_CLASSIFICATION,UNREVIEWED_IDENTITY,2026-09-30,2026-09-30T05:33:12.368021+00:00,,,OFFICIAL_DAILY,market-lab:OFFICIAL_DAILY:5b082eeaf0744a8a9b433c07c9ee03f0,2026-09-30T05:33:09.739587Z,18d2d72a1da66c853f45a71d4f8ae14dda41da7b,True
220.0,,sentient,sent,Sentient,154050853,4933358.0,PENDING_CLASSIFICATION,UNREVIEWED_IDENTITY,2026-09-30,2026-09-30T05:33:12.368021+00:00,,,OFFICIAL_DAILY,market-lab:OFFICIAL_DAILY:5b082eeaf0744a8a9b433c07c9ee03f0,2026-09-30T05:33:09.739587Z,18d2d72a1da66c853f45a71d4f8ae14dda41da7b,True
221.0,,railgun,rail,Railgun,151538660,174895.0,PENDING_CLASSIFICATION,UNREVIEWED_IDENTITY,2026-09-30,2026-09-30T05:33:12.368021+00:00,,,OFFICIAL_DAILY,market-lab:OFFICIAL_DAILY:5b082eeaf0744a8a9b433c07c9ee03f0,2026-09-30T05:33:09.739587Z,18d2d72a1da66c853f45a71d4f8ae14dda41da7b,True
222.0,,safepal,sfp,SafePal,151165301,955399.0,PENDING_CLASSIFICATION,UNREVIEWED_IDENTITY,2026-09-30,2026-09-30T05:33:12.368021+00:00,,,OFFICIAL_DAILY,market-lab:OFFICIAL_DAILY:5b082eeaf0744a8a9b433c07c9ee03f0,2026-09-30T05:33:09.739587Z,18d2d72a1da66c853f45a71d4f8ae14dda41da7b,True
223.0,,soon-2,soon,SOON,150092053,166002301.0,PENDING_CLASSIFICATION,UNREVIEWED_IDENTITY,2026-09-30,2026-09-30T05:33:12.368021+00:00,,,OFFICIAL_DAILY,market-lab:OFFICIAL_DAILY:5b082eeaf0744a8a9b433c07c9ee03f0,2026-09-30T05:33:09.739587Z,18d2d72a1da66c853f45a71d4f8ae14dda41da7b,True
224.0,,immutable-x,imx,Immutable,149989689,9270839.0,PENDING_CLASSIFICATION,UNREVIEWED_IDENTITY,2026-09-30,2026-09-30T05:33:12.368021+00:00,,,OFFICIAL_DAILY,market-lab:OFFICIAL_DAILY:5b082eeaf0744a8a9b433c07c9ee03f0,2026-09-30T05:33:09.739587Z,18d2d72a1da66c853f45a71d4f8ae14dda41da7b,True
225.0,,gusd,gusd,GUSD,149517458,158102.0,PENDING_CLASSIFICATION,UNREVIEWED_IDENTITY,2026-09-30,2026-09-30T05:33:12.368021+00:00,,,OFFICIAL_DAILY,market-lab:OFFICIAL_DAILY:5b082eeaf0744a8a9b433c07c9ee03f0,2026-09-30T05:33:09.739587Z,18d2d72a1da66c853f45a71d4f8ae14dda41da7b,True
226.0,,apecoin,ape,ApeCoin,149433154,15802744.0,PENDING_CLASSIFICATION,UNREVIEWED_IDENTITY,2026-09-30,2026-09-30T05:33:12.368021+00:00,,,OFFICIAL_DAILY,market-lab:OFFICIAL_DAILY:5b082eeaf0744a8a9b433c07c9ee03f0,2026-09-30T05:33:09.739587Z,18d2d72a1da66c853f45a71d4f8ae14dda41da7b,True
227.0,,marscoin-4,marscoin,MarsCoin,149154852,46565418.0,PENDING_CLASSIFICATION,UNREVIEWED_IDENTITY,2026-09-30,2026-09-30T05:33:12.368021+00:00,,,OFFICIAL_DAILY,market-lab:OFFICIAL_DAILY:5b082eeaf0744a8a9b433c07c9ee03f0,2026-09-30T05:33:09.739587Z,18d2d72a1da66c853f45a71d4f8ae14dda41da7b,True
228.0,53.0,havven,snx,Synthetix,148684194,10952093.0,OUTSIDE_TOP50,,2026-09-30,2026-09-30T05:33:12.368021+00:00,SNX-USD,LIMITED_CLOSE_ONLY_INPUT,OFFICIAL_DAILY,market-lab:OFFICIAL_DAILY:5b082eeaf0744a8a9b433c07c9ee03f0,2026-09-30T05:33:09.739587Z,18d2d72a1da66c853f45a71d4f8ae14dda41da7b,True
229.0,,sonic-3,s,Sonic,146415186,25125843.0,PENDING_CLASSIFICATION,UNREVIEWED_IDENTITY,2026-09-30,2026-09-30T05:33:12.368021+00:00,,,OFFICIAL_DAILY,market-lab:OFFICIAL_DAILY:5b082eeaf0744a8a9b433c07c9ee03f0,2026-09-30T05:33:09.739587Z,18d2d72a1da66c853f45a71d4f8ae14dda41da7b,True
230.0,,gmt-token,gomining,GoMining Token,145506904,20165175.0,PENDING_CLASSIFICATION,UNREVIEWED_IDENTITY,2026-09-30,2026-09-30T05:33:12.368021+00:00,,,OFFICIAL_DAILY,market-lab:OFFICIAL_DAILY:5b082eeaf0744a8a9b433c07c9ee03f0,2026-09-30T05:33:09.739587Z,18d2d72a1da66c853f45a71d4f8ae14dda41da7b,True
231.0,54.0,1inch,1inch,1INCH,142948467,12034793.0,OUTSIDE_TOP50,,2026-09-30,2026-09-30T05:33:12.368021+00:00,1INCH-USD,LIMITED_CLOSE_ONLY_INPUT,OFFICIAL_DAILY,market-lab:OFFICIAL_DAILY:5b082eeaf0744a8a9b433c07c9ee03f0,2026-09-30T05:33:09.739587Z,18d2d72a1da66c853f45a71d4f8ae14dda41da7b,True
232.0,,aioz-network,aioz,AIOZ Network,142499255,6801278.0,PENDING_CLASSIFICATION,UNREVIEWED_IDENTITY,2026-09-30,2026-09-30T05:33:12.368021+00:00,,,OFFICIAL_DAILY,market-lab:OFFICIAL_DAILY:5b082eeaf0744a8a9b433c07c9ee03f0,2026-09-30T05:33:09.739587Z,18d2d72a1da66c853f45a71d4f8ae14dda41da7b,True
233.0,,ultima,ultima,Ultima,142412429,7579249.0,PENDING_CLASSIFICATION,UNREVIEWED_IDENTITY,2026-09-30,2026-09-30T05:33:12.368021+00:00,,,OFFICIAL_DAILY,market-lab:OFFICIAL_DAILY:5b082eeaf0744a8a9b433c07c9ee03f0,2026-09-30T05:33:09.739587Z,18d2d72a1da66c853f45a71d4f8ae14dda41da7b,True
234.0,,humanity,h,Humanity,141985885,2117018.0,PENDING_CLASSIFICATION,UNREVIEWED_IDENTITY,2026-09-30,2026-09-30T05:33:12.368021+00:00,,,OFFICIAL_DAILY,market-lab:OFFICIAL_DAILY:5b082eeaf0744a8a9b433c07c9ee03f0,2026-09-30T05:33:09.739587Z,18d2d72a1da66c853f45a71d4f8ae14dda41da7b,True
235.0,,stp-network,awe,AWE Network,141223172,3813805.0,PENDING_CLASSIFICATION,UNREVIEWED_IDENTITY,2026-09-30,2026-09-30T05:33:12.368021+00:00,,,OFFICIAL_DAILY,market-lab:OFFICIAL_DAILY:5b082eeaf0744a8a9b433c07c9ee03f0,2026-09-30T05:33:09.739587Z,18d2d72a1da66c853f45a71d4f8ae14dda41da7b,True
236.0,,dgrid-ai,dgai,DGrid AI,140173743,26522226.0,PENDING_CLASSIFICATION,UNREVIEWED_IDENTITY,2026-09-30,2026-09-30T05:33:12.368021+00:00,,,OFFICIAL_DAILY,market-lab:OFFICIAL_DAILY:5b082eeaf0744a8a9b433c07c9ee03f0,2026-09-30T05:33:09.739587Z,18d2d72a1da66c853f45a71d4f8ae14dda41da7b,True
237.0,55.0,elrond-erd-2,egld,MultiversX,138672134,2488805.0,OUTSIDE_TOP50,,2026-09-30,2026-09-30T05:33:12.368021+00:00,EGLD-USD,LIMITED_CLOSE_ONLY_INPUT,OFFICIAL_DAILY,market-lab:OFFICIAL_DAILY:5b082eeaf0744a8a9b433c07c9ee03f0,2026-09-30T05:33:09.739587Z,18d2d72a1da66c853f45a71d4f8ae14dda41da7b,True
238.0,,celium,sn51,lium,138040112,1968488.0,PENDING_CLASSIFICATION,UNREVIEWED_IDENTITY,2026-09-30,2026-09-30T05:33:12.368021+00:00,,,OFFICIAL_DAILY,market-lab:OFFICIAL_DAILY:5b082eeaf0744a8a9b433c07c9ee03f0,2026-09-30T05:33:09.739587Z,18d2d72a1da66c853f45a71d4f8ae14dda41da7b,True
239.0,56.0,basic-attention-token,bat,Basic Attention,135945638,8615396.0,OUTSIDE_TOP50,,2026-09-30,2026-09-30T05:33:12.368021+00:00,BAT-USD,LIMITED_CLOSE_ONLY_INPUT,OFFICIAL_DAILY,market-lab:OFFICIAL_DAILY:5b082eeaf0744a8a9b433c07c9ee03f0,2026-09-30T05:33:09.739587Z,18d2d72a1da66c853f45a71d4f8ae14dda41da7b,True
240.0,,meta-2-2,meta,MetaDAO,135730618,1790284.0,PENDING_CLASSIFICATION,UNREVIEWED_IDENTITY,2026-09-30,2026-09-30T05:33:12.368021+00:00,,,OFFICIAL_DAILY,market-lab:OFFICIAL_DAILY:5b082eeaf0744a8a9b433c07c9ee03f0,2026-09-30T05:33:09.739587Z,18d2d72a1da66c853f45a71d4f8ae14dda41da7b,True
241.0,,jpycoin,jpyc,JPY Coin,134581313,930568.0,PENDING_CLASSIFICATION,UNREVIEWED_IDENTITY,2026-09-30,2026-09-30T05:33:12.368021+00:00,,,OFFICIAL_DAILY,market-lab:OFFICIAL_DAILY:5b082eeaf0744a8a9b433c07c9ee03f0,2026-09-30T05:33:09.739587Z,18d2d72a1da66c853f45a71d4f8ae14dda41da7b,True
242.0,,tradable-latam-fintech-sstn,pc0000097,Tradable LatAm Fintech SSTN,134000000,0.0,PENDING_CLASSIFICATION,UNREVIEWED_IDENTITY,2026-09-30,2026-09-30T05:33:12.368021+00:00,,,OFFICIAL_DAILY,market-lab:OFFICIAL_DAILY:5b082eeaf0744a8a9b433c07c9ee03f0,2026-09-30T05:33:09.739587Z,18d2d72a1da66c853f45a71d4f8ae14dda41da7b,True
243.0,,zksync,zk,ZKsync,132558540,8895852.0,PENDING_CLASSIFICATION,UNREVIEWED_IDENTITY,2026-09-30,2026-09-30T05:33:12.368021+00:00,,,OFFICIAL_DAILY,market-lab:OFFICIAL_DAILY:5b082eeaf0744a8a9b433c07c9ee03f0,2026-09-30T05:33:09.739587Z,18d2d72a1da66c853f45a71d4f8ae14dda41da7b,True
244.0,,cash-4,cash,CASH,132186720,11676151.0,PENDING_CLASSIFICATION,UNREVIEWED_IDENTITY,2026-09-30,2026-09-30T05:33:12.368021+00:00,,,OFFICIAL_DAILY,market-lab:OFFICIAL_DAILY:5b082eeaf0744a8a9b433c07c9ee03f0,2026-09-30T05:33:09.739587Z,18d2d72a1da66c853f45a71d4f8ae14dda41da7b,True
245.0,57.0,the-sandbox,sand,The Sandbox,130934376,13942140996.0,OUTSIDE_TOP50,,2026-09-30,2026-09-30T05:33:12.368021+00:00,SAND-USD,LIMITED_CLOSE_ONLY_INPUT,OFFICIAL_DAILY,market-lab:OFFICIAL_DAILY:5b082eeaf0744a8a9b433c07c9ee03f0,2026-09-30T05:33:09.739587Z,18d2d72a1da66c853f45a71d4f8ae14dda41da7b,True
246.0,,seeker,skr,Seeker,130591040,3320453.0,PENDING_CLASSIFICATION,UNREVIEWED_IDENTITY,2026-09-30,2026-09-30T05:33:12.368021+00:00,,,OFFICIAL_DAILY,market-lab:OFFICIAL_DAILY:5b082eeaf0744a8a9b433c07c9ee03f0,2026-09-30T05:33:09.739587Z,18d2d72a1da66c853f45a71d4f8ae14dda41da7b,True
247.0,,chutes,sn64,Chutes,129465806,7203170.0,PENDING_CLASSIFICATION,UNREVIEWED_IDENTITY,2026-09-30,2026-09-30T05:33:12.368021+00:00,,,OFFICIAL_DAILY,market-lab:OFFICIAL_DAILY:5b082eeaf0744a8a9b433c07c9ee03f0,2026-09-30T05:33:09.739587Z,18d2d72a1da66c853f45a71d4f8ae14dda41da7b,True
248.0,,zencash,zen,Horizen,127903605,13307820.0,PENDING_CLASSIFICATION,UNREVIEWED_IDENTITY,2026-09-30,2026-09-30T05:33:12.368021+00:00,,,OFFICIAL_DAILY,market-lab:OFFICIAL_DAILY:5b082eeaf0744a8a9b433c07c9ee03f0,2026-09-30T05:33:09.739587Z,18d2d72a1da66c853f45a71d4f8ae14dda41da7b,True
249.0,,jpysc,jpysc,JPYSC,127807809,0.0,PENDING_CLASSIFICATION,UNREVIEWED_IDENTITY,2026-09-30,2026-09-30T05:33:12.368021+00:00,,,OFFICIAL_DAILY,market-lab:OFFICIAL_DAILY:5b082eeaf0744a8a9b433c07c9ee03f0,2026-09-30T05:33:09.739587Z,18d2d72a1da66c853f45a71d4f8ae14dda41da7b,True
250.0,,rollbit-coin,rlb,Rollbit Coin,125931674,1448538.0,PENDING_CLASSIFICATION,UNREVIEWED_IDENTITY,2026-09-30,2026-09-30T05:33:12.368021+00:00,,,OFFICIAL_DAILY,market-lab:OFFICIAL_DAILY:5b082eeaf0744a8a9b433c07c9ee03f0,2026-09-30T05:33:09.739587Z,18d2d72a1da66c853f45a71d4f8ae14dda41da7b,True
251.0,,ozone-chain,ozo,Ozone Chain,125647539,220614.0,PENDING_CLASSIFICATION,UNREVIEWED_IDENTITY,2026-09-30,2026-09-30T05:33:12.368021+00:00,,,OFFICIAL_DAILY,market-lab:OFFICIAL_DAILY:5b082eeaf0744a8a9b433c07c9ee03f0,2026-09-30T05:33:09.739587Z,18d2d72a1da66c853f45a71d4f8ae14dda41da7b,True
252.0,,instadapp,fluid,Fluid,125635624,3048252.0,PENDING_CLASSIFICATION,UNREVIEWED_IDENTITY,2026-09-30,2026-09-30T05:33:12.368021+00:00,,,OFFICIAL_DAILY,market-lab:OFFICIAL_DAILY:5b082eeaf0744a8a9b433c07c9ee03f0,2026-09-30T05:33:09.739587Z,18d2d72a1da66c853f45a71d4f8ae14dda41da7b,True
253.0,,golem,glm,Golem,125325902,2207805.0,PENDING_CLASSIFICATION,UNREVIEWED_IDENTITY,2026-09-30,2026-09-30T05:33:12.368021+00:00,,,OFFICIAL_DAILY,market-lab:OFFICIAL_DAILY:5b082eeaf0744a8a9b433c07c9ee03f0,2026-09-30T05:33:09.739587Z,18d2d72a1da66c853f45a71d4f8ae14dda41da7b,True
254.0,,avant-usd,avusd,Avant USD,125151605,68.88,PENDING_CLASSIFICATION,UNREVIEWED_IDENTITY,2026-09-30,2026-09-30T05:33:12.368021+00:00,,,OFFICIAL_DAILY,market-lab:OFFICIAL_DAILY:5b082eeaf0744a8a9b433c07c9ee03f0,2026-09-30T05:33:09.739587Z,18d2d72a1da66c853f45a71d4f8ae14dda41da7b,True
255.0,,grx-chain,grx,GRX Chain,124157318,1089760.0,PENDING_CLASSIFICATION,UNREVIEWED_IDENTITY,2026-09-30,2026-09-30T05:33:12.368021+00:00,,,OFFICIAL_DAILY,market-lab:OFFICIAL_DAILY:5b082eeaf0744a8a9b433c07c9ee03f0,2026-09-30T05:33:09.739587Z,18d2d72a1da66c853f45a71d4f8ae14dda41da7b,True
256.0,,circle-internet-group-bstock,crclb,Circle Internet Group (bStocks Tokenized Stock),123922598,29759348.0,PENDING_CLASSIFICATION,UNREVIEWED_IDENTITY,2026-09-30,2026-09-30T05:33:12.368021+00:00,,,OFFICIAL_DAILY,market-lab:OFFICIAL_DAILY:5b082eeaf0744a8a9b433c07c9ee03f0,2026-09-30T05:33:09.739587Z,18d2d72a1da66c853f45a71d4f8ae14dda41da7b,True
257.0,,bc-token,bc,BCGame Coin,123718737,108120.0,PENDING_CLASSIFICATION,UNREVIEWED_IDENTITY,2026-09-30,2026-09-30T05:33:12.368021+00:00,,,OFFICIAL_DAILY,market-lab:OFFICIAL_DAILY:5b082eeaf0744a8a9b433c07c9ee03f0,2026-09-30T05:33:09.739587Z,18d2d72a1da66c853f45a71d4f8ae14dda41da7b,True
258.0,,superfarm,super,SuperVerse,123354308,5576916.0,PENDING_CLASSIFICATION,UNREVIEWED_IDENTITY,2026-09-30,2026-09-30T05:33:12.368021+00:00,,,OFFICIAL_DAILY,market-lab:OFFICIAL_DAILY:5b082eeaf0744a8a9b433c07c9ee03f0,2026-09-30T05:33:09.739587Z,18d2d72a1da66c853f45a71d4f8ae14dda41da7b,True
259.0,,aethir,ath,Aethir,122374378,10106366.0,PENDING_CLASSIFICATION,UNREVIEWED_IDENTITY,2026-09-30,2026-09-30T05:33:12.368021+00:00,,,OFFICIAL_DAILY,market-lab:OFFICIAL_DAILY:5b082eeaf0744a8a9b433c07c9ee03f0,2026-09-30T05:33:09.739587Z,18d2d72a1da66c853f45a71d4f8ae14dda41da7b,True
260.0,,geodnet,geod,Geodnet,120930630,2293880.0,PENDING_CLASSIFICATION,UNREVIEWED_IDENTITY,2026-09-30,2026-09-30T05:33:12.368021+00:00,,,OFFICIAL_DAILY,market-lab:OFFICIAL_DAILY:5b082eeaf0744a8a9b433c07c9ee03f0,2026-09-30T05:33:09.739587Z,18d2d72a1da66c853f45a71d4f8ae14dda41da7b,True
261.0,,midas-fasanara-global-open,mglo,Midas Fasanara Global Open,119015917,0.0,PENDING_CLASSIFICATION,UNREVIEWED_IDENTITY,2026-09-30,2026-09-30T05:33:12.368021+00:00,,,OFFICIAL_DAILY,market-lab:OFFICIAL_DAILY:5b082eeaf0744a8a9b433c07c9ee03f0,2026-09-30T05:33:09.739587Z,18d2d72a1da66c853f45a71d4f8ae14dda41da7b,True
262.0,,dydx-chain,dydx,dYdX,118725358,4140797.0,PENDING_CLASSIFICATION,UNREVIEWED_IDENTITY,2026-09-30,2026-09-30T05:33:12.368021+00:00,,,OFFICIAL_DAILY,market-lab:OFFICIAL_DAILY:5b082eeaf0744a8a9b433c07c9ee03f0,2026-09-30T05:33:09.739587Z,18d2d72a1da66c853f45a71d4f8ae14dda41da7b,True
263.0,,debridge,dbr,deBridge,118191697,4793071.0,PENDING_CLASSIFICATION,UNREVIEWED_IDENTITY,2026-09-30,2026-09-30T05:33:12.368021+00:00,,,OFFICIAL_DAILY,market-lab:OFFICIAL_DAILY:5b082eeaf0744a8a9b433c07c9ee03f0,2026-09-30T05:33:09.739587Z,18d2d72a1da66c853f45a71d4f8ae14dda41da7b,True
264.0,,plume,plume,Plume,117552822,22683853.0,PENDING_CLASSIFICATION,UNREVIEWED_IDENTITY,2026-09-30,2026-09-30T05:33:12.368021+00:00,,,OFFICIAL_DAILY,market-lab:OFFICIAL_DAILY:5b082eeaf0744a8a9b433c07c9ee03f0,2026-09-30T05:33:09.739587Z,18d2d72a1da66c853f45a71d4f8ae14dda41da7b,True
265.0,,theo-short-duration-us-treasury-fund,thbill,Theo Short Duration US Treasury Fund,117214198,2562.4,PENDING_CLASSIFICATION,UNREVIEWED_IDENTITY,2026-09-30,2026-09-30T05:33:12.368021+00:00,,,OFFICIAL_DAILY,market-lab:OFFICIAL_DAILY:5b082eeaf0744a8a9b433c07c9ee03f0,2026-09-30T05:33:09.739587Z,18d2d72a1da66c853f45a71d4f8ae14dda41da7b,True
266.0,,alpha-bulgaria-warrants,alfw,Alpha Bulgaria Warrants,114330001,0.0,PENDING_CLASSIFICATION,UNREVIEWED_IDENTITY,2026-09-30,2026-09-30T05:33:12.368021+00:00,,,OFFICIAL_DAILY,market-lab:OFFICIAL_DAILY:5b082eeaf0744a8a9b433c07c9ee03f0,2026-09-30T05:33:09.739587Z,18d2d72a1da66c853f45a71d4f8ae14dda41da7b,True
267.0,,gala,gala,GALA,114192608,31914197.0,PENDING_CLASSIFICATION,UNREVIEWED_IDENTITY,2026-09-30,2026-09-30T05:33:12.368021+00:00,,,OFFICIAL_DAILY,market-lab:OFFICIAL_DAILY:5b082eeaf0744a8a9b433c07c9ee03f0,2026-09-30T05:33:09.739587Z,18d2d72a1da66c853f45a71d4f8ae14dda41da7b,True
268.0,,prometeus,prom,Prom,112722355,15316727.0,PENDING_CLASSIFICATION,UNREVIEWED_IDENTITY,2026-09-30,2026-09-30T05:33:12.368021+00:00,,,OFFICIAL_DAILY,market-lab:OFFICIAL_DAILY:5b082eeaf0744a8a9b433c07c9ee03f0,2026-09-30T05:33:09.739587Z,18d2d72a1da66c853f45a71d4f8ae14dda41da7b,True
269.0,,nxm,nxm,Nexus Mutual,112640565,0.0,PENDING_CLASSIFICATION,UNREVIEWED_IDENTITY,2026-09-30,2026-09-30T05:33:12.368021+00:00,,,OFFICIAL_DAILY,market-lab:OFFICIAL_DAILY:5b082eeaf0744a8a9b433c07c9ee03f0,2026-09-30T05:33:09.739587Z,18d2d72a1da66c853f45a71d4f8ae14dda41da7b,True
270.0,,astherus-usdf,usdf,Aster USDF,111365062,17717.84,PENDING_CLASSIFICATION,UNREVIEWED_IDENTITY,2026-09-30,2026-09-30T05:33:12.368021+00:00,,,OFFICIAL_DAILY,market-lab:OFFICIAL_DAILY:5b082eeaf0744a8a9b433c07c9ee03f0,2026-09-30T05:33:09.739587Z,18d2d72a1da66c853f45a71d4f8ae14dda41da7b,True
271.0,,four,form,Four,110793471,4097698.0,PENDING_CLASSIFICATION,UNREVIEWED_IDENTITY,2026-09-30,2026-09-30T05:33:12.368021+00:00,,,OFFICIAL_DAILY,market-lab:OFFICIAL_DAILY:5b082eeaf0744a8a9b433c07c9ee03f0,2026-09-30T05:33:09.739587Z,18d2d72a1da66c853f45a71d4f8ae14dda41da7b,True
272.0,,nest-blackopal-liquidstone-ii-vault,nopal,Nest BlackOpal LiquidStone II Vault,109777252,0.0,PENDING_CLASSIFICATION,UNREVIEWED_IDENTITY,2026-09-30,2026-09-30T05:33:12.368021+00:00,,,OFFICIAL_DAILY,market-lab:OFFICIAL_DAILY:5b082eeaf0744a8a9b433c07c9ee03f0,2026-09-30T05:33:09.739587Z,18d2d72a1da66c853f45a71d4f8ae14dda41da7b,True
273.0,,cheems-token,cheems,Cheems Token,109717734,373696.0,PENDING_CLASSIFICATION,UNREVIEWED_IDENTITY,2026-09-30,2026-09-30T05:33:12.368021+00:00,,,OFFICIAL_DAILY,market-lab:OFFICIAL_DAILY:5b082eeaf0744a8a9b433c07c9ee03f0,2026-09-30T05:33:09.739587Z,18d2d72a1da66c853f45a71d4f8ae14dda41da7b,True
274.0,,peaq-2,peaq,peaq,108358837,3499399.0,PENDING_CLASSIFICATION,UNREVIEWED_IDENTITY,2026-09-30,2026-09-30T05:33:12.368021+00:00,,,OFFICIAL_DAILY,market-lab:OFFICIAL_DAILY:5b082eeaf0744a8a9b433c07c9ee03f0,2026-09-30T05:33:09.739587Z,18d2d72a1da66c853f45a71d4f8ae14dda41da7b,True
275.0,,niu-lai,牛来,牛来 (Niu Lai),106904373,21658595.0,PENDING_CLASSIFICATION,UNREVIEWED_IDENTITY,2026-09-30,2026-09-30T05:33:12.368021+00:00,,,OFFICIAL_DAILY,market-lab:OFFICIAL_DAILY:5b082eeaf0744a8a9b433c07c9ee03f0,2026-09-30T05:33:09.739587Z,18d2d72a1da66c853f45a71d4f8ae14dda41da7b,True
276.0,,sosovalue,soso,SoSoValue,105987946,2629939.0,PENDING_CLASSIFICATION,UNREVIEWED_IDENTITY,2026-09-30,2026-09-30T05:33:12.368021+00:00,,,OFFICIAL_DAILY,market-lab:OFFICIAL_DAILY:5b082eeaf0744a8a9b433c07c9ee03f0,2026-09-30T05:33:09.739587Z,18d2d72a1da66c853f45a71d4f8ae14dda41da7b,True
277.0,,tradable-na-third-party-online-merchant-sstn,pc0000015,Tradable NA Third Party Online Merchant SSTN,105971760,0.0,PENDING_CLASSIFICATION,UNREVIEWED_IDENTITY,2026-09-30,2026-09-30T05:33:12.368021+00:00,,,OFFICIAL_DAILY,market-lab:OFFICIAL_DAILY:5b082eeaf0744a8a9b433c07c9ee03f0,2026-09-30T05:33:09.739587Z,18d2d72a1da66c853f45a71d4f8ae14dda41da7b,True
278.0,,onyc,onyc,OnRe Tokenized Reinsurance,105912342,3714454.0,PENDING_CLASSIFICATION,UNREVIEWED_IDENTITY,2026-09-30,2026-09-30T05:33:12.368021+00:00,,,OFFICIAL_DAILY,market-lab:OFFICIAL_DAILY:5b082eeaf0744a8a9b433c07c9ee03f0,2026-09-30T05:33:09.739587Z,18d2d72a1da66c853f45a71d4f8ae14dda41da7b,True
279.0,,reserve-rights-token,rsr,Reserve Rights,105730314,5614252.0,PENDING_CLASSIFICATION,UNREVIEWED_IDENTITY,2026-09-30,2026-09-30T05:33:12.368021+00:00,,,OFFICIAL_DAILY,market-lab:OFFICIAL_DAILY:5b082eeaf0744a8a9b433c07c9ee03f0,2026-09-30T05:33:09.739587Z,18d2d72a1da66c853f45a71d4f8ae14dda41da7b,True
280.0,,genius-3,genius,Genius,105310370,5895321.0,PENDING_CLASSIFICATION,UNREVIEWED_IDENTITY,2026-09-30,2026-09-30T05:33:12.368021+00:00,,,OFFICIAL_DAILY,market-lab:OFFICIAL_DAILY:5b082eeaf0744a8a9b433c07c9ee03f0,2026-09-30T05:33:09.739587Z,18d2d72a1da66c853f45a71d4f8ae14dda41da7b,True
281.0,58.0,qtum,qtum,Qtum,105199710,2353323.0,OUTSIDE_TOP50,,2026-09-30,2026-09-30T05:33:12.368021+00:00,QTUM-USD,LIMITED_CLOSE_ONLY_INPUT,OFFICIAL_DAILY,market-lab:OFFICIAL_DAILY:5b082eeaf0744a8a9b433c07c9ee03f0,2026-09-30T05:33:09.739587Z,18d2d72a1da66c853f45a71d4f8ae14dda41da7b,True
282.0,,beam-2,beam,Beam,103744390,4126277.0,PENDING_CLASSIFICATION,UNREVIEWED_IDENTITY,2026-09-30,2026-09-30T05:33:12.368021+00:00,,,OFFICIAL_DAILY,market-lab:OFFICIAL_DAILY:5b082eeaf0744a8a9b433c07c9ee03f0,2026-09-30T05:33:09.739587Z,18d2d72a1da66c853f45a71d4f8ae14dda41da7b,True
283.0,,securitize-tokenized-aaa-clo-fund,stac,Securitize Tokenized AAA CLO Fund,103610313,0.0,PENDING_CLASSIFICATION,UNREVIEWED_IDENTITY,2026-09-30,2026-09-30T05:33:12.368021+00:00,,,OFFICIAL_DAILY,market-lab:OFFICIAL_DAILY:5b082eeaf0744a8a9b433c07c9ee03f0,2026-09-30T05:33:09.739587Z,18d2d72a1da66c853f45a71d4f8ae14dda41da7b,True
284.0,,melania-meme,melania,Melania Meme,103321602,6891511.0,PENDING_CLASSIFICATION,UNREVIEWED_IDENTITY,2026-09-30,2026-09-30T05:33:12.368021+00:00,,,OFFICIAL_DAILY,market-lab:OFFICIAL_DAILY:5b082eeaf0744a8a9b433c07c9ee03f0,2026-09-30T05:33:09.739587Z,18d2d72a1da66c853f45a71d4f8ae14dda41da7b,True
285.0,,quack-ai,q,Quack AI,103171368,41371081.0,PENDING_CLASSIFICATION,UNREVIEWED_IDENTITY,2026-09-30,2026-09-30T05:33:12.368021+00:00,,,OFFICIAL_DAILY,market-lab:OFFICIAL_DAILY:5b082eeaf0744a8a9b433c07c9ee03f0,2026-09-30T05:33:09.739587Z,18d2d72a1da66c853f45a71d4f8ae14dda41da7b,True
286.0,,microstrategy-xstock,mstrx,MicroStrategy xStock,103118344,2317191.0,PENDING_CLASSIFICATION,UNREVIEWED_IDENTITY,2026-09-30,2026-09-30T05:33:12.368021+00:00,,,OFFICIAL_DAILY,market-lab:OFFICIAL_DAILY:5b082eeaf0744a8a9b433c07c9ee03f0,2026-09-30T05:33:09.739587Z,18d2d72a1da66c853f45a71d4f8ae14dda41da7b,True
287.0,,frax-usd,frxusd,Frax USD,102625105,8500421.0,PENDING_CLASSIFICATION,UNREVIEWED_IDENTITY,2026-09-30,2026-09-30T05:33:12.368021+00:00,,,OFFICIAL_DAILY,market-lab:OFFICIAL_DAILY:5b082eeaf0744a8a9b433c07c9ee03f0,2026-09-30T05:33:09.739587Z,18d2d72a1da66c853f45a71d4f8ae14dda41da7b,True
288.0,,0x,zrx,0x Protocol,102160876,4312614.0,PENDING_CLASSIFICATION,UNREVIEWED_IDENTITY,2026-09-30,2026-09-30T05:33:12.368021+00:00,,,OFFICIAL_DAILY,market-lab:OFFICIAL_DAILY:5b082eeaf0744a8a9b433c07c9ee03f0,2026-09-30T05:33:09.739587Z,18d2d72a1da66c853f45a71d4f8ae14dda41da7b,True
289.0,,3jane-usd3,usd3,3Jane USD3,100359003,1027702.0,PENDING_CLASSIFICATION,UNREVIEWED_IDENTITY,2026-09-30,2026-09-30T05:33:12.368021+00:00,,,OFFICIAL_DAILY,market-lab:OFFICIAL_DAILY:5b082eeaf0744a8a9b433c07c9ee03f0,2026-09-30T05:33:09.739587Z,18d2d72a1da66c853f45a71d4f8ae14dda41da7b,True
290.0,,tradable-latam-middle-market-lender-sstl,pc0000085,Tradable LatAm Middle-Market Lender SSTL,100124199,0.0,PENDING_CLASSIFICATION,UNREVIEWED_IDENTITY,2026-09-30,2026-09-30T05:33:12.368021+00:00,,,OFFICIAL_DAILY,market-lab:OFFICIAL_DAILY:5b082eeaf0744a8a9b433c07c9ee03f0,2026-09-30T05:33:09.739587Z,18d2d72a1da66c853f45a71d4f8ae14dda41da7b,True
291.0,,circle-internet-group-ondo-tokenized-stock,crclon,Circle Internet Group (Ondo Tokenized Stock),100047900,1575261.0,PENDING_CLASSIFICATION,UNREVIEWED_IDENTITY,2026-09-30,2026-09-30T05:33:12.368021+00:00,,,OFFICIAL_DAILY,market-lab:OFFICIAL_DAILY:5b082eeaf0744a8a9b433c07c9ee03f0,2026-09-30T05:33:09.739587Z,18d2d72a1da66c853f45a71d4f8ae14dda41da7b,True
292.0,,tradable-singapore-fintech-ssl,pc0000077,Tradable Singapore Fintech SSL,100000000,0.0,PENDING_CLASSIFICATION,UNREVIEWED_IDENTITY,2026-09-30,2026-09-30T05:33:12.368021+00:00,,,OFFICIAL_DAILY,market-lab:OFFICIAL_DAILY:5b082eeaf0744a8a9b433c07c9ee03f0,2026-09-30T05:33:09.739587Z,18d2d72a1da66c853f45a71d4f8ae14dda41da7b,True
293.0,,unity-usd,uusd,Unity USD,99933708,2743003.0,PENDING_CLASSIFICATION,UNREVIEWED_IDENTITY,2026-09-30,2026-09-30T05:33:12.368021+00:00,,,OFFICIAL_DAILY,market-lab:OFFICIAL_DAILY:5b082eeaf0744a8a9b433c07c9ee03f0,2026-09-30T05:33:09.739587Z,18d2d72a1da66c853f45a71d4f8ae14dda41da7b,True
294.0,,dog-go-to-the-moon-rune,dog,Dog (Bitcoin),99012060,1220513.0,PENDING_CLASSIFICATION,UNREVIEWED_IDENTITY,2026-09-30,2026-09-30T05:33:12.368021+00:00,,,OFFICIAL_DAILY,market-lab:OFFICIAL_DAILY:5b082eeaf0744a8a9b433c07c9ee03f0,2026-09-30T05:33:09.739587Z,18d2d72a1da66c853f45a71d4f8ae14dda41da7b,True
295.0,,bitget-wrapped-btc,bgbtc,Bitget Wrapped BTC,98509764,128651.0,PENDING_CLASSIFICATION,UNREVIEWED_IDENTITY,2026-09-30,2026-09-30T05:33:12.368021+00:00,,,OFFICIAL_DAILY,market-lab:OFFICIAL_DAILY:5b082eeaf0744a8a9b433c07c9ee03f0,2026-09-30T05:33:09.739587Z,18d2d72a1da66c853f45a71d4f8ae14dda41da7b,True
296.0,,stronghold-token,shx,Stronghold,98074383,1884802.0,PENDING_CLASSIFICATION,UNREVIEWED_IDENTITY,2026-09-30,2026-09-30T05:33:12.368021+00:00,,,OFFICIAL_DAILY,market-lab:OFFICIAL_DAILY:5b082eeaf0744a8a9b433c07c9ee03f0,2026-09-30T05:33:09.739587Z,18d2d72a1da66c853f45a71d4f8ae14dda41da7b,True
297.0,59.0,kusama,ksm,Kusama,97661560,9443622.0,OUTSIDE_TOP50,,2026-09-30,2026-09-30T05:33:12.368021+00:00,KSM-USD,LIMITED_CLOSE_ONLY_INPUT,OFFICIAL_DAILY,market-lab:OFFICIAL_DAILY:5b082eeaf0744a8a9b433c07c9ee03f0,2026-09-30T05:33:09.739587Z,18d2d72a1da66c853f45a71d4f8ae14dda41da7b,True
298.0,,wemix-token,wemix,WEMIX,96847749,494966.0,PENDING_CLASSIFICATION,UNREVIEWED_IDENTITY,2026-09-30,2026-09-30T05:33:12.368021+00:00,,,OFFICIAL_DAILY,market-lab:OFFICIAL_DAILY:5b082eeaf0744a8a9b433c07c9ee03f0,2026-09-30T05:33:09.739587Z,18d2d72a1da66c853f45a71d4f8ae14dda41da7b,True
299.0,,ordinals,ordi,ORDI,96693429,15208572.0,PENDING_CLASSIFICATION,UNREVIEWED_IDENTITY,2026-09-30,2026-09-30T05:33:12.368021+00:00,,,OFFICIAL_DAILY,market-lab:OFFICIAL_DAILY:5b082eeaf0744a8a9b433c07c9ee03f0,2026-09-30T05:33:09.739587Z,18d2d72a1da66c853f45a71d4f8ae14dda41da7b,True
300.0,,orca,orca,Orca,96662471,9286385.0,PENDING_CLASSIFICATION,UNREVIEWED_IDENTITY,2026-09-30,2026-09-30T05:33:12.368021+00:00,,,OFFICIAL_DAILY,market-lab:OFFICIAL_DAILY:5b082eeaf0744a8a9b433c07c9ee03f0,2026-09-30T05:33:09.739587Z,18d2d72a1da66c853f45a71d4f8ae14dda41da7b,True
301.0,,cow-protocol,cow,CoW Protocol,95958774,6358968.0,PENDING_CLASSIFICATION,UNREVIEWED_IDENTITY,2026-09-30,2026-09-30T05:33:12.368021+00:00,,,OFFICIAL_DAILY,market-lab:OFFICIAL_DAILY:5b082eeaf0744a8a9b433c07c9ee03f0,2026-09-30T05:33:09.739587Z,18d2d72a1da66c853f45a71d4f8ae14dda41da7b,True
302.0,,apollo-diversified-credit-securitize-fund,acred,Apollo Diversified Credit Securitize Fund,95311216,0.0,PENDING_CLASSIFICATION,UNREVIEWED_IDENTITY,2026-09-30,2026-09-30T05:33:12.368021+00:00,,,OFFICIAL_DAILY,market-lab:OFFICIAL_DAILY:5b082eeaf0744a8a9b433c07c9ee03f0,2026-09-30T05:33:09.739587Z,18d2d72a1da66c853f45a71d4f8ae14dda41da7b,True
303.0,,cap-4,cap,Cap,94705615,20063729.0,PENDING_CLASSIFICATION,UNREVIEWED_IDENTITY,2026-09-30,2026-09-30T05:33:12.368021+00:00,,,OFFICIAL_DAILY,market-lab:OFFICIAL_DAILY:5b082eeaf0744a8a9b433c07c9ee03f0,2026-09-30T05:33:09.739587Z,18d2d72a1da66c853f45a71d4f8ae14dda41da7b,True
304.0,,pharos-network,pros,Pharos,94649407,8493221.0,PENDING_CLASSIFICATION,UNREVIEWED_IDENTITY,2026-09-30,2026-09-30T05:33:12.368021+00:00,,,OFFICIAL_DAILY,market-lab:OFFICIAL_DAILY:5b082eeaf0744a8a9b433c07c9ee03f0,2026-09-30T05:33:09.739587Z,18d2d72a1da66c853f45a71d4f8ae14dda41da7b,True
305.0,,helio-protocol-hay,lisusd,Lista USD,93940278,146041.0,PENDING_CLASSIFICATION,UNREVIEWED_IDENTITY,2026-09-30,2026-09-30T05:33:12.368021+00:00,,,OFFICIAL_DAILY,market-lab:OFFICIAL_DAILY:5b082eeaf0744a8a9b433c07c9ee03f0,2026-09-30T05:33:09.739587Z,18d2d72a1da66c853f45a71d4f8ae14dda41da7b,True
306.0,,arkham,arkm,Arkham,93745455,11731226.0,PENDING_CLASSIFICATION,UNREVIEWED_IDENTITY,2026-09-30,2026-09-30T05:33:12.368021+00:00,,,OFFICIAL_DAILY,market-lab:OFFICIAL_DAILY:5b082eeaf0744a8a9b433c07c9ee03f0,2026-09-30T05:33:09.739587Z,18d2d72a1da66c853f45a71d4f8ae14dda41da7b,True
307.0,,mag7-ssi,mag7.ssi,MAG7.ssi,93678469,500341.0,PENDING_CLASSIFICATION,UNREVIEWED_IDENTITY,2026-09-30,2026-09-30T05:33:12.368021+00:00,,,OFFICIAL_DAILY,market-lab:OFFICIAL_DAILY:5b082eeaf0744a8a9b433c07c9ee03f0,2026-09-30T05:33:09.739587Z,18d2d72a1da66c853f45a71d4f8ae14dda41da7b,True
308.0,,targon,sn4,Targon,93107592,399780.0,PENDING_CLASSIFICATION,UNREVIEWED_IDENTITY,2026-09-30,2026-09-30T05:33:12.368021+00:00,,,OFFICIAL_DAILY,market-lab:OFFICIAL_DAILY:5b082eeaf0744a8a9b433c07c9ee03f0,2026-09-30T05:33:09.739587Z,18d2d72a1da66c853f45a71d4f8ae14dda41da7b,True
309.0,,gas,gas,Gas,92431463,1411684.0,PENDING_CLASSIFICATION,UNREVIEWED_IDENTITY,2026-09-30,2026-09-30T05:33:12.368021+00:00,,,OFFICIAL_DAILY,market-lab:OFFICIAL_DAILY:5b082eeaf0744a8a9b433c07c9ee03f0,2026-09-30T05:33:09.739587Z,18d2d72a1da66c853f45a71d4f8ae14dda41da7b,True
310.0,,helium,hnt,Helium,92040437,4643373.0,PENDING_CLASSIFICATION,UNREVIEWED_IDENTITY,2026-09-30,2026-09-30T05:33:12.368021+00:00,,,OFFICIAL_DAILY,market-lab:OFFICIAL_DAILY:5b082eeaf0744a8a9b433c07c9ee03f0,2026-09-30T05:33:09.739587Z,18d2d72a1da66c853f45a71d4f8ae14dda41da7b,True
311.0,,o1-exchange,o,o1.exchange,92013105,4166771.0,PENDING_CLASSIFICATION,UNREVIEWED_IDENTITY,2026-09-30,2026-09-30T05:33:12.368021+00:00,,,OFFICIAL_DAILY,market-lab:OFFICIAL_DAILY:5b082eeaf0744a8a9b433c07c9ee03f0,2026-09-30T05:33:09.739587Z,18d2d72a1da66c853f45a71d4f8ae14dda41da7b,True
312.0,,zano,zano,Zano,89733966,64438.0,PENDING_CLASSIFICATION,UNREVIEWED_IDENTITY,2026-09-30,2026-09-30T05:33:12.368021+00:00,,,OFFICIAL_DAILY,market-lab:OFFICIAL_DAILY:5b082eeaf0744a8a9b433c07c9ee03f0,2026-09-30T05:33:09.739587Z,18d2d72a1da66c853f45a71d4f8ae14dda41da7b,True
313.0,,velo,velo,Velo,89502289,4411626.0,PENDING_CLASSIFICATION,UNREVIEWED_IDENTITY,2026-09-30,2026-09-30T05:33:12.368021+00:00,,,OFFICIAL_DAILY,market-lab:OFFICIAL_DAILY:5b082eeaf0744a8a9b433c07c9ee03f0,2026-09-30T05:33:09.739587Z,18d2d72a1da66c853f45a71d4f8ae14dda41da7b,True
314.0,,tagger,tag,TAGGER,89402214,1314378.0,PENDING_CLASSIFICATION,UNREVIEWED_IDENTITY,2026-09-30,2026-09-30T05:33:12.368021+00:00,,,OFFICIAL_DAILY,market-lab:OFFICIAL_DAILY:5b082eeaf0744a8a9b433c07c9ee03f0,2026-09-30T05:33:09.739587Z,18d2d72a1da66c853f45a71d4f8ae14dda41da7b,True
315.0,,wormhole,w,Wormhole,88894533,25300433.0,PENDING_CLASSIFICATION,UNREVIEWED_IDENTITY,2026-09-30,2026-09-30T05:33:12.368021+00:00,,,OFFICIAL_DAILY,market-lab:OFFICIAL_DAILY:5b082eeaf0744a8a9b433c07c9ee03f0,2026-09-30T05:33:09.739587Z,18d2d72a1da66c853f45a71d4f8ae14dda41da7b,True
316.0,,f-x-protocol-fxusd,fxusd,f(x) Protocol fxUSD,88656600,2773892.0,PENDING_CLASSIFICATION,UNREVIEWED_IDENTITY,2026-09-30,2026-09-30T05:33:12.368021+00:00,,,OFFICIAL_DAILY,market-lab:OFFICIAL_DAILY:5b082eeaf0744a8a9b433c07c9ee03f0,2026-09-30T05:33:09.739587Z,18d2d72a1da66c853f45a71d4f8ae14dda41da7b,True
317.0,,unitywallet-token,unt,UnityWallet Token,88117295,352.6,PENDING_CLASSIFICATION,UNREVIEWED_IDENTITY,2026-09-30,2026-09-30T05:33:12.368021+00:00,,,OFFICIAL_DAILY,market-lab:OFFICIAL_DAILY:5b082eeaf0744a8a9b433c07c9ee03f0,2026-09-30T05:33:09.739587Z,18d2d72a1da66c853f45a71d4f8ae14dda41da7b,True
318.0,,chip-2,chip,USD.AI,88079735,7361740.0,PENDING_CLASSIFICATION,UNREVIEWED_IDENTITY,2026-09-30,2026-09-30T05:33:12.368021+00:00,,,OFFICIAL_DAILY,market-lab:OFFICIAL_DAILY:5b082eeaf0744a8a9b433c07c9ee03f0,2026-09-30T05:33:09.739587Z,18d2d72a1da66c853f45a71d4f8ae14dda41da7b,True
319.0,60.0,yearn-finance,yfi,yearn.finance,87918233,5630164.0,OUTSIDE_TOP50,,2026-09-30,2026-09-30T05:33:12.368021+00:00,YFI-USD,LIMITED_CLOSE_ONLY_INPUT,OFFICIAL_DAILY,market-lab:OFFICIAL_DAILY:5b082eeaf0744a8a9b433c07c9ee03f0,2026-09-30T05:33:09.739587Z,18d2d72a1da66c853f45a71d4f8ae14dda41da7b,True
320.0,,walrus-2,wal,Walrus,87089773,2990272.0,PENDING_CLASSIFICATION,UNREVIEWED_IDENTITY,2026-09-30,2026-09-30T05:33:12.368021+00:00,,,OFFICIAL_DAILY,market-lab:OFFICIAL_DAILY:5b082eeaf0744a8a9b433c07c9ee03f0,2026-09-30T05:33:09.739587Z,18d2d72a1da66c853f45a71d4f8ae14dda41da7b,True
321.0,,cap-usd,cusd,Cap USD,87041427,0.0,PENDING_CLASSIFICATION,UNREVIEWED_IDENTITY,2026-09-30,2026-09-30T05:33:12.368021+00:00,,,OFFICIAL_DAILY,market-lab:OFFICIAL_DAILY:5b082eeaf0744a8a9b433c07c9ee03f0,2026-09-30T05:33:09.739587Z,18d2d72a1da66c853f45a71d4f8ae14dda41da7b,True
322.0,,safe,safe,Safe,86676775,1381442.0,PENDING_CLASSIFICATION,UNREVIEWED_IDENTITY,2026-09-30,2026-09-30T05:33:12.368021+00:00,,,OFFICIAL_DAILY,market-lab:OFFICIAL_DAILY:5b082eeaf0744a8a9b433c07c9ee03f0,2026-09-30T05:33:09.739587Z,18d2d72a1da66c853f45a71d4f8ae14dda41da7b,True
323.0,,yzy,yzy,YZY,86141658,442.91,PENDING_CLASSIFICATION,UNREVIEWED_IDENTITY,2026-09-30,2026-09-30T05:33:12.368021+00:00,,,OFFICIAL_DAILY,market-lab:OFFICIAL_DAILY:5b082eeaf0744a8a9b433c07c9ee03f0,2026-09-30T05:33:09.739587Z,18d2d72a1da66c853f45a71d4f8ae14dda41da7b,True
324.0,,berachain-bera,bera,Berachain,85722539,54200583.0,PENDING_CLASSIFICATION,UNREVIEWED_IDENTITY,2026-09-30,2026-09-30T05:33:12.368021+00:00,,,OFFICIAL_DAILY,market-lab:OFFICIAL_DAILY:5b082eeaf0744a8a9b433c07c9ee03f0,2026-09-30T05:33:09.739587Z,18d2d72a1da66c853f45a71d4f8ae14dda41da7b,True
325.0,,redstone-oracles,red,RedStone,85412082,2446890.0,PENDING_CLASSIFICATION,UNREVIEWED_IDENTITY,2026-09-30,2026-09-30T05:33:12.368021+00:00,,,OFFICIAL_DAILY,market-lab:OFFICIAL_DAILY:5b082eeaf0744a8a9b433c07c9ee03f0,2026-09-30T05:33:09.739587Z,18d2d72a1da66c853f45a71d4f8ae14dda41da7b,True
326.0,,livepeer,lpt,Livepeer,85343739,9456734.0,PENDING_CLASSIFICATION,UNREVIEWED_IDENTITY,2026-09-30,2026-09-30T05:33:12.368021+00:00,,,OFFICIAL_DAILY,market-lab:OFFICIAL_DAILY:5b082eeaf0744a8a9b433c07c9ee03f0,2026-09-30T05:33:09.739587Z,18d2d72a1da66c853f45a71d4f8ae14dda41da7b,True
327.0,,spacex-bstocks-tokenized-stock,spcxb,SpaceX (bStocks Tokenized Stock),85214242,32451039.0,PENDING_CLASSIFICATION,UNREVIEWED_IDENTITY,2026-09-30,2026-09-30T05:33:12.368021+00:00,,,OFFICIAL_DAILY,market-lab:OFFICIAL_DAILY:5b082eeaf0744a8a9b433c07c9ee03f0,2026-09-30T05:33:09.739587Z,18d2d72a1da66c853f45a71d4f8ae14dda41da7b,True
328.0,,goldfish-gold,ggbr,Goldfish Gold,84815265,99167.0,PENDING_CLASSIFICATION,UNREVIEWED_IDENTITY,2026-09-30,2026-09-30T05:33:12.368021+00:00,,,OFFICIAL_DAILY,market-lab:OFFICIAL_DAILY:5b082eeaf0744a8a9b433c07c9ee03f0,2026-09-30T05:33:09.739587Z,18d2d72a1da66c853f45a71d4f8ae14dda41da7b,True
329.0,,saturn-dollar,usdat,Saturn Dollar,84517959,735105.0,PENDING_CLASSIFICATION,UNREVIEWED_IDENTITY,2026-09-30,2026-09-30T05:33:12.368021+00:00,,,OFFICIAL_DAILY,market-lab:OFFICIAL_DAILY:5b082eeaf0744a8a9b433c07c9ee03f0,2026-09-30T05:33:09.739587Z,18d2d72a1da66c853f45a71d4f8ae14dda41da7b,True
330.0,,zetachain,zeta,ZetaChain,83708213,7627968.0,PENDING_CLASSIFICATION,UNREVIEWED_IDENTITY,2026-09-30,2026-09-30T05:33:12.368021+00:00,,,OFFICIAL_DAILY,market-lab:OFFICIAL_DAILY:5b082eeaf0744a8a9b433c07c9ee03f0,2026-09-30T05:33:09.739587Z,18d2d72a1da66c853f45a71d4f8ae14dda41da7b,True
331.0,,gmx,gmx,GMX,83426358,2591540.0,PENDING_CLASSIFICATION,UNREVIEWED_IDENTITY,2026-09-30,2026-09-30T05:33:12.368021+00:00,,,OFFICIAL_DAILY,market-lab:OFFICIAL_DAILY:5b082eeaf0744a8a9b433c07c9ee03f0,2026-09-30T05:33:09.739587Z,18d2d72a1da66c853f45a71d4f8ae14dda41da7b,True
332.0,,numeraire,nmr,Numeraire,83299265,69303691.0,PENDING_CLASSIFICATION,UNREVIEWED_IDENTITY,2026-09-30,2026-09-30T05:33:12.368021+00:00,,,OFFICIAL_DAILY,market-lab:OFFICIAL_DAILY:5b082eeaf0744a8a9b433c07c9ee03f0,2026-09-30T05:33:09.739587Z,18d2d72a1da66c853f45a71d4f8ae14dda41da7b,True
333.0,,rif-token,rif,Rootstock Infrastructure Framework,83122244,7205446.0,PENDING_CLASSIFICATION,UNREVIEWED_IDENTITY,2026-09-30,2026-09-30T05:33:12.368021+00:00,,,OFFICIAL_DAILY,market-lab:OFFICIAL_DAILY:5b082eeaf0744a8a9b433c07c9ee03f0,2026-09-30T05:33:09.739587Z,18d2d72a1da66c853f45a71d4f8ae14dda41da7b,True
334.0,,kinetiq,kntq,Kinetiq,82562017,2317318.0,PENDING_CLASSIFICATION,UNREVIEWED_IDENTITY,2026-09-30,2026-09-30T05:33:12.368021+00:00,,,OFFICIAL_DAILY,market-lab:OFFICIAL_DAILY:5b082eeaf0744a8a9b433c07c9ee03f0,2026-09-30T05:33:09.739587Z,18d2d72a1da66c853f45a71d4f8ae14dda41da7b,True
335.0,,digibyte,dgb,DigiByte,81624685,2138966.0,PENDING_CLASSIFICATION,UNREVIEWED_IDENTITY,2026-09-30,2026-09-30T05:33:12.368021+00:00,,,OFFICIAL_DAILY,market-lab:OFFICIAL_DAILY:5b082eeaf0744a8a9b433c07c9ee03f0,2026-09-30T05:33:09.739587Z,18d2d72a1da66c853f45a71d4f8ae14dda41da7b,True
336.0,,pleasing-gold,pgold,Pleasing Gold,81360152,1.75,PENDING_CLASSIFICATION,UNREVIEWED_IDENTITY,2026-09-30,2026-09-30T05:33:12.368021+00:00,,,OFFICIAL_DAILY,market-lab:OFFICIAL_DAILY:5b082eeaf0744a8a9b433c07c9ee03f0,2026-09-30T05:33:09.739587Z,18d2d72a1da66c853f45a71d4f8ae14dda41da7b,True
337.0,,purr-2,purr,Purr,81085465,2049652.0,PENDING_CLASSIFICATION,UNREVIEWED_IDENTITY,2026-09-30,2026-09-30T05:33:12.368021+00:00,,,OFFICIAL_DAILY,market-lab:OFFICIAL_DAILY:5b082eeaf0744a8a9b433c07c9ee03f0,2026-09-30T05:33:09.739587Z,18d2d72a1da66c853f45a71d4f8ae14dda41da7b,True
338.0,,kaito,kaito,KAITO,81023856,20979893.0,PENDING_CLASSIFICATION,UNREVIEWED_IDENTITY,2026-09-30,2026-09-30T05:33:12.368021+00:00,,,OFFICIAL_DAILY,market-lab:OFFICIAL_DAILY:5b082eeaf0744a8a9b433c07c9ee03f0,2026-09-30T05:33:09.739587Z,18d2d72a1da66c853f45a71d4f8ae14dda41da7b,True
339.0,,wrappedm-by-m0,wm,WrappedM by M0,80579462,1687774.0,PENDING_CLASSIFICATION,UNREVIEWED_IDENTITY,2026-09-30,2026-09-30T05:33:12.368021+00:00,,,OFFICIAL_DAILY,market-lab:OFFICIAL_DAILY:5b082eeaf0744a8a9b433c07c9ee03f0,2026-09-30T05:33:09.739587Z,18d2d72a1da66c853f45a71d4f8ae14dda41da7b,True
340.0,,spark-2,spk,Spark,80143657,12186477.0,PENDING_CLASSIFICATION,UNREVIEWED_IDENTITY,2026-09-30,2026-09-30T05:33:12.368021+00:00,,,OFFICIAL_DAILY,market-lab:OFFICIAL_DAILY:5b082eeaf0744a8a9b433c07c9ee03f0,2026-09-30T05:33:09.739587Z,18d2d72a1da66c853f45a71d4f8ae14dda41da7b,True
341.0,,holotoken,hot,Holo,80047665,2247763.0,PENDING_CLASSIFICATION,UNREVIEWED_IDENTITY,2026-09-30,2026-09-30T05:33:12.368021+00:00,,,OFFICIAL_DAILY,market-lab:OFFICIAL_DAILY:5b082eeaf0744a8a9b433c07c9ee03f0,2026-09-30T05:33:09.739587Z,18d2d72a1da66c853f45a71d4f8ae14dda41da7b,True
342.0,,fx-usd-saving,fxsave,f(x) USD Saving,79834674,2709.23,PENDING_CLASSIFICATION,UNREVIEWED_IDENTITY,2026-09-30,2026-09-30T05:33:12.368021+00:00,,,OFFICIAL_DAILY,market-lab:OFFICIAL_DAILY:5b082eeaf0744a8a9b433c07c9ee03f0,2026-09-30T05:33:09.739587Z,18d2d72a1da66c853f45a71d4f8ae14dda41da7b,True
343.0,,bulla-3,bulla,BULLA,79657300,257991.0,PENDING_CLASSIFICATION,UNREVIEWED_IDENTITY,2026-09-30,2026-09-30T05:33:12.368021+00:00,,,OFFICIAL_DAILY,market-lab:OFFICIAL_DAILY:5b082eeaf0744a8a9b433c07c9ee03f0,2026-09-30T05:33:09.739587Z,18d2d72a1da66c853f45a71d4f8ae14dda41da7b,True
344.0,,theta-fuel,tfuel,Theta Fuel,79207078,770124.0,PENDING_CLASSIFICATION,UNREVIEWED_IDENTITY,2026-09-30,2026-09-30T05:33:12.368021+00:00,,,OFFICIAL_DAILY,market-lab:OFFICIAL_DAILY:5b082eeaf0744a8a9b433c07c9ee03f0,2026-09-30T05:33:09.739587Z,18d2d72a1da66c853f45a71d4f8ae14dda41da7b,True
345.0,,circle-xstock,crclx,Circle xStock,78507582,9821625.0,PENDING_CLASSIFICATION,UNREVIEWED_IDENTITY,2026-09-30,2026-09-30T05:33:12.368021+00:00,,,OFFICIAL_DAILY,market-lab:OFFICIAL_DAILY:5b082eeaf0744a8a9b433c07c9ee03f0,2026-09-30T05:33:09.739587Z,18d2d72a1da66c853f45a71d4f8ae14dda41da7b,True
346.0,,story-2,data,Data Network,78417242,9465953.0,PENDING_CLASSIFICATION,UNREVIEWED_IDENTITY,2026-09-30,2026-09-30T05:33:12.368021+00:00,,,OFFICIAL_DAILY,market-lab:OFFICIAL_DAILY:5b082eeaf0744a8a9b433c07c9ee03f0,2026-09-30T05:33:09.739587Z,18d2d72a1da66c853f45a71d4f8ae14dda41da7b,True
347.0,,banana-for-scale-2,bananas31,Banana For Scale,78096141,2970296.0,PENDING_CLASSIFICATION,UNREVIEWED_IDENTITY,2026-09-30,2026-09-30T05:33:12.368021+00:00,,,OFFICIAL_DAILY,market-lab:OFFICIAL_DAILY:5b082eeaf0744a8a9b433c07c9ee03f0,2026-09-30T05:33:09.739587Z,18d2d72a1da66c853f45a71d4f8ae14dda41da7b,True
348.0,,tori-trusd,trusd,Tori trUSD,77770545,3462442.0,PENDING_CLASSIFICATION,UNREVIEWED_IDENTITY,2026-09-30,2026-09-30T05:33:12.368021+00:00,,,OFFICIAL_DAILY,market-lab:OFFICIAL_DAILY:5b082eeaf0744a8a9b433c07c9ee03f0,2026-09-30T05:33:09.739587Z,18d2d72a1da66c853f45a71d4f8ae14dda41da7b,True
349.0,,funfair,fun,FUNToken,77729318,498241.0,PENDING_CLASSIFICATION,UNREVIEWED_IDENTITY,2026-09-30,2026-09-30T05:33:12.368021+00:00,,,OFFICIAL_DAILY,market-lab:OFFICIAL_DAILY:5b082eeaf0744a8a9b433c07c9ee03f0,2026-09-30T05:33:09.739587Z,18d2d72a1da66c853f45a71d4f8ae14dda41da7b,True
350.0,,adi-token,adi,ADI,77646963,4542158.0,PENDING_CLASSIFICATION,UNREVIEWED_IDENTITY,2026-09-30,2026-09-30T05:33:12.368021+00:00,,,OFFICIAL_DAILY,market-lab:OFFICIAL_DAILY:5b082eeaf0744a8a9b433c07c9ee03f0,2026-09-30T05:33:09.739587Z,18d2d72a1da66c853f45a71d4f8ae14dda41da7b,True
351.0,,usda-3,usda,USDA,76909423,28047.0,PENDING_CLASSIFICATION,UNREVIEWED_IDENTITY,2026-09-30,2026-09-30T05:33:12.368021+00:00,,,OFFICIAL_DAILY,market-lab:OFFICIAL_DAILY:5b082eeaf0744a8a9b433c07c9ee03f0,2026-09-30T05:33:09.739587Z,18d2d72a1da66c853f45a71d4f8ae14dda41da7b,True
352.0,,na-post-settlement-legal-financing-receivables,pc0000101,Tradable NA Post-Settlement Legal Financing Receivables,76722081,0.0,PENDING_CLASSIFICATION,UNREVIEWED_IDENTITY,2026-09-30,2026-09-30T05:33:12.368021+00:00,,,OFFICIAL_DAILY,market-lab:OFFICIAL_DAILY:5b082eeaf0744a8a9b433c07c9ee03f0,2026-09-30T05:33:09.739587Z,18d2d72a1da66c853f45a71d4f8ae14dda41da7b,True
353.0,,baby-doge-coin,babydoge,Baby Doge Coin,76665859,3079797.0,PENDING_CLASSIFICATION,UNREVIEWED_IDENTITY,2026-09-30,2026-09-30T05:33:12.368021+00:00,,,OFFICIAL_DAILY,market-lab:OFFICIAL_DAILY:5b082eeaf0744a8a9b433c07c9ee03f0,2026-09-30T05:33:09.739587Z,18d2d72a1da66c853f45a71d4f8ae14dda41da7b,True
354.0,,usdsui,usdsui,USDsui,76662944,3791889.0,PENDING_CLASSIFICATION,UNREVIEWED_IDENTITY,2026-09-30,2026-09-30T05:33:12.368021+00:00,,,OFFICIAL_DAILY,market-lab:OFFICIAL_DAILY:5b082eeaf0744a8a9b433c07c9ee03f0,2026-09-30T05:33:09.739587Z,18d2d72a1da66c853f45a71d4f8ae14dda41da7b,True
355.0,,sushi,sushi,Sushi,76316800,13055316.0,PENDING_CLASSIFICATION,UNREVIEWED_IDENTITY,2026-09-30,2026-09-30T05:33:12.368021+00:00,,,OFFICIAL_DAILY,market-lab:OFFICIAL_DAILY:5b082eeaf0744a8a9b433c07c9ee03f0,2026-09-30T05:33:09.739587Z,18d2d72a1da66c853f45a71d4f8ae14dda41da7b,True
356.0,,re,re,RE,76042363,8766353.0,PENDING_CLASSIFICATION,UNREVIEWED_IDENTITY,2026-09-30,2026-09-30T05:33:12.368021+00:00,,,OFFICIAL_DAILY,market-lab:OFFICIAL_DAILY:5b082eeaf0744a8a9b433c07c9ee03f0,2026-09-30T05:33:09.739587Z,18d2d72a1da66c853f45a71d4f8ae14dda41da7b,True
357.0,,strategy-stretch-preferred-ondo-tokenized,strcon,Strategy Stretch Preferred (Ondo Tokenized),75912735,2409744.0,PENDING_CLASSIFICATION,UNREVIEWED_IDENTITY,2026-09-30,2026-09-30T05:33:12.368021+00:00,,,OFFICIAL_DAILY,market-lab:OFFICIAL_DAILY:5b082eeaf0744a8a9b433c07c9ee03f0,2026-09-30T05:33:09.739587Z,18d2d72a1da66c853f45a71d4f8ae14dda41da7b,True
358.0,,cygnus-finance-global-usd,cgusd,Cygnus Finance Global USD,75599053,15.0,PENDING_CLASSIFICATION,UNREVIEWED_IDENTITY,2026-09-30,2026-09-30T05:33:12.368021+00:00,,,OFFICIAL_DAILY,market-lab:OFFICIAL_DAILY:5b082eeaf0744a8a9b433c07c9ee03f0,2026-09-30T05:33:09.739587Z,18d2d72a1da66c853f45a71d4f8ae14dda41da7b,True
359.0,,tradable-north-america-pos-lender-sstn,pc0000019,Tradable North America PoS Lender SSTN,75568634,0.0,PENDING_CLASSIFICATION,UNREVIEWED_IDENTITY,2026-09-30,2026-09-30T05:33:12.368021+00:00,,,OFFICIAL_DAILY,market-lab:OFFICIAL_DAILY:5b082eeaf0744a8a9b433c07c9ee03f0,2026-09-30T05:33:09.739587Z,18d2d72a1da66c853f45a71d4f8ae14dda41da7b,True
360.0,,tradable-na-neobank-sstl,pc0000023,Tradable NA Neobank SSTL,75000000,0.0,PENDING_CLASSIFICATION,UNREVIEWED_IDENTITY,2026-09-30,2026-09-30T05:33:12.368021+00:00,,,OFFICIAL_DAILY,market-lab:OFFICIAL_DAILY:5b082eeaf0744a8a9b433c07c9ee03f0,2026-09-30T05:33:09.739587Z,18d2d72a1da66c853f45a71d4f8ae14dda41da7b,True
361.0,,felix-feusd,feusd,Felix feUSD,74954315,32436.0,PENDING_CLASSIFICATION,UNREVIEWED_IDENTITY,2026-09-30,2026-09-30T05:33:12.368021+00:00,,,OFFICIAL_DAILY,market-lab:OFFICIAL_DAILY:5b082eeaf0744a8a9b433c07c9ee03f0,2026-09-30T05:33:09.739587Z,18d2d72a1da66c853f45a71d4f8ae14dda41da7b,True
362.0,,midas-mtbill,mtbill,Midas mTBILL,74615970,0.0,PENDING_CLASSIFICATION,UNREVIEWED_IDENTITY,2026-09-30,2026-09-30T05:33:12.368021+00:00,,,OFFICIAL_DAILY,market-lab:OFFICIAL_DAILY:5b082eeaf0744a8a9b433c07c9ee03f0,2026-09-30T05:33:09.739587Z,18d2d72a1da66c853f45a71d4f8ae14dda41da7b,True
363.0,61.0,kava,kava,Kava,74449520,9944625.0,OUTSIDE_TOP50,,2026-09-30,2026-09-30T05:33:12.368021+00:00,KAVA-USD,LIMITED_CLOSE_ONLY_INPUT,OFFICIAL_DAILY,market-lab:OFFICIAL_DAILY:5b082eeaf0744a8a9b433c07c9ee03f0,2026-09-30T05:33:09.739587Z,18d2d72a1da66c853f45a71d4f8ae14dda41da7b,True
364.0,,dola-usd,dola,DOLA,74371898,1072819.0,PENDING_CLASSIFICATION,UNREVIEWED_IDENTITY,2026-09-30,2026-09-30T05:33:12.368021+00:00,,,OFFICIAL_DAILY,market-lab:OFFICIAL_DAILY:5b082eeaf0744a8a9b433c07c9ee03f0,2026-09-30T05:33:09.739587Z,18d2d72a1da66c853f45a71d4f8ae14dda41da7b,True
365.0,,exod,exod,EXOD,74271060,0.0,PENDING_CLASSIFICATION,UNREVIEWED_IDENTITY,2026-09-30,2026-09-30T05:33:12.368021+00:00,,,OFFICIAL_DAILY,market-lab:OFFICIAL_DAILY:5b082eeaf0744a8a9b433c07c9ee03f0,2026-09-30T05:33:09.739587Z,18d2d72a1da66c853f45a71d4f8ae14dda41da7b,True
366.0,,zero-gravity,0g,0G,74257160,161069868.0,PENDING_CLASSIFICATION,UNREVIEWED_IDENTITY,2026-09-30,2026-09-30T05:33:12.368021+00:00,,,OFFICIAL_DAILY,market-lab:OFFICIAL_DAILY:5b082eeaf0744a8a9b433c07c9ee03f0,2026-09-30T05:33:09.739587Z,18d2d72a1da66c853f45a71d4f8ae14dda41da7b,True
367.0,,zignaly,zig,ZIG Finance,74121783,3191663.0,PENDING_CLASSIFICATION,UNREVIEWED_IDENTITY,2026-09-30,2026-09-30T05:33:12.368021+00:00,,,OFFICIAL_DAILY,market-lab:OFFICIAL_DAILY:5b082eeaf0744a8a9b433c07c9ee03f0,2026-09-30T05:33:09.739587Z,18d2d72a1da66c853f45a71d4f8ae14dda41da7b,True
368.0,,oasis-network,rose,Oasis,73025228,7701712.0,PENDING_CLASSIFICATION,UNREVIEWED_IDENTITY,2026-09-30,2026-09-30T05:33:12.368021+00:00,,,OFFICIAL_DAILY,market-lab:OFFICIAL_DAILY:5b082eeaf0744a8a9b433c07c9ee03f0,2026-09-30T05:33:09.739587Z,18d2d72a1da66c853f45a71d4f8ae14dda41da7b,True
369.0,,project-galaxy,gal,GAL (migrated to Gravity - G),72980934,48.93,PENDING_CLASSIFICATION,UNREVIEWED_IDENTITY,2026-09-30,2026-09-30T05:33:12.368021+00:00,,,OFFICIAL_DAILY,market-lab:OFFICIAL_DAILY:5b082eeaf0744a8a9b433c07c9ee03f0,2026-09-30T05:33:09.739587Z,18d2d72a1da66c853f45a71d4f8ae14dda41da7b,True
370.0,,ai-rig-complex,arc,AI Rig Complex,72644131,3802600.0,PENDING_CLASSIFICATION,UNREVIEWED_IDENTITY,2026-09-30,2026-09-30T05:33:12.368021+00:00,,,OFFICIAL_DAILY,market-lab:OFFICIAL_DAILY:5b082eeaf0744a8a9b433c07c9ee03f0,2026-09-30T05:33:09.739587Z,18d2d72a1da66c853f45a71d4f8ae14dda41da7b,True
371.0,,nexpace,nxpc,Nexpace,72257288,3802080.0,PENDING_CLASSIFICATION,UNREVIEWED_IDENTITY,2026-09-30,2026-09-30T05:33:12.368021+00:00,,,OFFICIAL_DAILY,market-lab:OFFICIAL_DAILY:5b082eeaf0744a8a9b433c07c9ee03f0,2026-09-30T05:33:09.739587Z,18d2d72a1da66c853f45a71d4f8ae14dda41da7b,True
372.0,,allora,allo,Allora,72010841,5111549.0,PENDING_CLASSIFICATION,UNREVIEWED_IDENTITY,2026-09-30,2026-09-30T05:33:12.368021+00:00,,,OFFICIAL_DAILY,market-lab:OFFICIAL_DAILY:5b082eeaf0744a8a9b433c07c9ee03f0,2026-09-30T05:33:09.739587Z,18d2d72a1da66c853f45a71d4f8ae14dda41da7b,True
373.0,,linea,linea,Linea,71828567,9486001.0,PENDING_CLASSIFICATION,UNREVIEWED_IDENTITY,2026-09-30,2026-09-30T05:33:12.368021+00:00,,,OFFICIAL_DAILY,market-lab:OFFICIAL_DAILY:5b082eeaf0744a8a9b433c07c9ee03f0,2026-09-30T05:33:09.739587Z,18d2d72a1da66c853f45a71d4f8ae14dda41da7b,True
374.0,,vethor-token,vtho,VeThor,71548379,36092870.0,PENDING_CLASSIFICATION,UNREVIEWED_IDENTITY,2026-09-30,2026-09-30T05:33:12.368021+00:00,,,OFFICIAL_DAILY,market-lab:OFFICIAL_DAILY:5b082eeaf0744a8a9b433c07c9ee03f0,2026-09-30T05:33:09.739587Z,18d2d72a1da66c853f45a71d4f8ae14dda41da7b,True
375.0,,qubic-network,qubic,Qubic,71427989,1670559.0,PENDING_CLASSIFICATION,UNREVIEWED_IDENTITY,2026-09-30,2026-09-30T05:33:12.368021+00:00,,,OFFICIAL_DAILY,market-lab:OFFICIAL_DAILY:5b082eeaf0744a8a9b433c07c9ee03f0,2026-09-30T05:33:09.739587Z,18d2d72a1da66c853f45a71d4f8ae14dda41da7b,True
376.0,,crown-brlv,brlv,Crown BRLV,71340086,29912.0,PENDING_CLASSIFICATION,UNREVIEWED_IDENTITY,2026-09-30,2026-09-30T05:33:12.368021+00:00,,,OFFICIAL_DAILY,market-lab:OFFICIAL_DAILY:5b082eeaf0744a8a9b433c07c9ee03f0,2026-09-30T05:33:09.739587Z,18d2d72a1da66c853f45a71d4f8ae14dda41da7b,True
377.0,,cross-2,one,ONEchain,71177620,3199981.0,PENDING_CLASSIFICATION,UNREVIEWED_IDENTITY,2026-09-30,2026-09-30T05:33:12.368021+00:00,,,OFFICIAL_DAILY,market-lab:OFFICIAL_DAILY:5b082eeaf0744a8a9b433c07c9ee03f0,2026-09-30T05:33:09.739587Z,18d2d72a1da66c853f45a71d4f8ae14dda41da7b,True
378.0,,marscat-token,mcat,Marscat Token,70944314,2781173.0,PENDING_CLASSIFICATION,UNREVIEWED_IDENTITY,2026-09-30,2026-09-30T05:33:12.368021+00:00,,,OFFICIAL_DAILY,market-lab:OFFICIAL_DAILY:5b082eeaf0744a8a9b433c07c9ee03f0,2026-09-30T05:33:09.739587Z,18d2d72a1da66c853f45a71d4f8ae14dda41da7b,True
379.0,,unifai-network,uai,UnifAI Network,70628336,3025094.0,PENDING_CLASSIFICATION,UNREVIEWED_IDENTITY,2026-09-30,2026-09-30T05:33:12.368021+00:00,,,OFFICIAL_DAILY,market-lab:OFFICIAL_DAILY:5b082eeaf0744a8a9b433c07c9ee03f0,2026-09-30T05:33:09.739587Z,18d2d72a1da66c853f45a71d4f8ae14dda41da7b,True
380.0,,lisk,lsk,Lisk,70519772,13766238.0,PENDING_CLASSIFICATION,UNREVIEWED_IDENTITY,2026-09-30,2026-09-30T05:33:12.368021+00:00,,,OFFICIAL_DAILY,market-lab:OFFICIAL_DAILY:5b082eeaf0744a8a9b433c07c9ee03f0,2026-09-30T05:33:09.739587Z,18d2d72a1da66c853f45a71d4f8ae14dda41da7b,True
381.0,,temple,temple,TempleDAO,70493707,3394.9,PENDING_CLASSIFICATION,UNREVIEWED_IDENTITY,2026-09-30,2026-09-30T05:33:12.368021+00:00,,,OFFICIAL_DAILY,market-lab:OFFICIAL_DAILY:5b082eeaf0744a8a9b433c07c9ee03f0,2026-09-30T05:33:09.739587Z,18d2d72a1da66c853f45a71d4f8ae14dda41da7b,True
382.0,,prize-protocol,prize,Prize Protocol,70346228,60176.0,PENDING_CLASSIFICATION,UNREVIEWED_IDENTITY,2026-09-30,2026-09-30T05:33:12.368021+00:00,,,OFFICIAL_DAILY,market-lab:OFFICIAL_DAILY:5b082eeaf0744a8a9b433c07c9ee03f0,2026-09-30T05:33:09.739587Z,18d2d72a1da66c853f45a71d4f8ae14dda41da7b,True
383.0,,ishares-core-s-p-500-etf-ondo-tokenized-etf,ivvon,iShares Core S&P 500 ETF (Ondo Tokenized ETF),70213667,11362.45,PENDING_CLASSIFICATION,UNREVIEWED_IDENTITY,2026-09-30,2026-09-30T05:33:12.368021+00:00,,,OFFICIAL_DAILY,market-lab:OFFICIAL_DAILY:5b082eeaf0744a8a9b433c07c9ee03f0,2026-09-30T05:33:09.739587Z,18d2d72a1da66c853f45a71d4f8ae14dda41da7b,True
384.0,,turbo,turbo,Turbo,70036761,6392914.0,PENDING_CLASSIFICATION,UNREVIEWED_IDENTITY,2026-09-30,2026-09-30T05:33:12.368021+00:00,,,OFFICIAL_DAILY,market-lab:OFFICIAL_DAILY:5b082eeaf0744a8a9b433c07c9ee03f0,2026-09-30T05:33:09.739587Z,18d2d72a1da66c853f45a71d4f8ae14dda41da7b,True
385.0,62.0,zilliqa,zil,Zilliqa,69836384,1922467.0,OUTSIDE_TOP50,,2026-09-30,2026-09-30T05:33:12.368021+00:00,ZIL-USD,LIMITED_CLOSE_ONLY_INPUT,OFFICIAL_DAILY,market-lab:OFFICIAL_DAILY:5b082eeaf0744a8a9b433c07c9ee03f0,2026-09-30T05:33:09.739587Z,18d2d72a1da66c853f45a71d4f8ae14dda41da7b,True
386.0,,matrixdock-gold,xaum,Matrixdock Gold,69583596,558995.0,PENDING_CLASSIFICATION,UNREVIEWED_IDENTITY,2026-09-30,2026-09-30T05:33:12.368021+00:00,,,OFFICIAL_DAILY,market-lab:OFFICIAL_DAILY:5b082eeaf0744a8a9b433c07c9ee03f0,2026-09-30T05:33:09.739587Z,18d2d72a1da66c853f45a71d4f8ae14dda41da7b,True
387.0,,book-of-meme,bome,BOOK OF MEME,68691354,11977775.0,PENDING_CLASSIFICATION,UNREVIEWED_IDENTITY,2026-09-30,2026-09-30T05:33:12.368021+00:00,,,OFFICIAL_DAILY,market-lab:OFFICIAL_DAILY:5b082eeaf0744a8a9b433c07c9ee03f0,2026-09-30T05:33:09.739587Z,18d2d72a1da66c853f45a71d4f8ae14dda41da7b,True
388.0,,proton,xpr,XPR Network,68353824,1743683.0,PENDING_CLASSIFICATION,UNREVIEWED_IDENTITY,2026-09-30,2026-09-30T05:33:12.368021+00:00,,,OFFICIAL_DAILY,market-lab:OFFICIAL_DAILY:5b082eeaf0744a8a9b433c07c9ee03f0,2026-09-30T05:33:09.739587Z,18d2d72a1da66c853f45a71d4f8ae14dda41da7b,True
389.0,,tesla-xstock,tslax,Tesla xStock,67791010,3327967.0,PENDING_CLASSIFICATION,UNREVIEWED_IDENTITY,2026-09-30,2026-09-30T05:33:12.368021+00:00,,,OFFICIAL_DAILY,market-lab:OFFICIAL_DAILY:5b082eeaf0744a8a9b433c07c9ee03f0,2026-09-30T05:33:09.739587Z,18d2d72a1da66c853f45a71d4f8ae14dda41da7b,True
390.0,,diem,diem,Diem,67722740,1839084.0,PENDING_CLASSIFICATION,UNREVIEWED_IDENTITY,2026-09-30,2026-09-30T05:33:12.368021+00:00,,,OFFICIAL_DAILY,market-lab:OFFICIAL_DAILY:5b082eeaf0744a8a9b433c07c9ee03f0,2026-09-30T05:33:09.739587Z,18d2d72a1da66c853f45a71d4f8ae14dda41da7b,True
391.0,,bending-spoons-xstock,bspx,Bending Spoons xStock,67696589,6287.92,PENDING_CLASSIFICATION,UNREVIEWED_IDENTITY,2026-09-30,2026-09-30T05:33:12.368021+00:00,,,OFFICIAL_DAILY,market-lab:OFFICIAL_DAILY:5b082eeaf0744a8a9b433c07c9ee03f0,2026-09-30T05:33:09.739587Z,18d2d72a1da66c853f45a71d4f8ae14dda41da7b,True
392.0,,espresso,esp,Espresso,67637252,1122801.0,PENDING_CLASSIFICATION,UNREVIEWED_IDENTITY,2026-09-30,2026-09-30T05:33:12.368021+00:00,,,OFFICIAL_DAILY,market-lab:OFFICIAL_DAILY:5b082eeaf0744a8a9b433c07c9ee03f0,2026-09-30T05:33:09.739587Z,18d2d72a1da66c853f45a71d4f8ae14dda41da7b,True
393.0,,bio-protocol,bio,Bio Protocol,66905518,16586668.0,PENDING_CLASSIFICATION,UNREVIEWED_IDENTITY,2026-09-30,2026-09-30T05:33:12.368021+00:00,,,OFFICIAL_DAILY,market-lab:OFFICIAL_DAILY:5b082eeaf0744a8a9b433c07c9ee03f0,2026-09-30T05:33:09.739587Z,18d2d72a1da66c853f45a71d4f8ae14dda41da7b,True
394.0,,babylon,baby,Babylon,66431846,196540406.0,PENDING_CLASSIFICATION,UNREVIEWED_IDENTITY,2026-09-30,2026-09-30T05:33:12.368021+00:00,,,OFFICIAL_DAILY,market-lab:OFFICIAL_DAILY:5b082eeaf0744a8a9b433c07c9ee03f0,2026-09-30T05:33:09.739587Z,18d2d72a1da66c853f45a71d4f8ae14dda41da7b,True
395.0,,mindwavedao,nila,MindWaveDAO,65892491,270196.0,PENDING_CLASSIFICATION,UNREVIEWED_IDENTITY,2026-09-30,2026-09-30T05:33:12.368021+00:00,,,OFFICIAL_DAILY,market-lab:OFFICIAL_DAILY:5b082eeaf0744a8a9b433c07c9ee03f0,2026-09-30T05:33:09.739587Z,18d2d72a1da66c853f45a71d4f8ae14dda41da7b,True
396.0,,midas-mf-one,mf-one,Midas mF-ONE,65616870,0.0,PENDING_CLASSIFICATION,UNREVIEWED_IDENTITY,2026-09-30,2026-09-30T05:33:12.368021+00:00,,,OFFICIAL_DAILY,market-lab:OFFICIAL_DAILY:5b082eeaf0744a8a9b433c07c9ee03f0,2026-09-30T05:33:09.739587Z,18d2d72a1da66c853f45a71d4f8ae14dda41da7b,True
397.0,,ondo-u-s-dollar-token,usdon,Ondo U.S. Dollar Token,65592096,0.0,PENDING_CLASSIFICATION,UNREVIEWED_IDENTITY,2026-09-30,2026-09-30T05:33:12.368021+00:00,,,OFFICIAL_DAILY,market-lab:OFFICIAL_DAILY:5b082eeaf0744a8a9b433c07c9ee03f0,2026-09-30T05:33:09.739587Z,18d2d72a1da66c853f45a71d4f8ae14dda41da7b,True
398.0,,nervos-network,ckb,Nervos Network,65557902,1432509.0,PENDING_CLASSIFICATION,UNREVIEWED_IDENTITY,2026-09-30,2026-09-30T05:33:12.368021+00:00,,,OFFICIAL_DAILY,market-lab:OFFICIAL_DAILY:5b082eeaf0744a8a9b433c07c9ee03f0,2026-09-30T05:33:09.739587Z,18d2d72a1da66c853f45a71d4f8ae14dda41da7b,True
399.0,,tradable-eu-latam-pos-financing-sstl,pc0000049,Tradable Eu/LatAm PoS Financing SSTL,65300000,0.0,PENDING_CLASSIFICATION,UNREVIEWED_IDENTITY,2026-09-30,2026-09-30T05:33:12.368021+00:00,,,OFFICIAL_DAILY,market-lab:OFFICIAL_DAILY:5b082eeaf0744a8a9b433c07c9ee03f0,2026-09-30T05:33:09.739587Z,18d2d72a1da66c853f45a71d4f8ae14dda41da7b,True
400.0,,axelar,axl,Axelar,65291776,4629799.0,PENDING_CLASSIFICATION,UNREVIEWED_IDENTITY,2026-09-30,2026-09-30T05:33:12.368021+00:00,,,OFFICIAL_DAILY,market-lab:OFFICIAL_DAILY:5b082eeaf0744a8a9b433c07c9ee03f0,2026-09-30T05:33:09.739587Z,18d2d72a1da66c853f45a71d4f8ae14dda41da7b,True
401.0,,anvil,anvl,Anvil,64907184,49448.0,PENDING_CLASSIFICATION,UNREVIEWED_IDENTITY,2026-09-30,2026-09-30T05:33:12.368021+00:00,,,OFFICIAL_DAILY,market-lab:OFFICIAL_DAILY:5b082eeaf0744a8a9b433c07c9ee03f0,2026-09-30T05:33:09.739587Z,18d2d72a1da66c853f45a71d4f8ae14dda41da7b,True
402.0,,sp500-xstock,spyx,SP500 xStock,64722270,11105623.0,PENDING_CLASSIFICATION,UNREVIEWED_IDENTITY,2026-09-30,2026-09-30T05:33:12.368021+00:00,,,OFFICIAL_DAILY,market-lab:OFFICIAL_DAILY:5b082eeaf0744a8a9b433c07c9ee03f0,2026-09-30T05:33:09.739587Z,18d2d72a1da66c853f45a71d4f8ae14dda41da7b,True
403.0,,dexe,dexe,DeXe,64681453,7015780.0,PENDING_CLASSIFICATION,UNREVIEWED_IDENTITY,2026-09-30,2026-09-30T05:33:12.368021+00:00,,,OFFICIAL_DAILY,market-lab:OFFICIAL_DAILY:5b082eeaf0744a8a9b433c07c9ee03f0,2026-09-30T05:33:09.739587Z,18d2d72a1da66c853f45a71d4f8ae14dda41da7b,True
404.0,,ecomi,omi,ECOMI,64597017,777283.0,PENDING_CLASSIFICATION,UNREVIEWED_IDENTITY,2026-09-30,2026-09-30T05:33:12.368021+00:00,,,OFFICIAL_DAILY,market-lab:OFFICIAL_DAILY:5b082eeaf0744a8a9b433c07c9ee03f0,2026-09-30T05:33:09.739587Z,18d2d72a1da66c853f45a71d4f8ae14dda41da7b,True
405.0,,astar,astr,Astar,64271451,2593816.0,PENDING_CLASSIFICATION,UNREVIEWED_IDENTITY,2026-09-30,2026-09-30T05:33:12.368021+00:00,,,OFFICIAL_DAILY,market-lab:OFFICIAL_DAILY:5b082eeaf0744a8a9b433c07c9ee03f0,2026-09-30T05:33:09.739587Z,18d2d72a1da66c853f45a71d4f8ae14dda41da7b,True
406.0,,comedian,ban,Comedian,64165914,4723967.0,PENDING_CLASSIFICATION,UNREVIEWED_IDENTITY,2026-09-30,2026-09-30T05:33:12.368021+00:00,,,OFFICIAL_DAILY,market-lab:OFFICIAL_DAILY:5b082eeaf0744a8a9b433c07c9ee03f0,2026-09-30T05:33:09.739587Z,18d2d72a1da66c853f45a71d4f8ae14dda41da7b,True
407.0,,creditcoin-2,ctc,Creditcoin,63862400,1425102.0,PENDING_CLASSIFICATION,UNREVIEWED_IDENTITY,2026-09-30,2026-09-30T05:33:12.368021+00:00,,,OFFICIAL_DAILY,market-lab:OFFICIAL_DAILY:5b082eeaf0744a8a9b433c07c9ee03f0,2026-09-30T05:33:09.739587Z,18d2d72a1da66c853f45a71d4f8ae14dda41da7b,True
408.0,,aelf,elf,aelf,63735160,553284.0,PENDING_CLASSIFICATION,UNREVIEWED_IDENTITY,2026-09-30,2026-09-30T05:33:12.368021+00:00,,,OFFICIAL_DAILY,market-lab:OFFICIAL_DAILY:5b082eeaf0744a8a9b433c07c9ee03f0,2026-09-30T05:33:09.739587Z,18d2d72a1da66c853f45a71d4f8ae14dda41da7b,True
409.0,,securitize-corp,secz,Securitize,63729269,0.0,PENDING_CLASSIFICATION,UNREVIEWED_IDENTITY,2026-09-30,2026-09-30T05:33:12.368021+00:00,,,OFFICIAL_DAILY,market-lab:OFFICIAL_DAILY:5b082eeaf0744a8a9b433c07c9ee03f0,2026-09-30T05:33:09.739587Z,18d2d72a1da66c853f45a71d4f8ae14dda41da7b,True
410.0,,io,io,io.net,63639482,10084831.0,PENDING_CLASSIFICATION,UNREVIEWED_IDENTITY,2026-09-30,2026-09-30T05:33:12.368021+00:00,,,OFFICIAL_DAILY,market-lab:OFFICIAL_DAILY:5b082eeaf0744a8a9b433c07c9ee03f0,2026-09-30T05:33:09.739587Z,18d2d72a1da66c853f45a71d4f8ae14dda41da7b,True
411.0,,metal-blockchain,metal,Metal Blockchain,63185355,547963.0,PENDING_CLASSIFICATION,UNREVIEWED_IDENTITY,2026-09-30,2026-09-30T05:33:12.368021+00:00,,,OFFICIAL_DAILY,market-lab:OFFICIAL_DAILY:5b082eeaf0744a8a9b433c07c9ee03f0,2026-09-30T05:33:09.739587Z,18d2d72a1da66c853f45a71d4f8ae14dda41da7b,True
412.0,,merlin-chain,merl,Merlin Chain,62905347,2750110.0,PENDING_CLASSIFICATION,UNREVIEWED_IDENTITY,2026-09-30,2026-09-30T05:33:12.368021+00:00,,,OFFICIAL_DAILY,market-lab:OFFICIAL_DAILY:5b082eeaf0744a8a9b433c07c9ee03f0,2026-09-30T05:33:09.739587Z,18d2d72a1da66c853f45a71d4f8ae14dda41da7b,True
413.0,,pha,pha,PHALA,62866340,78735040.0,PENDING_CLASSIFICATION,UNREVIEWED_IDENTITY,2026-09-30,2026-09-30T05:33:12.368021+00:00,,,OFFICIAL_DAILY,market-lab:OFFICIAL_DAILY:5b082eeaf0744a8a9b433c07c9ee03f0,2026-09-30T05:33:09.739587Z,18d2d72a1da66c853f45a71d4f8ae14dda41da7b,True
414.0,,talus,us,Talus,62280514,11027701.0,PENDING_CLASSIFICATION,UNREVIEWED_IDENTITY,2026-09-30,2026-09-30T05:33:12.368021+00:00,,,OFFICIAL_DAILY,market-lab:OFFICIAL_DAILY:5b082eeaf0744a8a9b433c07c9ee03f0,2026-09-30T05:33:09.739587Z,18d2d72a1da66c853f45a71d4f8ae14dda41da7b,True
415.0,,lobster-2,龙虾,龙虾 (Lobster),61998396,9523473.0,PENDING_CLASSIFICATION,UNREVIEWED_IDENTITY,2026-09-30,2026-09-30T05:33:12.368021+00:00,,,OFFICIAL_DAILY,market-lab:OFFICIAL_DAILY:5b082eeaf0744a8a9b433c07c9ee03f0,2026-09-30T05:33:09.739587Z,18d2d72a1da66c853f45a71d4f8ae14dda41da7b,True
416.0,,goplus-security,gps,GoPlus Security,61259533,6323327.0,PENDING_CLASSIFICATION,UNREVIEWED_IDENTITY,2026-09-30,2026-09-30T05:33:12.368021+00:00,,,OFFICIAL_DAILY,market-lab:OFFICIAL_DAILY:5b082eeaf0744a8a9b433c07c9ee03f0,2026-09-30T05:33:09.739587Z,18d2d72a1da66c853f45a71d4f8ae14dda41da7b,True
417.0,,celo,celo,Celo,60933322,55456014.0,PENDING_CLASSIFICATION,UNREVIEWED_IDENTITY,2026-09-30,2026-09-30T05:33:12.368021+00:00,,,OFFICIAL_DAILY,market-lab:OFFICIAL_DAILY:5b082eeaf0744a8a9b433c07c9ee03f0,2026-09-30T05:33:09.739587Z,18d2d72a1da66c853f45a71d4f8ae14dda41da7b,True
418.0,,threshold-network-token,t,Threshold Network,60880695,4206218.0,PENDING_CLASSIFICATION,UNREVIEWED_IDENTITY,2026-09-30,2026-09-30T05:33:12.368021+00:00,,,OFFICIAL_DAILY,market-lab:OFFICIAL_DAILY:5b082eeaf0744a8a9b433c07c9ee03f0,2026-09-30T05:33:09.739587Z,18d2d72a1da66c853f45a71d4f8ae14dda41da7b,True
419.0,,meme-horse,mhorse,MEME HORSE,60515009,174523.0,PENDING_CLASSIFICATION,UNREVIEWED_IDENTITY,2026-09-30,2026-09-30T05:33:12.368021+00:00,,,OFFICIAL_DAILY,market-lab:OFFICIAL_DAILY:5b082eeaf0744a8a9b433c07c9ee03f0,2026-09-30T05:33:09.739587Z,18d2d72a1da66c853f45a71d4f8ae14dda41da7b,True
420.0,,newton-project,ab,AB,60408699,464284.0,PENDING_CLASSIFICATION,UNREVIEWED_IDENTITY,2026-09-30,2026-09-30T05:33:12.368021+00:00,,,OFFICIAL_DAILY,market-lab:OFFICIAL_DAILY:5b082eeaf0744a8a9b433c07c9ee03f0,2026-09-30T05:33:09.739587Z,18d2d72a1da66c853f45a71d4f8ae14dda41da7b,True
421.0,,mubarak,mubarak,Mubarak,60144251,26161816.0,PENDING_CLASSIFICATION,UNREVIEWED_IDENTITY,2026-09-30,2026-09-30T05:33:12.368021+00:00,,,OFFICIAL_DAILY,market-lab:OFFICIAL_DAILY:5b082eeaf0744a8a9b433c07c9ee03f0,2026-09-30T05:33:09.739587Z,18d2d72a1da66c853f45a71d4f8ae14dda41da7b,True
422.0,63.0,enjincoin,enj,Enjin Coin,59197689,4415435.0,OUTSIDE_TOP50,,2026-09-30,2026-09-30T05:33:12.368021+00:00,ENJ-USD,LIMITED_CLOSE_ONLY_INPUT,OFFICIAL_DAILY,market-lab:OFFICIAL_DAILY:5b082eeaf0744a8a9b433c07c9ee03f0,2026-09-30T05:33:09.739587Z,18d2d72a1da66c853f45a71d4f8ae14dda41da7b,True
423.0,,affine,sn120,affine,58937593,1008773.0,PENDING_CLASSIFICATION,UNREVIEWED_IDENTITY,2026-09-30,2026-09-30T05:33:12.368021+00:00,,,OFFICIAL_DAILY,market-lab:OFFICIAL_DAILY:5b082eeaf0744a8a9b433c07c9ee03f0,2026-09-30T05:33:09.739587Z,18d2d72a1da66c853f45a71d4f8ae14dda41da7b,True
424.0,,noxo,noxo,NOXO,58934666,33733.0,PENDING_CLASSIFICATION,UNREVIEWED_IDENTITY,2026-09-30,2026-09-30T05:33:12.368021+00:00,,,OFFICIAL_DAILY,market-lab:OFFICIAL_DAILY:5b082eeaf0744a8a9b433c07c9ee03f0,2026-09-30T05:33:09.739587Z,18d2d72a1da66c853f45a71d4f8ae14dda41da7b,True
425.0,,orbio-so,orbio,Orbio.so,58873864,2724867.0,PENDING_CLASSIFICATION,UNREVIEWED_IDENTITY,2026-09-30,2026-09-30T05:33:12.368021+00:00,,,OFFICIAL_DAILY,market-lab:OFFICIAL_DAILY:5b082eeaf0744a8a9b433c07c9ee03f0,2026-09-30T05:33:09.739587Z,18d2d72a1da66c853f45a71d4f8ae14dda41da7b,True
426.0,,venus,xvs,Venus,58816201,2072351.0,PENDING_CLASSIFICATION,UNREVIEWED_IDENTITY,2026-09-30,2026-09-30T05:33:12.368021+00:00,,,OFFICIAL_DAILY,market-lab:OFFICIAL_DAILY:5b082eeaf0744a8a9b433c07c9ee03f0,2026-09-30T05:33:09.739587Z,18d2d72a1da66c853f45a71d4f8ae14dda41da7b,True
427.0,,flying-tulip,ft,Flying Tulip,58775872,150125.0,PENDING_CLASSIFICATION,UNREVIEWED_IDENTITY,2026-09-30,2026-09-30T05:33:12.368021+00:00,,,OFFICIAL_DAILY,market-lab:OFFICIAL_DAILY:5b082eeaf0744a8a9b433c07c9ee03f0,2026-09-30T05:33:09.739587Z,18d2d72a1da66c853f45a71d4f8ae14dda41da7b,True
428.0,,deep,deep,DeepBook,58564296,10634806.0,PENDING_CLASSIFICATION,UNREVIEWED_IDENTITY,2026-09-30,2026-09-30T05:33:12.368021+00:00,,,OFFICIAL_DAILY,market-lab:OFFICIAL_DAILY:5b082eeaf0744a8a9b433c07c9ee03f0,2026-09-30T05:33:09.739587Z,18d2d72a1da66c853f45a71d4f8ae14dda41da7b,True
429.0,,anonymous-cat,zcat,Anonymous Cat,58498726,5518954.0,PENDING_CLASSIFICATION,UNREVIEWED_IDENTITY,2026-09-30,2026-09-30T05:33:12.368021+00:00,,,OFFICIAL_DAILY,market-lab:OFFICIAL_DAILY:5b082eeaf0744a8a9b433c07c9ee03f0,2026-09-30T05:33:09.739587Z,18d2d72a1da66c853f45a71d4f8ae14dda41da7b,True
430.0,,centrifuge-2,cfg,Centrifuge,58430219,15582486.0,PENDING_CLASSIFICATION,UNREVIEWED_IDENTITY,2026-09-30,2026-09-30T05:33:12.368021+00:00,,,OFFICIAL_DAILY,market-lab:OFFICIAL_DAILY:5b082eeaf0744a8a9b433c07c9ee03f0,2026-09-30T05:33:09.739587Z,18d2d72a1da66c853f45a71d4f8ae14dda41da7b,True
431.0,,blur,blur,Blur,58083519,9007153.0,PENDING_CLASSIFICATION,UNREVIEWED_IDENTITY,2026-09-30,2026-09-30T05:33:12.368021+00:00,,,OFFICIAL_DAILY,market-lab:OFFICIAL_DAILY:5b082eeaf0744a8a9b433c07c9ee03f0,2026-09-30T05:33:09.739587Z,18d2d72a1da66c853f45a71d4f8ae14dda41da7b,True
432.0,,efficientfrontier,sn53,EfficientFrontier,57762641,5184440.0,PENDING_CLASSIFICATION,UNREVIEWED_IDENTITY,2026-09-30,2026-09-30T05:33:12.368021+00:00,,,OFFICIAL_DAILY,market-lab:OFFICIAL_DAILY:5b082eeaf0744a8a9b433c07c9ee03f0,2026-09-30T05:33:09.739587Z,18d2d72a1da66c853f45a71d4f8ae14dda41da7b,True
433.0,,ontology,ont,Ontology,57717710,2450392.0,PENDING_CLASSIFICATION,UNREVIEWED_IDENTITY,2026-09-30,2026-09-30T05:33:12.368021+00:00,,,OFFICIAL_DAILY,market-lab:OFFICIAL_DAILY:5b082eeaf0744a8a9b433c07c9ee03f0,2026-09-30T05:33:09.739587Z,18d2d72a1da66c853f45a71d4f8ae14dda41da7b,True
434.0,,space-id,id,SPACE ID,57571116,4121847.0,PENDING_CLASSIFICATION,UNREVIEWED_IDENTITY,2026-09-30,2026-09-30T05:33:12.368021+00:00,,,OFFICIAL_DAILY,market-lab:OFFICIAL_DAILY:5b082eeaf0744a8a9b433c07c9ee03f0,2026-09-30T05:33:09.739587Z,18d2d72a1da66c853f45a71d4f8ae14dda41da7b,True
435.0,,the-black-bull,ansem,The Black Bull,57518232,6072256.0,PENDING_CLASSIFICATION,UNREVIEWED_IDENTITY,2026-09-30,2026-09-30T05:33:12.368021+00:00,,,OFFICIAL_DAILY,market-lab:OFFICIAL_DAILY:5b082eeaf0744a8a9b433c07c9ee03f0,2026-09-30T05:33:09.739587Z,18d2d72a1da66c853f45a71d4f8ae14dda41da7b,True
436.0,,tellor,trb,Tellor Tributes,57445050,25072003.0,PENDING_CLASSIFICATION,UNREVIEWED_IDENTITY,2026-09-30,2026-09-30T05:33:12.368021+00:00,,,OFFICIAL_DAILY,market-lab:OFFICIAL_DAILY:5b082eeaf0744a8a9b433c07c9ee03f0,2026-09-30T05:33:09.739587Z,18d2d72a1da66c853f45a71d4f8ae14dda41da7b,True
437.0,,polymesh,polyx,Polymesh,57396188,904984.0,PENDING_CLASSIFICATION,UNREVIEWED_IDENTITY,2026-09-30,2026-09-30T05:33:12.368021+00:00,,,OFFICIAL_DAILY,market-lab:OFFICIAL_DAILY:5b082eeaf0744a8a9b433c07c9ee03f0,2026-09-30T05:33:09.739587Z,18d2d72a1da66c853f45a71d4f8ae14dda41da7b,True
438.0,,amp-token,amp,Amp,57251794,12402653.0,PENDING_CLASSIFICATION,UNREVIEWED_IDENTITY,2026-09-30,2026-09-30T05:33:12.368021+00:00,,,OFFICIAL_DAILY,market-lab:OFFICIAL_DAILY:5b082eeaf0744a8a9b433c07c9ee03f0,2026-09-30T05:33:09.739587Z,18d2d72a1da66c853f45a71d4f8ae14dda41da7b,True
439.0,,chainopera-ai,coai,ChainOpera AI,57205391,2100815.0,PENDING_CLASSIFICATION,UNREVIEWED_IDENTITY,2026-09-30,2026-09-30T05:33:12.368021+00:00,,,OFFICIAL_DAILY,market-lab:OFFICIAL_DAILY:5b082eeaf0744a8a9b433c07c9ee03f0,2026-09-30T05:33:09.739587Z,18d2d72a1da66c853f45a71d4f8ae14dda41da7b,True
440.0,,tradable-na-legal-receivables-ssl,pc0000081,Tradable NA Legal Receivables SSL,57132381,0.0,PENDING_CLASSIFICATION,UNREVIEWED_IDENTITY,2026-09-30,2026-09-30T05:33:12.368021+00:00,,,OFFICIAL_DAILY,market-lab:OFFICIAL_DAILY:5b082eeaf0744a8a9b433c07c9ee03f0,2026-09-30T05:33:09.739587Z,18d2d72a1da66c853f45a71d4f8ae14dda41da7b,True
441.0,,vaneck-treasury-fund,vbill,VanEck Treasury Fund,57039803,0.0,PENDING_CLASSIFICATION,UNREVIEWED_IDENTITY,2026-09-30,2026-09-30T05:33:12.368021+00:00,,,OFFICIAL_DAILY,market-lab:OFFICIAL_DAILY:5b082eeaf0744a8a9b433c07c9ee03f0,2026-09-30T05:33:09.739587Z,18d2d72a1da66c853f45a71d4f8ae14dda41da7b,True
442.0,,pentagon-chain,pc,Pentagon Chain,57036890,9334.85,PENDING_CLASSIFICATION,UNREVIEWED_IDENTITY,2026-09-30,2026-09-30T05:33:12.368021+00:00,,,OFFICIAL_DAILY,market-lab:OFFICIAL_DAILY:5b082eeaf0744a8a9b433c07c9ee03f0,2026-09-30T05:33:09.739587Z,18d2d72a1da66c853f45a71d4f8ae14dda41da7b,True
443.0,,researchcoin,rsc,ResearchCoin,57036300,198154.0,PENDING_CLASSIFICATION,UNREVIEWED_IDENTITY,2026-09-30,2026-09-30T05:33:12.368021+00:00,,,OFFICIAL_DAILY,market-lab:OFFICIAL_DAILY:5b082eeaf0744a8a9b433c07c9ee03f0,2026-09-30T05:33:09.739587Z,18d2d72a1da66c853f45a71d4f8ae14dda41da7b,True
444.0,,altlayer,alt,AltLayer,56859235,4851254.0,PENDING_CLASSIFICATION,UNREVIEWED_IDENTITY,2026-09-30,2026-09-30T05:33:12.368021+00:00,,,OFFICIAL_DAILY,market-lab:OFFICIAL_DAILY:5b082eeaf0744a8a9b433c07c9ee03f0,2026-09-30T05:33:09.739587Z,18d2d72a1da66c853f45a71d4f8ae14dda41da7b,True
445.0,,bas,bas,BNB Attestation Service,56726391,953659.0,PENDING_CLASSIFICATION,UNREVIEWED_IDENTITY,2026-09-30,2026-09-30T05:33:12.368021+00:00,,,OFFICIAL_DAILY,market-lab:OFFICIAL_DAILY:5b082eeaf0744a8a9b433c07c9ee03f0,2026-09-30T05:33:09.739587Z,18d2d72a1da66c853f45a71d4f8ae14dda41da7b,True
446.0,,based-brett,brett,Brett,56558490,3428329.0,PENDING_CLASSIFICATION,UNREVIEWED_IDENTITY,2026-09-30,2026-09-30T05:33:12.368021+00:00,,,OFFICIAL_DAILY,market-lab:OFFICIAL_DAILY:5b082eeaf0744a8a9b433c07c9ee03f0,2026-09-30T05:33:09.739587Z,18d2d72a1da66c853f45a71d4f8ae14dda41da7b,True
447.0,,strategy-tokenized-bstocks,mstrb,Strategy (bStocks Tokenized Stock),56512098,4879838.0,PENDING_CLASSIFICATION,UNREVIEWED_IDENTITY,2026-09-30,2026-09-30T05:33:12.368021+00:00,,,OFFICIAL_DAILY,market-lab:OFFICIAL_DAILY:5b082eeaf0744a8a9b433c07c9ee03f0,2026-09-30T05:33:09.739587Z,18d2d72a1da66c853f45a71d4f8ae14dda41da7b,True
448.0,,score,sn44,Score,56462571,2082598.0,PENDING_CLASSIFICATION,UNREVIEWED_IDENTITY,2026-09-30,2026-09-30T05:33:12.368021+00:00,,,OFFICIAL_DAILY,market-lab:OFFICIAL_DAILY:5b082eeaf0744a8a9b433c07c9ee03f0,2026-09-30T05:33:09.739587Z,18d2d72a1da66c853f45a71d4f8ae14dda41da7b,True
449.0,,fonq,fonq,FONQ,56403296,212944.0,PENDING_CLASSIFICATION,UNREVIEWED_IDENTITY,2026-09-30,2026-09-30T05:33:12.368021+00:00,,,OFFICIAL_DAILY,market-lab:OFFICIAL_DAILY:5b082eeaf0744a8a9b433c07c9ee03f0,2026-09-30T05:33:09.739587Z,18d2d72a1da66c853f45a71d4f8ae14dda41da7b,True
450.0,,arcium,arx,Arcium,56053969,26615277.0,PENDING_CLASSIFICATION,UNREVIEWED_IDENTITY,2026-09-30,2026-09-30T05:33:12.368021+00:00,,,OFFICIAL_DAILY,market-lab:OFFICIAL_DAILY:5b082eeaf0744a8a9b433c07c9ee03f0,2026-09-30T05:33:09.739587Z,18d2d72a1da66c853f45a71d4f8ae14dda41da7b,True
451.0,,jelly-my-jelly,jellyjelly,Jelly-My-Jelly,55715468,2714958.0,PENDING_CLASSIFICATION,UNREVIEWED_IDENTITY,2026-09-30,2026-09-30T05:33:12.368021+00:00,,,OFFICIAL_DAILY,market-lab:OFFICIAL_DAILY:5b082eeaf0744a8a9b433c07c9ee03f0,2026-09-30T05:33:09.739587Z,18d2d72a1da66c853f45a71d4f8ae14dda41da7b,True
452.0,,flow,flow,Flow,55405133,6079406.0,PENDING_CLASSIFICATION,UNREVIEWED_IDENTITY,2026-09-30,2026-09-30T05:33:12.368021+00:00,,,OFFICIAL_DAILY,market-lab:OFFICIAL_DAILY:5b082eeaf0744a8a9b433c07c9ee03f0,2026-09-30T05:33:09.739587Z,18d2d72a1da66c853f45a71d4f8ae14dda41da7b,True
453.0,,nockchain,nock,Nockchain,55215703,885077.0,PENDING_CLASSIFICATION,UNREVIEWED_IDENTITY,2026-09-30,2026-09-30T05:33:12.368021+00:00,,,OFFICIAL_DAILY,market-lab:OFFICIAL_DAILY:5b082eeaf0744a8a9b433c07c9ee03f0,2026-09-30T05:33:09.739587Z,18d2d72a1da66c853f45a71d4f8ae14dda41da7b,True
454.0,,standx-dusd,dusd,StandX DUSD,55117781,1210963.0,PENDING_CLASSIFICATION,UNREVIEWED_IDENTITY,2026-09-30,2026-09-30T05:33:12.368021+00:00,,,OFFICIAL_DAILY,market-lab:OFFICIAL_DAILY:5b082eeaf0744a8a9b433c07c9ee03f0,2026-09-30T05:33:09.739587Z,18d2d72a1da66c853f45a71d4f8ae14dda41da7b,True
455.0,,unitas,up,Unitas,54714516,11852357.0,PENDING_CLASSIFICATION,UNREVIEWED_IDENTITY,2026-09-30,2026-09-30T05:33:12.368021+00:00,,,OFFICIAL_DAILY,market-lab:OFFICIAL_DAILY:5b082eeaf0744a8a9b433c07c9ee03f0,2026-09-30T05:33:09.739587Z,18d2d72a1da66c853f45a71d4f8ae14dda41da7b,True
456.0,,pirate-chain,arrr,Pirate Chain,54702522,518557.0,PENDING_CLASSIFICATION,UNREVIEWED_IDENTITY,2026-09-30,2026-09-30T05:33:12.368021+00:00,,,OFFICIAL_DAILY,market-lab:OFFICIAL_DAILY:5b082eeaf0744a8a9b433c07c9ee03f0,2026-09-30T05:33:09.739587Z,18d2d72a1da66c853f45a71d4f8ae14dda41da7b,True
457.0,,alchemist-ai,alch,Alchemist AI,54100042,3015959.0,PENDING_CLASSIFICATION,UNREVIEWED_IDENTITY,2026-09-30,2026-09-30T05:33:12.368021+00:00,,,OFFICIAL_DAILY,market-lab:OFFICIAL_DAILY:5b082eeaf0744a8a9b433c07c9ee03f0,2026-09-30T05:33:09.739587Z,18d2d72a1da66c853f45a71d4f8ae14dda41da7b,True
458.0,,toshi,toshi,Toshi,54086689,6990177.0,PENDING_CLASSIFICATION,UNREVIEWED_IDENTITY,2026-09-30,2026-09-30T05:33:12.368021+00:00,,,OFFICIAL_DAILY,market-lab:OFFICIAL_DAILY:5b082eeaf0744a8a9b433c07c9ee03f0,2026-09-30T05:33:09.739587Z,18d2d72a1da66c853f45a71d4f8ae14dda41da7b,True
459.0,,peanut-the-squirrel,pnut,Peanut the Squirrel,53757421,8831202.0,PENDING_CLASSIFICATION,UNREVIEWED_IDENTITY,2026-09-30,2026-09-30T05:33:12.368021+00:00,,,OFFICIAL_DAILY,market-lab:OFFICIAL_DAILY:5b082eeaf0744a8a9b433c07c9ee03f0,2026-09-30T05:33:09.739587Z,18d2d72a1da66c853f45a71d4f8ae14dda41da7b,True
460.0,,ravedao,rave,RaveDAO,53489109,4026398.0,PENDING_CLASSIFICATION,UNREVIEWED_IDENTITY,2026-09-30,2026-09-30T05:33:12.368021+00:00,,,OFFICIAL_DAILY,market-lab:OFFICIAL_DAILY:5b082eeaf0744a8a9b433c07c9ee03f0,2026-09-30T05:33:09.739587Z,18d2d72a1da66c853f45a71d4f8ae14dda41da7b,True
461.0,,ozapay,oza,Ozapay,53324042,320.96,PENDING_CLASSIFICATION,UNREVIEWED_IDENTITY,2026-09-30,2026-09-30T05:33:12.368021+00:00,,,OFFICIAL_DAILY,market-lab:OFFICIAL_DAILY:5b082eeaf0744a8a9b433c07c9ee03f0,2026-09-30T05:33:09.739587Z,18d2d72a1da66c853f45a71d4f8ae14dda41da7b,True
462.0,,verge,xvg,Verge,53056860,2206734.0,PENDING_CLASSIFICATION,UNREVIEWED_IDENTITY,2026-09-30,2026-09-30T05:33:12.368021+00:00,,,OFFICIAL_DAILY,market-lab:OFFICIAL_DAILY:5b082eeaf0744a8a9b433c07c9ee03f0,2026-09-30T05:33:09.739587Z,18d2d72a1da66c853f45a71d4f8ae14dda41da7b,True
463.0,,bim-2,bim,BIM,52491377,94032.0,PENDING_CLASSIFICATION,UNREVIEWED_IDENTITY,2026-09-30,2026-09-30T05:33:12.368021+00:00,,,OFFICIAL_DAILY,market-lab:OFFICIAL_DAILY:5b082eeaf0744a8a9b433c07c9ee03f0,2026-09-30T05:33:09.739587Z,18d2d72a1da66c853f45a71d4f8ae14dda41da7b,True
464.0,,popcat,popcat,Popcat,52485503,11346322.0,PENDING_CLASSIFICATION,UNREVIEWED_IDENTITY,2026-09-30,2026-09-30T05:33:12.368021+00:00,,,OFFICIAL_DAILY,market-lab:OFFICIAL_DAILY:5b082eeaf0744a8a9b433c07c9ee03f0,2026-09-30T05:33:09.739587Z,18d2d72a1da66c853f45a71d4f8ae14dda41da7b,True
465.0,,siacoin,sc,Siacoin,52172480,3082844.0,PENDING_CLASSIFICATION,UNREVIEWED_IDENTITY,2026-09-30,2026-09-30T05:33:12.368021+00:00,,,OFFICIAL_DAILY,market-lab:OFFICIAL_DAILY:5b082eeaf0744a8a9b433c07c9ee03f0,2026-09-30T05:33:09.739587Z,18d2d72a1da66c853f45a71d4f8ae14dda41da7b,True
466.0,,lido-earnusd,earnusd,Lido EarnUSD,52140727,0.0,PENDING_CLASSIFICATION,UNREVIEWED_IDENTITY,2026-09-30,2026-09-30T05:33:12.368021+00:00,,,OFFICIAL_DAILY,market-lab:OFFICIAL_DAILY:5b082eeaf0744a8a9b433c07c9ee03f0,2026-09-30T05:33:09.739587Z,18d2d72a1da66c853f45a71d4f8ae14dda41da7b,True
467.0,,brz,brz,Brazilian Digital,51898671,243984.0,PENDING_CLASSIFICATION,UNREVIEWED_IDENTITY,2026-09-30,2026-09-30T05:33:12.368021+00:00,,,OFFICIAL_DAILY,market-lab:OFFICIAL_DAILY:5b082eeaf0744a8a9b433c07c9ee03f0,2026-09-30T05:33:09.739587Z,18d2d72a1da66c853f45a71d4f8ae14dda41da7b,True
468.0,,unipoly,unp,Unipoly,51749373,237677.0,PENDING_CLASSIFICATION,UNREVIEWED_IDENTITY,2026-09-30,2026-09-30T05:33:12.368021+00:00,,,OFFICIAL_DAILY,market-lab:OFFICIAL_DAILY:5b082eeaf0744a8a9b433c07c9ee03f0,2026-09-30T05:33:09.739587Z,18d2d72a1da66c853f45a71d4f8ae14dda41da7b,True
469.0,,aria-chain,ariax,ARIA NETWORK,51618307,1127931.0,PENDING_CLASSIFICATION,UNREVIEWED_IDENTITY,2026-09-30,2026-09-30T05:33:12.368021+00:00,,,OFFICIAL_DAILY,market-lab:OFFICIAL_DAILY:5b082eeaf0744a8a9b433c07c9ee03f0,2026-09-30T05:33:09.739587Z,18d2d72a1da66c853f45a71d4f8ae14dda41da7b,True
470.0,,huma-finance,huma,Huma Finance,51537811,15448648.0,PENDING_CLASSIFICATION,UNREVIEWED_IDENTITY,2026-09-30,2026-09-30T05:33:12.368021+00:00,,,OFFICIAL_DAILY,market-lab:OFFICIAL_DAILY:5b082eeaf0744a8a9b433c07c9ee03f0,2026-09-30T05:33:09.739587Z,18d2d72a1da66c853f45a71d4f8ae14dda41da7b,True
471.0,,dusk-network,dusk,DUSK,51039462,3994901.0,PENDING_CLASSIFICATION,UNREVIEWED_IDENTITY,2026-09-30,2026-09-30T05:33:12.368021+00:00,,,OFFICIAL_DAILY,market-lab:OFFICIAL_DAILY:5b082eeaf0744a8a9b433c07c9ee03f0,2026-09-30T05:33:09.739587Z,18d2d72a1da66c853f45a71d4f8ae14dda41da7b,True
472.0,,anemoy-tokenized-apollo-diversified-credit-fund,acrdx,Anemoy Tokenized Apollo Diversified Credit Fund,51038021,0.0,PENDING_CLASSIFICATION,UNREVIEWED_IDENTITY,2026-09-30,2026-09-30T05:33:12.368021+00:00,,,OFFICIAL_DAILY,market-lab:OFFICIAL_DAILY:5b082eeaf0744a8a9b433c07c9ee03f0,2026-09-30T05:33:09.739587Z,18d2d72a1da66c853f45a71d4f8ae14dda41da7b,True
473.0,,atoshi,atos,Atoshi,50773094,79050.0,PENDING_CLASSIFICATION,UNREVIEWED_IDENTITY,2026-09-30,2026-09-30T05:33:12.368021+00:00,,,OFFICIAL_DAILY,market-lab:OFFICIAL_DAILY:5b082eeaf0744a8a9b433c07c9ee03f0,2026-09-30T05:33:09.739587Z,18d2d72a1da66c853f45a71d4f8ae14dda41da7b,True
474.0,,gekko,gekko,GEKKO,50724889,39754.0,PENDING_CLASSIFICATION,UNREVIEWED_IDENTITY,2026-09-30,2026-09-30T05:33:12.368021+00:00,,,OFFICIAL_DAILY,market-lab:OFFICIAL_DAILY:5b082eeaf0744a8a9b433c07c9ee03f0,2026-09-30T05:33:09.739587Z,18d2d72a1da66c853f45a71d4f8ae14dda41da7b,True
475.0,,holoworld,holo,Holoworld,50724222,2057485.0,PENDING_CLASSIFICATION,UNREVIEWED_IDENTITY,2026-09-30,2026-09-30T05:33:12.368021+00:00,,,OFFICIAL_DAILY,market-lab:OFFICIAL_DAILY:5b082eeaf0744a8a9b433c07c9ee03f0,2026-09-30T05:33:09.739587Z,18d2d72a1da66c853f45a71d4f8ae14dda41da7b,True
476.0,,na-capital-as-a-service-sstn,pc0016245,NA Capital-as-a-Service SSTN,50600000,0.0,PENDING_CLASSIFICATION,UNREVIEWED_IDENTITY,2026-09-30,2026-09-30T05:33:12.368021+00:00,,,OFFICIAL_DAILY,market-lab:OFFICIAL_DAILY:5b082eeaf0744a8a9b433c07c9ee03f0,2026-09-30T05:33:09.739587Z,18d2d72a1da66c853f45a71d4f8ae14dda41da7b,True
477.0,,fidelity-digital-dollar,fidd,Fidelity Digital Dollar,50402547,12179732.0,PENDING_CLASSIFICATION,UNREVIEWED_IDENTITY,2026-09-30,2026-09-30T05:33:12.368021+00:00,,,OFFICIAL_DAILY,market-lab:OFFICIAL_DAILY:5b082eeaf0744a8a9b433c07c9ee03f0,2026-09-30T05:33:09.739587Z,18d2d72a1da66c853f45a71d4f8ae14dda41da7b,True
478.0,,blackrock-daily-reinvestment-stablecoin-reserve-vehicle,brsrv,BlackRock Daily Reinvestment Stablecoin Reserve Vehicle,50278365,0.0,PENDING_CLASSIFICATION,UNREVIEWED_IDENTITY,2026-09-30,2026-09-30T05:33:12.368021+00:00,,,OFFICIAL_DAILY,market-lab:OFFICIAL_DAILY:5b082eeaf0744a8a9b433c07c9ee03f0,2026-09-30T05:33:09.739587Z,18d2d72a1da66c853f45a71d4f8ae14dda41da7b,True
479.0,,lombard-protocol,bard,Lombard,50138223,2779373.0,PENDING_CLASSIFICATION,UNREVIEWED_IDENTITY,2026-09-30,2026-09-30T05:33:12.368021+00:00,,,OFFICIAL_DAILY,market-lab:OFFICIAL_DAILY:5b082eeaf0744a8a9b433c07c9ee03f0,2026-09-30T05:33:09.739587Z,18d2d72a1da66c853f45a71d4f8ae14dda41da7b,True
480.0,,ark,ark,ARK,50109974,3819454.0,PENDING_CLASSIFICATION,UNREVIEWED_IDENTITY,2026-09-30,2026-09-30T05:33:12.368021+00:00,,,OFFICIAL_DAILY,market-lab:OFFICIAL_DAILY:5b082eeaf0744a8a9b433c07c9ee03f0,2026-09-30T05:33:09.739587Z,18d2d72a1da66c853f45a71d4f8ae14dda41da7b,True
481.0,,cat-in-a-dogs-world,mew,cat in a dogs world,50001590,40389458.0,PENDING_CLASSIFICATION,UNREVIEWED_IDENTITY,2026-09-30,2026-09-30T05:33:12.368021+00:00,,,OFFICIAL_DAILY,market-lab:OFFICIAL_DAILY:5b082eeaf0744a8a9b433c07c9ee03f0,2026-09-30T05:33:09.739587Z,18d2d72a1da66c853f45a71d4f8ae14dda41da7b,True
482.0,,usdkg,usdkg,USDKG,49959532,3558.37,PENDING_CLASSIFICATION,UNREVIEWED_IDENTITY,2026-09-30,2026-09-30T05:33:12.368021+00:00,,,OFFICIAL_DAILY,market-lab:OFFICIAL_DAILY:5b082eeaf0744a8a9b433c07c9ee03f0,2026-09-30T05:33:09.739587Z,18d2d72a1da66c853f45a71d4f8ae14dda41da7b,True
483.0,,aztec,aztec,Aztec,49951722,12457929.0,PENDING_CLASSIFICATION,UNREVIEWED_IDENTITY,2026-09-30,2026-09-30T05:33:12.368021+00:00,,,OFFICIAL_DAILY,market-lab:OFFICIAL_DAILY:5b082eeaf0744a8a9b433c07c9ee03f0,2026-09-30T05:33:09.739587Z,18d2d72a1da66c853f45a71d4f8ae14dda41da7b,True
484.0,,nexus-4,nex,Nexus,49930531,250397.0,PENDING_CLASSIFICATION,UNREVIEWED_IDENTITY,2026-09-30,2026-09-30T05:33:12.368021+00:00,,,OFFICIAL_DAILY,market-lab:OFFICIAL_DAILY:5b082eeaf0744a8a9b433c07c9ee03f0,2026-09-30T05:33:09.739587Z,18d2d72a1da66c853f45a71d4f8ae14dda41da7b,True
485.0,,xyo-network,xyo,XYO Network,49913972,1974110.0,PENDING_CLASSIFICATION,UNREVIEWED_IDENTITY,2026-09-30,2026-09-30T05:33:12.368021+00:00,,,OFFICIAL_DAILY,market-lab:OFFICIAL_DAILY:5b082eeaf0744a8a9b433c07c9ee03f0,2026-09-30T05:33:09.739587Z,18d2d72a1da66c853f45a71d4f8ae14dda41da7b,True
486.0,,aurora-near,aurora,Aurora,49752559,3041589.0,PENDING_CLASSIFICATION,UNREVIEWED_IDENTITY,2026-09-30,2026-09-30T05:33:12.368021+00:00,,,OFFICIAL_DAILY,market-lab:OFFICIAL_DAILY:5b082eeaf0744a8a9b433c07c9ee03f0,2026-09-30T05:33:09.739587Z,18d2d72a1da66c853f45a71d4f8ae14dda41da7b,True
487.0,,quantum-resistant-ledger,qrl,Quantum Resistant Ledger,49404531,24147.0,PENDING_CLASSIFICATION,UNREVIEWED_IDENTITY,2026-09-30,2026-09-30T05:33:12.368021+00:00,,,OFFICIAL_DAILY,market-lab:OFFICIAL_DAILY:5b082eeaf0744a8a9b433c07c9ee03f0,2026-09-30T05:33:09.739587Z,18d2d72a1da66c853f45a71d4f8ae14dda41da7b,True
488.0,,acurast,acu,Acurast,49337003,1590029.0,PENDING_CLASSIFICATION,UNREVIEWED_IDENTITY,2026-09-30,2026-09-30T05:33:12.368021+00:00,,,OFFICIAL_DAILY,market-lab:OFFICIAL_DAILY:5b082eeaf0744a8a9b433c07c9ee03f0,2026-09-30T05:33:09.739587Z,18d2d72a1da66c853f45a71d4f8ae14dda41da7b,True
489.0,,ronin,ron,Ronin,49211936,1035341.0,PENDING_CLASSIFICATION,UNREVIEWED_IDENTITY,2026-09-30,2026-09-30T05:33:12.368021+00:00,,,OFFICIAL_DAILY,market-lab:OFFICIAL_DAILY:5b082eeaf0744a8a9b433c07c9ee03f0,2026-09-30T05:33:09.739587Z,18d2d72a1da66c853f45a71d4f8ae14dda41da7b,True
490.0,,nano,xno,Nano,48975315,335144.0,PENDING_CLASSIFICATION,UNREVIEWED_IDENTITY,2026-09-30,2026-09-30T05:33:12.368021+00:00,,,OFFICIAL_DAILY,market-lab:OFFICIAL_DAILY:5b082eeaf0744a8a9b433c07c9ee03f0,2026-09-30T05:33:09.739587Z,18d2d72a1da66c853f45a71d4f8ae14dda41da7b,True
491.0,,notcoin,not,Notcoin,48883408,4726431.0,PENDING_CLASSIFICATION,UNREVIEWED_IDENTITY,2026-09-30,2026-09-30T05:33:12.368021+00:00,,,OFFICIAL_DAILY,market-lab:OFFICIAL_DAILY:5b082eeaf0744a8a9b433c07c9ee03f0,2026-09-30T05:33:09.739587Z,18d2d72a1da66c853f45a71d4f8ae14dda41da7b,True
492.0,,troll-2,troll,TROLL,48864644,3049090.0,PENDING_CLASSIFICATION,UNREVIEWED_IDENTITY,2026-09-30,2026-09-30T05:33:12.368021+00:00,,,OFFICIAL_DAILY,market-lab:OFFICIAL_DAILY:5b082eeaf0744a8a9b433c07c9ee03f0,2026-09-30T05:33:09.739587Z,18d2d72a1da66c853f45a71d4f8ae14dda41da7b,True
493.0,,ankr,ankr,Ankr Network,48767066,5340838.0,PENDING_CLASSIFICATION,UNREVIEWED_IDENTITY,2026-09-30,2026-09-30T05:33:12.368021+00:00,,,OFFICIAL_DAILY,market-lab:OFFICIAL_DAILY:5b082eeaf0744a8a9b433c07c9ee03f0,2026-09-30T05:33:09.739587Z,18d2d72a1da66c853f45a71d4f8ae14dda41da7b,True
494.0,,spiko-amundi-overnight-swap-fund-gbp,gbpsafo,Spiko Amundi Overnight Swap Fund (GBP),48657392,0.0,PENDING_CLASSIFICATION,UNREVIEWED_IDENTITY,2026-09-30,2026-09-30T05:33:12.368021+00:00,,,OFFICIAL_DAILY,market-lab:OFFICIAL_DAILY:5b082eeaf0744a8a9b433c07c9ee03f0,2026-09-30T05:33:09.739587Z,18d2d72a1da66c853f45a71d4f8ae14dda41da7b,True
495.0,,templar,sn3,τemplar,48613559,839183.0,PENDING_CLASSIFICATION,UNREVIEWED_IDENTITY,2026-09-30,2026-09-30T05:33:12.368021+00:00,,,OFFICIAL_DAILY,market-lab:OFFICIAL_DAILY:5b082eeaf0744a8a9b433c07c9ee03f0,2026-09-30T05:33:09.739587Z,18d2d72a1da66c853f45a71d4f8ae14dda41da7b,True
496.0,,sygnum-fiusd-liquidity-fund,fiusd,Sygnum FIUSD Liquidity Fund,48142140,0.0,PENDING_CLASSIFICATION,UNREVIEWED_IDENTITY,2026-09-30,2026-09-30T05:33:12.368021+00:00,,,OFFICIAL_DAILY,market-lab:OFFICIAL_DAILY:5b082eeaf0744a8a9b433c07c9ee03f0,2026-09-30T05:33:09.739587Z,18d2d72a1da66c853f45a71d4f8ae14dda41da7b,True
497.0,,vvs-finance,vvs,VVS Finance,48104978,137119.0,PENDING_CLASSIFICATION,UNREVIEWED_IDENTITY,2026-09-30,2026-09-30T05:33:12.368021+00:00,,,OFFICIAL_DAILY,market-lab:OFFICIAL_DAILY:5b082eeaf0744a8a9b433c07c9ee03f0,2026-09-30T05:33:09.739587Z,18d2d72a1da66c853f45a71d4f8ae14dda41da7b,True
498.0,,megaeth,mega,MegaETH,48035912,5835858.0,PENDING_CLASSIFICATION,UNREVIEWED_IDENTITY,2026-09-30,2026-09-30T05:33:12.368021+00:00,,,OFFICIAL_DAILY,market-lab:OFFICIAL_DAILY:5b082eeaf0744a8a9b433c07c9ee03f0,2026-09-30T05:33:09.739587Z,18d2d72a1da66c853f45a71d4f8ae14dda41da7b,True
499.0,,resupply-usd,reusd,Resupply USD,47917321,3931734.0,PENDING_CLASSIFICATION,UNREVIEWED_IDENTITY,2026-09-30,2026-09-30T05:33:12.368021+00:00,,,OFFICIAL_DAILY,market-lab:OFFICIAL_DAILY:5b082eeaf0744a8a9b433c07c9ee03f0,2026-09-30T05:33:09.739587Z,18d2d72a1da66c853f45a71d4f8ae14dda41da7b,True
500.0,,fastx-network-token,fxnw,FastX Network Token,47439086,670915.0,PENDING_CLASSIFICATION,UNREVIEWED_IDENTITY,2026-09-30,2026-09-30T05:33:12.368021+00:00,,,OFFICIAL_DAILY,market-lab:OFFICIAL_DAILY:5b082eeaf0744a8a9b433c07c9ee03f0,2026-09-30T05:33:09.739587Z,18d2d72a1da66c853f45a71d4f8ae14dda41da7b,True
501.0,,magic-eden,me,Magic Eden,47257723,4159720.0,PENDING_CLASSIFICATION,UNREVIEWED_IDENTITY,2026-09-30,2026-09-30T05:33:12.368021+00:00,,,OFFICIAL_DAILY,market-lab:OFFICIAL_DAILY:5b082eeaf0744a8a9b433c07c9ee03f0,2026-09-30T05:33:09.739587Z,18d2d72a1da66c853f45a71d4f8ae14dda41da7b,True
502.0,,constitutiondao,people,ConstitutionDAO,47219071,12334036.0,PENDING_CLASSIFICATION,UNREVIEWED_IDENTITY,2026-09-30,2026-09-30T05:33:12.368021+00:00,,,OFFICIAL_DAILY,market-lab:OFFICIAL_DAILY:5b082eeaf0744a8a9b433c07c9ee03f0,2026-09-30T05:33:09.739587Z,18d2d72a1da66c853f45a71d4f8ae14dda41da7b,True
503.0,,nesa,nes,Nesa,47170858,1031048.0,PENDING_CLASSIFICATION,UNREVIEWED_IDENTITY,2026-09-30,2026-09-30T05:33:12.368021+00:00,,,OFFICIAL_DAILY,market-lab:OFFICIAL_DAILY:5b082eeaf0744a8a9b433c07c9ee03f0,2026-09-30T05:33:09.739587Z,18d2d72a1da66c853f45a71d4f8ae14dda41da7b,True
504.0,,proprietary-trading-network,sn8,Vanta Network,47068587,314901.0,PENDING_CLASSIFICATION,UNREVIEWED_IDENTITY,2026-09-30,2026-09-30T05:33:12.368021+00:00,,,OFFICIAL_DAILY,market-lab:OFFICIAL_DAILY:5b082eeaf0744a8a9b433c07c9ee03f0,2026-09-30T05:33:09.739587Z,18d2d72a1da66c853f45a71d4f8ae14dda41da7b,True
505.0,,wink,win,WINkLink,47029819,10059082.0,PENDING_CLASSIFICATION,UNREVIEWED_IDENTITY,2026-09-30,2026-09-30T05:33:12.368021+00:00,,,OFFICIAL_DAILY,market-lab:OFFICIAL_DAILY:5b082eeaf0744a8a9b433c07c9ee03f0,2026-09-30T05:33:09.739587Z,18d2d72a1da66c853f45a71d4f8ae14dda41da7b,True
506.0,,moo-deng,moodeng,Moo Deng,47021413,9401060.0,PENDING_CLASSIFICATION,UNREVIEWED_IDENTITY,2026-09-30,2026-09-30T05:33:12.368021+00:00,,,OFFICIAL_DAILY,market-lab:OFFICIAL_DAILY:5b082eeaf0744a8a9b433c07c9ee03f0,2026-09-30T05:33:09.739587Z,18d2d72a1da66c853f45a71d4f8ae14dda41da7b,True
507.0,,tradable-latam-bnpl-sstn,pc0000027,Tradable LatAm BNPL SSTN,47000000,0.0,PENDING_CLASSIFICATION,UNREVIEWED_IDENTITY,2026-09-30,2026-09-30T05:33:12.368021+00:00,,,OFFICIAL_DAILY,market-lab:OFFICIAL_DAILY:5b082eeaf0744a8a9b433c07c9ee03f0,2026-09-30T05:33:09.739587Z,18d2d72a1da66c853f45a71d4f8ae14dda41da7b,True
508.0,,boner-coin,boner,Boner Coin,46952492,2243241.0,PENDING_CLASSIFICATION,UNREVIEWED_IDENTITY,2026-09-30,2026-09-30T05:33:12.368021+00:00,,,OFFICIAL_DAILY,market-lab:OFFICIAL_DAILY:5b082eeaf0744a8a9b433c07c9ee03f0,2026-09-30T05:33:09.739587Z,18d2d72a1da66c853f45a71d4f8ae14dda41da7b,True
509.0,,wowbit-2,wwb,Wowbit,46857132,8625.9,PENDING_CLASSIFICATION,UNREVIEWED_IDENTITY,2026-09-30,2026-09-30T05:33:12.368021+00:00,,,OFFICIAL_DAILY,market-lab:OFFICIAL_DAILY:5b082eeaf0744a8a9b433c07c9ee03f0,2026-09-30T05:33:09.739587Z,18d2d72a1da66c853f45a71d4f8ae14dda41da7b,True
510.0,,concordium,ccd,Concordium,46777233,112893.0,PENDING_CLASSIFICATION,UNREVIEWED_IDENTITY,2026-09-30,2026-09-30T05:33:12.368021+00:00,,,OFFICIAL_DAILY,market-lab:OFFICIAL_DAILY:5b082eeaf0744a8a9b433c07c9ee03f0,2026-09-30T05:33:09.739587Z,18d2d72a1da66c853f45a71d4f8ae14dda41da7b,True
511.0,,ssv-network,ssv,SSV Network,46652477,4698913.0,PENDING_CLASSIFICATION,UNREVIEWED_IDENTITY,2026-09-30,2026-09-30T05:33:12.368021+00:00,,,OFFICIAL_DAILY,market-lab:OFFICIAL_DAILY:5b082eeaf0744a8a9b433c07c9ee03f0,2026-09-30T05:33:09.739587Z,18d2d72a1da66c853f45a71d4f8ae14dda41da7b,True
512.0,,nosana,nos,Nosana,46646327,981379.0,PENDING_CLASSIFICATION,UNREVIEWED_IDENTITY,2026-09-30,2026-09-30T05:33:12.368021+00:00,,,OFFICIAL_DAILY,market-lab:OFFICIAL_DAILY:5b082eeaf0744a8a9b433c07c9ee03f0,2026-09-30T05:33:09.739587Z,18d2d72a1da66c853f45a71d4f8ae14dda41da7b,True
513.0,,folks,folks,FOLKS,46617247,916824.0,PENDING_CLASSIFICATION,UNREVIEWED_IDENTITY,2026-09-30,2026-09-30T05:33:12.368021+00:00,,,OFFICIAL_DAILY,market-lab:OFFICIAL_DAILY:5b082eeaf0744a8a9b433c07c9ee03f0,2026-09-30T05:33:09.739587Z,18d2d72a1da66c853f45a71d4f8ae14dda41da7b,True
514.0,,succinct,prove,Succinct,46567339,8380362.0,PENDING_CLASSIFICATION,UNREVIEWED_IDENTITY,2026-09-30,2026-09-30T05:33:12.368021+00:00,,,OFFICIAL_DAILY,market-lab:OFFICIAL_DAILY:5b082eeaf0744a8a9b433c07c9ee03f0,2026-09-30T05:33:09.739587Z,18d2d72a1da66c853f45a71d4f8ae14dda41da7b,True
515.0,,loaded-lions,lion,Loaded Lions,46537823,82431.0,PENDING_CLASSIFICATION,UNREVIEWED_IDENTITY,2026-09-30,2026-09-30T05:33:12.368021+00:00,,,OFFICIAL_DAILY,market-lab:OFFICIAL_DAILY:5b082eeaf0744a8a9b433c07c9ee03f0,2026-09-30T05:33:09.739587Z,18d2d72a1da66c853f45a71d4f8ae14dda41da7b,True
516.0,,keeta,kta,Keeta,46298676,1790525.0,PENDING_CLASSIFICATION,UNREVIEWED_IDENTITY,2026-09-30,2026-09-30T05:33:12.368021+00:00,,,OFFICIAL_DAILY,market-lab:OFFICIAL_DAILY:5b082eeaf0744a8a9b433c07c9ee03f0,2026-09-30T05:33:09.739587Z,18d2d72a1da66c853f45a71d4f8ae14dda41da7b,True
517.0,,casper-network,cspr,Casper Network,46108876,2664594.0,PENDING_CLASSIFICATION,UNREVIEWED_IDENTITY,2026-09-30,2026-09-30T05:33:12.368021+00:00,,,OFFICIAL_DAILY,market-lab:OFFICIAL_DAILY:5b082eeaf0744a8a9b433c07c9ee03f0,2026-09-30T05:33:09.739587Z,18d2d72a1da66c853f45a71d4f8ae14dda41da7b,True
518.0,,usdu,usdu,USDu,46092001,161242.0,PENDING_CLASSIFICATION,UNREVIEWED_IDENTITY,2026-09-30,2026-09-30T05:33:12.368021+00:00,,,OFFICIAL_DAILY,market-lab:OFFICIAL_DAILY:5b082eeaf0744a8a9b433c07c9ee03f0,2026-09-30T05:33:09.739587Z,18d2d72a1da66c853f45a71d4f8ae14dda41da7b,True
519.0,,mog-coin,mog,Mog Coin,46071509,8935262.0,PENDING_CLASSIFICATION,UNREVIEWED_IDENTITY,2026-09-30,2026-09-30T05:33:12.368021+00:00,,,OFFICIAL_DAILY,market-lab:OFFICIAL_DAILY:5b082eeaf0744a8a9b433c07c9ee03f0,2026-09-30T05:33:09.739587Z,18d2d72a1da66c853f45a71d4f8ae14dda41da7b,True
520.0,,velodrome-finance,velo,Velodrome Finance,46046286,2378173.0,PENDING_CLASSIFICATION,UNREVIEWED_IDENTITY,2026-09-30,2026-09-30T05:33:12.368021+00:00,,,OFFICIAL_DAILY,market-lab:OFFICIAL_DAILY:5b082eeaf0744a8a9b433c07c9ee03f0,2026-09-30T05:33:09.739587Z,18d2d72a1da66c853f45a71d4f8ae14dda41da7b,True
521.0,,frenpet,fp,Fren Pet,45957476,67244.0,PENDING_CLASSIFICATION,UNREVIEWED_IDENTITY,2026-09-30,2026-09-30T05:33:12.368021+00:00,,,OFFICIAL_DAILY,market-lab:OFFICIAL_DAILY:5b082eeaf0744a8a9b433c07c9ee03f0,2026-09-30T05:33:09.739587Z,18d2d72a1da66c853f45a71d4f8ae14dda41da7b,True
522.0,,spdr-s-p-500-etf-ondo-tokenized-etf,spyon,SPDR S&P 500 ETF (Ondo Tokenized ETF),45922479,1508289.0,PENDING_CLASSIFICATION,UNREVIEWED_IDENTITY,2026-09-30,2026-09-30T05:33:12.368021+00:00,,,OFFICIAL_DAILY,market-lab:OFFICIAL_DAILY:5b082eeaf0744a8a9b433c07c9ee03f0,2026-09-30T05:33:09.739587Z,18d2d72a1da66c853f45a71d4f8ae14dda41da7b,True
523.0,,metronome-synth-usd,msusd,Metronome Synth USD,45853225,2820495.0,PENDING_CLASSIFICATION,UNREVIEWED_IDENTITY,2026-09-30,2026-09-30T05:33:12.368021+00:00,,,OFFICIAL_DAILY,market-lab:OFFICIAL_DAILY:5b082eeaf0744a8a9b433c07c9ee03f0,2026-09-30T05:33:09.739587Z,18d2d72a1da66c853f45a71d4f8ae14dda41da7b,True
524.0,,spacex-xstocks,spcxx,SpaceX xStock,45764167,24836907.0,PENDING_CLASSIFICATION,UNREVIEWED_IDENTITY,2026-09-30,2026-09-30T05:33:12.368021+00:00,,,OFFICIAL_DAILY,market-lab:OFFICIAL_DAILY:5b082eeaf0744a8a9b433c07c9ee03f0,2026-09-30T05:33:09.739587Z,18d2d72a1da66c853f45a71d4f8ae14dda41da7b,True
525.0,,request-network,req,Request,45614134,693913.0,PENDING_CLASSIFICATION,UNREVIEWED_IDENTITY,2026-09-30,2026-09-30T05:33:12.368021+00:00,,,OFFICIAL_DAILY,market-lab:OFFICIAL_DAILY:5b082eeaf0744a8a9b433c07c9ee03f0,2026-09-30T05:33:09.739587Z,18d2d72a1da66c853f45a71d4f8ae14dda41da7b,True
526.0,,mocaverse,moca,Moca Network,45444191,4249522.0,PENDING_CLASSIFICATION,UNREVIEWED_IDENTITY,2026-09-30,2026-09-30T05:33:12.368021+00:00,,,OFFICIAL_DAILY,market-lab:OFFICIAL_DAILY:5b082eeaf0744a8a9b433c07c9ee03f0,2026-09-30T05:33:09.739587Z,18d2d72a1da66c853f45a71d4f8ae14dda41da7b,True
527.0,,mask-network,mask,Mask Network,45407538,3695728.0,PENDING_CLASSIFICATION,UNREVIEWED_IDENTITY,2026-09-30,2026-09-30T05:33:12.368021+00:00,,,OFFICIAL_DAILY,market-lab:OFFICIAL_DAILY:5b082eeaf0744a8a9b433c07c9ee03f0,2026-09-30T05:33:09.739587Z,18d2d72a1da66c853f45a71d4f8ae14dda41da7b,True
528.0,,allunity-chf,chfau,AllUnity CHF,45406848,1102.03,PENDING_CLASSIFICATION,UNREVIEWED_IDENTITY,2026-09-30,2026-09-30T05:33:12.368021+00:00,,,OFFICIAL_DAILY,market-lab:OFFICIAL_DAILY:5b082eeaf0744a8a9b433c07c9ee03f0,2026-09-30T05:33:09.739587Z,18d2d72a1da66c853f45a71d4f8ae14dda41da7b,True
529.0,,ai-powered-finance,aipf,AI Powered Finance,45322377,400354.0,PENDING_CLASSIFICATION,UNREVIEWED_IDENTITY,2026-09-30,2026-09-30T05:33:12.368021+00:00,,,OFFICIAL_DAILY,market-lab:OFFICIAL_DAILY:5b082eeaf0744a8a9b433c07c9ee03f0,2026-09-30T05:33:09.739587Z,18d2d72a1da66c853f45a71d4f8ae14dda41da7b,True
530.0,,ai-companions,aic,AI Companions,45246899,331578.0,PENDING_CLASSIFICATION,UNREVIEWED_IDENTITY,2026-09-30,2026-09-30T05:33:12.368021+00:00,,,OFFICIAL_DAILY,market-lab:OFFICIAL_DAILY:5b082eeaf0744a8a9b433c07c9ee03f0,2026-09-30T05:33:09.739587Z,18d2d72a1da66c853f45a71d4f8ae14dda41da7b,True
531.0,,ai-analysis-token,aiat,AI Analysis Token,45227669,103.91,PENDING_CLASSIFICATION,UNREVIEWED_IDENTITY,2026-09-30,2026-09-30T05:33:12.368021+00:00,,,OFFICIAL_DAILY,market-lab:OFFICIAL_DAILY:5b082eeaf0744a8a9b433c07c9ee03f0,2026-09-30T05:33:09.739587Z,18d2d72a1da66c853f45a71d4f8ae14dda41da7b,True
532.0,,infinifi-usd,iusd,InfiniFi USD,45119032,741.18,PENDING_CLASSIFICATION,UNREVIEWED_IDENTITY,2026-09-30,2026-09-30T05:33:12.368021+00:00,,,OFFICIAL_DAILY,market-lab:OFFICIAL_DAILY:5b082eeaf0744a8a9b433c07c9ee03f0,2026-09-30T05:33:09.739587Z,18d2d72a1da66c853f45a71d4f8ae14dda41da7b,True
533.0,,novachargex-coin,ncx,NovaChargeX Coin,45031573,811827.0,PENDING_CLASSIFICATION,UNREVIEWED_IDENTITY,2026-09-30,2026-09-30T05:33:12.368021+00:00,,,OFFICIAL_DAILY,market-lab:OFFICIAL_DAILY:5b082eeaf0744a8a9b433c07c9ee03f0,2026-09-30T05:33:09.739587Z,18d2d72a1da66c853f45a71d4f8ae14dda41da7b,True
534.0,,jupusd,jupusd,JupUSD,44977839,10131134.0,PENDING_CLASSIFICATION,UNREVIEWED_IDENTITY,2026-09-30,2026-09-30T05:33:12.368021+00:00,,,OFFICIAL_DAILY,market-lab:OFFICIAL_DAILY:5b082eeaf0744a8a9b433c07c9ee03f0,2026-09-30T05:33:09.739587Z,18d2d72a1da66c853f45a71d4f8ae14dda41da7b,True
535.0,,rocket-pool,rpl,Rocket Pool,44878837,2460663.0,PENDING_CLASSIFICATION,UNREVIEWED_IDENTITY,2026-09-30,2026-09-30T05:33:12.368021+00:00,,,OFFICIAL_DAILY,market-lab:OFFICIAL_DAILY:5b082eeaf0744a8a9b433c07c9ee03f0,2026-09-30T05:33:09.739587Z,18d2d72a1da66c853f45a71d4f8ae14dda41da7b,True
536.0,,cortex-2,cx,Cortex,44841953,64020.0,PENDING_CLASSIFICATION,UNREVIEWED_IDENTITY,2026-09-30,2026-09-30T05:33:12.368021+00:00,,,OFFICIAL_DAILY,market-lab:OFFICIAL_DAILY:5b082eeaf0744a8a9b433c07c9ee03f0,2026-09-30T05:33:09.739587Z,18d2d72a1da66c853f45a71d4f8ae14dda41da7b,True
537.0,,snek,snek,Snek,44788562,918295.0,PENDING_CLASSIFICATION,UNREVIEWED_IDENTITY,2026-09-30,2026-09-30T05:33:12.368021+00:00,,,OFFICIAL_DAILY,market-lab:OFFICIAL_DAILY:5b082eeaf0744a8a9b433c07c9ee03f0,2026-09-30T05:33:09.739587Z,18d2d72a1da66c853f45a71d4f8ae14dda41da7b,True
538.0,,reental,rnt,Rnt,44541713,5192.8,PENDING_CLASSIFICATION,UNREVIEWED_IDENTITY,2026-09-30,2026-09-30T05:33:12.368021+00:00,,,OFFICIAL_DAILY,market-lab:OFFICIAL_DAILY:5b082eeaf0744a8a9b433c07c9ee03f0,2026-09-30T05:33:09.739587Z,18d2d72a1da66c853f45a71d4f8ae14dda41da7b,True
539.0,,avantis,avnt,Veranta,44537265,5312985.0,PENDING_CLASSIFICATION,UNREVIEWED_IDENTITY,2026-09-30,2026-09-30T05:33:12.368021+00:00,,,OFFICIAL_DAILY,market-lab:OFFICIAL_DAILY:5b082eeaf0744a8a9b433c07c9ee03f0,2026-09-30T05:33:09.739587Z,18d2d72a1da66c853f45a71d4f8ae14dda41da7b,True
540.0,,precious-metals-usd,pmusd,Precious Metals USD,43949376,37512.0,PENDING_CLASSIFICATION,UNREVIEWED_IDENTITY,2026-09-30,2026-09-30T05:33:12.368021+00:00,,,OFFICIAL_DAILY,market-lab:OFFICIAL_DAILY:5b082eeaf0744a8a9b433c07c9ee03f0,2026-09-30T05:33:09.739587Z,18d2d72a1da66c853f45a71d4f8ae14dda41da7b,True
541.0,,ore,ore,ORE,43845376,1081752.0,PENDING_CLASSIFICATION,UNREVIEWED_IDENTITY,2026-09-30,2026-09-30T05:33:12.368021+00:00,,,OFFICIAL_DAILY,market-lab:OFFICIAL_DAILY:5b082eeaf0744a8a9b433c07c9ee03f0,2026-09-30T05:33:09.739587Z,18d2d72a1da66c853f45a71d4f8ae14dda41da7b,True
542.0,,ong,ong,Ontology Gas,43810770,2278593.0,PENDING_CLASSIFICATION,UNREVIEWED_IDENTITY,2026-09-30,2026-09-30T05:33:12.368021+00:00,,,OFFICIAL_DAILY,market-lab:OFFICIAL_DAILY:5b082eeaf0744a8a9b433c07c9ee03f0,2026-09-30T05:33:09.739587Z,18d2d72a1da66c853f45a71d4f8ae14dda41da7b,True
543.0,,neet,neet,"Not in Employment, Education, or Training",43704501,1728639.0,PENDING_CLASSIFICATION,UNREVIEWED_IDENTITY,2026-09-30,2026-09-30T05:33:12.368021+00:00,,,OFFICIAL_DAILY,market-lab:OFFICIAL_DAILY:5b082eeaf0744a8a9b433c07c9ee03f0,2026-09-30T05:33:09.739587Z,18d2d72a1da66c853f45a71d4f8ae14dda41da7b,True
544.0,,auki-labs,auki,Auki,43450063,67617.0,PENDING_CLASSIFICATION,UNREVIEWED_IDENTITY,2026-09-30,2026-09-30T05:33:12.368021+00:00,,,OFFICIAL_DAILY,market-lab:OFFICIAL_DAILY:5b082eeaf0744a8a9b433c07c9ee03f0,2026-09-30T05:33:09.739587Z,18d2d72a1da66c853f45a71d4f8ae14dda41da7b,True
545.0,,baseline,b,Baseline,43188555,600.7,PENDING_CLASSIFICATION,UNREVIEWED_IDENTITY,2026-09-30,2026-09-30T05:33:12.368021+00:00,,,OFFICIAL_DAILY,market-lab:OFFICIAL_DAILY:5b082eeaf0744a8a9b433c07c9ee03f0,2026-09-30T05:33:09.739587Z,18d2d72a1da66c853f45a71d4f8ae14dda41da7b,True
546.0,,space-and-time,sxt,Space and Time,43161394,2546086.0,PENDING_CLASSIFICATION,UNREVIEWED_IDENTITY,2026-09-30,2026-09-30T05:33:12.368021+00:00,,,OFFICIAL_DAILY,market-lab:OFFICIAL_DAILY:5b082eeaf0744a8a9b433c07c9ee03f0,2026-09-30T05:33:09.739587Z,18d2d72a1da66c853f45a71d4f8ae14dda41da7b,True
547.0,,main-street-usd,msusd,Main Street USD,42993247,3580.22,PENDING_CLASSIFICATION,UNREVIEWED_IDENTITY,2026-09-30,2026-09-30T05:33:12.368021+00:00,,,OFFICIAL_DAILY,market-lab:OFFICIAL_DAILY:5b082eeaf0744a8a9b433c07c9ee03f0,2026-09-30T05:33:09.739587Z,18d2d72a1da66c853f45a71d4f8ae14dda41da7b,True
548.0,,america-party-5,america,America Party,42979435,34.92,PENDING_CLASSIFICATION,UNREVIEWED_IDENTITY,2026-09-30,2026-09-30T05:33:12.368021+00:00,,,OFFICIAL_DAILY,market-lab:OFFICIAL_DAILY:5b082eeaf0744a8a9b433c07c9ee03f0,2026-09-30T05:33:09.739587Z,18d2d72a1da66c853f45a71d4f8ae14dda41da7b,True
549.0,,fractal-bitcoin,fb,Fractal Bitcoin,42973897,606481.0,PENDING_CLASSIFICATION,UNREVIEWED_IDENTITY,2026-09-30,2026-09-30T05:33:12.368021+00:00,,,OFFICIAL_DAILY,market-lab:OFFICIAL_DAILY:5b082eeaf0744a8a9b433c07c9ee03f0,2026-09-30T05:33:09.739587Z,18d2d72a1da66c853f45a71d4f8ae14dda41da7b,True
550.0,,nvidia-xstock,nvdax,NVIDIA xStock,42928984,35957625.0,PENDING_CLASSIFICATION,UNREVIEWED_IDENTITY,2026-09-30,2026-09-30T05:33:12.368021+00:00,,,OFFICIAL_DAILY,market-lab:OFFICIAL_DAILY:5b082eeaf0744a8a9b433c07c9ee03f0,2026-09-30T05:33:09.739587Z,18d2d72a1da66c853f45a71d4f8ae14dda41da7b,True
551.0,,nillion,nil,Nillion,42908885,23978241.0,PENDING_CLASSIFICATION,UNREVIEWED_IDENTITY,2026-09-30,2026-09-30T05:33:12.368021+00:00,,,OFFICIAL_DAILY,market-lab:OFFICIAL_DAILY:5b082eeaf0744a8a9b433c07c9ee03f0,2026-09-30T05:33:09.739587Z,18d2d72a1da66c853f45a71d4f8ae14dda41da7b,True
552.0,,ston-2,ston,STON,42873869,17761.8,PENDING_CLASSIFICATION,UNREVIEWED_IDENTITY,2026-09-30,2026-09-30T05:33:12.368021+00:00,,,OFFICIAL_DAILY,market-lab:OFFICIAL_DAILY:5b082eeaf0744a8a9b433c07c9ee03f0,2026-09-30T05:33:09.739587Z,18d2d72a1da66c853f45a71d4f8ae14dda41da7b,True
553.0,,dappos,dos,DAPPOS,42791867,2942668.0,PENDING_CLASSIFICATION,UNREVIEWED_IDENTITY,2026-09-30,2026-09-30T05:33:12.368021+00:00,,,OFFICIAL_DAILY,market-lab:OFFICIAL_DAILY:5b082eeaf0744a8a9b433c07c9ee03f0,2026-09-30T05:33:09.739587Z,18d2d72a1da66c853f45a71d4f8ae14dda41da7b,True
554.0,,hydradx,hdx,Hydration,42507126,16002.28,PENDING_CLASSIFICATION,UNREVIEWED_IDENTITY,2026-09-30,2026-09-30T05:33:12.368021+00:00,,,OFFICIAL_DAILY,market-lab:OFFICIAL_DAILY:5b082eeaf0744a8a9b433c07c9ee03f0,2026-09-30T05:33:09.739587Z,18d2d72a1da66c853f45a71d4f8ae14dda41da7b,True
555.0,,electroneum,etn,Electroneum,42327629,350088.0,PENDING_CLASSIFICATION,UNREVIEWED_IDENTITY,2026-09-30,2026-09-30T05:33:12.368021+00:00,,,OFFICIAL_DAILY,market-lab:OFFICIAL_DAILY:5b082eeaf0744a8a9b433c07c9ee03f0,2026-09-30T05:33:09.739587Z,18d2d72a1da66c853f45a71d4f8ae14dda41da7b,True
556.0,,ethgas-2,gwei,ETHGas,42193752,4919948.0,PENDING_CLASSIFICATION,UNREVIEWED_IDENTITY,2026-09-30,2026-09-30T05:33:12.368021+00:00,,,OFFICIAL_DAILY,market-lab:OFFICIAL_DAILY:5b082eeaf0744a8a9b433c07c9ee03f0,2026-09-30T05:33:09.739587Z,18d2d72a1da66c853f45a71d4f8ae14dda41da7b,True
557.0,,edu-coin,edu,Open Campus,42154731,3286705.0,PENDING_CLASSIFICATION,UNREVIEWED_IDENTITY,2026-09-30,2026-09-30T05:33:12.368021+00:00,,,OFFICIAL_DAILY,market-lab:OFFICIAL_DAILY:5b082eeaf0744a8a9b433c07c9ee03f0,2026-09-30T05:33:09.739587Z,18d2d72a1da66c853f45a71d4f8ae14dda41da7b,True
558.0,,apex-token-2,apex,APEX,41881259,2919387.0,PENDING_CLASSIFICATION,UNREVIEWED_IDENTITY,2026-09-30,2026-09-30T05:33:12.368021+00:00,,,OFFICIAL_DAILY,market-lab:OFFICIAL_DAILY:5b082eeaf0744a8a9b433c07c9ee03f0,2026-09-30T05:33:09.739587Z,18d2d72a1da66c853f45a71d4f8ae14dda41da7b,True
559.0,,api3,api3,Api3,41776063,13417119.0,PENDING_CLASSIFICATION,UNREVIEWED_IDENTITY,2026-09-30,2026-09-30T05:33:12.368021+00:00,,,OFFICIAL_DAILY,market-lab:OFFICIAL_DAILY:5b082eeaf0744a8a9b433c07c9ee03f0,2026-09-30T05:33:09.739587Z,18d2d72a1da66c853f45a71d4f8ae14dda41da7b,True
560.0,,bitkub-coin,kub,KUB Coin,41610911,105794.0,PENDING_CLASSIFICATION,UNREVIEWED_IDENTITY,2026-09-30,2026-09-30T05:33:12.368021+00:00,,,OFFICIAL_DAILY,market-lab:OFFICIAL_DAILY:5b082eeaf0744a8a9b433c07c9ee03f0,2026-09-30T05:33:09.739587Z,18d2d72a1da66c853f45a71d4f8ae14dda41da7b,True
561.0,,frankencoin,zchf,Frankencoin,41412594,468937.0,PENDING_CLASSIFICATION,UNREVIEWED_IDENTITY,2026-09-30,2026-09-30T05:33:12.368021+00:00,,,OFFICIAL_DAILY,market-lab:OFFICIAL_DAILY:5b082eeaf0744a8a9b433c07c9ee03f0,2026-09-30T05:33:09.739587Z,18d2d72a1da66c853f45a71d4f8ae14dda41da7b,True
562.0,,gohome,gohome,GOHOME,41346863,495231.0,PENDING_CLASSIFICATION,UNREVIEWED_IDENTITY,2026-09-30,2026-09-30T05:33:12.368021+00:00,,,OFFICIAL_DAILY,market-lab:OFFICIAL_DAILY:5b082eeaf0744a8a9b433c07c9ee03f0,2026-09-30T05:33:09.739587Z,18d2d72a1da66c853f45a71d4f8ae14dda41da7b,True
563.0,,lab,lab,LAB,41300407,9255380.0,PENDING_CLASSIFICATION,UNREVIEWED_IDENTITY,2026-09-30,2026-09-30T05:33:12.368021+00:00,,,OFFICIAL_DAILY,market-lab:OFFICIAL_DAILY:5b082eeaf0744a8a9b433c07c9ee03f0,2026-09-30T05:33:09.739587Z,18d2d72a1da66c853f45a71d4f8ae14dda41da7b,True
564.0,,straitsx-xusd,xusd,StraitsX XUSD,41202833,5677838.0,PENDING_CLASSIFICATION,UNREVIEWED_IDENTITY,2026-09-30,2026-09-30T05:33:12.368021+00:00,,,OFFICIAL_DAILY,market-lab:OFFICIAL_DAILY:5b082eeaf0744a8a9b433c07c9ee03f0,2026-09-30T05:33:09.739587Z,18d2d72a1da66c853f45a71d4f8ae14dda41da7b,True
565.0,,bankercoin-2,bnkr,BankrCoin,41156936,1831197.0,PENDING_CLASSIFICATION,UNREVIEWED_IDENTITY,2026-09-30,2026-09-30T05:33:12.368021+00:00,,,OFFICIAL_DAILY,market-lab:OFFICIAL_DAILY:5b082eeaf0744a8a9b433c07c9ee03f0,2026-09-30T05:33:09.739587Z,18d2d72a1da66c853f45a71d4f8ae14dda41da7b,True
566.0,,stader-sftmx,sftmx,BeethovenX sFTMX,41045227,9.19,PENDING_CLASSIFICATION,UNREVIEWED_IDENTITY,2026-09-30,2026-09-30T05:33:12.368021+00:00,,,OFFICIAL_DAILY,market-lab:OFFICIAL_DAILY:5b082eeaf0744a8a9b433c07c9ee03f0,2026-09-30T05:33:09.739587Z,18d2d72a1da66c853f45a71d4f8ae14dda41da7b,True
567.0,,micron-technology-bstock,mub,Micron Technology (bStocks Tokenized Stock),40952266,7229218.0,PENDING_CLASSIFICATION,UNREVIEWED_IDENTITY,2026-09-30,2026-09-30T05:33:12.368021+00:00,,,OFFICIAL_DAILY,market-lab:OFFICIAL_DAILY:5b082eeaf0744a8a9b433c07c9ee03f0,2026-09-30T05:33:09.739587Z,18d2d72a1da66c853f45a71d4f8ae14dda41da7b,True
568.0,,micron-technology-ondo-tokenized-stock,muon,Micron Technology (Ondo Tokenized Stock),40770766,3958357.0,PENDING_CLASSIFICATION,UNREVIEWED_IDENTITY,2026-09-30,2026-09-30T05:33:12.368021+00:00,,,OFFICIAL_DAILY,market-lab:OFFICIAL_DAILY:5b082eeaf0744a8a9b433c07c9ee03f0,2026-09-30T05:33:09.739587Z,18d2d72a1da66c853f45a71d4f8ae14dda41da7b,True
569.0,,movement,move,Movement,40735321,5291954.0,PENDING_CLASSIFICATION,UNREVIEWED_IDENTITY,2026-09-30,2026-09-30T05:33:12.368021+00:00,,,OFFICIAL_DAILY,market-lab:OFFICIAL_DAILY:5b082eeaf0744a8a9b433c07c9ee03f0,2026-09-30T05:33:09.739587Z,18d2d72a1da66c853f45a71d4f8ae14dda41da7b,True
570.0,,band-protocol,band,Band,40637370,1515254.0,PENDING_CLASSIFICATION,UNREVIEWED_IDENTITY,2026-09-30,2026-09-30T05:33:12.368021+00:00,,,OFFICIAL_DAILY,market-lab:OFFICIAL_DAILY:5b082eeaf0744a8a9b433c07c9ee03f0,2026-09-30T05:33:09.739587Z,18d2d72a1da66c853f45a71d4f8ae14dda41da7b,True
571.0,,status,snt,Status,40367852,412461.0,PENDING_CLASSIFICATION,UNREVIEWED_IDENTITY,2026-09-30,2026-09-30T05:33:12.368021+00:00,,,OFFICIAL_DAILY,market-lab:OFFICIAL_DAILY:5b082eeaf0744a8a9b433c07c9ee03f0,2026-09-30T05:33:09.739587Z,18d2d72a1da66c853f45a71d4f8ae14dda41da7b,True
572.0,,skyai,skyai,SkyAI,40178875,3238327.0,PENDING_CLASSIFICATION,UNREVIEWED_IDENTITY,2026-09-30,2026-09-30T05:33:12.368021+00:00,,,OFFICIAL_DAILY,market-lab:OFFICIAL_DAILY:5b082eeaf0744a8a9b433c07c9ee03f0,2026-09-30T05:33:09.739587Z,18d2d72a1da66c853f45a71d4f8ae14dda41da7b,True
573.0,,renzo,rez,Renzo,40043272,8363005.0,PENDING_CLASSIFICATION,UNREVIEWED_IDENTITY,2026-09-30,2026-09-30T05:33:12.368021+00:00,,,OFFICIAL_DAILY,market-lab:OFFICIAL_DAILY:5b082eeaf0744a8a9b433c07c9ee03f0,2026-09-30T05:33:09.739587Z,18d2d72a1da66c853f45a71d4f8ae14dda41da7b,True
574.0,,catizen,cati,Catizen,39925975,2191793.0,PENDING_CLASSIFICATION,UNREVIEWED_IDENTITY,2026-09-30,2026-09-30T05:33:12.368021+00:00,,,OFFICIAL_DAILY,market-lab:OFFICIAL_DAILY:5b082eeaf0744a8a9b433c07c9ee03f0,2026-09-30T05:33:09.739587Z,18d2d72a1da66c853f45a71d4f8ae14dda41da7b,True
575.0,,hastra-auto,auto,Hastra AUTO,39632122,668855.0,PENDING_CLASSIFICATION,UNREVIEWED_IDENTITY,2026-09-30,2026-09-30T05:33:12.368021+00:00,,,OFFICIAL_DAILY,market-lab:OFFICIAL_DAILY:5b082eeaf0744a8a9b433c07c9ee03f0,2026-09-30T05:33:09.739587Z,18d2d72a1da66c853f45a71d4f8ae14dda41da7b,True
576.0,,rekt-4,rekt,Rekt,39484200,216705.0,PENDING_CLASSIFICATION,UNREVIEWED_IDENTITY,2026-09-30,2026-09-30T05:33:12.368021+00:00,,,OFFICIAL_DAILY,market-lab:OFFICIAL_DAILY:5b082eeaf0744a8a9b433c07c9ee03f0,2026-09-30T05:33:09.739587Z,18d2d72a1da66c853f45a71d4f8ae14dda41da7b,True
577.0,,degen-base,degen,Degen,39432026,3534621.0,PENDING_CLASSIFICATION,UNREVIEWED_IDENTITY,2026-09-30,2026-09-30T05:33:12.368021+00:00,,,OFFICIAL_DAILY,market-lab:OFFICIAL_DAILY:5b082eeaf0744a8a9b433c07c9ee03f0,2026-09-30T05:33:09.739587Z,18d2d72a1da66c853f45a71d4f8ae14dda41da7b,True
578.0,,tori-ecosystem-vault,etrusd,Tori Ecosystem Vault,39294399,0.0,PENDING_CLASSIFICATION,UNREVIEWED_IDENTITY,2026-09-30,2026-09-30T05:33:12.368021+00:00,,,OFFICIAL_DAILY,market-lab:OFFICIAL_DAILY:5b082eeaf0744a8a9b433c07c9ee03f0,2026-09-30T05:33:09.739587Z,18d2d72a1da66c853f45a71d4f8ae14dda41da7b,True
579.0,,bifrost,bfc,Bifrost,39292342,3373947.0,PENDING_CLASSIFICATION,UNREVIEWED_IDENTITY,2026-09-30,2026-09-30T05:33:12.368021+00:00,,,OFFICIAL_DAILY,market-lab:OFFICIAL_DAILY:5b082eeaf0744a8a9b433c07c9ee03f0,2026-09-30T05:33:09.739587Z,18d2d72a1da66c853f45a71d4f8ae14dda41da7b,True
580.0,,pay-coin,pci,Paycoin,39272415,317243.0,PENDING_CLASSIFICATION,UNREVIEWED_IDENTITY,2026-09-30,2026-09-30T05:33:12.368021+00:00,,,OFFICIAL_DAILY,market-lab:OFFICIAL_DAILY:5b082eeaf0744a8a9b433c07c9ee03f0,2026-09-30T05:33:09.739587Z,18d2d72a1da66c853f45a71d4f8ae14dda41da7b,True
581.0,,main-street-yield,msy,Main Street Yield,39244352,1319.6,PENDING_CLASSIFICATION,UNREVIEWED_IDENTITY,2026-09-30,2026-09-30T05:33:12.368021+00:00,,,OFFICIAL_DAILY,market-lab:OFFICIAL_DAILY:5b082eeaf0744a8a9b433c07c9ee03f0,2026-09-30T05:33:09.739587Z,18d2d72a1da66c853f45a71d4f8ae14dda41da7b,True
582.0,,subsquid,sqd,SQD,39228055,1293820.0,PENDING_CLASSIFICATION,UNREVIEWED_IDENTITY,2026-09-30,2026-09-30T05:33:12.368021+00:00,,,OFFICIAL_DAILY,market-lab:OFFICIAL_DAILY:5b082eeaf0744a8a9b433c07c9ee03f0,2026-09-30T05:33:09.739587Z,18d2d72a1da66c853f45a71d4f8ae14dda41da7b,True
583.0,,neiro-3,neiro,Neiro,39197467,11179624.0,PENDING_CLASSIFICATION,UNREVIEWED_IDENTITY,2026-09-30,2026-09-30T05:33:12.368021+00:00,,,OFFICIAL_DAILY,market-lab:OFFICIAL_DAILY:5b082eeaf0744a8a9b433c07c9ee03f0,2026-09-30T05:33:09.739587Z,18d2d72a1da66c853f45a71d4f8ae14dda41da7b,True
584.0,,snowbank,sb,Snowbank,39087403,304.04,PENDING_CLASSIFICATION,UNREVIEWED_IDENTITY,2026-09-30,2026-09-30T05:33:12.368021+00:00,,,OFFICIAL_DAILY,market-lab:OFFICIAL_DAILY:5b082eeaf0744a8a9b433c07c9ee03f0,2026-09-30T05:33:09.739587Z,18d2d72a1da66c853f45a71d4f8ae14dda41da7b,True
585.0,,sahara-ai,sahara,Sahara AI,39039527,9399031.0,PENDING_CLASSIFICATION,UNREVIEWED_IDENTITY,2026-09-30,2026-09-30T05:33:12.368021+00:00,,,OFFICIAL_DAILY,market-lab:OFFICIAL_DAILY:5b082eeaf0744a8a9b433c07c9ee03f0,2026-09-30T05:33:09.739587Z,18d2d72a1da66c853f45a71d4f8ae14dda41da7b,True
586.0,,coti,coti,COTI,39037295,31709181.0,PENDING_CLASSIFICATION,UNREVIEWED_IDENTITY,2026-09-30,2026-09-30T05:33:12.368021+00:00,,,OFFICIAL_DAILY,market-lab:OFFICIAL_DAILY:5b082eeaf0744a8a9b433c07c9ee03f0,2026-09-30T05:33:09.739587Z,18d2d72a1da66c853f45a71d4f8ae14dda41da7b,True
587.0,,noon-usn,usn,Noon USN,38998491,6.2,PENDING_CLASSIFICATION,UNREVIEWED_IDENTITY,2026-09-30,2026-09-30T05:33:12.368021+00:00,,,OFFICIAL_DAILY,market-lab:OFFICIAL_DAILY:5b082eeaf0744a8a9b433c07c9ee03f0,2026-09-30T05:33:09.739587Z,18d2d72a1da66c853f45a71d4f8ae14dda41da7b,True
588.0,,ravencoin,rvn,Ravencoin,38987897,2355971.0,PENDING_CLASSIFICATION,UNREVIEWED_IDENTITY,2026-09-30,2026-09-30T05:33:12.368021+00:00,,,OFFICIAL_DAILY,market-lab:OFFICIAL_DAILY:5b082eeaf0744a8a9b433c07c9ee03f0,2026-09-30T05:33:09.739587Z,18d2d72a1da66c853f45a71d4f8ae14dda41da7b,True
589.0,,memecoin-2,meme,Memecoin,38906293,6081709.0,PENDING_CLASSIFICATION,UNREVIEWED_IDENTITY,2026-09-30,2026-09-30T05:33:12.368021+00:00,,,OFFICIAL_DAILY,market-lab:OFFICIAL_DAILY:5b082eeaf0744a8a9b433c07c9ee03f0,2026-09-30T05:33:09.739587Z,18d2d72a1da66c853f45a71d4f8ae14dda41da7b,True
590.0,,nvidia-ondo-tokenized-stock,nvdaon,NVIDIA (Ondo Tokenized Stock),38779875,2494590.0,PENDING_CLASSIFICATION,UNREVIEWED_IDENTITY,2026-09-30,2026-09-30T05:33:12.368021+00:00,,,OFFICIAL_DAILY,market-lab:OFFICIAL_DAILY:5b082eeaf0744a8a9b433c07c9ee03f0,2026-09-30T05:33:09.739587Z,18d2d72a1da66c853f45a71d4f8ae14dda41da7b,True
591.0,,arcs,arx,ARCS,38747616,29747.0,PENDING_CLASSIFICATION,UNREVIEWED_IDENTITY,2026-09-30,2026-09-30T05:33:12.368021+00:00,,,OFFICIAL_DAILY,market-lab:OFFICIAL_DAILY:5b082eeaf0744a8a9b433c07c9ee03f0,2026-09-30T05:33:09.739587Z,18d2d72a1da66c853f45a71d4f8ae14dda41da7b,True
592.0,,nasdaq-xstock,qqqx,Nasdaq xStock,38574543,1624571.0,PENDING_CLASSIFICATION,UNREVIEWED_IDENTITY,2026-09-30,2026-09-30T05:33:12.368021+00:00,,,OFFICIAL_DAILY,market-lab:OFFICIAL_DAILY:5b082eeaf0744a8a9b433c07c9ee03f0,2026-09-30T05:33:09.739587Z,18d2d72a1da66c853f45a71d4f8ae14dda41da7b,True
593.0,,uma,uma,UMA,38492546,2397050.0,PENDING_CLASSIFICATION,UNREVIEWED_IDENTITY,2026-09-30,2026-09-30T05:33:12.368021+00:00,,,OFFICIAL_DAILY,market-lab:OFFICIAL_DAILY:5b082eeaf0744a8a9b433c07c9ee03f0,2026-09-30T05:33:09.739587Z,18d2d72a1da66c853f45a71d4f8ae14dda41da7b,True
594.0,,iota-2,sn9,iota,38386803,652712.0,PENDING_CLASSIFICATION,UNREVIEWED_IDENTITY,2026-09-30,2026-09-30T05:33:12.368021+00:00,,,OFFICIAL_DAILY,market-lab:OFFICIAL_DAILY:5b082eeaf0744a8a9b433c07c9ee03f0,2026-09-30T05:33:09.739587Z,18d2d72a1da66c853f45a71d4f8ae14dda41da7b,True
595.0,,gemini-dollar,gusd,Gemini Dollar,38337377,299405.0,PENDING_CLASSIFICATION,UNREVIEWED_IDENTITY,2026-09-30,2026-09-30T05:33:12.368021+00:00,,,OFFICIAL_DAILY,market-lab:OFFICIAL_DAILY:5b082eeaf0744a8a9b433c07c9ee03f0,2026-09-30T05:33:09.739587Z,18d2d72a1da66c853f45a71d4f8ae14dda41da7b,True
596.0,,ocean-protocol,ocean,Ocean Protocol,38252384,60368.0,PENDING_CLASSIFICATION,UNREVIEWED_IDENTITY,2026-09-30,2026-09-30T05:33:12.368021+00:00,,,OFFICIAL_DAILY,market-lab:OFFICIAL_DAILY:5b082eeaf0744a8a9b433c07c9ee03f0,2026-09-30T05:33:09.739587Z,18d2d72a1da66c853f45a71d4f8ae14dda41da7b,True
597.0,,lista,lista,Lista DAO,38160906,2922893.0,PENDING_CLASSIFICATION,UNREVIEWED_IDENTITY,2026-09-30,2026-09-30T05:33:12.368021+00:00,,,OFFICIAL_DAILY,market-lab:OFFICIAL_DAILY:5b082eeaf0744a8a9b433c07c9ee03f0,2026-09-30T05:33:09.739587Z,18d2d72a1da66c853f45a71d4f8ae14dda41da7b,True
598.0,,jackpotter,$jpt,Jackpotter,38077133,24.08,PENDING_CLASSIFICATION,UNREVIEWED_IDENTITY,2026-09-30,2026-09-30T05:33:12.368021+00:00,,,OFFICIAL_DAILY,market-lab:OFFICIAL_DAILY:5b082eeaf0744a8a9b433c07c9ee03f0,2026-09-30T05:33:09.739587Z,18d2d72a1da66c853f45a71d4f8ae14dda41da7b,True
599.0,,moolah,moolah,Moolah,38072146,950395.0,PENDING_CLASSIFICATION,UNREVIEWED_IDENTITY,2026-09-30,2026-09-30T05:33:12.368021+00:00,,,OFFICIAL_DAILY,market-lab:OFFICIAL_DAILY:5b082eeaf0744a8a9b433c07c9ee03f0,2026-09-30T05:33:09.739587Z,18d2d72a1da66c853f45a71d4f8ae14dda41da7b,True
600.0,,alphabet-xstock,googlx,Alphabet xStock,37672923,2618585.0,PENDING_CLASSIFICATION,UNREVIEWED_IDENTITY,2026-09-30,2026-09-30T05:33:12.368021+00:00,,,OFFICIAL_DAILY,market-lab:OFFICIAL_DAILY:5b082eeaf0744a8a9b433c07c9ee03f0,2026-09-30T05:33:09.739587Z,18d2d72a1da66c853f45a71d4f8ae14dda41da7b,True
601.0,,mango-markets,mngo,Mango,37644411,3565.24,PENDING_CLASSIFICATION,UNREVIEWED_IDENTITY,2026-09-30,2026-09-30T05:33:12.368021+00:00,,,OFFICIAL_DAILY,market-lab:OFFICIAL_DAILY:5b082eeaf0744a8a9b433c07c9ee03f0,2026-09-30T05:33:09.739587Z,18d2d72a1da66c853f45a71d4f8ae14dda41da7b,True
602.0,,nkyc-token,nkyc,NKYC Token,37616444,371648.0,PENDING_CLASSIFICATION,UNREVIEWED_IDENTITY,2026-09-30,2026-09-30T05:33:12.368021+00:00,,,OFFICIAL_DAILY,market-lab:OFFICIAL_DAILY:5b082eeaf0744a8a9b433c07c9ee03f0,2026-09-30T05:33:09.739587Z,18d2d72a1da66c853f45a71d4f8ae14dda41da7b,True
603.0,,sanctum-2,sanc,Sanctum,37569837,906410.0,PENDING_CLASSIFICATION,UNREVIEWED_IDENTITY,2026-09-30,2026-09-30T05:33:12.368021+00:00,,,OFFICIAL_DAILY,market-lab:OFFICIAL_DAILY:5b082eeaf0744a8a9b433c07c9ee03f0,2026-09-30T05:33:09.739587Z,18d2d72a1da66c853f45a71d4f8ae14dda41da7b,True
604.0,,eurite,euri,Eurite,37557196,3173610.0,PENDING_CLASSIFICATION,UNREVIEWED_IDENTITY,2026-09-30,2026-09-30T05:33:12.368021+00:00,,,OFFICIAL_DAILY,market-lab:OFFICIAL_DAILY:5b082eeaf0744a8a9b433c07c9ee03f0,2026-09-30T05:33:09.739587Z,18d2d72a1da66c853f45a71d4f8ae14dda41da7b,True
605.0,,sentismai,sentis,SentismAI,37555974,2025801.0,PENDING_CLASSIFICATION,UNREVIEWED_IDENTITY,2026-09-30,2026-09-30T05:33:12.368021+00:00,,,OFFICIAL_DAILY,market-lab:OFFICIAL_DAILY:5b082eeaf0744a8a9b433c07c9ee03f0,2026-09-30T05:33:09.739587Z,18d2d72a1da66c853f45a71d4f8ae14dda41da7b,True
606.0,,power-ledger,powr,Powerledger,37538099,1579802.0,PENDING_CLASSIFICATION,UNREVIEWED_IDENTITY,2026-09-30,2026-09-30T05:33:12.368021+00:00,,,OFFICIAL_DAILY,market-lab:OFFICIAL_DAILY:5b082eeaf0744a8a9b433c07c9ee03f0,2026-09-30T05:33:09.739587Z,18d2d72a1da66c853f45a71d4f8ae14dda41da7b,True
607.0,,hermez-network-token,hez,Hermez Network,37416297,20660.0,PENDING_CLASSIFICATION,UNREVIEWED_IDENTITY,2026-09-30,2026-09-30T05:33:12.368021+00:00,,,OFFICIAL_DAILY,market-lab:OFFICIAL_DAILY:5b082eeaf0744a8a9b433c07c9ee03f0,2026-09-30T05:33:09.739587Z,18d2d72a1da66c853f45a71d4f8ae14dda41da7b,True
608.0,,momentum-3,mmt,Momentum,37384803,5881767.0,PENDING_CLASSIFICATION,UNREVIEWED_IDENTITY,2026-09-30,2026-09-30T05:33:12.368021+00:00,,,OFFICIAL_DAILY,market-lab:OFFICIAL_DAILY:5b082eeaf0744a8a9b433c07c9ee03f0,2026-09-30T05:33:09.739587Z,18d2d72a1da66c853f45a71d4f8ae14dda41da7b,True
609.0,,giggle-fund,giggle,Giggle Fund,37377427,9268757.0,PENDING_CLASSIFICATION,UNREVIEWED_IDENTITY,2026-09-30,2026-09-30T05:33:12.368021+00:00,,,OFFICIAL_DAILY,market-lab:OFFICIAL_DAILY:5b082eeaf0744a8a9b433c07c9ee03f0,2026-09-30T05:33:09.739587Z,18d2d72a1da66c853f45a71d4f8ae14dda41da7b,True
610.0,,sai,sai,Sai,37221610,1438.46,PENDING_CLASSIFICATION,UNREVIEWED_IDENTITY,2026-09-30,2026-09-30T05:33:12.368021+00:00,,,OFFICIAL_DAILY,market-lab:OFFICIAL_DAILY:5b082eeaf0744a8a9b433c07c9ee03f0,2026-09-30T05:33:09.739587Z,18d2d72a1da66c853f45a71d4f8ae14dda41da7b,True
611.0,,b3,b3,B3 (Base),36992794,6072488.0,PENDING_CLASSIFICATION,UNREVIEWED_IDENTITY,2026-09-30,2026-09-30T05:33:12.368021+00:00,,,OFFICIAL_DAILY,market-lab:OFFICIAL_DAILY:5b082eeaf0744a8a9b433c07c9ee03f0,2026-09-30T05:33:09.739587Z,18d2d72a1da66c853f45a71d4f8ae14dda41da7b,True
612.0,,xpin-network,xpin,XPIN Network,36940874,795079.0,PENDING_CLASSIFICATION,UNREVIEWED_IDENTITY,2026-09-30,2026-09-30T05:33:12.368021+00:00,,,OFFICIAL_DAILY,market-lab:OFFICIAL_DAILY:5b082eeaf0744a8a9b433c07c9ee03f0,2026-09-30T05:33:09.739587Z,18d2d72a1da66c853f45a71d4f8ae14dda41da7b,True
613.0,,canopy,cnpy,Canopy,36926150,22633373.0,PENDING_CLASSIFICATION,UNREVIEWED_IDENTITY,2026-09-30,2026-09-30T05:33:12.368021+00:00,,,OFFICIAL_DAILY,market-lab:OFFICIAL_DAILY:5b082eeaf0744a8a9b433c07c9ee03f0,2026-09-30T05:33:09.739587Z,18d2d72a1da66c853f45a71d4f8ae14dda41da7b,True
614.0,,orbs,orbs,Orbs,36863373,1623138.0,PENDING_CLASSIFICATION,UNREVIEWED_IDENTITY,2026-09-30,2026-09-30T05:33:12.368021+00:00,,,OFFICIAL_DAILY,market-lab:OFFICIAL_DAILY:5b082eeaf0744a8a9b433c07c9ee03f0,2026-09-30T05:33:09.739587Z,18d2d72a1da66c853f45a71d4f8ae14dda41da7b,True
615.0,,aleo,aleo,ALEO,36664410,1867684.0,PENDING_CLASSIFICATION,UNREVIEWED_IDENTITY,2026-09-30,2026-09-30T05:33:12.368021+00:00,,,OFFICIAL_DAILY,market-lab:OFFICIAL_DAILY:5b082eeaf0744a8a9b433c07c9ee03f0,2026-09-30T05:33:09.739587Z,18d2d72a1da66c853f45a71d4f8ae14dda41da7b,True
616.0,,rhea-2,rhea,RHEA,36656968,6117799.0,PENDING_CLASSIFICATION,UNREVIEWED_IDENTITY,2026-09-30,2026-09-30T05:33:12.368021+00:00,,,OFFICIAL_DAILY,market-lab:OFFICIAL_DAILY:5b082eeaf0744a8a9b433c07c9ee03f0,2026-09-30T05:33:09.739587Z,18d2d72a1da66c853f45a71d4f8ae14dda41da7b,True
617.0,,pathusd,pathusd,pathUSD,36594200,17456.73,PENDING_CLASSIFICATION,UNREVIEWED_IDENTITY,2026-09-30,2026-09-30T05:33:12.368021+00:00,,,OFFICIAL_DAILY,market-lab:OFFICIAL_DAILY:5b082eeaf0744a8a9b433c07c9ee03f0,2026-09-30T05:33:09.739587Z,18d2d72a1da66c853f45a71d4f8ae14dda41da7b,True
618.0,,apex-4,ap3x,APEX,36548830,5165.75,PENDING_CLASSIFICATION,UNREVIEWED_IDENTITY,2026-09-30,2026-09-30T05:33:12.368021+00:00,,,OFFICIAL_DAILY,market-lab:OFFICIAL_DAILY:5b082eeaf0744a8a9b433c07c9ee03f0,2026-09-30T05:33:09.739587Z,18d2d72a1da66c853f45a71d4f8ae14dda41da7b,True
619.0,,terra-luna-2,luna,Terra,36458917,4552564.0,PENDING_CLASSIFICATION,UNREVIEWED_IDENTITY,2026-09-30,2026-09-30T05:33:12.368021+00:00,,,OFFICIAL_DAILY,market-lab:OFFICIAL_DAILY:5b082eeaf0744a8a9b433c07c9ee03f0,2026-09-30T05:33:09.739587Z,18d2d72a1da66c853f45a71d4f8ae14dda41da7b,True
620.0,,liquity-bold-2,bold,BOLD,36413008,727827.0,PENDING_CLASSIFICATION,UNREVIEWED_IDENTITY,2026-09-30,2026-09-30T05:33:12.368021+00:00,,,OFFICIAL_DAILY,market-lab:OFFICIAL_DAILY:5b082eeaf0744a8a9b433c07c9ee03f0,2026-09-30T05:33:09.739587Z,18d2d72a1da66c853f45a71d4f8ae14dda41da7b,True
621.0,,osk,osk,OSK,36300822,509.7,PENDING_CLASSIFICATION,UNREVIEWED_IDENTITY,2026-09-30,2026-09-30T05:33:12.368021+00:00,,,OFFICIAL_DAILY,market-lab:OFFICIAL_DAILY:5b082eeaf0744a8a9b433c07c9ee03f0,2026-09-30T05:33:09.739587Z,18d2d72a1da66c853f45a71d4f8ae14dda41da7b,True
622.0,,yfsx,yfsx,YFSX,36275927,8990.18,PENDING_CLASSIFICATION,UNREVIEWED_IDENTITY,2026-09-30,2026-09-30T05:33:12.368021+00:00,,,OFFICIAL_DAILY,market-lab:OFFICIAL_DAILY:5b082eeaf0744a8a9b433c07c9ee03f0,2026-09-30T05:33:09.739587Z,18d2d72a1da66c853f45a71d4f8ae14dda41da7b,True
623.0,,synapse-2,syn,Synapse,36009596,6764390.0,PENDING_CLASSIFICATION,UNREVIEWED_IDENTITY,2026-09-30,2026-09-30T05:33:12.368021+00:00,,,OFFICIAL_DAILY,market-lab:OFFICIAL_DAILY:5b082eeaf0744a8a9b433c07c9ee03f0,2026-09-30T05:33:09.739587Z,18d2d72a1da66c853f45a71d4f8ae14dda41da7b,True
624.0,,magma-finance,magma,Magma Finance,35772485,977269.0,PENDING_CLASSIFICATION,UNREVIEWED_IDENTITY,2026-09-30,2026-09-30T05:33:12.368021+00:00,,,OFFICIAL_DAILY,market-lab:OFFICIAL_DAILY:5b082eeaf0744a8a9b433c07c9ee03f0,2026-09-30T05:33:09.739587Z,18d2d72a1da66c853f45a71d4f8ae14dda41da7b,True
625.0,,steem,steem,Steem,35632216,3584118.0,PENDING_CLASSIFICATION,UNREVIEWED_IDENTITY,2026-09-30,2026-09-30T05:33:12.368021+00:00,,,OFFICIAL_DAILY,market-lab:OFFICIAL_DAILY:5b082eeaf0744a8a9b433c07c9ee03f0,2026-09-30T05:33:09.739587Z,18d2d72a1da66c853f45a71d4f8ae14dda41da7b,True
626.0,,propy,pro,Propy,35516255,264444.0,PENDING_CLASSIFICATION,UNREVIEWED_IDENTITY,2026-09-30,2026-09-30T05:33:12.368021+00:00,,,OFFICIAL_DAILY,market-lab:OFFICIAL_DAILY:5b082eeaf0744a8a9b433c07c9ee03f0,2026-09-30T05:33:09.739587Z,18d2d72a1da66c853f45a71d4f8ae14dda41da7b,True
627.0,,sign-global,sign,Sign,35429945,3956218.0,PENDING_CLASSIFICATION,UNREVIEWED_IDENTITY,2026-09-30,2026-09-30T05:33:12.368021+00:00,,,OFFICIAL_DAILY,market-lab:OFFICIAL_DAILY:5b082eeaf0744a8a9b433c07c9ee03f0,2026-09-30T05:33:09.739587Z,18d2d72a1da66c853f45a71d4f8ae14dda41da7b,True
628.0,,tcy,tcy,THORChain Yield,35330598,28603.0,PENDING_CLASSIFICATION,UNREVIEWED_IDENTITY,2026-09-30,2026-09-30T05:33:12.368021+00:00,,,OFFICIAL_DAILY,market-lab:OFFICIAL_DAILY:5b082eeaf0744a8a9b433c07c9ee03f0,2026-09-30T05:33:09.739587Z,18d2d72a1da66c853f45a71d4f8ae14dda41da7b,True
629.0,,clearpool,cpool,Clearpool,35109186,2863544.0,PENDING_CLASSIFICATION,UNREVIEWED_IDENTITY,2026-09-30,2026-09-30T05:33:12.368021+00:00,,,OFFICIAL_DAILY,market-lab:OFFICIAL_DAILY:5b082eeaf0744a8a9b433c07c9ee03f0,2026-09-30T05:33:09.739587Z,18d2d72a1da66c853f45a71d4f8ae14dda41da7b,True
630.0,,g-token,g,Gravity (by Galxe),35050918,9231506.0,PENDING_CLASSIFICATION,UNREVIEWED_IDENTITY,2026-09-30,2026-09-30T05:33:12.368021+00:00,,,OFFICIAL_DAILY,market-lab:OFFICIAL_DAILY:5b082eeaf0744a8a9b433c07c9ee03f0,2026-09-30T05:33:09.739587Z,18d2d72a1da66c853f45a71d4f8ae14dda41da7b,True
631.0,,zora,zora,Zora,35048154,10579100.0,PENDING_CLASSIFICATION,UNREVIEWED_IDENTITY,2026-09-30,2026-09-30T05:33:12.368021+00:00,,,OFFICIAL_DAILY,market-lab:OFFICIAL_DAILY:5b082eeaf0744a8a9b433c07c9ee03f0,2026-09-30T05:33:09.739587Z,18d2d72a1da66c853f45a71d4f8ae14dda41da7b,True
632.0,,tornado-cash,torn,Tornado Cash,34972593,1065095.0,PENDING_CLASSIFICATION,UNREVIEWED_IDENTITY,2026-09-30,2026-09-30T05:33:12.368021+00:00,,,OFFICIAL_DAILY,market-lab:OFFICIAL_DAILY:5b082eeaf0744a8a9b433c07c9ee03f0,2026-09-30T05:33:09.739587Z,18d2d72a1da66c853f45a71d4f8ae14dda41da7b,True
633.0,,apro,at,Apro,34955333,1226896.0,PENDING_CLASSIFICATION,UNREVIEWED_IDENTITY,2026-09-30,2026-09-30T05:33:12.368021+00:00,,,OFFICIAL_DAILY,market-lab:OFFICIAL_DAILY:5b082eeaf0744a8a9b433c07c9ee03f0,2026-09-30T05:33:09.739587Z,18d2d72a1da66c853f45a71d4f8ae14dda41da7b,True
634.0,,aegis-yusd,yusd,Aegis YUSD,34923214,21802.0,PENDING_CLASSIFICATION,UNREVIEWED_IDENTITY,2026-09-30,2026-09-30T05:33:12.368021+00:00,,,OFFICIAL_DAILY,market-lab:OFFICIAL_DAILY:5b082eeaf0744a8a9b433c07c9ee03f0,2026-09-30T05:33:09.739587Z,18d2d72a1da66c853f45a71d4f8ae14dda41da7b,True
635.0,,harmony,one,Harmony,34902878,16280610.0,EXCLUDED,GAPPED_DAILY_HISTORY,2026-09-30,2026-09-30T05:33:12.368021+00:00,ONE-USD,GAPPED_DAILY_HISTORY,OFFICIAL_DAILY,market-lab:OFFICIAL_DAILY:5b082eeaf0744a8a9b433c07c9ee03f0,2026-09-30T05:33:09.739587Z,18d2d72a1da66c853f45a71d4f8ae14dda41da7b,True
636.0,,hakimi,哈基米,哈基米 (Hajimi),34881437,1244788.0,PENDING_CLASSIFICATION,UNREVIEWED_IDENTITY,2026-09-30,2026-09-30T05:33:12.368021+00:00,,,OFFICIAL_DAILY,market-lab:OFFICIAL_DAILY:5b082eeaf0744a8a9b433c07c9ee03f0,2026-09-30T05:33:09.739587Z,18d2d72a1da66c853f45a71d4f8ae14dda41da7b,True
637.0,,bancor,bnt,Bancor Network,34818997,3215269.0,PENDING_CLASSIFICATION,UNREVIEWED_IDENTITY,2026-09-30,2026-09-30T05:33:12.368021+00:00,,,OFFICIAL_DAILY,market-lab:OFFICIAL_DAILY:5b082eeaf0744a8a9b433c07c9ee03f0,2026-09-30T05:33:09.739587Z,18d2d72a1da66c853f45a71d4f8ae14dda41da7b,True
638.0,,palladium-network,plldv3,Palladium Network,34800660,2010.45,PENDING_CLASSIFICATION,UNREVIEWED_IDENTITY,2026-09-30,2026-09-30T05:33:12.368021+00:00,,,OFFICIAL_DAILY,market-lab:OFFICIAL_DAILY:5b082eeaf0744a8a9b433c07c9ee03f0,2026-09-30T05:33:09.739587Z,18d2d72a1da66c853f45a71d4f8ae14dda41da7b,True
639.0,,changenow,now,ChangeNOW,34799988,4535.56,PENDING_CLASSIFICATION,UNREVIEWED_IDENTITY,2026-09-30,2026-09-30T05:33:12.368021+00:00,,,OFFICIAL_DAILY,market-lab:OFFICIAL_DAILY:5b082eeaf0744a8a9b433c07c9ee03f0,2026-09-30T05:33:09.739587Z,18d2d72a1da66c853f45a71d4f8ae14dda41da7b,True
640.0,,matrix-6,mtx,Matrix,34629232,7310.72,PENDING_CLASSIFICATION,UNREVIEWED_IDENTITY,2026-09-30,2026-09-30T05:33:12.368021+00:00,,,OFFICIAL_DAILY,market-lab:OFFICIAL_DAILY:5b082eeaf0744a8a9b433c07c9ee03f0,2026-09-30T05:33:09.739587Z,18d2d72a1da66c853f45a71d4f8ae14dda41da7b,True
641.0,,asset,asset,REAL,34424937,316778.0,PENDING_CLASSIFICATION,UNREVIEWED_IDENTITY,2026-09-30,2026-09-30T05:33:12.368021+00:00,,,OFFICIAL_DAILY,market-lab:OFFICIAL_DAILY:5b082eeaf0744a8a9b433c07c9ee03f0,2026-09-30T05:33:09.739587Z,18d2d72a1da66c853f45a71d4f8ae14dda41da7b,True
642.0,,fins,fins,FINS,34347046,42645.0,PENDING_CLASSIFICATION,UNREVIEWED_IDENTITY,2026-09-30,2026-09-30T05:33:12.368021+00:00,,,OFFICIAL_DAILY,market-lab:OFFICIAL_DAILY:5b082eeaf0744a8a9b433c07c9ee03f0,2026-09-30T05:33:09.739587Z,18d2d72a1da66c853f45a71d4f8ae14dda41da7b,True
643.0,,steakhouse-confidential-prime-usdc,steakcusdc,Steakhouse Confidential Prime USDC,34335236,0.0,PENDING_CLASSIFICATION,UNREVIEWED_IDENTITY,2026-09-30,2026-09-30T05:33:12.368021+00:00,,,OFFICIAL_DAILY,market-lab:OFFICIAL_DAILY:5b082eeaf0744a8a9b433c07c9ee03f0,2026-09-30T05:33:09.739587Z,18d2d72a1da66c853f45a71d4f8ae14dda41da7b,True
644.0,,binance-usd,busd,BUSD,34312621,1942.85,PENDING_CLASSIFICATION,UNREVIEWED_IDENTITY,2026-09-30,2026-09-30T05:33:12.368021+00:00,,,OFFICIAL_DAILY,market-lab:OFFICIAL_DAILY:5b082eeaf0744a8a9b433c07c9ee03f0,2026-09-30T05:33:09.739587Z,18d2d72a1da66c853f45a71d4f8ae14dda41da7b,True
645.0,,cargox,cxo,CargoX,34287210,16847.32,PENDING_CLASSIFICATION,UNREVIEWED_IDENTITY,2026-09-30,2026-09-30T05:33:12.368021+00:00,,,OFFICIAL_DAILY,market-lab:OFFICIAL_DAILY:5b082eeaf0744a8a9b433c07c9ee03f0,2026-09-30T05:33:09.739587Z,18d2d72a1da66c853f45a71d4f8ae14dda41da7b,True
646.0,,monerium-eur-money-2,eure,Monerium EUR emoney,34276142,1240779.0,PENDING_CLASSIFICATION,UNREVIEWED_IDENTITY,2026-09-30,2026-09-30T05:33:12.368021+00:00,,,OFFICIAL_DAILY,market-lab:OFFICIAL_DAILY:5b082eeaf0744a8a9b433c07c9ee03f0,2026-09-30T05:33:09.739587Z,18d2d72a1da66c853f45a71d4f8ae14dda41da7b,True
647.0,,coredaoorg,core,Core,34151411,4154985.0,PENDING_CLASSIFICATION,UNREVIEWED_IDENTITY,2026-09-30,2026-09-30T05:33:12.368021+00:00,,,OFFICIAL_DAILY,market-lab:OFFICIAL_DAILY:5b082eeaf0744a8a9b433c07c9ee03f0,2026-09-30T05:33:09.739587Z,18d2d72a1da66c853f45a71d4f8ae14dda41da7b,True
648.0,,midas-fasanara-global,mglobal,Midas Fasanara Global,34064146,0.0,PENDING_CLASSIFICATION,UNREVIEWED_IDENTITY,2026-09-30,2026-09-30T05:33:12.368021+00:00,,,OFFICIAL_DAILY,market-lab:OFFICIAL_DAILY:5b082eeaf0744a8a9b433c07c9ee03f0,2026-09-30T05:33:09.739587Z,18d2d72a1da66c853f45a71d4f8ae14dda41da7b,True
649.0,,invesco-qqq-etf-ondo-tokenized-etf,qqqon,Invesco QQQ ETF (Ondo Tokenized ETF),34008455,1841670.0,PENDING_CLASSIFICATION,UNREVIEWED_IDENTITY,2026-09-30,2026-09-30T05:33:12.368021+00:00,,,OFFICIAL_DAILY,market-lab:OFFICIAL_DAILY:5b082eeaf0744a8a9b433c07c9ee03f0,2026-09-30T05:33:09.739587Z,18d2d72a1da66c853f45a71d4f8ae14dda41da7b,True
650.0,,euler,eul,Euler,34002744,1608344.0,PENDING_CLASSIFICATION,UNREVIEWED_IDENTITY,2026-09-30,2026-09-30T05:33:12.368021+00:00,,,OFFICIAL_DAILY,market-lab:OFFICIAL_DAILY:5b082eeaf0744a8a9b433c07c9ee03f0,2026-09-30T05:33:09.739587Z,18d2d72a1da66c853f45a71d4f8ae14dda41da7b,True
651.0,,hashkey-ecopoints,hsk,HashKey Platform Token,33993328,151861.0,PENDING_CLASSIFICATION,UNREVIEWED_IDENTITY,2026-09-30,2026-09-30T05:33:12.368021+00:00,,,OFFICIAL_DAILY,market-lab:OFFICIAL_DAILY:5b082eeaf0744a8a9b433c07c9ee03f0,2026-09-30T05:33:09.739587Z,18d2d72a1da66c853f45a71d4f8ae14dda41da7b,True
652.0,,mbg-by-multibank-group,mbg,MBG By Multibank Group,33913821,6061372.0,PENDING_CLASSIFICATION,UNREVIEWED_IDENTITY,2026-09-30,2026-09-30T05:33:12.368021+00:00,,,OFFICIAL_DAILY,market-lab:OFFICIAL_DAILY:5b082eeaf0744a8a9b433c07c9ee03f0,2026-09-30T05:33:09.739587Z,18d2d72a1da66c853f45a71d4f8ae14dda41da7b,True
653.0,,somnia,somi,Somnia,33767298,2268435.0,PENDING_CLASSIFICATION,UNREVIEWED_IDENTITY,2026-09-30,2026-09-30T05:33:12.368021+00:00,,,OFFICIAL_DAILY,market-lab:OFFICIAL_DAILY:5b082eeaf0744a8a9b433c07c9ee03f0,2026-09-30T05:33:09.739587Z,18d2d72a1da66c853f45a71d4f8ae14dda41da7b,True
654.0,,jett-crypto-2,jett,JETT CRYPTO,33315999,80810.0,PENDING_CLASSIFICATION,UNREVIEWED_IDENTITY,2026-09-30,2026-09-30T05:33:12.368021+00:00,,,OFFICIAL_DAILY,market-lab:OFFICIAL_DAILY:5b082eeaf0744a8a9b433c07c9ee03f0,2026-09-30T05:33:09.739587Z,18d2d72a1da66c853f45a71d4f8ae14dda41da7b,True
655.0,,nvidia-bstocks,nvdab,NVIDIA (bStocks Tokenized Stock),33260683,16741037.0,PENDING_CLASSIFICATION,UNREVIEWED_IDENTITY,2026-09-30,2026-09-30T05:33:12.368021+00:00,,,OFFICIAL_DAILY,market-lab:OFFICIAL_DAILY:5b082eeaf0744a8a9b433c07c9ee03f0,2026-09-30T05:33:09.739587Z,18d2d72a1da66c853f45a71d4f8ae14dda41da7b,True
656.0,,nova-3,sn68,NOVA,33224232,219762.0,PENDING_CLASSIFICATION,UNREVIEWED_IDENTITY,2026-09-30,2026-09-30T05:33:12.368021+00:00,,,OFFICIAL_DAILY,market-lab:OFFICIAL_DAILY:5b082eeaf0744a8a9b433c07c9ee03f0,2026-09-30T05:33:09.739587Z,18d2d72a1da66c853f45a71d4f8ae14dda41da7b,True
657.0,,xphere,xp,Xphere,33100461,310746.0,PENDING_CLASSIFICATION,UNREVIEWED_IDENTITY,2026-09-30,2026-09-30T05:33:12.368021+00:00,,,OFFICIAL_DAILY,market-lab:OFFICIAL_DAILY:5b082eeaf0744a8a9b433c07c9ee03f0,2026-09-30T05:33:09.739587Z,18d2d72a1da66c853f45a71d4f8ae14dda41da7b,True
658.0,,manta-network,manta,Manta Network,33008962,1615505.0,PENDING_CLASSIFICATION,UNREVIEWED_IDENTITY,2026-09-30,2026-09-30T05:33:12.368021+00:00,,,OFFICIAL_DAILY,market-lab:OFFICIAL_DAILY:5b082eeaf0744a8a9b433c07c9ee03f0,2026-09-30T05:33:09.739587Z,18d2d72a1da66c853f45a71d4f8ae14dda41da7b,True
659.0,,wiki-cat,wkc,Wiki Cat,32956299,230350.0,PENDING_CLASSIFICATION,UNREVIEWED_IDENTITY,2026-09-30,2026-09-30T05:33:12.368021+00:00,,,OFFICIAL_DAILY,market-lab:OFFICIAL_DAILY:5b082eeaf0744a8a9b433c07c9ee03f0,2026-09-30T05:33:09.739587Z,18d2d72a1da66c853f45a71d4f8ae14dda41da7b,True
660.0,,vana,vana,Vana,32877533,1413150.0,PENDING_CLASSIFICATION,UNREVIEWED_IDENTITY,2026-09-30,2026-09-30T05:33:12.368021+00:00,,,OFFICIAL_DAILY,market-lab:OFFICIAL_DAILY:5b082eeaf0744a8a9b433c07c9ee03f0,2026-09-30T05:33:09.739587Z,18d2d72a1da66c853f45a71d4f8ae14dda41da7b,True
661.0,,metamask-usd,musd,MetaMask USD,32856630,3683597.0,PENDING_CLASSIFICATION,UNREVIEWED_IDENTITY,2026-09-30,2026-09-30T05:33:12.368021+00:00,,,OFFICIAL_DAILY,market-lab:OFFICIAL_DAILY:5b082eeaf0744a8a9b433c07c9ee03f0,2026-09-30T05:33:09.739587Z,18d2d72a1da66c853f45a71d4f8ae14dda41da7b,True
662.0,,illuvium,ilv,Illuvium,32802104,3669209.0,PENDING_CLASSIFICATION,UNREVIEWED_IDENTITY,2026-09-30,2026-09-30T05:33:12.368021+00:00,,,OFFICIAL_DAILY,market-lab:OFFICIAL_DAILY:5b082eeaf0744a8a9b433c07c9ee03f0,2026-09-30T05:33:09.739587Z,18d2d72a1da66c853f45a71d4f8ae14dda41da7b,True
663.0,,kiichain,kii,KiiChain,32712838,64095681.0,PENDING_CLASSIFICATION,UNREVIEWED_IDENTITY,2026-09-30,2026-09-30T05:33:12.368021+00:00,,,OFFICIAL_DAILY,market-lab:OFFICIAL_DAILY:5b082eeaf0744a8a9b433c07c9ee03f0,2026-09-30T05:33:09.739587Z,18d2d72a1da66c853f45a71d4f8ae14dda41da7b,True
664.0,,dogelon-mars,elon,Dogelon Mars,32671066,3339546.0,PENDING_CLASSIFICATION,UNREVIEWED_IDENTITY,2026-09-30,2026-09-30T05:33:12.368021+00:00,,,OFFICIAL_DAILY,market-lab:OFFICIAL_DAILY:5b082eeaf0744a8a9b433c07c9ee03f0,2026-09-30T05:33:09.739587Z,18d2d72a1da66c853f45a71d4f8ae14dda41da7b,True
665.0,,kgen,kgen,KGeN,32449385,1486770.0,PENDING_CLASSIFICATION,UNREVIEWED_IDENTITY,2026-09-30,2026-09-30T05:33:12.368021+00:00,,,OFFICIAL_DAILY,market-lab:OFFICIAL_DAILY:5b082eeaf0744a8a9b433c07c9ee03f0,2026-09-30T05:33:09.739587Z,18d2d72a1da66c853f45a71d4f8ae14dda41da7b,True
666.0,,iotex,iotx,IoTeX,32402379,1640889.0,PENDING_CLASSIFICATION,UNREVIEWED_IDENTITY,2026-09-30,2026-09-30T05:33:12.368021+00:00,,,OFFICIAL_DAILY,market-lab:OFFICIAL_DAILY:5b082eeaf0744a8a9b433c07c9ee03f0,2026-09-30T05:33:09.739587Z,18d2d72a1da66c853f45a71d4f8ae14dda41da7b,True
667.0,,arcblock,abt,Arcblock,32382190,408862.0,PENDING_CLASSIFICATION,UNREVIEWED_IDENTITY,2026-09-30,2026-09-30T05:33:12.368021+00:00,,,OFFICIAL_DAILY,market-lab:OFFICIAL_DAILY:5b082eeaf0744a8a9b433c07c9ee03f0,2026-09-30T05:33:09.739587Z,18d2d72a1da66c853f45a71d4f8ae14dda41da7b,True
668.0,,infinity-gaming,$inf8,Infinity Gaming,32308320,171292.0,PENDING_CLASSIFICATION,UNREVIEWED_IDENTITY,2026-09-30,2026-09-30T05:33:12.368021+00:00,,,OFFICIAL_DAILY,market-lab:OFFICIAL_DAILY:5b082eeaf0744a8a9b433c07c9ee03f0,2026-09-30T05:33:09.739587Z,18d2d72a1da66c853f45a71d4f8ae14dda41da7b,True
669.0,,okzoo,aiot,OKZOO,32293918,1564374.0,PENDING_CLASSIFICATION,UNREVIEWED_IDENTITY,2026-09-30,2026-09-30T05:33:12.368021+00:00,,,OFFICIAL_DAILY,market-lab:OFFICIAL_DAILY:5b082eeaf0744a8a9b433c07c9ee03f0,2026-09-30T05:33:09.739587Z,18d2d72a1da66c853f45a71d4f8ae14dda41da7b,True
670.0,,staked-frax-usd,sfrxusd,Frax Staked frxUSD,32258207,1650031.0,PENDING_CLASSIFICATION,UNREVIEWED_IDENTITY,2026-09-30,2026-09-30T05:33:12.368021+00:00,,,OFFICIAL_DAILY,market-lab:OFFICIAL_DAILY:5b082eeaf0744a8a9b433c07c9ee03f0,2026-09-30T05:33:09.739587Z,18d2d72a1da66c853f45a71d4f8ae14dda41da7b,True
671.0,,iostoken,iost,IOST,32236018,5928341.0,PENDING_CLASSIFICATION,UNREVIEWED_IDENTITY,2026-09-30,2026-09-30T05:33:12.368021+00:00,,,OFFICIAL_DAILY,market-lab:OFFICIAL_DAILY:5b082eeaf0744a8a9b433c07c9ee03f0,2026-09-30T05:33:09.739587Z,18d2d72a1da66c853f45a71d4f8ae14dda41da7b,True
672.0,,apriori,apr,Capricorn,32176646,3723514.0,PENDING_CLASSIFICATION,UNREVIEWED_IDENTITY,2026-09-30,2026-09-30T05:33:12.368021+00:00,,,OFFICIAL_DAILY,market-lab:OFFICIAL_DAILY:5b082eeaf0744a8a9b433c07c9ee03f0,2026-09-30T05:33:09.739587Z,18d2d72a1da66c853f45a71d4f8ae14dda41da7b,True
673.0,,ustbl-tokenized-u-s-treasury-bill,ustbl,USTBL,32121933,14742.16,PENDING_CLASSIFICATION,UNREVIEWED_IDENTITY,2026-09-30,2026-09-30T05:33:12.368021+00:00,,,OFFICIAL_DAILY,market-lab:OFFICIAL_DAILY:5b082eeaf0744a8a9b433c07c9ee03f0,2026-09-30T05:33:09.739587Z,18d2d72a1da66c853f45a71d4f8ae14dda41da7b,True
674.0,,irys,irys,Irys,32099703,3487755.0,PENDING_CLASSIFICATION,UNREVIEWED_IDENTITY,2026-09-30,2026-09-30T05:33:12.368021+00:00,,,OFFICIAL_DAILY,market-lab:OFFICIAL_DAILY:5b082eeaf0744a8a9b433c07c9ee03f0,2026-09-30T05:33:09.739587Z,18d2d72a1da66c853f45a71d4f8ae14dda41da7b,True
675.0,,terrausd,ustc,TerraClassicUSD,32083053,1553663.0,PENDING_CLASSIFICATION,UNREVIEWED_IDENTITY,2026-09-30,2026-09-30T05:33:12.368021+00:00,,,OFFICIAL_DAILY,market-lab:OFFICIAL_DAILY:5b082eeaf0744a8a9b433c07c9ee03f0,2026-09-30T05:33:09.739587Z,18d2d72a1da66c853f45a71d4f8ae14dda41da7b,True
676.0,,bora,bora,BORA,32023729,273976.0,PENDING_CLASSIFICATION,UNREVIEWED_IDENTITY,2026-09-30,2026-09-30T05:33:12.368021+00:00,,,OFFICIAL_DAILY,market-lab:OFFICIAL_DAILY:5b082eeaf0744a8a9b433c07c9ee03f0,2026-09-30T05:33:09.739587Z,18d2d72a1da66c853f45a71d4f8ae14dda41da7b,True
677.0,,utya,utya,Utya,32008242,431020.0,PENDING_CLASSIFICATION,UNREVIEWED_IDENTITY,2026-09-30,2026-09-30T05:33:12.368021+00:00,,,OFFICIAL_DAILY,market-lab:OFFICIAL_DAILY:5b082eeaf0744a8a9b433c07c9ee03f0,2026-09-30T05:33:09.739587Z,18d2d72a1da66c853f45a71d4f8ae14dda41da7b,True
678.0,,zerebro,zerebro,Zerebro,31934216,4694976.0,PENDING_CLASSIFICATION,UNREVIEWED_IDENTITY,2026-09-30,2026-09-30T05:33:12.368021+00:00,,,OFFICIAL_DAILY,market-lab:OFFICIAL_DAILY:5b082eeaf0744a8a9b433c07c9ee03f0,2026-09-30T05:33:09.739587Z,18d2d72a1da66c853f45a71d4f8ae14dda41da7b,True
679.0,,teller,debit,Teller,31873686,54973408.0,PENDING_CLASSIFICATION,UNREVIEWED_IDENTITY,2026-09-30,2026-09-30T05:33:12.368021+00:00,,,OFFICIAL_DAILY,market-lab:OFFICIAL_DAILY:5b082eeaf0744a8a9b433c07c9ee03f0,2026-09-30T05:33:09.739587Z,18d2d72a1da66c853f45a71d4f8ae14dda41da7b,True
680.0,,ethereum-pow-iou,ethw,EthereumPoW,31589225,1910677.0,PENDING_CLASSIFICATION,UNREVIEWED_IDENTITY,2026-09-30,2026-09-30T05:33:12.368021+00:00,,,OFFICIAL_DAILY,market-lab:OFFICIAL_DAILY:5b082eeaf0744a8a9b433c07c9ee03f0,2026-09-30T05:33:09.739587Z,18d2d72a1da66c853f45a71d4f8ae14dda41da7b,True
681.0,,midas-mhyper,mhyper,Midas mHYPER,31470237,0.0,PENDING_CLASSIFICATION,UNREVIEWED_IDENTITY,2026-09-30,2026-09-30T05:33:12.368021+00:00,,,OFFICIAL_DAILY,market-lab:OFFICIAL_DAILY:5b082eeaf0744a8a9b433c07c9ee03f0,2026-09-30T05:33:09.739587Z,18d2d72a1da66c853f45a71d4f8ae14dda41da7b,True
682.0,,spacecoin-2,space,Spacecoin,31453054,2256203.0,PENDING_CLASSIFICATION,UNREVIEWED_IDENTITY,2026-09-30,2026-09-30T05:33:12.368021+00:00,,,OFFICIAL_DAILY,market-lab:OFFICIAL_DAILY:5b082eeaf0744a8a9b433c07c9ee03f0,2026-09-30T05:33:09.739587Z,18d2d72a1da66c853f45a71d4f8ae14dda41da7b,True
683.0,,xtcom-token,xt,XT.com,31372610,9472353.0,PENDING_CLASSIFICATION,UNREVIEWED_IDENTITY,2026-09-30,2026-09-30T05:33:12.368021+00:00,,,OFFICIAL_DAILY,market-lab:OFFICIAL_DAILY:5b082eeaf0744a8a9b433c07c9ee03f0,2026-09-30T05:33:09.739587Z,18d2d72a1da66c853f45a71d4f8ae14dda41da7b,True
684.0,,swftcoin,swftc,SWFTCOIN,31360758,410358.0,PENDING_CLASSIFICATION,UNREVIEWED_IDENTITY,2026-09-30,2026-09-30T05:33:12.368021+00:00,,,OFFICIAL_DAILY,market-lab:OFFICIAL_DAILY:5b082eeaf0744a8a9b433c07c9ee03f0,2026-09-30T05:33:09.739587Z,18d2d72a1da66c853f45a71d4f8ae14dda41da7b,True
685.0,,storx,srx,StorX,31360054,721808.0,PENDING_CLASSIFICATION,UNREVIEWED_IDENTITY,2026-09-30,2026-09-30T05:33:12.368021+00:00,,,OFFICIAL_DAILY,market-lab:OFFICIAL_DAILY:5b082eeaf0744a8a9b433c07c9ee03f0,2026-09-30T05:33:09.739587Z,18d2d72a1da66c853f45a71d4f8ae14dda41da7b,True
686.0,,across-protocol,acx,Across Protocol,31339081,75591.0,PENDING_CLASSIFICATION,UNREVIEWED_IDENTITY,2026-09-30,2026-09-30T05:33:12.368021+00:00,,,OFFICIAL_DAILY,market-lab:OFFICIAL_DAILY:5b082eeaf0744a8a9b433c07c9ee03f0,2026-09-30T05:33:09.739587Z,18d2d72a1da66c853f45a71d4f8ae14dda41da7b,True
687.0,,spiko-digital-assets-cash-carry-fund-euro-share-class,eurspkcc,Spiko Digital Assets Cash & Carry Fund - Euro Share Class,31308020,0.0,PENDING_CLASSIFICATION,UNREVIEWED_IDENTITY,2026-09-30,2026-09-30T05:33:12.368021+00:00,,,OFFICIAL_DAILY,market-lab:OFFICIAL_DAILY:5b082eeaf0744a8a9b433c07c9ee03f0,2026-09-30T05:33:09.739587Z,18d2d72a1da66c853f45a71d4f8ae14dda41da7b,True
688.0,,bitdca,bdca,BitDCA,31279495,81589.0,PENDING_CLASSIFICATION,UNREVIEWED_IDENTITY,2026-09-30,2026-09-30T05:33:12.368021+00:00,,,OFFICIAL_DAILY,market-lab:OFFICIAL_DAILY:5b082eeaf0744a8a9b433c07c9ee03f0,2026-09-30T05:33:09.739587Z,18d2d72a1da66c853f45a71d4f8ae14dda41da7b,True
689.0,,safecoin,safe,SAFEbit,31264949,273.37,PENDING_CLASSIFICATION,UNREVIEWED_IDENTITY,2026-09-30,2026-09-30T05:33:12.368021+00:00,,,OFFICIAL_DAILY,market-lab:OFFICIAL_DAILY:5b082eeaf0744a8a9b433c07c9ee03f0,2026-09-30T05:33:09.739587Z,18d2d72a1da66c853f45a71d4f8ae14dda41da7b,True
690.0,,anoma,xan,Anoma,31228236,2032480.0,PENDING_CLASSIFICATION,UNREVIEWED_IDENTITY,2026-09-30,2026-09-30T05:33:12.368021+00:00,,,OFFICIAL_DAILY,market-lab:OFFICIAL_DAILY:5b082eeaf0744a8a9b433c07c9ee03f0,2026-09-30T05:33:09.739587Z,18d2d72a1da66c853f45a71d4f8ae14dda41da7b,True
691.0,,mass-vehicle-ledger,mvl,MVL,31224497,85034.0,PENDING_CLASSIFICATION,UNREVIEWED_IDENTITY,2026-09-30,2026-09-30T05:33:12.368021+00:00,,,OFFICIAL_DAILY,market-lab:OFFICIAL_DAILY:5b082eeaf0744a8a9b433c07c9ee03f0,2026-09-30T05:33:09.739587Z,18d2d72a1da66c853f45a71d4f8ae14dda41da7b,True
692.0,,token-pocket,tpt,TokenPocket Token,31219519,46261.0,PENDING_CLASSIFICATION,UNREVIEWED_IDENTITY,2026-09-30,2026-09-30T05:33:12.368021+00:00,,,OFFICIAL_DAILY,market-lab:OFFICIAL_DAILY:5b082eeaf0744a8a9b433c07c9ee03f0,2026-09-30T05:33:09.739587Z,18d2d72a1da66c853f45a71d4f8ae14dda41da7b,True
693.0,,abey,abey,Abey,31154595,12868.05,PENDING_CLASSIFICATION,UNREVIEWED_IDENTITY,2026-09-30,2026-09-30T05:33:12.368021+00:00,,,OFFICIAL_DAILY,market-lab:OFFICIAL_DAILY:5b082eeaf0744a8a9b433c07c9ee03f0,2026-09-30T05:33:09.739587Z,18d2d72a1da66c853f45a71d4f8ae14dda41da7b,True
694.0,,audiera,beat,Audiera,31048985,2846563.0,PENDING_CLASSIFICATION,UNREVIEWED_IDENTITY,2026-09-30,2026-09-30T05:33:12.368021+00:00,,,OFFICIAL_DAILY,market-lab:OFFICIAL_DAILY:5b082eeaf0744a8a9b433c07c9ee03f0,2026-09-30T05:33:09.739587Z,18d2d72a1da66c853f45a71d4f8ae14dda41da7b,True
695.0,,would,would,would,30990126,5359.32,PENDING_CLASSIFICATION,UNREVIEWED_IDENTITY,2026-09-30,2026-09-30T05:33:12.368021+00:00,,,OFFICIAL_DAILY,market-lab:OFFICIAL_DAILY:5b082eeaf0744a8a9b433c07c9ee03f0,2026-09-30T05:33:09.739587Z,18d2d72a1da66c853f45a71d4f8ae14dda41da7b,True
696.0,,hive,hive,Hive,30949030,748967.0,PENDING_CLASSIFICATION,UNREVIEWED_IDENTITY,2026-09-30,2026-09-30T05:33:12.368021+00:00,,,OFFICIAL_DAILY,market-lab:OFFICIAL_DAILY:5b082eeaf0744a8a9b433c07c9ee03f0,2026-09-30T05:33:09.739587Z,18d2d72a1da66c853f45a71d4f8ae14dda41da7b,True
697.0,,pundi-x-2,pundix,Pundi X,30840685,937929.0,PENDING_CLASSIFICATION,UNREVIEWED_IDENTITY,2026-09-30,2026-09-30T05:33:12.368021+00:00,,,OFFICIAL_DAILY,market-lab:OFFICIAL_DAILY:5b082eeaf0744a8a9b433c07c9ee03f0,2026-09-30T05:33:09.739587Z,18d2d72a1da66c853f45a71d4f8ae14dda41da7b,True
698.0,,flock-2,flock,FLOCK,30827835,7662277.0,PENDING_CLASSIFICATION,UNREVIEWED_IDENTITY,2026-09-30,2026-09-30T05:33:12.368021+00:00,,,OFFICIAL_DAILY,market-lab:OFFICIAL_DAILY:5b082eeaf0744a8a9b433c07c9ee03f0,2026-09-30T05:33:09.739587Z,18d2d72a1da66c853f45a71d4f8ae14dda41da7b,True
699.0,,zelcash,flux,Flux,30811522,4977094.0,PENDING_CLASSIFICATION,UNREVIEWED_IDENTITY,2026-09-30,2026-09-30T05:33:12.368021+00:00,,,OFFICIAL_DAILY,market-lab:OFFICIAL_DAILY:5b082eeaf0744a8a9b433c07c9ee03f0,2026-09-30T05:33:09.739587Z,18d2d72a1da66c853f45a71d4f8ae14dda41da7b,True
700.0,,croatian-ff-fan-token,vatreni,Croatian Football Federation Token,30528149,2949.45,PENDING_CLASSIFICATION,UNREVIEWED_IDENTITY,2026-09-30,2026-09-30T05:33:12.368021+00:00,,,OFFICIAL_DAILY,market-lab:OFFICIAL_DAILY:5b082eeaf0744a8a9b433c07c9ee03f0,2026-09-30T05:33:09.739587Z,18d2d72a1da66c853f45a71d4f8ae14dda41da7b,True
701.0,,chia,xch,Chia,30445535,751611.0,PENDING_CLASSIFICATION,UNREVIEWED_IDENTITY,2026-09-30,2026-09-30T05:33:12.368021+00:00,,,OFFICIAL_DAILY,market-lab:OFFICIAL_DAILY:5b082eeaf0744a8a9b433c07c9ee03f0,2026-09-30T05:33:09.739587Z,18d2d72a1da66c853f45a71d4f8ae14dda41da7b,True
702.0,,catwifhat-2,$cwif,catwifhat,30434775,4633.63,PENDING_CLASSIFICATION,UNREVIEWED_IDENTITY,2026-09-30,2026-09-30T05:33:12.368021+00:00,,,OFFICIAL_DAILY,market-lab:OFFICIAL_DAILY:5b082eeaf0744a8a9b433c07c9ee03f0,2026-09-30T05:33:09.739587Z,18d2d72a1da66c853f45a71d4f8ae14dda41da7b,True
703.0,,civic,cvc,Civic,30337992,2782840.0,PENDING_CLASSIFICATION,UNREVIEWED_IDENTITY,2026-09-30,2026-09-30T05:33:12.368021+00:00,,,OFFICIAL_DAILY,market-lab:OFFICIAL_DAILY:5b082eeaf0744a8a9b433c07c9ee03f0,2026-09-30T05:33:09.739587Z,18d2d72a1da66c853f45a71d4f8ae14dda41da7b,True
704.0,,hims-hers-health-ondo-tokenized-stock,himson,Hims & Hers Health (Ondo Tokenized Stock),30336155,1797393.0,PENDING_CLASSIFICATION,UNREVIEWED_IDENTITY,2026-09-30,2026-09-30T05:33:12.368021+00:00,,,OFFICIAL_DAILY,market-lab:OFFICIAL_DAILY:5b082eeaf0744a8a9b433c07c9ee03f0,2026-09-30T05:33:09.739587Z,18d2d72a1da66c853f45a71d4f8ae14dda41da7b,True
705.0,,zest-protocol,zest,Zest Protocol,30303192,3123115.0,PENDING_CLASSIFICATION,UNREVIEWED_IDENTITY,2026-09-30,2026-09-30T05:33:12.368021+00:00,,,OFFICIAL_DAILY,market-lab:OFFICIAL_DAILY:5b082eeaf0744a8a9b433c07c9ee03f0,2026-09-30T05:33:09.739587Z,18d2d72a1da66c853f45a71d4f8ae14dda41da7b,True
706.0,,wrapped-gonka,wgnk,Wrapped Gonka,30202069,31604.0,PENDING_CLASSIFICATION,UNREVIEWED_IDENTITY,2026-09-30,2026-09-30T05:33:12.368021+00:00,,,OFFICIAL_DAILY,market-lab:OFFICIAL_DAILY:5b082eeaf0744a8a9b433c07c9ee03f0,2026-09-30T05:33:09.739587Z,18d2d72a1da66c853f45a71d4f8ae14dda41da7b,True
707.0,,ardor,ardr,Ardor,30168261,2545260.0,PENDING_CLASSIFICATION,UNREVIEWED_IDENTITY,2026-09-30,2026-09-30T05:33:12.368021+00:00,,,OFFICIAL_DAILY,market-lab:OFFICIAL_DAILY:5b082eeaf0744a8a9b433c07c9ee03f0,2026-09-30T05:33:09.739587Z,18d2d72a1da66c853f45a71d4f8ae14dda41da7b,True
708.0,,iexec-rlc,rlc,iExec RLC,30107432,1315088.0,PENDING_CLASSIFICATION,UNREVIEWED_IDENTITY,2026-09-30,2026-09-30T05:33:12.368021+00:00,,,OFFICIAL_DAILY,market-lab:OFFICIAL_DAILY:5b082eeaf0744a8a9b433c07c9ee03f0,2026-09-30T05:33:09.739587Z,18d2d72a1da66c853f45a71d4f8ae14dda41da7b,True
709.0,,metal,mtl,Metal DAO,29992282,1081240.0,PENDING_CLASSIFICATION,UNREVIEWED_IDENTITY,2026-09-30,2026-09-30T05:33:12.368021+00:00,,,OFFICIAL_DAILY,market-lab:OFFICIAL_DAILY:5b082eeaf0744a8a9b433c07c9ee03f0,2026-09-30T05:33:09.739587Z,18d2d72a1da66c853f45a71d4f8ae14dda41da7b,True
710.0,,brla-digital-brla,brla,BRLA Digital BRLA,29757478,298214.0,PENDING_CLASSIFICATION,UNREVIEWED_IDENTITY,2026-09-30,2026-09-30T05:33:12.368021+00:00,,,OFFICIAL_DAILY,market-lab:OFFICIAL_DAILY:5b082eeaf0744a8a9b433c07c9ee03f0,2026-09-30T05:33:09.739587Z,18d2d72a1da66c853f45a71d4f8ae14dda41da7b,True
711.0,,tensor,tnsr,Tensor,29426479,8469794.0,PENDING_CLASSIFICATION,UNREVIEWED_IDENTITY,2026-09-30,2026-09-30T05:33:12.368021+00:00,,,OFFICIAL_DAILY,market-lab:OFFICIAL_DAILY:5b082eeaf0744a8a9b433c07c9ee03f0,2026-09-30T05:33:09.739587Z,18d2d72a1da66c853f45a71d4f8ae14dda41da7b,True
712.0,,microstrategy-ondo-tokenized-stock,mstron,MicroStrategy (Ondo Tokenized Stock),29417154,2393585.0,PENDING_CLASSIFICATION,UNREVIEWED_IDENTITY,2026-09-30,2026-09-30T05:33:12.368021+00:00,,,OFFICIAL_DAILY,market-lab:OFFICIAL_DAILY:5b082eeaf0744a8a9b433c07c9ee03f0,2026-09-30T05:33:09.739587Z,18d2d72a1da66c853f45a71d4f8ae14dda41da7b,True
713.0,,blast,blast,Blast,29398402,2737234.0,PENDING_CLASSIFICATION,UNREVIEWED_IDENTITY,2026-09-30,2026-09-30T05:33:12.368021+00:00,,,OFFICIAL_DAILY,market-lab:OFFICIAL_DAILY:5b082eeaf0744a8a9b433c07c9ee03f0,2026-09-30T05:33:09.739587Z,18d2d72a1da66c853f45a71d4f8ae14dda41da7b,True
714.0,,monerium-eur-money,eure,Monerium EUR emoney [OLD],29221496,330579.0,PENDING_CLASSIFICATION,UNREVIEWED_IDENTITY,2026-09-30,2026-09-30T05:33:12.368021+00:00,,,OFFICIAL_DAILY,market-lab:OFFICIAL_DAILY:5b082eeaf0744a8a9b433c07c9ee03f0,2026-09-30T05:33:09.739587Z,18d2d72a1da66c853f45a71d4f8ae14dda41da7b,True
715.0,,mantra,mantra,MANTRA,29204830,2343308.0,PENDING_CLASSIFICATION,UNREVIEWED_IDENTITY,2026-09-30,2026-09-30T05:33:12.368021+00:00,,,OFFICIAL_DAILY,market-lab:OFFICIAL_DAILY:5b082eeaf0744a8a9b433c07c9ee03f0,2026-09-30T05:33:09.739587Z,18d2d72a1da66c853f45a71d4f8ae14dda41da7b,True
716.0,,gm-3,sn28,gm,29134842,891695.0,PENDING_CLASSIFICATION,UNREVIEWED_IDENTITY,2026-09-30,2026-09-30T05:33:12.368021+00:00,,,OFFICIAL_DAILY,market-lab:OFFICIAL_DAILY:5b082eeaf0744a8a9b433c07c9ee03f0,2026-09-30T05:33:09.739587Z,18d2d72a1da66c853f45a71d4f8ae14dda41da7b,True
717.0,,definitive,edge,Definitive,29013132,5151666.0,PENDING_CLASSIFICATION,UNREVIEWED_IDENTITY,2026-09-30,2026-09-30T05:33:12.368021+00:00,,,OFFICIAL_DAILY,market-lab:OFFICIAL_DAILY:5b082eeaf0744a8a9b433c07c9ee03f0,2026-09-30T05:33:09.739587Z,18d2d72a1da66c853f45a71d4f8ae14dda41da7b,True
718.0,,wax,waxp,WAX,28958667,1615613.0,PENDING_CLASSIFICATION,UNREVIEWED_IDENTITY,2026-09-30,2026-09-30T05:33:12.368021+00:00,,,OFFICIAL_DAILY,market-lab:OFFICIAL_DAILY:5b082eeaf0744a8a9b433c07c9ee03f0,2026-09-30T05:33:09.739587Z,18d2d72a1da66c853f45a71d4f8ae14dda41da7b,True
719.0,,kyber-network-crystal,knc,Kyber Network Crystal,28918834,1533272.0,PENDING_CLASSIFICATION,UNREVIEWED_IDENTITY,2026-09-30,2026-09-30T05:33:12.368021+00:00,,,OFFICIAL_DAILY,market-lab:OFFICIAL_DAILY:5b082eeaf0744a8a9b433c07c9ee03f0,2026-09-30T05:33:09.739587Z,18d2d72a1da66c853f45a71d4f8ae14dda41da7b,True
720.0,,chainflip,flip,Chainflip,28897551,221592.0,PENDING_CLASSIFICATION,UNREVIEWED_IDENTITY,2026-09-30,2026-09-30T05:33:12.368021+00:00,,,OFFICIAL_DAILY,market-lab:OFFICIAL_DAILY:5b082eeaf0744a8a9b433c07c9ee03f0,2026-09-30T05:33:09.739587Z,18d2d72a1da66c853f45a71d4f8ae14dda41da7b,True
721.0,,medxt,medxt,MEDXT,28826556,2455.5,PENDING_CLASSIFICATION,UNREVIEWED_IDENTITY,2026-09-30,2026-09-30T05:33:12.368021+00:00,,,OFFICIAL_DAILY,market-lab:OFFICIAL_DAILY:5b082eeaf0744a8a9b433c07c9ee03f0,2026-09-30T05:33:09.739587Z,18d2d72a1da66c853f45a71d4f8ae14dda41da7b,True
722.0,,constellation-labs,dag,Constellation,28781339,603455.0,PENDING_CLASSIFICATION,UNREVIEWED_IDENTITY,2026-09-30,2026-09-30T05:33:12.368021+00:00,,,OFFICIAL_DAILY,market-lab:OFFICIAL_DAILY:5b082eeaf0744a8a9b433c07c9ee03f0,2026-09-30T05:33:09.739587Z,18d2d72a1da66c853f45a71d4f8ae14dda41da7b,True
723.0,,osmosis,osmo,Osmosis,28771073,2592321.0,PENDING_CLASSIFICATION,UNREVIEWED_IDENTITY,2026-09-30,2026-09-30T05:33:12.368021+00:00,,,OFFICIAL_DAILY,market-lab:OFFICIAL_DAILY:5b082eeaf0744a8a9b433c07c9ee03f0,2026-09-30T05:33:09.739587Z,18d2d72a1da66c853f45a71d4f8ae14dda41da7b,True
724.0,,sandisk-bstocks-tokenized-stock,sndkb,SanDisk (bStocks Tokenized Stock),28754306,22245571.0,PENDING_CLASSIFICATION,UNREVIEWED_IDENTITY,2026-09-30,2026-09-30T05:33:12.368021+00:00,,,OFFICIAL_DAILY,market-lab:OFFICIAL_DAILY:5b082eeaf0744a8a9b433c07c9ee03f0,2026-09-30T05:33:09.739587Z,18d2d72a1da66c853f45a71d4f8ae14dda41da7b,True
725.0,,sideshift-token,xai,SideShift,28714253,73.22,PENDING_CLASSIFICATION,UNREVIEWED_IDENTITY,2026-09-30,2026-09-30T05:33:12.368021+00:00,,,OFFICIAL_DAILY,market-lab:OFFICIAL_DAILY:5b082eeaf0744a8a9b433c07c9ee03f0,2026-09-30T05:33:09.739587Z,18d2d72a1da66c853f45a71d4f8ae14dda41da7b,True
726.0,,deapcoin,dep,DEAPCOIN,28552021,171735.0,PENDING_CLASSIFICATION,UNREVIEWED_IDENTITY,2026-09-30,2026-09-30T05:33:12.368021+00:00,,,OFFICIAL_DAILY,market-lab:OFFICIAL_DAILY:5b082eeaf0744a8a9b433c07c9ee03f0,2026-09-30T05:33:09.739587Z,18d2d72a1da66c853f45a71d4f8ae14dda41da7b,True
727.0,,opengradient,opg,OpenGradient,28482197,9543767.0,PENDING_CLASSIFICATION,UNREVIEWED_IDENTITY,2026-09-30,2026-09-30T05:33:12.368021+00:00,,,OFFICIAL_DAILY,market-lab:OFFICIAL_DAILY:5b082eeaf0744a8a9b433c07c9ee03f0,2026-09-30T05:33:09.739587Z,18d2d72a1da66c853f45a71d4f8ae14dda41da7b,True
728.0,,frax-share,frax,Frax (prev. FXS),28438901,843564.0,PENDING_CLASSIFICATION,UNREVIEWED_IDENTITY,2026-09-30,2026-09-30T05:33:12.368021+00:00,,,OFFICIAL_DAILY,market-lab:OFFICIAL_DAILY:5b082eeaf0744a8a9b433c07c9ee03f0,2026-09-30T05:33:09.739587Z,18d2d72a1da66c853f45a71d4f8ae14dda41da7b,True
729.0,64.0,waves,waves,Waves,28413739,2503717.0,OUTSIDE_TOP50,,2026-09-30,2026-09-30T05:33:12.368021+00:00,WAVES-USD,LIMITED_CLOSE_ONLY_INPUT,OFFICIAL_DAILY,market-lab:OFFICIAL_DAILY:5b082eeaf0744a8a9b433c07c9ee03f0,2026-09-30T05:33:09.739587Z,18d2d72a1da66c853f45a71d4f8ae14dda41da7b,True
730.0,,dmt-nat,nat,DMT-NAT,28395053,67644.0,PENDING_CLASSIFICATION,UNREVIEWED_IDENTITY,2026-09-30,2026-09-30T05:33:12.368021+00:00,,,OFFICIAL_DAILY,market-lab:OFFICIAL_DAILY:5b082eeaf0744a8a9b433c07c9ee03f0,2026-09-30T05:33:09.739587Z,18d2d72a1da66c853f45a71d4f8ae14dda41da7b,True
731.0,,cea-industries-bstocks-tokenized-stock,bncb,CEA Industries (bStocks Tokenized Stock),28347050,35805460.0,PENDING_CLASSIFICATION,UNREVIEWED_IDENTITY,2026-09-30,2026-09-30T05:33:12.368021+00:00,,,OFFICIAL_DAILY,market-lab:OFFICIAL_DAILY:5b082eeaf0744a8a9b433c07c9ee03f0,2026-09-30T05:33:09.739587Z,18d2d72a1da66c853f45a71d4f8ae14dda41da7b,True
732.0,,coindepo,coindepo,COINDEPO,28283432,1526872.0,PENDING_CLASSIFICATION,UNREVIEWED_IDENTITY,2026-09-30,2026-09-30T05:33:12.368021+00:00,,,OFFICIAL_DAILY,market-lab:OFFICIAL_DAILY:5b082eeaf0744a8a9b433c07c9ee03f0,2026-09-30T05:33:09.739587Z,18d2d72a1da66c853f45a71d4f8ae14dda41da7b,True
733.0,,ishares-bitcoin-trust-ondo-tokenized,ibiton,iShares Bitcoin Trust (Ondo Tokenized),28261879,156.42,PENDING_CLASSIFICATION,UNREVIEWED_IDENTITY,2026-09-30,2026-09-30T05:33:12.368021+00:00,,,OFFICIAL_DAILY,market-lab:OFFICIAL_DAILY:5b082eeaf0744a8a9b433c07c9ee03f0,2026-09-30T05:33:09.739587Z,18d2d72a1da66c853f45a71d4f8ae14dda41da7b,True
734.0,,skale,skl,SKALE,28254296,4330565.0,PENDING_CLASSIFICATION,UNREVIEWED_IDENTITY,2026-09-30,2026-09-30T05:33:12.368021+00:00,,,OFFICIAL_DAILY,market-lab:OFFICIAL_DAILY:5b082eeaf0744a8a9b433c07c9ee03f0,2026-09-30T05:33:09.739587Z,18d2d72a1da66c853f45a71d4f8ae14dda41da7b,True
735.0,,zerobase,zbt,ZEROBASE,28209013,3713356.0,PENDING_CLASSIFICATION,UNREVIEWED_IDENTITY,2026-09-30,2026-09-30T05:33:12.368021+00:00,,,OFFICIAL_DAILY,market-lab:OFFICIAL_DAILY:5b082eeaf0744a8a9b433c07c9ee03f0,2026-09-30T05:33:09.739587Z,18d2d72a1da66c853f45a71d4f8ae14dda41da7b,True
736.0,,ao-computer,ao,ao Computer,28162141,220808.0,PENDING_CLASSIFICATION,UNREVIEWED_IDENTITY,2026-09-30,2026-09-30T05:33:12.368021+00:00,,,OFFICIAL_DAILY,market-lab:OFFICIAL_DAILY:5b082eeaf0744a8a9b433c07c9ee03f0,2026-09-30T05:33:09.739587Z,18d2d72a1da66c853f45a71d4f8ae14dda41da7b,True
737.0,,fogo,fogo,Fogo,28093887,3240136.0,PENDING_CLASSIFICATION,UNREVIEWED_IDENTITY,2026-09-30,2026-09-30T05:33:12.368021+00:00,,,OFFICIAL_DAILY,market-lab:OFFICIAL_DAILY:5b082eeaf0744a8a9b433c07c9ee03f0,2026-09-30T05:33:09.739587Z,18d2d72a1da66c853f45a71d4f8ae14dda41da7b,True
738.0,,openledger-2,open,OpenLedger,28059923,5129339.0,PENDING_CLASSIFICATION,UNREVIEWED_IDENTITY,2026-09-30,2026-09-30T05:33:12.368021+00:00,,,OFFICIAL_DAILY,market-lab:OFFICIAL_DAILY:5b082eeaf0744a8a9b433c07c9ee03f0,2026-09-30T05:33:09.739587Z,18d2d72a1da66c853f45a71d4f8ae14dda41da7b,True
739.0,,carv,carv,CARV,28042773,1340340.0,PENDING_CLASSIFICATION,UNREVIEWED_IDENTITY,2026-09-30,2026-09-30T05:33:12.368021+00:00,,,OFFICIAL_DAILY,market-lab:OFFICIAL_DAILY:5b082eeaf0744a8a9b433c07c9ee03f0,2026-09-30T05:33:09.739587Z,18d2d72a1da66c853f45a71d4f8ae14dda41da7b,True
740.0,,antfun,antfun,AntFun,28026660,3682053.0,PENDING_CLASSIFICATION,UNREVIEWED_IDENTITY,2026-09-30,2026-09-30T05:33:12.368021+00:00,,,OFFICIAL_DAILY,market-lab:OFFICIAL_DAILY:5b082eeaf0744a8a9b433c07c9ee03f0,2026-09-30T05:33:09.739587Z,18d2d72a1da66c853f45a71d4f8ae14dda41da7b,True
741.0,,ergo,erg,Ergo,27899478,192336.0,PENDING_CLASSIFICATION,UNREVIEWED_IDENTITY,2026-09-30,2026-09-30T05:33:12.368021+00:00,,,OFFICIAL_DAILY,market-lab:OFFICIAL_DAILY:5b082eeaf0744a8a9b433c07c9ee03f0,2026-09-30T05:33:09.739587Z,18d2d72a1da66c853f45a71d4f8ae14dda41da7b,True
742.0,,cartesi,ctsi,Cartesi,27776956,2030198.0,PENDING_CLASSIFICATION,UNREVIEWED_IDENTITY,2026-09-30,2026-09-30T05:33:12.368021+00:00,,,OFFICIAL_DAILY,market-lab:OFFICIAL_DAILY:5b082eeaf0744a8a9b433c07c9ee03f0,2026-09-30T05:33:09.739587Z,18d2d72a1da66c853f45a71d4f8ae14dda41da7b,True
743.0,,metis-token,metis,Metis,27760214,3282566.0,PENDING_CLASSIFICATION,UNREVIEWED_IDENTITY,2026-09-30,2026-09-30T05:33:12.368021+00:00,,,OFFICIAL_DAILY,market-lab:OFFICIAL_DAILY:5b082eeaf0744a8a9b433c07c9ee03f0,2026-09-30T05:33:09.739587Z,18d2d72a1da66c853f45a71d4f8ae14dda41da7b,True
744.0,,auction,auction,Bounce,27672330,5221391.0,PENDING_CLASSIFICATION,UNREVIEWED_IDENTITY,2026-09-30,2026-09-30T05:33:12.368021+00:00,,,OFFICIAL_DAILY,market-lab:OFFICIAL_DAILY:5b082eeaf0744a8a9b433c07c9ee03f0,2026-09-30T05:33:09.739587Z,18d2d72a1da66c853f45a71d4f8ae14dda41da7b,True
745.0,,playnance,gcoin,Playnance,27658802,160573.0,PENDING_CLASSIFICATION,UNREVIEWED_IDENTITY,2026-09-30,2026-09-30T05:33:12.368021+00:00,,,OFFICIAL_DAILY,market-lab:OFFICIAL_DAILY:5b082eeaf0744a8a9b433c07c9ee03f0,2026-09-30T05:33:09.739587Z,18d2d72a1da66c853f45a71d4f8ae14dda41da7b,True
746.0,,hunter-biden-s-laptop-3,laptop,Hunter Biden's Laptop,27537518,1467341.0,PENDING_CLASSIFICATION,UNREVIEWED_IDENTITY,2026-09-30,2026-09-30T05:33:12.368021+00:00,,,OFFICIAL_DAILY,market-lab:OFFICIAL_DAILY:5b082eeaf0744a8a9b433c07c9ee03f0,2026-09-30T05:33:09.739587Z,18d2d72a1da66c853f45a71d4f8ae14dda41da7b,True
747.0,,billions-network,bill,Billions Network,27442499,3005624.0,PENDING_CLASSIFICATION,UNREVIEWED_IDENTITY,2026-09-30,2026-09-30T05:33:12.368021+00:00,,,OFFICIAL_DAILY,market-lab:OFFICIAL_DAILY:5b082eeaf0744a8a9b433c07c9ee03f0,2026-09-30T05:33:09.739587Z,18d2d72a1da66c853f45a71d4f8ae14dda41da7b,True
748.0,,everything,ev,Everything,27429038,29673.0,PENDING_CLASSIFICATION,UNREVIEWED_IDENTITY,2026-09-30,2026-09-30T05:33:12.368021+00:00,,,OFFICIAL_DAILY,market-lab:OFFICIAL_DAILY:5b082eeaf0744a8a9b433c07c9ee03f0,2026-09-30T05:33:09.739587Z,18d2d72a1da66c853f45a71d4f8ae14dda41da7b,True
749.0,,the-innovation-game,tig,The Innovation Game,27416334,533524.0,PENDING_CLASSIFICATION,UNREVIEWED_IDENTITY,2026-09-30,2026-09-30T05:33:12.368021+00:00,,,OFFICIAL_DAILY,market-lab:OFFICIAL_DAILY:5b082eeaf0744a8a9b433c07c9ee03f0,2026-09-30T05:33:09.739587Z,18d2d72a1da66c853f45a71d4f8ae14dda41da7b,True
750.0,,escoin-token,elg,Escoin,27379919,7646.1,PENDING_CLASSIFICATION,UNREVIEWED_IDENTITY,2026-09-30,2026-09-30T05:33:12.368021+00:00,,,OFFICIAL_DAILY,market-lab:OFFICIAL_DAILY:5b082eeaf0744a8a9b433c07c9ee03f0,2026-09-30T05:33:09.739587Z,18d2d72a1da66c853f45a71d4f8ae14dda41da7b,True
751.0,,cetus-protocol,cetus,Cetus Protocol,27161171,2756094.0,PENDING_CLASSIFICATION,UNREVIEWED_IDENTITY,2026-09-30,2026-09-30T05:33:12.368021+00:00,,,OFFICIAL_DAILY,market-lab:OFFICIAL_DAILY:5b082eeaf0744a8a9b433c07c9ee03f0,2026-09-30T05:33:09.739587Z,18d2d72a1da66c853f45a71d4f8ae14dda41da7b,True
752.0,,uquid-coin,uqc,Uquid Coin,27097318,28558.0,PENDING_CLASSIFICATION,UNREVIEWED_IDENTITY,2026-09-30,2026-09-30T05:33:12.368021+00:00,,,OFFICIAL_DAILY,market-lab:OFFICIAL_DAILY:5b082eeaf0744a8a9b433c07c9ee03f0,2026-09-30T05:33:09.739587Z,18d2d72a1da66c853f45a71d4f8ae14dda41da7b,True
753.0,,energy-web-token,ewt,Energy Web Token,27028516,242477.0,PENDING_CLASSIFICATION,UNREVIEWED_IDENTITY,2026-09-30,2026-09-30T05:33:12.368021+00:00,,,OFFICIAL_DAILY,market-lab:OFFICIAL_DAILY:5b082eeaf0744a8a9b433c07c9ee03f0,2026-09-30T05:33:09.739587Z,18d2d72a1da66c853f45a71d4f8ae14dda41da7b,True
754.0,,binaryx,bnx,BinaryX [OLD],26980963,71.31,PENDING_CLASSIFICATION,UNREVIEWED_IDENTITY,2026-09-30,2026-09-30T05:33:12.368021+00:00,,,OFFICIAL_DAILY,market-lab:OFFICIAL_DAILY:5b082eeaf0744a8a9b433c07c9ee03f0,2026-09-30T05:33:09.739587Z,18d2d72a1da66c853f45a71d4f8ae14dda41da7b,True
755.0,,swarm-network,truth,Swarm Network,26912155,846913.0,PENDING_CLASSIFICATION,UNREVIEWED_IDENTITY,2026-09-30,2026-09-30T05:33:12.368021+00:00,,,OFFICIAL_DAILY,market-lab:OFFICIAL_DAILY:5b082eeaf0744a8a9b433c07c9ee03f0,2026-09-30T05:33:09.739587Z,18d2d72a1da66c853f45a71d4f8ae14dda41da7b,True
756.0,,usual,usual,Usual,26847734,2838643.0,PENDING_CLASSIFICATION,UNREVIEWED_IDENTITY,2026-09-30,2026-09-30T05:33:12.368021+00:00,,,OFFICIAL_DAILY,market-lab:OFFICIAL_DAILY:5b082eeaf0744a8a9b433c07c9ee03f0,2026-09-30T05:33:09.739587Z,18d2d72a1da66c853f45a71d4f8ae14dda41da7b,True
757.0,,gensyn,ai,Gensyn,26711560,3100177.0,PENDING_CLASSIFICATION,UNREVIEWED_IDENTITY,2026-09-30,2026-09-30T05:33:12.368021+00:00,,,OFFICIAL_DAILY,market-lab:OFFICIAL_DAILY:5b082eeaf0744a8a9b433c07c9ee03f0,2026-09-30T05:33:09.739587Z,18d2d72a1da66c853f45a71d4f8ae14dda41da7b,True
758.0,,neuralai,neural,NEURALAI,26597516,1027192.0,PENDING_CLASSIFICATION,UNREVIEWED_IDENTITY,2026-09-30,2026-09-30T05:33:12.368021+00:00,,,OFFICIAL_DAILY,market-lab:OFFICIAL_DAILY:5b082eeaf0744a8a9b433c07c9ee03f0,2026-09-30T05:33:09.739587Z,18d2d72a1da66c853f45a71d4f8ae14dda41da7b,True
759.0,,stepn,gmt,GMT,26596217,6042064.0,PENDING_CLASSIFICATION,UNREVIEWED_IDENTITY,2026-09-30,2026-09-30T05:33:12.368021+00:00,,,OFFICIAL_DAILY,market-lab:OFFICIAL_DAILY:5b082eeaf0744a8a9b433c07c9ee03f0,2026-09-30T05:33:09.739587Z,18d2d72a1da66c853f45a71d4f8ae14dda41da7b,True
760.0,,tokenised-gbp,tgbp,Tokenised GBP,26593993,165957.0,PENDING_CLASSIFICATION,UNREVIEWED_IDENTITY,2026-09-30,2026-09-30T05:33:12.368021+00:00,,,OFFICIAL_DAILY,market-lab:OFFICIAL_DAILY:5b082eeaf0744a8a9b433c07c9ee03f0,2026-09-30T05:33:09.739587Z,18d2d72a1da66c853f45a71d4f8ae14dda41da7b,True
761.0,,metaplex,mplx,Metaplex,26534281,1692033.0,PENDING_CLASSIFICATION,UNREVIEWED_IDENTITY,2026-09-30,2026-09-30T05:33:12.368021+00:00,,,OFFICIAL_DAILY,market-lab:OFFICIAL_DAILY:5b082eeaf0744a8a9b433c07c9ee03f0,2026-09-30T05:33:09.739587Z,18d2d72a1da66c853f45a71d4f8ae14dda41da7b,True
762.0,,dolphin-2,pod,Dolphin,26373205,469268.0,PENDING_CLASSIFICATION,UNREVIEWED_IDENTITY,2026-09-30,2026-09-30T05:33:12.368021+00:00,,,OFFICIAL_DAILY,market-lab:OFFICIAL_DAILY:5b082eeaf0744a8a9b433c07c9ee03f0,2026-09-30T05:33:09.739587Z,18d2d72a1da66c853f45a71d4f8ae14dda41da7b,True
763.0,,velvet,velvet,Velvet,26287861,2873346.0,PENDING_CLASSIFICATION,UNREVIEWED_IDENTITY,2026-09-30,2026-09-30T05:33:12.368021+00:00,,,OFFICIAL_DAILY,market-lab:OFFICIAL_DAILY:5b082eeaf0744a8a9b433c07c9ee03f0,2026-09-30T05:33:09.739587Z,18d2d72a1da66c853f45a71d4f8ae14dda41da7b,True
764.0,,midas-m1-usd-market-neutral,mm1-usd,Midas M1 USD Market Neutral,26250735,0.0,PENDING_CLASSIFICATION,UNREVIEWED_IDENTITY,2026-09-30,2026-09-30T05:33:12.368021+00:00,,,OFFICIAL_DAILY,market-lab:OFFICIAL_DAILY:5b082eeaf0744a8a9b433c07c9ee03f0,2026-09-30T05:33:09.739587Z,18d2d72a1da66c853f45a71d4f8ae14dda41da7b,True
765.0,,sats-ordinals,sats,SATS (Ordinals),26236014,2045556.0,PENDING_CLASSIFICATION,UNREVIEWED_IDENTITY,2026-09-30,2026-09-30T05:33:12.368021+00:00,,,OFFICIAL_DAILY,market-lab:OFFICIAL_DAILY:5b082eeaf0744a8a9b433c07c9ee03f0,2026-09-30T05:33:09.739587Z,18d2d72a1da66c853f45a71d4f8ae14dda41da7b,True
766.0,,liquity-usd,lusd,Liquity USD,26232061,20460.0,PENDING_CLASSIFICATION,UNREVIEWED_IDENTITY,2026-09-30,2026-09-30T05:33:12.368021+00:00,,,OFFICIAL_DAILY,market-lab:OFFICIAL_DAILY:5b082eeaf0744a8a9b433c07c9ee03f0,2026-09-30T05:33:09.739587Z,18d2d72a1da66c853f45a71d4f8ae14dda41da7b,True
767.0,,obligate-trade-finance-yield,otfy,Obligate Trade Finance Yield,26213570,60023.0,PENDING_CLASSIFICATION,UNREVIEWED_IDENTITY,2026-09-30,2026-09-30T05:33:12.368021+00:00,,,OFFICIAL_DAILY,market-lab:OFFICIAL_DAILY:5b082eeaf0744a8a9b433c07c9ee03f0,2026-09-30T05:33:09.739587Z,18d2d72a1da66c853f45a71d4f8ae14dda41da7b,True
768.0,,paradex,dime,Paradex,26084914,34305.0,PENDING_CLASSIFICATION,UNREVIEWED_IDENTITY,2026-09-30,2026-09-30T05:33:12.368021+00:00,,,OFFICIAL_DAILY,market-lab:OFFICIAL_DAILY:5b082eeaf0744a8a9b433c07c9ee03f0,2026-09-30T05:33:09.739587Z,18d2d72a1da66c853f45a71d4f8ae14dda41da7b,True
769.0,,paxos-standard,usdp,Pax Dollar,26050076,1414299.0,PENDING_CLASSIFICATION,UNREVIEWED_IDENTITY,2026-09-30,2026-09-30T05:33:12.368021+00:00,,,OFFICIAL_DAILY,market-lab:OFFICIAL_DAILY:5b082eeaf0744a8a9b433c07c9ee03f0,2026-09-30T05:33:09.739587Z,18d2d72a1da66c853f45a71d4f8ae14dda41da7b,True
770.0,,openeden,eden,OpenEden,25995516,5742662.0,PENDING_CLASSIFICATION,UNREVIEWED_IDENTITY,2026-09-30,2026-09-30T05:33:12.368021+00:00,,,OFFICIAL_DAILY,market-lab:OFFICIAL_DAILY:5b082eeaf0744a8a9b433c07c9ee03f0,2026-09-30T05:33:09.739587Z,18d2d72a1da66c853f45a71d4f8ae14dda41da7b,True
771.0,,alphabet-bstocks-tokenized-stock,googlb,Alphabet (bStocks Tokenized Stock),25933056,3765934.0,PENDING_CLASSIFICATION,UNREVIEWED_IDENTITY,2026-09-30,2026-09-30T05:33:12.368021+00:00,,,OFFICIAL_DAILY,market-lab:OFFICIAL_DAILY:5b082eeaf0744a8a9b433c07c9ee03f0,2026-09-30T05:33:09.739587Z,18d2d72a1da66c853f45a71d4f8ae14dda41da7b,True
772.0,,bucket-protocol-buck-stablecoin,buck,Bucket Protocol BUCK Stablecoin,25930436,663492.0,PENDING_CLASSIFICATION,UNREVIEWED_IDENTITY,2026-09-30,2026-09-30T05:33:12.368021+00:00,,,OFFICIAL_DAILY,market-lab:OFFICIAL_DAILY:5b082eeaf0744a8a9b433c07c9ee03f0,2026-09-30T05:33:09.739587Z,18d2d72a1da66c853f45a71d4f8ae14dda41da7b,True
773.0,,vin-2,vin,VulgarTycoon,25760403,48054.0,PENDING_CLASSIFICATION,UNREVIEWED_IDENTITY,2026-09-30,2026-09-30T05:33:12.368021+00:00,,,OFFICIAL_DAILY,market-lab:OFFICIAL_DAILY:5b082eeaf0744a8a9b433c07c9ee03f0,2026-09-30T05:33:09.739587Z,18d2d72a1da66c853f45a71d4f8ae14dda41da7b,True
774.0,,big-time,bigtime,Big Time,25728060,9487187.0,PENDING_CLASSIFICATION,UNREVIEWED_IDENTITY,2026-09-30,2026-09-30T05:33:12.368021+00:00,,,OFFICIAL_DAILY,market-lab:OFFICIAL_DAILY:5b082eeaf0744a8a9b433c07c9ee03f0,2026-09-30T05:33:09.739587Z,18d2d72a1da66c853f45a71d4f8ae14dda41da7b,True
775.0,,home,home,HOME,25711434,5471573.0,PENDING_CLASSIFICATION,UNREVIEWED_IDENTITY,2026-09-30,2026-09-30T05:33:12.368021+00:00,,,OFFICIAL_DAILY,market-lab:OFFICIAL_DAILY:5b082eeaf0744a8a9b433c07c9ee03f0,2026-09-30T05:33:09.739587Z,18d2d72a1da66c853f45a71d4f8ae14dda41da7b,True
776.0,,fidelity-usd-digital-liquidity-fund-acc,filq-a,Fidelity USD Digital Liquidity Fund-Acc,25594222,0.0,PENDING_CLASSIFICATION,UNREVIEWED_IDENTITY,2026-09-30,2026-09-30T05:33:12.368021+00:00,,,OFFICIAL_DAILY,market-lab:OFFICIAL_DAILY:5b082eeaf0744a8a9b433c07c9ee03f0,2026-09-30T05:33:09.739587Z,18d2d72a1da66c853f45a71d4f8ae14dda41da7b,True
777.0,,prospective,pros,Prospective,25588017,26811.0,PENDING_CLASSIFICATION,UNREVIEWED_IDENTITY,2026-09-30,2026-09-30T05:33:12.368021+00:00,,,OFFICIAL_DAILY,market-lab:OFFICIAL_DAILY:5b082eeaf0744a8a9b433c07c9ee03f0,2026-09-30T05:33:09.739587Z,18d2d72a1da66c853f45a71d4f8ae14dda41da7b,True
778.0,,woo-network,woo,WOO,25470959,2026652.0,PENDING_CLASSIFICATION,UNREVIEWED_IDENTITY,2026-09-30,2026-09-30T05:33:12.368021+00:00,,,OFFICIAL_DAILY,market-lab:OFFICIAL_DAILY:5b082eeaf0744a8a9b433c07c9ee03f0,2026-09-30T05:33:09.739587Z,18d2d72a1da66c853f45a71d4f8ae14dda41da7b,True
779.0,,cysic,cys,Cysic,25463598,2407887.0,PENDING_CLASSIFICATION,UNREVIEWED_IDENTITY,2026-09-30,2026-09-30T05:33:12.368021+00:00,,,OFFICIAL_DAILY,market-lab:OFFICIAL_DAILY:5b082eeaf0744a8a9b433c07c9ee03f0,2026-09-30T05:33:09.739587Z,18d2d72a1da66c853f45a71d4f8ae14dda41da7b,True
780.0,,czs-dog,broccoli,CZ's Dog,25460140,4452943.0,PENDING_CLASSIFICATION,UNREVIEWED_IDENTITY,2026-09-30,2026-09-30T05:33:12.368021+00:00,,,OFFICIAL_DAILY,market-lab:OFFICIAL_DAILY:5b082eeaf0744a8a9b433c07c9ee03f0,2026-09-30T05:33:09.739587Z,18d2d72a1da66c853f45a71d4f8ae14dda41da7b,True
781.0,,airtor-protocol,anyone,ANyONe Protocol,25266722,489673.0,PENDING_CLASSIFICATION,UNREVIEWED_IDENTITY,2026-09-30,2026-09-30T05:33:12.368021+00:00,,,OFFICIAL_DAILY,market-lab:OFFICIAL_DAILY:5b082eeaf0744a8a9b433c07c9ee03f0,2026-09-30T05:33:09.739587Z,18d2d72a1da66c853f45a71d4f8ae14dda41da7b,True
782.0,,keep-network,keep,Keep Network,25247766,536.14,PENDING_CLASSIFICATION,UNREVIEWED_IDENTITY,2026-09-30,2026-09-30T05:33:12.368021+00:00,,,OFFICIAL_DAILY,market-lab:OFFICIAL_DAILY:5b082eeaf0744a8a9b433c07c9ee03f0,2026-09-30T05:33:09.739587Z,18d2d72a1da66c853f45a71d4f8ae14dda41da7b,True
783.0,,dogs-2,dogs,Dogs,25238558,3796487.0,PENDING_CLASSIFICATION,UNREVIEWED_IDENTITY,2026-09-30,2026-09-30T05:33:12.368021+00:00,,,OFFICIAL_DAILY,market-lab:OFFICIAL_DAILY:5b082eeaf0744a8a9b433c07c9ee03f0,2026-09-30T05:33:09.739587Z,18d2d72a1da66c853f45a71d4f8ae14dda41da7b,True
784.0,,victoria-vr,vr,Victoria VR,25210142,554362.0,PENDING_CLASSIFICATION,UNREVIEWED_IDENTITY,2026-09-30,2026-09-30T05:33:12.368021+00:00,,,OFFICIAL_DAILY,market-lab:OFFICIAL_DAILY:5b082eeaf0744a8a9b433c07c9ee03f0,2026-09-30T05:33:09.739587Z,18d2d72a1da66c853f45a71d4f8ae14dda41da7b,True
785.0,,openai-republic-pre-ipo,preopai,OpenAI (Republic Pre-IPO),25209321,668775.0,PENDING_CLASSIFICATION,UNREVIEWED_IDENTITY,2026-09-30,2026-09-30T05:33:12.368021+00:00,,,OFFICIAL_DAILY,market-lab:OFFICIAL_DAILY:5b082eeaf0744a8a9b433c07c9ee03f0,2026-09-30T05:33:09.739587Z,18d2d72a1da66c853f45a71d4f8ae14dda41da7b,True
786.0,,ishares-silver-trust-ondo-tokenized-stock,slvon,iShares Silver Trust (Ondo Tokenized Stock),25127115,2139990.0,PENDING_CLASSIFICATION,UNREVIEWED_IDENTITY,2026-09-30,2026-09-30T05:33:12.368021+00:00,,,OFFICIAL_DAILY,market-lab:OFFICIAL_DAILY:5b082eeaf0744a8a9b433c07c9ee03f0,2026-09-30T05:33:09.739587Z,18d2d72a1da66c853f45a71d4f8ae14dda41da7b,True
787.0,,stratis,strax,Xertra,25115417,835595.0,PENDING_CLASSIFICATION,UNREVIEWED_IDENTITY,2026-09-30,2026-09-30T05:33:12.368021+00:00,,,OFFICIAL_DAILY,market-lab:OFFICIAL_DAILY:5b082eeaf0744a8a9b433c07c9ee03f0,2026-09-30T05:33:09.739587Z,18d2d72a1da66c853f45a71d4f8ae14dda41da7b,True
788.0,,everipedia,iq,IQ,24980467,795143.0,PENDING_CLASSIFICATION,UNREVIEWED_IDENTITY,2026-09-30,2026-09-30T05:33:12.368021+00:00,,,OFFICIAL_DAILY,market-lab:OFFICIAL_DAILY:5b082eeaf0744a8a9b433c07c9ee03f0,2026-09-30T05:33:09.739587Z,18d2d72a1da66c853f45a71d4f8ae14dda41da7b,True
789.0,,celer-network,celr,Celer Network,24960274,4764884.0,PENDING_CLASSIFICATION,UNREVIEWED_IDENTITY,2026-09-30,2026-09-30T05:33:12.368021+00:00,,,OFFICIAL_DAILY,market-lab:OFFICIAL_DAILY:5b082eeaf0744a8a9b433c07c9ee03f0,2026-09-30T05:33:09.739587Z,18d2d72a1da66c853f45a71d4f8ae14dda41da7b,True
790.0,,lorenzo-protocol,bank,Lorenzo Protocol,24904404,4972945.0,PENDING_CLASSIFICATION,UNREVIEWED_IDENTITY,2026-09-30,2026-09-30T05:33:12.368021+00:00,,,OFFICIAL_DAILY,market-lab:OFFICIAL_DAILY:5b082eeaf0744a8a9b433c07c9ee03f0,2026-09-30T05:33:09.739587Z,18d2d72a1da66c853f45a71d4f8ae14dda41da7b,True
791.0,,ubik,ubik,ubik,24827435,2963587.0,PENDING_CLASSIFICATION,UNREVIEWED_IDENTITY,2026-09-30,2026-09-30T05:33:12.368021+00:00,,,OFFICIAL_DAILY,market-lab:OFFICIAL_DAILY:5b082eeaf0744a8a9b433c07c9ee03f0,2026-09-30T05:33:09.739587Z,18d2d72a1da66c853f45a71d4f8ae14dda41da7b,True
792.0,,milk-alliance,mlk,MiL.k,24794046,1291289.0,PENDING_CLASSIFICATION,UNREVIEWED_IDENTITY,2026-09-30,2026-09-30T05:33:12.368021+00:00,,,OFFICIAL_DAILY,market-lab:OFFICIAL_DAILY:5b082eeaf0744a8a9b433c07c9ee03f0,2026-09-30T05:33:09.739587Z,18d2d72a1da66c853f45a71d4f8ae14dda41da7b,True
793.0,,shopinx,spx,ShopinX,24760084,436977.0,PENDING_CLASSIFICATION,UNREVIEWED_IDENTITY,2026-09-30,2026-09-30T05:33:12.368021+00:00,,,OFFICIAL_DAILY,market-lab:OFFICIAL_DAILY:5b082eeaf0744a8a9b433c07c9ee03f0,2026-09-30T05:33:09.739587Z,18d2d72a1da66c853f45a71d4f8ae14dda41da7b,True
794.0,,codatta,xny,Codatta,24687352,591080.0,PENDING_CLASSIFICATION,UNREVIEWED_IDENTITY,2026-09-30,2026-09-30T05:33:12.368021+00:00,,,OFFICIAL_DAILY,market-lab:OFFICIAL_DAILY:5b082eeaf0744a8a9b433c07c9ee03f0,2026-09-30T05:33:09.739587Z,18d2d72a1da66c853f45a71d4f8ae14dda41da7b,True
795.0,,burnedfi,burn,BurnedFi,24661066,42512.0,PENDING_CLASSIFICATION,UNREVIEWED_IDENTITY,2026-09-30,2026-09-30T05:33:12.368021+00:00,,,OFFICIAL_DAILY,market-lab:OFFICIAL_DAILY:5b082eeaf0744a8a9b433c07c9ee03f0,2026-09-30T05:33:09.739587Z,18d2d72a1da66c853f45a71d4f8ae14dda41da7b,True
796.0,,hippius,sn75,Hippius,24525108,722376.0,PENDING_CLASSIFICATION,UNREVIEWED_IDENTITY,2026-09-30,2026-09-30T05:33:12.368021+00:00,,,OFFICIAL_DAILY,market-lab:OFFICIAL_DAILY:5b082eeaf0744a8a9b433c07c9ee03f0,2026-09-30T05:33:09.739587Z,18d2d72a1da66c853f45a71d4f8ae14dda41da7b,True
797.0,,a-meme-coin,amc,A Meme Coin,24500786,4972032.0,PENDING_CLASSIFICATION,UNREVIEWED_IDENTITY,2026-09-30,2026-09-30T05:33:12.368021+00:00,,,OFFICIAL_DAILY,market-lab:OFFICIAL_DAILY:5b082eeaf0744a8a9b433c07c9ee03f0,2026-09-30T05:33:09.739587Z,18d2d72a1da66c853f45a71d4f8ae14dda41da7b,True
798.0,,gradients,sn56,Gradients,24496520,199260.0,PENDING_CLASSIFICATION,UNREVIEWED_IDENTITY,2026-09-30,2026-09-30T05:33:12.368021+00:00,,,OFFICIAL_DAILY,market-lab:OFFICIAL_DAILY:5b082eeaf0744a8a9b433c07c9ee03f0,2026-09-30T05:33:09.739587Z,18d2d72a1da66c853f45a71d4f8ae14dda41da7b,True
799.0,,tokenlon,lon,Tokenlon,24438157,4402.72,PENDING_CLASSIFICATION,UNREVIEWED_IDENTITY,2026-09-30,2026-09-30T05:33:12.368021+00:00,,,OFFICIAL_DAILY,market-lab:OFFICIAL_DAILY:5b082eeaf0744a8a9b433c07c9ee03f0,2026-09-30T05:33:09.739587Z,18d2d72a1da66c853f45a71d4f8ae14dda41da7b,True
800.0,,hylo-usd,hyusd,Hylo USD,24403227,1320294.0,PENDING_CLASSIFICATION,UNREVIEWED_IDENTITY,2026-09-30,2026-09-30T05:33:12.368021+00:00,,,OFFICIAL_DAILY,market-lab:OFFICIAL_DAILY:5b082eeaf0744a8a9b433c07c9ee03f0,2026-09-30T05:33:09.739587Z,18d2d72a1da66c853f45a71d4f8ae14dda41da7b,True
801.0,,impossible-cloud-network-token,icnt,Impossible Cloud Network Token,24377437,663723.0,PENDING_CLASSIFICATION,UNREVIEWED_IDENTITY,2026-09-30,2026-09-30T05:33:12.368021+00:00,,,OFFICIAL_DAILY,market-lab:OFFICIAL_DAILY:5b082eeaf0744a8a9b433c07c9ee03f0,2026-09-30T05:33:09.739587Z,18d2d72a1da66c853f45a71d4f8ae14dda41da7b,True
802.0,,hyperlane,hyper,Hyperlane,24366079,3221661.0,PENDING_CLASSIFICATION,UNREVIEWED_IDENTITY,2026-09-30,2026-09-30T05:33:12.368021+00:00,,,OFFICIAL_DAILY,market-lab:OFFICIAL_DAILY:5b082eeaf0744a8a9b433c07c9ee03f0,2026-09-30T05:33:09.739587Z,18d2d72a1da66c853f45a71d4f8ae14dda41da7b,True
803.0,,backed-cspx-core-s-p-500,bcspx,Backed CSPX Core S&P 500,24183491,0.12603,PENDING_CLASSIFICATION,UNREVIEWED_IDENTITY,2026-09-30,2026-09-30T05:33:12.368021+00:00,,,OFFICIAL_DAILY,market-lab:OFFICIAL_DAILY:5b082eeaf0744a8a9b433c07c9ee03f0,2026-09-30T05:33:09.739587Z,18d2d72a1da66c853f45a71d4f8ae14dda41da7b,True
804.0,,smooth-love-potion,slp,Smooth Love Potion,24006490,1167462.0,PENDING_CLASSIFICATION,UNREVIEWED_IDENTITY,2026-09-30,2026-09-30T05:33:12.368021+00:00,,,OFFICIAL_DAILY,market-lab:OFFICIAL_DAILY:5b082eeaf0744a8a9b433c07c9ee03f0,2026-09-30T05:33:09.739587Z,18d2d72a1da66c853f45a71d4f8ae14dda41da7b,True
805.0,,aevo-exchange,aevo,Aevo,23953952,2912497.0,PENDING_CLASSIFICATION,UNREVIEWED_IDENTITY,2026-09-30,2026-09-30T05:33:12.368021+00:00,,,OFFICIAL_DAILY,market-lab:OFFICIAL_DAILY:5b082eeaf0744a8a9b433c07c9ee03f0,2026-09-30T05:33:09.739587Z,18d2d72a1da66c853f45a71d4f8ae14dda41da7b,True
806.0,,block-street,bsb,Block Street,23951480,4352004.0,PENDING_CLASSIFICATION,UNREVIEWED_IDENTITY,2026-09-30,2026-09-30T05:33:12.368021+00:00,,,OFFICIAL_DAILY,market-lab:OFFICIAL_DAILY:5b082eeaf0744a8a9b433c07c9ee03f0,2026-09-30T05:33:09.739587Z,18d2d72a1da66c853f45a71d4f8ae14dda41da7b,True
807.0,,metya,my,MetYa,23840920,80279.0,PENDING_CLASSIFICATION,UNREVIEWED_IDENTITY,2026-09-30,2026-09-30T05:33:12.368021+00:00,,,OFFICIAL_DAILY,market-lab:OFFICIAL_DAILY:5b082eeaf0744a8a9b433c07c9ee03f0,2026-09-30T05:33:09.739587Z,18d2d72a1da66c853f45a71d4f8ae14dda41da7b,True
808.0,,venom,venom,Venom,23813488,21492.0,PENDING_CLASSIFICATION,UNREVIEWED_IDENTITY,2026-09-30,2026-09-30T05:33:12.368021+00:00,,,OFFICIAL_DAILY,market-lab:OFFICIAL_DAILY:5b082eeaf0744a8a9b433c07c9ee03f0,2026-09-30T05:33:09.739587Z,18d2d72a1da66c853f45a71d4f8ae14dda41da7b,True
809.0,,yield-guild-games,ygg,Yield Guild Games,23773475,2287076.0,PENDING_CLASSIFICATION,UNREVIEWED_IDENTITY,2026-09-30,2026-09-30T05:33:12.368021+00:00,,,OFFICIAL_DAILY,market-lab:OFFICIAL_DAILY:5b082eeaf0744a8a9b433c07c9ee03f0,2026-09-30T05:33:09.739587Z,18d2d72a1da66c853f45a71d4f8ae14dda41da7b,True
810.0,,bitcast,sn93,Bitcast,23620643,1679851.0,PENDING_CLASSIFICATION,UNREVIEWED_IDENTITY,2026-09-30,2026-09-30T05:33:12.368021+00:00,,,OFFICIAL_DAILY,market-lab:OFFICIAL_DAILY:5b082eeaf0744a8a9b433c07c9ee03f0,2026-09-30T05:33:09.739587Z,18d2d72a1da66c853f45a71d4f8ae14dda41da7b,True
811.0,,lucidum,lucic,Lucidum,23606898,26808.0,PENDING_CLASSIFICATION,UNREVIEWED_IDENTITY,2026-09-30,2026-09-30T05:33:12.368021+00:00,,,OFFICIAL_DAILY,market-lab:OFFICIAL_DAILY:5b082eeaf0744a8a9b433c07c9ee03f0,2026-09-30T05:33:09.739587Z,18d2d72a1da66c853f45a71d4f8ae14dda41da7b,True
812.0,,grvt,grvt,GRVT Token,23595572,4790007.0,PENDING_CLASSIFICATION,UNREVIEWED_IDENTITY,2026-09-30,2026-09-30T05:33:12.368021+00:00,,,OFFICIAL_DAILY,market-lab:OFFICIAL_DAILY:5b082eeaf0744a8a9b433c07c9ee03f0,2026-09-30T05:33:09.739587Z,18d2d72a1da66c853f45a71d4f8ae14dda41da7b,True
813.0,,opal-3,opal,Opal,23561689,7501.6,PENDING_CLASSIFICATION,UNREVIEWED_IDENTITY,2026-09-30,2026-09-30T05:33:12.368021+00:00,,,OFFICIAL_DAILY,market-lab:OFFICIAL_DAILY:5b082eeaf0744a8a9b433c07c9ee03f0,2026-09-30T05:33:09.739587Z,18d2d72a1da66c853f45a71d4f8ae14dda41da7b,True
814.0,,jpy-coin,jpyc,JPY Coin,23551381,1065.23,PENDING_CLASSIFICATION,UNREVIEWED_IDENTITY,2026-09-30,2026-09-30T05:33:12.368021+00:00,,,OFFICIAL_DAILY,market-lab:OFFICIAL_DAILY:5b082eeaf0744a8a9b433c07c9ee03f0,2026-09-30T05:33:09.739587Z,18d2d72a1da66c853f45a71d4f8ae14dda41da7b,True
815.0,,nym,nym,Nym,23548139,326233.0,PENDING_CLASSIFICATION,UNREVIEWED_IDENTITY,2026-09-30,2026-09-30T05:33:12.368021+00:00,,,OFFICIAL_DAILY,market-lab:OFFICIAL_DAILY:5b082eeaf0744a8a9b433c07c9ee03f0,2026-09-30T05:33:09.739587Z,18d2d72a1da66c853f45a71d4f8ae14dda41da7b,True
816.0,,graphite-protocol,gp,Graphite Protocol,23546241,733478.0,PENDING_CLASSIFICATION,UNREVIEWED_IDENTITY,2026-09-30,2026-09-30T05:33:12.368021+00:00,,,OFFICIAL_DAILY,market-lab:OFFICIAL_DAILY:5b082eeaf0744a8a9b433c07c9ee03f0,2026-09-30T05:33:09.739587Z,18d2d72a1da66c853f45a71d4f8ae14dda41da7b,True
817.0,,interfold,fold,The Interfold,23516754,29278679.0,PENDING_CLASSIFICATION,UNREVIEWED_IDENTITY,2026-09-30,2026-09-30T05:33:12.368021+00:00,,,OFFICIAL_DAILY,market-lab:OFFICIAL_DAILY:5b082eeaf0744a8a9b433c07c9ee03f0,2026-09-30T05:33:09.739587Z,18d2d72a1da66c853f45a71d4f8ae14dda41da7b,True
818.0,,tokamak-network,ton,Tokamak Network,23490396,234356.0,PENDING_CLASSIFICATION,UNREVIEWED_IDENTITY,2026-09-30,2026-09-30T05:33:12.368021+00:00,,,OFFICIAL_DAILY,market-lab:OFFICIAL_DAILY:5b082eeaf0744a8a9b433c07c9ee03f0,2026-09-30T05:33:09.739587Z,18d2d72a1da66c853f45a71d4f8ae14dda41da7b,True
819.0,,liquity,lqty,Liquity,23483054,2985318.0,PENDING_CLASSIFICATION,UNREVIEWED_IDENTITY,2026-09-30,2026-09-30T05:33:12.368021+00:00,,,OFFICIAL_DAILY,market-lab:OFFICIAL_DAILY:5b082eeaf0744a8a9b433c07c9ee03f0,2026-09-30T05:33:09.739587Z,18d2d72a1da66c853f45a71d4f8ae14dda41da7b,True
820.0,,capybobo,pybobo,Capybobo,23459062,1679845.0,PENDING_CLASSIFICATION,UNREVIEWED_IDENTITY,2026-09-30,2026-09-30T05:33:12.368021+00:00,,,OFFICIAL_DAILY,market-lab:OFFICIAL_DAILY:5b082eeaf0744a8a9b433c07c9ee03f0,2026-09-30T05:33:09.739587Z,18d2d72a1da66c853f45a71d4f8ae14dda41da7b,True
821.0,,the-index,index,The Index,23382906,2153189.0,PENDING_CLASSIFICATION,UNREVIEWED_IDENTITY,2026-09-30,2026-09-30T05:33:12.368021+00:00,,,OFFICIAL_DAILY,market-lab:OFFICIAL_DAILY:5b082eeaf0744a8a9b433c07c9ee03f0,2026-09-30T05:33:09.739587Z,18d2d72a1da66c853f45a71d4f8ae14dda41da7b,True
822.0,,chump-coin,chump,Chump Coin,23343803,1836899.0,PENDING_CLASSIFICATION,UNREVIEWED_IDENTITY,2026-09-30,2026-09-30T05:33:12.368021+00:00,,,OFFICIAL_DAILY,market-lab:OFFICIAL_DAILY:5b082eeaf0744a8a9b433c07c9ee03f0,2026-09-30T05:33:09.739587Z,18d2d72a1da66c853f45a71d4f8ae14dda41da7b,True
823.0,,strikecoin,strx,StrikeX,23285368,4959.0,PENDING_CLASSIFICATION,UNREVIEWED_IDENTITY,2026-09-30,2026-09-30T05:33:12.368021+00:00,,,OFFICIAL_DAILY,market-lab:OFFICIAL_DAILY:5b082eeaf0744a8a9b433c07c9ee03f0,2026-09-30T05:33:09.739587Z,18d2d72a1da66c853f45a71d4f8ae14dda41da7b,True
824.0,,solv-protocol,solv,Solv Protocol,23217522,3618590.0,PENDING_CLASSIFICATION,UNREVIEWED_IDENTITY,2026-09-30,2026-09-30T05:33:12.368021+00:00,,,OFFICIAL_DAILY,market-lab:OFFICIAL_DAILY:5b082eeaf0744a8a9b433c07c9ee03f0,2026-09-30T05:33:09.739587Z,18d2d72a1da66c853f45a71d4f8ae14dda41da7b,True
825.0,,spdr-s-p-500-etf-trust-robinhood-tokenized-stock,spy,SPDR S&P 500 ETF Trust • Robinhood Token,23176818,25741271.0,PENDING_CLASSIFICATION,UNREVIEWED_IDENTITY,2026-09-30,2026-09-30T05:33:12.368021+00:00,,,OFFICIAL_DAILY,market-lab:OFFICIAL_DAILY:5b082eeaf0744a8a9b433c07c9ee03f0,2026-09-30T05:33:09.739587Z,18d2d72a1da66c853f45a71d4f8ae14dda41da7b,True
826.0,,tiger-alpha,sn107,Tiger Alpha,23167333,1928218.0,PENDING_CLASSIFICATION,UNREVIEWED_IDENTITY,2026-09-30,2026-09-30T05:33:12.368021+00:00,,,OFFICIAL_DAILY,market-lab:OFFICIAL_DAILY:5b082eeaf0744a8a9b433c07c9ee03f0,2026-09-30T05:33:09.739587Z,18d2d72a1da66c853f45a71d4f8ae14dda41da7b,True
827.0,,fidelity-digital-interest-token,fdit,Fidelity Digital Interest Token,23062851,0.0,PENDING_CLASSIFICATION,UNREVIEWED_IDENTITY,2026-09-30,2026-09-30T05:33:12.368021+00:00,,,OFFICIAL_DAILY,market-lab:OFFICIAL_DAILY:5b082eeaf0744a8a9b433c07c9ee03f0,2026-09-30T05:33:09.739587Z,18d2d72a1da66c853f45a71d4f8ae14dda41da7b,True
828.0,,meet48,idol,MEET48,23001811,1866644.0,PENDING_CLASSIFICATION,UNREVIEWED_IDENTITY,2026-09-30,2026-09-30T05:33:12.368021+00:00,,,OFFICIAL_DAILY,market-lab:OFFICIAL_DAILY:5b082eeaf0744a8a9b433c07c9ee03f0,2026-09-30T05:33:09.739587Z,18d2d72a1da66c853f45a71d4f8ae14dda41da7b,True
829.0,,yield-basis,yb,Yield Basis,22961778,6502544.0,PENDING_CLASSIFICATION,UNREVIEWED_IDENTITY,2026-09-30,2026-09-30T05:33:12.368021+00:00,,,OFFICIAL_DAILY,market-lab:OFFICIAL_DAILY:5b082eeaf0744a8a9b433c07c9ee03f0,2026-09-30T05:33:09.739587Z,18d2d72a1da66c853f45a71d4f8ae14dda41da7b,True
830.0,,aixbt,aixbt,aixbt,22916878,3443246.0,PENDING_CLASSIFICATION,UNREVIEWED_IDENTITY,2026-09-30,2026-09-30T05:33:12.368021+00:00,,,OFFICIAL_DAILY,market-lab:OFFICIAL_DAILY:5b082eeaf0744a8a9b433c07c9ee03f0,2026-09-30T05:33:09.739587Z,18d2d72a1da66c853f45a71d4f8ae14dda41da7b,True
831.0,,peercoin,ppc,Peercoin,22820518,6079.69,PENDING_CLASSIFICATION,UNREVIEWED_IDENTITY,2026-09-30,2026-09-30T05:33:12.368021+00:00,,,OFFICIAL_DAILY,market-lab:OFFICIAL_DAILY:5b082eeaf0744a8a9b433c07c9ee03f0,2026-09-30T05:33:09.739587Z,18d2d72a1da66c853f45a71d4f8ae14dda41da7b,True
832.0,,realio-network,rio,Realio Network Token,22760970,503952.0,PENDING_CLASSIFICATION,UNREVIEWED_IDENTITY,2026-09-30,2026-09-30T05:33:12.368021+00:00,,,OFFICIAL_DAILY,market-lab:OFFICIAL_DAILY:5b082eeaf0744a8a9b433c07c9ee03f0,2026-09-30T05:33:09.739587Z,18d2d72a1da66c853f45a71d4f8ae14dda41da7b,True
833.0,,electronic-usd,eusd,Electronic USD,22696536,562644.0,PENDING_CLASSIFICATION,UNREVIEWED_IDENTITY,2026-09-30,2026-09-30T05:33:12.368021+00:00,,,OFFICIAL_DAILY,market-lab:OFFICIAL_DAILY:5b082eeaf0744a8a9b433c07c9ee03f0,2026-09-30T05:33:09.739587Z,18d2d72a1da66c853f45a71d4f8ae14dda41da7b,True
834.0,,audius,audio,Audius,22607868,6610484.0,PENDING_CLASSIFICATION,UNREVIEWED_IDENTITY,2026-09-30,2026-09-30T05:33:12.368021+00:00,,,OFFICIAL_DAILY,market-lab:OFFICIAL_DAILY:5b082eeaf0744a8a9b433c07c9ee03f0,2026-09-30T05:33:09.739587Z,18d2d72a1da66c853f45a71d4f8ae14dda41da7b,True
835.0,,zylo-ecosystem,zylo,Zylo Ecosystem,22603132,56830.0,PENDING_CLASSIFICATION,UNREVIEWED_IDENTITY,2026-09-30,2026-09-30T05:33:12.368021+00:00,,,OFFICIAL_DAILY,market-lab:OFFICIAL_DAILY:5b082eeaf0744a8a9b433c07c9ee03f0,2026-09-30T05:33:09.739587Z,18d2d72a1da66c853f45a71d4f8ae14dda41da7b,True
836.0,,rsfiro,rsfiro,rsFIRO,22529863,89300.0,PENDING_CLASSIFICATION,UNREVIEWED_IDENTITY,2026-09-30,2026-09-30T05:33:12.368021+00:00,,,OFFICIAL_DAILY,market-lab:OFFICIAL_DAILY:5b082eeaf0744a8a9b433c07c9ee03f0,2026-09-30T05:33:09.739587Z,18d2d72a1da66c853f45a71d4f8ae14dda41da7b,True
837.0,,elephant-money,elephant,Elephant Money,22490005,9059.02,PENDING_CLASSIFICATION,UNREVIEWED_IDENTITY,2026-09-30,2026-09-30T05:33:12.368021+00:00,,,OFFICIAL_DAILY,market-lab:OFFICIAL_DAILY:5b082eeaf0744a8a9b433c07c9ee03f0,2026-09-30T05:33:09.739587Z,18d2d72a1da66c853f45a71d4f8ae14dda41da7b,True
838.0,,theros,theros,Theros,22371651,41238.0,PENDING_CLASSIFICATION,UNREVIEWED_IDENTITY,2026-09-30,2026-09-30T05:33:12.368021+00:00,,,OFFICIAL_DAILY,market-lab:OFFICIAL_DAILY:5b082eeaf0744a8a9b433c07c9ee03f0,2026-09-30T05:33:09.739587Z,18d2d72a1da66c853f45a71d4f8ae14dda41da7b,True
839.0,,jpyc,jpyc,JPY Coin v1,22334758,1960.92,PENDING_CLASSIFICATION,UNREVIEWED_IDENTITY,2026-09-30,2026-09-30T05:33:12.368021+00:00,,,OFFICIAL_DAILY,market-lab:OFFICIAL_DAILY:5b082eeaf0744a8a9b433c07c9ee03f0,2026-09-30T05:33:09.739587Z,18d2d72a1da66c853f45a71d4f8ae14dda41da7b,True
840.0,,sailout-royalty,sail.r,SailOut Royalty,22077122,300.06,PENDING_CLASSIFICATION,UNREVIEWED_IDENTITY,2026-09-30,2026-09-30T05:33:12.368021+00:00,,,OFFICIAL_DAILY,market-lab:OFFICIAL_DAILY:5b082eeaf0744a8a9b433c07c9ee03f0,2026-09-30T05:33:09.739587Z,18d2d72a1da66c853f45a71d4f8ae14dda41da7b,True
841.0,,initia,init,Initia,22028974,23928364.0,PENDING_CLASSIFICATION,UNREVIEWED_IDENTITY,2026-09-30,2026-09-30T05:33:12.368021+00:00,,,OFFICIAL_DAILY,market-lab:OFFICIAL_DAILY:5b082eeaf0744a8a9b433c07c9ee03f0,2026-09-30T05:33:09.739587Z,18d2d72a1da66c853f45a71d4f8ae14dda41da7b,True
842.0,,river,river,River,21959113,1882238.0,PENDING_CLASSIFICATION,UNREVIEWED_IDENTITY,2026-09-30,2026-09-30T05:33:12.368021+00:00,,,OFFICIAL_DAILY,market-lab:OFFICIAL_DAILY:5b082eeaf0744a8a9b433c07c9ee03f0,2026-09-30T05:33:09.739587Z,18d2d72a1da66c853f45a71d4f8ae14dda41da7b,True
843.0,,benqi,qi,BENQI,21920384,4879330.0,PENDING_CLASSIFICATION,UNREVIEWED_IDENTITY,2026-09-30,2026-09-30T05:33:12.368021+00:00,,,OFFICIAL_DAILY,market-lab:OFFICIAL_DAILY:5b082eeaf0744a8a9b433c07c9ee03f0,2026-09-30T05:33:09.739587Z,18d2d72a1da66c853f45a71d4f8ae14dda41da7b,True
844.0,,doge-head-coin,dhc,Doge Head Coin,21906452,507.27,PENDING_CLASSIFICATION,UNREVIEWED_IDENTITY,2026-09-30,2026-09-30T05:33:12.368021+00:00,,,OFFICIAL_DAILY,market-lab:OFFICIAL_DAILY:5b082eeaf0744a8a9b433c07c9ee03f0,2026-09-30T05:33:09.739587Z,18d2d72a1da66c853f45a71d4f8ae14dda41da7b,True
845.0,,standard,standard,STANDARD,21761517,1461494.0,PENDING_CLASSIFICATION,UNREVIEWED_IDENTITY,2026-09-30,2026-09-30T05:33:12.368021+00:00,,,OFFICIAL_DAILY,market-lab:OFFICIAL_DAILY:5b082eeaf0744a8a9b433c07c9ee03f0,2026-09-30T05:33:09.739587Z,18d2d72a1da66c853f45a71d4f8ae14dda41da7b,True
846.0,,verse-world,verse,Verse World,21760520,97140.0,PENDING_CLASSIFICATION,UNREVIEWED_IDENTITY,2026-09-30,2026-09-30T05:33:12.368021+00:00,,,OFFICIAL_DAILY,market-lab:OFFICIAL_DAILY:5b082eeaf0744a8a9b433c07c9ee03f0,2026-09-30T05:33:09.739587Z,18d2d72a1da66c853f45a71d4f8ae14dda41da7b,True
847.0,,brevis,brev,Brevis,21732115,2266570.0,PENDING_CLASSIFICATION,UNREVIEWED_IDENTITY,2026-09-30,2026-09-30T05:33:12.368021+00:00,,,OFFICIAL_DAILY,market-lab:OFFICIAL_DAILY:5b082eeaf0744a8a9b433c07c9ee03f0,2026-09-30T05:33:09.739587Z,18d2d72a1da66c853f45a71d4f8ae14dda41da7b,True
848.0,,mey-network,mey,Mey Network,21724867,2886201.0,PENDING_CLASSIFICATION,UNREVIEWED_IDENTITY,2026-09-30,2026-09-30T05:33:12.368021+00:00,,,OFFICIAL_DAILY,market-lab:OFFICIAL_DAILY:5b082eeaf0744a8a9b433c07c9ee03f0,2026-09-30T05:33:09.739587Z,18d2d72a1da66c853f45a71d4f8ae14dda41da7b,True
849.0,,world-mobile-token,wmtx,World Mobile Token,21715479,207666.0,PENDING_CLASSIFICATION,UNREVIEWED_IDENTITY,2026-09-30,2026-09-30T05:33:12.368021+00:00,,,OFFICIAL_DAILY,market-lab:OFFICIAL_DAILY:5b082eeaf0744a8a9b433c07c9ee03f0,2026-09-30T05:33:09.739587Z,18d2d72a1da66c853f45a71d4f8ae14dda41da7b,True
850.0,,wyde-end-hunger,eat,WYDE: End Hunger,21644310,15170.64,PENDING_CLASSIFICATION,UNREVIEWED_IDENTITY,2026-09-30,2026-09-30T05:33:12.368021+00:00,,,OFFICIAL_DAILY,market-lab:OFFICIAL_DAILY:5b082eeaf0744a8a9b433c07c9ee03f0,2026-09-30T05:33:09.739587Z,18d2d72a1da66c853f45a71d4f8ae14dda41da7b,True
851.0,,dual,dual,Dual,21641480,46970.0,PENDING_CLASSIFICATION,UNREVIEWED_IDENTITY,2026-09-30,2026-09-30T05:33:12.368021+00:00,,,OFFICIAL_DAILY,market-lab:OFFICIAL_DAILY:5b082eeaf0744a8a9b433c07c9ee03f0,2026-09-30T05:33:09.739587Z,18d2d72a1da66c853f45a71d4f8ae14dda41da7b,True
852.0,,chaingpt,cgpt,ChainGPT,21545058,1907346.0,PENDING_CLASSIFICATION,UNREVIEWED_IDENTITY,2026-09-30,2026-09-30T05:33:12.368021+00:00,,,OFFICIAL_DAILY,market-lab:OFFICIAL_DAILY:5b082eeaf0744a8a9b433c07c9ee03f0,2026-09-30T05:33:09.739587Z,18d2d72a1da66c853f45a71d4f8ae14dda41da7b,True
853.0,,4-2,4,4,21522876,1745099.0,PENDING_CLASSIFICATION,UNREVIEWED_IDENTITY,2026-09-30,2026-09-30T05:33:12.368021+00:00,,,OFFICIAL_DAILY,market-lab:OFFICIAL_DAILY:5b082eeaf0744a8a9b433c07c9ee03f0,2026-09-30T05:33:09.739587Z,18d2d72a1da66c853f45a71d4f8ae14dda41da7b,True
854.0,,stargate-finance,stg,Stargate Finance,21508271,7469125.0,PENDING_CLASSIFICATION,UNREVIEWED_IDENTITY,2026-09-30,2026-09-30T05:33:12.368021+00:00,,,OFFICIAL_DAILY,market-lab:OFFICIAL_DAILY:5b082eeaf0744a8a9b433c07c9ee03f0,2026-09-30T05:33:09.739587Z,18d2d72a1da66c853f45a71d4f8ae14dda41da7b,True
855.0,,localcoinswap,lcs,LocalCoinSwap,21482574,136.69,PENDING_CLASSIFICATION,UNREVIEWED_IDENTITY,2026-09-30,2026-09-30T05:33:12.368021+00:00,,,OFFICIAL_DAILY,market-lab:OFFICIAL_DAILY:5b082eeaf0744a8a9b433c07c9ee03f0,2026-09-30T05:33:09.739587Z,18d2d72a1da66c853f45a71d4f8ae14dda41da7b,True
856.0,,qanplatform,qanx,QANplatform,21470580,132517.0,PENDING_CLASSIFICATION,UNREVIEWED_IDENTITY,2026-09-30,2026-09-30T05:33:12.368021+00:00,,,OFFICIAL_DAILY,market-lab:OFFICIAL_DAILY:5b082eeaf0744a8a9b433c07c9ee03f0,2026-09-30T05:33:09.739587Z,18d2d72a1da66c853f45a71d4f8ae14dda41da7b,True
857.0,,chromaway,chr,Chromia,21458302,6345670.0,PENDING_CLASSIFICATION,UNREVIEWED_IDENTITY,2026-09-30,2026-09-30T05:33:12.368021+00:00,,,OFFICIAL_DAILY,market-lab:OFFICIAL_DAILY:5b082eeaf0744a8a9b433c07c9ee03f0,2026-09-30T05:33:09.739587Z,18d2d72a1da66c853f45a71d4f8ae14dda41da7b,True
858.0,,tesla-bstocks-tokenized-stock,tslab,Tesla (bStocks Tokenized Stock),21449014,7787985.0,PENDING_CLASSIFICATION,UNREVIEWED_IDENTITY,2026-09-30,2026-09-30T05:33:12.368021+00:00,,,OFFICIAL_DAILY,market-lab:OFFICIAL_DAILY:5b082eeaf0744a8a9b433c07c9ee03f0,2026-09-30T05:33:09.739587Z,18d2d72a1da66c853f45a71d4f8ae14dda41da7b,True
859.0,,chex-token,chex,Chintai,21448540,353660.0,PENDING_CLASSIFICATION,UNREVIEWED_IDENTITY,2026-09-30,2026-09-30T05:33:12.368021+00:00,,,OFFICIAL_DAILY,market-lab:OFFICIAL_DAILY:5b082eeaf0744a8a9b433c07c9ee03f0,2026-09-30T05:33:09.739587Z,18d2d72a1da66c853f45a71d4f8ae14dda41da7b,True
860.0,,cobak-token,cbk,Cobak,21355861,2366451.0,PENDING_CLASSIFICATION,UNREVIEWED_IDENTITY,2026-09-30,2026-09-30T05:33:12.368021+00:00,,,OFFICIAL_DAILY,market-lab:OFFICIAL_DAILY:5b082eeaf0744a8a9b433c07c9ee03f0,2026-09-30T05:33:09.739587Z,18d2d72a1da66c853f45a71d4f8ae14dda41da7b,True
861.0,,gigachad-2,giga,Gigachad,21340497,1945666.0,PENDING_CLASSIFICATION,UNREVIEWED_IDENTITY,2026-09-30,2026-09-30T05:33:12.368021+00:00,,,OFFICIAL_DAILY,market-lab:OFFICIAL_DAILY:5b082eeaf0744a8a9b433c07c9ee03f0,2026-09-30T05:33:09.739587Z,18d2d72a1da66c853f45a71d4f8ae14dda41da7b,True
862.0,,biconomy,bico,Biconomy,21268555,6013961.0,PENDING_CLASSIFICATION,UNREVIEWED_IDENTITY,2026-09-30,2026-09-30T05:33:12.368021+00:00,,,OFFICIAL_DAILY,market-lab:OFFICIAL_DAILY:5b082eeaf0744a8a9b433c07c9ee03f0,2026-09-30T05:33:09.739587Z,18d2d72a1da66c853f45a71d4f8ae14dda41da7b,True
863.0,,usdh-2,usdh,USDH,21258544,2179.09,PENDING_CLASSIFICATION,UNREVIEWED_IDENTITY,2026-09-30,2026-09-30T05:33:12.368021+00:00,,,OFFICIAL_DAILY,market-lab:OFFICIAL_DAILY:5b082eeaf0744a8a9b433c07c9ee03f0,2026-09-30T05:33:09.739587Z,18d2d72a1da66c853f45a71d4f8ae14dda41da7b,True
864.0,,bsquared-network,b2,BSquared Network,21255621,2524447.0,PENDING_CLASSIFICATION,UNREVIEWED_IDENTITY,2026-09-30,2026-09-30T05:33:12.368021+00:00,,,OFFICIAL_DAILY,market-lab:OFFICIAL_DAILY:5b082eeaf0744a8a9b433c07c9ee03f0,2026-09-30T05:33:09.739587Z,18d2d72a1da66c853f45a71d4f8ae14dda41da7b,True
865.0,,scandic-coin,snc,Scandic Coin,21147729,132347.0,PENDING_CLASSIFICATION,UNREVIEWED_IDENTITY,2026-09-30,2026-09-30T05:33:12.368021+00:00,,,OFFICIAL_DAILY,market-lab:OFFICIAL_DAILY:5b082eeaf0744a8a9b433c07c9ee03f0,2026-09-30T05:33:09.739587Z,18d2d72a1da66c853f45a71d4f8ae14dda41da7b,True
866.0,,pipedog,pipedog,pipedog,21091067,2483742.0,PENDING_CLASSIFICATION,UNREVIEWED_IDENTITY,2026-09-30,2026-09-30T05:33:12.368021+00:00,,,OFFICIAL_DAILY,market-lab:OFFICIAL_DAILY:5b082eeaf0744a8a9b433c07c9ee03f0,2026-09-30T05:33:09.739587Z,18d2d72a1da66c853f45a71d4f8ae14dda41da7b,True
867.0,,overtake,take,OVERTAKE,21074333,2916291.0,PENDING_CLASSIFICATION,UNREVIEWED_IDENTITY,2026-09-30,2026-09-30T05:33:12.368021+00:00,,,OFFICIAL_DAILY,market-lab:OFFICIAL_DAILY:5b082eeaf0744a8a9b433c07c9ee03f0,2026-09-30T05:33:09.739587Z,18d2d72a1da66c853f45a71d4f8ae14dda41da7b,True
868.0,,dkargo,dka,dKargo,21064554,1275752.0,PENDING_CLASSIFICATION,UNREVIEWED_IDENTITY,2026-09-30,2026-09-30T05:33:12.368021+00:00,,,OFFICIAL_DAILY,market-lab:OFFICIAL_DAILY:5b082eeaf0744a8a9b433c07c9ee03f0,2026-09-30T05:33:09.739587Z,18d2d72a1da66c853f45a71d4f8ae14dda41da7b,True
869.0,,ai-xovia,aix,AI XOVIA,21017930,17879.43,PENDING_CLASSIFICATION,UNREVIEWED_IDENTITY,2026-09-30,2026-09-30T05:33:12.368021+00:00,,,OFFICIAL_DAILY,market-lab:OFFICIAL_DAILY:5b082eeaf0744a8a9b433c07c9ee03f0,2026-09-30T05:33:09.739587Z,18d2d72a1da66c853f45a71d4f8ae14dda41da7b,True
870.0,,bonfida,fida,Bonfida,21008517,2846709.0,PENDING_CLASSIFICATION,UNREVIEWED_IDENTITY,2026-09-30,2026-09-30T05:33:12.368021+00:00,,,OFFICIAL_DAILY,market-lab:OFFICIAL_DAILY:5b082eeaf0744a8a9b433c07c9ee03f0,2026-09-30T05:33:09.739587Z,18d2d72a1da66c853f45a71d4f8ae14dda41da7b,True
871.0,,oho-blockchain,oho,OHO Blockchain,21004707,132011.0,PENDING_CLASSIFICATION,UNREVIEWED_IDENTITY,2026-09-30,2026-09-30T05:33:12.368021+00:00,,,OFFICIAL_DAILY,market-lab:OFFICIAL_DAILY:5b082eeaf0744a8a9b433c07c9ee03f0,2026-09-30T05:33:09.739587Z,18d2d72a1da66c853f45a71d4f8ae14dda41da7b,True
872.0,,hemi,hemi,Hemi,20995250,5838189.0,PENDING_CLASSIFICATION,UNREVIEWED_IDENTITY,2026-09-30,2026-09-30T05:33:12.368021+00:00,,,OFFICIAL_DAILY,market-lab:OFFICIAL_DAILY:5b082eeaf0744a8a9b433c07c9ee03f0,2026-09-30T05:33:09.739587Z,18d2d72a1da66c853f45a71d4f8ae14dda41da7b,True
873.0,,pocket-network,pokt,Pocket Network,20875647,411126.0,PENDING_CLASSIFICATION,UNREVIEWED_IDENTITY,2026-09-30,2026-09-30T05:33:12.368021+00:00,,,OFFICIAL_DAILY,market-lab:OFFICIAL_DAILY:5b082eeaf0744a8a9b433c07c9ee03f0,2026-09-30T05:33:09.739587Z,18d2d72a1da66c853f45a71d4f8ae14dda41da7b,True
874.0,,zcoin,firo,Firo,20767697,157854.0,PENDING_CLASSIFICATION,UNREVIEWED_IDENTITY,2026-09-30,2026-09-30T05:33:12.368021+00:00,,,OFFICIAL_DAILY,market-lab:OFFICIAL_DAILY:5b082eeaf0744a8a9b433c07c9ee03f0,2026-09-30T05:33:09.739587Z,18d2d72a1da66c853f45a71d4f8ae14dda41da7b,True
875.0,,lumia,lumia,Lumia,20651657,3912033.0,PENDING_CLASSIFICATION,UNREVIEWED_IDENTITY,2026-09-30,2026-09-30T05:33:12.368021+00:00,,,OFFICIAL_DAILY,market-lab:OFFICIAL_DAILY:5b082eeaf0744a8a9b433c07c9ee03f0,2026-09-30T05:33:09.739587Z,18d2d72a1da66c853f45a71d4f8ae14dda41da7b,True
876.0,,certik,ctk,Shentu,20609018,351023.0,PENDING_CLASSIFICATION,UNREVIEWED_IDENTITY,2026-09-30,2026-09-30T05:33:12.368021+00:00,,,OFFICIAL_DAILY,market-lab:OFFICIAL_DAILY:5b082eeaf0744a8a9b433c07c9ee03f0,2026-09-30T05:33:09.739587Z,18d2d72a1da66c853f45a71d4f8ae14dda41da7b,True
877.0,,greenhood,hood,GreenHood,20593327,227574.0,PENDING_CLASSIFICATION,UNREVIEWED_IDENTITY,2026-09-30,2026-09-30T05:33:12.368021+00:00,,,OFFICIAL_DAILY,market-lab:OFFICIAL_DAILY:5b082eeaf0744a8a9b433c07c9ee03f0,2026-09-30T05:33:09.739587Z,18d2d72a1da66c853f45a71d4f8ae14dda41da7b,True
878.0,,re-protocol-reusde,reusde,Re Protocol reUSDe,20544734,16805.17,PENDING_CLASSIFICATION,UNREVIEWED_IDENTITY,2026-09-30,2026-09-30T05:33:12.368021+00:00,,,OFFICIAL_DAILY,market-lab:OFFICIAL_DAILY:5b082eeaf0744a8a9b433c07c9ee03f0,2026-09-30T05:33:09.739587Z,18d2d72a1da66c853f45a71d4f8ae14dda41da7b,True
879.0,,freysa-ai,fai,Freysa AI,20473965,92281.0,PENDING_CLASSIFICATION,UNREVIEWED_IDENTITY,2026-09-30,2026-09-30T05:33:12.368021+00:00,,,OFFICIAL_DAILY,market-lab:OFFICIAL_DAILY:5b082eeaf0744a8a9b433c07c9ee03f0,2026-09-30T05:33:09.739587Z,18d2d72a1da66c853f45a71d4f8ae14dda41da7b,True
880.0,,perle,prl,Perle,20433191,1825554.0,PENDING_CLASSIFICATION,UNREVIEWED_IDENTITY,2026-09-30,2026-09-30T05:33:12.368021+00:00,,,OFFICIAL_DAILY,market-lab:OFFICIAL_DAILY:5b082eeaf0744a8a9b433c07c9ee03f0,2026-09-30T05:33:09.739587Z,18d2d72a1da66c853f45a71d4f8ae14dda41da7b,True
881.0,,halo-4,halo,Halo,20432678,1055.48,PENDING_CLASSIFICATION,UNREVIEWED_IDENTITY,2026-09-30,2026-09-30T05:33:12.368021+00:00,,,OFFICIAL_DAILY,market-lab:OFFICIAL_DAILY:5b082eeaf0744a8a9b433c07c9ee03f0,2026-09-30T05:33:09.739587Z,18d2d72a1da66c853f45a71d4f8ae14dda41da7b,True
882.0,,naoris,naoris,NaoX Protocol,20382778,769250.0,PENDING_CLASSIFICATION,UNREVIEWED_IDENTITY,2026-09-30,2026-09-30T05:33:12.368021+00:00,,,OFFICIAL_DAILY,market-lab:OFFICIAL_DAILY:5b082eeaf0744a8a9b433c07c9ee03f0,2026-09-30T05:33:09.739587Z,18d2d72a1da66c853f45a71d4f8ae14dda41da7b,True
883.0,,openserv,serv,OpenServ,20371057,769269.0,PENDING_CLASSIFICATION,UNREVIEWED_IDENTITY,2026-09-30,2026-09-30T05:33:12.368021+00:00,,,OFFICIAL_DAILY,market-lab:OFFICIAL_DAILY:5b082eeaf0744a8a9b433c07c9ee03f0,2026-09-30T05:33:09.739587Z,18d2d72a1da66c853f45a71d4f8ae14dda41da7b,True
884.0,,roundhill-memory-etf-bstocks-tokenized-stock,dramb,Roundhill Memory ETF (bStocks Tokenized Stock),20361292,1313065.0,PENDING_CLASSIFICATION,UNREVIEWED_IDENTITY,2026-09-30,2026-09-30T05:33:12.368021+00:00,,,OFFICIAL_DAILY,market-lab:OFFICIAL_DAILY:5b082eeaf0744a8a9b433c07c9ee03f0,2026-09-30T05:33:09.739587Z,18d2d72a1da66c853f45a71d4f8ae14dda41da7b,True
885.0,,hundred,hundred,HUNDRED,20322621,2138.42,PENDING_CLASSIFICATION,UNREVIEWED_IDENTITY,2026-09-30,2026-09-30T05:33:12.368021+00:00,,,OFFICIAL_DAILY,market-lab:OFFICIAL_DAILY:5b082eeaf0744a8a9b433c07c9ee03f0,2026-09-30T05:33:09.739587Z,18d2d72a1da66c853f45a71d4f8ae14dda41da7b,True
886.0,,enso,enso,Enso,20192095,2176884.0,PENDING_CLASSIFICATION,UNREVIEWED_IDENTITY,2026-09-30,2026-09-30T05:33:12.368021+00:00,,,OFFICIAL_DAILY,market-lab:OFFICIAL_DAILY:5b082eeaf0744a8a9b433c07c9ee03f0,2026-09-30T05:33:09.739587Z,18d2d72a1da66c853f45a71d4f8ae14dda41da7b,True
887.0,,gama-token,gama,Gama Token,20187522,175063.0,PENDING_CLASSIFICATION,UNREVIEWED_IDENTITY,2026-09-30,2026-09-30T05:33:12.368021+00:00,,,OFFICIAL_DAILY,market-lab:OFFICIAL_DAILY:5b082eeaf0744a8a9b433c07c9ee03f0,2026-09-30T05:33:09.739587Z,18d2d72a1da66c853f45a71d4f8ae14dda41da7b,True
888.0,,gamebuild,game,GameBuild,20177164,630702.0,PENDING_CLASSIFICATION,UNREVIEWED_IDENTITY,2026-09-30,2026-09-30T05:33:12.368021+00:00,,,OFFICIAL_DAILY,market-lab:OFFICIAL_DAILY:5b082eeaf0744a8a9b433c07c9ee03f0,2026-09-30T05:33:09.739587Z,18d2d72a1da66c853f45a71d4f8ae14dda41da7b,True
889.0,,endurance,ace,Fusionist,20148392,17501589.0,PENDING_CLASSIFICATION,UNREVIEWED_IDENTITY,2026-09-30,2026-09-30T05:33:12.368021+00:00,,,OFFICIAL_DAILY,market-lab:OFFICIAL_DAILY:5b082eeaf0744a8a9b433c07c9ee03f0,2026-09-30T05:33:09.739587Z,18d2d72a1da66c853f45a71d4f8ae14dda41da7b,True
890.0,,medibloc,med,Medibloc,20139032,145397.0,PENDING_CLASSIFICATION,UNREVIEWED_IDENTITY,2026-09-30,2026-09-30T05:33:12.368021+00:00,,,OFFICIAL_DAILY,market-lab:OFFICIAL_DAILY:5b082eeaf0744a8a9b433c07c9ee03f0,2026-09-30T05:33:09.739587Z,18d2d72a1da66c853f45a71d4f8ae14dda41da7b,True
891.0,,tutorial,tut,Tutorial,20131697,4108932.0,PENDING_CLASSIFICATION,UNREVIEWED_IDENTITY,2026-09-30,2026-09-30T05:33:12.368021+00:00,,,OFFICIAL_DAILY,market-lab:OFFICIAL_DAILY:5b082eeaf0744a8a9b433c07c9ee03f0,2026-09-30T05:33:09.739587Z,18d2d72a1da66c853f45a71d4f8ae14dda41da7b,True
892.0,,hunt-token,hunt,Hunt,20094981,137776.0,PENDING_CLASSIFICATION,UNREVIEWED_IDENTITY,2026-09-30,2026-09-30T05:33:12.368021+00:00,,,OFFICIAL_DAILY,market-lab:OFFICIAL_DAILY:5b082eeaf0744a8a9b433c07c9ee03f0,2026-09-30T05:33:09.739587Z,18d2d72a1da66c853f45a71d4f8ae14dda41da7b,True
893.0,,pharaoh-liquid-staking-token,p33,Pharaoh Liquid Staking Token,20094901,359618.0,PENDING_CLASSIFICATION,UNREVIEWED_IDENTITY,2026-09-30,2026-09-30T05:33:12.368021+00:00,,,OFFICIAL_DAILY,market-lab:OFFICIAL_DAILY:5b082eeaf0744a8a9b433c07c9ee03f0,2026-09-30T05:33:09.739587Z,18d2d72a1da66c853f45a71d4f8ae14dda41da7b,True
894.0,,quark-chain,qkc,QuarkChain,20094636,538022.0,PENDING_CLASSIFICATION,UNREVIEWED_IDENTITY,2026-09-30,2026-09-30T05:33:12.368021+00:00,,,OFFICIAL_DAILY,market-lab:OFFICIAL_DAILY:5b082eeaf0744a8a9b433c07c9ee03f0,2026-09-30T05:33:09.739587Z,18d2d72a1da66c853f45a71d4f8ae14dda41da7b,True
895.0,,robo-token-2,robo,Fabric Protocol,19978633,3519897.0,PENDING_CLASSIFICATION,UNREVIEWED_IDENTITY,2026-09-30,2026-09-30T05:33:12.368021+00:00,,,OFFICIAL_DAILY,market-lab:OFFICIAL_DAILY:5b082eeaf0744a8a9b433c07c9ee03f0,2026-09-30T05:33:09.739587Z,18d2d72a1da66c853f45a71d4f8ae14dda41da7b,True
896.0,,alphabet-class-a-ondo-tokenized-stock,googlon,Alphabet Class A (Ondo Tokenized Stock),19964550,9229039.0,PENDING_CLASSIFICATION,UNREVIEWED_IDENTITY,2026-09-30,2026-09-30T05:33:12.368021+00:00,,,OFFICIAL_DAILY,market-lab:OFFICIAL_DAILY:5b082eeaf0744a8a9b433c07c9ee03f0,2026-09-30T05:33:09.739587Z,18d2d72a1da66c853f45a71d4f8ae14dda41da7b,True
897.0,,debtreliefbot,drb,DebtReliefBot,19920215,530886.0,PENDING_CLASSIFICATION,UNREVIEWED_IDENTITY,2026-09-30,2026-09-30T05:33:12.368021+00:00,,,OFFICIAL_DAILY,market-lab:OFFICIAL_DAILY:5b082eeaf0744a8a9b433c07c9ee03f0,2026-09-30T05:33:09.739587Z,18d2d72a1da66c853f45a71d4f8ae14dda41da7b,True
898.0,,black-phoenix,bpx,Black Phoenix,19901963,509.77,PENDING_CLASSIFICATION,UNREVIEWED_IDENTITY,2026-09-30,2026-09-30T05:33:12.368021+00:00,,,OFFICIAL_DAILY,market-lab:OFFICIAL_DAILY:5b082eeaf0744a8a9b433c07c9ee03f0,2026-09-30T05:33:09.739587Z,18d2d72a1da66c853f45a71d4f8ae14dda41da7b,True
899.0,,cyberconnect,cyber,CYBER,19859678,7285345.0,PENDING_CLASSIFICATION,UNREVIEWED_IDENTITY,2026-09-30,2026-09-30T05:33:12.368021+00:00,,,OFFICIAL_DAILY,market-lab:OFFICIAL_DAILY:5b082eeaf0744a8a9b433c07c9ee03f0,2026-09-30T05:33:09.739587Z,18d2d72a1da66c853f45a71d4f8ae14dda41da7b,True
900.0,,xai-blockchain,xai,Xai,19859152,7367865.0,PENDING_CLASSIFICATION,UNREVIEWED_IDENTITY,2026-09-30,2026-09-30T05:33:12.368021+00:00,,,OFFICIAL_DAILY,market-lab:OFFICIAL_DAILY:5b082eeaf0744a8a9b433c07c9ee03f0,2026-09-30T05:33:09.739587Z,18d2d72a1da66c853f45a71d4f8ae14dda41da7b,True
901.0,,manadia,umxm,Manadia,19831197,1956618.0,PENDING_CLASSIFICATION,UNREVIEWED_IDENTITY,2026-09-30,2026-09-30T05:33:12.368021+00:00,,,OFFICIAL_DAILY,market-lab:OFFICIAL_DAILY:5b082eeaf0744a8a9b433c07c9ee03f0,2026-09-30T05:33:09.739587Z,18d2d72a1da66c853f45a71d4f8ae14dda41da7b,True
902.0,,degate,dg,DeGate,19808131,2.59,PENDING_CLASSIFICATION,UNREVIEWED_IDENTITY,2026-09-30,2026-09-30T05:33:12.368021+00:00,,,OFFICIAL_DAILY,market-lab:OFFICIAL_DAILY:5b082eeaf0744a8a9b433c07c9ee03f0,2026-09-30T05:33:09.739587Z,18d2d72a1da66c853f45a71d4f8ae14dda41da7b,True
903.0,,peapods-finance,peas,Peapods Finance,19768270,159360.0,PENDING_CLASSIFICATION,UNREVIEWED_IDENTITY,2026-09-30,2026-09-30T05:33:12.368021+00:00,,,OFFICIAL_DAILY,market-lab:OFFICIAL_DAILY:5b082eeaf0744a8a9b433c07c9ee03f0,2026-09-30T05:33:09.739587Z,18d2d72a1da66c853f45a71d4f8ae14dda41da7b,True
904.0,,connect-token-wct,wct,WalletConnect Token,19679665,6155963.0,PENDING_CLASSIFICATION,UNREVIEWED_IDENTITY,2026-09-30,2026-09-30T05:33:12.368021+00:00,,,OFFICIAL_DAILY,market-lab:OFFICIAL_DAILY:5b082eeaf0744a8a9b433c07c9ee03f0,2026-09-30T05:33:09.739587Z,18d2d72a1da66c853f45a71d4f8ae14dda41da7b,True
905.0,,taiko,taiko,Taiko,19659175,3631138.0,PENDING_CLASSIFICATION,UNREVIEWED_IDENTITY,2026-09-30,2026-09-30T05:33:12.368021+00:00,,,OFFICIAL_DAILY,market-lab:OFFICIAL_DAILY:5b082eeaf0744a8a9b433c07c9ee03f0,2026-09-30T05:33:09.739587Z,18d2d72a1da66c853f45a71d4f8ae14dda41da7b,True
906.0,,mezo-usd,musd,Mezo USD,19591480,225734.0,PENDING_CLASSIFICATION,UNREVIEWED_IDENTITY,2026-09-30,2026-09-30T05:33:12.368021+00:00,,,OFFICIAL_DAILY,market-lab:OFFICIAL_DAILY:5b082eeaf0744a8a9b433c07c9ee03f0,2026-09-30T05:33:09.739587Z,18d2d72a1da66c853f45a71d4f8ae14dda41da7b,True
907.0,,fartboy,$fartboy,Fartboy,19571563,3156461.0,PENDING_CLASSIFICATION,UNREVIEWED_IDENTITY,2026-09-30,2026-09-30T05:33:12.368021+00:00,,,OFFICIAL_DAILY,market-lab:OFFICIAL_DAILY:5b082eeaf0744a8a9b433c07c9ee03f0,2026-09-30T05:33:09.739587Z,18d2d72a1da66c853f45a71d4f8ae14dda41da7b,True
908.0,,dia-data,dia,DIA,19546214,1423354.0,PENDING_CLASSIFICATION,UNREVIEWED_IDENTITY,2026-09-30,2026-09-30T05:33:12.368021+00:00,,,OFFICIAL_DAILY,market-lab:OFFICIAL_DAILY:5b082eeaf0744a8a9b433c07c9ee03f0,2026-09-30T05:33:09.739587Z,18d2d72a1da66c853f45a71d4f8ae14dda41da7b,True
909.0,,kled-ai,kled,Kled AI,19545424,854293.0,PENDING_CLASSIFICATION,UNREVIEWED_IDENTITY,2026-09-30,2026-09-30T05:33:12.368021+00:00,,,OFFICIAL_DAILY,market-lab:OFFICIAL_DAILY:5b082eeaf0744a8a9b433c07c9ee03f0,2026-09-30T05:33:09.739587Z,18d2d72a1da66c853f45a71d4f8ae14dda41da7b,True
910.0,,felysyum,fely,Felysyum,19537598,1186409.0,PENDING_CLASSIFICATION,UNREVIEWED_IDENTITY,2026-09-30,2026-09-30T05:33:12.368021+00:00,,,OFFICIAL_DAILY,market-lab:OFFICIAL_DAILY:5b082eeaf0744a8a9b433c07c9ee03f0,2026-09-30T05:33:09.739587Z,18d2d72a1da66c853f45a71d4f8ae14dda41da7b,True
911.0,,x-dol-x,xdol,x-DOL-x,19534080,683.49,PENDING_CLASSIFICATION,UNREVIEWED_IDENTITY,2026-09-30,2026-09-30T05:33:12.368021+00:00,,,OFFICIAL_DAILY,market-lab:OFFICIAL_DAILY:5b082eeaf0744a8a9b433c07c9ee03f0,2026-09-30T05:33:09.739587Z,18d2d72a1da66c853f45a71d4f8ae14dda41da7b,True
912.0,,bitmind,sn34,BitMind,19489978,145361.0,PENDING_CLASSIFICATION,UNREVIEWED_IDENTITY,2026-09-30,2026-09-30T05:33:12.368021+00:00,,,OFFICIAL_DAILY,market-lab:OFFICIAL_DAILY:5b082eeaf0744a8a9b433c07c9ee03f0,2026-09-30T05:33:09.739587Z,18d2d72a1da66c853f45a71d4f8ae14dda41da7b,True
913.0,,orizon,ori,Orizon,19466926,174562.0,PENDING_CLASSIFICATION,UNREVIEWED_IDENTITY,2026-09-30,2026-09-30T05:33:12.368021+00:00,,,OFFICIAL_DAILY,market-lab:OFFICIAL_DAILY:5b082eeaf0744a8a9b433c07c9ee03f0,2026-09-30T05:33:09.739587Z,18d2d72a1da66c853f45a71d4f8ae14dda41da7b,True
914.0,,hu-die-ren-sheng,蝴蝶人生,蝴蝶人生,19385672,822197.0,PENDING_CLASSIFICATION,UNREVIEWED_IDENTITY,2026-09-30,2026-09-30T05:33:12.368021+00:00,,,OFFICIAL_DAILY,market-lab:OFFICIAL_DAILY:5b082eeaf0744a8a9b433c07c9ee03f0,2026-09-30T05:33:09.739587Z,18d2d72a1da66c853f45a71d4f8ae14dda41da7b,True
915.0,,adventure-gold,agld,Adventure Gold,19355695,5988313.0,PENDING_CLASSIFICATION,UNREVIEWED_IDENTITY,2026-09-30,2026-09-30T05:33:12.368021+00:00,,,OFFICIAL_DAILY,market-lab:OFFICIAL_DAILY:5b082eeaf0744a8a9b433c07c9ee03f0,2026-09-30T05:33:09.739587Z,18d2d72a1da66c853f45a71d4f8ae14dda41da7b,True
916.0,,kaio,kaio,KAIO,19289862,1100124.0,PENDING_CLASSIFICATION,UNREVIEWED_IDENTITY,2026-09-30,2026-09-30T05:33:12.368021+00:00,,,OFFICIAL_DAILY,market-lab:OFFICIAL_DAILY:5b082eeaf0744a8a9b433c07c9ee03f0,2026-09-30T05:33:09.739587Z,18d2d72a1da66c853f45a71d4f8ae14dda41da7b,True
917.0,,polyswarm,nct,PolySwarm,19270716,997775.0,PENDING_CLASSIFICATION,UNREVIEWED_IDENTITY,2026-09-30,2026-09-30T05:33:12.368021+00:00,,,OFFICIAL_DAILY,market-lab:OFFICIAL_DAILY:5b082eeaf0744a8a9b433c07c9ee03f0,2026-09-30T05:33:09.739587Z,18d2d72a1da66c853f45a71d4f8ae14dda41da7b,True
918.0,,stable-coin-2,sbc,Stable Coin,19229191,53.09,PENDING_CLASSIFICATION,UNREVIEWED_IDENTITY,2026-09-30,2026-09-30T05:33:12.368021+00:00,,,OFFICIAL_DAILY,market-lab:OFFICIAL_DAILY:5b082eeaf0744a8a9b433c07c9ee03f0,2026-09-30T05:33:09.739587Z,18d2d72a1da66c853f45a71d4f8ae14dda41da7b,True
919.0,,metamui,mmui,MetaMUI,19171536,553881.0,PENDING_CLASSIFICATION,UNREVIEWED_IDENTITY,2026-09-30,2026-09-30T05:33:12.368021+00:00,,,OFFICIAL_DAILY,market-lab:OFFICIAL_DAILY:5b082eeaf0744a8a9b433c07c9ee03f0,2026-09-30T05:33:09.739587Z,18d2d72a1da66c853f45a71d4f8ae14dda41da7b,True
920.0,,nxusd,nxusd,NXUSD,19044447,15410.34,PENDING_CLASSIFICATION,UNREVIEWED_IDENTITY,2026-09-30,2026-09-30T05:33:12.368021+00:00,,,OFFICIAL_DAILY,market-lab:OFFICIAL_DAILY:5b082eeaf0744a8a9b433c07c9ee03f0,2026-09-30T05:33:09.739587Z,18d2d72a1da66c853f45a71d4f8ae14dda41da7b,True
921.0,,power-protocol,power,Power Protocol,19029079,1710069.0,PENDING_CLASSIFICATION,UNREVIEWED_IDENTITY,2026-09-30,2026-09-30T05:33:12.368021+00:00,,,OFFICIAL_DAILY,market-lab:OFFICIAL_DAILY:5b082eeaf0744a8a9b433c07c9ee03f0,2026-09-30T05:33:09.739587Z,18d2d72a1da66c853f45a71d4f8ae14dda41da7b,True
922.0,,arpa,arpa,ARPA,18998313,4000063.0,PENDING_CLASSIFICATION,UNREVIEWED_IDENTITY,2026-09-30,2026-09-30T05:33:12.368021+00:00,,,OFFICIAL_DAILY,market-lab:OFFICIAL_DAILY:5b082eeaf0744a8a9b433c07c9ee03f0,2026-09-30T05:33:09.739587Z,18d2d72a1da66c853f45a71d4f8ae14dda41da7b,True
923.0,,intel-tokenized-bstocks,intcb,Intel (bStocks Tokenized Stock),18972422,5787448.0,PENDING_CLASSIFICATION,UNREVIEWED_IDENTITY,2026-09-30,2026-09-30T05:33:12.368021+00:00,,,OFFICIAL_DAILY,market-lab:OFFICIAL_DAILY:5b082eeaf0744a8a9b433c07c9ee03f0,2026-09-30T05:33:09.739587Z,18d2d72a1da66c853f45a71d4f8ae14dda41da7b,True
924.0,,citrea,ctr,Citrea,18950996,6097809.0,PENDING_CLASSIFICATION,UNREVIEWED_IDENTITY,2026-09-30,2026-09-30T05:33:12.368021+00:00,,,OFFICIAL_DAILY,market-lab:OFFICIAL_DAILY:5b082eeaf0744a8a9b433c07c9ee03f0,2026-09-30T05:33:09.739587Z,18d2d72a1da66c853f45a71d4f8ae14dda41da7b,True
925.0,,goatseus-maximus,goat,Goatseus Maximus,18928787,1779542.0,PENDING_CLASSIFICATION,UNREVIEWED_IDENTITY,2026-09-30,2026-09-30T05:33:12.368021+00:00,,,OFFICIAL_DAILY,market-lab:OFFICIAL_DAILY:5b082eeaf0744a8a9b433c07c9ee03f0,2026-09-30T05:33:09.739587Z,18d2d72a1da66c853f45a71d4f8ae14dda41da7b,True
926.0,,mira-3,mira,Mira,18916436,6354662.0,PENDING_CLASSIFICATION,UNREVIEWED_IDENTITY,2026-09-30,2026-09-30T05:33:12.368021+00:00,,,OFFICIAL_DAILY,market-lab:OFFICIAL_DAILY:5b082eeaf0744a8a9b433c07c9ee03f0,2026-09-30T05:33:09.739587Z,18d2d72a1da66c853f45a71d4f8ae14dda41da7b,True
927.0,,intel-ondo-tokenized-stock,intcon,Intel (Ondo Tokenized Stock),18858846,1253260.0,PENDING_CLASSIFICATION,UNREVIEWED_IDENTITY,2026-09-30,2026-09-30T05:33:12.368021+00:00,,,OFFICIAL_DAILY,market-lab:OFFICIAL_DAILY:5b082eeaf0744a8a9b433c07c9ee03f0,2026-09-30T05:33:09.739587Z,18d2d72a1da66c853f45a71d4f8ae14dda41da7b,True
928.0,,moonbirds,birb,Moonbirds,18807243,1763470.0,PENDING_CLASSIFICATION,UNREVIEWED_IDENTITY,2026-09-30,2026-09-30T05:33:12.368021+00:00,,,OFFICIAL_DAILY,market-lab:OFFICIAL_DAILY:5b082eeaf0744a8a9b433c07c9ee03f0,2026-09-30T05:33:09.739587Z,18d2d72a1da66c853f45a71d4f8ae14dda41da7b,True
929.0,,janction,jct,Janction,18789720,1950154.0,PENDING_CLASSIFICATION,UNREVIEWED_IDENTITY,2026-09-30,2026-09-30T05:33:12.368021+00:00,,,OFFICIAL_DAILY,market-lab:OFFICIAL_DAILY:5b082eeaf0744a8a9b433c07c9ee03f0,2026-09-30T05:33:09.739587Z,18d2d72a1da66c853f45a71d4f8ae14dda41da7b,True
930.0,,nvidia-robinhood-tokenized-stock,nvda,NVIDIA • Robinhood Token,18780036,50503635.0,PENDING_CLASSIFICATION,UNREVIEWED_IDENTITY,2026-09-30,2026-09-30T05:33:12.368021+00:00,,,OFFICIAL_DAILY,market-lab:OFFICIAL_DAILY:5b082eeaf0744a8a9b433c07c9ee03f0,2026-09-30T05:33:09.739587Z,18d2d72a1da66c853f45a71d4f8ae14dda41da7b,True
931.0,,quantixai,qfi,Quantix Finance,18771528,1183165.0,PENDING_CLASSIFICATION,UNREVIEWED_IDENTITY,2026-09-30,2026-09-30T05:33:12.368021+00:00,,,OFFICIAL_DAILY,market-lab:OFFICIAL_DAILY:5b082eeaf0744a8a9b433c07c9ee03f0,2026-09-30T05:33:09.739587Z,18d2d72a1da66c853f45a71d4f8ae14dda41da7b,True
932.0,,adshares,ads,Adshares,18709571,243760.0,PENDING_CLASSIFICATION,UNREVIEWED_IDENTITY,2026-09-30,2026-09-30T05:33:12.368021+00:00,,,OFFICIAL_DAILY,market-lab:OFFICIAL_DAILY:5b082eeaf0744a8a9b433c07c9ee03f0,2026-09-30T05:33:09.739587Z,18d2d72a1da66c853f45a71d4f8ae14dda41da7b,True
933.0,,dodo,dodo,DODO,18508302,8040374.0,PENDING_CLASSIFICATION,UNREVIEWED_IDENTITY,2026-09-30,2026-09-30T05:33:12.368021+00:00,,,OFFICIAL_DAILY,market-lab:OFFICIAL_DAILY:5b082eeaf0744a8a9b433c07c9ee03f0,2026-09-30T05:33:09.739587Z,18d2d72a1da66c853f45a71d4f8ae14dda41da7b,True
934.0,,anime,anime,Animecoin,18369234,3699581.0,PENDING_CLASSIFICATION,UNREVIEWED_IDENTITY,2026-09-30,2026-09-30T05:33:12.368021+00:00,,,OFFICIAL_DAILY,market-lab:OFFICIAL_DAILY:5b082eeaf0744a8a9b433c07c9ee03f0,2026-09-30T05:33:09.739587Z,18d2d72a1da66c853f45a71d4f8ae14dda41da7b,True
935.0,,idlemine,idle,IdleMine,18345506,151839.0,PENDING_CLASSIFICATION,UNREVIEWED_IDENTITY,2026-09-30,2026-09-30T05:33:12.368021+00:00,,,OFFICIAL_DAILY,market-lab:OFFICIAL_DAILY:5b082eeaf0744a8a9b433c07c9ee03f0,2026-09-30T05:33:09.739587Z,18d2d72a1da66c853f45a71d4f8ae14dda41da7b,True
936.0,,kekius-maximus-6,kekius,Kekius Maximus,18339724,482.02,PENDING_CLASSIFICATION,UNREVIEWED_IDENTITY,2026-09-30,2026-09-30T05:33:12.368021+00:00,,,OFFICIAL_DAILY,market-lab:OFFICIAL_DAILY:5b082eeaf0744a8a9b433c07c9ee03f0,2026-09-30T05:33:09.739587Z,18d2d72a1da66c853f45a71d4f8ae14dda41da7b,True
937.0,,moonriver,movr,Moonriver,18313808,43164811.0,PENDING_CLASSIFICATION,UNREVIEWED_IDENTITY,2026-09-30,2026-09-30T05:33:12.368021+00:00,,,OFFICIAL_DAILY,market-lab:OFFICIAL_DAILY:5b082eeaf0744a8a9b433c07c9ee03f0,2026-09-30T05:33:09.739587Z,18d2d72a1da66c853f45a71d4f8ae14dda41da7b,True
938.0,,concierge-io,ava,AVA (Travala),18309209,9444642.0,PENDING_CLASSIFICATION,UNREVIEWED_IDENTITY,2026-09-30,2026-09-30T05:33:12.368021+00:00,,,OFFICIAL_DAILY,market-lab:OFFICIAL_DAILY:5b082eeaf0744a8a9b433c07c9ee03f0,2026-09-30T05:33:09.739587Z,18d2d72a1da66c853f45a71d4f8ae14dda41da7b,True
939.0,,redteam,sn61,RedTeam,18260285,1147055.0,PENDING_CLASSIFICATION,UNREVIEWED_IDENTITY,2026-09-30,2026-09-30T05:33:12.368021+00:00,,,OFFICIAL_DAILY,market-lab:OFFICIAL_DAILY:5b082eeaf0744a8a9b433c07c9ee03f0,2026-09-30T05:33:09.739587Z,18d2d72a1da66c853f45a71d4f8ae14dda41da7b,True
940.0,,public-meme-token,pmt,Public Masterpiece Token,18253394,97824.0,PENDING_CLASSIFICATION,UNREVIEWED_IDENTITY,2026-09-30,2026-09-30T05:33:12.368021+00:00,,,OFFICIAL_DAILY,market-lab:OFFICIAL_DAILY:5b082eeaf0744a8a9b433c07c9ee03f0,2026-09-30T05:33:09.739587Z,18d2d72a1da66c853f45a71d4f8ae14dda41da7b,True
941.0,,ishares-20-year-treasury-bond-etf-ondo-tokenized-etf,tlton,iShares 20+ Year Treasury Bond ETF (Ondo Tokenized ETF),18247508,807684.0,PENDING_CLASSIFICATION,UNREVIEWED_IDENTITY,2026-09-30,2026-09-30T05:33:12.368021+00:00,,,OFFICIAL_DAILY,market-lab:OFFICIAL_DAILY:5b082eeaf0744a8a9b433c07c9ee03f0,2026-09-30T05:33:09.739587Z,18d2d72a1da66c853f45a71d4f8ae14dda41da7b,True
942.0,,bundle-cat,bun,Bundle Cat,18103401,2826784.0,PENDING_CLASSIFICATION,UNREVIEWED_IDENTITY,2026-09-30,2026-09-30T05:33:12.368021+00:00,,,OFFICIAL_DAILY,market-lab:OFFICIAL_DAILY:5b082eeaf0744a8a9b433c07c9ee03f0,2026-09-30T05:33:09.739587Z,18d2d72a1da66c853f45a71d4f8ae14dda41da7b,True
943.0,,gstock,gstock,Gstock,18100023,4923336.0,PENDING_CLASSIFICATION,UNREVIEWED_IDENTITY,2026-09-30,2026-09-30T05:33:12.368021+00:00,,,OFFICIAL_DAILY,market-lab:OFFICIAL_DAILY:5b082eeaf0744a8a9b433c07c9ee03f0,2026-09-30T05:33:09.739587Z,18d2d72a1da66c853f45a71d4f8ae14dda41da7b,True
944.0,,tensorcash,tsc,TensorCash,18028571,108314.0,PENDING_CLASSIFICATION,UNREVIEWED_IDENTITY,2026-09-30,2026-09-30T05:33:12.368021+00:00,,,OFFICIAL_DAILY,market-lab:OFFICIAL_DAILY:5b082eeaf0744a8a9b433c07c9ee03f0,2026-09-30T05:33:09.739587Z,18d2d72a1da66c853f45a71d4f8ae14dda41da7b,True
945.0,,marsmi,marsmi,MarsMi,17972434,364323.0,PENDING_CLASSIFICATION,UNREVIEWED_IDENTITY,2026-09-30,2026-09-30T05:33:12.368021+00:00,,,OFFICIAL_DAILY,market-lab:OFFICIAL_DAILY:5b082eeaf0744a8a9b433c07c9ee03f0,2026-09-30T05:33:09.739587Z,18d2d72a1da66c853f45a71d4f8ae14dda41da7b,True
946.0,,songbird,sgb,Songbird,17958495,75951.0,PENDING_CLASSIFICATION,UNREVIEWED_IDENTITY,2026-09-30,2026-09-30T05:33:12.368021+00:00,,,OFFICIAL_DAILY,market-lab:OFFICIAL_DAILY:5b082eeaf0744a8a9b433c07c9ee03f0,2026-09-30T05:33:09.739587Z,18d2d72a1da66c853f45a71d4f8ae14dda41da7b,True
947.0,,pippin,pippin,pippin,17940625,1904038.0,PENDING_CLASSIFICATION,UNREVIEWED_IDENTITY,2026-09-30,2026-09-30T05:33:12.368021+00:00,,,OFFICIAL_DAILY,market-lab:OFFICIAL_DAILY:5b082eeaf0744a8a9b433c07c9ee03f0,2026-09-30T05:33:09.739587Z,18d2d72a1da66c853f45a71d4f8ae14dda41da7b,True
948.0,,qkacoin,qka,Qkacoin,17926128,1904.35,PENDING_CLASSIFICATION,UNREVIEWED_IDENTITY,2026-09-30,2026-09-30T05:33:12.368021+00:00,,,OFFICIAL_DAILY,market-lab:OFFICIAL_DAILY:5b082eeaf0744a8a9b433c07c9ee03f0,2026-09-30T05:33:09.739587Z,18d2d72a1da66c853f45a71d4f8ae14dda41da7b,True
949.0,,genius-ai,gnus,GENIUS AI,17868709,4125.11,PENDING_CLASSIFICATION,UNREVIEWED_IDENTITY,2026-09-30,2026-09-30T05:33:12.368021+00:00,,,OFFICIAL_DAILY,market-lab:OFFICIAL_DAILY:5b082eeaf0744a8a9b433c07c9ee03f0,2026-09-30T05:33:09.739587Z,18d2d72a1da66c853f45a71d4f8ae14dda41da7b,True
950.0,,joe,joe,JOE,17831917,5687135.0,PENDING_CLASSIFICATION,UNREVIEWED_IDENTITY,2026-09-30,2026-09-30T05:33:12.368021+00:00,,,OFFICIAL_DAILY,market-lab:OFFICIAL_DAILY:5b082eeaf0744a8a9b433c07c9ee03f0,2026-09-30T05:33:09.739587Z,18d2d72a1da66c853f45a71d4f8ae14dda41da7b,True
951.0,,gold-park,gpt,Gold Park,17821837,6461.15,PENDING_CLASSIFICATION,UNREVIEWED_IDENTITY,2026-09-30,2026-09-30T05:33:12.368021+00:00,,,OFFICIAL_DAILY,market-lab:OFFICIAL_DAILY:5b082eeaf0744a8a9b433c07c9ee03f0,2026-09-30T05:33:09.739587Z,18d2d72a1da66c853f45a71d4f8ae14dda41da7b,True
952.0,,epic-chain,epic,Epic Chain,17715778,5263009.0,PENDING_CLASSIFICATION,UNREVIEWED_IDENTITY,2026-09-30,2026-09-30T05:33:12.368021+00:00,,,OFFICIAL_DAILY,market-lab:OFFICIAL_DAILY:5b082eeaf0744a8a9b433c07c9ee03f0,2026-09-30T05:33:09.739587Z,18d2d72a1da66c853f45a71d4f8ae14dda41da7b,True
953.0,,sapien-2,sapien,Sapien,17690001,2024766.0,PENDING_CLASSIFICATION,UNREVIEWED_IDENTITY,2026-09-30,2026-09-30T05:33:12.368021+00:00,,,OFFICIAL_DAILY,market-lab:OFFICIAL_DAILY:5b082eeaf0744a8a9b433c07c9ee03f0,2026-09-30T05:33:09.739587Z,18d2d72a1da66c853f45a71d4f8ae14dda41da7b,True
954.0,,wojak-5,wojak,wojak,17605675,1699644.0,PENDING_CLASSIFICATION,UNREVIEWED_IDENTITY,2026-09-30,2026-09-30T05:33:12.368021+00:00,,,OFFICIAL_DAILY,market-lab:OFFICIAL_DAILY:5b082eeaf0744a8a9b433c07c9ee03f0,2026-09-30T05:33:09.739587Z,18d2d72a1da66c853f45a71d4f8ae14dda41da7b,True
955.0,,delysium,agi,Delysium,17596967,736832.0,PENDING_CLASSIFICATION,UNREVIEWED_IDENTITY,2026-09-30,2026-09-30T05:33:12.368021+00:00,,,OFFICIAL_DAILY,market-lab:OFFICIAL_DAILY:5b082eeaf0744a8a9b433c07c9ee03f0,2026-09-30T05:33:09.739587Z,18d2d72a1da66c853f45a71d4f8ae14dda41da7b,True
956.0,,verus-coin,vrsc,Verus,17513909,264.37,PENDING_CLASSIFICATION,UNREVIEWED_IDENTITY,2026-09-30,2026-09-30T05:33:12.368021+00:00,,,OFFICIAL_DAILY,market-lab:OFFICIAL_DAILY:5b082eeaf0744a8a9b433c07c9ee03f0,2026-09-30T05:33:09.739587Z,18d2d72a1da66c853f45a71d4f8ae14dda41da7b,True
957.0,,cluster-protocol,cp,Cluster Protocol,17446696,3326945.0,PENDING_CLASSIFICATION,UNREVIEWED_IDENTITY,2026-09-30,2026-09-30T05:33:12.368021+00:00,,,OFFICIAL_DAILY,market-lab:OFFICIAL_DAILY:5b082eeaf0744a8a9b433c07c9ee03f0,2026-09-30T05:33:09.739587Z,18d2d72a1da66c853f45a71d4f8ae14dda41da7b,True
958.0,,siren-2,siren,Siren,17371676,703913.0,PENDING_CLASSIFICATION,UNREVIEWED_IDENTITY,2026-09-30,2026-09-30T05:33:12.368021+00:00,,,OFFICIAL_DAILY,market-lab:OFFICIAL_DAILY:5b082eeaf0744a8a9b433c07c9ee03f0,2026-09-30T05:33:09.739587Z,18d2d72a1da66c853f45a71d4f8ae14dda41da7b,True
959.0,,megausd,usdm,MegaUSD,17362935,241376.0,PENDING_CLASSIFICATION,UNREVIEWED_IDENTITY,2026-09-30,2026-09-30T05:33:12.368021+00:00,,,OFFICIAL_DAILY,market-lab:OFFICIAL_DAILY:5b082eeaf0744a8a9b433c07c9ee03f0,2026-09-30T05:33:09.739587Z,18d2d72a1da66c853f45a71d4f8ae14dda41da7b,True
960.0,,magic,magic,Treasure,17351987,3285384.0,PENDING_CLASSIFICATION,UNREVIEWED_IDENTITY,2026-09-30,2026-09-30T05:33:12.368021+00:00,,,OFFICIAL_DAILY,market-lab:OFFICIAL_DAILY:5b082eeaf0744a8a9b433c07c9ee03f0,2026-09-30T05:33:09.739587Z,18d2d72a1da66c853f45a71d4f8ae14dda41da7b,True
961.0,,a-hunters-dream,caw,A Hunters Dream,17348574,255973.0,PENDING_CLASSIFICATION,UNREVIEWED_IDENTITY,2026-09-30,2026-09-30T05:33:12.368021+00:00,,,OFFICIAL_DAILY,market-lab:OFFICIAL_DAILY:5b082eeaf0744a8a9b433c07c9ee03f0,2026-09-30T05:33:09.739587Z,18d2d72a1da66c853f45a71d4f8ae14dda41da7b,True
962.0,,ridges-ai,sn62,Ridges AI,17332465,64632.0,PENDING_CLASSIFICATION,UNREVIEWED_IDENTITY,2026-09-30,2026-09-30T05:33:12.368021+00:00,,,OFFICIAL_DAILY,market-lab:OFFICIAL_DAILY:5b082eeaf0744a8a9b433c07c9ee03f0,2026-09-30T05:33:09.739587Z,18d2d72a1da66c853f45a71d4f8ae14dda41da7b,True
963.0,,verified-emeralds,verem,Verified Emeralds,17317720,458382.0,PENDING_CLASSIFICATION,UNREVIEWED_IDENTITY,2026-09-30,2026-09-30T05:33:12.368021+00:00,,,OFFICIAL_DAILY,market-lab:OFFICIAL_DAILY:5b082eeaf0744a8a9b433c07c9ee03f0,2026-09-30T05:33:09.739587Z,18d2d72a1da66c853f45a71d4f8ae14dda41da7b,True
964.0,,openkaito,sn5,OpenKaito,17252405,77104.0,PENDING_CLASSIFICATION,UNREVIEWED_IDENTITY,2026-09-30,2026-09-30T05:33:12.368021+00:00,,,OFFICIAL_DAILY,market-lab:OFFICIAL_DAILY:5b082eeaf0744a8a9b433c07c9ee03f0,2026-09-30T05:33:09.739587Z,18d2d72a1da66c853f45a71d4f8ae14dda41da7b,True
965.0,,myx-finance,myx,MYX Finance,17232508,4963273.0,PENDING_CLASSIFICATION,UNREVIEWED_IDENTITY,2026-09-30,2026-09-30T05:33:12.368021+00:00,,,OFFICIAL_DAILY,market-lab:OFFICIAL_DAILY:5b082eeaf0744a8a9b433c07c9ee03f0,2026-09-30T05:33:09.739587Z,18d2d72a1da66c853f45a71d4f8ae14dda41da7b,True
966.0,,bit2me,b2m,Bit2Me,17227657,65741.0,PENDING_CLASSIFICATION,UNREVIEWED_IDENTITY,2026-09-30,2026-09-30T05:33:12.368021+00:00,,,OFFICIAL_DAILY,market-lab:OFFICIAL_DAILY:5b082eeaf0744a8a9b433c07c9ee03f0,2026-09-30T05:33:09.739587Z,18d2d72a1da66c853f45a71d4f8ae14dda41da7b,True
967.0,,synfutures,f,SynFutures,17202217,1750480.0,PENDING_CLASSIFICATION,UNREVIEWED_IDENTITY,2026-09-30,2026-09-30T05:33:12.368021+00:00,,,OFFICIAL_DAILY,market-lab:OFFICIAL_DAILY:5b082eeaf0744a8a9b433c07c9ee03f0,2026-09-30T05:33:09.739587Z,18d2d72a1da66c853f45a71d4f8ae14dda41da7b,True
968.0,,usdpt-western-union,usdpt,USDPT | Western Union,17189850,106909.0,PENDING_CLASSIFICATION,UNREVIEWED_IDENTITY,2026-09-30,2026-09-30T05:33:12.368021+00:00,,,OFFICIAL_DAILY,market-lab:OFFICIAL_DAILY:5b082eeaf0744a8a9b433c07c9ee03f0,2026-09-30T05:33:09.739587Z,18d2d72a1da66c853f45a71d4f8ae14dda41da7b,True
,,alloy-tether,ausdt,Alloy Tether,50110423,0.995026,PENDING_CLASSIFICATION,UNREVIEWED_IDENTITY,2026-09-30,2026-09-30T05:33:12.368021+00:00,,,OFFICIAL_DAILY,market-lab:OFFICIAL_DAILY:5b082eeaf0744a8a9b433c07c9ee03f0,2026-09-30T05:33:09.739587Z,18d2d72a1da66c853f45a71d4f8ae14dda41da7b,True
,,apes-2-2,apes,APES,74491988,8.19,PENDING_CLASSIFICATION,UNREVIEWED_IDENTITY,2026-09-30,2026-09-30T05:33:12.368021+00:00,,,OFFICIAL_DAILY,market-lab:OFFICIAL_DAILY:5b082eeaf0744a8a9b433c07c9ee03f0,2026-09-30T05:33:09.739587Z,18d2d72a1da66c853f45a71d4f8ae14dda41da7b,True
,,baby-claw,babyclaw,Baby Claw,91376294,5.43,PENDING_CLASSIFICATION,UNREVIEWED_IDENTITY,2026-09-30,2026-09-30T05:33:12.368021+00:00,,,OFFICIAL_DAILY,market-lab:OFFICIAL_DAILY:5b082eeaf0744a8a9b433c07c9ee03f0,2026-09-30T05:33:09.739587Z,18d2d72a1da66c853f45a71d4f8ae14dda41da7b,True
,,backed-ib01-treasury-bond-0-1yr,bib01,Backed IB01 $ Treasury Bond 0-1yr,18960097,0.0,PENDING_CLASSIFICATION,UNREVIEWED_IDENTITY,2026-09-30,2026-09-30T05:33:12.368021+00:00,,,OFFICIAL_DAILY,market-lab:OFFICIAL_DAILY:5b082eeaf0744a8a9b433c07c9ee03f0,2026-09-30T05:33:09.739587Z,18d2d72a1da66c853f45a71d4f8ae14dda41da7b,True
,,basedhype,basedhype,BasedHype,34132034,57.65,PENDING_CLASSIFICATION,UNREVIEWED_IDENTITY,2026-09-30,2026-09-30T05:33:12.368021+00:00,,,OFFICIAL_DAILY,market-lab:OFFICIAL_DAILY:5b082eeaf0744a8a9b433c07c9ee03f0,2026-09-30T05:33:09.739587Z,18d2d72a1da66c853f45a71d4f8ae14dda41da7b,True
,,bitmart-token,bmx,BitMart,19968796,666589.0,PENDING_CLASSIFICATION,UNREVIEWED_IDENTITY,2026-09-30,2026-09-30T05:33:12.368021+00:00,,,OFFICIAL_DAILY,market-lab:OFFICIAL_DAILY:5b082eeaf0744a8a9b433c07c9ee03f0,2026-09-30T05:33:09.739587Z,18d2d72a1da66c853f45a71d4f8ae14dda41da7b,True
,,ebtc-2,ebtc,eBTC,44513911,34.3,PENDING_CLASSIFICATION,UNREVIEWED_IDENTITY,2026-09-30,2026-09-30T05:33:12.368021+00:00,,,OFFICIAL_DAILY,market-lab:OFFICIAL_DAILY:5b082eeaf0744a8a9b433c07c9ee03f0,2026-09-30T05:33:09.739587Z,18d2d72a1da66c853f45a71d4f8ae14dda41da7b,True
,,elexium,ex,Elexium,34514430,2928.19,PENDING_CLASSIFICATION,UNREVIEWED_IDENTITY,2026-09-30,2026-09-30T05:33:12.368021+00:00,,,OFFICIAL_DAILY,market-lab:OFFICIAL_DAILY:5b082eeaf0744a8a9b433c07c9ee03f0,2026-09-30T05:33:09.739587Z,18d2d72a1da66c853f45a71d4f8ae14dda41da7b,True
,,emerald-security-token,emrl.d,Emerald Security Token,34840082,5283.51,PENDING_CLASSIFICATION,UNREVIEWED_IDENTITY,2026-09-30,2026-09-30T05:33:12.368021+00:00,,,OFFICIAL_DAILY,market-lab:OFFICIAL_DAILY:5b082eeaf0744a8a9b433c07c9ee03f0,2026-09-30T05:33:09.739587Z,18d2d72a1da66c853f45a71d4f8ae14dda41da7b,True
,,gaib-aid,aid,GAIB AID,18814689,39.77,PENDING_CLASSIFICATION,UNREVIEWED_IDENTITY,2026-09-30,2026-09-30T05:33:12.368021+00:00,,,OFFICIAL_DAILY,market-lab:OFFICIAL_DAILY:5b082eeaf0744a8a9b433c07c9ee03f0,2026-09-30T05:33:09.739587Z,18d2d72a1da66c853f45a71d4f8ae14dda41da7b,True
,,geode-chain,geode,Geode Chain,27824040,476.42,PENDING_CLASSIFICATION,UNREVIEWED_IDENTITY,2026-09-30,2026-09-30T05:33:12.368021+00:00,,,OFFICIAL_DAILY,market-lab:OFFICIAL_DAILY:5b082eeaf0744a8a9b433c07c9ee03f0,2026-09-30T05:33:09.739587Z,18d2d72a1da66c853f45a71d4f8ae14dda41da7b,True
,,hex-trust-usdx,usdx,Hex Trust USD,22768202,12.87,PENDING_CLASSIFICATION,UNREVIEWED_IDENTITY,2026-09-30,2026-09-30T05:33:12.368021+00:00,,,OFFICIAL_DAILY,market-lab:OFFICIAL_DAILY:5b082eeaf0744a8a9b433c07c9ee03f0,2026-09-30T05:33:09.739587Z,18d2d72a1da66c853f45a71d4f8ae14dda41da7b,True
,,hive_dollar,hbd,Hive Dollar,32677939,13.34,PENDING_CLASSIFICATION,UNREVIEWED_IDENTITY,2026-09-30,2026-09-30T05:33:12.368021+00:00,,,OFFICIAL_DAILY,market-lab:OFFICIAL_DAILY:5b082eeaf0744a8a9b433c07c9ee03f0,2026-09-30T05:33:09.739587Z,18d2d72a1da66c853f45a71d4f8ae14dda41da7b,True
,,latam-residential-sstl,pc0000089,Tradable LatAm Residential SSTL,37000012,0.0,PENDING_CLASSIFICATION,UNREVIEWED_IDENTITY,2026-09-30,2026-09-30T05:33:12.368021+00:00,,,OFFICIAL_DAILY,market-lab:OFFICIAL_DAILY:5b082eeaf0744a8a9b433c07c9ee03f0,2026-09-30T05:33:09.739587Z,18d2d72a1da66c853f45a71d4f8ae14dda41da7b,True
,,little-john,john,Little John,17195155,167501374.0,PENDING_CLASSIFICATION,UNREVIEWED_IDENTITY,2026-09-30,2026-09-30T05:33:12.368021+00:00,,,OFFICIAL_DAILY,market-lab:OFFICIAL_DAILY:5b082eeaf0744a8a9b433c07c9ee03f0,2026-09-30T05:33:09.739587Z,18d2d72a1da66c853f45a71d4f8ae14dda41da7b,True
,,mantis,m,Mantis,47447004,4702.18,PENDING_CLASSIFICATION,UNREVIEWED_IDENTITY,2026-09-30,2026-09-30T05:33:12.368021+00:00,,,OFFICIAL_DAILY,market-lab:OFFICIAL_DAILY:5b082eeaf0744a8a9b433c07c9ee03f0,2026-09-30T05:33:09.739587Z,18d2d72a1da66c853f45a71d4f8ae14dda41da7b,True
,,memetoon,meme,MEMETOON,51673755,378082.0,PENDING_CLASSIFICATION,UNREVIEWED_IDENTITY,2026-09-30,2026-09-30T05:33:12.368021+00:00,,,OFFICIAL_DAILY,market-lab:OFFICIAL_DAILY:5b082eeaf0744a8a9b433c07c9ee03f0,2026-09-30T05:33:09.739587Z,18d2d72a1da66c853f45a71d4f8ae14dda41da7b,True
,,my-paqman-coin,mpc,My Paqman Coin,18131048,53475.0,PENDING_CLASSIFICATION,UNREVIEWED_IDENTITY,2026-09-30,2026-09-30T05:33:12.368021+00:00,,,OFFICIAL_DAILY,market-lab:OFFICIAL_DAILY:5b082eeaf0744a8a9b433c07c9ee03f0,2026-09-30T05:33:09.739587Z,18d2d72a1da66c853f45a71d4f8ae14dda41da7b,True
,,myonion-fun,$onion,MyOnion.fun,22302735,1186.7,PENDING_CLASSIFICATION,UNREVIEWED_IDENTITY,2026-09-30,2026-09-30T05:33:12.368021+00:00,,,OFFICIAL_DAILY,market-lab:OFFICIAL_DAILY:5b082eeaf0744a8a9b433c07c9ee03f0,2026-09-30T05:33:09.739587Z,18d2d72a1da66c853f45a71d4f8ae14dda41da7b,True
,,nirvana-ana-2,ana,Nirvana ANA,30899911,4.68,PENDING_CLASSIFICATION,UNREVIEWED_IDENTITY,2026-09-30,2026-09-30T05:33:12.368021+00:00,,,OFFICIAL_DAILY,market-lab:OFFICIAL_DAILY:5b082eeaf0744a8a9b433c07c9ee03f0,2026-09-30T05:33:09.739587Z,18d2d72a1da66c853f45a71d4f8ae14dda41da7b,True
,,nusd-2,nusd,Neutrl USD,53296810,10315.61,PENDING_CLASSIFICATION,UNREVIEWED_IDENTITY,2026-09-30,2026-09-30T05:33:12.368021+00:00,,,OFFICIAL_DAILY,market-lab:OFFICIAL_DAILY:5b082eeaf0744a8a9b433c07c9ee03f0,2026-09-30T05:33:09.739587Z,18d2d72a1da66c853f45a71d4f8ae14dda41da7b,True
,,nyc-token,nyc,NYC,25389604,1.52,PENDING_CLASSIFICATION,UNREVIEWED_IDENTITY,2026-09-30,2026-09-30T05:33:12.368021+00:00,,,OFFICIAL_DAILY,market-lab:OFFICIAL_DAILY:5b082eeaf0744a8a9b433c07c9ee03f0,2026-09-30T05:33:09.739587Z,18d2d72a1da66c853f45a71d4f8ae14dda41da7b,True
,,opcode,opcode,Opcode,36595094,67.96,PENDING_CLASSIFICATION,UNREVIEWED_IDENTITY,2026-09-30,2026-09-30T05:33:12.368021+00:00,,,OFFICIAL_DAILY,market-lab:OFFICIAL_DAILY:5b082eeaf0744a8a9b433c07c9ee03f0,2026-09-30T05:33:09.739587Z,18d2d72a1da66c853f45a71d4f8ae14dda41da7b,True
,,pinksale,pinksale,PinkSale,20195542,1.85,PENDING_CLASSIFICATION,UNREVIEWED_IDENTITY,2026-09-30,2026-09-30T05:33:12.368021+00:00,,,OFFICIAL_DAILY,market-lab:OFFICIAL_DAILY:5b082eeaf0744a8a9b433c07c9ee03f0,2026-09-30T05:33:09.739587Z,18d2d72a1da66c853f45a71d4f8ae14dda41da7b,True
,,royal-euro,reur,Royal Euro,62008637,19804868.0,PENDING_CLASSIFICATION,UNREVIEWED_IDENTITY,2026-09-30,2026-09-30T05:33:12.368021+00:00,,,OFFICIAL_DAILY,market-lab:OFFICIAL_DAILY:5b082eeaf0744a8a9b433c07c9ee03f0,2026-09-30T05:33:09.739587Z,18d2d72a1da66c853f45a71d4f8ae14dda41da7b,True
,,ryze,ryze,Ryze,19052373,50.64,PENDING_CLASSIFICATION,UNREVIEWED_IDENTITY,2026-09-30,2026-09-30T05:33:12.368021+00:00,,,OFFICIAL_DAILY,market-lab:OFFICIAL_DAILY:5b082eeaf0744a8a9b433c07c9ee03f0,2026-09-30T05:33:09.739587Z,18d2d72a1da66c853f45a71d4f8ae14dda41da7b,True
,,swop-2,swop,Swop,62513695,54.71,PENDING_CLASSIFICATION,UNREVIEWED_IDENTITY,2026-09-30,2026-09-30T05:33:12.368021+00:00,,,OFFICIAL_DAILY,market-lab:OFFICIAL_DAILY:5b082eeaf0744a8a9b433c07c9ee03f0,2026-09-30T05:33:09.739587Z,18d2d72a1da66c853f45a71d4f8ae14dda41da7b,True
,,tradable-singapore-fintech-ssl-2,pc0000023,Tradable Singapore Fintech SSL,114500000,0.0,PENDING_CLASSIFICATION,UNREVIEWED_IDENTITY,2026-09-30,2026-09-30T05:33:12.368021+00:00,,,OFFICIAL_DAILY,market-lab:OFFICIAL_DAILY:5b082eeaf0744a8a9b433c07c9ee03f0,2026-09-30T05:33:09.739587Z,18d2d72a1da66c853f45a71d4f8ae14dda41da7b,True
,,ubs_umint_eth,umint,UBS USD Money Market Investment Fund Token,20379562,0.0,PENDING_CLASSIFICATION,UNREVIEWED_IDENTITY,2026-09-30,2026-09-30T05:33:12.368021+00:00,,,OFFICIAL_DAILY,market-lab:OFFICIAL_DAILY:5b082eeaf0744a8a9b433c07c9ee03f0,2026-09-30T05:33:09.739587Z,18d2d72a1da66c853f45a71d4f8ae14dda41da7b,True
,,universal-usd,usdu,Universal USD,30768522,875.91,PENDING_CLASSIFICATION,UNREVIEWED_IDENTITY,2026-09-30,2026-09-30T05:33:12.368021+00:00,,,OFFICIAL_DAILY,market-lab:OFFICIAL_DAILY:5b082eeaf0744a8a9b433c07c9ee03f0,2026-09-30T05:33:09.739587Z,18d2d72a1da66c853f45a71d4f8ae14dda41da7b,True
,,usda-2,usda,USDa,94542304,10.67,PENDING_CLASSIFICATION,UNREVIEWED_IDENTITY,2026-09-30,2026-09-30T05:33:12.368021+00:00,,,OFFICIAL_DAILY,market-lab:OFFICIAL_DAILY:5b082eeaf0744a8a9b433c07c9ee03f0,2026-09-30T05:33:09.739587Z,18d2d72a1da66c853f45a71d4f8ae14dda41da7b,True
,,whiteheart,white,Whiteheart,23951024,786.16,PENDING_CLASSIFICATION,UNREVIEWED_IDENTITY,2026-09-30,2026-09-30T05:33:12.368021+00:00,,,OFFICIAL_DAILY,market-lab:OFFICIAL_DAILY:5b082eeaf0744a8a9b433c07c9ee03f0,2026-09-30T05:33:09.739587Z,18d2d72a1da66c853f45a71d4f8ae14dda41da7b,True
