timestamp_utc,Open,High,Low,Close,Volume
2017-12-31T00:00:00.000000Z,4.914100170135498,5.2544498443603516,4.8889498710632324,4.8889498710632324,307535
2018-01-01T00:00:00.000000Z,4.9078598022460938,5.1247401237487793,4.7300000190734863,4.968900203704834,333298
2018-01-02T00:00:00.000000Z,4.9685201644897461,5.3125801086425781,4.7974700927734375,5.1921000480651855,487458
2018-01-03T00:00:00.000000Z,5.1183300018310547,5.1741900444030762,4.4549498558044434,4.6227898597717285,492264
2018-01-04T00:00:00.000000Z,4.6481099128723145,5.4351201057434082,4.5892300605773926,5.0865001678466797,595380
2018-01-05T00:00:00.000000Z,5.0875101089477539,5.6091599464416504,4.5371699333190918,5.5321998596191406,507924
2018-01-06T00:00:00.000000Z,5.5366101264953613,7.7490701675415039,5.246610164642334,7.6607599258422852,587983
2018-01-07T00:00:00.000000Z,7.6551299095153809,9.1807899475097656,7.3209099769592285,8.9060001373291016,1037430
2018-01-08T00:00:00.000000Z,8.8935403823852539,11.924900054931641,6.4454097747802734,11.113300323486328,1257510
2018-01-09T00:00:00.000000Z,11.294899940490723,11.294899940490723,10.056900024414062,10.452799797058105,2120090
2018-01-10T00:00:00.000000Z,10.440400123596191,10.51710033416748,8.4843597412109375,10.174799919128418,2989290
2018-01-11T00:00:00.000000Z,10.169099807739258,10.451600074768066,8.8222799301147461,9.1477804183959961,2050180
2018-01-12T00:00:00.000000Z,8.7042903900146484,10.131699562072754,7.259160041809082,7.6049599647521973,2487780
2018-01-13T00:00:00.000000Z,7.5391201972961426,10.476400375366211,7.5101900100708008,9.2972602844238281,3128530
2018-01-14T00:00:00.000000Z,9.3176298141479492,9.544560432434082,7.6784701347351074,8.0002202987670898,957653
2018-01-15T00:00:00.000000Z,7.9080700874328613,8.4576396942138672,7.3874797821044922,7.3920497894287109,762529
2018-01-16T00:00:00.000000Z,7.3930401802062988,7.4606800079345703,5.3898701667785645,5.9408998489379883,890596
2018-01-17T00:00:00.000000Z,5.9036397933959961,6.5372500419616699,4.9713401794433594,6.2511100769042969,619250
2018-01-18T00:00:00.000000Z,6.4817600250244141,6.9034900665283203,5.6549901962280273,5.8601598739624023,714627
2018-01-19T00:00:00.000000Z,5.7663297653198242,6.4308099746704102,5.1857500076293945,6.0181698799133301,353861
2018-01-20T00:00:00.000000Z,6.0488500595092773,7.6528100967407227,6.0488500595092773,7.3892002105712891,762072
2018-01-21T00:00:00.000000Z,7.4287400245666504,7.4557700157165527,5.9105501174926758,6.3012299537658691,386215
2018-01-22T00:00:00.000000Z,6.3748898506164551,6.5179100036621094,5.4779500961303711,5.9826998710632324,407567
2018-01-23T00:00:00.000000Z,5.9409599304199219,6.5875802040100098,5.3955998420715332,6.144169807434082,345656
2018-01-24T00:00:00.000000Z,6.1210498809814453,7.3166298866271973,6.0105199813842773,6.7781901359558105,491539
2018-01-25T00:00:00.000000Z,6.857600212097168,7.3913397789001465,6.490379810333252,6.8238701820373535,509612
2018-01-26T00:00:00.000000Z,6.8035402297973633,7.0420899391174316,6.0880298614501953,6.611760139465332,293527
2018-01-27T00:00:00.000000Z,6.604060173034668,6.675879955291748,6.1270699501037598,6.2364802360534668,290949
2018-01-28T00:00:00.000000Z,6.2773799896240234,6.739069938659668,6.2625598907470703,6.587590217590332,745390
2018-01-29T00:00:00.000000Z,6.657289981842041,10.786800384521484,6.2273597717285156,7.7748799324035645,4915740
2018-01-30T00:00:00.000000Z,7.7857398986816406,7.8830399513244629,6.2569398880004883,6.5011000633239746,1137080
2018-01-31T00:00:00.000000Z,6.5327901840209961,6.8419098854064941,6.1207499504089355,6.7711000442504883,992990
2018-02-01T00:00:00.000000Z,6.7993597984313965,7.5761198997497559,5.6630001068115234,6.0020899772644043,942643
2018-02-02T00:00:00.000000Z,5.994530200958252,6.1296601295471191,4.7891302108764648,5.8372001647949219,846931
2018-02-03T00:00:00.000000Z,5.8481302261352539,6.5239200592041016,5.4236598014831543,6.2916498184204102,407837
2018-02-04T00:00:00.000000Z,6.3031101226806641,6.5223398208618164,4.9678101539611816,5.2837600708007812,993514
2018-02-05T00:00:00.000000Z,5.2199201583862305,5.3015499114990234,4.1472101211547852,4.2358498573303223,436309
2018-02-06T00:00:00.000000Z,4.2390899658203125,4.9923901557922363,3.4651200771331787,4.9683799743652344,438112
2018-02-07T00:00:00.000000Z,4.9264698028564453,5.0889801979064941,4.2948999404907227,4.3755102157592773,240280
2018-02-08T00:00:00.000000Z,4.3697900772094727,5.0537199974060059,4.3697900772094727,4.5499300956726074,929511
2018-02-09T00:00:00.000000Z,4.5620899200439453,4.7412199974060059,4.2872400283813477,4.6473398208618164,668867
2018-02-10T00:00:00.000000Z,4.6454901695251465,4.8508701324462891,4.2982702255249023,4.4476399421691895,336401
2018-02-11T00:00:00.000000Z,4.4601798057556152,4.4601798057556152,3.9866700172424316,4.0489702224731445,219643
2018-02-12T00:00:00.000000Z,4.0730400085449219,4.3116202354431152,4.0730400085449219,4.1560702323913574,387448
2018-02-13T00:00:00.000000Z,4.1869997978210449,4.2617301940917969,3.9401900768280029,4.0761899948120117,314686
2018-02-14T00:00:00.000000Z,4.0745601654052734,4.6839499473571777,4.0669598579406738,4.6041998863220215,345557
2018-02-15T00:00:00.000000Z,4.6006097793579102,4.7476000785827637,4.4178299903869629,4.6079998016357422,208799
2018-02-16T00:00:00.000000Z,4.5816202163696289,4.6489601135253906,4.4216399192810059,4.5048298835754395,192635
2018-02-17T00:00:00.000000Z,4.4937500953674316,4.6179800033569336,4.3626899719238281,4.4352397918701172,371610
2018-02-18T00:00:00.000000Z,4.4832801818847656,4.5213899612426758,4.0687599182128906,4.0951399803161621,254169
2018-02-19T00:00:00.000000Z,4.0634298324584961,4.2248997688293457,4.0082597732543945,4.0732598304748535,251322
2018-02-20T00:00:00.000000Z,4.0757098197937012,4.1621098518371582,3.8329598903656006,3.850409984588623,178623
2018-02-21T00:00:00.000000Z,3.8515400886535645,3.8888900279998779,3.4067599773406982,3.5106101036071777,232623
2018-02-22T00:00:00.000000Z,3.5050899982452393,3.6556899547576904,3.1055901050567627,3.1538600921630859,340769
2018-02-23T00:00:00.000000Z,3.1438601016998291,3.3497500419616699,3.0153698921203613,3.1667599678039551,238520
2018-02-24T00:00:00.000000Z,3.1602399349212646,3.2775900363922119,2.8655800819396973,2.9563701152801514,139172
2018-02-25T00:00:00.000000Z,2.9535601139068604,3.020550012588501,2.799220085144043,2.8934700489044189,201232
2018-02-26T00:00:00.000000Z,2.8920900821685791,2.9755399227142334,2.7886800765991211,2.9160199165344238,111594
2018-02-27T00:00:00.000000Z,2.9197399616241455,3.1804499626159668,2.8949899673461914,3.0491700172424316,103403
2018-02-28T00:00:00.000000Z,3.0484499931335449,3.1899299621582031,2.9016399383544922,2.9016399383544922,273600
2018-03-01T00:00:00.000000Z,2.9025399684906006,3.0008299350738525,2.8687000274658203,2.9328699111938477,109575
2018-03-02T00:00:00.000000Z,2.9181499481201172,2.9528899192810059,2.6977899074554443,2.7545499801635742,175182
2018-03-03T00:00:00.000000Z,2.752500057220459,2.7661199569702148,2.4914000034332275,2.5491800308227539,197041
2018-03-04T00:00:00.000000Z,2.5448598861694336,2.6017699241638184,2.4571199417114258,2.6017699241638184,51882
2018-03-05T00:00:00.000000Z,2.5995399951934814,2.6126399040222168,2.4681799411773682,2.4681799411773682,104002
2018-03-06T00:00:00.000000Z,2.4642601013183594,2.4642601013183594,1.8152300119400024,1.8483400344848633,309864
2018-03-07T00:00:00.000000Z,1.84784996509552,2.0620501041412354,1.5295699834823608,1.546470046043396,562021
2018-03-08T00:00:00.000000Z,1.5585800409317017,1.653499960899353,1.4172899723052979,1.452970027923584,261814
2018-03-09T00:00:00.000000Z,1.4497100114822388,1.4725600481033325,1.2475500106811523,1.4230200052261353,306380
2018-03-10T00:00:00.000000Z,1.4031599760055542,1.5483599901199341,1.3860199451446533,1.4447000026702881,137632
2018-03-11T00:00:00.000000Z,1.4372099637985229,1.5531500577926636,1.3408399820327759,1.5247000455856323,26681
2018-03-12T00:00:00.000000Z,1.5243699550628662,1.8325099945068359,1.5243699550628662,1.7846200466156006,112499
2018-03-13T00:00:00.000000Z,1.7767900228500366,1.8359299898147583,1.684689998626709,1.7248400449752808,118880
2018-03-14T00:00:00.000000Z,1.7237000465393066,1.7709599733352661,1.5309799909591675,1.5366300344467163,31201
2018-03-15T00:00:00.000000Z,1.5391299724578857,1.5470000505447388,1.3789199590682983,1.4699000120162964,59737
2018-03-16T00:00:00.000000Z,1.4693700075149536,1.5410699844360352,1.4160200357437134,1.4925800561904907,65074
2018-03-17T00:00:00.000000Z,1.4910600185394287,1.5019099712371826,1.3099100589752197,1.3257100582122803,39872
2018-03-18T00:00:00.000000Z,1.3251999616622925,1.3251999616622925,1.0342700481414795,1.2305799722671509,86182
2018-03-19T00:00:00.000000Z,1.2242100238800049,1.5140800476074219,1.177899956703186,1.5140800476074219,79303
2018-03-20T00:00:00.000000Z,1.5525200366973877,1.6600799560546875,1.4736900329589844,1.591670036315918,39691
2018-03-21T00:00:00.000000Z,1.5920000076293945,1.768530011177063,1.5027199983596802,1.7289299964904785,146792
2018-03-22T00:00:00.000000Z,1.732450008392334,1.8120100498199463,1.6054400205612183,1.7477099895477295,105955
2018-03-23T00:00:00.000000Z,1.7476600408554077,1.7476600408554077,1.5788199901580811,1.6792999505996704,93419
2018-03-24T00:00:00.000000Z,1.698930025100708,1.7326600551605225,1.5089000463485718,1.5136300325393677,391961
2018-03-25T00:00:00.000000Z,1.4943699836730957,1.8493399620056152,1.4805099964141846,1.7273800373077393,312915
2018-03-26T00:00:00.000000Z,1.7250900268554688,1.7486699819564819,1.3444000482559204,1.5339100360870361,117856
2018-03-27T00:00:00.000000Z,1.5295599699020386,1.5410300493240356,1.2600400447845459,1.3561899662017822,150953
2018-03-28T00:00:00.000000Z,1.3487499952316284,1.4594999551773071,1.3414700031280518,1.4213800430297852,43465
2018-03-29T00:00:00.000000Z,1.4150999784469604,1.4327900409698486,1.302340030670166,1.3288099765777588,52713
2018-03-30T00:00:00.000000Z,1.3258299827575684,1.3891899585723877,1.246940016746521,1.2854599952697754,180444
2018-03-31T00:00:00.000000Z,1.2848800420761108,1.3997299671173096,1.2848800420761108,1.3130999803543091,31608
2018-04-01T00:00:00.000000Z,1.3128700256347656,1.3307199478149414,1.1627299785614014,1.2894999980926514,73188
2018-04-02T00:00:00.000000Z,1.2938100099563599,1.3192199468612671,1.1056499481201172,1.1902099847793579,275530
2018-04-03T00:00:00.000000Z,1.1881500482559204,1.2533500194549561,1.131909966468811,1.230970025062561,76665
2018-04-04T00:00:00.000000Z,1.2304799556732178,1.2456300258636475,1.0915299654006958,1.2020000219345093,56226
2018-04-05T00:00:00.000000Z,1.1976000070571899,1.2000600099563599,1.0511300563812256,1.1880700588226318,112118
2018-04-06T00:00:00.000000Z,1.1836299896240234,1.2180500030517578,1.0207300186157227,1.0334099531173706,85620
2018-04-07T00:00:00.000000Z,1.0708999633789062,1.1370899677276611,1.0688300132751465,1.1071200370788574,56838
2018-04-08T00:00:00.000000Z,1.1080399751663208,1.2413300275802612,1.0526100397109985,1.0537400245666504,200817
2018-04-09T00:00:00.000000Z,1.0552400350570679,1.1532900333404541,1.0375100374221802,1.0521500110626221,122510
2018-04-10T00:00:00.000000Z,1.0548700094223022,1.1113899946212769,1.0503400564193726,1.0846699476242065,80149
2018-04-11T00:00:00.000000Z,1.0857800245285034,1.161620020866394,1.0554200410842896,1.1408100128173828,231344
2018-04-12T00:00:00.000000Z,1.1322799921035767,1.3823800086975098,1.1025400161743164,1.3678799867630005,192096
2018-04-13T00:00:00.000000Z,1.370650053024292,1.4481899738311768,1.2255300283432007,1.2466000318527222,327155
2018-04-14T00:00:00.000000Z,1.2458300590515137,1.3451299667358398,1.2195199728012085,1.2553600072860718,85686
2018-04-15T00:00:00.000000Z,1.2559800148010254,1.7016299962997437,1.2396299839019775,1.6346100568771362,381186
2018-04-16T00:00:00.000000Z,1.6339399814605713,1.6411499977111816,1.4501700401306152,1.4801900386810303,108667
2018-04-17T00:00:00.000000Z,1.4810600280761719,1.5334500074386597,1.3228399753570557,1.4319299459457397,275155
2018-04-18T00:00:00.000000Z,1.4346100091934204,1.4818700551986694,1.3441200256347656,1.4692200422286987,81896
2018-04-19T00:00:00.000000Z,1.4710899591445923,1.5866899490356445,1.4630800485610962,1.5866899490356445,58877
2018-04-20T00:00:00.000000Z,1.5875600576400757,1.7260700464248657,1.5621299743652344,1.670930027961731,465036
2018-04-21T00:00:00.000000Z,1.669450044631958,1.7147200107574463,1.5834100246429443,1.6467900276184082,163106
2018-04-22T00:00:00.000000Z,1.6517399549484253,1.7351399660110474,1.6183500289916992,1.7123600244522095,177589
2018-04-23T00:00:00.000000Z,1.7065199613571167,1.838189959526062,1.687019944190979,1.8275300264358521,296709
2018-04-24T00:00:00.000000Z,1.8287199735641479,2.3302700519561768,1.7802799940109253,2.3302700519561768,682455
2018-04-25T00:00:00.000000Z,2.3166999816894531,2.3166999816894531,1.9000099897384644,1.9988299608230591,480974
2018-04-26T00:00:00.000000Z,2.0223898887634277,2.1703300476074219,1.920259952545166,2.1703300476074219,229620
2018-04-27T00:00:00.000000Z,2.1744000911712646,2.2778100967407227,1.9559899568557739,2.0059800148010254,356997
2018-04-28T00:00:00.000000Z,1.9989399909973145,2.2287399768829346,1.9989399909973145,2.1694900989532471,365432
2018-04-29T00:00:00.000000Z,2.1698899269104004,2.2502100467681885,1.9418900012969971,2.2502100467681885,435379
2018-04-30T00:00:00.000000Z,2.2120499610900879,2.3003299236297607,1.9524400234222412,1.9793200492858887,205576
2018-05-01T00:00:00.000000Z,1.9853700399398804,2.0453300476074219,1.8483899831771851,1.990339994430542,125195
2018-05-02T00:00:00.000000Z,1.9892499446868896,2.0989599227905273,1.8568199872970581,2.0183799266815186,251946
2018-05-03T00:00:00.000000Z,2.0189399719238281,2.0371899604797363,1.86080002784729,1.9964100122451782,127717
2018-05-04T00:00:00.000000Z,1.9982999563217163,2.0931599140167236,1.9200299978256226,2.039370059967041,420810
2018-05-05T00:00:00.000000Z,2.0362300872802734,2.1278500556945801,2.0244100093841553,2.1180999279022217,137920
2018-05-06T00:00:00.000000Z,2.1222898960113525,2.1295900344848633,1.889430046081543,1.991320013999939,341838
2018-05-07T00:00:00.000000Z,1.974869966506958,1.9949799776077271,1.6629799604415894,1.7373000383377075,591687
2018-05-08T00:00:00.000000Z,1.7415200471878052,1.9068200588226318,1.648360013961792,1.7379499673843384,802008
2018-05-09T00:00:00.000000Z,1.7356699705123901,1.777169942855835,1.6238000392913818,1.6555299758911133,522971
2018-05-10T00:00:00.000000Z,1.6562999486923218,1.716729998588562,1.4501500129699707,1.6197899580001831,702537
2018-05-11T00:00:00.000000Z,1.6168199777603149,1.6400400400161743,1.3827300071716309,1.4307800531387329,191394
2018-05-12T00:00:00.000000Z,1.4301700592041016,1.4689500331878662,1.1800800561904907,1.2455099821090698,540144
2018-05-13T00:00:00.000000Z,1.2409600019454956,1.4190700054168701,1.1903699636459351,1.3763500452041626,521685
2018-05-14T00:00:00.000000Z,1.3749300241470337,1.3807200193405151,1.2174099683761597,1.2440999746322632,318876
2018-05-15T00:00:00.000000Z,1.2419600486755371,1.3206100463867188,1.2233999967575073,1.2484099864959717,405520
2018-05-16T00:00:00.000000Z,1.2456899881362915,1.2970900535583496,1.1848100423812866,1.2747399806976318,266224
2018-05-17T00:00:00.000000Z,1.2805500030517578,1.8726300001144409,1.1672899723052979,1.6486400365829468,1984120
2018-05-18T00:00:00.000000Z,1.5720100402832031,1.8487900495529175,1.4582099914550781,1.7814600467681885,591017
2018-05-19T00:00:00.000000Z,1.7802900075912476,1.8037899732589722,1.4713499546051025,1.4841500520706177,263446
2018-05-20T00:00:00.000000Z,1.4855400323867798,1.8155800104141235,1.4787600040435791,1.7743200063705444,156304
2018-05-21T00:00:00.000000Z,1.7749899625778198,1.7932000160217285,1.5919100046157837,1.6095900535583496,116476
2018-05-22T00:00:00.000000Z,1.7321599721908569,1.7334799766540527,1.5376100540161133,1.5734800100326538,155661
2018-05-23T00:00:00.000000Z,1.5706499814987183,1.5870000123977661,1.3010300397872925,1.3885899782180786,231394
2018-05-24T00:00:00.000000Z,1.3837599754333496,1.5056099891662598,1.3324099779129028,1.4921300411224365,109530
2018-05-25T00:00:00.000000Z,1.4921200275421143,1.5974999666213989,1.4012800455093384,1.5845500230789185,312914
2018-05-26T00:00:00.000000Z,1.5837899446487427,2.4008998870849609,1.4864499568939209,2.1072099208831787,1308720
2018-05-27T00:00:00.000000Z,2.1137599945068359,2.1965100765228271,1.9328500032424927,2.1296501159667969,274620
2018-05-28T00:00:00.000000Z,2.1350901126861572,2.1769800186157227,1.8357900381088257,1.8916300535202026,186733
2018-05-29T00:00:00.000000Z,1.8734300136566162,2.0115799903869629,1.7274899482727051,1.9793699979782104,222891
2018-05-30T00:00:00.000000Z,1.9809999465942383,2.0741100311279297,1.8816399574279785,1.9624899625778198,104940
2018-05-31T00:00:00.000000Z,1.9629100561141968,1.9818999767303467,1.8149600028991699,1.8626899719238281,125710
2018-06-01T00:00:00.000000Z,1.8656500577926636,2.0798099040985107,1.8479499816894531,2.073699951171875,70931
2018-06-02T00:00:00.000000Z,2.0730700492858887,2.1324899196624756,1.9912500381469727,2.0093300342559814,107129
2018-06-03T00:00:00.000000Z,2.0081100463867188,2.1630098819732666,2.0074000358581543,2.0479700565338135,82650
2018-06-04T00:00:00.000000Z,2.0470700263977051,2.0538499355316162,1.8887699842453003,1.9471800327301025,88749
2018-06-05T00:00:00.000000Z,1.9477399587631226,2.1680500507354736,1.9081399440765381,2.1245100498199463,287989
2018-06-06T00:00:00.000000Z,2.1228499412536621,2.1432099342346191,1.904229998588562,2.0321900844573975,106707
2018-06-07T00:00:00.000000Z,2.0326099395751953,2.0529301166534424,1.7987600564956665,1.8030099868774414,218739
2018-06-08T00:00:00.000000Z,1.8047100305557251,1.8263599872589111,1.7145899534225464,1.7261099815368652,389660
2018-06-09T00:00:00.000000Z,1.7141000032424927,1.7735500335693359,1.5993000268936157,1.5993000268936157,169366
2018-06-10T00:00:00.000000Z,1.5990099906921387,1.6536600589752197,1.4025199413299561,1.4250999689102173,326740
2018-06-11T00:00:00.000000Z,1.4273699522018433,1.5788500308990479,1.3428599834442139,1.5767699480056763,266434
2018-06-12T00:00:00.000000Z,1.5769000053405762,1.5891100168228149,1.2246899604797363,1.2406200170516968,3
2018-06-13T00:00:00.000000Z,1.2455500364303589,1.2574700117111206,1.1373200416564941,1.1929999589920044,2
2018-06-15T00:00:00.000000Z,1.9426100254058838,2.0951499938964844,1.9210900068283081,2.0059199333190918,2699
2018-06-16T00:00:00.000000Z,2.0004498958587646,4.5623397827148438,1.9918099641799927,2.0465800762176514,5
2018-06-17T00:00:00.000000Z,2.0463500022888184,2.537909984588623,2.0453500747680664,2.2451200485229492,1346
2018-06-18T00:00:00.000000Z,2.2447400093078613,4.6958498954772949,2.2167699337005615,4.6613302230834961,8
2018-06-19T00:00:00.000000Z,4.6585397720336914,4.6819000244140625,2.3766798973083496,2.4751598834991455,150
2018-06-20T00:00:00.000000Z,2.4767599105834961,2.7551000118255615,2.3892300128936768,2.7393300533294678,709
2018-06-21T00:00:00.000000Z,2.737839937210083,6.9400601387023926,2.1099600791931152,3.1662600040435791,61692
2018-06-22T00:00:00.000000Z,3.1654200553894043,3.1654200553894043,1.6540800333023071,1.6929500102996826,28423
2018-06-23T00:00:00.000000Z,1.6940599679946899,1.902459979057312,1.5151000022888184,1.8940099477767944,1175
2018-06-24T00:00:00.000000Z,1.8934700489044189,1.899899959564209,1.6833900213241577,1.7831300497055054,170
2018-06-25T00:00:00.000000Z,1.7758500576019287,3.7581300735473633,1.1464899778366089,1.1477799415588379,389
2018-06-26T00:00:00.000000Z,1.1477799415588379,1.8901300430297852,1.0780199766159058,1.0796200037002563,0
2018-06-27T00:00:00.000000Z,1.0759600400924683,2.6512401103973389,1.0686600208282471,2.5569400787353516,1062
2018-06-28T00:00:00.000000Z,2.561690092086792,2.6386599540710449,1.2628500461578369,1.3412699699401855,513807
2018-06-29T00:00:00.000000Z,1.3418799638748169,1.3502199649810791,1.1751799583435059,1.304419994354248,348540
2018-06-30T00:00:00.000000Z,1.3056900501251221,1.3695900440216064,1.192080020904541,1.2243900299072266,51
2018-07-01T00:00:00.000000Z,1.225600004196167,1.8141499757766724,1.209820032119751,1.805590033531189,266
2018-07-02T00:00:00.000000Z,1.806939959526062,1.9024800062179565,1.7792700529098511,1.8851499557495117,125
2018-07-03T00:00:00.000000Z,1.2868499755859375,1.8645000457763672,1.2868499755859375,1.8006600141525269,20
2018-07-04T00:00:00.000000Z,1.8014999628067017,1.8078099489212036,1.2305799722671509,1.7694300413131714,10093
2018-07-05T00:00:00.000000Z,1.775629997253418,1.8134100437164307,1.2899999618530273,1.3142800331115723,30
2018-07-06T00:00:00.000000Z,1.3136700391769409,1.5942200422286987,0.90532398223876953,0.94453400373458862,1050
2018-07-07T00:00:00.000000Z,0.944163978099823,0.95028501749038696,0.93046802282333374,0.93424099683761597,0
2018-07-08T00:00:00.000000Z,1.5541800260543823,1.5828299522399902,0.97237598896026611,0.97370302677154541,623
2018-07-09T00:00:00.000000Z,0.97355902194976807,1.0693399906158447,0.67287999391555786,1.038849949836731,193
2018-07-10T00:00:00.000000Z,1.0380599498748779,1.0421600341796875,0.42831501364707947,0.92714500427246094,39
2018-07-11T00:00:00.000000Z,0.92717498540878296,0.95757400989532471,0.91342300176620483,0.9482719898223877,0
2018-07-13T00:00:00.000000Z,0.4600520133972168,0.46258500218391418,0.45213600993156433,0.45458099246025085,146
2018-07-14T00:00:00.000000Z,0.4554469883441925,0.46030300855636597,0.45219600200653076,0.46030300855636597,141
2018-07-17T00:00:00.000000Z,0.65754902362823486,0.65754902362823486,0.65011698007583618,0.65108197927474976,2
2018-07-18T00:00:00.000000Z,0.65111202001571655,1.6187800168991089,0.6251099705696106,0.63467699289321899,271
2018-07-19T00:00:00.000000Z,0.63448202610015869,1.2986700534820557,0.62502098083496094,1.2617499828338623,0
2018-07-20T00:00:00.000000Z,1.2620400190353394,1.2620400190353394,1.2250900268554688,1.2471499443054199,0
2018-07-22T00:00:00.000000Z,0.61722701787948608,0.9312400221824646,0.61054199934005737,0.61265498399734497,227
2018-07-23T00:00:00.000000Z,0.61251002550125122,0.98335498571395874,0.61160498857498169,0.94714099168777466,0
2018-07-24T00:00:00.000000Z,0.9468880295753479,0.98281502723693848,0.9461359977722168,0.98281502723693848,0
2019-09-26T00:00:00.000000Z,0.0035639998968690634,0.0035860000643879175,0.0035339999012649059,0.0035749999806284904,14089862
2019-09-27T00:00:00.000000Z,0.0035769999958574772,0.0036619999445974827,0.003527000080794096,0.003653000108897686,13635977
2019-09-28T00:00:00.000000Z,0.003653000108897686,0.0036700000055134296,0.0034860000014305115,0.0035520000383257866,13432485
2019-09-29T00:00:00.000000Z,0.0035540000535547733,0.00356299988925457,0.0034250000026077032,0.0035310001112520695,2567830
2019-09-30T00:00:00.000000Z,0.0035310001112520695,0.0035459999926388264,0.0034340000711381435,0.0035359999164938927,3046325
2019-10-01T00:00:00.000000Z,0.003536999924108386,0.0037050000391900539,0.0034759999252855778,0.0034769999329000711,1007190
2019-10-02T00:00:00.000000Z,0.0034769999329000711,0.0035739999730139971,0.0034729999024420977,0.0035729999653995037,952676
2019-10-03T00:00:00.000000Z,0.0035729999653995037,0.0035749999806284904,0.0034209999721497297,0.0034729999024420977,1086598
2019-10-04T00:00:00.000000Z,0.0034729999024420977,0.0035230000503361225,0.0034390001092106104,0.0034960000775754452,1218399
2019-10-05T00:00:00.000000Z,0.0034960000775754452,0.0034960000775754452,0.003392999991774559,0.0034139999188482761,985503
2019-10-06T00:00:00.000000Z,0.0034139999188482761,0.0034570000134408474,0.0033770001027733088,0.0033879999537020922,1237886
2019-10-07T00:00:00.000000Z,0.0033829999156296253,0.0034709998872131109,0.0033350000157952309,0.0034610000438988209,1193398
2019-10-08T00:00:00.000000Z,0.0034580000210553408,0.0034839999862015247,0.0033970000222325325,0.0034360000863671303,1212265
2019-10-09T00:00:00.000000Z,0.0034360000863671303,0.0036629999522119761,0.0034040000755339861,0.0036629999522119761,1897043
2019-10-10T00:00:00.000000Z,0.0036589999217540026,0.0036649999674409628,0.0035419999621808529,0.0035679999273270369,1749323
2019-10-11T00:00:00.000000Z,0.0035679999273270369,0.0036190000828355551,0.0034950000699609518,0.0034950000699609518,1811284
2019-10-12T00:00:00.000000Z,0.0034970000851899385,0.0035470000002533197,0.0034469999372959137,0.0035029998980462551,2582105
2019-10-13T00:00:00.000000Z,0.0035019998904317617,0.0036369999870657921,0.0034950000699609518,0.0036309999413788319,3043961
2019-10-14T00:00:00.000000Z,0.0036309999413788319,0.0036390000022947788,0.0036039999686181545,0.0036200000904500484,9595212
2019-10-15T00:00:00.000000Z,0.0036230001132935286,0.0036249998956918716,0.0035290000960230827,0.0035439999774098396,15559144
2019-10-16T00:00:00.000000Z,0.0035419999621808529,0.0035459999926388264,0.0034409998916089535,0.0034920000471174717,8705157
2019-10-17T00:00:00.000000Z,0.0034940000623464584,0.0035230000503361225,0.0034749999176710844,0.0034920000471174717,15544748
2019-10-18T00:00:00.000000Z,0.0034920000471174717,0.0034920000471174717,0.0033569999504834414,0.0034139999188482761,15235881
2019-10-19T00:00:00.000000Z,0.003410999896004796,0.0034459999296814203,0.0033670000266283751,0.0033780001103878021,15059747
2019-10-20T00:00:00.000000Z,0.0033799998927861452,0.0034129999112337828,0.0033130000811070204,0.0033869999460875988,15578778
2019-10-21T00:00:00.000000Z,0.0033869999460875988,0.0034469999372959137,0.0033569999504834414,0.0034360000863671303,15701023
2019-10-22T00:00:00.000000Z,0.0034340000711381435,0.0034479999449104071,0.0033680000342428684,0.0033789998851716518,2890505
2019-10-23T00:00:00.000000Z,0.0033760000951588154,0.0033869999460875988,0.0031749999616295099,0.0032009999267756939,14041915
2019-10-24T00:00:00.000000Z,0.0032009999267756939,0.0032130000181496143,0.0031109999399632215,0.0031830000225454569,13589133
2019-10-25T00:00:00.000000Z,0.0031830000225454569,0.003607999999076128,0.0030910000205039978,0.0035550000611692667,15973305
2019-10-26T00:00:00.000000Z,0.0035639998968690634,0.0038850000128149986,0.0034729999024420977,0.0036440000403672457,17543961
2019-10-27T00:00:00.000000Z,0.0036460000555962324,0.0038999998942017555,0.0034700001124292612,0.0038729999214410782,12670694
2019-10-28T00:00:00.000000Z,0.0038670001085847616,0.0039320001378655434,0.0036979999858886003,0.0037380000576376915,14041698
2019-10-29T00:00:00.000000Z,0.0037390000652521849,0.0039229998365044594,0.0037269999738782644,0.0038890000432729721,14210012
2019-10-30T00:00:00.000000Z,0.0038900000508874655,0.0039300001226365566,0.0037930000107735395,0.0038920000661164522,18499380
2019-10-31T00:00:00.000000Z,0.0038930000737309456,0.0039400001987814903,0.0037909999955445528,0.0038920000661164522,5485528
2019-11-01T00:00:00.000000Z,0.0038970001041889191,0.0039289998821914196,0.0038479999639093876,0.0039149997755885124,5709222
2019-11-02T00:00:00.000000Z,0.0039149997755885124,0.0039820000529289246,0.0039090001955628395,0.0039389999583363533,6400499
2019-11-03T00:00:00.000000Z,0.00394099997356534,0.0039510000497102737,0.0038399999029934406,0.0038950000889599323,5174405
2019-11-04T00:00:00.000000Z,0.0038950000889599323,0.0040199998766183853,0.0038560000248253345,0.0039639999158680439,4304941
2019-11-05T00:00:00.000000Z,0.0039639999158680439,0.0041840001940727234,0.0039200000464916229,0.0041700000874698162,4637420
2019-11-06T00:00:00.000000Z,0.0041720001026988029,0.0042519997805356979,0.004162999801337719,0.0041869999840855598,5460869
2019-11-07T00:00:00.000000Z,0.0041869999840855598,0.0041939998045563698,0.0040620001964271069,0.0040899999439716339,22999449
2019-11-08T00:00:00.000000Z,0.0040890001691877842,0.0041530001908540726,0.0039470000192523003,0.0039719999767839909,23956053
2019-11-09T00:00:00.000000Z,0.0039710002020001411,0.0040170000866055489,0.0039550000801682472,0.0039869998581707478,22389528
2019-11-10T00:00:00.000000Z,0.003986000083386898,0.0040549999102950096,0.0039590001106262207,0.0040350002236664295,18778141
2019-11-11T00:00:00.000000Z,0.0040350002236664295,0.0040460000745952129,0.0038930000737309456,0.0038930000737309456,5269372
2019-11-12T00:00:00.000000Z,0.003894000081345439,0.0039590001106262207,0.0038749999366700649,0.0039079999551177025,4199826
2019-11-13T00:00:00.000000Z,0.0039059999398887157,0.0039470000192523003,0.0038829999975860119,0.0038880000356584787,3103723
2019-11-14T00:00:00.000000Z,0.0038880000356584787,0.0039209998212754726,0.0038449999410659075,0.0039049999322742224,16086265
2019-11-15T00:00:00.000000Z,0.0039099999703466892,0.003911999985575676,0.0037509999237954617,0.0037539999466389418,15115354
2019-11-16T00:00:00.000000Z,0.0037549999542534351,0.0037789999041706324,0.0037110000848770142,0.0037219999358057976,17515370
2019-11-17T00:00:00.000000Z,0.0037219999358057976,0.0037730000913143158,0.0036579999141395092,0.0037060000468045473,24657397
2019-11-18T00:00:00.000000Z,0.0037060000468045473,0.0037199999205768108,0.0034590000286698341,0.0035000001080334187,15848519
2019-11-19T00:00:00.000000Z,0.0035000001080334187,0.0035459999926388264,0.0033499998971819878,0.0034439999144524336,16990951
2019-11-20T00:00:00.000000Z,0.0034439999144524336,0.0034539999905973673,0.0033740000799298286,0.0034119999036192894,16139721
2019-11-21T00:00:00.000000Z,0.0034060000907629728,0.0034199999645352364,0.0032790000550448895,0.0033229999244213104,4049910
2019-11-22T00:00:00.000000Z,0.0033229999244213104,0.0033489998895674944,0.0029720000457018614,0.0031000000890344381,14398275
2019-11-23T00:00:00.000000Z,0.0031000000890344381,0.0031500000040978193,0.0030020000413060188,0.0031500000040978193,14472664
2019-11-24T00:00:00.000000Z,0.0031500000040978193,0.0031520000193268061,0.0029549999162554741,0.0029549999162554741,12127605
2019-11-25T00:00:00.000000Z,0.0029549999162554741,0.0030119998846203089,0.002681999932974577,0.0029480000957846642,14113091
2019-11-26T00:00:00.000000Z,0.0029470000881701708,0.0030930000357329845,0.002945000072941184,0.0030519999563694,14137932
2019-11-27T00:00:00.000000Z,0.0030249999836087227,0.0031030001118779182,0.0029239999130368233,0.0030769999139010906,14039493
2019-11-28T00:00:00.000000Z,0.0030769999139010906,0.0031260000541806221,0.0030280000064522028,0.0030350000597536564,14227801
2019-11-29T00:00:00.000000Z,0.0030350000597536564,0.0031999999191612005,0.0030320000369101763,0.0031900000758469105,15183281
2019-11-30T00:00:00.000000Z,0.0031880000606179237,0.0032430000137537718,0.003097000066190958,0.0031210000161081553,3431566
2019-12-01T00:00:00.000000Z,0.0031210000161081553,0.0031290000770241022,0.0030139998998492956,0.0030950000509619713,3094111
2019-12-02T00:00:00.000000Z,0.003097000066190958,0.0031109999399632215,0.0029649999924004078,0.0030050000641494989,3006296
2019-12-03T00:00:00.000000Z,0.0030050000641494989,0.0031079999171197414,0.0029899999499320984,0.003060000017285347,2289365
2019-12-04T00:00:00.000000Z,0.003060000017285347,0.003166999900713563,0.0030159999150782824,0.0030670000705868006,10980758
2019-12-05T00:00:00.000000Z,0.0030640000477433205,0.0031640001107007265,0.0030489999335259199,0.0031419999431818724,15093324
2019-12-06T00:00:00.000000Z,0.0031419999431818724,0.0032180000562220812,0.0031200000084936619,0.0032180000562220812,19156741
2019-12-07T00:00:00.000000Z,0.0032200000714510679,0.0032510000746697187,0.0031989999115467072,0.0032289999071508646,18964917
2019-12-08T00:00:00.000000Z,0.003229999914765358,0.0032599999103695154,0.0031950001139193773,0.0032279998995363712,19146848
2019-12-09T00:00:00.000000Z,0.0032259998843073845,0.0032399999909102917,0.0031059999018907547,0.0031190000008791685,18657629
2019-12-10T00:00:00.000000Z,0.0031200000084936619,0.0031250000465661287,0.0030380000825971365,0.0030429998878389597,16922912
2019-12-11T00:00:00.000000Z,0.00304200011305511,0.0030650000553578138,0.0030090000946074724,0.0030139998998492956,3497970
2019-12-12T00:00:00.000000Z,0.003014999907463789,0.0030489999335259199,0.0029919999651610851,0.0030350000597536564,3976376
2019-12-13T00:00:00.000000Z,0.0030350000597536564,0.00304200011305511,0.0030010000336915255,0.0030259999912232161,3288811
2019-12-14T00:00:00.000000Z,0.0030269999988377094,0.0030449999030679464,0.0029839999042451382,0.0029869999270886183,3254368
2019-12-15T00:00:00.000000Z,0.0029849999118596315,0.003008000086992979,0.0028500000480562449,0.0029810001142323017,3490374
2019-12-16T00:00:00.000000Z,0.0029800001066178083,0.002997000003233552,0.002882000058889389,0.0029009999707341194,3714708
2019-12-17T00:00:00.000000Z,0.0029009999707341194,0.0029190001077950001,0.0027550000231713057,0.0027830000035464764,14094263
2019-12-18T00:00:00.000000Z,0.0027830000035464764,0.0031020001042634249,0.0027729999274015427,0.0030789999291300774,25600109
2019-12-19T00:00:00.000000Z,0.0030789999291300774,0.0031220000237226486,0.0029639999847859144,0.0030400000978261232,25361820
2019-12-20T00:00:00.000000Z,0.0030400000978261232,0.0030590000096708536,0.0030119998846203089,0.0030499999411404133,24799377
2019-12-21T00:00:00.000000Z,0.0030499999411404133,0.0030519999563694,0.002979000099003315,0.0030129998922348022,15546264
2019-12-22T00:00:00.000000Z,0.0030129998922348022,0.0031389999203383923,0.0030030000489205122,0.0031300000846385956,3139847
2019-12-23T00:00:00.000000Z,0.003131000092253089,0.0032140000257641077,0.0031119999475777149,0.003114999970421195,4149888
2019-12-24T00:00:00.000000Z,0.003114999970421195,0.0032130000181496143,0.0030739998910576105,0.0030819999519735575,3534495
2019-12-25T00:00:00.000000Z,0.0030809999443590641,0.0030869999900460243,0.0030300000216811895,0.0030630000401288271,3321697
2019-12-26T00:00:00.000000Z,0.0030630000401288271,0.0031000000890344381,0.0030239999759942293,0.003034000052139163,24770582
2019-12-27T00:00:00.000000Z,0.0030350000597536564,0.0031169999856501818,0.0030159999150782824,0.0030789999291300774,25931833
2019-12-28T00:00:00.000000Z,0.0030789999291300774,0.003131000092253089,0.003060000017285347,0.0031030001118779182,25894583
2019-12-29T00:00:00.000000Z,0.0031030001118779182,0.0032629999332129955,0.0030950000509619713,0.0032130000181496143,28789833
2019-12-30T00:00:00.000000Z,0.0032130000181496143,0.0032530000898987055,0.0031649998854845762,0.0031830000225454569,3854052
2019-12-31T00:00:00.000000Z,0.0031870000530034304,0.0032099999953061342,0.003114999970421195,0.0031250000465661287,3507196
2020-01-01T00:00:00.000000Z,0.0031250000465661287,0.0031979999039322138,0.0031200000084936619,0.0031530000269412994,2988801
2020-01-02T00:00:00.000000Z,0.0031540000345557928,0.0031719999387860298,0.0030429998878389597,0.0030710001010447741,3548178
2020-01-03T00:00:00.000000Z,0.0030700000934302807,0.0032389999832957983,0.003034000052139163,0.0032150000333786011,11509404
2020-01-04T00:00:00.000000Z,0.0032150000333786011,0.003240999998524785,0.0031810000073164701,0.0032059999648481607,15184609
2020-01-05T00:00:00.000000Z,0.003203999949619174,0.0032560001127421856,0.0031030001118779182,0.0031260000541806221,19056351
2020-01-06T00:00:00.000000Z,0.0031260000541806221,0.0032579998951405287,0.0031109999399632215,0.0032530000898987055,18247875
2020-01-07T00:00:00.000000Z,0.0032530000898987055,0.0034209999721497297,0.0032520000822842121,0.0034149999264627695,21190905
2020-01-08T00:00:00.000000Z,0.0034159999340772629,0.0035290000960230827,0.0033450000919401646,0.0033970000222325325,21482276
2020-01-09T00:00:00.000000Z,0.0033909999765455723,0.0033990000374615192,0.0032909999135881662,0.0033090000506490469,18440420
2020-01-10T00:00:00.000000Z,0.0033110000658780336,0.003444999922066927,0.0032560001127421856,0.003444999922066927,4121972
2020-01-11T00:00:00.000000Z,0.0034469999372959137,0.0034719998948276043,0.0033799998927861452,0.0033980000298470259,3662117
2020-01-12T00:00:00.000000Z,0.0033980000298470259,0.0035029998980462551,0.0033909999765455723,0.0034549999982118607,3736123
2020-01-13T00:00:00.000000Z,0.0034630000591278076,0.0034809999633580446,0.0034119999036192894,0.0034650000743567944,3436765
2020-01-14T00:00:00.000000Z,0.0034650000743567944,0.0037990000564604998,0.0034600000362843275,0.0037809999193996191,4249622
2020-01-15T00:00:00.000000Z,0.0037579999770969152,0.0038540000095963478,0.003708000062033534,0.0037869999650865793,3899215
2020-01-16T00:00:00.000000Z,0.0037869999650865793,0.0038209999911487103,0.0036979999858886003,0.0037710000760853291,17674104
2020-01-17T00:00:00.000000Z,0.0037710000760853291,0.0038910000585019588,0.0037350000347942114,0.0038759999442845583,31779296
2020-01-18T00:00:00.000000Z,0.0038749999366700649,0.0038999998942017555,0.0037899999879300594,0.0038399999029934406,34971510
2020-01-19T00:00:00.000000Z,0.0038399999029934406,0.0039559998549520969,0.0037030000239610672,0.0037370000500231981,27505168
2020-01-20T00:00:00.000000Z,0.0037370000500231981,0.0037499999161809683,0.003671000013127923,0.0037179999053478241,19502779
2020-01-21T00:00:00.000000Z,0.0037159998901188374,0.0037539999466389418,0.0036639999598264694,0.0037479999009519815,30585147
2020-01-22T00:00:00.000000Z,0.003759999992325902,0.0037960000336170197,0.0037289999891072512,0.0037499999161809683,28813220
2020-01-23T00:00:00.000000Z,0.0037489999085664749,0.0037579999770969152,0.0036039999686181545,0.0036239998880773783,29858431
2020-01-24T00:00:00.000000Z,0.0036279999185353518,0.0037000000011175871,0.0035590000916272402,0.0036740000359714031,32996700
2020-01-25T00:00:00.000000Z,0.0036730000283569098,0.0036730000283569098,0.003599999938160181,0.0036390000022947788,4112491
2020-01-26T00:00:00.000000Z,0.0036379999946802855,0.0037479999009519815,0.0036140000447630882,0.0037320000119507313,3506535
2020-01-27T00:00:00.000000Z,0.0037370000500231981,0.0039059999398887157,0.0037330000195652246,0.0038580000400543213,4679020
2020-01-28T00:00:00.000000Z,0.0038590000476688147,0.0039369999431073666,0.0037760001141577959,0.0039320001378655434,4765556
2020-01-29T00:00:00.000000Z,0.0039340001530945301,0.0039579998701810837,0.0038870000280439854,0.0039090001955628395,4923793
2020-01-30T00:00:00.000000Z,0.0039070001803338528,0.0040480000898241997,0.0038739999290555716,0.0040119998157024384,4530874
2020-01-31T00:00:00.000000Z,0.0040139998309314251,0.0040190001018345356,0.0038880000356584787,0.0039320001378655434,4513801
2020-02-01T00:00:00.000000Z,0.0039329999126493931,0.003994000144302845,0.0039280001074075699,0.0039840000681579113,4283503
2020-02-02T00:00:00.000000Z,0.0039820000529289246,0.004031000193208456,0.0039160000160336494,0.0039840000681579113,11172621
2020-02-03T00:00:00.000000Z,0.0039840000681579113,0.0040580001659691334,0.0039070001803338528,0.0039249998517334461,21604643
2020-02-04T00:00:00.000000Z,0.0039240000769495964,0.0039499998092651367,0.0037990000564604998,0.0038620000705122948,23345649
2020-02-05T00:00:00.000000Z,0.0038610000628978014,0.0040670000016689301,0.003823000006377697,0.0040330002084374428,23782539
2020-02-06T00:00:00.000000Z,0.0040330002084374428,0.004083000123500824,0.0039550000801682472,0.0040580001659691334,24544062
2020-02-07T00:00:00.000000Z,0.0040560001507401466,0.0041009997949004173,0.0040480000898241997,0.0040980000048875809,24667732
2020-02-08T00:00:00.000000Z,0.0041000000201165676,0.0041089998558163643,0.0040219998918473721,0.0041009997949004173,21652462
2020-02-09T00:00:00.000000Z,0.0041000000201165676,0.0042380001395940781,0.0040980000048875809,0.0042300000786781311,3363508
2020-02-10T00:00:00.000000Z,0.0042289998382329941,0.0042480002157390118,0.0041040000505745411,0.0041950000450015068,4235354
2020-02-11T00:00:00.000000Z,0.0041970000602304935,0.0042929998598992825,0.0040730000473558903,0.004280999768525362,3739099
2020-02-12T00:00:00.000000Z,0.004282000008970499,0.0043660001829266548,0.0042630000971257687,0.0043379999697208405,4035882
2020-02-13T00:00:00.000000Z,0.0043379999697208405,0.0043910001404583454,0.0042360001243650913,0.0043000001460313797,3077586
2020-02-14T00:00:00.000000Z,0.0042929998598992825,0.0043319999240338802,0.004246000200510025,0.0043319999240338802,4070647
2020-02-15T00:00:00.000000Z,0.0043319999240338802,0.0043410002253949642,0.0041080000810325146,0.0041269999928772449,18750834
2020-02-16T00:00:00.000000Z,0.0041269999928772449,0.0041570002213120461,0.0039189998060464859,0.0041339998133480549,34434172
2020-02-17T00:00:00.000000Z,0.0041319997981190681,0.0041519999504089355,0.0039690001867711544,0.0041299997828900814,34087315
2020-02-18T00:00:00.000000Z,0.0041269999928772449,0.0043239998631179333,0.0040989997796714306,0.0043170000426471233,34712242
2020-02-19T00:00:00.000000Z,0.0043139997869729996,0.0043810000643134117,0.0040790000930428505,0.0041229999624192715,21090597
2020-02-20T00:00:00.000000Z,0.0041220001876354218,0.0041390000842511654,0.0040319999679923058,0.0041249999776482582,31671441
2020-02-21T00:00:00.000000Z,0.0041249999776482582,0.0041249999776482582,0.0040250001475214958,0.0040449998341500759,31634963
2020-02-22T00:00:00.000000Z,0.0040449998341500759,0.0040660002268850803,0.0040059997700154781,0.004029999952763319,32687272
2020-02-23T00:00:00.000000Z,0.004029999952763319,0.0041700000874698162,0.0040270001627504826,0.0041669998317956924,38268795
2020-02-24T00:00:00.000000Z,0.0041720001026988029,0.0041800001636147499,0.0040029999800026417,0.0040429998189210892,3816798
2020-02-25T00:00:00.000000Z,0.0040429998189210892,0.0040529998950660229,0.0038870000280439854,0.0039610001258552074,4229693
2020-02-26T00:00:00.000000Z,0.0039619999006390572,0.0039619999006390572,0.0035979999229311943,0.0036470000632107258,2929094
2020-02-27T00:00:00.000000Z,0.0036510000936686993,0.0036800000816583633,0.0035439999774098396,0.0036059999838471413,3626050
2020-02-28T00:00:00.000000Z,0.003607999999076128,0.0036609999369829893,0.0034610000438988209,0.0035749999806284904,3048546
2020-02-29T00:00:00.000000Z,0.003570999950170517,0.003633999964222312,0.0035119999665766954,0.0035290000960230827,2783377
2020-03-01T00:00:00.000000Z,0.0035290000960230827,0.003544999985024333,0.003355999942868948,0.0034169999416917562,2829241
2020-03-02T00:00:00.000000Z,0.0034199999645352364,0.0035580000840127468,0.0033950000070035458,0.0035329998936504126,3991913
2020-03-03T00:00:00.000000Z,0.0035300001036375761,0.0036069999914616346,0.0034759999252855778,0.0035029998980462551,9892025
2020-03-04T00:00:00.000000Z,0.0035029998980462551,0.0035240000579506159,0.0034280000254511833,0.0034509999677538872,20183895
2020-03-05T00:00:00.000000Z,0.0034509999677538872,0.0036009999457746744,0.0034509999677538872,0.0035560000687837601,22835966
2020-03-06T00:00:00.000000Z,0.0035560000687837601,0.0036090000066906214,0.0035339999012649059,0.0035639998968690634,22081739
2020-03-07T00:00:00.000000Z,0.0035719999577850103,0.0035790000110864639,0.0034519999753683805,0.0034600000362843275,23352830
2020-03-08T00:00:00.000000Z,0.0034600000362843275,0.0034600000362843275,0.0029939999803900719,0.0030269999988377094,17462946
2020-03-09T00:00:00.000000Z,0.0030239999759942293,0.0030549999792128801,0.0028599998913705349,0.0029959999956190586,17360004
2020-03-10T00:00:00.000000Z,0.0029980000108480453,0.0031049998942762613,0.0029579999390989542,0.003008000086992979,3700740
2020-03-11T00:00:00.000000Z,0.0030070000793784857,0.0030259999912232161,0.0028260000981390476,0.0029819998890161514,3311607
2020-03-12T00:00:00.000000Z,0.0029810001142323017,0.0029829998966306448,0.0017310000257566571,0.0017709999810904264,1535633
2020-03-13T00:00:00.000000Z,0.0017109999898821115,0.00203699991106987,0.0013269999762997031,0.0019610000308603048,303141
2020-03-14T00:00:00.000000Z,0.0019630000460892916,0.0019849999807775021,0.0017849999712780118,0.0017960000550374389,50147
2020-03-15T00:00:00.000000Z,0.0017960000550374389,0.002001000102609396,0.0017950000474229455,0.0019020000472664833,63410
2020-03-16T00:00:00.000000Z,0.0019030000548809767,0.0019030000548809767,0.0016049999976530671,0.0017199999419972301,8411009
2020-03-17T00:00:00.000000Z,0.0017209999496117234,0.0018309999722987413,0.0016870000399649143,0.0017950000474229455,17756013
2020-03-18T00:00:00.000000Z,0.0017879999941214919,0.001829999964684248,0.0017620000289753079,0.0017930000321939588,20331545
2020-03-19T00:00:00.000000Z,0.0017930000321939588,0.0022090000566095114,0.0017930000321939588,0.0021269998978823423,18553781
2020-03-20T00:00:00.000000Z,0.0021269998978823423,0.0022430000826716423,0.0018909999635070562,0.0020280000753700733,12329458
2020-03-21T00:00:00.000000Z,0.0020310000982135534,0.0021389999892562628,0.0019970000721514225,0.0020880000665783882,20466017
2020-03-22T00:00:00.000000Z,0.0020910000894218683,0.0021410000044852495,0.0019630000460892916,0.001973999897018075,19780687
2020-03-23T00:00:00.000000Z,0.001973999897018075,0.0021150000393390656,0.0019290000200271606,0.0020910000894218683,20847484
2020-03-24T00:00:00.000000Z,0.0020910000894218683,0.0022299999836832285,0.0020789999980479479,0.0022189998999238014,24628621
2020-03-25T00:00:00.000000Z,0.0022189998999238014,0.0022189998999238014,0.0021379999816417694,0.002188999904319644,1466184
2020-03-26T00:00:00.000000Z,0.002188999904319644,0.002216000109910965,0.00216299993917346,0.0021959999576210976,1866623
2020-03-27T00:00:00.000000Z,0.0021959999576210976,0.002216000109910965,0.0021299999207258224,0.0021309999283403158,1927976
2020-03-28T00:00:00.000000Z,0.0021279999054968357,0.0021500000730156898,0.0020379999186843634,0.0021319999359548092,1360141
2020-03-29T00:00:00.000000Z,0.0021319999359548092,0.0021430000197142363,0.0020439999643713236,0.0020479999948292971,1429473
2020-03-30T00:00:00.000000Z,0.0020469999872148037,0.0022140000946819782,0.0020349998958408833,0.0022030000109225512,1729468
2020-03-31T00:00:00.000000Z,0.0021979999728500843,0.0022040000185370445,0.00215300009585917,0.0021780000533908606,1826435
2020-04-01T00:00:00.000000Z,0.0021780000533908606,0.0021949999500066042,0.0021039999555796385,0.0021949999500066042,5153070
2020-04-02T00:00:00.000000Z,0.0021949999500066042,0.0023539999965578318,0.0021730000153183937,0.0022360000293701887,4679307
2020-04-03T00:00:00.000000Z,0.0022370000369846821,0.0022529999259859324,0.0021800000686198473,0.0021919999271631241,13407221
2020-04-04T00:00:00.000000Z,0.0021919999271631241,0.002234000014141202,0.0021689999848604202,0.0022209999151527882,16683375
2020-04-05T00:00:00.000000Z,0.0022219999227672815,0.0022269999608397484,0.0021830000914633274,0.0022130000870674849,17324845
2020-04-06T00:00:00.000000Z,0.0022130000870674849,0.0024480000138282776,0.0022100000642240047,0.0024429999757558107,17598029
2020-04-07T00:00:00.000000Z,0.002449000021442771,0.0025009999517351389,0.0023209999781101942,0.0023489999584853649,15098528
2020-04-08T00:00:00.000000Z,0.0023509999737143517,0.0024500000290572643,0.0023129999171942472,0.0024459999985992908,15420306
2020-04-09T00:00:00.000000Z,0.0024459999985992908,0.0024500000290572643,0.0023799999617040157,0.002423000056296587,2373255
2020-04-10T00:00:00.000000Z,0.0024240000639110804,0.0024240000639110804,0.0021850001066923141,0.002216000109910965,2098189
2020-04-11T00:00:00.000000Z,0.002216000109910965,0.0022479998879134655,0.0021770000457763672,0.0022120000794529915,1857616
2020-04-12T00:00:00.000000Z,0.0022120000794529915,0.0023000000510364771,0.0022040000185370445,0.0022599999792873859,2142219
2020-04-13T00:00:00.000000Z,0.0022650000173598528,0.0022650000173598528,0.0021460000425577164,0.0022289999760687351,2744127
2020-04-14T00:00:00.000000Z,0.0022289999760687351,0.0022430000826716423,0.0021869998890906572,0.0022009999956935644,4123719
2020-04-15T00:00:00.000000Z,0.002199999988079071,0.0022279999684542418,0.0021810000762343407,0.0021909999195486307,12602106
2020-04-16T00:00:00.000000Z,0.0021899999119341373,0.0023759999312460423,0.00215300009585917,0.0023670000955462456,21817297
2020-04-17T00:00:00.000000Z,0.0023670000955462456,0.0023870000150054693,0.0023209999781101942,0.0023729999084025621,25591810
2020-04-18T00:00:00.000000Z,0.0023729999084025621,0.002495999913662672,0.0023719999007880688,0.0024890000931918621,23961457
2020-04-19T00:00:00.000000Z,0.0024910001084208488,0.0024949999060481787,0.0023849999997764826,0.0023960000835359097,15814735
2020-04-20T00:00:00.000000Z,0.0023960000835359097,0.0024470000062137842,0.0022960000205785036,0.0023580000270158052,25965603
2020-04-21T00:00:00.000000Z,0.0023580000270158052,0.0023719999007880688,0.0023179999552667141,0.0023199999704957008,23564978
2020-04-22T00:00:00.000000Z,0.0023199999704957008,0.0024109999649226665,0.0023159999400377274,0.0023610000498592854,22924763
2020-04-23T00:00:00.000000Z,0.0023610000498592854,0.0024459999985992908,0.0023350000847131014,0.0023890000302344561,25607104
2020-04-24T00:00:00.000000Z,0.0023910000454634428,0.0024369999300688505,0.0023890000302344561,0.0024049999192357063,2377817
2020-04-25T00:00:00.000000Z,0.0024049999192357063,0.0024109999649226665,0.0023050000891089439,0.0023070001043379307,2494799
2020-04-26T00:00:00.000000Z,0.0023060000967234373,0.0023590000346302986,0.0022700000554323196,0.0023270000237971544,1618223
2020-04-27T00:00:00.000000Z,0.0023270000237971544,0.0023459999356418848,0.0022640000097453594,0.0022809999063611031,2247607
2020-04-28T00:00:00.000000Z,0.0022909999825060368,0.0023089998867362738,0.0022420000750571489,0.0023089998867362738,2030507
2020-04-29T00:00:00.000000Z,0.0023099998943507671,0.0024840000551193953,0.0022909999825060368,0.0024290001019835472,2450069
2020-04-30T00:00:00.000000Z,0.0024270000867545605,0.0024969999212771654,0.0023799999617040157,0.0023829999845474958,2304139
2020-05-01T00:00:00.000000Z,0.0023829999845474958,0.0024240000639110804,0.002360000042244792,0.0024139999877661467,2487650
2020-05-02T00:00:00.000000Z,0.0024160000029951334,0.002432999899610877,0.002397000091150403,0.002423000056296587,11619574
2020-05-03T00:00:00.000000Z,0.0024240000639110804,0.0024540000595152378,0.0023260000161826611,0.0023330000694841146,15493545
2020-05-04T00:00:00.000000Z,0.0023360000923275948,0.0024019998963922262,0.0022539999336004257,0.0023499999660998583,23166753
2020-05-05T00:00:00.000000Z,0.0023499999660998583,0.002377999946475029,0.0022960000205785036,0.0023429999127984047,19752388
2020-05-06T00:00:00.000000Z,0.002340999897569418,0.0023849999997764826,0.0022869999520480633,0.0022869999520480633,18002514
2020-05-07T00:00:00.000000Z,0.0022869999520480633,0.0023550000041723251,0.0022169998846948147,0.002245000097900629,23403944
2020-05-08T00:00:00.000000Z,0.0022440000902861357,0.0025720000267028809,0.0021909999195486307,0.0025110000278800726,18860322
2020-05-09T00:00:00.000000Z,0.0025140000507235527,0.0025369999930262566,0.0024920001160353422,0.0025180000811815262,1852961
2020-05-10T00:00:00.000000Z,0.0025180000811815262,0.0025220001116394997,0.002208000048995018,0.0022660000249743462,1604255
2020-05-11T00:00:00.000000Z,0.0022670000325888395,0.0023010000586509705,0.0021959999576210976,0.0022579999640583992,1702179
2020-05-12T00:00:00.000000Z,0.0022569999564439058,0.0022909999825060368,0.0022539999336004257,0.0022829999215900898,1928549
2020-05-13T00:00:00.000000Z,0.0022829999215900898,0.0024339999072253704,0.0022770001087337732,0.0024200000334531069,2186351
2020-05-14T00:00:00.000000Z,0.0024200000334531069,0.0025309999473392963,0.0023940000683069229,0.0025180000811815262,1685973
2020-05-15T00:00:00.000000Z,0.0025180000811815262,0.0025599999353289604,0.0024759999942034483,0.0025180000811815262,16932319
2020-05-16T00:00:00.000000Z,0.0025150000583380461,0.0025659999810159206,0.0024989999365061522,0.0025259999092668295,29965928
2020-05-17T00:00:00.000000Z,0.0025259999092668295,0.0025869999080896378,0.0025180000811815262,0.0025720000267028809,31712580
2020-05-18T00:00:00.000000Z,0.0025700000114738941,0.0026489999145269394,0.0025359999854117632,0.0025770000647753477,31946367
2020-05-19T00:00:00.000000Z,0.0025760000571608543,0.0026140001136809587,0.0025430000387132168,0.002612000098451972,20389475
2020-05-20T00:00:00.000000Z,0.0026130001060664654,0.0026499999221414328,0.0024939998984336853,0.0025279999244958162,34588946
2020-05-21T00:00:00.000000Z,0.0025279999244958162,0.0025289999321103096,0.0023729999084025621,0.0024139999877661467,28432586
2020-05-22T00:00:00.000000Z,0.0024119999725371599,0.0024379999376833439,0.0023849999997764826,0.0024210000410676003,28556672
2020-05-23T00:00:00.000000Z,0.0024180000182241201,0.0024349999148398638,0.0023940000683069229,0.0024170000106096268,33299443
2020-05-24T00:00:00.000000Z,0.0024160000029951334,0.0024210000410676003,0.002377999946475029,0.0023809999693185091,2296634
2020-05-25T00:00:00.000000Z,0.0023809999693185091,0.0024170000106096268,0.0023650000803172588,0.0024079999420791864,2562580
2020-05-26T00:00:00.000000Z,0.0024079999420791864,0.0024139999877661467,0.002369999885559082,0.0023839999921619892,2891251
2020-05-27T00:00:00.000000Z,0.0023839999921619892,0.0024290001019835472,0.0023690001107752323,0.0024290001019835472,2286602
2020-05-28T00:00:00.000000Z,0.0024290001019835472,0.002449000021442771,0.0023709998931735754,0.002449000021442771,2904437
2020-05-29T00:00:00.000000Z,0.002449000021442771,0.0024810000322759151,0.0024129999801516533,0.0024389999452978373,2354742
2020-05-30T00:00:00.000000Z,0.0024399999529123306,0.0025949999690055847,0.0024210000410676003,0.0025939999613910913,2170690
2020-05-31T00:00:00.000000Z,0.0025939999613910913,0.0025979999918490648,0.002495999913662672,0.0024969999212771654,1636358
2020-06-01T00:00:00.000000Z,0.0024969999212771654,0.0025979999918490648,0.0024939998984336853,0.0025979999918490648,2425147
2020-06-02T00:00:00.000000Z,0.0025959999766200781,0.0026420000940561295,0.0024870000779628754,0.0024900001008063555,1780292
2020-06-03T00:00:00.000000Z,0.0024900001008063555,0.0025530001148581505,0.0024900001008063555,0.0025450000539422035,685145
2020-06-04T00:00:00.000000Z,0.0025450000539422035,0.0025720000267028809,0.0025319999549537897,0.0025629999581724405,2725900
2020-06-05T00:00:00.000000Z,0.0025629999581724405,0.0026430001016706228,0.0025450000539422035,0.0026130001060664654,2881285
2020-06-06T00:00:00.000000Z,0.0026130001060664654,0.0026169999036937952,0.0025679999962449074,0.0025760000571608543,2619058
2020-06-07T00:00:00.000000Z,0.0025760000571608543,0.0026430001016706228,0.0025530001148581505,0.0025859999004751444,2240380
2020-06-08T00:00:00.000000Z,0.002584999892860651,0.0026169999036937952,0.0025740000419318676,0.0026020000223070383,2896062
2020-06-09T00:00:00.000000Z,0.0026070000603795052,0.0026209999341517687,0.0025339999701827765,0.0025599999353289604,1997156
2020-06-10T00:00:00.000000Z,0.0025609999429434538,0.0026130001060664654,0.0025400000158697367,0.0026100000832229853,3205467
2020-06-11T00:00:00.000000Z,0.0026100000832229853,0.0026179999113082886,0.0024019998963922262,0.0024240000639110804,2316030
2020-06-12T00:00:00.000000Z,0.0024250000715255737,0.0024989999365061522,0.0021939999423921108,0.0022239999379962683,2684228
2020-06-13T00:00:00.000000Z,0.0022249999456107616,0.0022370000369846821,0.0021289999131113291,0.0022070000413805246,1549082
2020-06-14T00:00:00.000000Z,0.0022070000413805246,0.0022209999151527882,0.0018570000538602471,0.0021240001078695059,2100723
2020-06-15T00:00:00.000000Z,0.0021240001078695059,0.0021359999664127827,0.0019519999623298645,0.0020550000481307507,3001891
2020-06-16T00:00:00.000000Z,0.0020550000481307507,0.0021349999587982893,0.0020550000481307507,0.002056000055745244,1166708
2020-06-17T00:00:00.000000Z,0.0020590000785887241,0.0020719999447464943,0.0019910000264644623,0.0020270000677555799,1372099
2020-06-18T00:00:00.000000Z,0.0020270000677555799,0.0020729999523609877,0.0019890000112354755,0.0020419999491423368,1791338
2020-06-19T00:00:00.000000Z,0.0020419999491423368,0.0020419999491423368,0.0019130000146105886,0.0019900000188499689,2103623
2020-06-20T00:00:00.000000Z,0.0019900000188499689,0.0020029998850077391,0.0019219999667257071,0.0019450000254437327,1960856
2020-06-21T00:00:00.000000Z,0.0019450000254437327,0.0019529999699443579,0.0016499999910593033,0.0018970000091940165,932648
2020-06-22T00:00:00.000000Z,0.0018960000015795231,0.0019690000917762518,0.0016169999726116657,0.0019620000384747982,2352891
2020-06-23T00:00:00.000000Z,0.0019610000308603048,0.0019890000112354755,0.0018990000244230032,0.0019130000146105886,2096855
2020-06-24T00:00:00.000000Z,0.0019130000146105886,0.0019290000200271606,0.0018479999853298068,0.0018570000538602471,2137937
2020-06-25T00:00:00.000000Z,0.0018560000462457538,0.0018830000190064311,0.0018459999701008201,0.0018700000364333391,1908692
2020-06-26T00:00:00.000000Z,0.0018700000364333391,0.0019140000222250819,0.0018479999853298068,0.0019010000396519899,1301628
2020-06-27T00:00:00.000000Z,0.0019010000396519899,0.0019180000526830554,0.0018260000506415963,0.0018619999755173922,912389
2020-06-28T00:00:00.000000Z,0.0018619999755173922,0.0019229999743402004,0.0018469999777153134,0.0019099999917671084,863863
2020-06-29T00:00:00.000000Z,0.0019099999917671084,0.0020280000753700733,0.0019030000548809767,0.002019000006839633,2036381
2020-06-30T00:00:00.000000Z,0.0020169999916106462,0.0020320001058280468,0.0019910000264644623,0.002019000006839633,1905666
2020-07-01T00:00:00.000000Z,0.002019000006839633,0.0020469999872148037,0.0019970000721514225,0.0020290000829845667,1558748
2020-07-02T00:00:00.000000Z,0.0020280000753700733,0.0020580000709742308,0.0019970000721514225,0.002044999971985817,1857893
2020-07-03T00:00:00.000000Z,0.0020439999643713236,0.0020620001014322042,0.002010999945923686,0.00203699991106987,1232104
2020-07-04T00:00:00.000000Z,0.0020359999034553766,0.002090000081807375,0.0020210000220686197,0.0020769999828189611,824847
2020-07-05T00:00:00.000000Z,0.0020769999828189611,0.0020959998946636915,0.0020049999002367258,0.0020179999992251396,1616582
2020-07-06T00:00:00.000000Z,0.0020179999992251396,0.0020890000741928816,0.0020159999839961529,0.0020810000132769346,2221411
2020-07-07T00:00:00.000000Z,0.0020800000056624413,0.0020870000589638948,0.0020099999383091927,0.0020200000144541264,2614316
2020-07-08T00:00:00.000000Z,0.002019000006839633,0.0021730000153183937,0.0019940000493079424,0.0021470000501722097,2438782
2020-07-09T00:00:00.000000Z,0.0021470000501722097,0.0021919999271631241,0.0020630001090466976,0.0021339999511837959,2006654
2020-07-10T00:00:00.000000Z,0.0021329999435693026,0.0021389999892562628,0.0020890000741928816,0.0021389999892562628,2492532
2020-07-11T00:00:00.000000Z,0.0021389999892562628,0.0021520000882446766,0.0020649998914450407,0.0021430000197142363,1957103
2020-07-12T00:00:00.000000Z,0.0021420000120997429,0.0022360000293701887,0.0021410000044852495,0.0022350000217556953,2199014
2020-07-13T00:00:00.000000Z,0.0022350000217556953,0.0022410000674426556,0.0021420000120997429,0.0021699999924749136,2326819
2020-07-14T00:00:00.000000Z,0.0021699999924749136,0.0021770000457763672,0.0020280000753700733,0.0021410000044852495,2511912
2020-07-15T00:00:00.000000Z,0.0021420000120997429,0.0022199999075382948,0.0021349999587982893,0.0022040000185370445,2603373
2020-07-16T00:00:00.000000Z,0.0022050000261515379,0.0022599999792873859,0.0021989999804645777,0.0022289999760687351,2472713
2020-07-17T00:00:00.000000Z,0.0022299999836832285,0.0022929999977350235,0.0022229999303817749,0.0022720000706613064,2245653
2020-07-18T00:00:00.000000Z,0.0022720000706613064,0.0023159999400377274,0.0022470001131296158,0.0023050000891089439,1609735
2020-07-19T00:00:00.000000Z,0.0023040000814944506,0.0023590000346302986,0.0022859999444335699,0.0023570000194013119,2048292
2020-07-20T00:00:00.000000Z,0.0023570000194013119,0.0023660000879317522,0.0022780001163482666,0.0022879999596625566,2716868
2020-07-21T00:00:00.000000Z,0.0022879999596625566,0.002314999932423234,0.0022700000554323196,0.0022899999748915434,2788349
2020-07-22T00:00:00.000000Z,0.0022909999825060368,0.0023209999781101942,0.0022299999836832285,0.0023179999552667141,2272474
2020-07-23T00:00:00.000000Z,0.0023179999552667141,0.0023449999280273914,0.0022330000065267086,0.002334000077098608,2929655
2020-07-24T00:00:00.000000Z,0.0023330000694841146,0.0023640000727027655,0.0022780001163482666,0.0023479999508708715,2597596
2020-07-25T00:00:00.000000Z,0.0023499999660998583,0.0024419999681413174,0.0022950000129640102,0.0024250000715255737,2833688
2020-07-26T00:00:00.000000Z,0.0024220000486820936,0.0025069999974220991,0.0023870000150054693,0.0024399999529123306,2432835
2020-07-27T00:00:00.000000Z,0.0024389999452978373,0.0026440001092851162,0.0024300001095980406,0.0025649999734014273,2813277
2020-07-28T00:00:00.000000Z,0.0025629999581724405,0.0026100000832229853,0.0024969999212771654,0.0025289999321103096,2585141
2020-07-29T00:00:00.000000Z,0.0025279999244958162,0.0025679999962449074,0.0024699999485164881,0.0024759999942034483,2671987
2020-07-30T00:00:00.000000Z,0.0024749999865889549,0.0025599999353289604,0.0024389999452978373,0.0025460000615566969,2753217
2020-07-31T00:00:00.000000Z,0.0025450000539422035,0.0026720000896602869,0.0025249999016523361,0.0026279999874532223,2501032
2020-08-01T00:00:00.000000Z,0.0026279999874532223,0.0026410000864416361,0.0025339999701827765,0.0025339999701827765,3697301
2020-08-02T00:00:00.000000Z,0.0025369999930262566,0.002655999967828393,0.00228899996727705,0.0023690001107752323,2351303
2020-08-03T00:00:00.000000Z,0.0023680001031607389,0.0025349999777972698,0.0023620000574737787,0.002503999974578619,2779974
2020-08-04T00:00:00.000000Z,0.002503999974578619,0.0025279999244958162,0.002423000056296587,0.002460000105202198,3062741
2020-08-05T00:00:00.000000Z,0.0024590000975877047,0.0025049999821931124,0.0024500000290572643,0.0024939998984336853,3279412
2020-08-06T00:00:00.000000Z,0.0024939998984336853,0.0025820001028478146,0.0024920001160353422,0.00254100002348423,2890983
2020-08-07T00:00:00.000000Z,0.00254100002348423,0.0026000000070780516,0.00080300000263378024,0.0017630000365898013,890445
2020-08-08T00:00:00.000000Z,0.0017630000365898013,0.0026249999646097422,0.0017610000213608146,0.002604000037536025,885608
2020-08-09T00:00:00.000000Z,0.0026070000603795052,0.002638000063598156,0.0024979999288916588,0.0025679999962449074,2324186
2020-08-10T00:00:00.000000Z,0.0025690000038594007,0.0026219999417662621,0.0024890000931918621,0.0025430000387132168,3174862
2020-08-11T00:00:00.000000Z,0.0025420000310987234,0.0025969999842345715,0.0024319998919963837,0.0024830000475049019,2646864
2020-08-12T00:00:00.000000Z,0.0024830000475049019,0.0025210001040250063,0.002397000091150403,0.0024890000931918621,3562659
2020-08-13T00:00:00.000000Z,0.0024880000855773687,0.0025720000267028809,0.0024049999192357063,0.0025450000539422035,3498642
2020-08-14T00:00:00.000000Z,0.0025470000691711903,0.0025979999918490648,0.0024510000366717577,0.0025059999898076057,3279170
2020-08-15T00:00:00.000000Z,0.0025090000126510859,0.0025939999613910913,0.0024820000398904085,0.0025309999473392963,3169088
2020-08-16T00:00:00.000000Z,0.0025319999549537897,0.0025679999962449074,0.0024979999288916588,0.0025480000767856836,2407252
2020-08-17T00:00:00.000000Z,0.0025480000767856836,0.0026070000603795052,0.0024949999060481787,0.0026020000223070383,3501857
2020-08-18T00:00:00.000000Z,0.0026050000451505184,0.0026149998884648085,0.0024659999180585146,0.0025210001040250063,3650963
2020-08-19T00:00:00.000000Z,0.0025210001040250063,0.0025420000310987234,0.0023880000226199627,0.0024709999561309814,3329773
2020-08-20T00:00:00.000000Z,0.0024699999485164881,0.0024900001008063555,0.0023829999845474958,0.002403999911621213,2985022
2020-08-21T00:00:00.000000Z,0.0024029999040067196,0.0025530001148581505,0.0023829999845474958,0.0024500000290572643,2620143
2020-08-22T00:00:00.000000Z,0.0024480000138282776,0.0024530000519007444,0.0023449999280273914,0.0024079999420791864,2918168
2020-08-23T00:00:00.000000Z,0.0024079999420791864,0.0024419999681413174,0.0023360000923275948,0.0023690001107752323,2772783
2020-08-24T00:00:00.000000Z,0.0023690001107752323,0.0025359999854117632,0.0023449999280273914,0.0025220001116394997,2914416
2020-08-25T00:00:00.000000Z,0.0025239998940378428,0.0025539998896420002,0.0024260000791400671,0.0024530000519007444,3037442
2020-08-26T00:00:00.000000Z,0.0024540000595152378,0.0025170000735670328,0.0024009998887777328,0.0024999999441206455,3152965
2020-08-27T00:00:00.000000Z,0.0024989999365061522,0.002604000037536025,0.0023610000498592854,0.0024339999072253704,2622611
2020-08-28T00:00:00.000000Z,0.002423000056296587,0.0024470000062137842,0.0023040000814944506,0.0023610000498592854,2537537
2020-08-29T00:00:00.000000Z,0.0023620000574737787,0.002369999885559082,0.0022869999520480633,0.0023499999660998583,2807555
2020-08-30T00:00:00.000000Z,0.0023499999660998583,0.002460000105202198,0.0021869998890906572,0.0024059999268501997,3221023
2020-08-31T00:00:00.000000Z,0.0024119999725371599,0.0025269999168813229,0.0023429999127984047,0.0024029999040067196,3194669
2020-09-01T00:00:00.000000Z,0.0024029999040067196,0.0024989999365061522,0.0022940000053495169,0.0024929998908191919,3641441
2020-09-02T00:00:00.000000Z,0.0024900001008063555,0.0024900001008063555,0.0022780001163482666,0.0023020000662654638,3086140
2020-09-03T00:00:00.000000Z,0.0023020000662654638,0.0023179999552667141,0.0021089999936521053,0.002119000069797039,2852974
2020-09-04T00:00:00.000000Z,0.0021150000393390656,0.0023139999248087406,0.0020630001090466976,0.0021349999587982893,2661376
2020-09-05T00:00:00.000000Z,0.0021349999587982893,0.0022130000870674849,0.0020099999383091927,0.0021279999054968357,2708546
2020-09-06T00:00:00.000000Z,0.0021279999054968357,0.0022060000337660313,0.0020379999186843634,0.0021869998890906572,2116636
2020-09-07T00:00:00.000000Z,0.0021879998967051506,0.0022549999412149191,0.0021069999784231186,0.0022140000946819782,2996911
2020-09-08T00:00:00.000000Z,0.0022140000946819782,0.0022199999075382948,0.0020940001122653484,0.0021349999587982893,2948787
2020-09-09T00:00:00.000000Z,0.0021359999664127827,0.0022760001011192799,0.0020959998946636915,0.002225999953225255,2586056
2020-09-10T00:00:00.000000Z,0.0022279999684542418,0.0022919999901205301,0.0022120000794529915,0.0022559999488294125,2900865
2020-09-11T00:00:00.000000Z,0.0022559999488294125,0.0023270000237971544,0.0022060000337660313,0.0022619999945163727,2083866
2020-09-12T00:00:00.000000Z,0.0022589999716728926,0.0023119999095797539,0.0022460001055151224,0.0022789998911321163,2639032
2020-09-13T00:00:00.000000Z,0.0022799998987466097,0.0023439999204128981,0.0022479998879134655,0.0022730000782757998,2462161
2020-09-14T00:00:00.000000Z,0.0022579999640583992,0.0022839999292045832,0.0021790000610053539,0.0022559999488294125,2956890
2020-09-15T00:00:00.000000Z,0.0022559999488294125,0.0022760001011192799,0.0022279999684542418,0.002245000097900629,3597558
2020-09-16T00:00:00.000000Z,0.0022479998879134655,0.0022509999107569456,0.0021780000533908606,0.0022319999989122152,3983759
2020-09-17T00:00:00.000000Z,0.0022100000642240047,0.0022219999227672815,0.0020969999022781849,0.0021559998858720064,2822775
2020-09-18T00:00:00.000000Z,0.0021559998858720064,0.0021639999467879534,0.0019470000406727195,0.0020910000894218683,3291696
2020-09-19T00:00:00.000000Z,0.0020930001046508551,0.0021589999087154865,0.0020930001046508551,0.0021319999359548092,2149011
2020-09-20T00:00:00.000000Z,0.0021359999664127827,0.0022579999640583992,0.0020959998946636915,0.0022179998923093081,2284564
2020-09-21T00:00:00.000000Z,0.0022189998999238014,0.0022460001055151224,0.0020530000329017639,0.0020580000709742308,2629229
2020-09-22T00:00:00.000000Z,0.0020540000405162573,0.0021210000850260258,0.0020479999948292971,0.0021130000241100788,1755492
2020-09-23T00:00:00.000000Z,0.0021089999936521053,0.0021589999087154865,0.002056000055745244,0.0020570000633597374,2011870
2020-09-24T00:00:00.000000Z,0.0020570000633597374,0.0021569998934864998,0.0020290000829845667,0.0021540001034736633,2197213
2020-09-25T00:00:00.000000Z,0.0021500000730156898,0.002271000063046813,0.0021210000850260258,0.0022499999031424522,2776077
2020-09-26T00:00:00.000000Z,0.002251999918371439,0.0023920000530779362,0.002234000014141202,0.002386000007390976,2806712
2020-09-27T00:00:00.000000Z,0.0023839999921619892,0.0024009998887777328,0.002314999932423234,0.0023819999769330025,2428639
2020-09-28T00:00:00.000000Z,0.0023819999769330025,0.0025080000050365925,0.0023360000923275948,0.002460000105202198,3237049
2020-09-29T00:00:00.000000Z,0.0024590000975877047,0.0025720000267028809,0.0024550000671297312,0.0025690000038594007,3055177
2020-09-30T00:00:00.000000Z,0.0025690000038594007,0.0025720000267028809,0.0025059999898076057,0.0025210001040250063,3097884
2020-10-01T00:00:00.000000Z,0.0025200000964105129,0.0025349999777972698,0.0024870000779628754,0.0024969999212771654,2861969
2020-10-02T00:00:00.000000Z,0.002495999913662672,0.0025019999593496323,0.0024129999801516533,0.0024200000334531069,2768862
2020-10-03T00:00:00.000000Z,0.0024200000334531069,0.0024379999376833439,0.0023550000041723251,0.0023769999388605356,2135572
2020-10-04T00:00:00.000000Z,0.0023759999312460423,0.0024049999192357063,0.0023509999737143517,0.0023980000987648964,2327603
2020-10-05T00:00:00.000000Z,0.0023990001063793898,0.0024089999496936798,0.0023529999889433384,0.0023570000194013119,2555275
2020-10-06T00:00:00.000000Z,0.0023580000270158052,0.0024920001160353422,0.0023489999584853649,0.0023870000150054693,2871864
2020-10-07T00:00:00.000000Z,0.0023880000226199627,0.0024009998887777328,0.0023550000041723251,0.0023749999236315489,2581131
2020-10-08T00:00:00.000000Z,0.0023739999160170555,0.0024939998984336853,0.0023419999051839113,0.0024759999942034483,2598249
2020-10-09T00:00:00.000000Z,0.0024850000627338886,0.0025180000811815262,0.0024200000334531069,0.0024999999441206455,3180377
2020-10-10T00:00:00.000000Z,0.0024999999441206455,0.0026020000223070383,0.002478000009432435,0.002575000049546361,2991849
2020-10-11T00:00:00.000000Z,0.0025780000723898411,0.0025979999918490648,0.0025329999625682831,0.0025339999701827765,2406281
2020-10-12T00:00:00.000000Z,0.0025329999625682831,0.0025579999200999737,0.0025160000659525394,0.0025269999168813229,3438269
2020-10-13T00:00:00.000000Z,0.0025269999168813229,0.0025289999321103096,0.0024389999452978373,0.0024890000931918621,3127651
2020-10-14T00:00:00.000000Z,0.0024890000931918621,0.0025530001148581505,0.002466999925673008,0.002503999974578619,2944081
2020-10-15T00:00:00.000000Z,0.0025049999821931124,0.0025229998864233494,0.0024449999909847975,0.0025069999974220991,3336231
2020-10-16T00:00:00.000000Z,0.0025090000126510859,0.002512000035494566,0.002397000091150403,0.0024109999649226665,3397200
2020-10-17T00:00:00.000000Z,0.0024089999496936798,0.002440999960526824,0.002351999981328845,0.002351999981328845,2647467
2020-10-18T00:00:00.000000Z,0.0023509999737143517,0.0023799999617040157,0.0023159999400377274,0.0023729999084025621,2634951
2020-10-19T00:00:00.000000Z,0.0023719999007880688,0.0023930000606924295,0.0023219999857246876,0.0023849999997764826,3079753
2020-10-20T00:00:00.000000Z,0.0023849999997764826,0.002386000007390976,0.0023280000314116478,0.0023310000542551279,2639539
2020-10-21T00:00:00.000000Z,0.0023310000542551279,0.002423000056296587,0.0023270000237971544,0.0024000001139938831,2971198
2020-10-22T00:00:00.000000Z,0.0024009998887777328,0.0024290001019835472,0.0023380001075565815,0.0023660000879317522,3338745
2020-10-23T00:00:00.000000Z,0.0023660000879317522,0.0024560000747442245,0.0022980000358074903,0.0023729999084025621,2754459
2020-10-24T00:00:00.000000Z,0.0023729999084025621,0.0024109999649226665,0.0023209999781101942,0.0023509999737143517,2107630
2020-10-25T00:00:00.000000Z,0.0023509999737143517,0.0023839999921619892,0.002308000111952424,0.0023240000009536743,1676105
2020-10-26T00:00:00.000000Z,0.0023240000009536743,0.002386000007390976,0.0022760001011192799,0.0022780001163482666,625955
2020-10-27T00:00:00.000000Z,0.0022780001163482666,0.0023640000727027655,0.0022650000173598528,0.0023290000390261412,2058348
2020-10-28T00:00:00.000000Z,0.0023290000390261412,0.0023459999356418848,0.0022360000293701887,0.0022489998955279589,2174630
2020-10-29T00:00:00.000000Z,0.0022489998955279589,0.0022529999259859324,0.0021989999804645777,0.0022100000642240047,2674322
2020-10-30T00:00:00.000000Z,0.0022100000642240047,0.0023000000510364771,0.0021220000926405191,0.0021389999892562628,2616341
2020-10-31T00:00:00.000000Z,0.0021379999816417694,0.0021810000762343407,0.002119000069797039,0.0021349999587982893,2859971
2020-11-01T00:00:00.000000Z,0.0021349999587982893,0.0021810000762343407,0.0021279999054968357,0.0021540001034736633,2522159
2020-11-02T00:00:00.000000Z,0.0021550001110881567,0.002182000083848834,0.002119000069797039,0.0021520000882446766,2712081
2020-11-03T00:00:00.000000Z,0.0021520000882446766,0.0021579999011009932,0.0020910000894218683,0.0021230001002550125,2759754
2020-11-04T00:00:00.000000Z,0.0021230001002550125,0.0021349999587982893,0.0020979999098926783,0.0021130000241100788,3055462
2020-11-05T00:00:00.000000Z,0.0021130000241100788,0.0021689999848604202,0.0020920000970363617,0.0020920000970363617,3402937
2020-11-06T00:00:00.000000Z,0.0020920000970363617,0.0021869998890906572,0.0020920000970363617,0.0021689999848604202,3564639
2020-11-07T00:00:00.000000Z,0.0021689999848604202,0.0021959999576210976,0.0021069999784231186,0.0021130000241100788,2604510
2020-11-08T00:00:00.000000Z,0.0021130000241100788,0.0021349999587982893,0.0020940001122653484,0.0021339999511837959,1017783
2020-11-09T00:00:00.000000Z,0.0021339999511837959,0.002145000034943223,0.0020989999175071716,0.0021210000850260258,2355032
2020-11-10T00:00:00.000000Z,0.0021210000850260258,0.0021349999587982893,0.0020870000589638948,0.0021170000545680523,2956794
2020-11-11T00:00:00.000000Z,0.0021170000545680523,0.0021329999435693026,0.002082000020891428,0.002125999890267849,3044479
2020-11-12T00:00:00.000000Z,0.002125999890267849,0.0021329999435693026,0.0020920000970363617,0.0021089999936521053,3147442
2020-11-13T00:00:00.000000Z,0.0021089999936521053,0.0021559998858720064,0.002082000020891428,0.002136999974027276,3017042
2020-11-14T00:00:00.000000Z,0.002136999974027276,0.0021420000120997429,0.0020749999675899744,0.0021349999587982893,2811315
2020-11-15T00:00:00.000000Z,0.0021349999587982893,0.0021520000882446766,0.0020709999371320009,0.0020959998946636915,2478042
2020-11-16T00:00:00.000000Z,0.0020959998946636915,0.0021299999207258224,0.0020850000437349081,0.0020910000894218683,3107285
2020-11-17T00:00:00.000000Z,0.0021180000621825457,0.002182000083848834,0.0020930001046508551,0.0021569998934864998,2742543
2020-11-18T00:00:00.000000Z,0.0021569998934864998,0.0021619999315589666,0.0020540000405162573,0.0021110000088810921,2798487
2020-11-19T00:00:00.000000Z,0.0021110000088810921,0.0021170000545680523,0.0020570000633597374,0.0021089999936521053,3063832
2020-11-20T00:00:00.000000Z,0.0021089999936521053,0.0021359999664127827,0.0020880000665783882,0.0020910000894218683,2765098
2020-11-21T00:00:00.000000Z,0.0020910000894218683,0.0021569998934864998,0.0020570000633597374,0.0021550001110881567,2087654
2020-11-22T00:00:00.000000Z,0.0021550001110881567,0.0021740000229328871,0.0021130000241100788,0.0021460000425577164,2609074
2020-11-23T00:00:00.000000Z,0.0021460000425577164,0.0021989999804645777,0.0021150000393390656,0.0021869998890906572,2923369
2020-11-24T00:00:00.000000Z,0.0021869998890906572,0.0021929999347776175,0.0020709999371320009,0.0021420000120997429,1636394
2020-11-25T00:00:00.000000Z,0.0021420000120997429,0.002188999904319644,0.0020729999523609877,0.0020949998870491982,2984946
2020-11-26T00:00:00.000000Z,0.0020949998870491982,0.0020989999175071716,0.0019890000112354755,0.0020759999752044678,599585
2020-11-27T00:00:00.000000Z,0.0020759999752044678,0.0021200000774115324,0.0020099999383091927,0.0020379999186843634,2309428
2020-11-28T00:00:00.000000Z,0.0020379999186843634,0.0020959998946636915,0.0020049999002367258,0.0020800000056624413,2405261
2020-11-29T00:00:00.000000Z,0.0020800000056624413,0.0021019999403506517,0.0020419999491423368,0.0020500000100582838,2516942
2020-11-30T00:00:00.000000Z,0.0020500000100582838,0.0021730000153183937,0.0020490000024437904,0.0021609999239444733,3123471
2020-12-01T00:00:00.000000Z,0.0021609999239444733,0.0021659999620169401,0.0020169999916106462,0.0020530000329017639,1573504
2020-12-02T00:00:00.000000Z,0.0020530000329017639,0.0020969999022781849,0.0020179999992251396,0.002056000055745244,1702476
2020-12-03T00:00:00.000000Z,0.002056000055745244,0.0020810000132769346,0.0020439999643713236,0.0020580000709742308,2212821
2020-12-04T00:00:00.000000Z,0.0020580000709742308,0.0020699999295175076,0.0020000000949949026,0.0020169999916106462,1887493
2020-12-05T00:00:00.000000Z,0.0020169999916106462,0.0020550000481307507,0.0019990000873804092,0.0020409999415278435,2279683
2020-12-06T00:00:00.000000Z,0.0020409999415278435,0.002044999971985817,0.0020059999078512192,0.00203699991106987,2353844
2020-12-07T00:00:00.000000Z,0.00203699991106987,0.0020490000024437904,0.0020039998926222324,0.0020099999383091927,2148148
2020-12-08T00:00:00.000000Z,0.0020099999383091927,0.0020169999916106462,0.0019570000004023314,0.0019610000308603048,2077792
2020-12-09T00:00:00.000000Z,0.0019610000308603048,0.0019890000112354755,0.0018210000125691295,0.001905999961309135,1806073
2020-12-10T00:00:00.000000Z,0.001905999961309135,0.0019640000537037849,0.0019010000396519899,0.001917000045068562,1891890
2020-12-11T00:00:00.000000Z,0.001917000045068562,0.0019900000188499689,0.0018990000244230032,0.0019209999591112137,1525819
2020-12-12T00:00:00.000000Z,0.0019209999591112137,0.0019769999198615551,0.0019199999514967203,0.0019409999949857593,1795143
2020-12-13T00:00:00.000000Z,0.0019409999949857593,0.0020069999154657125,0.0018820000113919377,0.0020039998926222324,1659958
2020-12-14T00:00:00.000000Z,0.0020039998926222324,0.002090000081807375,0.0019880000036209822,0.0020590000785887241,1541918
2020-12-15T00:00:00.000000Z,0.0020590000785887241,0.0021389999892562628,0.0020490000024437904,0.0021029999479651451,1143681
2020-12-16T00:00:00.000000Z,0.0021029999479651451,0.002208000048995018,0.0020890000741928816,0.0022050000261515379,1057083
2020-12-17T00:00:00.000000Z,0.0022050000261515379,0.002308000111952424,0.0021730000153183937,0.002208000048995018,676810
2020-12-18T00:00:00.000000Z,0.002208000048995018,0.0022330000065267086,0.0021730000153183937,0.0021869998890906572,659561
2020-12-19T00:00:00.000000Z,0.0021869998890906572,0.0022209999151527882,0.0021659999620169401,0.0021929999347776175,495059
2020-12-20T00:00:00.000000Z,0.0021929999347776175,0.0022380000445991755,0.0021399999968707561,0.0021649999544024467,378231
2020-12-21T00:00:00.000000Z,0.0021599999163299799,0.002188999904319644,0.0020639998838305473,0.002099999925121665,325661
2020-12-22T00:00:00.000000Z,0.0020979999098926783,0.002136999974027276,0.0020270000677555799,0.0021319999359548092,417402
2020-12-23T00:00:00.000000Z,0.0021319999359548092,0.0021490000654011965,0.0017040000529959798,0.0018830000190064311,440668
2020-12-24T00:00:00.000000Z,0.0018820000113919377,0.0022750000935047865,0.0018350000027567148,0.0022370000369846821,478459
2020-12-25T00:00:00.000000Z,0.0022370000369846821,0.0022420000750571489,0.0020500000100582838,0.0021430000197142363,299088
2020-12-26T00:00:00.000000Z,0.0021430000197142363,0.0021559998858720064,0.0020230000372976065,0.0020590000785887241,330808
2020-12-27T00:00:00.000000Z,0.0020590000785887241,0.0021150000393390656,0.0019480000482872128,0.0019660000689327717,437243
2020-12-28T00:00:00.000000Z,0.0019650000613182783,0.0020570000633597374,0.0019650000613182783,0.002001000102609396,668846
2020-12-29T00:00:00.000000Z,0.002001000102609396,0.002010999945923686,0.0018919999711215496,0.0019470000406727195,1416190
2020-12-30T00:00:00.000000Z,0.0019470000406727195,0.0020409999415278435,0.0018599999602884054,0.002019000006839633,1776629
2020-12-31T00:00:00.000000Z,0.002019000006839633,0.0020290000829845667,0.0019099999917671084,0.0019670000765472651,1713543
2021-01-01T00:00:00.000000Z,0.0019670000765472651,0.0019759999122470617,0.0018759999657049775,0.0019039999460801482,1589973
2021-01-02T00:00:00.000000Z,0.0019039999460801482,0.0019910000264644623,0.0018360000103712082,0.0019330000504851341,1875436
2021-01-03T00:00:00.000000Z,0.0019340000580996275,0.0020679999142885208,0.0019259999971836805,0.0020469999872148037,2146555
2021-01-04T00:00:00.000000Z,0.0020500000100582838,0.0020500000100582838,0.001791000016964972,0.0018570000538602471,2210726
2021-01-05T00:00:00.000000Z,0.0018570000538602471,0.0019099999917671084,0.0017950000474229455,0.0018960000015795231,2223689
2021-01-06T00:00:00.000000Z,0.0018960000015795231,0.0020089999306946993,0.0018729999428614974,0.0019980000797659159,2046202
2021-01-07T00:00:00.000000Z,0.0019970000721514225,0.0020039998926222324,0.0018860000418499112,0.0019640000537037849,2387018
2021-01-08T00:00:00.000000Z,0.0019640000537037849,0.0019900000188499689,0.0018329999875277281,0.0018899999558925629,2256769
2021-01-09T00:00:00.000000Z,0.0018899999558925629,0.0019880000036209822,0.0018459999701008201,0.0019610000308603048,1878475
2021-01-10T00:00:00.000000Z,0.0019610000308603048,0.0019990000873804092,0.0017989999614655972,0.001867000013589859,1761264
2021-01-11T00:00:00.000000Z,0.001867000013589859,0.001867000013589859,0.0015069999499246478,0.0016809999942779541,1573523
2021-01-12T00:00:00.000000Z,0.0016809999942779541,0.0017340000486001372,0.001521000056527555,0.0015539999585598707,320857
2021-01-13T00:00:00.000000Z,0.0015549999661743641,0.001740999985486269,0.0015180000336840749,0.0017300000181421638,322022
2021-01-14T00:00:00.000000Z,0.0017300000181421638,0.0017579999985173345,0.0016370000084862113,0.001728000002913177,323230
2021-01-15T00:00:00.000000Z,0.001728000002913177,0.0017590000061318278,0.001597000053152442,0.0017010000301524997,33954
2021-01-16T00:00:00.000000Z,0.001702000037766993,0.0017559999832883477,0.0016009999671950936,0.0017430000007152557,170848
2021-01-17T00:00:00.000000Z,0.0017419999931007624,0.0017930000321939588,0.0015450000064447522,0.0017069999594241381,200292
2021-01-18T00:00:00.000000Z,0.0017049999441951513,0.0017049999441951513,0.0015780000248923898,0.0016550000291317701,101139
2021-01-19T00:00:00.000000Z,0.0016550000291317701,0.0017170000355690718,0.0015119999879971147,0.001702000037766993,55536
2021-01-20T00:00:00.000000Z,0.0017010000301524997,0.0017089999746531248,0.0015140000032261014,0.0017089999746531248,62340
2021-01-21T00:00:00.000000Z,0.0017089999746531248,0.0017259999876841903,0.0014900000533089042,0.0015119999879971147,26883
2021-01-22T00:00:00.000000Z,0.0015119999879971147,0.0016489999834448099,0.001408000010997057,0.0015930000226944685,30351
2021-01-23T00:00:00.000000Z,0.0015930000226944685,0.0016639999812468886,0.0015589999966323376,0.0015620000194758177,4478
2021-01-24T00:00:00.000000Z,0.0015620000194758177,0.0016580000519752502,0.0015559999737888575,0.0016139999497681856,10106
2021-01-25T00:00:00.000000Z,0.0016139999497681856,0.0016809999942779541,0.0015030000358819962,0.0015059999423101544,617030
2021-01-26T00:00:00.000000Z,0.0015059999423101544,0.0015589999966323376,0.0013920000055804849,0.0015030000358819962,2145658
2021-01-27T00:00:00.000000Z,0.0015030000358819962,0.0015040000434964895,0.0013569999719038606,0.0013920000055804849,2239700
2021-01-28T00:00:00.000000Z,0.0013920000055804849,0.0016799999866634607,0.0013559999642893672,0.0016400000313296914,2508571
2021-01-29T00:00:00.000000Z,0.0016449999529868364,0.0016710000345483422,0.0014979999978095293,0.0015569999814033508,2036434
2021-01-30T00:00:00.000000Z,0.0015569999814033508,0.001576000009663403,0.0014919999521225691,0.0015059999423101544,1219252
2021-01-31T00:00:00.000000Z,0.0015059999423101544,0.0015350000467151403,0.0014349999837577343,0.0014870000304654241,1756801
2021-02-01T00:00:00.000000Z,0.0014870000304654241,0.0015829999465495348,0.0014819999923929572,0.0015829999465495348,2262441
2021-02-02T00:00:00.000000Z,0.0015829999465495348,0.0015859999693930149,0.0014969999901950359,0.0015360000543296337,2366898
2021-02-03T00:00:00.000000Z,0.0015360000543296337,0.0015839999541640282,0.0014890000456944108,0.0015739999944344163,2365137
2021-02-04T00:00:00.000000Z,0.0015739999944344163,0.001576000009663403,0.0014880000380799174,0.0015190000412985682,1926095
2021-02-05T00:00:00.000000Z,0.0015190000412985682,0.0015300000086426735,0.0014870000304654241,0.0015079999575391412,149447
2021-02-06T00:00:00.000000Z,0.0015089999651536345,0.0015549999661743641,0.0014949999749660492,0.0015150000108405948,2568063
2021-02-07T00:00:00.000000Z,0.0015150000108405948,0.0015310000162571669,0.0014390000142157078,0.0015069999499246478,2275643
2021-02-08T00:00:00.000000Z,0.0015059999423101544,0.0016159999649971724,0.0014969999901950359,0.0015810000477358699,2730631
2021-02-09T00:00:00.000000Z,0.0015810000477358699,0.0017320000333711505,0.0015600000042468309,0.0016850000247359276,3124830
2021-02-10T00:00:00.000000Z,0.0016850000247359276,0.0017590000061318278,0.0016029999824240804,0.0017500000540167093,2644791
2021-02-11T00:00:00.000000Z,0.0017500000540167093,0.0018189999973401427,0.0017119999974966049,0.0017960000550374389,2805556
2021-02-12T00:00:00.000000Z,0.0017960000550374389,0.0019290000200271606,0.0017320000333711505,0.0019270000047981739,3009716
2021-02-13T00:00:00.000000Z,0.0019270000047981739,0.0021659999620169401,0.0018960000015795231,0.0021619999315589666,2852178
2021-02-14T00:00:00.000000Z,0.0021619999315589666,0.0023219999857246876,0.0021500000730156898,0.0021929999347776175,3301797
2021-02-15T00:00:00.000000Z,0.0021929999347776175,0.0022579999640583992,0.0019910000264644623,0.0020250000525265932,1386274
2021-02-16T00:00:00.000000Z,0.0020260000601410866,0.0021959999576210976,0.0020099999383091927,0.0021230001002550125,1126106
2021-02-17T00:00:00.000000Z,0.0021230001002550125,0.0022670000325888395,0.0020810000132769346,0.0022110000718384981,2001846
2021-02-18T00:00:00.000000Z,0.0022110000718384981,0.0022410000674426556,0.0021100000012665987,0.002199999988079071,2194371
2021-02-19T00:00:00.000000Z,0.002199999988079071,0.0027769999578595161,0.0021440000273287296,0.0027119999285787344,3916106
2021-02-20T00:00:00.000000Z,0.0027119999285787344,0.007224000059068203,0.0027119999285787344,0.0062839998863637447,5414560
2021-02-21T00:00:00.000000Z,0.0062839998863637447,0.0065199998207390308,0.0042159999720752239,0.0060370001010596752,4588255
2021-02-22T00:00:00.000000Z,0.0060370001010596752,0.0060419999063014984,0.0041430001147091389,0.0050289998762309551,3433256
2021-02-23T00:00:00.000000Z,0.0050280001014471054,0.0051660002209246159,0.0038379998877644539,0.0045650000683963299,2345674
2021-02-24T00:00:00.000000Z,0.0045650000683963299,0.0049850000068545341,0.0027250000275671482,0.0043089999817311764,258154
2021-02-25T00:00:00.000000Z,0.0043089999817311764,0.0052530001848936081,0.0038330000825226307,0.0046160002239048481,2691148
2021-02-26T00:00:00.000000Z,0.0046120001934468746,0.0049250000156462193,0.0038340000901371241,0.0040699997916817665,2623494
2021-02-27T00:00:00.000000Z,0.0040719998069107533,0.0042030001059174538,0.0036879999097436666,0.0037920000031590462,2180535
2021-02-28T00:00:00.000000Z,0.0037909999955445528,0.0037909999955445528,0.0033050000201910734,0.003544999985024333,1979333
2021-03-01T00:00:00.000000Z,0.0035459999926388264,0.0043219998478889465,0.0035459999926388264,0.0041720001026988029,2792581
2021-03-02T00:00:00.000000Z,0.0041709998622536659,0.0044399998150765896,0.0040520001202821732,0.0041709998622536659,1756925
2021-03-03T00:00:00.000000Z,0.0041709998622536659,0.0044789998792111874,0.0040839998982846737,0.0043130000121891499,1980147
2021-03-04T00:00:00.000000Z,0.0043119997717440128,0.0044019999913871288,0.0037469998933374882,0.0040210001170635223,2828262
2021-03-05T00:00:00.000000Z,0.0040210001170635223,0.004036999773234129,0.0037539999466389418,0.0039610001258552074,2500446
2021-03-06T00:00:00.000000Z,0.0039610001258552074,0.0040810001082718372,0.0038719999138265848,0.004036999773234129,2103515
2021-03-07T00:00:00.000000Z,0.004036999773234129,0.0040970002301037312,0.0036820000968873501,0.0038689998909831047,2110705
2021-03-08T00:00:00.000000Z,0.0038689998909831047,0.0039019999094307423,0.0036820000968873501,0.0038099999073892832,3111718
2021-03-09T00:00:00.000000Z,0.0038099999073892832,0.0042989999055862427,0.0037070000544190407,0.0041800001636147499,3374285
2021-03-10T00:00:00.000000Z,0.0041800001636147499,0.0042969998903572559,0.0040070000104606152,0.0040190001018345356,3980436
2021-03-11T00:00:00.000000Z,0.0040190001018345356,0.0048039997927844524,0.0039260000921785831,0.004459999967366457,3720342
2021-03-12T00:00:00.000000Z,0.004461000207811594,0.0045659998431801796,0.0037869999650865793,0.0040230001322925091,4449794
2021-03-13T00:00:00.000000Z,0.0040239999070763588,0.0043830000795423985,0.0038999998942017555,0.0043190000578761101,1822358
2021-03-14T00:00:00.000000Z,0.0043190000578761101,0.0044320002198219299,0.0040000001899898052,0.0043119997717440128,5050597
2021-03-15T00:00:00.000000Z,0.0043109999969601631,0.0044999998062849045,0.0039149997755885124,0.0041809999383985996,5031092
2021-03-16T00:00:00.000000Z,0.0041809999383985996,0.0041809999383985996,0.0039180000312626362,0.0041229999624192715,5318064
2021-03-17T00:00:00.000000Z,0.0041229999624192715,0.0047369999811053276,0.0040600001811981201,0.004505000077188015,5945933
2021-03-18T00:00:00.000000Z,0.004505000077188015,0.0047240001149475574,0.0041290000081062317,0.0042940001003444195,2528497
2021-03-19T00:00:00.000000Z,0.0042929998598992825,0.004623000044375658,0.0042420001700520515,0.0043069999665021896,59158
2021-03-20T00:00:00.000000Z,0.0043069999665021896,0.0043660001829266548,0.0041169999167323112,0.0041370000690221786,70854
2021-03-21T00:00:00.000000Z,0.0041370000690221786,0.0042739999480545521,0.0039220000617206097,0.0040150000713765621,59141
2021-03-22T00:00:00.000000Z,0.0040150000713765621,0.004236999899148941,0.0039169997908174992,0.0039180000312626362,60878
2021-03-23T00:00:00.000000Z,0.0039180000312626362,0.0040649999864399433,0.0038749999366700649,0.0039730002172291279,27622
2021-03-24T00:00:00.000000Z,0.0039730002172291279,0.0039730002172291279,0.003544999985024333,0.0036269999109208584,81853
2021-03-25T00:00:00.000000Z,0.0036269999109208584,0.0036269999109208584,0.0034090001136064529,0.0034539999905973673,37666
2021-03-26T00:00:00.000000Z,0.0034539999905973673,0.0037229999434202909,0.0034370000939816236,0.0037050000391900539,34299
2021-03-27T00:00:00.000000Z,0.0037040000315755606,0.0039719999767839909,0.0036959999706596136,0.0038320000749081373,57077
2021-03-28T00:00:00.000000Z,0.0038320000749081373,0.0040279999375343323,0.0036559998989105225,0.0040279999375343323,56283
2021-03-29T00:00:00.000000Z,0.0040279999375343323,0.0042960001155734062,0.0039029999170452356,0.0042150001972913742,96953
2021-03-30T00:00:00.000000Z,0.0042139999568462372,0.0049780001863837242,0.0041169999167323112,0.0049200002104043961,170295
2021-03-31T00:00:00.000000Z,0.0049200002104043961,0.0050050001591444016,0.0044749998487532139,0.0045639998279511929,111514
2021-04-01T00:00:00.000000Z,0.0045639998279511929,0.007818000391125679,0.0043139997869729996,0.0054700002074241638,734163
2021-04-02T00:00:00.000000Z,0.0054689999669790268,0.0058430000208318233,0.0050289998762309551,0.0051660002209246159,299069
2021-04-03T00:00:00.000000Z,0.0051679997704923153,0.0053730001673102379,0.0048079998232424259,0.0048639997839927673,179485
2021-04-04T00:00:00.000000Z,0.0048639997839927673,0.0052260002121329308,0.0048489999026060104,0.0050070001743733883,65410
2021-04-05T00:00:00.000000Z,0.005007999949157238,0.00534099992364645,0.0049649998545646667,0.0051810001023113728,128065
2021-04-06T00:00:00.000000Z,0.0051830001175403595,0.0053199999965727329,0.0049220002256333828,0.004927000030875206,153224
2021-04-07T00:00:00.000000Z,0.004927000030875206,0.0050789997912943363,0.0044760000891983509,0.0046120001934468746,197294
2021-04-08T00:00:00.000000Z,0.0046109999530017376,0.0046609998680651188,0.0044499998912215233,0.0045960000716149807,58165
2021-04-09T00:00:00.000000Z,0.0045960000716149807,0.0046190000139176846,0.0042719999328255653,0.0043319999240338802,75515
2021-04-10T00:00:00.000000Z,0.0043319999240338802,0.0044390000402927399,0.0040930001996457577,0.0043410002253949642,112452
2021-04-11T00:00:00.000000Z,0.0043410002253949642,0.0045460001565515995,0.0042790002189576626,0.0044849999248981476,98622
2021-04-12T00:00:00.000000Z,0.0044849999248981476,0.0048070000484585762,0.0043939999304711819,0.0045570000074803829,164195
2021-04-13T00:00:00.000000Z,0.0045560002326965332,0.0047109997831285,0.0043870001100003719,0.0045540002174675465,182690
2021-04-14T00:00:00.000000Z,0.0045529999770224094,0.0047619999386370182,0.0042500002309679985,0.0044379997998476028,187767
2021-04-15T00:00:00.000000Z,0.0044390000402927399,0.0044849999248981476,0.0041479999199509621,0.0042110001668334007,115545
2021-04-16T00:00:00.000000Z,0.0042099999263882637,0.0043629999272525311,0.0040029999800026417,0.0042570000514388084,226093
2021-04-17T00:00:00.000000Z,0.0042559998109936714,0.004282000008970499,0.0040079997852444649,0.0041290000081062317,112547
2021-04-18T00:00:00.000000Z,0.0041299997828900814,0.0041600000113248825,0.003671000013127923,0.0038970001041889191,183897
2021-04-19T00:00:00.000000Z,0.0038960000965744257,0.0039009999018162489,0.0036989999935030937,0.0038119999226182699,68442
2021-04-20T00:00:00.000000Z,0.0038129999302327633,0.0038129999302327633,0.0035260000731796026,0.0036740000359714031,104761
2021-04-21T00:00:00.000000Z,0.0036740000359714031,0.0039769997820258141,0.0035959999077022076,0.0037000000011175871,49300
2021-04-22T00:00:00.000000Z,0.0037000000011175871,0.0038000000640749931,0.0032909999135881662,0.0033420000690966845,96165
2021-04-23T00:00:00.000000Z,0.0033420000690966845,0.0033950000070035458,0.0030020000413060188,0.0032560001127421856,160439
2021-04-24T00:00:00.000000Z,0.0032569998875260353,0.0032569998875260353,0.0030660000629723072,0.0031079999171197414,23969
2021-04-25T00:00:00.000000Z,0.0031069999095052481,0.0032160000409930944,0.0029529999010264874,0.003034000052139163,25917
2021-04-26T00:00:00.000000Z,0.003034000052139163,0.0032599999103695154,0.003008000086992979,0.0032599999103695154,43945
2021-04-27T00:00:00.000000Z,0.0032599999103695154,0.0034779999405145645,0.0032579998951405287,0.0034779999405145645,80452
2021-04-28T00:00:00.000000Z,0.0034779999405145645,0.0034779999405145645,0.0031890000682324171,0.0032210000790655613,118008
2021-04-29T00:00:00.000000Z,0.0032210000790655613,0.0032800000626593828,0.0030739998910576105,0.0031679999083280563,58563
2021-04-30T00:00:00.000000Z,0.0031679999083280563,0.0033219999168068171,0.0031200000084936619,0.0032969999592751265,42047
2021-05-01T00:00:00.000000Z,0.0032979999668896198,0.0033519999124109745,0.0031920000910758972,0.0032770000398159027,57913
2021-05-02T00:00:00.000000Z,0.0032770000398159027,0.0033239999320358038,0.0031870000530034304,0.003266999963670969,38187
2021-05-03T00:00:00.000000Z,0.003266999963670969,0.0032959999516606331,0.00317799998447299,0.0031870000530034304,36715
2021-05-04T00:00:00.000000Z,0.0031880000606179237,0.0032369999680668116,0.0029460000805556774,0.0029750000685453415,194335
2021-05-05T00:00:00.000000Z,0.0029740000609308481,0.0031520000193268061,0.0028659999370574951,0.0030940000433474779,134515
2021-05-06T00:00:00.000000Z,0.0030940000433474779,0.0038610000628978014,0.0030269999988377094,0.0035810000263154507,231669
2021-05-07T00:00:00.000000Z,0.0035800000187009573,0.0037700000684708357,0.003355999942868948,0.0035250000655651093,85622
2021-05-08T00:00:00.000000Z,0.0035260000731796026,0.0035860000643879175,0.0030940000433474779,0.0032099999953061342,131284
2021-05-09T00:00:00.000000Z,0.0032110000029206276,0.0034040000755339861,0.0031059999018907547,0.0034030000679194927,124272
2021-05-10T00:00:00.000000Z,0.0034030000679194927,0.0034270000178366899,0.0030410001054406166,0.0032079999800771475,141275
2021-05-11T00:00:00.000000Z,0.0032079999800771475,0.0036279999185353518,0.0030849999748170376,0.0035019998904317617,130222
2021-05-12T00:00:00.000000Z,0.0035019998904317617,0.0043799998238682747,0.0034690001048147678,0.0037650000303983688,358538
2021-05-13T00:00:00.000000Z,0.0037620000075548887,0.0056380000896751881,0.0036140000447630882,0.0053980001248419285,1290485
2021-05-14T00:00:00.000000Z,0.0053989998996257782,0.0065130000002682209,0.0050940001383423805,0.0054080002009868622,609429
2021-05-15T00:00:00.000000Z,0.0054089999757707119,0.005510999821126461,0.0045190001837909222,0.0047169998288154602,194526
2021-05-16T00:00:00.000000Z,0.0047160000540316105,0.0050599998794496059,0.0043640001676976681,0.0044329999946057796,183728
2021-05-17T00:00:00.000000Z,0.0044329999946057796,0.0044729998335242271,0.0037950000260025263,0.0038729999214410782,121864
2021-05-18T00:00:00.000000Z,0.0038719999138265848,0.0039280001074075699,0.0036679999902844429,0.003759999992325902,44854
2021-05-19T00:00:00.000000Z,0.003759999992325902,0.0037769998889416456,0.0027119999285787344,0.0029919999651610851,230391
2021-05-20T00:00:00.000000Z,0.0029909999575465918,0.0031850000377744436,0.002807999961078167,0.0030910000205039978,109432
2021-05-21T00:00:00.000000Z,0.0030920000281184912,0.0031290000770241022,0.0026159998960793018,0.0027809999883174896,99957
2021-05-22T00:00:00.000000Z,0.0027809999883174896,0.0028550000861287117,0.0026579999830573797,0.0026879999786615372,57594
2021-05-23T00:00:00.000000Z,0.0026879999786615372,0.0026970000471919775,0.0022819999139755964,0.002308000111952424,168003
2021-05-24T00:00:00.000000Z,0.002308000111952424,0.0026070000603795052,0.002308000111952424,0.0025329999625682831,85356
2021-05-25T00:00:00.000000Z,0.0025339999701827765,0.0025889999233186245,0.0024029999040067196,0.0025430000387132168,86430
2021-05-26T00:00:00.000000Z,0.0025430000387132168,0.0026269999798387289,0.0025140000507235527,0.0026100000832229853,57763
2021-05-27T00:00:00.000000Z,0.0026100000832229853,0.0026990000624209642,0.0024890000931918621,0.0026020000223070383,37117
2021-05-28T00:00:00.000000Z,0.0026030000299215317,0.0026539999525994062,0.0024880000855773687,0.0025659999810159206,47489
2021-05-29T00:00:00.000000Z,0.0025659999810159206,0.0026070000603795052,0.0024369999300688505,0.0024870000779628754,31244
2021-05-30T00:00:00.000000Z,0.0024870000779628754,0.002566999988630414,0.0024139999877661467,0.0025639999657869339,17589
2021-05-31T00:00:00.000000Z,0.0025639999657869339,0.0025690000038594007,0.0024550000671297312,0.0025690000038594007,21449
2021-06-01T00:00:00.000000Z,0.0025690000038594007,0.0025959999766200781,0.0024449999909847975,0.0024810000322759151,27396
2021-06-02T00:00:00.000000Z,0.0024810000322759151,0.0025609999429434538,0.0024550000671297312,0.0025110000278800726,12508
2021-06-03T00:00:00.000000Z,0.0025110000278800726,0.0025800000876188278,0.0024729999713599682,0.0025520001072436571,17044
2021-06-04T00:00:00.000000Z,0.0025520001072436571,0.0025569999124854803,0.0024270000867545605,0.0024290001019835472,42575
2021-06-05T00:00:00.000000Z,0.0024290001019835472,0.0025130000431090593,0.0024170000106096268,0.0024180000182241201,22815
2021-06-06T00:00:00.000000Z,0.0024170000106096268,0.002486000070348382,0.0023509999737143517,0.002351999981328845,18217
2021-06-07T00:00:00.000000Z,0.002351999981328845,0.002478000009432435,0.0023189999628812075,0.0023539999965578318,22738
2021-06-08T00:00:00.000000Z,0.0023529999889433384,0.0023950000759214163,0.002225999953225255,0.0023749999236315489,57445
2021-06-09T00:00:00.000000Z,0.0023749999236315489,0.0024049999192357063,0.0023260000161826611,0.002369999885559082,29161
2021-06-10T00:00:00.000000Z,0.002369999885559082,0.0023950000759214163,0.0023070001043379307,0.002351999981328845,14499
2021-06-11T00:00:00.000000Z,0.002351999981328845,0.0023910000454634428,0.0022650000173598528,0.002334000077098608,13198
2021-06-12T00:00:00.000000Z,0.002334000077098608,0.002334000077098608,0.0022539999336004257,0.0022539999336004257,17748
2021-06-13T00:00:00.000000Z,0.0022539999336004257,0.0023060000967234373,0.0022009999956935644,0.0022799998987466097,12426
2021-06-14T00:00:00.000000Z,0.0022799998987466097,0.0038850000128149986,0.0020379999186843634,0.0023000000510364771,30979
2021-06-15T00:00:00.000000Z,0.0022609999869018793,0.0022849999368190765,0.002145000034943223,0.0022770001087337732,75864
2021-06-16T00:00:00.000000Z,0.0022269999608397484,0.0022740000858902931,0.0021989999804645777,0.0022169998846948147,4476
2021-06-17T00:00:00.000000Z,0.002216000109910965,0.0022499999031424522,0.0021909999195486307,0.0021959999576210976,0
2021-06-18T00:00:00.000000Z,0.0021959999576210976,0.0021969999652355909,0.0021740000229328871,0.002182000083848834,0
2021-06-19T00:00:00.000000Z,0.002182000083848834,0.0022309999912977219,0.0021349999587982893,0.0021679999772459269,8524
2021-06-20T00:00:00.000000Z,0.0021679999772459269,0.0022030000109225512,0.002082000020891428,0.0021989999804645777,30958
2021-06-21T00:00:00.000000Z,0.0021989999804645777,0.0022009999956935644,0.0019020000472664833,0.0019049999536946416,49707
2021-06-22T00:00:00.000000Z,0.0019049999536946416,0.0020270000677555799,0.0016029999824240804,0.0016720000421628356,41936
2021-06-23T00:00:00.000000Z,0.0016720000421628356,0.0017030000453814864,0.0016289999475702643,0.0016469999682158232,30664
2021-06-24T00:00:00.000000Z,0.0016609999584034085,0.0016969999996945262,0.001614999957382679,0.0016289999475702643,13515
2021-06-25T00:00:00.000000Z,0.0016289999475702643,0.0016720000421628356,0.0015660000499337912,0.0015879999846220016,13447
2021-06-26T00:00:00.000000Z,0.0015879999846220016,0.0015950000379234552,0.0015409999759867787,0.0015709999715909362,7475
2021-06-27T00:00:00.000000Z,0.0015709999715909362,0.0015999999595806003,0.0015379999531432986,0.001588999992236495,10281
2021-06-28T00:00:00.000000Z,0.001588999992236495,0.001639000023715198,0.0015610000118613243,0.0015829999465495348,27315
2021-06-29T00:00:00.000000Z,0.0015829999465495348,0.0016270000487565994,0.0015640000347048044,0.0015869999770075083,22055
2021-06-30T00:00:00.000000Z,0.0015859999693930149,0.0016120000509545207,0.0015330000314861536,0.0016060000052675605,6802
2021-07-01T00:00:00.000000Z,0.0016060000052675605,0.0016250000335276127,0.0015330000314861536,0.0015650000423192978,10521
2021-07-02T00:00:00.000000Z,0.0015650000423192978,0.0015650000423192978,0.001512999995611608,0.0015630000270903111,7248
2021-07-03T00:00:00.000000Z,0.0015630000270903111,0.0015879999846220016,0.0015460000140592456,0.0015620000194758177,7914
2021-07-04T00:00:00.000000Z,0.0015620000194758177,0.0015800000401213765,0.001547000021673739,0.0015640000347048044,10288
2021-07-05T00:00:00.000000Z,0.0015640000347048044,0.0015640000347048044,0.0015010000206530094,0.0015320000238716602,4023
2021-07-06T00:00:00.000000Z,0.0015320000238716602,0.0015399999683722854,0.0014530000044032931,0.0015030000358819962,18280
2021-07-07T00:00:00.000000Z,0.0015030000358819962,0.0015379999531432986,0.0014789999695494771,0.0015320000238716602,5476
2021-07-08T00:00:00.000000Z,0.0015320000238716602,0.0015330000314861536,0.001462999964132905,0.0014799999771639705,9411
2021-07-09T00:00:00.000000Z,0.0014799999771639705,0.0015450000064447522,0.0014690000098198652,0.0015360000543296337,15301
2021-07-10T00:00:00.000000Z,0.0015350000467151403,0.0015450000064447522,0.0014690000098198652,0.0014900000533089042,8529
2021-07-11T00:00:00.000000Z,0.0014900000533089042,0.001521000056527555,0.001462999964132905,0.0015099999727681279,6956
2021-07-12T00:00:00.000000Z,0.0015099999727681279,0.0015409999759867787,0.0014600000577047467,0.0014600000577047467,7110
2021-07-13T00:00:00.000000Z,0.0014600000577047467,0.0014959999825805426,0.0014440000522881746,0.0014459999511018395,8777
2021-07-14T00:00:00.000000Z,0.0014459999511018395,0.0014939999673515558,0.0014410000294446945,0.001484000007621944,7402
2021-07-15T00:00:00.000000Z,0.001484000007621944,0.001484000007621944,0.0014110000338405371,0.0014440000522881746,11499
2021-07-16T00:00:00.000000Z,0.0014449999434873462,0.0014949999749660492,0.0014189999783411622,0.001471000025048852,36460
2021-07-17T00:00:00.000000Z,0.001471000025048852,0.0015510000521317124,0.0014449999434873462,0.0015409999759867787,116781
2021-07-18T00:00:00.000000Z,0.0015409999759867787,0.0015630000270903111,0.0015219999477267265,0.0015360000543296337,81491
2021-07-19T00:00:00.000000Z,0.0015360000543296337,0.0015610000118613243,0.0015050000511109829,0.0015059999423101544,5496
2021-07-20T00:00:00.000000Z,0.0015059999423101544,0.0016009999671950936,0.0014789999695494771,0.0015249999705702066,151322
2021-07-21T00:00:00.000000Z,0.0015249999705702066,0.0015920000150799751,0.0015050000511109829,0.0015539999585598707,8868
2021-07-22T00:00:00.000000Z,0.0015549999661743641,0.0015859999693930149,0.0015279999934136868,0.0015719999792054296,1786
2021-07-23T00:00:00.000000Z,0.0015719999792054296,0.0015930000226944685,0.0015279999934136868,0.0015920000150799751,9614
2021-07-24T00:00:00.000000Z,0.0015920000150799751,0.0016120000509545207,0.0015650000423192978,0.0015820000553503633,8555
2021-07-25T00:00:00.000000Z,0.0015820000553503633,0.0017650000518187881,0.0015119999879971147,0.0015620000194758177,3802
2021-07-26T00:00:00.000000Z,0.0015620000194758177,0.0016349999932572246,0.0015610000118613243,0.0016139999497681856,20094
2021-07-27T00:00:00.000000Z,0.0016139999497681856,0.0016240000259131193,0.0015569999814033508,0.0016039999900385737,4215
2021-07-28T00:00:00.000000Z,0.0016029999824240804,0.0016339999856427312,0.0015709999715909362,0.0015989999519661069,12507
2021-07-29T00:00:00.000000Z,0.0015989999519661069,0.0016240000259131193,0.0015699999639764428,0.0016230000182986259,3655
2021-07-30T00:00:00.000000Z,0.0016230000182986259,0.0016299999551847577,0.0015770000172778964,0.0016289999475702643,6352
2021-07-31T00:00:00.000000Z,0.0016289999475702643,0.0016449999529868364,0.0015999999595806003,0.0016349999932572246,9360
2021-08-01T00:00:00.000000Z,0.0016349999932572246,0.0017000000225380063,0.0016319999704137444,0.0016479999758303165,59668
2021-08-02T00:00:00.000000Z,0.0016479999758303165,0.0016899999463930726,0.0016430000541731715,0.00165200000628829,28933
2021-08-03T00:00:00.000000Z,0.00165200000628829,0.00165200000628829,0.0016110000433400273,0.0016439999453723431,26875
2021-08-04T00:00:00.000000Z,0.0016439999453723431,0.0017030000453814864,0.0016250000335276127,0.0016990000149235129,46696
2021-08-05T00:00:00.000000Z,0.0016990000149235129,0.0017130000051110983,0.0016740000573918223,0.0016820000018924475,29331
2021-08-06T00:00:00.000000Z,0.0016820000018924475,0.0016830000095069408,0.0016659999964758754,0.0016710000345483422,11641
2021-08-07T00:00:00.000000Z,0.0016710000345483422,0.0016990000149235129,0.0016710000345483422,0.0016880000475794077,11743
2021-08-08T00:00:00.000000Z,0.0016880000475794077,0.0017079999670386314,0.001686000032350421,0.0016929999692365527,13576
2021-08-09T00:00:00.000000Z,0.0016929999692365527,0.0016980000073090196,0.0016799999866634607,0.0016870000399649143,14720
2021-08-10T00:00:00.000000Z,0.0016870000399649143,0.0016959999920800328,0.0016799999866634607,0.0016880000475794077,17837
2021-08-11T00:00:00.000000Z,0.0016880000475794077,0.0017030000453814864,0.0016870000399649143,0.0016929999692365527,14250
2021-08-12T00:00:00.000000Z,0.0016929999692365527,0.0017199999419972301,0.0016880000475794077,0.0016880000475794077,20835
2021-08-13T00:00:00.000000Z,0.0016880000475794077,0.0017030000453814864,0.0016809999942779541,0.0016809999942779541,23477
2021-08-14T00:00:00.000000Z,0.0016809999942779541,0.0017000000225380063,0.0016740000573918223,0.001690999954007566,29030
2021-08-15T00:00:00.000000Z,0.001690999954007566,0.0017069999594241381,0.0016890000551939011,0.0016990000149235129,26512
2021-08-16T00:00:00.000000Z,0.0016980000073090196,0.0017379999626427889,0.0016550000291317701,0.0016550000291317701,37032
2021-08-17T00:00:00.000000Z,0.0016550000291317701,0.0017509999452158809,0.0016479999758303165,0.0016530000139027834,51500
2021-08-18T00:00:00.000000Z,0.0016530000139027834,0.001686000032350421,0.0015940000303089619,0.0016029999824240804,33896
2021-08-19T00:00:00.000000Z,0.0016029999824240804,0.0016270000487565994,0.0015940000303089619,0.0016260000411421061,18404
2021-08-20T00:00:00.000000Z,0.0016260000411421061,0.0016749999485909939,0.0016260000411421061,0.0016740000573918223,9094
2021-08-21T00:00:00.000000Z,0.0016740000573918223,0.0017350000562146306,0.001673000049777329,0.0017269999952986836,8682
2021-08-22T00:00:00.000000Z,0.0017269999952986836,0.0017869999865069985,0.0016840000171214342,0.0017010000301524997,13340
2021-08-23T00:00:00.000000Z,0.0017010000301524997,0.0017180000431835651,0.001690999954007566,0.001702000037766993,14262
2021-08-24T00:00:00.000000Z,0.001702000037766993,0.0017190000507980585,0.0016740000573918223,0.0016870000399649143,9700
2021-08-25T00:00:00.000000Z,0.0016870000399649143,0.0018510000081732869,0.0016550000291317701,0.0017440000083297491,24129
2021-08-26T00:00:00.000000Z,0.0017430000007152557,0.0017440000083297491,0.001664999988861382,0.0016939999768510461,22481
2021-08-27T00:00:00.000000Z,0.0016939999768510461,0.0017460000235587358,0.0016939999768510461,0.0017290000105276704,7608
2021-08-28T00:00:00.000000Z,0.0017290000105276704,0.0018240000354126096,0.0017290000105276704,0.001816999982111156,7529
2021-08-29T00:00:00.000000Z,0.001816999982111156,0.0018339999951422215,0.0018080000299960375,0.0018100000452250242,5130
2021-08-30T00:00:00.000000Z,0.0018100000452250242,0.0018179999897256494,0.0017989999614655972,0.0018100000452250242,4241
2021-08-31T00:00:00.000000Z,0.0018100000452250242,0.0018100000452250242,0.0015670000575482845,0.0017640000442042947,8051
2021-09-01T00:00:00.000000Z,0.0017640000442042947,0.0018309999722987413,0.0016309999627992511,0.0018019999843090773,9979
2021-09-02T00:00:00.000000Z,0.0018019999843090773,0.0018960000015795231,0.0018019999843090773,0.0018960000015795231,5497
2021-09-03T00:00:00.000000Z,0.0018960000015795231,0.0019369999645277858,0.0018210000125691295,0.0019020000472664833,0
2021-09-04T00:00:00.000000Z,0.0019030000548809767,0.002073999959975481,0.0018830000190064311,0.0020630001090466976,7333
2021-09-05T00:00:00.000000Z,0.0020630001090466976,0.0021430000197142363,0.002044999971985817,0.0021430000197142363,6771
2021-09-06T00:00:00.000000Z,0.0021430000197142363,0.0021599999163299799,0.0020179999992251396,0.0020179999992251396,5017
2021-09-07T00:00:00.000000Z,0.0020179999992251396,0.002019000006839633,0.001436999998986721,0.0018129999516531825,13818
2021-09-08T00:00:00.000000Z,0.0018129999516531825,0.0019650000613182783,0.0016670000040903687,0.0019099999917671084,16272
2021-09-09T00:00:00.000000Z,0.0019099999917671084,0.0019910000264644623,0.0018739999504759908,0.0019470000406727195,7498
2021-09-10T00:00:00.000000Z,0.0019470000406727195,0.0022640000097453594,0.0018690000288188457,0.0019369999645277858,16805
2021-09-11T00:00:00.000000Z,0.0019369999645277858,0.0020220000296831131,0.0018179999897256494,0.0018739999504759908,18843
2021-09-12T00:00:00.000000Z,0.0018749999580904841,0.0018749999580904841,0.0018260000506415963,0.0018370000179857016,5146
2021-09-13T00:00:00.000000Z,0.0018370000179857016,0.0020230000372976065,0.001829999964684248,0.0019330000504851341,0
2021-09-14T00:00:00.000000Z,0.0019320000428706408,0.0019869999960064888,0.0018860000418499112,0.0019859999883919954,0
2021-09-15T00:00:00.000000Z,0.0019859999883919954,0.002019000006839633,0.0019499999471008778,0.0020039998926222324,0
2021-09-16T00:00:00.000000Z,0.0020039998926222324,0.002044999971985817,0.0019600000232458115,0.0019640000537037849,0
2021-09-17T00:00:00.000000Z,0.0019640000537037849,0.0020300000905990601,0.0019499999471008778,0.0019990000873804092,0
2021-09-18T00:00:00.000000Z,0.0019990000873804092,0.0021389999892562628,0.001993000041693449,0.0021359999664127827,0
2021-09-19T00:00:00.000000Z,0.0021359999664127827,0.0023030000738799572,0.0021029999479651451,0.0021150000393390656,19089
2021-09-20T00:00:00.000000Z,0.0021150000393390656,0.0021150000393390656,0.0018980000168085098,0.0019130000146105886,20272
2021-09-21T00:00:00.000000Z,0.0019130000146105886,0.0019140000222250819,0.0017900000093504786,0.0017960000550374389,5976
2021-09-22T00:00:00.000000Z,0.0017960000550374389,0.0019869999960064888,0.0017709999810904264,0.0019849999807775021,4738
2021-09-23T00:00:00.000000Z,0.0019849999807775021,0.0020729999523609877,0.0017030000453814864,0.0019749999046325684,10145
2021-09-24T00:00:00.000000Z,0.0019749999046325684,0.0019749999046325684,0.0017000000225380063,0.0018230000277981162,13497
2021-09-25T00:00:00.000000Z,0.0018230000277981162,0.0018230000277981162,0.001690999954007566,0.0017290000105276704,8409
2021-09-26T00:00:00.000000Z,0.0017290000105276704,0.0017290000105276704,0.0012750000460073352,0.0016129999421536922,10694
2021-09-27T00:00:00.000000Z,0.0016129999421536922,0.0016380000161007047,0.0015999999595806003,0.0015999999595806003,9255
2021-09-28T00:00:00.000000Z,0.0015999999595806003,0.0015999999595806003,0.0015170000260695815,0.0015239999629557133,0
2021-09-29T00:00:00.000000Z,0.0015239999629557133,0.0015839999541640282,0.001521000056527555,0.0015620000194758177,0
2021-09-30T00:00:00.000000Z,0.0015620000194758177,0.001597000053152442,0.0015460000140592456,0.0015879999846220016,0
2021-10-01T00:00:00.000000Z,0.0015879999846220016,0.0016210000030696392,0.0015739999944344163,0.0016189999878406525,0
2021-10-02T00:00:00.000000Z,0.0016189999878406525,0.0016329999780282378,0.0015979999443516135,0.0016210000030696392,0
2021-10-03T00:00:00.000000Z,0.0016210000030696392,0.0017219999572262168,0.0015940000303089619,0.0016039999900385737,6217
2021-10-04T00:00:00.000000Z,0.0016039999900385737,0.0016080000204965472,0.0015699999639764428,0.0015780000248923898,6124
2021-10-05T00:00:00.000000Z,0.0015790000325068831,0.001610000035725534,0.0015780000248923898,0.0015999999595806003,0
2021-10-06T00:00:00.000000Z,0.0015999999595806003,0.0018729999428614974,0.0015999999595806003,0.0016250000335276127,13665
2021-10-07T00:00:00.000000Z,0.0016250000335276127,0.0016430000541731715,0.0015940000303089619,0.0016080000204965472,12200
2021-10-08T00:00:00.000000Z,0.0016080000204965472,0.0017109999898821115,0.0016080000204965472,0.0017000000225380063,0
2021-10-09T00:00:00.000000Z,0.0017000000225380063,0.0018119999440386891,0.0015640000347048044,0.0017869999865069985,9444
2021-10-10T00:00:00.000000Z,0.0017869999865069985,0.0018159999744966626,0.0017869999865069985,0.0018050000071525574,7477
2021-10-11T00:00:00.000000Z,0.0018050000071525574,0.0018370000179857016,0.001753999968059361,0.001753999968059361,0
2021-10-12T00:00:00.000000Z,0.0017549999756738544,0.0019039999460801482,0.0017239999724552035,0.0017359999474138021,0
2021-10-13T00:00:00.000000Z,0.0017359999474138021,0.0018739999504759908,0.0016890000551939011,0.0017579999985173345,0
2021-10-14T00:00:00.000000Z,0.0017579999985173345,0.001803999999538064,0.0017350000562146306,0.0017989999614655972,0
2021-10-15T00:00:00.000000Z,0.0017989999614655972,0.0018110000528395176,0.0017269999952986836,0.0017930000321939588,0
2021-10-16T00:00:00.000000Z,0.0017930000321939588,0.001934999949298799,0.0017430000007152557,0.0017650000518187881,0
2021-10-17T00:00:00.000000Z,0.0017650000518187881,0.0019580000080168247,0.0017399999778717756,0.0017770000267773867,0
2021-10-18T00:00:00.000000Z,0.0017770000267773867,0.0018400000408291817,0.0017480000387877226,0.0017740000039339066,0
2021-10-19T00:00:00.000000Z,0.0017740000039339066,0.0021339999511837959,0.001484000007621944,0.0020359999034553766,20042
2021-10-20T00:00:00.000000Z,0.0020359999034553766,0.0024250000715255737,0.0018729999428614974,0.00241499999538064,32399
2021-10-21T00:00:00.000000Z,0.0024139999877661467,0.0024459999985992908,0.0022279999684542418,0.0022460001055151224,23501
2021-10-22T00:00:00.000000Z,0.0022460001055151224,0.0023419999051839113,0.0022169998846948147,0.0022819999139755964,0
2021-10-23T00:00:00.000000Z,0.0022819999139755964,0.0023280000314116478,0.0022799998987466097,0.0022869999520480633,0
2021-10-24T00:00:00.000000Z,0.0022869999520480633,0.0023920000530779362,0.0022670000325888395,0.0023300000466406345,0
2021-10-25T00:00:00.000000Z,0.0023300000466406345,0.0023550000041723251,0.0022589999716728926,0.0022589999716728926,0
2021-10-26T00:00:00.000000Z,0.0022589999716728926,0.0023250000085681677,0.0022579999640583992,0.0022789998911321163,0
2021-10-27T00:00:00.000000Z,0.0022789998911321163,0.0023709998931735754,0.0021110000088810921,0.0022879999596625566,14869
2021-10-28T00:00:00.000000Z,0.0022879999596625566,0.0023759999312460423,0.0022660000249743462,0.002369999885559082,0
2021-10-29T00:00:00.000000Z,0.002369999885559082,0.0023709998931735754,0.0023060000967234373,0.002308000111952424,0
2021-10-30T00:00:00.000000Z,0.002308000111952424,0.0023179999552667141,0.0022650000173598528,0.0022839999292045832,0
2021-10-31T00:00:00.000000Z,0.0022839999292045832,0.0023260000161826611,0.0022839999292045832,0.0023240000009536743,0
2021-11-01T00:00:00.000000Z,0.0023240000009536743,0.0023350000847131014,0.0023129999171942472,0.002334000077098608,0
2021-11-02T00:00:00.000000Z,0.002334000077098608,0.0023350000847131014,0.0022980000358074903,0.0023240000009536743,0
2021-11-03T00:00:00.000000Z,0.0023240000009536743,0.0023350000847131014,0.002308000111952424,0.0023310000542551279,0
2021-11-04T00:00:00.000000Z,0.0023310000542551279,0.0025249999016523361,0.0023310000542551279,0.0025249999016523361,0
2021-11-05T00:00:00.000000Z,0.0025249999016523361,0.0025440000463277102,0.0023650000803172588,0.0024009998887777328,0
2021-11-06T00:00:00.000000Z,0.0024009998887777328,0.0026030000299215317,0.0023459999356418848,0.0026020000223070383,0
2021-11-07T00:00:00.000000Z,0.0026030000299215317,0.0028029999230057001,0.0025690000038594007,0.0027799999807029963,0
2021-11-08T00:00:00.000000Z,0.0027799999807029963,0.0028770000208169222,0.0026869999710470438,0.0028379999566823244,0
2021-11-09T00:00:00.000000Z,0.0028379999566823244,0.0028389999642968178,0.0025770000647753477,0.0026310000102967024,0
2021-11-10T00:00:00.000000Z,0.0026320000179111958,0.0026799999177455902,0.0024689999409019947,0.0024989999365061522,0
2021-11-11T00:00:00.000000Z,0.0024989999365061522,0.0025969999842345715,0.0024969999212771654,0.0025690000038594007,0
2021-11-12T00:00:00.000000Z,0.0025649999734014273,0.0026680000592023134,0.0024069999344646931,0.002466999925673008,0
2021-11-13T00:00:00.000000Z,0.0024699999485164881,0.0026209999341517687,0.0024240000639110804,0.0026209999341517687,0
2021-11-14T00:00:00.000000Z,0.0026209999341517687,0.0026289999950677156,0.0024510000366717577,0.0024929998908191919,0
2021-11-15T00:00:00.000000Z,0.0024929998908191919,0.0026030000299215317,0.0024920001160353422,0.0025319999549537897,0
2021-11-16T00:00:00.000000Z,0.0025359999854117632,0.0025359999854117632,0.0023499999660998583,0.0024260000791400671,0
2021-11-17T00:00:00.000000Z,0.0024250000715255737,0.002449000021442771,0.002351999981328845,0.0024260000791400671,0
2021-11-18T00:00:00.000000Z,0.0024260000791400671,0.002460000105202198,0.0022839999292045832,0.0023199999704957008,0
2021-11-19T00:00:00.000000Z,0.0023189999628812075,0.0024399999529123306,0.0022489998955279589,0.0024379999376833439,0
2021-11-20T00:00:00.000000Z,0.0024369999300688505,0.0024619998876005411,0.0023350000847131014,0.0024260000791400671,0
2021-11-21T00:00:00.000000Z,0.0024240000639110804,0.0025210001040250063,0.0023890000302344561,0.0024429999757558107,0
2021-11-22T00:00:00.000000Z,0.0024439999833703041,0.0024530000519007444,0.0023539999965578318,0.0023990001063793898,0
2021-11-23T00:00:00.000000Z,0.0023990001063793898,0.0024270000867545605,0.0023219999857246876,0.0023719999007880688,0
2021-11-24T00:00:00.000000Z,0.0023709998931735754,0.0023900000378489494,0.0022640000097453594,0.0023870000150054693,1
2021-11-25T00:00:00.000000Z,0.0023129999171942472,0.0024280000943690538,0.0023099998943507671,0.0023719999007880688,1
2021-11-26T00:00:00.000000Z,0.0024250000715255737,0.0024280000943690538,0.0022559999488294125,0.0022909999825060368,0
2021-11-27T00:00:00.000000Z,0.0022919999901205301,0.0023350000847131014,0.0022740000858902931,0.0023040000814944506,0
2021-11-28T00:00:00.000000Z,0.0023040000814944506,0.0023179999552667141,0.0022239999379962683,0.0022960000205785036,0
2021-11-29T00:00:00.000000Z,0.0022960000205785036,0.0023620000574737787,0.0022740000858902931,0.002360000042244792,0
2021-11-30T00:00:00.000000Z,0.002360000042244792,0.0023630000650882721,0.0021869998890906572,0.0021899999119341373,0
2021-12-01T00:00:00.000000Z,0.0021899999119341373,0.0022460001055151224,0.0021559998858720064,0.0021689999848604202,0
2021-12-02T00:00:00.000000Z,0.0021689999848604202,0.0022070000413805246,0.0021269998978823423,0.0021359999664127827,0
2021-12-03T00:00:00.000000Z,0.0021379999816417694,0.0023290000390261412,0.0021359999664127827,0.0021389999892562628,0
2021-12-04T00:00:00.000000Z,0.0021389999892562628,0.0021790000610053539,0.0018680000212043524,0.0019480000482872128,0
2021-12-05T00:00:00.000000Z,0.0019480000482872128,0.0020399999339133501,0.0019120000069960952,0.0019450000254437327,0
2021-12-06T00:00:00.000000Z,0.0019450000254437327,0.0019759999122470617,0.0018830000190064311,0.0019239999819546938,0
2021-12-07T00:00:00.000000Z,0.0019249999895691872,0.0019359999569132924,0.0018980000168085098,0.001930000027641654,0
2021-12-08T00:00:00.000000Z,0.001930000027641654,0.0019680000841617584,0.0019049999536946416,0.0019409999949857593,0
2021-12-09T00:00:00.000000Z,0.0019389999797567725,0.0019690000917762518,0.0018629999831318855,0.0018820000113919377,0
2021-12-10T00:00:00.000000Z,0.0018830000190064311,0.0019000000320374966,0.0017760000191628933,0.0018080000299960375,0
2021-12-11T00:00:00.000000Z,0.0018070000223815441,0.0019140000222250819,0.0018029999919235706,0.0019010000396519899,0
2021-12-12T00:00:00.000000Z,0.0019010000396519899,0.0019180000526830554,0.0018609999679028988,0.0019049999536946416,0
2021-12-13T00:00:00.000000Z,0.001905999961309135,0.0019089999841526151,0.001749000046402216,0.001749000046402216,0
2021-12-14T00:00:00.000000Z,0.001749000046402216,0.0018339999951422215,0.0017419999931007624,0.0017999999690800905,1
2021-12-15T00:00:00.000000Z,0.0018240000354126096,0.0018250000430271029,0.0016550000291317701,0.0017709999810904264,0
2021-12-16T00:00:00.000000Z,0.0017709999810904264,0.0017879999941214919,0.0017480000387877226,0.0017709999810904264,0
2021-12-17T00:00:00.000000Z,0.0017709999810904264,0.0017740000039339066,0.0016969999996945262,0.0017300000181421638,0
2021-12-18T00:00:00.000000Z,0.0017310000257566571,0.0017340000486001372,0.0016830000095069408,0.0017170000355690718,0
2021-12-19T00:00:00.000000Z,0.0017170000355690718,0.0017450000159442425,0.0016809999942779541,0.0017239999724552035,0
2021-12-20T00:00:00.000000Z,0.0017239999724552035,0.001728000002913177,0.0016540000215172768,0.001686000032350421,0
2021-12-21T00:00:00.000000Z,0.0016840000171214342,0.0017140000127255917,0.0016509999986737967,0.0017109999898821115,0
2021-12-22T00:00:00.000000Z,0.0017109999898821115,0.0017320000333711505,0.0016980000073090196,0.0017269999952986836,0
2021-12-23T00:00:00.000000Z,0.0017269999952986836,0.0018210000125691295,0.001686000032350421,0.0018189999973401427,0
2021-12-24T00:00:00.000000Z,0.0018189999973401427,0.0020590000785887241,0.0017180000431835651,0.0017869999865069985,0
2021-12-25T00:00:00.000000Z,0.0017849999712780118,0.0018250000430271029,0.0016980000073090196,0.0017979999538511038,0
2021-12-26T00:00:00.000000Z,0.0017969999462366104,0.0018019999843090773,0.001753999968059361,0.0017839999636635184,0
2021-12-27T00:00:00.000000Z,0.0017839999636635184,0.0017890000017359853,0.001728000002913177,0.0017320000333711505,0
2021-12-28T00:00:00.000000Z,0.0017300000181421638,0.0017350000562146306,0.0016820000018924475,0.0016919999616220593,0
2021-12-29T00:00:00.000000Z,0.0016899999463930726,0.0017290000105276704,0.0016799999866634607,0.0016799999866634607,0
2021-12-30T00:00:00.000000Z,0.0016789999790489674,0.0017109999898821115,0.0016700000269338489,0.0016870000399649143,0
2021-12-31T00:00:00.000000Z,0.0016870000399649143,0.0017130000051110983,0.0016749999485909939,0.0016919999616220593,0
2022-01-01T00:00:00.000000Z,0.0016919999616220593,0.0017300000181421638,0.0016890000551939011,0.0017219999572262168,0
2022-01-02T00:00:00.000000Z,0.0017219999572262168,0.0017679999582469463,0.0017170000355690718,0.0017559999832883477,0
2022-01-03T00:00:00.000000Z,0.0017559999832883477,0.0017650000518187881,0.0017219999572262168,0.001740999985486269,0
2022-01-04T00:00:00.000000Z,0.001740999985486269,0.0017879999941214919,0.0017269999952986836,0.0017600000137463212,0
2022-01-05T00:00:00.000000Z,0.0017600000137463212,0.0017999999690800905,0.0016759999562054873,0.001702000037766993,0
2022-01-06T00:00:00.000000Z,0.001702000037766993,0.001702000037766993,0.0016499999910593033,0.0016789999790489674,0
2022-01-07T00:00:00.000000Z,0.0016789999790489674,0.0016799999866634607,0.0016029999824240804,0.0016360000008717179,0
2022-01-08T00:00:00.000000Z,0.0016360000008717179,0.0016710000345483422,0.001601999974809587,0.001639000023715198,0
2022-01-09T00:00:00.000000Z,0.001639000023715198,0.0016680000117048621,0.0016230000182986259,0.0016459999606013298,0
2022-01-10T00:00:00.000000Z,0.0016459999606013298,0.0016700000269338489,0.0015770000172778964,0.0016080000204965472,0
2022-01-11T00:00:00.000000Z,0.0016080000204965472,0.0016380000161007047,0.0015829999465495348,0.0016199999954551458,0
2022-01-12T00:00:00.000000Z,0.0016210000030696392,0.0017010000301524997,0.0016179999802261591,0.0016929999692365527,0
2022-01-13T00:00:00.000000Z,0.0016929999692365527,0.0017059999518096447,0.0016509999986737967,0.0016530000139027834,0
2022-01-14T00:00:00.000000Z,0.0016530000139027834,0.001677999971434474,0.0016380000161007047,0.0016690000193193555,0
2022-01-15T00:00:00.000000Z,0.0016690000193193555,0.001702000037766993,0.0016629999736323953,0.0016710000345483422,0
2022-01-16T00:00:00.000000Z,0.0016710000345483422,0.0016809999942779541,0.0016560000367462635,0.001673000049777329,0
2022-01-17T00:00:00.000000Z,0.001673000049777329,0.0016830000095069408,0.0016169999726116657,0.0016710000345483422,0
2022-01-18T00:00:00.000000Z,0.0016710000345483422,0.0017770000267773867,0.0016309999627992511,0.0017310000257566571,0
2022-01-19T00:00:00.000000Z,0.0017310000257566571,0.0017729999963194132,0.0016830000095069408,0.0017089999746531248,0
2022-01-20T00:00:00.000000Z,0.0017089999746531248,0.0017999999690800905,0.0016710000345483422,0.0017069999594241381,0
2022-01-21T00:00:00.000000Z,0.0017079999670386314,0.0017219999572262168,0.001551999943330884,0.0015729999868199229,0
2022-01-22T00:00:00.000000Z,0.0015739999944344163,0.0015920000150799751,0.0013480000197887421,0.0013749999925494194,0
2022-01-23T00:00:00.000000Z,0.0013749999925494194,0.0014449999434873462,0.0013520000502467155,0.0014270000392571092,0
2022-01-24T00:00:00.000000Z,0.0014280000468716025,0.0014410000294446945,0.0013170000165700912,0.0013269999762997031,0
2022-01-25T00:00:00.000000Z,0.0013269999762997031,0.0017089999746531248,0.0013139999937266111,0.0016799999866634607,0
2022-01-26T00:00:00.000000Z,0.0016799999866634607,0.0017160000279545784,0.0016159999649971724,0.0016380000161007047,0
2022-01-27T00:00:00.000000Z,0.0016380000161007047,0.0016619999660179019,0.001601999974809587,0.0016530000139027834,0
2022-01-28T00:00:00.000000Z,0.0016530000139027834,0.0016670000040903687,0.0015510000521317124,0.0016670000040903687,0
2022-01-29T00:00:00.000000Z,0.0016659999964758754,0.001677999971434474,0.0015670000575482845,0.0016659999964758754,0
2022-01-30T00:00:00.000000Z,0.0016670000040903687,0.0017030000453814864,0.0015739999944344163,0.0015930000226944685,0
2022-01-31T00:00:00.000000Z,0.0015930000226944685,0.0016139999497681856,0.0015480000292882323,0.0016090000281110406,0
2022-02-01T00:00:00.000000Z,0.0016090000281110406,0.0016360000008717179,0.0015950000379234552,0.0016220000106841326,0
2022-02-02T00:00:00.000000Z,0.0016220000106841326,0.001639000023715198,0.0015739999944344163,0.0015829999465495348,0
2022-02-03T00:00:00.000000Z,0.0015829999465495348,0.0016639999812468886,0.0015549999661743641,0.0016639999812468886,0
2022-02-04T00:00:00.000000Z,0.0016639999812468886,0.0017160000279545784,0.0015679999487474561,0.0017160000279545784,0
2022-02-05T00:00:00.000000Z,0.0017160000279545784,0.001728000002913177,0.0016580000519752502,0.0016580000519752502,0
2022-02-06T00:00:00.000000Z,0.0016580000519752502,0.0017950000474229455,0.0015350000467151403,0.0017430000007152557,0
2022-02-07T00:00:00.000000Z,0.0017430000007152557,0.0018550000386312604,0.0016740000573918223,0.0017399999778717756,0
2022-02-08T00:00:00.000000Z,0.001740999985486269,0.001766999950632453,0.0016740000573918223,0.0017229999648407102,0
2022-02-09T00:00:00.000000Z,0.0017229999648407102,0.001753999968059361,0.001686000032350421,0.0017269999952986836,0
2022-02-10T00:00:00.000000Z,0.001728000002913177,0.0017559999832883477,0.0016870000399649143,0.0016899999463930726,0
2022-02-11T00:00:00.000000Z,0.001690999954007566,0.001702000037766993,0.0016210000030696392,0.0016400000313296914,0
2022-02-12T00:00:00.000000Z,0.0016400000313296914,0.0016449999529868364,0.0015859999693930149,0.0015979999443516135,0
2022-02-13T00:00:00.000000Z,0.0015979999443516135,0.0016189999878406525,0.0015829999465495348,0.001601999974809587,0
2022-02-14T00:00:00.000000Z,0.0016009999671950936,0.0016159999649971724,0.0015719999792054296,0.0016070000128820539,0
2022-02-15T00:00:00.000000Z,0.0016070000128820539,0.0016969999996945262,0.0015950000379234552,0.0016949999844655395,0
2022-02-16T00:00:00.000000Z,0.0016949999844655395,0.0017069999594241381,0.0015859999693930149,0.001677999971434474,0
2022-02-17T00:00:00.000000Z,0.0016769999638199806,0.0016850000247359276,0.0015829999465495348,0.0015899999998509884,0
2022-02-18T00:00:00.000000Z,0.0015899999998509884,0.0016120000509545207,0.0015480000292882323,0.0015549999661743641,0
2022-02-19T00:00:00.000000Z,0.0015539999585598707,0.0015709999715909362,0.0015350000467151403,0.0015549999661743641,0
2022-02-20T00:00:00.000000Z,0.0015549999661743641,0.0015549999661743641,0.0014979999978095293,0.0015079999575391412,0
2022-02-21T00:00:00.000000Z,0.0015069999499246478,0.0015439999988302588,0.0014649999793618917,0.0014659999869763851,0
2022-02-22T00:00:00.000000Z,0.0014659999869763851,0.0014860000228509307,0.0014430000446736813,0.0014850000152364373,0
2022-02-23T00:00:00.000000Z,0.0014850000152364373,0.0015229999553412199,0.0014669999945908785,0.0014750000555068254,0
2022-02-24T00:00:00.000000Z,0.0014740000478923321,0.0015030000358819962,0.0013630000175908208,0.0014850000152364373,0
2022-02-25T00:00:00.000000Z,0.0014850000152364373,0.0015379999531432986,0.0014690000098198652,0.0015229999553412199,0
2022-02-26T00:00:00.000000Z,0.0015229999553412199,0.0015569999814033508,0.0015160000184550881,0.0015350000467151403,0
2022-02-27T00:00:00.000000Z,0.0015350000467151403,0.0015630000270903111,0.00145800004247576,0.0014870000304654241,0
2022-02-28T00:00:00.000000Z,0.0014870000304654241,0.0015920000150799751,0.0014590000500902534,0.001576000009663403,0
2022-03-01T00:00:00.000000Z,0.001576000009663403,0.0016129999421536922,0.0015190000412985682,0.0015620000194758177,0
2022-03-02T00:00:00.000000Z,0.0015630000270903111,0.0015859999693930149,0.0014929999597370625,0.0015269999857991934,0
2022-03-03T00:00:00.000000Z,0.0015269999857991934,0.0015660000499337912,0.0014509999891743064,0.0015079999575391412,0
2022-03-04T00:00:00.000000Z,0.0015079999575391412,0.0015350000467151403,0.0013539999490603805,0.0013539999490603805,0
2022-03-05T00:00:00.000000Z,0.0013549999566748738,0.0014669999945908785,0.0013549999566748738,0.0014169999631121755,0
2022-03-06T00:00:00.000000Z,0.0014169999631121755,0.0014530000044032931,0.0013439999893307686,0.0013480000197887421,0
2022-03-07T00:00:00.000000Z,0.0013480000197887421,0.0014029999729245901,0.0013020000187680125,0.0013129999861121178,0
2022-03-08T00:00:00.000000Z,0.0013129999861121178,0.0014019999653100967,0.001310999970883131,0.0013599999947473407,0
2022-03-09T00:00:00.000000Z,0.0013599999947473407,0.0014329999685287476,0.0013510000426322222,0.0014209999935701489,0
2022-03-10T00:00:00.000000Z,0.0014209999935701489,0.0014290000544860959,0.0013719999697059393,0.001395000028423965,0
2022-03-11T00:00:00.000000Z,0.001395000028423965,0.0014349999837577343,0.0013510000426322222,0.0013930000131949782,0
2022-03-12T00:00:00.000000Z,0.0013930000131949782,0.0014179999707266688,0.0013909999979659915,0.0013989999424666166,0
2022-03-13T00:00:00.000000Z,0.0013989999424666166,0.0014140000566840172,0.0013650000328198075,0.0013760000001639128,0
2022-03-14T00:00:00.000000Z,0.0013760000001639128,0.0014120000414550304,0.0013399999588727951,0.0014120000414550304,0
2022-03-15T00:00:00.000000Z,0.0014110000338405371,0.0014189999783411622,0.0013490000274032354,0.001395000028423965,0
2022-03-16T00:00:00.000000Z,0.001395000028423965,0.0014420000370591879,0.0013490000274032354,0.0014209999935701489,0
2022-03-17T00:00:00.000000Z,0.0014209999935701489,0.0014209999935701489,0.0013770000077784061,0.0013780000153928995,0
2022-03-18T00:00:00.000000Z,0.0013770000077784061,0.0014299999456852674,0.001361000002361834,0.0014149999478831887,0
2022-03-19T00:00:00.000000Z,0.0014149999478831887,0.0014270000392571092,0.0013970000436529517,0.0014260000316426158,0
2022-03-20T00:00:00.000000Z,0.0014260000316426158,0.0014400000218302011,0.0013630000175908208,0.0013960000360384583,0
2022-03-21T00:00:00.000000Z,0.0013960000360384583,0.0014639999717473984,0.0013729999773204327,0.0014560000272467732,0
2022-03-22T00:00:00.000000Z,0.0014560000272467732,0.0014880000380799174,0.0014459999511018395,0.0014669999945908785,0
2022-03-23T00:00:00.000000Z,0.0014669999945908785,0.0014799999771639705,0.0014359999913722277,0.001471000025048852,0
2022-03-24T00:00:00.000000Z,0.001471000025048852,0.0014939999673515558,0.0014469999587163329,0.0014779999619349837,0
2022-03-25T00:00:00.000000Z,0.0014779999619349837,0.001500000013038516,0.00145800004247576,0.0014720000326633453,0
2022-03-26T00:00:00.000000Z,0.0014720000326633453,0.0014860000228509307,0.0014519999967887998,0.0014700000174343586,0
2022-03-27T00:00:00.000000Z,0.0014700000174343586,0.0014979999978095293,0.0013790000230073929,0.0013830000534653664,0
2022-03-28T00:00:00.000000Z,0.0013830000534653664,0.0014909999445080757,0.0013780000153928995,0.001386999967508018,0
2022-03-29T00:00:00.000000Z,0.0013859999598935246,0.001449999981559813,0.0013849999522790313,0.0014199999859556556,0
2022-03-30T00:00:00.000000Z,0.0014199999859556556,0.0014730000402778387,0.0013699999544769526,0.0014299999456852674,0
2022-03-31T00:00:00.000000Z,0.0014299999456852674,0.0015630000270903111,0.0014130000490695238,0.0015160000184550881,0
2022-04-01T00:00:00.000000Z,0.0015160000184550881,0.0015330000314861536,0.0014179999707266688,0.001462999964132905,0
2022-04-02T00:00:00.000000Z,0.0014639999717473984,0.0014939999673515558,0.0014479999663308263,0.001449999981559813,0
2022-04-03T00:00:00.000000Z,0.001449999981559813,0.0014659999869763851,0.0014400000218302011,0.001449999981559813,0
2022-04-04T00:00:00.000000Z,0.001449999981559813,0.0015140000032261014,0.001436999998986721,0.0015089999651536345,0
2022-04-05T00:00:00.000000Z,0.0015089999651536345,0.001512999995611608,0.0014700000174343586,0.001471000025048852,0
2022-04-06T00:00:00.000000Z,0.001471000025048852,0.001471000025048852,0.0013839999446645379,0.0013849999522790313,0
2022-04-07T00:00:00.000000Z,0.0013849999522790313,0.0014130000490695238,0.0013790000230073929,0.0014090000186115503,0
2022-04-08T00:00:00.000000Z,0.0014090000186115503,0.0014280000468716025,0.0013839999446645379,0.0013909999979659915,0
2022-04-09T00:00:00.000000Z,0.0013909999979659915,0.0014019999653100967,0.0013419999741017818,0.0013559999642893672,0
2022-04-10T00:00:00.000000Z,0.0013559999642893672,0.0013719999697059393,0.0013399999588727951,0.0013399999588727951,0
2022-04-11T00:00:00.000000Z,0.0013399999588727951,0.0013480000197887421,0.0012450000504031777,0.0012720000231638551,0
2022-04-12T00:00:00.000000Z,0.0012720000231638551,0.001310999970883131,0.0012639999622479081,0.001310999970883131,0
2022-04-13T00:00:00.000000Z,0.001310999970883131,0.0013340000296011567,0.0012989999959245324,0.0013330000219866633,0
2022-04-14T00:00:00.000000Z,0.0013330000219866633,0.0013470000121742487,0.001310999970883131,0.0013200000394135714,0
2022-04-15T00:00:00.000000Z,0.0013200000394135714,0.0013350000372156501,0.0013129999861121178,0.0013330000219866633,0
2022-04-16T00:00:00.000000Z,0.0013330000219866633,0.0013569999719038606,0.0013229999458417296,0.0013539999490603805,0
2022-04-17T00:00:00.000000Z,0.0013530000578612089,0.0013569999719038606,0.0013150000013411045,0.0013150000013411045,0
2022-04-18T00:00:00.000000Z,0.0013150000013411045,0.0013419999741017818,0.0012919999426230788,0.0013310000067576766,0
2022-04-19T00:00:00.000000Z,0.0013310000067576766,0.0014799999771639705,0.0013279999839141965,0.0014769999543204904,0
2022-04-20T00:00:00.000000Z,0.0014769999543204904,0.0016159999649971724,0.0014619999565184116,0.0015979999443516135,0
2022-04-21T00:00:00.000000Z,0.0015979999443516135,0.0016159999649971724,0.0015030000358819962,0.0015119999879971147,0
2022-04-22T00:00:00.000000Z,0.0015119999879971147,0.0015200000489130616,0.001471000025048852,0.0014779999619349837,0
2022-04-23T00:00:00.000000Z,0.0014779999619349837,0.0014870000304654241,0.0014619999565184116,0.0014769999543204904,0
2022-04-24T00:00:00.000000Z,0.0014769999543204904,0.0014909999445080757,0.001462999964132905,0.0014639999717473984,0
2022-04-25T00:00:00.000000Z,0.0014639999717473984,0.0014730000402778387,0.0014049999881535769,0.0014489999739453197,0
2022-04-26T00:00:00.000000Z,0.0014489999739453197,0.0014540000120177865,0.0013760000001639128,0.0013800000306218863,0
2022-04-27T00:00:00.000000Z,0.0013800000306218863,0.001395000028423965,0.0013709999620914459,0.0013899999903514981,0
2022-04-28T00:00:00.000000Z,0.0013899999903514981,0.0014209999935701489,0.0013839999446645379,0.0014090000186115503,0
2022-04-29T00:00:00.000000Z,0.0014090000186115503,0.001471000025048852,0.0013220000546425581,0.0013299999991431832,0
2022-04-30T00:00:00.000000Z,0.0013299999991431832,0.001373999984934926,0.0012919999426230788,0.0012929999502375722,0
2022-05-01T00:00:00.000000Z,0.0012929999502375722,0.0012939999578520656,0.0012410000199452043,0.0012659999774768949,0
2022-05-02T00:00:00.000000Z,0.0012659999774768949,0.0012880000285804272,0.001243000035174191,0.0012590000405907631,0
2022-05-03T00:00:00.000000Z,0.0012590000405907631,0.0012639999622479081,0.0012019999558106065,0.0012029999634250998,0
2022-05-04T00:00:00.000000Z,0.0012029999634250998,0.0012639999622479081,0.0012029999634250998,0.0012600000482052565,0
2022-05-05T00:00:00.000000Z,0.0012600000482052565,0.0012809999752789736,0.0011609999928623438,0.0011749999830499291,0
2022-05-06T00:00:00.000000Z,0.0011749999830499291,0.0011790000135079026,0.0011340000201016665,0.0011409999569877982,0
2022-05-07T00:00:00.000000Z,0.0011409999569877982,0.0011980000417679548,0.0011360000353306532,0.001142999972216785,0
2022-05-08T00:00:00.000000Z,0.001142999972216785,0.0011490000179037452,0.0011070000473409891,0.0011309999972581863,0
2022-05-09T00:00:00.000000Z,0.0011320000048726797,0.0011409999569877982,0.0010440000332891941,0.0010479999473318458,0
2022-05-10T00:00:00.000000Z,0.0010470000561326742,0.0010629999451339245,0.00099900003988295794,0.0010110000148415565,0
2022-05-11T00:00:00.000000Z,0.0010110000148415565,0.0010209999745711684,0.00075000000651925802,0.00076199998147785664,0
2022-05-12T00:00:00.000000Z,0.00076199998147785664,0.00077300000702962279,0.00069000001531094313,0.00074200000381097198,0
2022-05-13T00:00:00.000000Z,0.00074200000381097198,0.00080699997488409281,0.00073199998587369919,0.00076899997657164931,0
2022-05-14T00:00:00.000000Z,0.00076899997657164931,0.00078499998198822141,0.00072200002614408731,0.00073899998096749187,0
2022-05-15T00:00:00.000000Z,0.00073899998096749187,0.00075299997115507722,0.00072700000600889325,0.00075100001413375139,0
2022-05-16T00:00:00.000000Z,0.00075100001413375139,0.00077400001464411616,0.00073899998096749187,0.00076999998418614268,0
2022-05-17T00:00:00.000000Z,0.00076999998418614268,0.00079399999231100082,0.00076600001193583012,0.00078300002496689558,0
2022-05-18T00:00:00.000000Z,0.00078300002496689558,0.00079299998469650745,0.00075499998638406396,0.0007570000016130507,0
2022-05-19T00:00:00.000000Z,0.0007570000016130507,0.00078900001244619489,0.00075399997876957059,0.00078399997437372804,0
2022-05-20T00:00:00.000000Z,0.00078399997437372804,0.00079499999992549419,0.00076299998909235001,0.00077400001464411616,0
2022-05-21T00:00:00.000000Z,0.00077400001464411616,0.00078699999721720815,0.00075100001413375139,0.0007789999945089221,0
2022-05-22T00:00:00.000000Z,0.0007789999945089221,0.00080300000263378024,0.00077699997927993536,0.00079700001515448093,0
2022-05-23T00:00:00.000000Z,0.00079700001515448093,0.00081499997759237885,0.00077799998689442873,0.0007789999945089221,0
2022-05-24T00:00:00.000000Z,0.0007789999945089221,0.00079100002767518163,0.00075900001684203744,0.00077099999180063605,0
2022-05-25T00:00:00.000000Z,0.00076999998418614268,0.00078800000483170152,0.00076600001193583012,0.00076999998418614268,0
2022-05-26T00:00:00.000000Z,0.00076999998418614268,0.00078000000212341547,0.00073400000110268593,0.00075200002174824476,0
2022-05-27T00:00:00.000000Z,0.00075100001413375139,0.00078800000483170152,0.00073899998096749187,0.00076700001955032349,0
2022-05-28T00:00:00.000000Z,0.00076700001955032349,0.00077300000702962279,0.00076600001193583012,0.00077199999941512942,0
2022-05-29T00:00:00.000000Z,0.00078000000212341547,0.000838999985717237,0.00077099999180063605,0.00082000001566484571,0
2022-05-30T00:00:00.000000Z,0.00082000001566484571,0.00082800001837313175,0.0008009999874047935,0.00082499999552965164,0
2022-05-31T00:00:00.000000Z,0.00082499999552965164,0.00084799999604001641,0.00081900000805035233,0.00083500001346692443,0
2022-06-01T00:00:00.000000Z,0.00083500001346692443,0.00083799997810274363,0.00075900001684203744,0.00077699997927993536,0
2022-06-02T00:00:00.000000Z,0.00077599997166544199,0.0007980000227689743,0.00077099999180063605,0.00079399999231100082,0
2022-06-03T00:00:00.000000Z,0.00079399999231100082,0.00080600002547726035,0.00075399997876957059,0.00078399997437372804,0
2022-06-04T00:00:00.000000Z,0.00078399997437372804,0.00080600002547726035,0.00075100001413375139,0.00077400001464411616,0
2022-06-05T00:00:00.000000Z,0.00077400001464411616,0.00078100000973790884,0.00076199998147785664,0.00076399999670684338,0
2022-06-06T00:00:00.000000Z,0.00076399999670684338,0.00082399998791515827,0.00076399999670684338,0.00080899999011307955,0
2022-06-07T00:00:00.000000Z,0.00080899999011307955,0.00082800001837313175,0.00079000002006068826,0.00081599998520687222,0
2022-06-08T00:00:00.000000Z,0.00081499997759237885,0.00082199997268617153,0.00080600002547726035,0.00081699999282136559,0
2022-06-09T00:00:00.000000Z,0.00081699999282136559,0.00082499999552965164,0.00081200001295655966,0.00082100002327933908,0
2022-06-10T00:00:00.000000Z,0.00082100002327933908,0.00082399998791515827,0.00077400001464411616,0.00078499998198822141,0
2022-06-11T00:00:00.000000Z,0.00078499998198822141,0.00079100002767518163,0.00074699998367577791,0.00075000000651925802,0
2022-06-12T00:00:00.000000Z,0.00075100001413375139,0.0007570000016130507,0.00072499999077990651,0.00072900002123787999,0
2022-06-13T00:00:00.000000Z,0.00072800001362338662,0.00073199998587369919,0.00064400001429021358,0.00065000000176951289,0
2022-06-14T00:00:00.000000Z,0.00065000000176951289,0.000653000024612993,0.00061699998332187533,0.0006339999963529408,0
2022-06-15T00:00:00.000000Z,0.0006339999963529408,0.00064400001429021358,0.00058900000294670463,0.00064400001429021358,0
2022-06-16T00:00:00.000000Z,0.00064400001429021358,0.00065100000938400626,0.00059100001817569137,0.00059399998281151056,0
2022-06-17T00:00:00.000000Z,0.00059399998281151056,0.00060600001597777009,0.00059100001817569137,0.00059700000565499067,0
2022-06-18T00:00:00.000000Z,0.00059700000565499067,0.00060299999313428998,0.0005520000122487545,0.00057199998991563916,0
2022-06-19T00:00:00.000000Z,0.00057199998991563916,0.00060000002849847078,0.00056000001495704055,0.00059800001326948404,0
2022-06-20T00:00:00.000000Z,0.00059800001326948404,0.00060500000836327672,0.00058499997248873115,0.00060000002849847078,0
2022-06-21T00:00:00.000000Z,0.00060000002849847078,0.00061400001868605614,0.00059499999042600393,0.00060099997790530324,0
2022-06-22T00:00:00.000000Z,0.00060099997790530324,0.00060099997790530324,0.00058400002308189869,0.00058499997248873115,0
2022-06-23T00:00:00.000000Z,0.00058499997248873115,0.00062100001377984881,0.00058400002308189869,0.00062000000616535544,0
2022-06-24T00:00:00.000000Z,0.00062000000616535544,0.00064400001429021358,0.00061400001868605614,0.00063899997621774673,0
2022-06-25T00:00:00.000000Z,0.00063899997621774673,0.00064400001429021358,0.00062900001648813486,0.0006399999838322401,0
2022-06-26T00:00:00.000000Z,0.0006399999838322401,0.00064799998654052615,0.00063299998873844743,0.00063299998873844743,0
2022-06-27T00:00:00.000000Z,0.00063299998873844743,0.00063899997621774673,0.00061599997570738196,0.00061899999855086207,0
2022-06-28T00:00:00.000000Z,0.00061899999855086207,0.00063000002410262823,0.00060400000074878335,0.00060700002359226346,0
2022-06-29T00:00:00.000000Z,0.00060700002359226346,0.00060899998061358929,0.00059299997519701719,0.00059499999042600393,0
2022-06-30T00:00:00.000000Z,0.00059499999042600393,0.00059700000565499067,0.00056900002527981997,0.00058400002308189869,0
2022-07-01T00:00:00.000000Z,0.00058499997248873115,0.00059499999042600393,0.00057999999262392521,0.00058499997248873115,0
2022-07-02T00:00:00.000000Z,0.00058499997248873115,0.00058599998010322452,0.00056600000243633986,0.00057700002798810601,0
2022-07-03T00:00:00.000000Z,0.00057700002798810601,0.00058200000785291195,0.00056700001005083323,0.00057700002798810601,0
2022-07-04T00:00:00.000000Z,0.00057700002798810601,0.00059900002088397741,0.00057199998991563916,0.00059800001326948404,0
2022-07-05T00:00:00.000000Z,0.00059800001326948404,0.00060299999313428998,0.00057999999262392521,0.00059100001817569137,0
2022-07-06T00:00:00.000000Z,0.00059100001817569137,0.00060299999313428998,0.00058699998771771789,0.00060099997790530324,0
2022-07-07T00:00:00.000000Z,0.00060099997790530324,0.0006179999909363687,0.00058599998010322452,0.00060899998061358929,0
2022-07-08T00:00:00.000000Z,0.00060899998061358929,0.0006179999909363687,0.00060299999313428998,0.00061099999584257603,0
2022-07-09T00:00:00.000000Z,0.00061099999584257603,0.0006120000034570694,0.00060400000074878335,0.00060500000836327672,0
2022-07-10T00:00:00.000000Z,0.00060500000836327672,0.00060600001597777009,0.00059499999042600393,0.00059900002088397741,0
2022-07-11T00:00:00.000000Z,0.00059900002088397741,0.0006399999838322401,0.00059399998281151056,0.00060799997299909592,0
2022-07-12T00:00:00.000000Z,0.00060799997299909592,0.0006910000229254365,0.00059800001326948404,0.00062399997841566801,0
2022-07-13T00:00:00.000000Z,0.00062399997841566801,0.00070500001311302185,0.00060600001597777009,0.00065200001699849963,0
2022-07-14T00:00:00.000000Z,0.00065200001699849963,0.00066899997182190418,0.00063600001158192754,0.00066100002732127905,0
2022-07-15T00:00:00.000000Z,0.00066100002732127905,0.00068599998485296965,0.00065800000447779894,0.0006779999821446836,0
2022-07-16T00:00:00.000000Z,0.0006779999821446836,0.00070799997774884105,0.00066999997943639755,0.00070099998265504837,0
2022-07-17T00:00:00.000000Z,0.00070099998265504837,0.00072000001091510057,0.00069800001801922917,0.00070999999297782779,0
2022-07-18T00:00:00.000000Z,0.00070999999297782779,0.00075100001413375139,0.00070600002072751522,0.00074899999890476465,0
2022-07-19T00:00:00.000000Z,0.00074899999890476465,0.0007570000016130507,0.00068800000008195639,0.00069900002563372254,0
2022-07-20T00:00:00.000000Z,0.00069900002563372254,0.00075800000922754407,0.00068900000769644976,0.0006910000229254365,0
2022-07-21T00:00:00.000000Z,0.0006910000229254365,0.00072399998316541314,0.00068400002783164382,0.00071100000059232116,0
2022-07-22T00:00:00.000000Z,0.00071100000059232116,0.00073199998587369919,0.00067099998705089092,0.00067400000989437103,0
2022-07-23T00:00:00.000000Z,0.00067300000227987766,0.00067999999737367034,0.00062100001377984881,0.0006339999963529408,0
2022-07-24T00:00:00.000000Z,0.0006339999963529408,0.00064899999415501952,0.00063299998873844743,0.0006399999838322401,0
2022-07-25T00:00:00.000000Z,0.0006399999838322401,0.00064099999144673347,0.00060899998061358929,0.00060899998061358929,0
2022-07-26T00:00:00.000000Z,0.00060899998061358929,0.00061099999584257603,0.00059200002579018474,0.00060700002359226346,0
2022-07-27T00:00:00.000000Z,0.00060700002359226346,0.00064199999906122684,0.00059900002088397741,0.00063700001919642091,0
2022-07-28T00:00:00.000000Z,0.00063700001919642091,0.00064799998654052615,0.00061899999855086207,0.00062399997841566801,0
2022-07-29T00:00:00.000000Z,0.00062399997841566801,0.00064099999144673347,0.0006179999909363687,0.00063500000396743417,0
2022-07-30T00:00:00.000000Z,0.00063500000396743417,0.00064400001429021358,0.00063099997350946069,0.00063600001158192754,0
2022-07-31T00:00:00.000000Z,0.00063600001158192754,0.00065200001699849963,0.0006179999909363687,0.00062300002900883555,0
2022-08-01T00:00:00.000000Z,0.00062300002900883555,0.00062599999364465475,0.00059200002579018474,0.00059499999042600393,0
2022-08-02T00:00:00.000000Z,0.00059499999042600393,0.00063500000396743417,0.00056299997959285975,0.00063099997350946069,0
2022-08-03T00:00:00.000000Z,0.00063099997350946069,0.0006399999838322401,0.0005959999980404973,0.0005959999980404973,0
2022-08-04T00:00:00.000000Z,0.0005959999980404973,0.00059800001326948404,0.00058599998010322452,0.00058599998010322452,0
2022-08-05T00:00:00.000000Z,0.00058599998010322452,0.00060600001597777009,0.00058300001546740532,0.00058300001546740532,0
2022-08-06T00:00:00.000000Z,0.00058300001546740532,0.00058400002308189869,0.00058200000785291195,0.00058300001546740532,0
2022-08-07T00:00:00.000000Z,0.00058300001546740532,0.00058599998010322452,0.00058300001546740532,0.00058599998010322452,0
2022-08-08T00:00:00.000000Z,0.00058599998010322452,0.00058599998010322452,0.00057500001275911927,0.00057600002037361264,0
2022-08-09T00:00:00.000000Z,0.00057600002037361264,0.00058799999533221126,0.00057600002037361264,0.00058699998771771789,5
2022-08-10T00:00:00.000000Z,0.00058699998771771789,0.00058699998771771789,0.0005740000051446259,0.00057500001275911927,4
2022-08-11T00:00:00.000000Z,0.00057500001275911927,0.00057799997739493847,0.00056900002527981997,0.00056900002527981997,0
2022-08-12T00:00:00.000000Z,0.00056900002527981997,0.00062000000616535544,0.00056900002527981997,0.00057299999753013253,0
2022-08-13T00:00:00.000000Z,0.00057299999753013253,0.00066700001480057836,0.00056700001005083323,0.00066399999195709825,10
2022-08-14T00:00:00.000000Z,0.00066399999195709825,0.00066399999195709825,0.00060600001597777009,0.00060700002359226346,0
2022-08-15T00:00:00.000000Z,0.00060700002359226346,0.00060700002359226346,0.00058400002308189869,0.00058599998010322452,0
2022-08-16T00:00:00.000000Z,0.00058599998010322452,0.00059700000565499067,0.00056900002527981997,0.00057600002037361264,8
2022-08-17T00:00:00.000000Z,0.00057600002037361264,0.00057600002037361264,0.00057299999753013253,0.00057299999753013253,1
2022-08-18T00:00:00.000000Z,0.00057299999753013253,0.00059700000565499067,0.00057199998991563916,0.00059700000565499067,6
2022-08-19T00:00:00.000000Z,0.00059700000565499067,0.00059700000565499067,0.00056600000243633986,0.00056600000243633986,0
2022-08-20T00:00:00.000000Z,0.00056600000243633986,0.00057799997739493847,0.00056600000243633986,0.00057700002798810601,2
2022-08-21T00:00:00.000000Z,0.00057700002798810601,0.00057700002798810601,0.00056399998720735312,0.00056399998720735312,0
2022-08-22T00:00:00.000000Z,0.00056399998720735312,0.000590000010561198,0.00056399998720735312,0.000590000010561198,0
2022-08-23T00:00:00.000000Z,0.000590000010561198,0.000590000010561198,0.00057299999753013253,0.00058300001546740532,0
2022-08-24T00:00:00.000000Z,0.00058300001546740532,0.00058300001546740532,0.0005680000176653266,0.0005680000176653266,0
2022-08-25T00:00:00.000000Z,0.0005680000176653266,0.00056900002527981997,0.0005680000176653266,0.0005680000176653266,0
2022-08-26T00:00:00.000000Z,0.00056900002527981997,0.00079499999992549419,0.0005680000176653266,0.00059700000565499067,160
2022-08-27T00:00:00.000000Z,0.00059700000565499067,0.00059700000565499067,0.00058300001546740532,0.00058300001546740532,2
2022-08-28T00:00:00.000000Z,0.00058300001546740532,0.00059200002579018474,0.00057799997739493847,0.00057799997739493847,3
2022-08-29T00:00:00.000000Z,0.00057799997739493847,0.00058599998010322452,0.00057500001275911927,0.00058599998010322452,0
2022-08-30T00:00:00.000000Z,0.00058599998010322452,0.00065499998163431883,0.00056199997197836637,0.00056299997959285975,14
2022-08-31T00:00:00.000000Z,0.00056299997959285975,0.0006179999909363687,0.00056299997959285975,0.00061699998332187533,8
2022-09-01T00:00:00.000000Z,0.00061699998332187533,0.0006779999821446836,0.00056399998720735312,0.00056999997468665242,24
2022-09-02T00:00:00.000000Z,0.00056999997468665242,0.00056999997468665242,0.00056900002527981997,0.00056900002527981997,0
2022-09-03T00:00:00.000000Z,0.00056900002527981997,0.00058400002308189869,0.00055699999211356044,0.00055799999972805381,1
2022-09-04T00:00:00.000000Z,0.00055799999972805381,0.00056299997959285975,0.00055400002747774124,0.00055400002747774124,1
2022-09-05T00:00:00.000000Z,0.00055400002747774124,0.00056100002257153392,0.00054899998940527439,0.00056100002257153392,0
2022-09-06T00:00:00.000000Z,0.00056100002257153392,0.0005680000176653266,0.00056000001495704055,0.00056000001495704055,0
2022-09-07T00:00:00.000000Z,0.00056000001495704055,0.00056000001495704055,0.00054099998669698834,0.00054099998669698834,0
2022-09-08T00:00:00.000000Z,0.00054099998669698834,0.00054600002476945519,0.00053999997908249497,0.00053999997908249497,0
2022-09-09T00:00:00.000000Z,0.00053999997908249497,0.00055799999972805381,0.00053700001444667578,0.00055699999211356044,0
2022-09-10T00:00:00.000000Z,0.00055699999211356044,0.00055699999211356044,0.00055699999211356044,0.00055699999211356044,0
2022-09-11T00:00:00.000000Z,0.00055699999211356044,0.000590000010561198,0.00055699999211356044,0.00056000001495704055,0
2022-09-12T00:00:00.000000Z,0.00056000001495704055,0.00058100000023841858,0.00056000001495704055,0.00058100000023841858,0
2022-09-13T00:00:00.000000Z,0.00058100000023841858,0.00058100000023841858,0.00053499999921768904,0.00053499999921768904,2
2022-09-14T00:00:00.000000Z,0.0005549999768845737,0.0005549999768845737,0.00053399999160319567,0.0005389999714680016,0
2022-09-15T00:00:00.000000Z,0.00053800002206116915,0.00054099998669698834,0.00042100000428035855,0.00045399999362416565,57
2022-09-16T00:00:00.000000Z,0.00045399999362416565,0.00047699999413453043,0.00045399999362416565,0.00047699999413453043,34
2022-09-17T00:00:00.000000Z,0.00047599998652003706,0.00048200000310316682,0.00047599998652003706,0.00048099999548867345,1
2022-09-18T00:00:00.000000Z,0.00048099999548867345,0.00062100001377984881,0.00045699998736381531,0.00059200002579018474,13
2022-09-19T00:00:00.000000Z,0.00059200002579018474,0.00060000002849847078,0.00051199999870732427,0.00052699999650940299,5
2022-09-20T00:00:00.000000Z,0.00052800000412389636,0.00052800000412389636,0.0005169999785721302,0.00051799998618662357,6
2022-09-21T00:00:00.000000Z,0.00051799998618662357,0.00052300002425909042,0.00051799998618662357,0.00052000000141561031,0
2022-09-22T00:00:00.000000Z,0.00052000000141561031,0.00052000000141561031,0.00051899999380111694,0.00052000000141561031,0
2022-09-23T00:00:00.000000Z,0.00052000000141561031,0.00052599998889490962,0.0005109999910928309,0.00052599998889490962,0
2022-09-24T00:00:00.000000Z,0.00052599998889490962,0.00054199999431148171,0.00052399997366592288,0.00052900001173838973,0
2022-09-25T00:00:00.000000Z,0.00052900001173838973,0.00052900001173838973,0.00052499998128041625,0.00052599998889490962,2
2022-09-26T00:00:00.000000Z,0.00052499998128041625,0.00052900001173838973,0.00052399997366592288,0.00052800000412389636,0
2022-09-27T00:00:00.000000Z,0.00052800000412389636,0.00054300000192597508,0.00052800000412389636,0.00054199999431148171,2
2022-09-28T00:00:00.000000Z,0.00054099998669698834,0.00055599998449906707,0.00052699999650940299,0.00052699999650940299,3
2022-09-29T00:00:00.000000Z,0.00052699999650940299,0.00052800000412389636,0.00049599999329075217,0.00049700000090524554,0
2022-09-30T00:00:00.000000Z,0.00049700000090524554,0.00050099997315555811,0.00049599999329075217,0.00049900001613423228,3
2022-10-01T00:00:00.000000Z,0.00049900001613423228,0.00050099997315555811,0.00049599999329075217,0.00049700000090524554,0
2022-10-02T00:00:00.000000Z,0.00049700000090524554,0.0005329999839887023,0.00049599999329075217,0.00050500000361353159,2
2022-10-03T00:00:00.000000Z,0.00050500000361353159,0.00050600001122802496,0.00050500000361353159,0.00050500000361353159,0
2022-10-04T00:00:00.000000Z,0.00050500000361353159,0.00050999998347833753,0.00049399997806176543,0.00049700000090524554,0
2022-10-05T00:00:00.000000Z,0.00049700000090524554,0.00054400000954046845,0.00049700000090524554,0.00054400000954046845,0
2022-10-06T00:00:00.000000Z,0.00054400000954046845,0.00054500001715496182,0.00052000000141561031,0.00052300002425909042,0
2022-10-07T00:00:00.000000Z,0.00052300002425909042,0.00053800002206116915,0.00052100000903010368,0.00053700001444667578,1
2022-10-08T00:00:00.000000Z,0.00053700001444667578,0.00054699997417628765,0.00053700001444667578,0.00054199999431148171,2
2022-10-09T00:00:00.000000Z,0.00054199999431148171,0.00054199999431148171,0.00050500000361353159,0.00053999997908249497,3
2022-10-10T00:00:00.000000Z,0.00053999997908249497,0.00058799999533221126,0.00052800000412389636,0.00058100000023841858,5
2022-10-11T00:00:00.000000Z,0.00058100000023841858,0.00064099999144673347,0.00057299999753013253,0.00063500000396743417,7
2022-10-12T00:00:00.000000Z,0.00063500000396743417,0.00065900001209229231,0.00063299998873844743,0.00065800000447779894,3
2022-10-13T00:00:00.000000Z,0.00065800000447779894,0.00065900001209229231,0.00054699997417628765,0.00060099997790530324,17
2022-10-14T00:00:00.000000Z,0.00060099997790530324,0.0006120000034570694,0.00059200002579018474,0.0005959999980404973,2
2022-10-15T00:00:00.000000Z,0.0005959999980404973,0.00059900002088397741,0.0005300000193528831,0.00053100002696737647,15
2022-10-16T00:00:00.000000Z,0.00053100002696737647,0.00055900000734254718,0.00053100002696737647,0.00055599998449906707,3
2022-10-17T00:00:00.000000Z,0.00055599998449906707,0.00058400002308189869,0.00054899998940527439,0.00058100000023841858,2
2022-10-18T00:00:00.000000Z,0.00058100000023841858,0.00058300001546740532,0.00054999999701976776,0.0005520000122487545,3
2022-10-19T00:00:00.000000Z,0.0005520000122487545,0.00056199997197836637,0.00054600002476945519,0.00055799999972805381,1
2022-10-20T00:00:00.000000Z,0.00055699999211356044,0.00060099997790530324,0.0005520000122487545,0.00058300001546740532,0
2022-10-21T00:00:00.000000Z,0.00058300001546740532,0.00061300001107156277,0.00057700002798810601,0.00060899998061358929,0
2022-10-22T00:00:00.000000Z,0.00060899998061358929,0.00061500002630054951,0.00059800001326948404,0.00060999998822808266,0
2022-10-23T00:00:00.000000Z,0.00060999998822808266,0.0006559999892488122,0.00060299999313428998,0.00065399997401982546,19
2022-10-24T00:00:00.000000Z,0.00065499998163431883,0.0006559999892488122,0.00064300000667572021,0.00065100000938400626,0
2022-10-25T00:00:00.000000Z,0.00065100000938400626,0.00065100000938400626,0.00061300001107156277,0.00063500000396743417,0
2022-10-26T00:00:00.000000Z,0.0006339999963529408,0.00065100000938400626,0.00056299997959285975,0.00062399997841566801,0
2022-10-27T00:00:00.000000Z,0.00062399997841566801,0.00063299998873844743,0.00056299997959285975,0.00060600001597777009,0
2022-10-28T00:00:00.000000Z,0.00060600001597777009,0.0006120000034570694,0.00059200002579018474,0.00060899998061358929,0
2022-10-29T00:00:00.000000Z,0.00060899998061358929,0.00066899997182190418,0.00058599998010322452,0.00058799999533221126,14
2022-10-30T00:00:00.000000Z,0.00058799999533221126,0.00061599997570738196,0.00058699998771771789,0.00060799997299909592,0
2022-10-31T00:00:00.000000Z,0.00060799997299909592,0.0006399999838322401,0.00060299999313428998,0.00062100001377984881,7
2022-11-01T00:00:00.000000Z,0.00062100001377984881,0.0006339999963529408,0.00061099999584257603,0.00061500002630054951,0
2022-11-02T00:00:00.000000Z,0.00061500002630054951,0.00062499998603016138,0.00058599998010322452,0.00059399998281151056,0
2022-11-03T00:00:00.000000Z,0.00059399998281151056,0.00060500000836327672,0.00056600000243633986,0.00059499999042600393,0
2022-11-04T00:00:00.000000Z,0.00059499999042600393,0.00063299998873844743,0.00059499999042600393,0.00062599999364465475,0
2022-11-05T00:00:00.000000Z,0.00062599999364465475,0.00063600001158192754,0.00062100001377984881,0.00062200002139434218,0
2022-11-06T00:00:00.000000Z,0.00062200002139434218,0.00062800000887364149,0.00057600002037361264,0.00059900002088397741,0
2022-11-07T00:00:00.000000Z,0.00059900002088397741,0.00066000001970678568,0.00059299997519701719,0.00064199999906122684,0
2022-11-08T00:00:00.000000Z,0.00064199999906122684,0.00064500002190470695,0.00052399997366592288,0.0005389999714680016,0
2022-11-09T00:00:00.000000Z,0.0005389999714680016,0.0005389999714680016,0.00049700000090524554,0.00050199998077005148,0
2022-11-10T00:00:00.000000Z,0.00050199998077005148,0.00055599998449906707,0.00049900001613423228,0.00054600002476945519,0
2022-11-11T00:00:00.000000Z,0.00054600002476945519,0.00054899998940527439,0.00052699999650940299,0.00053700001444667578,0
2022-11-12T00:00:00.000000Z,0.00053700001444667578,0.00054500001715496182,0.00051199999870732427,0.0005329999839887023,0
2022-11-13T00:00:00.000000Z,0.0005329999839887023,0.00053999997908249497,0.00052900001173838973,0.00053199997637420893,0
2022-11-14T00:00:00.000000Z,0.00053199997637420893,0.00054500001715496182,0.00051799998618662357,0.00054400000954046845,0
2022-11-15T00:00:00.000000Z,0.00054400000954046845,0.00056100002257153392,0.00054300000192597508,0.00055400002747774124,0
2022-11-16T00:00:00.000000Z,0.00055400002747774124,0.00055699999211356044,0.00053600000683218241,0.00054300000192597508,0
2022-11-17T00:00:00.000000Z,0.00054300000192597508,0.00054799998179078102,0.00053800002206116915,0.00054500001715496182,0
2022-11-18T00:00:00.000000Z,0.00054500001715496182,0.00054899998940527439,0.00054199999431148171,0.00054600002476945519,0
2022-11-19T00:00:00.000000Z,0.00054600002476945519,0.00054899998940527439,0.00054099998669698834,0.00054500001715496182,0
2022-11-20T00:00:00.000000Z,0.00054500001715496182,0.00054799998179078102,0.0005329999839887023,0.00053499999921768904,0
2022-11-21T00:00:00.000000Z,0.00053499999921768904,0.00053499999921768904,0.00051500002155080438,0.00052300002425909042,0
2022-11-22T00:00:00.000000Z,0.00052200001664459705,0.00054199999431148171,0.00051300000632181764,0.00052800000412389636,0
2022-11-23T00:00:00.000000Z,0.00052800000412389636,0.00057700002798810601,0.00050700001884251833,0.00057099998230114579,0
2022-11-24T00:00:00.000000Z,0.00057099998230114579,0.00057600002037361264,0.00056900002527981997,0.00057199998991563916,0
2022-11-25T00:00:00.000000Z,0.00057199998991563916,0.00057299999753013253,0.00054500001715496182,0.0005520000122487545,0
2022-11-26T00:00:00.000000Z,0.0005520000122487545,0.00060700002359226346,0.00052499998128041625,0.0005680000176653266,0
2022-11-27T00:00:00.000000Z,0.0005680000176653266,0.00064699997892603278,0.00056399998720735312,0.00057299999753013253,0
2022-11-28T00:00:00.000000Z,0.00057299999753013253,0.00060400000074878335,0.00056199997197836637,0.00058900000294670463,0
2022-11-29T00:00:00.000000Z,0.00058900000294670463,0.00060500000836327672,0.00058300001546740532,0.00060299999313428998,0
2022-11-30T00:00:00.000000Z,0.00060299999313428998,0.00061400001868605614,0.00058300001546740532,0.00059100001817569137,0
2022-12-01T00:00:00.000000Z,0.00059100001817569137,0.00059200002579018474,0.00057899998500943184,0.00058100000023841858,0
2022-12-02T00:00:00.000000Z,0.00058100000023841858,0.00058599998010322452,0.0005520000122487545,0.00058599998010322452,0
2022-12-03T00:00:00.000000Z,0.00058599998010322452,0.00058699998771771789,0.00057299999753013253,0.0005740000051446259,0
2022-12-04T00:00:00.000000Z,0.0005740000051446259,0.00059700000565499067,0.0005740000051446259,0.0005959999980404973,0
2022-12-05T00:00:00.000000Z,0.0005959999980404973,0.00061300001107156277,0.00059499999042600393,0.00060099997790530324,0
2022-12-06T00:00:00.000000Z,0.00060099997790530324,0.00060500000836327672,0.00059100001817569137,0.00059800001326948404,0
2022-12-07T00:00:00.000000Z,0.00059800001326948404,0.00059900002088397741,0.00058400002308189869,0.000590000010561198,0
2022-12-08T00:00:00.000000Z,0.000590000010561198,0.00060299999313428998,0.00058699998771771789,0.00060099997790530324,0
2022-12-09T00:00:00.000000Z,0.00060099997790530324,0.00060400000074878335,0.00059299997519701719,0.00059299997519701719,0
2022-12-10T00:00:00.000000Z,0.00059299997519701719,0.00059900002088397741,0.00059299997519701719,0.0005959999980404973,0
2022-12-11T00:00:00.000000Z,0.0005959999980404973,0.00060099997790530324,0.00059399998281151056,0.0005959999980404973,0
2022-12-12T00:00:00.000000Z,0.0005959999980404973,0.00059700000565499067,0.00058599998010322452,0.00059700000565499067,0
2022-12-13T00:00:00.000000Z,0.00059700000565499067,0.00061500002630054951,0.00059399998281151056,0.00060899998061358929,0
2022-12-14T00:00:00.000000Z,0.00060899998061358929,0.00063500000396743417,0.00058300001546740532,0.00061500002630054951,0
2022-12-15T00:00:00.000000Z,0.00061500002630054951,0.00062200002139434218,0.00060299999313428998,0.00060500000836327672,0
2022-12-16T00:00:00.000000Z,0.00060500000836327672,0.00060799997299909592,0.00057199998991563916,0.00057199998991563916,0
2022-12-17T00:00:00.000000Z,0.00057199998991563916,0.00059900002088397741,0.00056700001005083323,0.00058699998771771789,0
2022-12-18T00:00:00.000000Z,0.00058699998771771789,0.00063099997350946069,0.00058699998771771789,0.00059399998281151056,0
2022-12-19T00:00:00.000000Z,0.00059399998281151056,0.0005959999980404973,0.00055599998449906707,0.00055799999972805381,0
2022-12-20T00:00:00.000000Z,0.00055799999972805381,0.00057199998991563916,0.00055699999211356044,0.00056700001005083323,0
2022-12-21T00:00:00.000000Z,0.00056700001005083323,0.0005740000051446259,0.00056399998720735312,0.00057099998230114579,0
2022-12-22T00:00:00.000000Z,0.00057099998230114579,0.00058599998010322452,0.00057099998230114579,0.00058499997248873115,0
2022-12-23T00:00:00.000000Z,0.00058499997248873115,0.00058900000294670463,0.00058400002308189869,0.00058699998771771789,0
2022-12-24T00:00:00.000000Z,0.00058699998771771789,0.00059100001817569137,0.00058599998010322452,0.000590000010561198,0
2022-12-25T00:00:00.000000Z,0.000590000010561198,0.000590000010561198,0.00058699998771771789,0.000590000010561198,0
2022-12-26T00:00:00.000000Z,0.000590000010561198,0.00059299997519701719,0.00058699998771771789,0.000590000010561198,0
2022-12-27T00:00:00.000000Z,0.000590000010561198,0.00060600001597777009,0.00058699998771771789,0.00060099997790530324,0
2022-12-28T00:00:00.000000Z,0.00060099997790530324,0.00060700002359226346,0.00059800001326948404,0.00060099997790530324,0
2022-12-29T00:00:00.000000Z,0.00060099997790530324,0.00060299999313428998,0.00059399998281151056,0.00059800001326948404,0
2022-12-30T00:00:00.000000Z,0.00059800001326948404,0.00060099997790530324,0.00059299997519701719,0.00059900002088397741,0
2022-12-31T00:00:00.000000Z,0.00059900002088397741,0.00060199998551979661,0.00059399998281151056,0.00060000002849847078,0
2023-01-01T00:00:00.000000Z,0.00060000002849847078,0.00060299999313428998,0.00059499999042600393,0.00060099997790530324,0
2023-01-02T00:00:00.000000Z,0.00060099997790530324,0.00060600001597777009,0.00059800001326948404,0.00060000002849847078,0
2023-01-03T00:00:00.000000Z,0.00060000002849847078,0.00060400000074878335,0.00059499999042600393,0.00059900002088397741,0
2023-01-04T00:00:00.000000Z,0.00059900002088397741,0.0006120000034570694,0.0005959999980404973,0.00060799997299909592,0
2023-01-05T00:00:00.000000Z,0.00060799997299909592,0.0006120000034570694,0.00060000002849847078,0.00060600001597777009,0
2023-01-06T00:00:00.000000Z,0.00060600001597777009,0.00060899998061358929,0.00060099997790530324,0.00060700002359226346,0
2023-01-07T00:00:00.000000Z,0.00060700002359226346,0.0006179999909363687,0.00060400000074878335,0.0006179999909363687,0
2023-01-08T00:00:00.000000Z,0.0006179999909363687,0.00062200002139434218,0.00060199998551979661,0.0006120000034570694,0
2023-01-09T00:00:00.000000Z,0.0006120000034570694,0.00063500000396743417,0.00060899998061358929,0.00062800000887364149,0
2023-01-10T00:00:00.000000Z,0.00062800000887364149,0.00064400001429021358,0.00062700000125914812,0.00064199999906122684,0
2023-01-11T00:00:00.000000Z,0.00064199999906122684,0.00065499998163431883,0.00063299998873844743,0.00065000000176951289,0
2023-01-12T00:00:00.000000Z,0.00065100000938400626,0.00065699999686330557,0.0006339999963529408,0.00064799998654052615,0
2023-01-13T00:00:00.000000Z,0.00064799998654052615,0.00066199997672811151,0.00064500002190470695,0.00065800000447779894,0
2023-01-14T00:00:00.000000Z,0.00065800000447779894,0.00073299999348819256,0.00065800000447779894,0.00070400000549852848,0
2023-01-15T00:00:00.000000Z,0.00070400000549852848,0.00070799997774884105,0.00062399997841566801,0.00065499998163431883,0
2023-01-16T00:00:00.000000Z,0.00065499998163431883,0.00067099998705089092,0.00063299998873844743,0.00063800002681091428,0
2023-01-17T00:00:00.000000Z,0.00063800002681091428,0.00064300000667572021,0.00063299998873844743,0.00063500000396743417,0
2023-01-18T00:00:00.000000Z,0.00063500000396743417,0.00065200001699849963,0.00062900001648813486,0.00063199998112395406,0
2023-01-19T00:00:00.000000Z,0.00063199998112395406,0.00064300000667572021,0.00062800000887364149,0.00064199999906122684,0
2023-01-20T00:00:00.000000Z,0.00064199999906122684,0.00066999997943639755,0.00063800002681091428,0.00066600000718608499,0
2023-01-21T00:00:00.000000Z,0.00066600000718608499,0.0006779999821446836,0.00066399999195709825,0.00066800002241507173,0
2023-01-22T00:00:00.000000Z,0.00066800002241507173,0.00068200001260265708,0.00066399999195709825,0.00066999997943639755,0
2023-01-23T00:00:00.000000Z,0.00066999997943639755,0.00068400002783164382,0.00066899997182190418,0.00068100000498816371,0
2023-01-24T00:00:00.000000Z,0.00068100000498816371,0.00068699999246746302,0.00067300000227987766,0.00067699997453019023,0
2023-01-25T00:00:00.000000Z,0.00067699997453019023,0.00067999999737367034,0.00066600000718608499,0.00067099998705089092,0
2023-01-26T00:00:00.000000Z,0.00067099998705089092,0.00067600002512335777,0.00066499999957159162,0.00066499999957159162,0
2023-01-27T00:00:00.000000Z,0.00066499999957159162,0.0006779999821446836,0.00065900001209229231,0.00066899997182190418,0
2023-01-28T00:00:00.000000Z,0.00066899997182190418,0.0006779999821446836,0.00066399999195709825,0.00067099998705089092,0
2023-01-29T00:00:00.000000Z,0.00067099998705089092,0.00068100000498816371,0.00066399999195709825,0.00067899998975917697,0
2023-01-30T00:00:00.000000Z,0.00067899998975917697,0.00068100000498816371,0.00064599997131153941,0.00064899999415501952,0
2023-01-31T00:00:00.000000Z,0.00064899999415501952,0.00073899998096749187,0.00064599997131153941,0.00071699998807162046,0
2023-02-01T00:00:00.000000Z,0.00071699998807162046,0.00072700000600889325,0.00070199999026954174,0.00072000001091510057,0
2023-02-02T00:00:00.000000Z,0.00072000001091510057,0.00074799999129027128,0.00072000001091510057,0.00073899998096749187,0
2023-02-03T00:00:00.000000Z,0.00073899998096749187,0.00075299997115507722,0.00073400000110268593,0.00074599997606128454,0
2023-02-04T00:00:00.000000Z,0.00074599997606128454,0.00075100001413375139,0.00074300001142546535,0.00074400001903995872,0
2023-02-05T00:00:00.000000Z,0.00074400001903995872,0.00075000000651925802,0.00073199998587369919,0.0007379999733529985,0
2023-02-06T00:00:00.000000Z,0.00073700002394616604,0.00074899999890476465,0.00073299999348819256,0.00074200000381097198,0
2023-02-07T00:00:00.000000Z,0.00074200000381097198,0.00075499998638406396,0.0007379999733529985,0.00075000000651925802,0
2023-02-08T00:00:00.000000Z,0.00075000000651925802,0.00075599999399855733,0.0007350000087171793,0.0007379999733529985,0
2023-02-09T00:00:00.000000Z,0.0007379999733529985,0.00074300001142546535,0.00069499999517574906,0.00070099998265504837,0
2023-02-10T00:00:00.000000Z,0.00070099998265504837,0.00072499999077990651,0.00069000001531094313,0.00072299997555091977,0
2023-02-11T00:00:00.000000Z,0.00072299997555091977,0.00074099999619647861,0.00072200002614408731,0.00073700002394616604,0
2023-02-12T00:00:00.000000Z,0.00073700002394616604,0.00074400001903995872,0.00072499999077990651,0.00073400000110268593,0
2023-02-13T00:00:00.000000Z,0.00073400000110268593,0.00074799999129027128,0.00072800001362338662,0.00073999998858198524,0
2023-02-14T00:00:00.000000Z,0.00073899998096749187,0.00074799999129027128,0.00073299999348819256,0.00073999998858198524,0
2023-02-15T00:00:00.000000Z,0.00073999998858198524,0.00075299997115507722,0.0007350000087171793,0.00075100001413375139,0
2023-02-16T00:00:00.000000Z,0.00075100001413375139,0.00075599999399855733,0.00072000001091510057,0.00072200002614408731,0
2023-02-17T00:00:00.000000Z,0.00072200002614408731,0.00073099997825920582,0.00070700002834200859,0.00072700000600889325,0
2023-02-18T00:00:00.000000Z,0.00072700000600889325,0.00075599999399855733,0.00072599999839439988,0.00074899999890476465,0
2023-02-19T00:00:00.000000Z,0.00074899999890476465,0.00075200002174824476,0.00072200002614408731,0.00072399998316541314,0
2023-02-20T00:00:00.000000Z,0.00072399998316541314,0.00074500002665445209,0.00071699998807162046,0.00072200002614408731,0
2023-02-21T00:00:00.000000Z,0.00072200002614408731,0.00072800001362338662,0.00068499997723847628,0.00068900000769644976,0
2023-02-22T00:00:00.000000Z,0.00068900000769644976,0.00069299997994676232,0.00068100000498816371,0.0006910000229254365,0
2023-02-23T00:00:00.000000Z,0.0006910000229254365,0.00072100001852959394,0.00068699999246746302,0.00071799999568611383,0
2023-02-24T00:00:00.000000Z,0.00071799999568611383,0.00072100001852959394,0.0006910000229254365,0.00069600000279024243,0
2023-02-25T00:00:00.000000Z,0.00069600000279024243,0.0006970000104047358,0.00068499997723847628,0.00069299997994676232,0
2023-02-26T00:00:00.000000Z,0.00069299997994676232,0.00070500001311302185,0.00069000001531094313,0.00070199999026954174,0
2023-02-27T00:00:00.000000Z,0.00070199999026954174,0.00070600002072751522,0.00068699999246746302,0.00069199997233226895,0
2023-02-28T00:00:00.000000Z,0.00069199997233226895,0.00069800001801922917,0.00068499997723847628,0.00068800000008195639,0
2023-03-01T00:00:00.000000Z,0.00068800000008195639,0.00070199999026954174,0.00064400001429021358,0.00065000000176951289,0
2023-03-02T00:00:00.000000Z,0.00065000000176951289,0.00069600000279024243,0.00064400001429021358,0.0006910000229254365,0
2023-03-03T00:00:00.000000Z,0.0006910000229254365,0.00069399998756125569,0.00066000001970678568,0.00067199999466538429,0
2023-03-04T00:00:00.000000Z,0.00067199999466538429,0.00067699997453019023,0.00066700001480057836,0.00067300000227987766,0
2023-03-05T00:00:00.000000Z,0.00067300000227987766,0.00067999999737367034,0.00066999997943639755,0.00067300000227987766,0
2023-03-06T00:00:00.000000Z,0.00067300000227987766,0.0006779999821446836,0.00062900001648813486,0.00067300000227987766,0
2023-03-07T00:00:00.000000Z,0.00067300000227987766,0.00067600002512335777,0.0006559999892488122,0.00066199997672811151,0
2023-03-08T00:00:00.000000Z,0.00066199997672811151,0.00066600000718608499,0.00064799998654052615,0.00064799998654052615,0
2023-03-09T00:00:00.000000Z,0.00064799998654052615,0.00065200001699849963,0.00060299999313428998,0.0006179999909363687,0
2023-03-10T00:00:00.000000Z,0.0006179999909363687,0.0006179999909363687,0.0005549999768845737,0.00056600000243633986,0
2023-03-11T00:00:00.000000Z,0.00056600000243633986,0.00060899998061358929,0.0005549999768845737,0.00060600001597777009,0
2023-03-12T00:00:00.000000Z,0.00060600001597777009,0.00060700002359226346,0.00057199998991563916,0.00060299999313428998,0
2023-03-13T00:00:00.000000Z,0.00060299999313428998,0.0006179999909363687,0.00058900000294670463,0.00060999998822808266,0
2023-03-14T00:00:00.000000Z,0.00060999998822808266,0.0006559999892488122,0.00060700002359226346,0.00063700001919642091,0
2023-03-15T00:00:00.000000Z,0.00063700001919642091,0.00068200001260265708,0.00061599997570738196,0.00062499998603016138,0
2023-03-16T00:00:00.000000Z,0.00062499998603016138,0.00067699997453019023,0.00061899999855086207,0.00062700000125914812,0
2023-03-17T00:00:00.000000Z,0.00062700000125914812,0.00070299999788403511,0.00062599999364465475,0.000699999975040555,0
2023-03-18T00:00:00.000000Z,0.000699999975040555,0.00073000002885237336,0.00065200001699849963,0.00070500001311302185,0
2023-03-19T00:00:00.000000Z,0.00070500001311302185,0.0007130000158213079,0.0006559999892488122,0.00066600000718608499,0
2023-03-20T00:00:00.000000Z,0.00066600000718608499,0.00067199999466538429,0.00065399997401982546,0.00065499998163431883,0
2023-03-21T00:00:00.000000Z,0.00065499998163431883,0.00066899997182190418,0.00065000000176951289,0.00066299998434260488,0
2023-03-22T00:00:00.000000Z,0.00066299998434260488,0.00070099998265504837,0.00064599997131153941,0.0006970000104047358,0
2023-03-23T00:00:00.000000Z,0.0006970000104047358,0.00072200002614408731,0.00069499999517574906,0.00070999999297782779,0
2023-03-24T00:00:00.000000Z,0.00070999999297782779,0.00071400002343580127,0.00068499997723847628,0.0006910000229254365,0
2023-03-25T00:00:00.000000Z,0.0006910000229254365,0.00069600000279024243,0.00067999999737367034,0.00068800000008195639,0
2023-03-26T00:00:00.000000Z,0.00068900000769644976,0.00070099998265504837,0.00068599998485296965,0.00069299997994676232,0
2023-03-27T00:00:00.000000Z,0.00069299997994676232,0.00069800001801922917,0.00067199999466538429,0.0006779999821446836,0
2023-03-28T00:00:00.000000Z,0.0006779999821446836,0.00068699999246746302,0.00066899997182190418,0.00068300002021715045,0
2023-03-29T00:00:00.000000Z,0.00068300002021715045,0.00071100000059232116,0.00068200001260265708,0.00070099998265504837,0
2023-03-30T00:00:00.000000Z,0.00070199999026954174,0.0007130000158213079,0.00069299997994676232,0.00070099998265504837,0
2023-03-31T00:00:00.000000Z,0.00070099998265504837,0.0007130000158213079,0.00069600000279024243,0.00070500001311302185,0
2023-04-01T00:00:00.000000Z,0.00070500001311302185,0.00071400002343580127,0.00069900002563372254,0.00070099998265504837,0
2023-04-02T00:00:00.000000Z,0.00070099998265504837,0.00070600002072751522,0.00069399998756125569,0.000699999975040555,0
2023-04-03T00:00:00.000000Z,0.000699999975040555,0.00070799997774884105,0.00069000001531094313,0.00070600002072751522,0
2023-04-04T00:00:00.000000Z,0.00070600002072751522,0.00071599998045712709,0.00066100002732127905,0.00066299998434260488,0
2023-04-05T00:00:00.000000Z,0.00066299998434260488,0.0006750000175088644,0.00066000001970678568,0.00066899997182190418,0
2023-04-06T00:00:00.000000Z,0.00066899997182190418,0.00066999997943639755,0.00065800000447779894,0.00066299998434260488,0
2023-04-07T00:00:00.000000Z,0.00066299998434260488,0.00066499999957159162,0.00065499998163431883,0.00065800000447779894,0
2023-04-08T00:00:00.000000Z,0.00065800000447779894,0.00066299998434260488,0.00065399997401982546,0.00065499998163431883,0
2023-04-09T00:00:00.000000Z,0.00065499998163431883,0.00066000001970678568,0.00064799998654052615,0.00065399997401982546,0
2023-04-10T00:00:00.000000Z,0.00065399997401982546,0.00066999997943639755,0.000653000024612993,0.00066899997182190418,0
2023-04-11T00:00:00.000000Z,0.00066899997182190418,0.00067999999737367034,0.00066700001480057836,0.00067400000989437103,0
2023-04-12T00:00:00.000000Z,0.00067400000989437103,0.00068400002783164382,0.00066499999957159162,0.00067999999737367034,0
2023-04-13T00:00:00.000000Z,0.0006779999821446836,0.00069800001801922917,0.00067099998705089092,0.00069600000279024243,0
2023-04-14T00:00:00.000000Z,0.00069600000279024243,0.00071400002343580127,0.00069499999517574906,0.00070799997774884105,0
2023-04-15T00:00:00.000000Z,0.00070799997774884105,0.00070899998536333442,0.00070099998265504837,0.00070600002072751522,0
2023-04-16T00:00:00.000000Z,0.00070600002072751522,0.00071799999568611383,0.000699999975040555,0.0007130000158213079,0
2023-04-17T00:00:00.000000Z,0.0007130000158213079,0.0007570000016130507,0.00070199999026954174,0.00070799997774884105,0
2023-04-18T00:00:00.000000Z,0.00070799997774884105,0.00074400001903995872,0.00070700002834200859,0.00073099997825920582,0
2023-04-19T00:00:00.000000Z,0.00073099997825920582,0.00073400000110268593,0.00068499997723847628,0.00068599998485296965,0
2023-04-20T00:00:00.000000Z,0.00068599998485296965,0.0006910000229254365,0.00066899997182190418,0.00067300000227987766,0
2023-04-21T00:00:00.000000Z,0.00067300000227987766,0.00067699997453019023,0.00063500000396743417,0.00063800002681091428,0
2023-04-22T00:00:00.000000Z,0.00063800002681091428,0.00065200001699849963,0.00062499998603016138,0.00064799998654052615,0
2023-04-23T00:00:00.000000Z,0.00064799998654052615,0.00065100000938400626,0.00064099999144673347,0.00064500002190470695,0
2023-04-24T00:00:00.000000Z,0.00064500002190470695,0.00065200001699849963,0.00063299998873844743,0.00064199999906122684,0
2023-04-25T00:00:00.000000Z,0.00064199999906122684,0.00064500002190470695,0.00063000002410262823,0.00064400001429021358,0
2023-04-26T00:00:00.000000Z,0.00064400001429021358,0.00065399997401982546,0.00062300002900883555,0.00063600001158192754,0
2023-04-27T00:00:00.000000Z,0.00063600001158192754,0.00065699999686330557,0.00063000002410262823,0.00064899999415501952,0
2023-04-28T00:00:00.000000Z,0.00064899999415501952,0.00065200001699849963,0.0006399999838322401,0.00064500002190470695,0
2023-04-29T00:00:00.000000Z,0.00064500002190470695,0.00064799998654052615,0.00064099999144673347,0.00064400001429021358,0
2023-04-30T00:00:00.000000Z,0.00064400001429021358,0.00065200001699849963,0.00063800002681091428,0.00063800002681091428,0
2023-05-01T00:00:00.000000Z,0.00063800002681091428,0.00064300000667572021,0.00062000000616535544,0.00062599999364465475,0
2023-05-02T00:00:00.000000Z,0.00062599999364465475,0.00064199999906122684,0.0006179999909363687,0.00062200002139434218,0
2023-05-03T00:00:00.000000Z,0.00062200002139434218,0.000653000024612993,0.00060299999313428998,0.00064799998654052615,0
2023-05-04T00:00:00.000000Z,0.00064799998654052615,0.00065399997401982546,0.0006399999838322401,0.00064300000667572021,0
2023-05-05T00:00:00.000000Z,0.00064300000667572021,0.00066100002732127905,0.00064099999144673347,0.00065699999686330557,0
2023-05-06T00:00:00.000000Z,0.00065699999686330557,0.00066299998434260488,0.00062700000125914812,0.00063099997350946069,0
2023-05-07T00:00:00.000000Z,0.00063000002410262823,0.00063299998873844743,0.00061699998332187533,0.00061699998332187533,0
2023-05-08T00:00:00.000000Z,0.00061699998332187533,0.00062100001377984881,0.00060199998551979661,0.00060999998822808266,0
2023-05-09T00:00:00.000000Z,0.00060999998822808266,0.00061099999584257603,0.00060199998551979661,0.00060400000074878335,0
2023-05-10T00:00:00.000000Z,0.00060400000074878335,0.00060999998822808266,0.00059100001817569137,0.00060099997790530324,0
2023-05-11T00:00:00.000000Z,0.00060099997790530324,0.00060299999313428998,0.0005740000051446259,0.00059299997519701719,0
2023-05-12T00:00:00.000000Z,0.00059299997519701719,0.00059700000565499067,0.00056199997197836637,0.0005959999980404973,0
2023-05-13T00:00:00.000000Z,0.0005959999980404973,0.00059900002088397741,0.00059200002579018474,0.00059499999042600393,0
2023-05-14T00:00:00.000000Z,0.00059499999042600393,0.00060000002849847078,0.00059200002579018474,0.00059299997519701719,0
2023-05-15T00:00:00.000000Z,0.00059299997519701719,0.00060400000074878335,0.000590000010561198,0.00059499999042600393,0
2023-05-16T00:00:00.000000Z,0.00059499999042600393,0.00059900002088397741,0.00059100001817569137,0.0005959999980404973,0
2023-05-17T00:00:00.000000Z,0.0005959999980404973,0.00060099997790530324,0.00058699998771771789,0.00059900002088397741,0
2023-05-18T00:00:00.000000Z,0.00059900002088397741,0.00060199998551979661,0.00054899998940527439,0.00057899998500943184,18
2023-05-19T00:00:00.000000Z,0.00057899998500943184,0.00063700001919642091,0.00057700002798810601,0.00060999998822808266,61
2023-05-20T00:00:00.000000Z,0.00060999998822808266,0.00060999998822808266,0.00056499999482184649,0.0005680000176653266,7
2023-05-21T00:00:00.000000Z,0.0005680000176653266,0.00059900002088397741,0.0005680000176653266,0.00059299997519701719,0
2023-05-22T00:00:00.000000Z,0.00059299997519701719,0.00059700000565499067,0.00054300000192597508,0.00054300000192597508,15
2023-05-23T00:00:00.000000Z,0.00054300000192597508,0.00060299999313428998,0.00054300000192597508,0.00060099997790530324,0
2023-05-24T00:00:00.000000Z,0.00060099997790530324,0.00060099997790530324,0.00057899998500943184,0.00058300001546740532,0
2023-05-25T00:00:00.000000Z,0.00058300001546740532,0.00058499997248873115,0.00057199998991563916,0.00057199998991563916,0
2023-05-26T00:00:00.000000Z,0.00057199998991563916,0.00057199998991563916,0.0005549999768845737,0.00056199997197836637,0
2023-05-27T00:00:00.000000Z,0.00056199997197836637,0.00056399998720735312,0.00052699999650940299,0.0005300000193528831,13
2023-05-28T00:00:00.000000Z,0.00053100002696737647,0.00060500000836327672,0.00052900001173838973,0.00055599998449906707,3
2023-05-29T00:00:00.000000Z,0.00055599998449906707,0.00055599998449906707,0.00053999997908249497,0.00054600002476945519,9
2023-05-30T00:00:00.000000Z,0.00054600002476945519,0.00061099999584257603,0.00054400000954046845,0.00060400000074878335,0
2023-05-31T00:00:00.000000Z,0.00060400000074878335,0.00060799997299909592,0.00054500001715496182,0.00055100000463426113,5
2023-06-01T00:00:00.000000Z,0.00055100000463426113,0.00060199998551979661,0.00054999999701976776,0.00055400002747774124,18
2023-06-02T00:00:00.000000Z,0.00055400002747774124,0.0005680000176653266,0.00054799998179078102,0.00056499999482184649,28
2023-06-03T00:00:00.000000Z,0.00056499999482184649,0.00056499999482184649,0.00054699997417628765,0.00054899998940527439,3
2023-06-04T00:00:00.000000Z,0.00054899998940527439,0.00060600001597777009,0.00052800000412389636,0.00052900001173838973,14
2023-06-05T00:00:00.000000Z,0.00052900001173838973,0.00059900002088397741,0.00052200001664459705,0.00057899998500943184,0
2023-06-06T00:00:00.000000Z,0.00057899998500943184,0.00059499999042600393,0.00057299999753013253,0.00059299997519701719,0
2023-06-07T00:00:00.000000Z,0.00059299997519701719,0.00059700000565499067,0.00051400001393631101,0.0005169999785721302,25
2023-06-08T00:00:00.000000Z,0.0005169999785721302,0.00058799999533221126,0.0005169999785721302,0.00058300001546740532,0
2023-06-09T00:00:00.000000Z,0.00058300001546740532,0.00058499997248873115,0.00052300002425909042,0.00052599998889490962,8
2023-06-10T00:00:00.000000Z,0.00052599998889490962,0.00055900000734254718,0.00049800000851973891,0.00050500000361353159,1
2023-06-11T00:00:00.000000Z,0.00050500000361353159,0.00056499999482184649,0.00050500000361353159,0.0005169999785721302,6
2023-06-12T00:00:00.000000Z,0.00051599997095763683,0.00056399998720735312,0.00050700001884251833,0.0005300000193528831,10
2023-06-13T00:00:00.000000Z,0.0005300000193528831,0.00059399998281151056,0.00052900001173838973,0.00056399998720735312,57
2023-06-14T00:00:00.000000Z,0.00056399998720735312,0.0005680000176653266,0.00054600002476945519,0.00055400002747774124,12
2023-06-15T00:00:00.000000Z,0.00055400002747774124,0.00055599998449906707,0.00053499999921768904,0.00054500001715496182,0
2023-06-16T00:00:00.000000Z,0.00054500001715496182,0.00054899998940527439,0.00051799998618662357,0.00053800002206116915,23
2023-06-17T00:00:00.000000Z,0.00053800002206116915,0.00054899998940527439,0.00051899999380111694,0.00052000000141561031,10
2023-06-18T00:00:00.000000Z,0.00052000000141561031,0.00057199998991563916,0.00052000000141561031,0.00056600000243633986,0
2023-06-19T00:00:00.000000Z,0.00056600000243633986,0.0005680000176653266,0.00054300000192597508,0.0005520000122487545,52
2023-06-20T00:00:00.000000Z,0.0005520000122487545,0.00059299997519701719,0.00052000000141561031,0.00053700001444667578,8
2023-06-21T00:00:00.000000Z,0.00053700001444667578,0.00056700001005083323,0.00053600000683218241,0.00055900000734254718,0
2023-06-22T00:00:00.000000Z,0.00055900000734254718,0.000590000010561198,0.00055900000734254718,0.00057999999262392521,15
2023-06-23T00:00:00.000000Z,0.00057999999262392521,0.00058100000023841858,0.00056000001495704055,0.00057500001275911927,0
2023-06-24T00:00:00.000000Z,0.00057500001275911927,0.00057600002037361264,0.00056399998720735312,0.0005680000176653266,0
2023-06-25T00:00:00.000000Z,0.0005680000176653266,0.00057700002798810601,0.00056600000243633986,0.00056900002527981997,0
2023-06-26T00:00:00.000000Z,0.00056900002527981997,0.00057199998991563916,0.00056100002257153392,0.00056399998720735312,0
2023-06-27T00:00:00.000000Z,0.00056399998720735312,0.00062000000616535544,0.00056299997959285975,0.00061400001868605614,12
2023-06-28T00:00:00.000000Z,0.00061400001868605614,0.00061400001868605614,0.00055699999211356044,0.00055900000734254718,0
2023-06-29T00:00:00.000000Z,0.00055900000734254718,0.00056900002527981997,0.00055599998449906707,0.00056399998720735312,0
2023-06-30T00:00:00.000000Z,0.00056399998720735312,0.00057799997739493847,0.00056000001495704055,0.0005740000051446259,0
2023-07-01T00:00:00.000000Z,0.0005740000051446259,0.00061400001868605614,0.00056900002527981997,0.0006120000034570694,12
2023-07-02T00:00:00.000000Z,0.0006120000034570694,0.00061899999855086207,0.00060999998822808266,0.0006179999909363687,0
2023-07-03T00:00:00.000000Z,0.0006179999909363687,0.00063000002410262823,0.00061400001868605614,0.00062800000887364149,0
2023-07-04T00:00:00.000000Z,0.00062800000887364149,0.0006339999963529408,0.00062300002900883555,0.00062300002900883555,0
2023-07-05T00:00:00.000000Z,0.00062300002900883555,0.00062800000887364149,0.0006120000034570694,0.00061899999855086207,0
2023-07-06T00:00:00.000000Z,0.00061899999855086207,0.00063199998112395406,0.00060400000074878335,0.00060400000074878335,15
2023-07-07T00:00:00.000000Z,0.00060400000074878335,0.0006120000034570694,0.00059800001326948404,0.00060999998822808266,0
2023-07-08T00:00:00.000000Z,0.00060999998822808266,0.00061099999584257603,0.00060299999313428998,0.00060799997299909592,0
2023-07-09T00:00:00.000000Z,0.00060799997299909592,0.00061400001868605614,0.00060600001597777009,0.00061099999584257603,0
2023-07-10T00:00:00.000000Z,0.00061099999584257603,0.00062100001377984881,0.00060199998551979661,0.00061300001107156277,0
2023-07-11T00:00:00.000000Z,0.00061300001107156277,0.00062100001377984881,0.0006120000034570694,0.00061699998332187533,62609
2023-07-12T00:00:00.000000Z,0.00061699998332187533,0.00062700000125914812,0.00061300001107156277,0.00062000000616535544,63794
2023-07-13T00:00:00.000000Z,0.00062000000616535544,0.00067600002512335777,0.00060999998822808266,0.00066399999195709825,95172
2023-07-14T00:00:00.000000Z,0.00066399999195709825,0.0006779999821446836,0.00065699999686330557,0.00066100002732127905,94050
2023-07-15T00:00:00.000000Z,0.00066100002732127905,0.00066499999957159162,0.00063199998112395406,0.00063299998873844743,49268
2023-07-16T00:00:00.000000Z,0.00063299998873844743,0.00066399999195709825,0.00062900001648813486,0.00064300000667572021,50217
2023-07-17T00:00:00.000000Z,0.00064400001429021358,0.00066399999195709825,0.00063700001919642091,0.00065800000447779894,66069
2023-07-18T00:00:00.000000Z,0.00065800000447779894,0.00066000001970678568,0.00061400001868605614,0.0006179999909363687,58908
2023-07-19T00:00:00.000000Z,0.0006179999909363687,0.00064799998654052615,0.00061699998332187533,0.00064699997892603278,68226
2023-07-20T00:00:00.000000Z,0.00064699997892603278,0.00065200001699849963,0.00060899998061358929,0.00061300001107156277,75913
2023-07-21T00:00:00.000000Z,0.00061300001107156277,0.00064500002190470695,0.00061099999584257603,0.00064199999906122684,61421
2023-07-22T00:00:00.000000Z,0.00064199999906122684,0.00064500002190470695,0.00061599997570738196,0.0006179999909363687,43924
2023-07-23T00:00:00.000000Z,0.0006179999909363687,0.00064699997892603278,0.0006179999909363687,0.00064400001429021358,46524
2023-07-24T00:00:00.000000Z,0.00064400001429021358,0.00064599997131153941,0.0005740000051446259,0.00057500001275911927,62859
2023-07-25T00:00:00.000000Z,0.00057500001275911927,0.00064300000667572021,0.00056999997468665242,0.00062900001648813486,53407
2023-07-26T00:00:00.000000Z,0.00062900001648813486,0.00064500002190470695,0.00060299999313428998,0.00060299999313428998,57580
2023-07-27T00:00:00.000000Z,0.00060299999313428998,0.0006399999838322401,0.00060299999313428998,0.00063099997350946069,52992
2023-07-28T00:00:00.000000Z,0.00063099997350946069,0.00063500000396743417,0.00062700000125914812,0.00063199998112395406,260041
2023-07-29T00:00:00.000000Z,0.00063199998112395406,0.00063299998873844743,0.00062399997841566801,0.00063299998873844743,275963
2023-07-30T00:00:00.000000Z,0.00063299998873844743,0.00063800002681091428,0.00062300002900883555,0.0006339999963529408,263210
2023-07-31T00:00:00.000000Z,0.0006339999963529408,0.00063899997621774673,0.00062800000887364149,0.00063000002410262823,397260
2023-08-01T00:00:00.000000Z,0.00063000002410262823,0.00065100000938400626,0.00062100001377984881,0.00065100000938400626,546657
2023-08-02T00:00:00.000000Z,0.00065200001699849963,0.00065399997401982546,0.00062200002139434218,0.00062300002900883555,544034
2023-08-03T00:00:00.000000Z,0.00062300002900883555,0.00062900001648813486,0.00062200002139434218,0.00062700000125914812,0
2023-08-04T00:00:00.000000Z,0.00062700000125914812,0.00062800000887364149,0.00061500002630054951,0.00062300002900883555,0
2023-08-05T00:00:00.000000Z,0.00062300002900883555,0.00062300002900883555,0.0006179999909363687,0.00061899999855086207,0
2023-08-06T00:00:00.000000Z,0.00061899999855086207,0.00062300002900883555,0.00061099999584257603,0.00061400001868605614,0
2023-08-07T00:00:00.000000Z,0.00061400001868605614,0.00061899999855086207,0.00060999998822808266,0.00061599997570738196,0
2023-08-08T00:00:00.000000Z,0.00061599997570738196,0.00064199999906122684,0.00061300001107156277,0.00063700001919642091,7
2023-08-09T00:00:00.000000Z,0.00063700001919642091,0.00063899997621774673,0.00061599997570738196,0.00062000000616535544,0
2023-08-10T00:00:00.000000Z,0.00062000000616535544,0.00062900001648813486,0.00060600001597777009,0.00062900001648813486,2
2023-08-11T00:00:00.000000Z,0.00062900001648813486,0.00063000002410262823,0.00060500000836327672,0.00060799997299909592,0
2023-08-12T00:00:00.000000Z,0.00060799997299909592,0.00061099999584257603,0.00052000000141561031,0.00052000000141561031,64
2023-08-13T00:00:00.000000Z,0.00052499998128041625,0.00057099998230114579,0.00052499998128041625,0.00055900000734254718,32
2023-08-14T00:00:00.000000Z,0.00055900000734254718,0.00060999998822808266,0.00055900000734254718,0.00060700002359226346,0
2023-08-15T00:00:00.000000Z,0.00060700002359226346,0.00060799997299909592,0.00059200002579018474,0.00059299997519701719,0
2023-08-16T00:00:00.000000Z,0.00059299997519701719,0.00059900002088397741,0.00058300001546740532,0.00058300001546740532,0
2023-08-17T00:00:00.000000Z,0.00058300001546740532,0.00058599998010322452,0.00051500002155080438,0.00054600002476945519,22
2023-08-18T00:00:00.000000Z,0.00054600002476945519,0.00055799999972805381,0.00053999997908249497,0.0005520000122487545,0
2023-08-19T00:00:00.000000Z,0.0005520000122487545,0.0005549999768845737,0.00054699997417628765,0.00054999999701976776,0
2023-08-20T00:00:00.000000Z,0.00054999999701976776,0.0005549999768845737,0.00054799998179078102,0.00055300001986324787,0
2023-08-21T00:00:00.000000Z,0.00055300001986324787,0.00055400002747774124,0.00054500001715496182,0.00054899998940527439,0
2023-08-22T00:00:00.000000Z,0.00054899998940527439,0.0005520000122487545,0.00053700001444667578,0.00054099998669698834,0
2023-08-23T00:00:00.000000Z,0.00054099998669698834,0.00054799998179078102,0.00053700001444667578,0.00054400000954046845,0
2023-08-24T00:00:00.000000Z,0.00054400000954046845,0.00054500001715496182,0.0005329999839887023,0.0005389999714680016,0
2023-08-25T00:00:00.000000Z,0.0005389999714680016,0.00053999997908249497,0.00053199997637420893,0.00053600000683218241,0
2023-08-26T00:00:00.000000Z,0.00053600000683218241,0.00053800002206116915,0.00053399999160319567,0.00053600000683218241,0
2023-08-27T00:00:00.000000Z,0.00053600000683218241,0.00053800002206116915,0.00052900001173838973,0.00053199997637420893,0
2023-08-28T00:00:00.000000Z,0.00053199997637420893,0.00053700001444667578,0.0005300000193528831,0.00053700001444667578,0
2023-08-29T00:00:00.000000Z,0.00053700001444667578,0.00056199997197836637,0.0005300000193528831,0.00056000001495704055,0
2023-08-30T00:00:00.000000Z,0.00056000001495704055,0.00056199997197836637,0.00055100000463426113,0.00055599998449906707,0
2023-08-31T00:00:00.000000Z,0.00055599998449906707,0.00055799999972805381,0.00054099998669698834,0.00054500001715496182,0
2023-09-01T00:00:00.000000Z,0.00054500001715496182,0.00054699997417628765,0.00053199997637420893,0.00053800002206116915,0
2023-09-02T00:00:00.000000Z,0.00053800002206116915,0.00053999997908249497,0.00053100002696737647,0.00053499999921768904,0
2023-09-03T00:00:00.000000Z,0.00053499999921768904,0.00053999997908249497,0.0005300000193528831,0.00053399999160319567,0
2023-09-04T00:00:00.000000Z,0.00053399999160319567,0.0005389999714680016,0.00053100002696737647,0.00053600000683218241,0
2023-09-05T00:00:00.000000Z,0.00053600000683218241,0.00053600000683218241,0.00052399997366592288,0.0005300000193528831,0
2023-09-06T00:00:00.000000Z,0.0005300000193528831,0.0005329999839887023,0.00052399997366592288,0.00053100002696737647,0
2023-09-07T00:00:00.000000Z,0.00053100002696737647,0.00054199999431148171,0.00052900001173838973,0.0005389999714680016,0
2023-09-08T00:00:00.000000Z,0.0005389999714680016,0.00054899998940527439,0.00053800002206116915,0.00054600002476945519,0
2023-09-09T00:00:00.000000Z,0.00054600002476945519,0.00054799998179078102,0.00054199999431148171,0.00054500001715496182,0
2023-09-10T00:00:00.000000Z,0.00054500001715496182,0.00054500001715496182,0.00053700001444667578,0.00053999997908249497,0
2023-09-11T00:00:00.000000Z,0.00053999997908249497,0.00054199999431148171,0.00052800000412389636,0.0005329999839887023,0
2023-09-12T00:00:00.000000Z,0.0005329999839887023,0.00054500001715496182,0.00053199997637420893,0.00053600000683218241,0
2023-09-13T00:00:00.000000Z,0.00053600000683218241,0.00054400000954046845,0.00053499999921768904,0.00054099998669698834,0
2023-09-14T00:00:00.000000Z,0.00054099998669698834,0.00054799998179078102,0.00053999997908249497,0.00054500001715496182,0
2023-09-15T00:00:00.000000Z,0.00054500001715496182,0.00054799998179078102,0.00053600000683218241,0.00054199999431148171,0
2023-09-16T00:00:00.000000Z,0.00054199999431148171,0.00054699997417628765,0.00053999997908249497,0.00054199999431148171,0
2023-09-17T00:00:00.000000Z,0.00054199999431148171,0.00054400000954046845,0.00053700001444667578,0.00054099998669698834,0
2023-09-18T00:00:00.000000Z,0.00054099998669698834,0.00055100000463426113,0.00053800002206116915,0.00054199999431148171,0
2023-09-19T00:00:00.000000Z,0.00054199999431148171,0.00055300001986324787,0.00054099998669698834,0.0005520000122487545,0
2023-09-20T00:00:00.000000Z,0.0005520000122487545,0.00055300001986324787,0.00054400000954046845,0.00054999999701976776,0
2023-09-21T00:00:00.000000Z,0.00054999999701976776,0.00055100000463426113,0.0005389999714680016,0.00054500001715496182,0
2023-09-22T00:00:00.000000Z,0.00054500001715496182,0.00054999999701976776,0.00054300000192597508,0.00054799998179078102,0
2023-09-23T00:00:00.000000Z,0.00054799998179078102,0.00055100000463426113,0.00054300000192597508,0.00054699997417628765,0
2023-09-24T00:00:00.000000Z,0.00054699997417628765,0.00054899998940527439,0.00053800002206116915,0.00053800002206116915,0
2023-09-25T00:00:00.000000Z,0.00053800002206116915,0.00054199999431148171,0.00051300000632181764,0.00051799998618662357,0
2023-09-26T00:00:00.000000Z,0.00051799998618662357,0.00053100002696737647,0.00051199999870732427,0.00052399997366592288,0
2023-09-27T00:00:00.000000Z,0.00052399997366592288,0.00054400000954046845,0.00052100000903010368,0.00053600000683218241,0
2023-09-28T00:00:00.000000Z,0.00053600000683218241,0.00055100000463426113,0.00053499999921768904,0.00054999999701976776,0
2023-09-29T00:00:00.000000Z,0.00054999999701976776,0.00054999999701976776,0.00049900001613423228,0.00050299998838454485,0
2023-09-30T00:00:00.000000Z,0.00050299998838454485,0.00055799999972805381,0.00049900001613423228,0.00055599998449906707,0
2023-10-01T00:00:00.000000Z,0.00055599998449906707,0.00056299997959285975,0.00054899998940527439,0.00056000001495704055,0
2023-10-02T00:00:00.000000Z,0.00056000001495704055,0.00057299999753013253,0.00055799999972805381,0.00056399998720735312,0
2023-10-03T00:00:00.000000Z,0.00056399998720735312,0.00056499999482184649,0.00055300001986324787,0.00055599998449906707,0
2023-10-04T00:00:00.000000Z,0.00055599998449906707,0.00056399998720735312,0.00055400002747774124,0.00056100002257153392,0
2023-10-05T00:00:00.000000Z,0.00056100002257153392,0.00056399998720735312,0.00055300001986324787,0.0005549999768845737,0
2023-10-06T00:00:00.000000Z,0.0005549999768845737,0.00056600000243633986,0.00055400002747774124,0.00056100002257153392,0
2023-10-07T00:00:00.000000Z,0.00056100002257153392,0.0005680000176653266,0.00055900000734254718,0.00056700001005083323,0
2023-10-08T00:00:00.000000Z,0.00056700001005083323,0.0005740000051446259,0.00056100002257153392,0.00056900002527981997,0
2023-10-09T00:00:00.000000Z,0.00056900002527981997,0.00057299999753013253,0.00056000001495704055,0.00056199997197836637,0
2023-10-10T00:00:00.000000Z,0.00056199997197836637,0.00056499999482184649,0.0005520000122487545,0.00055799999972805381,0
2023-10-11T00:00:00.000000Z,0.00055799999972805381,0.00056100002257153392,0.00054699997417628765,0.00054999999701976776,0
2023-10-12T00:00:00.000000Z,0.00054999999701976776,0.0005520000122487545,0.00054300000192597508,0.00054400000954046845,0
2023-10-13T00:00:00.000000Z,0.00054400000954046845,0.00054899998940527439,0.0005389999714680016,0.00054400000954046845,0
2023-10-14T00:00:00.000000Z,0.00054400000954046845,0.00054699997417628765,0.00053999997908249497,0.00054500001715496182,0
2023-10-15T00:00:00.000000Z,0.00054500001715496182,0.00056100002257153392,0.00054400000954046845,0.00055900000734254718,0
2023-10-16T00:00:00.000000Z,0.00055900000734254718,0.00059100001817569137,0.0005520000122487545,0.00058400002308189869,0
2023-10-17T00:00:00.000000Z,0.00058400002308189869,0.00058699998771771789,0.00057899998500943184,0.00058599998010322452,0
2023-10-18T00:00:00.000000Z,0.00058599998010322452,0.000590000010561198,0.00058100000023841858,0.00058200000785291195,0
2023-10-19T00:00:00.000000Z,0.00058200000785291195,0.00058599998010322452,0.00057799997739493847,0.00058300001546740532,0
2023-10-20T00:00:00.000000Z,0.00058300001546740532,0.00060400000074878335,0.00057899998500943184,0.0005959999980404973,0
2023-10-21T00:00:00.000000Z,0.0005959999980404973,0.00060600001597777009,0.00059100001817569137,0.00060099997790530324,0
2023-10-22T00:00:00.000000Z,0.00060099997790530324,0.00060600001597777009,0.00059800001326948404,0.00060299999313428998,0
2023-10-23T00:00:00.000000Z,0.00060400000074878335,0.00064500002190470695,0.00060400000074878335,0.00062900001648813486,0
2023-10-24T00:00:00.000000Z,0.00062900001648813486,0.00064400001429021358,0.00062599999364465475,0.00063000002410262823,0
2023-10-25T00:00:00.000000Z,0.00063000002410262823,0.00064400001429021358,0.00062800000887364149,0.0006339999963529408,0
2023-10-26T00:00:00.000000Z,0.0006339999963529408,0.0006399999838322401,0.00062800000887364149,0.00063600001158192754,0
2023-10-27T00:00:00.000000Z,0.00063600001158192754,0.00063600001158192754,0.00062700000125914812,0.00063600001158192754,0
2023-10-28T00:00:00.000000Z,0.00063600001158192754,0.00063899997621774673,0.00063099997350946069,0.00063500000396743417,0
2023-10-29T00:00:00.000000Z,0.00063500000396743417,0.00064199999906122684,0.00063199998112395406,0.00063800002681091428,0
2023-10-30T00:00:00.000000Z,0.00063800002681091428,0.00064099999144673347,0.00062399997841566801,0.00062800000887364149,0
2023-10-31T00:00:00.000000Z,0.00062700000125914812,0.00063199998112395406,0.00062300002900883555,0.00063199998112395406,0
2023-11-01T00:00:00.000000Z,0.00063199998112395406,0.00063199998112395406,0.00060199998551979661,0.00060899998061358929,0
2023-11-02T00:00:00.000000Z,0.00060899998061358929,0.00061400001868605614,0.00057899998500943184,0.00058599998010322452,0
2023-11-03T00:00:00.000000Z,0.00058599998010322452,0.00058799999533221126,0.00057799997739493847,0.00058400002308189869,0
2023-11-04T00:00:00.000000Z,0.00058400002308189869,0.00059200002579018474,0.00058200000785291195,0.00059100001817569137,0
2023-11-05T00:00:00.000000Z,0.00059100001817569137,0.00059299997519701719,0.00058599998010322452,0.00059100001817569137,0
2023-11-06T00:00:00.000000Z,0.00059100001817569137,0.00059499999042600393,0.00058599998010322452,0.00059100001817569137,0
2023-11-07T00:00:00.000000Z,0.00059100001817569137,0.00059299997519701719,0.00057899998500943184,0.00058300001546740532,0
2023-11-08T00:00:00.000000Z,0.00058300001546740532,0.00058699998771771789,0.00057799997739493847,0.00057799997739493847,0
2023-11-09T00:00:00.000000Z,0.00057799997739493847,0.00058900000294670463,0.0005740000051446259,0.00058400002308189869,0
2023-11-10T00:00:00.000000Z,0.00058400002308189869,0.00058699998771771789,0.00056199997197836637,0.00056700001005083323,0
2023-11-11T00:00:00.000000Z,0.00056700001005083323,0.0005740000051446259,0.00056299997959285975,0.0005740000051446259,0
2023-11-12T00:00:00.000000Z,0.0005740000051446259,0.00057500001275911927,0.0005680000176653266,0.00057299999753013253,0
2023-11-13T00:00:00.000000Z,0.00057299999753013253,0.00057600002037361264,0.00054799998179078102,0.00054999999701976776,0
2023-11-14T00:00:00.000000Z,0.00054999999701976776,0.00057299999753013253,0.00054699997417628765,0.00056100002257153392,0
2023-11-15T00:00:00.000000Z,0.00056100002257153392,0.00056900002527981997,0.00055599998449906707,0.00056600000243633986,0
2023-11-16T00:00:00.000000Z,0.00056600000243633986,0.00056999997468665242,0.00055699999211356044,0.00056900002527981997,0
2023-11-17T00:00:00.000000Z,0.00056900002527981997,0.00057299999753013253,0.00056399998720735312,0.00057099998230114579,0
2023-11-18T00:00:00.000000Z,0.00057099998230114579,0.0005740000051446259,0.00054099998669698834,0.00054500001715496182,0
2023-11-19T00:00:00.000000Z,0.00054500001715496182,0.00054699997417628765,0.0005389999714680016,0.00054300000192597508,0
2023-11-20T00:00:00.000000Z,0.00054300000192597508,0.00054699997417628765,0.00053700001444667578,0.00054400000954046845,0
2023-11-21T00:00:00.000000Z,0.00054400000954046845,0.00054699997417628765,0.00052499998128041625,0.00052499998128041625,0
2023-11-22T00:00:00.000000Z,0.00052499998128041625,0.00053700001444667578,0.00052499998128041625,0.00053100002696737647,0
2023-11-23T00:00:00.000000Z,0.00053100002696737647,0.00054300000192597508,0.00052900001173838973,0.00054099998669698834,0
2023-11-24T00:00:00.000000Z,0.00054099998669698834,0.00054999999701976776,0.00053800002206116915,0.00054300000192597508,0
2023-11-25T00:00:00.000000Z,0.00054300000192597508,0.00054500001715496182,0.00053800002206116915,0.00054400000954046845,0
2023-11-26T00:00:00.000000Z,0.00054400000954046845,0.00054500001715496182,0.00053800002206116915,0.00054099998669698834,0
2023-11-27T00:00:00.000000Z,0.00054099998669698834,0.00054400000954046845,0.00053100002696737647,0.0005389999714680016,0
2023-11-28T00:00:00.000000Z,0.0005389999714680016,0.00054099998669698834,0.0005300000193528831,0.00053700001444667578,0
2023-11-29T00:00:00.000000Z,0.00053700001444667578,0.00054500001715496182,0.00053399999160319567,0.00054300000192597508,0
2023-11-30T00:00:00.000000Z,0.00054300000192597508,0.00054500001715496182,0.00053600000683218241,0.00054099998669698834,0
2023-12-01T00:00:00.000000Z,0.00054099998669698834,0.0005520000122487545,0.0005389999714680016,0.00054899998940527439,0
2023-12-02T00:00:00.000000Z,0.00054899998940527439,0.00055100000463426113,0.00054300000192597508,0.00054899998940527439,0
2023-12-03T00:00:00.000000Z,0.00054899998940527439,0.00055799999972805381,0.00054699997417628765,0.00055400002747774124,0
2023-12-04T00:00:00.000000Z,0.00055400002747774124,0.00056299997959285975,0.00054600002476945519,0.00055100000463426113,0
2023-12-05T00:00:00.000000Z,0.00055100000463426113,0.00055699999211356044,0.00054500001715496182,0.00055100000463426113,0
2023-12-06T00:00:00.000000Z,0.00055100000463426113,0.00055300001986324787,0.00052800000412389636,0.00053100002696737647,0
2023-12-07T00:00:00.000000Z,0.00053100002696737647,0.00053999997908249497,0.00052800000412389636,0.00053499999921768904,0
2023-12-08T00:00:00.000000Z,0.00053499999921768904,0.00054699997417628765,0.0005329999839887023,0.00054099998669698834,0
2023-12-09T00:00:00.000000Z,0.00054099998669698834,0.00054400000954046845,0.0005329999839887023,0.00053499999921768904,0
2023-12-10T00:00:00.000000Z,0.00053499999921768904,0.00053700001444667578,0.00053199997637420893,0.00053499999921768904,0
2023-12-11T00:00:00.000000Z,0.00053499999921768904,0.00054300000192597508,0.00052300002425909042,0.00053600000683218241,0
2023-12-12T00:00:00.000000Z,0.00053600000683218241,0.00054199999431148171,0.00053100002696737647,0.00053600000683218241,0
2023-12-13T00:00:00.000000Z,0.00053600000683218241,0.00054999999701976776,0.00053100002696737647,0.00054300000192597508,0
2023-12-14T00:00:00.000000Z,0.00054300000192597508,0.00054699997417628765,0.00053100002696737647,0.00053800002206116915,0
2023-12-15T00:00:00.000000Z,0.00053800002206116915,0.00054199999431148171,0.0005300000193528831,0.00053399999160319567,0
2023-12-16T00:00:00.000000Z,0.00053399999160319567,0.00055100000463426113,0.0005300000193528831,0.00054600002476945519,0
2023-12-17T00:00:00.000000Z,0.00054600002476945519,0.00055400002747774124,0.00054500001715496182,0.00054799998179078102,0
2023-12-18T00:00:00.000000Z,0.00054799998179078102,0.00056199997197836637,0.00053999997908249497,0.00054300000192597508,0
2023-12-19T00:00:00.000000Z,0.00054300000192597508,0.00054500001715496182,0.00053399999160319567,0.0005389999714680016,0
2023-12-20T00:00:00.000000Z,0.0005389999714680016,0.00054799998179078102,0.00053499999921768904,0.00054199999431148171,0
2023-12-21T00:00:00.000000Z,0.00054199999431148171,0.00054500001715496182,0.00053800002206116915,0.00054199999431148171,0
2023-12-22T00:00:00.000000Z,0.00054199999431148171,0.00054400000954046845,0.00051500002155080438,0.00052499998128041625,0
2023-12-23T00:00:00.000000Z,0.00052499998128041625,0.00052499998128041625,0.00050500000361353159,0.00050899997586384416,0
2023-12-24T00:00:00.000000Z,0.00050899997586384416,0.00051199999870732427,0.00050399999599903822,0.00050700001884251833,0
2023-12-25T00:00:00.000000Z,0.00050700001884251833,0.00051199999870732427,0.00050299998838454485,0.00050999998347833753,0
2023-12-26T00:00:00.000000Z,0.00050999998347833753,0.00051199999870732427,0.00050199998077005148,0.00050899997586384416,0
2023-12-27T00:00:00.000000Z,0.00050899997586384416,0.00051899999380111694,0.00050500000361353159,0.0005109999910928309,0
2023-12-28T00:00:00.000000Z,0.0005109999910928309,0.00051400001393631101,0.00050199998077005148,0.00050500000361353159,0
2023-12-29T00:00:00.000000Z,0.00050500000361353159,0.00051400001393631101,0.00050099997315555811,0.00050999998347833753,0
2023-12-30T00:00:00.000000Z,0.00050999998347833753,0.00051300000632181764,0.00050500000361353159,0.00050899997586384416,0
2023-12-31T00:00:00.000000Z,0.00050899997586384416,0.00051300000632181764,0.00050199998077005148,0.00050199998077005148,0
2024-01-01T00:00:00.000000Z,0.00050299998838454485,0.00051400001393631101,0.00050199998077005148,0.0005109999910928309,0
2024-01-02T00:00:00.000000Z,0.0005109999910928309,0.00051599997095763683,0.00050199998077005148,0.00050299998838454485,0
2024-01-03T00:00:00.000000Z,0.00050299998838454485,0.00051599997095763683,0.00049599999329075217,0.00050500000361353159,0
2024-01-04T00:00:00.000000Z,0.00050500000361353159,0.0005169999785721302,0.00050299998838454485,0.00050899997586384416,0
2024-01-05T00:00:00.000000Z,0.00050899997586384416,0.0005109999910928309,0.00050399999599903822,0.0005109999910928309,0
2024-01-06T00:00:00.000000Z,0.0005109999910928309,0.0005109999910928309,0.00050500000361353159,0.0005080000264570117,0
2024-01-07T00:00:00.000000Z,0.0005080000264570117,0.00051199999870732427,0.00050600001122802496,0.00050899997586384416,0
2024-01-08T00:00:00.000000Z,0.00050899997586384416,0.0005169999785721302,0.00050199998077005148,0.0005109999910928309,0
2024-01-09T00:00:00.000000Z,0.0005109999910928309,0.00051500002155080438,0.00050099997315555811,0.0005109999910928309,0
2024-01-10T00:00:00.000000Z,0.0005109999910928309,0.00052200001664459705,0.00050000002374872565,0.00051199999870732427,0
2024-01-11T00:00:00.000000Z,0.00051199999870732427,0.00052699999650940299,0.00049900001613423228,0.00050600001122802496,0
2024-01-12T00:00:00.000000Z,0.00050600001122802496,0.00050999998347833753,0.00049200002104043961,0.0005080000264570117,0
2024-01-13T00:00:00.000000Z,0.0005080000264570117,0.00051400001393631101,0.00050199998077005148,0.00050899997586384416,0
2024-01-14T00:00:00.000000Z,0.00050899997586384416,0.00051300000632181764,0.00049700000090524554,0.00049800000851973891,0
2024-01-15T00:00:00.000000Z,0.00049800000851973891,0.00050899997586384416,0.00049700000090524554,0.00049800000851973891,0
2024-01-16T00:00:00.000000Z,0.00049800000851973891,0.00051300000632181764,0.0004949999856762588,0.00050899997586384416,0
2024-01-17T00:00:00.000000Z,0.00050899997586384416,0.00050899997586384416,0.00049800000851973891,0.00050399999599903822,0
2024-01-18T00:00:00.000000Z,0.00050399999599903822,0.00054500001715496182,0.00050199998077005148,0.0005329999839887023,0
2024-01-19T00:00:00.000000Z,0.0005329999839887023,0.00054199999431148171,0.00052300002425909042,0.00053600000683218241,0
2024-01-20T00:00:00.000000Z,0.00053600000683218241,0.0005389999714680016,0.00053100002696737647,0.00053700001444667578,0
2024-01-21T00:00:00.000000Z,0.00053700001444667578,0.00053700001444667578,0.00052800000412389636,0.00053100002696737647,0
2024-01-22T00:00:00.000000Z,0.00053100002696737647,0.00053199997637420893,0.00050700001884251833,0.00050700001884251833,0
2024-01-23T00:00:00.000000Z,0.00050700001884251833,0.00051300000632181764,0.00050199998077005148,0.00051300000632181764,0
2024-01-24T00:00:00.000000Z,0.00051300000632181764,0.0005300000193528831,0.00050899997586384416,0.00052599998889490962,0
2024-01-25T00:00:00.000000Z,0.00052599998889490962,0.00053999997908249497,0.00051599997095763683,0.00053499999921768904,0
2024-01-26T00:00:00.000000Z,0.00053499999921768904,0.00054400000954046845,0.00052599998889490962,0.00053999997908249497,0
2024-01-27T00:00:00.000000Z,0.00053999997908249497,0.00053999997908249497,0.00052599998889490962,0.00053399999160319567,0
2024-01-28T00:00:00.000000Z,0.00053399999160319567,0.00054099998669698834,0.00051400001393631101,0.00052100000903010368,0
2024-01-29T00:00:00.000000Z,0.00052100000903010368,0.0005300000193528831,0.00051599997095763683,0.00052699999650940299,0
2024-01-30T00:00:00.000000Z,0.00052699999650940299,0.0005300000193528831,0.00051300000632181764,0.00051500002155080438,0
2024-01-31T00:00:00.000000Z,0.00051500002155080438,0.00052000000141561031,0.00050099997315555811,0.00050700001884251833,0
2024-02-01T00:00:00.000000Z,0.00050700001884251833,0.00051400001393631101,0.00049700000090524554,0.0005109999910928309,0
2024-02-02T00:00:00.000000Z,0.0005109999910928309,0.00051599997095763683,0.00050600001122802496,0.00051400001393631101,0
2024-02-03T00:00:00.000000Z,0.00051400001393631101,0.00051500002155080438,0.00050999998347833753,0.0005109999910928309,0
2024-02-04T00:00:00.000000Z,0.0005109999910928309,0.00051199999870732427,0.00049599999329075217,0.00049800000851973891,0
2024-02-05T00:00:00.000000Z,0.00049800000851973891,0.00050899997586384416,0.0004949999856762588,0.00049900001613423228,0
2024-02-06T00:00:00.000000Z,0.00049900001613423228,0.00050700001884251833,0.00049800000851973891,0.00050399999599903822,0
2024-02-07T00:00:00.000000Z,0.00050399999599903822,0.0005169999785721302,0.00050099997315555811,0.00051400001393631101,0
2024-02-08T00:00:00.000000Z,0.00051400001393631101,0.00051799998618662357,0.0005109999910928309,0.00051199999870732427,0
2024-02-09T00:00:00.000000Z,0.00051199999870732427,0.00053199997637420893,0.0005109999910928309,0.00051899999380111694,0
2024-02-10T00:00:00.000000Z,0.00051899999380111694,0.00052300002425909042,0.00051500002155080438,0.00052100000903010368,0
2024-02-11T00:00:00.000000Z,0.00052100000903010368,0.00052399997366592288,0.00050899997586384416,0.00051199999870732427,0
2024-02-12T00:00:00.000000Z,0.00051199999870732427,0.00052200001664459705,0.00050199998077005148,0.00050500000361353159,0
2024-02-13T00:00:00.000000Z,0.00050500000361353159,0.00051199999870732427,0.0004949999856762588,0.00051199999870732427,0
2024-02-14T00:00:00.000000Z,0.00051199999870732427,0.00052499998128041625,0.00050299998838454485,0.00052300002425909042,0
2024-02-15T00:00:00.000000Z,0.00052300002425909042,0.00053499999921768904,0.00052200001664459705,0.00053499999921768904,0
2024-02-16T00:00:00.000000Z,0.00053499999921768904,0.00053700001444667578,0.00052200001664459705,0.00052699999650940299,0
2024-02-17T00:00:00.000000Z,0.00052699999650940299,0.00052900001173838973,0.00051199999870732427,0.00052200001664459705,0
2024-02-18T00:00:00.000000Z,0.00052200001664459705,0.0005300000193528831,0.0005169999785721302,0.00052599998889490962,0
2024-02-19T00:00:00.000000Z,0.00052599998889490962,0.00053100002696737647,0.00052300002425909042,0.00052300002425909042,0
2024-02-20T00:00:00.000000Z,0.00052300002425909042,0.00053399999160319567,0.00051599997095763683,0.00052800000412389636,0
2024-02-21T00:00:00.000000Z,0.00052800000412389636,0.0005389999714680016,0.00051500002155080438,0.0005389999714680016,0
2024-02-22T00:00:00.000000Z,0.0005389999714680016,0.00053999997908249497,0.0005329999839887023,0.00053499999921768904,0
2024-02-23T00:00:00.000000Z,0.00053499999921768904,0.00058900000294670463,0.00053399999160319567,0.00057899998500943184,0
2024-02-24T00:00:00.000000Z,0.00057899998500943184,0.00059399998281151056,0.00057299999753013253,0.00058799999533221126,0
2024-02-25T00:00:00.000000Z,0.00058799999533221126,0.0005959999980404973,0.00058599998010322452,0.00059399998281151056,0
2024-02-26T00:00:00.000000Z,0.00059399998281151056,0.00067600002512335777,0.00058599998010322452,0.00066499999957159162,0
2024-02-27T00:00:00.000000Z,0.00066499999957159162,0.00070700002834200859,0.00066000001970678568,0.00069600000279024243,0
2024-02-28T00:00:00.000000Z,0.00069600000279024243,0.00089500000467523932,0.00069000001531094313,0.00082499999552965164,0
2024-02-29T00:00:00.000000Z,0.00082499999552965164,0.00082499999552965164,0.0006970000104047358,0.00073000002885237336,0
2024-03-01T00:00:00.000000Z,0.00073000002885237336,0.00076800002716481686,0.00071699998807162046,0.00076199998147785664,0
2024-03-02T00:00:00.000000Z,0.00076199998147785664,0.00082000001566484571,0.00075299997115507722,0.00076299998909235001,0
2024-03-03T00:00:00.000000Z,0.00076299998909235001,0.00085900002159178257,0.00075399997876957059,0.00085900002159178257,0
2024-03-04T00:00:00.000000Z,0.00085900002159178257,0.0010339999571442604,0.00085599999874830246,0.001032999949529767,7
2024-03-05T00:00:00.000000Z,0.001032999949529767,0.0010349999647587538,0.0010300000431016088,0.0010300000431016088,18
2024-03-06T00:00:00.000000Z,0.0010300000431016088,0.0010319999419152737,0.0010300000431016088,0.0010319999419152737,5
2024-03-07T00:00:00.000000Z,0.0010319999419152737,0.0010339999571442604,0.0010310000507161021,0.0010310000507161021,0
2024-03-08T00:00:00.000000Z,0.0010310000507161021,0.001032999949529767,0.0010290000354871154,0.0010290000354871154,7
2024-03-09T00:00:00.000000Z,0.0010290000354871154,0.001032999949529767,0.0010290000354871154,0.0010319999419152737,4
2024-03-10T00:00:00.000000Z,0.0010319999419152737,0.0010359999723732471,0.0010310000507161021,0.0010349999647587538,7
2024-03-11T00:00:00.000000Z,0.0010349999647587538,0.0010359999723732471,0.0010260000126436353,0.001032999949529767,22
2024-03-12T00:00:00.000000Z,0.001032999949529767,0.0010349999647587538,0.001028000027872622,0.0010290000354871154,2
2024-03-13T00:00:00.000000Z,0.0010290000354871154,0.0010349999647587538,0.0010290000354871154,0.0010349999647587538,9
2024-03-14T00:00:00.000000Z,0.0010349999647587538,0.0010349999647587538,0.0010319999419152737,0.001032999949529767,10
2024-03-15T00:00:00.000000Z,0.001032999949529767,0.001041000010445714,0.0010310000507161021,0.0010310000507161021,1
2024-03-16T00:00:00.000000Z,0.0010310000507161021,0.0010310000507161021,0.0010310000507161021,0.0010310000507161021,2
2024-03-17T00:00:00.000000Z,0.0010310000507161021,0.001041000010445714,0.0010300000431016088,0.0010300000431016088,3
2024-03-18T00:00:00.000000Z,0.0010300000431016088,0.0010310000507161021,0.0010300000431016088,0.0010310000507161021,7
2024-03-19T00:00:00.000000Z,0.0010310000507161021,0.0010369999799877405,0.0010310000507161021,0.0010310000507161021,10
2024-03-20T00:00:00.000000Z,0.0010310000507161021,0.001032999949529767,0.0010310000507161021,0.001032999949529767,11
2024-03-21T00:00:00.000000Z,0.001032999949529767,0.0010440000332891941,0.001032999949529767,0.0010349999647587538,2
2024-03-22T00:00:00.000000Z,0.0010349999647587538,0.0010349999647587538,0.001032999949529767,0.001032999949529767,0
2024-03-23T00:00:00.000000Z,0.001032999949529767,0.0010339999571442604,0.001032999949529767,0.001032999949529767,4
2024-03-24T00:00:00.000000Z,0.001032999949529767,0.0010349999647587538,0.0010319999419152737,0.0010349999647587538,13
2024-03-25T00:00:00.000000Z,0.0010349999647587538,0.0010369999799877405,0.0010319999419152737,0.0010369999799877405,6
2024-03-26T00:00:00.000000Z,0.0010369999799877405,0.0010369999799877405,0.0010339999571442604,0.0010339999571442604,13
2024-03-27T00:00:00.000000Z,0.0010339999571442604,0.0010339999571442604,0.0010319999419152737,0.001032999949529767,7
2024-03-28T00:00:00.000000Z,0.001032999949529767,0.0010349999647587538,0.001032999949529767,0.0010349999647587538,20
2024-03-29T00:00:00.000000Z,0.0010349999647587538,0.0010349999647587538,0.0010339999571442604,0.0010349999647587538,12
2024-03-30T00:00:00.000000Z,0.0010349999647587538,0.0010349999647587538,0.0010250000050291419,0.0010319999419152737,1
2024-03-31T00:00:00.000000Z,0.0010319999419152737,0.0010349999647587538,0.0010319999419152737,0.0010349999647587538,5
2024-04-01T00:00:00.000000Z,0.0010349999647587538,0.0010349999647587538,0.0010349999647587538,0.0010349999647587538,1
2024-04-02T00:00:00.000000Z,0.0010349999647587538,0.0010359999723732471,0.0010250000050291419,0.0010349999647587538,2
2024-04-03T00:00:00.000000Z,0.0010349999647587538,0.0010349999647587538,0.0010339999571442604,0.0010339999571442604,19
2024-04-04T00:00:00.000000Z,0.0010339999571442604,0.0010339999571442604,0.001032999949529767,0.001032999949529767,9
2024-04-05T00:00:00.000000Z,0.001032999949529767,0.001032999949529767,0.0010260000126436353,0.001032999949529767,1
2024-04-06T00:00:00.000000Z,0.001032999949529767,0.0010339999571442604,0.001032999949529767,0.0010339999571442604,2
2024-04-07T00:00:00.000000Z,0.0010339999571442604,0.0010400000028312206,0.0010010000551119447,0.0010300000431016088,6
2024-04-08T00:00:00.000000Z,0.0010300000431016088,0.0010319999419152737,0.0010250000050291419,0.0010250000050291419,0
2024-04-09T00:00:00.000000Z,0.0010250000050291419,0.0010310000507161021,0.0010229999898001552,0.0010300000431016088,2
2024-04-10T00:00:00.000000Z,0.0010300000431016088,0.0010349999647587538,0.0010300000431016088,0.0010310000507161021,7
2024-04-11T00:00:00.000000Z,0.0010310000507161021,0.0010319999419152737,0.0010229999898001552,0.0010229999898001552,0
2024-04-12T00:00:00.000000Z,0.0010229999898001552,0.001041000010445714,0.0010229999898001552,0.0010319999419152737,10
2024-04-13T00:00:00.000000Z,0.0010319999419152737,0.0010319999419152737,0.0010319999419152737,0.0010319999419152737,3
2024-04-14T00:00:00.000000Z,0.0010319999419152737,0.001032999949529767,0.0010270000202581286,0.0010300000431016088,3
2024-04-15T00:00:00.000000Z,0.0010300000431016088,0.0010319999419152737,0.0010219999821856618,0.0010219999821856618,0
2024-04-16T00:00:00.000000Z,0.0010219999821856618,0.0010339999571442604,0.0010219999821856618,0.001032999949529767,5
2024-04-17T00:00:00.000000Z,0.001032999949529767,0.001032999949529767,0.001032999949529767,0.001032999949529767,5
2024-04-18T00:00:00.000000Z,0.001032999949529767,0.0010610000463202596,0.001032999949529767,0.0010379999876022339,5
2024-04-19T00:00:00.000000Z,0.0010379999876022339,0.0010379999876022339,0.001028000027872622,0.0010300000431016088,1
2024-04-20T00:00:00.000000Z,0.0010300000431016088,0.001032999949529767,0.0010300000431016088,0.001032999949529767,1
2024-04-21T00:00:00.000000Z,0.001032999949529767,0.001032999949529767,0.001032999949529767,0.001032999949529767,1
2024-04-22T00:00:00.000000Z,0.001032999949529767,0.0010339999571442604,0.001032999949529767,0.0010339999571442604,7
2024-04-23T00:00:00.000000Z,0.0010339999571442604,0.0010339999571442604,0.0010339999571442604,0.0010339999571442604,4
2024-04-24T00:00:00.000000Z,0.0010339999571442604,0.0010450000409036875,0.0010339999571442604,0.0010450000409036875,0
2024-04-25T00:00:00.000000Z,0.0010450000409036875,0.0010450000409036875,0.001032999949529767,0.001032999949529767,1
2024-04-26T00:00:00.000000Z,0.001032999949529767,0.0010369999799877405,0.001032999949529767,0.0010369999799877405,2
2024-04-27T00:00:00.000000Z,0.0010369999799877405,0.0010379999876022339,0.0010310000507161021,0.0010310000507161021,2
2024-04-28T00:00:00.000000Z,0.0010310000507161021,0.0010319999419152737,0.0010290000354871154,0.0010319999419152737,3
2024-04-29T00:00:00.000000Z,0.0010319999419152737,0.001032999949529767,0.0010209999745711684,0.0010319999419152737,11
2024-04-30T00:00:00.000000Z,0.0010319999419152737,0.0010319999419152737,0.0010239999974146485,0.0010239999974146485,0
2024-05-01T00:00:00.000000Z,0.0010239999974146485,0.0010239999974146485,0.0010239999974146485,0.0010239999974146485,0
2024-05-02T00:00:00.000000Z,0.0010239999974146485,0.0010239999974146485,0.0010239999974146485,0.0010239999974146485,0
2024-05-03T00:00:00.000000Z,0.0010239999974146485,0.0010339999571442604,0.0010239999974146485,0.0010339999571442604,2
2024-05-04T00:00:00.000000Z,0.0010339999571442604,0.0010440000332891941,0.0010339999571442604,0.0010440000332891941,0
2024-05-05T00:00:00.000000Z,0.0010440000332891941,0.0010440000332891941,0.001032999949529767,0.001032999949529767,1
2024-05-06T00:00:00.000000Z,0.001032999949529767,0.001032999949529767,0.001032999949529767,0.001032999949529767,3
2024-05-07T00:00:00.000000Z,0.001032999949529767,0.001032999949529767,0.0010300000431016088,0.0010310000507161021,4
2024-05-08T00:00:00.000000Z,0.0010310000507161021,0.0010319999419152737,0.0010290000354871154,0.0010319999419152737,1
2024-05-09T00:00:00.000000Z,0.0010319999419152737,0.0010319999419152737,0.0010300000431016088,0.0010300000431016088,2
2024-05-10T00:00:00.000000Z,0.0010300000431016088,0.0010310000507161021,0.0010300000431016088,0.0010310000507161021,5
2024-05-11T00:00:00.000000Z,0.0010310000507161021,0.0010310000507161021,0.0010229999898001552,0.0010229999898001552,0
2024-05-12T00:00:00.000000Z,0.0010229999898001552,0.0010319999419152737,0.0010229999898001552,0.0010319999419152737,2
2024-05-13T00:00:00.000000Z,0.0010319999419152737,0.0010319999419152737,0.0010229999898001552,0.0010229999898001552,0
2024-05-14T00:00:00.000000Z,0.0010229999898001552,0.0010430000256747007,0.0010229999898001552,0.0010339999571442604,2
2024-05-15T00:00:00.000000Z,0.0010339999571442604,0.0010430000256747007,0.0010339999571442604,0.0010430000256747007,0
2024-05-16T00:00:00.000000Z,0.0010430000256747007,0.0010430000256747007,0.0010430000256747007,0.0010430000256747007,0
2024-05-17T00:00:00.000000Z,0.0010430000256747007,0.0010430000256747007,0.0010319999419152737,0.0010319999419152737,0
2024-05-18T00:00:00.000000Z,0.0010319999419152737,0.0010430000256747007,0.0010319999419152737,0.0010430000256747007,0
2024-05-19T00:00:00.000000Z,0.0010430000256747007,0.0010440000332891941,0.0010319999419152737,0.0010319999419152737,3
2024-05-20T00:00:00.000000Z,0.0010319999419152737,0.0010319999419152737,0.0010319999419152737,0.0010319999419152737,0
2024-05-21T00:00:00.000000Z,0.0010319999419152737,0.0010430000256747007,0.0010310000507161021,0.0010310000507161021,0
2024-05-22T00:00:00.000000Z,0.0010310000507161021,0.0010319999419152737,0.0010310000507161021,0.0010319999419152737,2
2024-05-23T00:00:00.000000Z,0.0010319999419152737,0.0010319999419152737,0.0010310000507161021,0.0010310000507161021,2
2024-05-24T00:00:00.000000Z,0.0010310000507161021,0.0010310000507161021,0.0010310000507161021,0.0010310000507161021,0
2024-05-25T00:00:00.000000Z,0.0010310000507161021,0.0010310000507161021,0.0010310000507161021,0.0010310000507161021,0
2024-05-26T00:00:00.000000Z,0.0010310000507161021,0.0010310000507161021,0.0010310000507161021,0.0010310000507161021,0
2024-05-27T00:00:00.000000Z,0.0010310000507161021,0.0010310000507161021,0.0010310000507161021,0.0010310000507161021,0
2024-05-28T00:00:00.000000Z,0.0010310000507161021,0.0010310000507161021,0.0010310000507161021,0.0010310000507161021,0
2024-05-29T00:00:00.000000Z,0.0010310000507161021,0.0010310000507161021,0.0010310000507161021,0.0010310000507161021,2
2024-05-30T00:00:00.000000Z,0.0010310000507161021,0.0010310000507161021,0.0010310000507161021,0.0010310000507161021,0
2024-05-31T00:00:00.000000Z,0.0010310000507161021,0.0010310000507161021,0.0010310000507161021,0.0010310000507161021,0
2024-06-01T00:00:00.000000Z,0.0010310000507161021,0.0010310000507161021,0.0010310000507161021,0.0010310000507161021,0
2024-06-02T00:00:00.000000Z,0.0010310000507161021,0.0010310000507161021,0.0010310000507161021,0.0010310000507161021,1
2024-06-03T00:00:00.000000Z,0.0010310000507161021,0.0011129999766126275,0.0010310000507161021,0.001032999949529767,2021
2024-06-04T00:00:00.000000Z,0.001032999949529767,0.001032999949529767,0.001032999949529767,0.001032999949529767,0
2024-06-05T00:00:00.000000Z,0.001032999949529767,0.001032999949529767,0.001032999949529767,0.001032999949529767,0
2024-06-06T00:00:00.000000Z,0.001032999949529767,0.001032999949529767,0.001032999949529767,0.001032999949529767,0
2024-06-07T00:00:00.000000Z,0.001032999949529767,0.001032999949529767,0.001032999949529767,0.001032999949529767,0
2024-06-08T00:00:00.000000Z,0.001032999949529767,0.001032999949529767,0.001032999949529767,0.001032999949529767,5
2024-06-09T00:00:00.000000Z,0.001032999949529767,0.001032999949529767,0.001032999949529767,0.001032999949529767,0
2024-06-10T00:00:00.000000Z,0.001032999949529767,0.001032999949529767,0.001032999949529767,0.001032999949529767,0
2024-06-11T00:00:00.000000Z,0.001032999949529767,0.001032999949529767,0.001032999949529767,0.001032999949529767,1
2024-06-12T00:00:00.000000Z,0.001032999949529767,0.001032999949529767,0.001032999949529767,0.001032999949529767,0
2024-06-13T00:00:00.000000Z,0.001032999949529767,0.001032999949529767,0.001032999949529767,0.001032999949529767,2
2024-06-14T00:00:00.000000Z,0.001032999949529767,0.001032999949529767,0.001032999949529767,0.001032999949529767,2
2024-06-15T00:00:00.000000Z,0.001032999949529767,0.001032999949529767,0.001032999949529767,0.001032999949529767,0
2024-06-16T00:00:00.000000Z,0.001032999949529767,0.001032999949529767,0.001032999949529767,0.001032999949529767,5
2024-06-17T00:00:00.000000Z,0.001032999949529767,0.001032999949529767,0.001032999949529767,0.001032999949529767,0
2024-06-18T00:00:00.000000Z,0.001032999949529767,0.0010339999571442604,0.001032999949529767,0.0010339999571442604,1
2024-06-19T00:00:00.000000Z,0.0010339999571442604,0.0010339999571442604,0.0010339999571442604,0.0010339999571442604,0
2024-06-20T00:00:00.000000Z,0.0010339999571442604,0.0010339999571442604,0.0010339999571442604,0.0010339999571442604,2
2024-06-21T00:00:00.000000Z,0.0010339999571442604,0.0010339999571442604,0.0010339999571442604,0.0010339999571442604,0
2024-06-22T00:00:00.000000Z,0.0010339999571442604,0.0010339999571442604,0.0010339999571442604,0.0010339999571442604,0
2024-06-23T00:00:00.000000Z,0.0010339999571442604,0.0010339999571442604,0.0010339999571442604,0.0010339999571442604,0
2024-06-24T00:00:00.000000Z,0.0010339999571442604,0.0010339999571442604,0.001032999949529767,0.001032999949529767,0
2024-06-25T00:00:00.000000Z,0.001032999949529767,0.001032999949529767,0.001032999949529767,0.001032999949529767,0
2024-06-26T00:00:00.000000Z,0.001032999949529767,0.001032999949529767,0.001032999949529767,0.001032999949529767,0
2024-06-27T00:00:00.000000Z,0.001032999949529767,0.001032999949529767,0.001032999949529767,0.001032999949529767,0
2024-06-28T00:00:00.000000Z,0.001032999949529767,0.001032999949529767,0.001032999949529767,0.001032999949529767,0
2024-06-29T00:00:00.000000Z,0.001032999949529767,0.001032999949529767,0.001032999949529767,0.001032999949529767,0
2024-06-30T00:00:00.000000Z,0.001032999949529767,0.001032999949529767,0.001032999949529767,0.001032999949529767,0
2024-07-01T00:00:00.000000Z,0.001032999949529767,0.001032999949529767,0.001032999949529767,0.001032999949529767,0
2024-07-02T00:00:00.000000Z,0.001032999949529767,0.001032999949529767,0.00064899999415501952,0.00065200001699849963,0
2024-07-03T00:00:00.000000Z,0.00065200001699849963,0.00065399997401982546,0.0006399999838322401,0.00065100000938400626,0
2024-07-04T00:00:00.000000Z,0.00065100000938400626,0.0006559999892488122,0.00062499998603016138,0.00062900001648813486,0
2024-07-05T00:00:00.000000Z,0.00062900001648813486,0.00063600001158192754,0.00057199998991563916,0.00057199998991563916,0
2024-07-06T00:00:00.000000Z,0.00057199998991563916,0.000590000010561198,0.00056600000243633986,0.00058799999533221126,0
2024-07-07T00:00:00.000000Z,0.00058799999533221126,0.00058900000294670463,0.00056299997959285975,0.00056499999482184649,0
2024-07-08T00:00:00.000000Z,0.00056499999482184649,0.00058599998010322452,0.00055799999972805381,0.00057700002798810601,0
2024-07-09T00:00:00.000000Z,0.00057700002798810601,0.00059299997519701719,0.00057500001275911927,0.00059100001817569137,0
2024-07-10T00:00:00.000000Z,0.00059100001817569137,0.00060799997299909592,0.00058300001546740532,0.00058900000294670463,0
2024-07-11T00:00:00.000000Z,0.00058900000294670463,0.00059800001326948404,0.00057799997739493847,0.00057899998500943184,0
2024-07-12T00:00:00.000000Z,0.00057899998500943184,0.00059100001817569137,0.00057199998991563916,0.00058499997248873115,0
2024-07-13T00:00:00.000000Z,0.00058499997248873115,0.00060299999313428998,0.00058300001546740532,0.00059800001326948404,0
2024-07-14T00:00:00.000000Z,0.00059800001326948404,0.00062300002900883555,0.00059800001326948404,0.00061400001868605614,0
2024-07-15T00:00:00.000000Z,0.00061400001868605614,0.00066100002732127905,0.00061400001868605614,0.00066100002732127905,0
2024-07-16T00:00:00.000000Z,0.00066100002732127905,0.00066299998434260488,0.00063800002681091428,0.00065699999686330557,0
2024-07-17T00:00:00.000000Z,0.00065699999686330557,0.00066600000718608499,0.00064699997892603278,0.00064899999415501952,0
2024-07-18T00:00:00.000000Z,0.00064899999415501952,0.00065699999686330557,0.00063899997621774673,0.00064599997131153941,0
2024-07-19T00:00:00.000000Z,0.00064599997131153941,0.00067999999737367034,0.0006399999838322401,0.00067300000227987766,0
2024-07-20T00:00:00.000000Z,0.00067300000227987766,0.00068200001260265708,0.00066899997182190418,0.00067899998975917697,0
2024-07-21T00:00:00.000000Z,0.00067899998975917697,0.00068900000769644976,0.00066600000718608499,0.00068699999246746302,0
2024-07-22T00:00:00.000000Z,0.00068699999246746302,0.0006910000229254365,0.00067400000989437103,0.00068200001260265708,0
2024-07-23T00:00:00.000000Z,0.00068200001260265708,0.00068400002783164382,0.00066700001480057836,0.00067899998975917697,0
2024-07-24T00:00:00.000000Z,0.00067899998975917697,0.00068100000498816371,0.00065900001209229231,0.00066100002732127905,0
2024-07-25T00:00:00.000000Z,0.00066100002732127905,0.00066199997672811151,0.00060999998822808266,0.00062399997841566801,0
2024-07-26T00:00:00.000000Z,0.00062399997841566801,0.00063299998873844743,0.00060700002359226346,0.00061099999584257603,0
2024-07-27T00:00:00.000000Z,0.00061099999584257603,0.0006179999909363687,0.00059499999042600393,0.00060400000074878335,0
2024-07-28T00:00:00.000000Z,0.00060400000074878335,0.00060700002359226346,0.00058200000785291195,0.00058799999533221126,0
2024-07-29T00:00:00.000000Z,0.00058799999533221126,0.00060000002849847078,0.00056299997959285975,0.0005680000176653266,0
2024-07-30T00:00:00.000000Z,0.0005680000176653266,0.00057999999262392521,0.00056199997197836637,0.00056999997468665242,0
2024-07-31T00:00:00.000000Z,0.00056999997468665242,0.00058699998771771789,0.00056399998720735312,0.00056900002527981997,0
2024-08-01T00:00:00.000000Z,0.00056900002527981997,0.00059900002088397741,0.00056000001495704055,0.00059399998281151056,0
2024-08-02T00:00:00.000000Z,0.00059399998281151056,0.00060500000836327672,0.0005549999768845737,0.00060299999313428998,0
2024-08-03T00:00:00.000000Z,0.00060299999313428998,0.00060600001597777009,0.00057600002037361264,0.00058300001546740532,0
2024-08-04T00:00:00.000000Z,0.00058300001546740532,0.00059200002579018474,0.00056199997197836637,0.00056299997959285975,0
2024-08-05T00:00:00.000000Z,0.00056299997959285975,0.00058400002308189869,0.0004949999856762588,0.0005549999768845737,0
2024-08-06T00:00:00.000000Z,0.0005549999768845737,0.00057299999753013253,0.00052499998128041625,0.00052699999650940299,0
2024-08-07T00:00:00.000000Z,0.00052699999650940299,0.00053499999921768904,0.00049100001342594624,0.00049700000090524554,0
2024-08-08T00:00:00.000000Z,0.00049700000090524554,0.00052699999650940299,0.00049399997806176543,0.00051899999380111694,0
2024-08-09T00:00:00.000000Z,0.00051899999380111694,0.00051899999380111694,0.00050099997315555811,0.00051199999870732427,0
2024-08-10T00:00:00.000000Z,0.00051199999870732427,0.00053100002696737647,0.00050600001122802496,0.0005300000193528831,0
2024-08-11T00:00:00.000000Z,0.0005300000193528831,0.00053399999160319567,0.00051199999870732427,0.00051300000632181764,0
2024-08-12T00:00:00.000000Z,0.00051300000632181764,0.00052000000141561031,0.0005109999910928309,0.00051799998618662357,0
2024-08-13T00:00:00.000000Z,0.00051799998618662357,0.00052599998889490962,0.00051500002155080438,0.00052100000903010368,0
2024-08-14T00:00:00.000000Z,0.00052100000903010368,0.00052900001173838973,0.00050399999599903822,0.00050600001122802496,0
2024-08-15T00:00:00.000000Z,0.00050600001122802496,0.00052499998128041625,0.00050199998077005148,0.00051799998618662357,0
2024-08-16T00:00:00.000000Z,0.00051799998618662357,0.00052399997366592288,0.00050199998077005148,0.00051300000632181764,0
2024-08-17T00:00:00.000000Z,0.00051300000632181764,0.00052200001664459705,0.00051199999870732427,0.0005169999785721302,0
2024-08-18T00:00:00.000000Z,0.0005169999785721302,0.00052399997366592288,0.00050899997586384416,0.00050999998347833753,0
2024-08-19T00:00:00.000000Z,0.00050999998347833753,0.00051799998618662357,0.00050500000361353159,0.00051799998618662357,0
2024-08-20T00:00:00.000000Z,0.00051799998618662357,0.00052699999650940299,0.00050600001122802496,0.0005080000264570117,0
2024-08-21T00:00:00.000000Z,0.0005080000264570117,0.00052499998128041625,0.00050700001884251833,0.00052000000141561031,0
2024-08-22T00:00:00.000000Z,0.00052000000141561031,0.00052200001664459705,0.00050999998347833753,0.00051400001393631101,0
2024-08-23T00:00:00.000000Z,0.00051400001393631101,0.0005389999714680016,0.00051300000632181764,0.00053100002696737647,0
2024-08-24T00:00:00.000000Z,0.00053100002696737647,0.00053499999921768904,0.00052800000412389636,0.00053199997637420893,0
2024-08-25T00:00:00.000000Z,0.00053199997637420893,0.00053800002206116915,0.00052699999650940299,0.00052699999650940299,0
2024-08-26T00:00:00.000000Z,0.00052699999650940299,0.00052900001173838973,0.00050899997586384416,0.00050899997586384416,0
2024-08-27T00:00:00.000000Z,0.00050899997586384416,0.00051199999870732427,0.00049399997806176543,0.00050600001122802496,0
2024-08-28T00:00:00.000000Z,0.00050600001122802496,0.00051500002155080438,0.00049300002865493298,0.0005080000264570117,0
2024-08-29T00:00:00.000000Z,0.0005080000264570117,0.00051899999380111694,0.00050099997315555811,0.00050500000361353159,0
2024-08-30T00:00:00.000000Z,0.00050500000361353159,0.0005080000264570117,0.00049300002865493298,0.00050299998838454485,0
2024-08-31T00:00:00.000000Z,0.00050299998838454485,0.00050600001122802496,0.00050000002374872565,0.00050099997315555811,0
2024-09-01T00:00:00.000000Z,0.00050099997315555811,0.00050399999599903822,0.00049200002104043961,0.00049300002865493298,0
2024-09-02T00:00:00.000000Z,0.00049300002865493298,0.00050999998347833753,0.00049300002865493298,0.0005080000264570117,0
2024-09-03T00:00:00.000000Z,0.0005080000264570117,0.00051400001393631101,0.0004949999856762588,0.0004949999856762588,0
2024-09-04T00:00:00.000000Z,0.0004949999856762588,0.00049800000851973891,0.0004839999892283231,0.00048700001207180321,0
2024-09-05T00:00:00.000000Z,0.00048700001207180321,0.0004889999981969595,0.00046899999142624438,0.00047200001426972449,0
2024-09-06T00:00:00.000000Z,0.00047200001426972449,0.0004780000017490238,0.00040099999750964344,0.00041000000783242285,0
2024-09-07T00:00:00.000000Z,0.00041000000783242285,0.00041599999531172216,0.00040900000021792948,0.00041099998634308577,0
2024-09-08T00:00:00.000000Z,0.00041099998634308577,0.00041899998905137181,0.00040799999260343611,0.00041599999531172216,0
2024-09-09T00:00:00.000000Z,0.00041599999531172216,0.00042399999802000821,0.00040600000647827983,0.00041599999531172216,0
2024-09-10T00:00:00.000000Z,0.00041599999531172216,0.00042299999040551484,0.00041199999395757914,0.00041999999666586518,0
2024-09-11T00:00:00.000000Z,0.00041999999666586518,0.00042100000428035855,0.00040600000647827983,0.00041300000157207251,0
2024-09-12T00:00:00.000000Z,0.00041300000157207251,0.00041599999531172216,0.00040799999260343611,0.00041300000157207251,0
2024-09-13T00:00:00.000000Z,0.00041300000157207251,0.00042200001189485192,0.00040900000021792948,0.0004180000105407089,0
2024-09-14T00:00:00.000000Z,0.0004180000105407089,0.0004180000105407089,0.00041099998634308577,0.00041400000918656588,0
2024-09-15T00:00:00.000000Z,0.00041400000918656588,0.00041599999531172216,0.00040600000647827983,0.00040799999260343611,0
2024-09-16T00:00:00.000000Z,0.00040799999260343611,0.00041400000918656588,0.00040200000512413681,0.00041300000157207251,0
2024-09-17T00:00:00.000000Z,0.00041300000157207251,0.00042100000428035855,0.0004070000140927732,0.00041599999531172216,0
2024-09-18T00:00:00.000000Z,0.00041599999531172216,0.00042299999040551484,0.00041000000783242285,0.0004180000105407089,0
2024-09-19T00:00:00.000000Z,0.0004180000105407089,0.00042699999175965786,0.00041300000157207251,0.00042200001189485192,0
2024-09-20T00:00:00.000000Z,0.00042200001189485192,0.00049399997806176543,0.00041999999666586518,0.00048099999548867345,0
2024-09-21T00:00:00.000000Z,0.00048099999548867345,0.00057899998500943184,0.00047900000936351717,0.00057799997739493847,0
2024-09-22T00:00:00.000000Z,0.00057799997739493847,0.00061300001107156277,0.0005740000051446259,0.00060999998822808266,0
2024-09-23T00:00:00.000000Z,0.00060999998822808266,0.00062000000616535544,0.00059900002088397741,0.00060099997790530324,0
2024-09-24T00:00:00.000000Z,0.00060099997790530324,0.00061300001107156277,0.0005959999980404973,0.00060400000074878335,0
2024-09-25T00:00:00.000000Z,0.00060400000074878335,0.00060799997299909592,0.00056700001005083323,0.0005680000176653266,0
2024-09-26T00:00:00.000000Z,0.0005680000176653266,0.00057500001275911927,0.00053700001444667578,0.00053999997908249497,0
2024-09-27T00:00:00.000000Z,0.00053999997908249497,0.00054999999701976776,0.00053700001444667578,0.0005389999714680016,0
2024-09-28T00:00:00.000000Z,0.0005389999714680016,0.00054899998940527439,0.0005389999714680016,0.00054300000192597508,0
2024-09-29T00:00:00.000000Z,0.00054300000192597508,0.00054300000192597508,0.00053600000683218241,0.00053999997908249497,0
2024-09-30T00:00:00.000000Z,0.00053999997908249497,0.00054400000954046845,0.00052599998889490962,0.0005329999839887023,0
2024-10-01T00:00:00.000000Z,0.0005329999839887023,0.0005389999714680016,0.00052100000903010368,0.00052900001173838973,0
2024-10-02T00:00:00.000000Z,0.00052900001173838973,0.00053700001444667578,0.0005169999785721302,0.00052200001664459705,0
2024-10-03T00:00:00.000000Z,0.00052200001664459705,0.00052800000412389636,0.00051599997095763683,0.00052200001664459705,0
2024-10-04T00:00:00.000000Z,0.00052200001664459705,0.00053100002696737647,0.0005169999785721302,0.00052800000412389636,0
2024-10-05T00:00:00.000000Z,0.00052800000412389636,0.00053800002206116915,0.00052599998889490962,0.00053700001444667578,0
2024-10-06T00:00:00.000000Z,0.00053700001444667578,0.00054099998669698834,0.00053199997637420893,0.00053600000683218241,0
2024-10-07T00:00:00.000000Z,0.00053600000683218241,0.00054199999431148171,0.00053499999921768904,0.00053700001444667578,0
2024-10-08T00:00:00.000000Z,0.00053700001444667578,0.00054600002476945519,0.00053499999921768904,0.00054400000954046845,0
2024-10-09T00:00:00.000000Z,0.00054400000954046845,0.00054799998179078102,0.00052699999650940299,0.00053399999160319567,0
2024-10-10T00:00:00.000000Z,0.00053399999160319567,0.00054400000954046845,0.00052399997366592288,0.00053600000683218241,0
2024-10-11T00:00:00.000000Z,0.00053600000683218241,0.00055699999211356044,0.00053499999921768904,0.00054300000192597508,0
2024-10-12T00:00:00.000000Z,0.00054300000192597508,0.00055100000463426113,0.00054099998669698834,0.00054300000192597508,0
2024-10-13T00:00:00.000000Z,0.00054300000192597508,0.000590000010561198,0.0005389999714680016,0.00058499997248873115,0
2024-10-14T00:00:00.000000Z,0.00058499997248873115,0.00060199998551979661,0.00052300002425909042,0.00052900001173838973,0
2024-10-15T00:00:00.000000Z,0.00052900001173838973,0.00053399999160319567,0.00051300000632181764,0.00052900001173838973,0
2024-10-16T00:00:00.000000Z,0.00052900001173838973,0.0005389999714680016,0.00052800000412389636,0.00053399999160319567,0
2024-10-17T00:00:00.000000Z,0.00053399999160319567,0.0005680000176653266,0.0005329999839887023,0.00056600000243633986,0
2024-10-18T00:00:00.000000Z,0.00056600000243633986,0.00058499997248873115,0.00056499999482184649,0.00058100000023841858,0
2024-10-19T00:00:00.000000Z,0.00058100000023841858,0.00058100000023841858,0.00056499999482184649,0.00057199998991563916,0
2024-10-20T00:00:00.000000Z,0.00057199998991563916,0.00058100000023841858,0.00056700001005083323,0.00057899998500943184,0
2024-10-21T00:00:00.000000Z,0.00057899998500943184,0.00058200000785291195,0.0005680000176653266,0.00057299999753013253,0
2024-10-22T00:00:00.000000Z,0.00057299999753013253,0.00057899998500943184,0.00056700001005083323,0.00057600002037361264,0
2024-10-23T00:00:00.000000Z,0.00057600002037361264,0.00058100000023841858,0.00056700001005083323,0.00057299999753013253,0
2024-10-24T00:00:00.000000Z,0.0005740000051446259,0.00059499999042600393,0.00057199998991563916,0.00059299997519701719,0
2024-10-25T00:00:00.000000Z,0.00059299997519701719,0.00059299997519701719,0.00056499999482184649,0.00057299999753013253,0
2024-10-26T00:00:00.000000Z,0.00057299999753013253,0.00058300001546740532,0.00057099998230114579,0.00057600002037361264,0
2024-10-27T00:00:00.000000Z,0.00057600002037361264,0.00058599998010322452,0.0005740000051446259,0.00058400002308189869,0
2024-10-28T00:00:00.000000Z,0.00058400002308189869,0.00059299997519701719,0.00057899998500943184,0.00058599998010322452,0
2024-10-29T00:00:00.000000Z,0.00058599998010322452,0.00059200002579018474,0.0005520000122487545,0.00056000001495704055,0
2024-10-30T00:00:00.000000Z,0.00056000001495704055,0.00056000001495704055,0.0004949999856762588,0.00050700001884251833,0
2024-10-31T00:00:00.000000Z,0.00050700001884251833,0.00050899997586384416,0.00049700000090524554,0.00050000002374872565,0
2024-11-01T00:00:00.000000Z,0.00050000002374872565,0.00052100000903010368,0.0004949999856762588,0.0005080000264570117,0
2024-11-02T00:00:00.000000Z,0.0005080000264570117,0.00052000000141561031,0.0005080000264570117,0.00051599997095763683,0
2024-11-03T00:00:00.000000Z,0.00051599997095763683,0.00051899999380111694,0.00050600001122802496,0.00051199999870732427,0
2024-11-04T00:00:00.000000Z,0.00051199999870732427,0.00051400001393631101,0.00050500000361353159,0.0005109999910928309,0
2024-11-05T00:00:00.000000Z,0.0005109999910928309,0.00051400001393631101,0.00050899997586384416,0.00051400001393631101,0
2024-11-06T00:00:00.000000Z,0.00051400001393631101,0.00053399999160319567,0.00050899997586384416,0.00052900001173838973,0
2024-11-07T00:00:00.000000Z,0.00052900001173838973,0.0005329999839887023,0.00052100000903010368,0.00052399997366592288,0
2024-11-08T00:00:00.000000Z,0.00052399997366592288,0.00053199997637420893,0.00052200001664459705,0.00052699999650940299,0
2024-11-09T00:00:00.000000Z,0.00052699999650940299,0.00053600000683218241,0.00052300002425909042,0.00052699999650940299,0
2024-11-10T00:00:00.000000Z,0.00052699999650940299,0.00053700001444667578,0.00051899999380111694,0.00053199997637420893,0
2024-11-11T00:00:00.000000Z,0.00053199997637420893,0.00060600001597777009,0.00053199997637420893,0.00055799999972805381,0
2024-11-12T00:00:00.000000Z,0.00055799999972805381,0.00057999999262392521,0.0005520000122487545,0.00056299997959285975,0
2024-11-13T00:00:00.000000Z,0.00056299997959285975,0.00056700001005083323,0.00051199999870732427,0.00052499998128041625,0
2024-11-14T00:00:00.000000Z,0.00052499998128041625,0.00053700001444667578,0.00050099997315555811,0.00050700001884251833,0
2024-11-15T00:00:00.000000Z,0.00050700001884251833,0.00051599997095763683,0.00049200002104043961,0.00050099997315555811,0
2024-11-16T00:00:00.000000Z,0.00050099997315555811,0.00050500000361353159,0.00049700000090524554,0.00050099997315555811,0
2024-11-17T00:00:00.000000Z,0.00050099997315555811,0.00050700001884251833,0.0004949999856762588,0.00050299998838454485,0
2024-11-18T00:00:00.000000Z,0.00050299998838454485,0.00051500002155080438,0.00049900001613423228,0.00050299998838454485,0
2024-11-19T00:00:00.000000Z,0.00050299998838454485,0.00051300000632181764,0.00049700000090524554,0.0005080000264570117,0
2024-11-20T00:00:00.000000Z,0.0005080000264570117,0.00054600002476945519,0.00050299998838454485,0.00052800000412389636,0
2024-11-21T00:00:00.000000Z,0.00052800000412389636,0.00058300001546740532,0.00051199999870732427,0.00058200000785291195,0
2024-11-22T00:00:00.000000Z,0.00058200000785291195,0.00058599998010322452,0.00055400002747774124,0.00056399998720735312,0
2024-11-23T00:00:00.000000Z,0.00056399998720735312,0.00057199998991563916,0.00053499999921768904,0.00053800002206116915,0
2024-11-24T00:00:00.000000Z,0.00053800002206116915,0.00058699998771771789,0.00052699999650940299,0.00058699998771771789,0
2024-11-25T00:00:00.000000Z,0.00058699998771771789,0.0006179999909363687,0.00056600000243633986,0.00056700001005083323,0
2024-11-26T00:00:00.000000Z,0.00056700001005083323,0.00057299999753013253,0.00054699997417628765,0.00056100002257153392,0
2024-11-27T00:00:00.000000Z,0.00056100002257153392,0.00059200002579018474,0.00056000001495704055,0.0005740000051446259,0
2024-11-28T00:00:00.000000Z,0.0005740000051446259,0.00057700002798810601,0.00053499999921768904,0.00054500001715496182,0
2024-11-29T00:00:00.000000Z,0.00054500001715496182,0.00054999999701976776,0.0005300000193528831,0.00054899998940527439,0
2024-11-30T00:00:00.000000Z,0.00054899998940527439,0.00057700002798810601,0.00054199999431148171,0.00057700002798810601,0
2024-12-01T00:00:00.000000Z,0.00057700002798810601,0.00057700002798810601,0.00055400002747774124,0.00056000001495704055,0
2024-12-02T00:00:00.000000Z,0.00056000001495704055,0.00077300000702962279,0.00055799999972805381,0.00071499997284263372,0
2024-12-03T00:00:00.000000Z,0.00071499997284263372,0.00086299999384209514,0.00060799997299909592,0.0008360000210814178,0
2024-12-04T00:00:00.000000Z,0.0008360000210814178,0.00088499998673796654,0.00073000002885237336,0.00075299997115507722,0
2024-12-05T00:00:00.000000Z,0.00075299997115507722,0.00077599997166544199,0.00070299999788403511,0.0007130000158213079,0
2024-12-06T00:00:00.000000Z,0.00071799999568611383,0.00078499998198822141,0.00071499997284263372,0.00077099999180063605,0
2024-12-07T00:00:00.000000Z,0.00077099999180063605,0.00077599997166544199,0.00073299999348819256,0.00073700002394616604,0
2024-12-08T00:00:00.000000Z,0.00073899998096749187,0.00074200000381097198,0.00072200002614408731,0.00073899998096749187,0
2024-12-09T00:00:00.000000Z,0.00073899998096749187,0.00073899998096749187,0.00068400002783164382,0.00068400002783164382,0
2024-12-10T00:00:00.000000Z,0.00068400002783164382,0.00069299997994676232,0.00066299998434260488,0.00067699997453019023,0
2024-12-11T00:00:00.000000Z,0.00067699997453019023,0.0007130000158213079,0.00067300000227987766,0.00070899998536333442,0
2024-12-12T00:00:00.000000Z,0.00070899998536333442,0.00071799999568611383,0.0006970000104047358,0.00070099998265504837,0
2024-12-13T00:00:00.000000Z,0.00070099998265504837,0.00071200000820681453,0.00065800000447779894,0.00065900001209229231,0
2024-12-14T00:00:00.000000Z,0.00065900001209229231,0.00067999999737367034,0.00065800000447779894,0.00067300000227987766,0
2024-12-15T00:00:00.000000Z,0.00067300000227987766,0.00069199997233226895,0.00066999997943639755,0.00068800000008195639,0
2024-12-16T00:00:00.000000Z,0.00068800000008195639,0.00069900002563372254,0.00067899998975917697,0.00068800000008195639,0
2024-12-17T00:00:00.000000Z,0.00068800000008195639,0.0006970000104047358,0.00058100000023841858,0.0006399999838322401,0
2024-12-18T00:00:00.000000Z,0.0006399999838322401,0.00064599997131153941,0.00060199998551979661,0.00060199998551979661,0
2024-12-19T00:00:00.000000Z,0.00060199998551979661,0.00063500000396743417,0.0005959999980404973,0.00060799997299909592,0
2024-12-20T00:00:00.000000Z,0.00060799997299909592,0.00061699998332187533,0.00058300001546740532,0.00059499999042600393,0
2024-12-21T00:00:00.000000Z,0.00059499999042600393,0.00060600001597777009,0.00054999999701976776,0.0005549999768845737,0
2024-12-22T00:00:00.000000Z,0.0005549999768845737,0.00055799999972805381,0.00054300000192597508,0.00055100000463426113,0
2024-12-23T00:00:00.000000Z,0.00055100000463426113,0.00063299998873844743,0.00054400000954046845,0.00061599997570738196,0
2024-12-24T00:00:00.000000Z,0.00061599997570738196,0.00064500002190470695,0.00060999998822808266,0.0006399999838322401,0
2024-12-25T00:00:00.000000Z,0.0006399999838322401,0.00064099999144673347,0.00061500002630054951,0.00062599999364465475,0
2024-12-26T00:00:00.000000Z,0.00062599999364465475,0.00062800000887364149,0.00060000002849847078,0.0006120000034570694,0
2024-12-27T00:00:00.000000Z,0.0006120000034570694,0.00062100001377984881,0.00060600001597777009,0.00060999998822808266,0
2024-12-28T00:00:00.000000Z,0.00060999998822808266,0.00062000000616535544,0.00060400000074878335,0.00061899999855086207,0
2024-12-29T00:00:00.000000Z,0.00061899999855086207,0.00062800000887364149,0.00061599997570738196,0.00061699998332187533,0
2024-12-30T00:00:00.000000Z,0.00061699998332187533,0.00062599999364465475,0.00059700000565499067,0.00060199998551979661,0
2024-12-31T00:00:00.000000Z,0.00060199998551979661,0.00060600001597777009,0.00058599998010322452,0.00058900000294670463,0
2025-01-01T00:00:00.000000Z,0.00058900000294670463,0.00059399998281151056,0.00056999997468665242,0.00058599998010322452,0
2025-01-02T00:00:00.000000Z,0.00058599998010322452,0.00062300002900883555,0.00058400002308189869,0.0006179999909363687,0
2025-01-03T00:00:00.000000Z,0.0006179999909363687,0.00061899999855086207,0.00054600002476945519,0.00056000001495704055,0
2025-01-04T00:00:00.000000Z,0.00056000001495704055,0.00057199998991563916,0.00055100000463426113,0.0005549999768845737,0
2025-01-05T00:00:00.000000Z,0.0005549999768845737,0.00055900000734254718,0.00055100000463426113,0.0005549999768845737,0
2025-01-06T00:00:00.000000Z,0.0005549999768845737,0.00056199997197836637,0.00053999997908249497,0.00055100000463426113,0
2025-01-07T00:00:00.000000Z,0.00055100000463426113,0.00055300001986324787,0.00052399997366592288,0.00053399999160319567,0
2025-01-08T00:00:00.000000Z,0.00053399999160319567,0.00056199997197836637,0.0005300000193528831,0.00056000001495704055,0
2025-01-09T00:00:00.000000Z,0.00056000001495704055,0.00056499999482184649,0.0005389999714680016,0.00054400000954046845,0
2025-01-10T00:00:00.000000Z,0.00054400000954046845,0.0005549999768845737,0.00049800000851973891,0.00050700001884251833,0
2025-01-11T00:00:00.000000Z,0.00050700001884251833,0.00051300000632181764,0.00049300002865493298,0.00049599999329075217,0
2025-01-12T00:00:00.000000Z,0.00049599999329075217,0.00051300000632181764,0.00049300002865493298,0.00050899997586384416,0
2025-01-13T00:00:00.000000Z,0.00050899997586384416,0.00051599997095763683,0.00049599999329075217,0.00049700000090524554,0
2025-01-14T00:00:00.000000Z,0.00049700000090524554,0.00051899999380111694,0.00049700000090524554,0.00050600001122802496,0
2025-01-15T00:00:00.000000Z,0.00050600001122802496,0.0005300000193528831,0.00050000002374872565,0.0005300000193528831,0
2025-01-16T00:00:00.000000Z,0.0005300000193528831,0.00053999997908249497,0.00052399997366592288,0.0005389999714680016,0
2025-01-17T00:00:00.000000Z,0.00053800002206116915,0.00055300001986324787,0.00053499999921768904,0.00054999999701976776,0
2025-01-18T00:00:00.000000Z,0.00054999999701976776,0.00056499999482184649,0.00054500001715496182,0.00055300001986324787,0
2025-01-19T00:00:00.000000Z,0.00055300001986324787,0.00055900000734254718,0.0005389999714680016,0.0005549999768845737,0
2025-01-20T00:00:00.000000Z,0.0005549999768845737,0.00061300001107156277,0.00054400000954046845,0.00058200000785291195,0
2025-01-21T00:00:00.000000Z,0.00058200000785291195,0.00069499999517574906,0.0005680000176653266,0.00069000001531094313,0
2025-01-22T00:00:00.000000Z,0.00069000001531094313,0.00069000001531094313,0.00066899997182190418,0.00067400000989437103,0
2025-01-23T00:00:00.000000Z,0.00067400000989437103,0.00067899998975917697,0.00064599997131153941,0.00066399999195709825,0
2025-01-24T00:00:00.000000Z,0.00066399999195709825,0.00066999997943639755,0.0006559999892488122,0.00066299998434260488,0
2025-01-25T00:00:00.000000Z,0.00066299998434260488,0.0006779999821446836,0.0006559999892488122,0.0006779999821446836,0
2025-01-26T00:00:00.000000Z,0.0006779999821446836,0.0006779999821446836,0.00066800002241507173,0.00067099998705089092,0
2025-01-27T00:00:00.000000Z,0.00067099998705089092,0.00068100000498816371,0.00065200001699849963,0.00067199999466538429,0
2025-01-28T00:00:00.000000Z,0.00067199999466538429,0.0006750000175088644,0.00065200001699849963,0.00065800000447779894,0
2025-01-29T00:00:00.000000Z,0.00065800000447779894,0.00067600002512335777,0.00065800000447779894,0.00066299998434260488,0
2025-01-30T00:00:00.000000Z,0.00066299998434260488,0.00067899998975917697,0.00066199997672811151,0.00067099998705089092,0
2025-01-31T00:00:00.000000Z,0.00067099998705089092,0.00067699997453019023,0.00065200001699849963,0.0006559999892488122,0
2025-02-01T00:00:00.000000Z,0.0006559999892488122,0.00066700001480057836,0.00065499998163431883,0.00066499999957159162,0
2025-02-02T00:00:00.000000Z,0.00066499999957159162,0.00067300000227987766,0.00064799998654052615,0.00065499998163431883,0
2025-02-03T00:00:00.000000Z,0.00065499998163431883,0.0006750000175088644,0.00063199998112395406,0.00066999997943639755,0
2025-02-04T00:00:00.000000Z,0.00066999997943639755,0.00066999997943639755,0.00059700000565499067,0.00060600001597777009,0
2025-02-05T00:00:00.000000Z,0.00060600001597777009,0.00061400001868605614,0.00059700000565499067,0.00059900002088397741,0
2025-02-06T00:00:00.000000Z,0.00059900002088397741,0.0006399999838322401,0.00059900002088397741,0.00063800002681091428,0
2025-02-07T00:00:00.000000Z,0.00063800002681091428,0.00066100002732127905,0.00063700001919642091,0.00064699997892603278,0
2025-02-08T00:00:00.000000Z,0.00064699997892603278,0.00064899999415501952,0.00063199998112395406,0.00064300000667572021,0
2025-02-09T00:00:00.000000Z,0.00064300000667572021,0.0006779999821446836,0.00062900001648813486,0.00067099998705089092,0
2025-02-10T00:00:00.000000Z,0.00067099998705089092,0.00067999999737367034,0.00066399999195709825,0.00067699997453019023,0
2025-02-11T00:00:00.000000Z,0.00067699997453019023,0.00067999999737367034,0.00067300000227987766,0.00067699997453019023,0
2025-02-12T00:00:00.000000Z,0.00067699997453019023,0.00068599998485296965,0.00066499999957159162,0.00068499997723847628,0
2025-02-13T00:00:00.000000Z,0.00068499997723847628,0.00068599998485296965,0.00066700001480057836,0.00067400000989437103,0
2025-02-14T00:00:00.000000Z,0.00067400000989437103,0.00067999999737367034,0.0006559999892488122,0.00066299998434260488,0
2025-02-15T00:00:00.000000Z,0.00066299998434260488,0.0006750000175088644,0.00066100002732127905,0.00066800002241507173,0
2025-02-16T00:00:00.000000Z,0.00066800002241507173,0.00066800002241507173,0.00065200001699849963,0.00065800000447779894,0
2025-02-17T00:00:00.000000Z,0.00065800000447779894,0.00065900001209229231,0.00064300000667572021,0.00065100000938400626,0
2025-02-18T00:00:00.000000Z,0.00065100000938400626,0.0006559999892488122,0.00063600001158192754,0.00064899999415501952,0
2025-02-19T00:00:00.000000Z,0.00064899999415501952,0.00065800000447779894,0.00064599997131153941,0.0006559999892488122,0
2025-02-20T00:00:00.000000Z,0.0006559999892488122,0.00066299998434260488,0.00064899999415501952,0.00065900001209229231,0
2025-02-21T00:00:00.000000Z,0.00065900001209229231,0.00066700001480057836,0.00063800002681091428,0.00066299998434260488,0
2025-02-22T00:00:00.000000Z,0.00066299998434260488,0.00066800002241507173,0.00066100002732127905,0.00066600000718608499,0
2025-02-23T00:00:00.000000Z,0.00066600000718608499,0.00066700001480057836,0.00065800000447779894,0.00066399999195709825,0
2025-02-24T00:00:00.000000Z,0.00066399999195709825,0.00066499999957159162,0.00062300002900883555,0.00062300002900883555,0
2025-02-25T00:00:00.000000Z,0.00062300002900883555,0.00063299998873844743,0.00060999998822808266,0.00062900001648813486,0
2025-02-26T00:00:00.000000Z,0.00062900001648813486,0.00063199998112395406,0.00060299999313428998,0.00060600001597777009,0
2025-02-27T00:00:00.000000Z,0.00060600001597777009,0.00061699998332187533,0.00058900000294670463,0.00060199998551979661,0
2025-02-28T00:00:00.000000Z,0.00060199998551979661,0.0006179999909363687,0.00057999999262392521,0.00060700002359226346,0
2025-03-01T00:00:00.000000Z,0.00060700002359226346,0.00061400001868605614,0.00059900002088397741,0.00060700002359226346,0
2025-03-02T00:00:00.000000Z,0.00060700002359226346,0.00062100001377984881,0.00059200002579018474,0.00060099997790530324,0
2025-03-03T00:00:00.000000Z,0.00060099997790530324,0.00060099997790530324,0.00057999999262392521,0.00058599998010322452,0
2025-03-04T00:00:00.000000Z,0.00058599998010322452,0.00059399998281151056,0.00056399998720735312,0.00057600002037361264,0
2025-03-05T00:00:00.000000Z,0.00057600002037361264,0.00058499997248873115,0.00055400002747774124,0.00055900000734254718,0
2025-03-06T00:00:00.000000Z,0.00055900000734254718,0.00056700001005083323,0.00054899998940527439,0.00055799999972805381,0
2025-03-07T00:00:00.000000Z,0.00055799999972805381,0.00057299999753013253,0.00054699997417628765,0.0005549999768845737,0
2025-03-08T00:00:00.000000Z,0.0005549999768845737,0.00056299997959285975,0.0005520000122487545,0.00056000001495704055,0
2025-03-09T00:00:00.000000Z,0.00056000001495704055,0.00056199997197836637,0.00053999997908249497,0.00054999999701976776,0
2025-03-10T00:00:00.000000Z,0.00054999999701976776,0.0005680000176653266,0.00054400000954046845,0.00055100000463426113,0
2025-03-11T00:00:00.000000Z,0.00055100000463426113,0.00058300001546740532,0.0005389999714680016,0.00056999997468665242,0
2025-03-12T00:00:00.000000Z,0.00056999997468665242,0.00057600002037361264,0.00054199999431148171,0.00056000001495704055,0
2025-03-13T00:00:00.000000Z,0.00056000001495704055,0.00056299997959285975,0.00054699997417628765,0.0005520000122487545,0
2025-03-14T00:00:00.000000Z,0.0005520000122487545,0.00057299999753013253,0.00055100000463426113,0.00056299997959285975,0
2025-03-15T00:00:00.000000Z,0.00056299997959285975,0.00056700001005083323,0.00056000001495704055,0.00056499999482184649,0
2025-03-16T00:00:00.000000Z,0.00056499999482184649,0.00056499999482184649,0.00054999999701976776,0.00055300001986324787,0
2025-03-17T00:00:00.000000Z,0.00055300001986324787,0.00056700001005083323,0.00055300001986324787,0.00056299997959285975,0
2025-03-18T00:00:00.000000Z,0.00056299997959285975,0.00058799999533221126,0.0005520000122487545,0.00058799999533221126,0
2025-03-19T00:00:00.000000Z,0.00058799999533221126,0.00060500000836327672,0.00057999999262392521,0.00060299999313428998,0
2025-03-20T00:00:00.000000Z,0.00060299999313428998,0.00062200002139434218,0.00058699998771771789,0.00061599997570738196,0
2025-03-21T00:00:00.000000Z,0.00061599997570738196,0.0006779999821446836,0.00061599997570738196,0.00066499999957159162,0
2025-03-22T00:00:00.000000Z,0.00066499999957159162,0.00067300000227987766,0.00066000001970678568,0.00066399999195709825,0
2025-03-23T00:00:00.000000Z,0.00066399999195709825,0.00066600000718608499,0.00061300001107156277,0.00063899997621774673,0
2025-03-24T00:00:00.000000Z,0.00063899997621774673,0.0006559999892488122,0.00062700000125914812,0.00064799998654052615,0
2025-03-25T00:00:00.000000Z,0.00064799998654052615,0.00065499998163431883,0.0006399999838322401,0.00064799998654052615,0
2025-03-26T00:00:00.000000Z,0.00064799998654052615,0.000653000024612993,0.00063800002681091428,0.00064400001429021358,0
2025-03-27T00:00:00.000000Z,0.00064400001429021358,0.00065000000176951289,0.00063600001158192754,0.00064599997131153941,0
2025-03-28T00:00:00.000000Z,0.00064599997131153941,0.00064699997892603278,0.00063299998873844743,0.00064199999906122684,0
2025-03-29T00:00:00.000000Z,0.00064199999906122684,0.00064699997892603278,0.0006339999963529408,0.00064599997131153941,0
2025-03-30T00:00:00.000000Z,0.00064599997131153941,0.00065100000938400626,0.00062700000125914812,0.00063000002410262823,0
2025-03-31T00:00:00.000000Z,0.00063000002410262823,0.00064500002190470695,0.00062399997841566801,0.00063600001158192754,0
2025-04-01T00:00:00.000000Z,0.00063600001158192754,0.00065699999686330557,0.00063500000396743417,0.00063899997621774673,0
2025-04-02T00:00:00.000000Z,0.00063899997621774673,0.00063899997621774673,0.00054099998669698834,0.00054600002476945519,0
2025-04-03T00:00:00.000000Z,0.00054600002476945519,0.00056199997197836637,0.00051799998618662357,0.00052200001664459705,0
2025-04-04T00:00:00.000000Z,0.00052200001664459705,0.00052499998128041625,0.0005080000264570117,0.00051899999380111694,0
2025-04-05T00:00:00.000000Z,0.00051899999380111694,0.00052100000903010368,0.0005109999910928309,0.00051799998618662357,0
2025-04-06T00:00:00.000000Z,0.00051799998618662357,0.00051899999380111694,0.00049100001342594624,0.00050000002374872565,0
2025-04-07T00:00:00.000000Z,0.00050000002374872565,0.0005169999785721302,0.00048099999548867345,0.00050700001884251833,0
2025-04-08T00:00:00.000000Z,0.00050700001884251833,0.0005169999785721302,0.00049599999329075217,0.00049599999329075217,0
2025-04-09T00:00:00.000000Z,0.00049599999329075217,0.0005169999785721302,0.00047699999413453043,0.00047699999413453043,0
2025-04-10T00:00:00.000000Z,0.00047699999413453043,0.00047900000936351717,0.00046700000530108809,0.0004780000017490238,0
2025-04-11T00:00:00.000000Z,0.0004780000017490238,0.00049700000090524554,0.00044100001105107367,0.00044199998956173658,0
2025-04-12T00:00:00.000000Z,0.00044199998956173658,0.00046800001291558146,0.00043899999582208693,0.00045900000259280205,0
2025-04-13T00:00:00.000000Z,0.00045900000259280205,0.00046800001291558146,0.00045699998736381531,0.00046800001291558146,0
2025-04-14T00:00:00.000000Z,0.00046800001291558146,0.00047100000665523112,0.00046300000394694507,0.00046800001291558146,0
2025-04-15T00:00:00.000000Z,0.00046800001291558146,0.0004729999927803874,0.00046000001020729542,0.00046499999007210135,0
2025-04-16T00:00:00.000000Z,0.00046499999007210135,0.00047500000800937414,0.00045900000259280205,0.00046400001156143844,0
2025-04-17T00:00:00.000000Z,0.00046400001156143844,0.00046599999768659472,0.00044199998956173658,0.00044699999853037298,0
2025-04-18T00:00:00.000000Z,0.00044699999853037298,0.00044999999227002263,0.00044500001240521669,0.00044699999853037298,0
2025-04-19T00:00:00.000000Z,0.00044699999853037298,0.00046999999904073775,0.00044599999091587961,0.00046599999768659472,0
2025-04-20T00:00:00.000000Z,0.00046599999768659472,0.00046999999904073775,0.00045200000749900937,0.00045699998736381531,0
2025-04-21T00:00:00.000000Z,0.00045699998736381531,0.00046499999007210135,0.00045200000749900937,0.00046400001156143844,0
2025-04-22T00:00:00.000000Z,0.00046400001156143844,0.00048799999058246613,0.00046099998871795833,0.00048799999058246613,0
2025-04-23T00:00:00.000000Z,0.00048799999058246613,0.00050299998838454485,0.00048300001071766019,0.00050199998077005148,0
2025-04-24T00:00:00.000000Z,0.00050199998077005148,0.00053199997637420893,0.00049900001613423228,0.0005300000193528831,0
2025-04-25T00:00:00.000000Z,0.0005300000193528831,0.00053600000683218241,0.00052399997366592288,0.0005300000193528831,0
2025-04-26T00:00:00.000000Z,0.0005300000193528831,0.00056000001495704055,0.0005169999785721302,0.00051899999380111694,0
2025-04-27T00:00:00.000000Z,0.00051899999380111694,0.00052100000903010368,0.00050600001122802496,0.0005080000264570117,0
2025-04-28T00:00:00.000000Z,0.0005080000264570117,0.00051599997095763683,0.00050600001122802496,0.0005109999910928309,0
2025-04-29T00:00:00.000000Z,0.0005109999910928309,0.00051599997095763683,0.0005080000264570117,0.0005109999910928309,0
2025-04-30T00:00:00.000000Z,0.0005109999910928309,0.00051899999380111694,0.00050999998347833753,0.00051199999870732427,0
2025-05-01T00:00:00.000000Z,0.00051199999870732427,0.00052000000141561031,0.00051199999870732427,0.00051899999380111694,0
2025-05-02T00:00:00.000000Z,0.00051899999380111694,0.00052000000141561031,0.00050899997586384416,0.0005109999910928309,0
2025-05-03T00:00:00.000000Z,0.0005109999910928309,0.00051500002155080438,0.00049900001613423228,0.00050099997315555811,0
2025-05-04T00:00:00.000000Z,0.00050099997315555811,0.00050399999599903822,0.00049599999329075217,0.00049599999329075217,0
2025-05-05T00:00:00.000000Z,0.00049599999329075217,0.00050000002374872565,0.00048799999058246613,0.00049399997806176543,0
2025-05-06T00:00:00.000000Z,0.00049399997806176543,0.00050399999599903822,0.00049000000581145287,0.00050000002374872565,0
2025-05-07T00:00:00.000000Z,0.00050000002374872565,0.00051400001393631101,0.00050000002374872565,0.00050500000361353159,0
2025-05-08T00:00:00.000000Z,0.00050500000361353159,0.00055599998449906707,0.00050399999599903822,0.0005549999768845737,0
2025-05-09T00:00:00.000000Z,0.0005549999768845737,0.0005549999768845737,0.00053100002696737647,0.00053800002206116915,0
2025-05-10T00:00:00.000000Z,0.00053800002206116915,0.00055900000734254718,0.00053600000683218241,0.00055100000463426113,0
2025-05-11T00:00:00.000000Z,0.00055100000463426113,0.0005549999768845737,0.00054099998669698834,0.00054799998179078102,0
2025-05-12T00:00:00.000000Z,0.00054799998179078102,0.00056900002527981997,0.00053499999921768904,0.00056299997959285975,0
2025-05-13T00:00:00.000000Z,0.00056299997959285975,0.00056399998720735312,0.00052800000412389636,0.00054600002476945519,0
2025-05-14T00:00:00.000000Z,0.00054600002476945519,0.00054899998940527439,0.0005329999839887023,0.00053700001444667578,0
2025-05-15T00:00:00.000000Z,0.00053700001444667578,0.00054600002476945519,0.00053100002696737647,0.00054300000192597508,0
2025-05-16T00:00:00.000000Z,0.00054300000192597508,0.00054799998179078102,0.00053999997908249497,0.00054300000192597508,0
2025-05-17T00:00:00.000000Z,0.00054300000192597508,0.0005520000122487545,0.00054099998669698834,0.00054999999701976776,0
2025-05-18T00:00:00.000000Z,0.00054999999701976776,0.00055300001986324787,0.0005389999714680016,0.00055300001986324787,0
2025-05-19T00:00:00.000000Z,0.00055300001986324787,0.00056000001495704055,0.00053199997637420893,0.00054999999701976776,0
2025-05-20T00:00:00.000000Z,0.00054999999701976776,0.00056100002257153392,0.00054799998179078102,0.00055799999972805381,0
2025-05-21T00:00:00.000000Z,0.00055799999972805381,0.00057600002037361264,0.00055400002747774124,0.00057299999753013253,0
2025-05-22T00:00:00.000000Z,0.00057299999753013253,0.00060099997790530324,0.00057099998230114579,0.00059800001326948404,0
2025-05-23T00:00:00.000000Z,0.00059800001326948404,0.00060000002849847078,0.00057799997739493847,0.00057899998500943184,0
2025-05-24T00:00:00.000000Z,0.00057899998500943184,0.00059100001817569137,0.00057899998500943184,0.00058200000785291195,0
2025-05-25T00:00:00.000000Z,0.00058200000785291195,0.00058400002308189869,0.00056600000243633986,0.00057700002798810601,0
2025-05-26T00:00:00.000000Z,0.00057700002798810601,0.00058200000785291195,0.00054199999431148171,0.0005520000122487545,0
2025-05-27T00:00:00.000000Z,0.0005520000122487545,0.00055699999211356044,0.00053399999160319567,0.00054600002476945519,0
2025-05-28T00:00:00.000000Z,0.00054600002476945519,0.00054799998179078102,0.00054199999431148171,0.00054300000192597508,0
2025-05-29T00:00:00.000000Z,0.00054300000192597508,0.00054699997417628765,0.00051599997095763683,0.00052499998128041625,0
2025-05-30T00:00:00.000000Z,0.00052499998128041625,0.00052900001173838973,0.00052000000141561031,0.00052200001664459705,0
2025-05-31T00:00:00.000000Z,0.00052200001664459705,0.00057600002037361264,0.00051899999380111694,0.00056700001005083323,0
2025-06-01T00:00:00.000000Z,0.00056700001005083323,0.00057099998230114579,0.0005520000122487545,0.00055799999972805381,0
2025-06-02T00:00:00.000000Z,0.00055799999972805381,0.00056000001495704055,0.00055400002747774124,0.0005549999768845737,0
2025-06-03T00:00:00.000000Z,0.0005549999768845737,0.00056399998720735312,0.00055400002747774124,0.00056100002257153392,0
2025-06-04T00:00:00.000000Z,0.00056100002257153392,0.00056100002257153392,0.0004839999892283231,0.00048600000445730984,0
2025-06-05T00:00:00.000000Z,0.00048600000445730984,0.00050299998838454485,0.00048600000445730984,0.00049800000851973891,0
2025-06-06T00:00:00.000000Z,0.00049800000851973891,0.00050700001884251833,0.00049399997806176543,0.00050000002374872565,0
2025-06-07T00:00:00.000000Z,0.00050000002374872565,0.00050999998347833753,0.00049900001613423228,0.0005080000264570117,0
2025-06-08T00:00:00.000000Z,0.0005080000264570117,0.00050999998347833753,0.00050199998077005148,0.00050299998838454485,0
2025-06-09T00:00:00.000000Z,0.00050299998838454485,0.00051300000632181764,0.00049599999329075217,0.00051199999870732427,0
2025-06-10T00:00:00.000000Z,0.00051199999870732427,0.00051799998618662357,0.00050500000361353159,0.0005169999785721302,0
2025-06-11T00:00:00.000000Z,0.0005169999785721302,0.0005329999839887023,0.00051199999870732427,0.00052499998128041625,0
2025-06-12T00:00:00.000000Z,0.00052499998128041625,0.00052699999650940299,0.00052000000141561031,0.00052300002425909042,0
2025-06-13T00:00:00.000000Z,0.00052300002425909042,0.00052499998128041625,0.0005080000264570117,0.00051300000632181764,0
2025-06-14T00:00:00.000000Z,0.00051300000632181764,0.00051300000632181764,0.00050299998838454485,0.00050700001884251833,0
2025-06-15T00:00:00.000000Z,0.00050700001884251833,0.00051199999870732427,0.00050099997315555811,0.00050199998077005148,0
2025-06-16T00:00:00.000000Z,0.00050199998077005148,0.00050999998347833753,0.00050099997315555811,0.00050500000361353159,0
2025-06-17T00:00:00.000000Z,0.00050500000361353159,0.00050899997586384416,0.00050099997315555811,0.00050299998838454485,0
2025-06-18T00:00:00.000000Z,0.00050299998838454485,0.00050700001884251833,0.00050099997315555811,0.00050500000361353159,0
2025-06-19T00:00:00.000000Z,0.00050500000361353159,0.00050999998347833753,0.00050199998077005148,0.00050899997586384416,0
2025-06-20T00:00:00.000000Z,0.00050899997586384416,0.0005109999910928309,0.00049700000090524554,0.00050000002374872565,0
2025-06-21T00:00:00.000000Z,0.00050000002374872565,0.00050000002374872565,0.00049200002104043961,0.00049700000090524554,0
2025-06-22T00:00:00.000000Z,0.00049700000090524554,0.00049900001613423228,0.0004839999892283231,0.00048499999684281647,0
2025-06-23T00:00:00.000000Z,0.00048499999684281647,0.0005109999910928309,0.0004839999892283231,0.00050600001122802496,0
2025-06-24T00:00:00.000000Z,0.00050600001122802496,0.00051300000632181764,0.00049599999329075217,0.00049900001613423228,0
2025-06-25T00:00:00.000000Z,0.00049900001613423228,0.00050199998077005148,0.0004949999856762588,0.00049700000090524554,0
2025-06-26T00:00:00.000000Z,0.00049700000090524554,0.00049900001613423228,0.00048200000310316682,0.00049700000090524554,0
2025-06-27T00:00:00.000000Z,0.00049700000090524554,0.00049900001613423228,0.00049399997806176543,0.0004949999856762588,0
2025-06-28T00:00:00.000000Z,0.0004949999856762588,0.00049900001613423228,0.00049100001342594624,0.00049700000090524554,0
2025-06-29T00:00:00.000000Z,0.00049700000090524554,0.00049800000851973891,0.00049200002104043961,0.00049700000090524554,0
2025-06-30T00:00:00.000000Z,0.00049700000090524554,0.00050199998077005148,0.00049399997806176543,0.00049900001613423228,0
2025-07-01T00:00:00.000000Z,0.00049900001613423228,0.00054999999701976776,0.00049399997806176543,0.00053800002206116915,0
2025-07-02T00:00:00.000000Z,0.00053800002206116915,0.00054500001715496182,0.00053600000683218241,0.00053700001444667578,0
2025-07-03T00:00:00.000000Z,0.00053700001444667578,0.00054500001715496182,0.00053499999921768904,0.00054099998669698834,0
2025-07-04T00:00:00.000000Z,0.00054099998669698834,0.00054300000192597508,0.00052499998128041625,0.00053100002696737647,0
2025-07-05T00:00:00.000000Z,0.00053100002696737647,0.0005329999839887023,0.00052499998128041625,0.00052900001173838973,0
2025-07-06T00:00:00.000000Z,0.00052900001173838973,0.00053100002696737647,0.00052300002425909042,0.00052800000412389636,0
2025-07-07T00:00:00.000000Z,0.00052800000412389636,0.00053399999160319567,0.00052599998889490962,0.00052900001173838973,0
2025-07-08T00:00:00.000000Z,0.00052900001173838973,0.0005329999839887023,0.00052599998889490962,0.00052599998889490962,0
2025-07-09T00:00:00.000000Z,0.00052599998889490962,0.00053199997637420893,0.00052399997366592288,0.00052699999650940299,0
2025-07-10T00:00:00.000000Z,0.00052699999650940299,0.00052900001173838973,0.00051500002155080438,0.00052399997366592288,0
2025-07-11T00:00:00.000000Z,0.00052399997366592288,0.00057999999262392521,0.00052300002425909042,0.0005740000051446259,0
2025-07-12T00:00:00.000000Z,0.0005740000051446259,0.00059499999042600393,0.0005740000051446259,0.00058900000294670463,0
2025-07-13T00:00:00.000000Z,0.00058900000294670463,0.00060899998061358929,0.00058799999533221126,0.00060700002359226346,0
2025-07-14T00:00:00.000000Z,0.00060700002359226346,0.00060899998061358929,0.00058799999533221126,0.00058799999533221126,0
2025-07-15T00:00:00.000000Z,0.00058799999533221126,0.00059299997519701719,0.00050999998347833753,0.00050999998347833753,0
2025-07-16T00:00:00.000000Z,0.00050999998347833753,0.00054999999701976776,0.00050999998347833753,0.00052200001664459705,0
2025-07-17T00:00:00.000000Z,0.00052200001664459705,0.00056600000243633986,0.00051799998618662357,0.00055799999972805381,0
2025-07-18T00:00:00.000000Z,0.00055799999972805381,0.00056499999482184649,0.00053100002696737647,0.00053600000683218241,0
2025-07-19T00:00:00.000000Z,0.00053600000683218241,0.0005549999768845737,0.00053100002696737647,0.0005520000122487545,0
2025-07-20T00:00:00.000000Z,0.0005520000122487545,0.00057600002037361264,0.0005080000264570117,0.00052100000903010368,0
2025-07-21T00:00:00.000000Z,0.00052100000903010368,0.0005389999714680016,0.00051899999380111694,0.00053600000683218241,0
2025-07-22T00:00:00.000000Z,0.00053600000683218241,0.00054600002476945519,0.00052399997366592288,0.00053600000683218241,0
2025-07-23T00:00:00.000000Z,0.00053600000683218241,0.00055100000463426113,0.00053100002696737647,0.00053399999160319567,0
2025-07-24T00:00:00.000000Z,0.00053399999160319567,0.00053999997908249497,0.00052399997366592288,0.00053700001444667578,0
2025-07-25T00:00:00.000000Z,0.00053700001444667578,0.00054699997417628765,0.00052599998889490962,0.00054600002476945519,0
2025-07-26T00:00:00.000000Z,0.00054600002476945519,0.00054799998179078102,0.0005300000193528831,0.00053399999160319567,0
2025-07-27T00:00:00.000000Z,0.00053399999160319567,0.0005389999714680016,0.00052900001173838973,0.00053499999921768904,0
2025-07-28T00:00:00.000000Z,0.00053499999921768904,0.00054099998669698834,0.00053199997637420893,0.00053199997637420893,0
2025-07-29T00:00:00.000000Z,0.00053199997637420893,0.00054500001715496182,0.00053199997637420893,0.00054099998669698834,0
2025-07-30T00:00:00.000000Z,0.00054099998669698834,0.00054500001715496182,0.00053800002206116915,0.00054300000192597508,0
2025-07-31T00:00:00.000000Z,0.00054300000192597508,0.0005520000122487545,0.00052300002425909042,0.00054099998669698834,0
2025-08-01T00:00:00.000000Z,0.00054099998669698834,0.00054500001715496182,0.00052300002425909042,0.00053999997908249497,0
2025-08-02T00:00:00.000000Z,0.00053999997908249497,0.00054199999431148171,0.00050199998077005148,0.00050600001122802496,0
2025-08-03T00:00:00.000000Z,0.00050600001122802496,0.00051500002155080438,0.00050199998077005148,0.00051400001393631101,0
2025-08-04T00:00:00.000000Z,0.00051400001393631101,0.0005169999785721302,0.00050399999599903822,0.00050899997586384416,0
2025-08-05T00:00:00.000000Z,0.00050899997586384416,0.0005109999910928309,0.00050500000361353159,0.00050899997586384416,0
2025-08-06T00:00:00.000000Z,0.00050899997586384416,0.00050999998347833753,0.00050000002374872565,0.00050700001884251833,0
2025-08-07T00:00:00.000000Z,0.00050700001884251833,0.0005080000264570117,0.00050299998838454485,0.00050600001122802496,0
2025-08-08T00:00:00.000000Z,0.00050600001122802496,0.0005109999910928309,0.00050399999599903822,0.00050600001122802496,0
2025-08-09T00:00:00.000000Z,0.00050600001122802496,0.00054300000192597508,0.00050500000361353159,0.00053999997908249497,0
2025-08-10T00:00:00.000000Z,0.00053999997908249497,0.00055300001986324787,0.00053800002206116915,0.00054699997417628765,0
2025-08-11T00:00:00.000000Z,0.00054699997417628765,0.00055100000463426113,0.00052800000412389636,0.00053499999921768904,0
2025-08-12T00:00:00.000000Z,0.00053499999921768904,0.00053600000683218241,0.00052599998889490962,0.0005300000193528831,0
2025-08-13T00:00:00.000000Z,0.0005300000193528831,0.0005329999839887023,0.00047500000800937414,0.00051599997095763683,0
2025-08-14T00:00:00.000000Z,0.00051599997095763683,0.00052300002425909042,0.00049900001613423228,0.00050099997315555811,0
2025-08-15T00:00:00.000000Z,0.00050099997315555811,0.00051400001393631101,0.00049800000851973891,0.00050899997586384416,0
2025-08-16T00:00:00.000000Z,0.00050899997586384416,0.00051300000632181764,0.00050700001884251833,0.00050899997586384416,0
2025-08-17T00:00:00.000000Z,0.00050899997586384416,0.00051400001393631101,0.00050700001884251833,0.00050899997586384416,0
2025-08-18T00:00:00.000000Z,0.00050899997586384416,0.00051199999870732427,0.00050099997315555811,0.00050399999599903822,0
2025-08-19T00:00:00.000000Z,0.00050399999599903822,0.0005080000264570117,0.00050199998077005148,0.00050500000361353159,0
2025-08-20T00:00:00.000000Z,0.00050500000361353159,0.00051199999870732427,0.00049800000851973891,0.00051199999870732427,0
2025-08-21T00:00:00.000000Z,0.00051199999870732427,0.00052699999650940299,0.00050500000361353159,0.00052200001664459705,0
2025-08-22T00:00:00.000000Z,0.00052200001664459705,0.00055100000463426113,0.00052100000903010368,0.00054699997417628765,0
2025-08-23T00:00:00.000000Z,0.00054699997417628765,0.00054999999701976776,0.00053600000683218241,0.00053700001444667578,0
2025-08-24T00:00:00.000000Z,0.00053700001444667578,0.00054300000192597508,0.0005300000193528831,0.00053199997637420893,0
2025-08-25T00:00:00.000000Z,0.00053199997637420893,0.00053499999921768904,0.00052300002425909042,0.00052900001173838973,0
2025-08-26T00:00:00.000000Z,0.00052900001173838973,0.0005300000193528831,0.0005080000264570117,0.00050999998347833753,0
2025-08-27T00:00:00.000000Z,0.00050999998347833753,0.00051599997095763683,0.00050600001122802496,0.00051599997095763683,0
2025-08-28T00:00:00.000000Z,0.00051599997095763683,0.00052000000141561031,0.0005109999910928309,0.00051400001393631101,0
2025-08-29T00:00:00.000000Z,0.00051400001393631101,0.00052200001664459705,0.00051400001393631101,0.00051899999380111694,0
2025-08-30T00:00:00.000000Z,0.00051899999380111694,0.00052100000903010368,0.00051500002155080438,0.00051899999380111694,0
2025-08-31T00:00:00.000000Z,0.00051899999380111694,0.00052200001664459705,0.00051500002155080438,0.0005169999785721302,0
2025-09-01T00:00:00.000000Z,0.0005169999785721302,0.00052100000903010368,0.00051500002155080438,0.00052000000141561031,0
2025-09-02T00:00:00.000000Z,0.00052000000141561031,0.00052200001664459705,0.00051500002155080438,0.00051899999380111694,0
2025-09-03T00:00:00.000000Z,0.00051899999380111694,0.00052000000141561031,0.00051500002155080438,0.00051899999380111694,0
2025-09-04T00:00:00.000000Z,0.00051899999380111694,0.00053499999921768904,0.00051199999870732427,0.00053199997637420893,0
2025-09-05T00:00:00.000000Z,0.00053199997637420893,0.00060600001597777009,0.00052900001173838973,0.00056499999482184649,0
2025-09-06T00:00:00.000000Z,0.00056499999482184649,0.0005680000176653266,0.00055100000463426113,0.00056199997197836637,0
2025-09-07T00:00:00.000000Z,0.00056199997197836637,0.00057600002037361264,0.00056199997197836637,0.00056399998720735312,0
2025-09-08T00:00:00.000000Z,0.00056399998720735312,0.0005680000176653266,0.00054999999701976776,0.0005549999768845737,0
2025-09-09T00:00:00.000000Z,0.0005549999768845737,0.00055900000734254718,0.00054999999701976776,0.00055400002747774124,0
2025-09-10T00:00:00.000000Z,0.00055400002747774124,0.00055599998449906707,0.00054500001715496182,0.00055100000463426113,0
2025-09-11T00:00:00.000000Z,0.00055100000463426113,0.00055300001986324787,0.00054199999431148171,0.00054600002476945519,0
2025-09-12T00:00:00.000000Z,0.00054600002476945519,0.00054699997417628765,0.00052200001664459705,0.00053499999921768904,0
2025-09-13T00:00:00.000000Z,0.00053499999921768904,0.00054099998669698834,0.00053499999921768904,0.00053499999921768904,0
2025-09-14T00:00:00.000000Z,0.00053499999921768904,0.0005389999714680016,0.00053499999921768904,0.00053700001444667578,0
2025-09-15T00:00:00.000000Z,0.00053700001444667578,0.00054099998669698834,0.00052399997366592288,0.00052599998889490962,0
2025-09-16T00:00:00.000000Z,0.00052599998889490962,0.0005300000193528831,0.00050099997315555811,0.00051799998618662357,0
2025-09-17T00:00:00.000000Z,0.00051799998618662357,0.00052200001664459705,0.00051199999870732427,0.00051500002155080438,0
2025-09-18T00:00:00.000000Z,0.00051500002155080438,0.00052699999650940299,0.00050299998838454485,0.00052300002425909042,0
2025-09-19T00:00:00.000000Z,0.00052300002425909042,0.00052599998889490962,0.00050399999599903822,0.00051400001393631101,0
2025-09-20T00:00:00.000000Z,0.00051400001393631101,0.00053100002696737647,0.00050999998347833753,0.00052800000412389636,0
2025-09-21T00:00:00.000000Z,0.00052800000412389636,0.00053100002696737647,0.00052499998128041625,0.00052900001173838973,0
2025-09-22T00:00:00.000000Z,0.00052900001173838973,0.0005300000193528831,0.00051300000632181764,0.00052599998889490962,0
2025-09-23T00:00:00.000000Z,0.00052599998889490962,0.00052699999650940299,0.00050000002374872565,0.00050299998838454485,0
2025-09-24T00:00:00.000000Z,0.00050299998838454485,0.00050999998347833753,0.00050199998077005148,0.00050899997586384416,0
2025-09-25T00:00:00.000000Z,0.00050899997586384416,0.0005109999910928309,0.00050299998838454485,0.00050600001122802496,0
2025-09-26T00:00:00.000000Z,0.00050600001122802496,0.00051300000632181764,0.00050399999599903822,0.00051199999870732427,0
2025-09-27T00:00:00.000000Z,0.00051199999870732427,0.00051400001393631101,0.00050600001122802496,0.0005080000264570117,0
2025-09-28T00:00:00.000000Z,0.0005080000264570117,0.00051199999870732427,0.00050299998838454485,0.00050999998347833753,0
2025-09-29T00:00:00.000000Z,0.00050999998347833753,0.00057799997739493847,0.00050600001122802496,0.00056299997959285975,0
2025-09-30T00:00:00.000000Z,0.00056299997959285975,0.00056600000243633986,0.00054400000954046845,0.00056100002257153392,0
2025-10-01T00:00:00.000000Z,0.00056100002257153392,0.00056199997197836637,0.0005520000122487545,0.00056000001495704055,0
2025-10-02T00:00:00.000000Z,0.00056000001495704055,0.0005740000051446259,0.00054199999431148171,0.00055699999211356044,0
2025-10-03T00:00:00.000000Z,0.00055699999211356044,0.00056399998720735312,0.00055599998449906707,0.00056000001495704055,0
2025-10-04T00:00:00.000000Z,0.00056000001495704055,0.00056100002257153392,0.00053700001444667578,0.00053700001444667578,0
2025-10-05T00:00:00.000000Z,0.00053700001444667578,0.00054699997417628765,0.00053700001444667578,0.0005389999714680016,0
2025-10-06T00:00:00.000000Z,0.0005389999714680016,0.00055599998449906707,0.00053700001444667578,0.0005549999768845737,0
2025-10-07T00:00:00.000000Z,0.0005549999768845737,0.00055599998449906707,0.00050500000361353159,0.00053499999921768904,0
2025-10-08T00:00:00.000000Z,0.00053499999921768904,0.00053800002206116915,0.00053100002696737647,0.00053499999921768904,0
2025-10-09T00:00:00.000000Z,0.00053499999921768904,0.00053600000683218241,0.0005300000193528831,0.00053199997637420893,0
2025-10-10T00:00:00.000000Z,0.00053199997637420893,0.00053600000683218241,0.00050199998077005148,0.00051300000632181764,0
2025-10-11T00:00:00.000000Z,0.00051300000632181764,0.00051599997095763683,0.00040600000647827983,0.0004180000105407089,0
2025-10-12T00:00:00.000000Z,0.0004180000105407089,0.00048799999058246613,0.00040200000512413681,0.00048600000445730984,0
2025-10-13T00:00:00.000000Z,0.00048600000445730984,0.00049399997806176543,0.00048200000310316682,0.00049000000581145287,0
2025-10-14T00:00:00.000000Z,0.00049000000581145287,0.00049399997806176543,0.00047200001426972449,0.00047699999413453043,0
2025-10-15T00:00:00.000000Z,0.00047699999413453043,0.00048200000310316682,0.00047500000800937414,0.00047999998787418008,0
2025-10-16T00:00:00.000000Z,0.00047999998787418008,0.00048300001071766019,0.00046899999142624438,0.00047500000800937414,0
2025-10-17T00:00:00.000000Z,0.00047500000800937414,0.00047699999413453043,0.00045900000259280205,0.0004729999927803874,0
2025-10-18T00:00:00.000000Z,0.0004729999927803874,0.0004839999892283231,0.00047200001426972449,0.0004780000017490238,0
2025-10-19T00:00:00.000000Z,0.0004780000017490238,0.00048700001207180321,0.00047699999413453043,0.00048499999684281647,0
2025-10-20T00:00:00.000000Z,0.00048499999684281647,0.0004889999981969595,0.00048200000310316682,0.00048300001071766019,0
2025-10-21T00:00:00.000000Z,0.00048300001071766019,0.00048799999058246613,0.00047999998787418008,0.00048700001207180321,0
2025-10-22T00:00:00.000000Z,0.00048700001207180321,0.00048799999058246613,0.00048300001071766019,0.00048700001207180321,0
2025-10-23T00:00:00.000000Z,0.00048700001207180321,0.00048799999058246613,0.00048300001071766019,0.00048499999684281647,0
2025-10-24T00:00:00.000000Z,0.00048499999684281647,0.0004949999856762588,0.0004839999892283231,0.00049100001342594624,0
2025-10-25T00:00:00.000000Z,0.00049100001342594624,0.00049900001613423228,0.0004889999981969595,0.00049800000851973891,0
2025-10-26T00:00:00.000000Z,0.00049800000851973891,0.00049800000851973891,0.00048799999058246613,0.00049399997806176543,0
2025-10-27T00:00:00.000000Z,0.00049399997806176543,0.00050899997586384416,0.00049000000581145287,0.00050399999599903822,0
2025-10-28T00:00:00.000000Z,0.00050399999599903822,0.00050700001884251833,0.00049000000581145287,0.00049100001342594624,0
2025-10-29T00:00:00.000000Z,0.00049100001342594624,0.00049800000851973891,0.00049000000581145287,0.00049599999329075217,0
2025-10-30T00:00:00.000000Z,0.00049599999329075217,0.00049800000851973891,0.0004619999963324517,0.0004729999927803874,0
2025-10-31T00:00:00.000000Z,0.0004729999927803874,0.00048099999548867345,0.00047200001426972449,0.00047900000936351717,0
2025-11-01T00:00:00.000000Z,0.00047900000936351717,0.00047900000936351717,0.00046800001291558146,0.00047400000039488077,0
2025-11-02T00:00:00.000000Z,0.00047400000039488077,0.00047999998787418008,0.00047200001426972449,0.0004780000017490238,0
2025-11-03T00:00:00.000000Z,0.0004780000017490238,0.00047900000936351717,0.00047100000665523112,0.00047400000039488077,0
2025-11-04T00:00:00.000000Z,0.00047400000039488077,0.00047900000936351717,0.00046800001291558146,0.00047400000039488077,0
2025-11-05T00:00:00.000000Z,0.00047400000039488077,0.00047400000039488077,0.00042299999040551484,0.00046700000530108809,0
2025-11-06T00:00:00.000000Z,0.00046700000530108809,0.00046899999142624438,0.00046099998871795833,0.00046700000530108809,0
2025-11-07T00:00:00.000000Z,0.00046700000530108809,0.00047100000665523112,0.00046400001156143844,0.00046400001156143844,0
2025-11-08T00:00:00.000000Z,0.00046400001156143844,0.0004839999892283231,0.0004619999963324517,0.00047900000936351717,0
2025-11-09T00:00:00.000000Z,0.00047900000936351717,0.00049800000851973891,0.00047699999413453043,0.00049399997806176543,0
2025-11-10T00:00:00.000000Z,0.00049399997806176543,0.00049900001613423228,0.00049399997806176543,0.0004949999856762588,0
2025-11-11T00:00:00.000000Z,0.0004949999856762588,0.00049900001613423228,0.00049399997806176543,0.00049900001613423228,0
2025-11-12T00:00:00.000000Z,0.00049900001613423228,0.00050299998838454485,0.0004949999856762588,0.00049800000851973891,0
2025-11-13T00:00:00.000000Z,0.00049800000851973891,0.00050199998077005148,0.00047599998652003706,0.00047599998652003706,0
2025-11-14T00:00:00.000000Z,0.00047599998652003706,0.00047599998652003706,0.00046499999007210135,0.00046499999007210135,0
2025-11-15T00:00:00.000000Z,0.00046499999007210135,0.00046899999142624438,0.00045500000123865902,0.00046800001291558146,0
2025-11-16T00:00:00.000000Z,0.00046800001291558146,0.00046899999142624438,0.00046400001156143844,0.00046700000530108809,0
2025-11-17T00:00:00.000000Z,0.00046700000530108809,0.00047200001426972449,0.00046000001020729542,0.00046099998871795833,0
2025-11-18T00:00:00.000000Z,0.00046099998871795833,0.00046899999142624438,0.00045900000259280205,0.00046599999768659472,0
2025-11-19T00:00:00.000000Z,0.00046599999768659472,0.00046999999904073775,0.00045399999362416565,0.00046700000530108809,0
2025-11-20T00:00:00.000000Z,0.00046700000530108809,0.00047400000039488077,0.00044800000614486635,0.00045200000749900937,0
2025-11-21T00:00:00.000000Z,0.00045200000749900937,0.00045699998736381531,0.00042999998549930751,0.00044500001240521669,0
2025-11-22T00:00:00.000000Z,0.00044500001240521669,0.00046499999007210135,0.00044299999717622995,0.0004619999963324517,0
2025-11-23T00:00:00.000000Z,0.0004619999963324517,0.00046700000530108809,0.00045900000259280205,0.00046499999007210135,0
2025-11-24T00:00:00.000000Z,0.00046499999007210135,0.00046800001291558146,0.0004619999963324517,0.00046599999768659472,0
2025-11-25T00:00:00.000000Z,0.00046599999768659472,0.00046599999768659472,0.00046000001020729542,0.00046300000394694507,0
2025-11-26T00:00:00.000000Z,0.00046300000394694507,0.00046599999768659472,0.00046099998871795833,0.00046400001156143844,0
2025-11-27T00:00:00.000000Z,0.00046400001156143844,0.0004729999927803874,0.00046099998871795833,0.00046999999904073775,0
2025-11-28T00:00:00.000000Z,0.00046999999904073775,0.0004729999927803874,0.00046800001291558146,0.00047100000665523112,0
2025-11-29T00:00:00.000000Z,0.00047100000665523112,0.00047500000800937414,0.00046800001291558146,0.00047100000665523112,0
2025-11-30T00:00:00.000000Z,0.00047100000665523112,0.00047400000039488077,0.00046300000394694507,0.00046499999007210135,0
2025-12-01T00:00:00.000000Z,0.00046499999007210135,0.00046599999768659472,0.00045399999362416565,0.00045900000259280205,0
2025-12-02T00:00:00.000000Z,0.00045900000259280205,0.00047599998652003706,0.00045600000885315239,0.00046599999768659472,0
2025-12-03T00:00:00.000000Z,0.00046599999768659472,0.00047699999413453043,0.00046400001156143844,0.00046700000530108809,0
2025-12-04T00:00:00.000000Z,0.00046700000530108809,0.0004729999927803874,0.00046700000530108809,0.00047200001426972449,0
2025-12-05T00:00:00.000000Z,0.00047200001426972449,0.00047200001426972449,0.00046599999768659472,0.00046800001291558146,0
2025-12-06T00:00:00.000000Z,0.00046800001291558146,0.00047100000665523112,0.00046499999007210135,0.00046599999768659472,0
2025-12-07T00:00:00.000000Z,0.00046599999768659472,0.00047100000665523112,0.00046499999007210135,0.00046700000530108809,0
2025-12-08T00:00:00.000000Z,0.00046700000530108809,0.0004729999927803874,0.00046599999768659472,0.00046999999904073775,0
2025-12-09T00:00:00.000000Z,0.00046999999904073775,0.00047200001426972449,0.00045900000259280205,0.00046999999904073775,0
2025-12-10T00:00:00.000000Z,0.00046999999904073775,0.00046999999904073775,0.00046400001156143844,0.00046800001291558146,0
2025-12-11T00:00:00.000000Z,0.00046800001291558146,0.00046800001291558146,0.00046099998871795833,0.00046400001156143844,0
2025-12-12T00:00:00.000000Z,0.00046400001156143844,0.00046700000530108809,0.00045500000123865902,0.00045799999497830868,0
2025-12-13T00:00:00.000000Z,0.00045799999497830868,0.0004619999963324517,0.00045699998736381531,0.00045799999497830868,0
2025-12-14T00:00:00.000000Z,0.00045799999497830868,0.00046499999007210135,0.00045799999497830868,0.00045900000259280205,0
2025-12-15T00:00:00.000000Z,0.00045900000259280205,0.00046300000394694507,0.00044199998956173658,0.00044999999227002263,0
2025-12-16T00:00:00.000000Z,0.00044999999227002263,0.00045900000259280205,0.00044800000614486635,0.00045799999497830868,0
2025-12-17T00:00:00.000000Z,0.00045799999497830868,0.00046099998871795833,0.000450999999884516,0.00045600000885315239,0
2025-12-18T00:00:00.000000Z,0.00045600000885315239,0.00046099998871795833,0.00045500000123865902,0.00045699998736381531,0
2025-12-19T00:00:00.000000Z,0.00045699998736381531,0.00047200001426972449,0.0004400000034365803,0.00045600000885315239,0
2025-12-20T00:00:00.000000Z,0.00045600000885315239,0.00046300000394694507,0.00042600001324899495,0.00044699999853037298,0
2025-12-21T00:00:00.000000Z,0.00044699999853037298,0.00046300000394694507,0.00044699999853037298,0.00046099998871795833,0
2025-12-22T00:00:00.000000Z,0.00046099998871795833,0.00046700000530108809,0.00046099998871795833,0.00046400001156143844,0
2025-12-23T00:00:00.000000Z,0.00046400001156143844,0.00046499999007210135,0.00045799999497830868,0.00046000001020729542,0
2025-12-24T00:00:00.000000Z,0.00046000001020729542,0.00046300000394694507,0.00045699998736381531,0.00046099998871795833,0
2025-12-25T00:00:00.000000Z,0.00046099998871795833,0.00046300000394694507,0.00045699998736381531,0.00046300000394694507,0
2025-12-26T00:00:00.000000Z,0.00046300000394694507,0.00046700000530108809,0.00045799999497830868,0.00046400001156143844,0
2025-12-27T00:00:00.000000Z,0.00046400001156143844,0.00046700000530108809,0.00046000001020729542,0.00046000001020729542,0
2025-12-28T00:00:00.000000Z,0.00046000001020729542,0.00046499999007210135,0.00045600000885315239,0.00045900000259280205,0
2025-12-29T00:00:00.000000Z,0.00045900000259280205,0.00046099998871795833,0.00045500000123865902,0.00045699998736381531,0
2025-12-30T00:00:00.000000Z,0.00045699998736381531,0.00046099998871795833,0.00045399999362416565,0.00045900000259280205,0
2025-12-31T00:00:00.000000Z,0.00045900000259280205,0.00046400001156143844,0.00045600000885315239,0.00046099998871795833,0
2026-01-01T00:00:00.000000Z,0.00046099998871795833,0.00046400001156143844,0.00045900000259280205,0.0004619999963324517,0
2026-01-02T00:00:00.000000Z,0.0004619999963324517,0.00046800001291558146,0.00046099998871795833,0.00046599999768659472,0
2026-01-03T00:00:00.000000Z,0.00046599999768659472,0.00047999998787418008,0.00046300000394694507,0.00047699999413453043,0
2026-01-04T00:00:00.000000Z,0.00047699999413453043,0.00048300001071766019,0.00047500000800937414,0.00048099999548867345,0
2026-01-05T00:00:00.000000Z,0.00048099999548867345,0.0004839999892283231,0.0004780000017490238,0.00047900000936351717,0
2026-01-06T00:00:00.000000Z,0.00047900000936351717,0.0004839999892283231,0.00047900000936351717,0.00047900000936351717,0
2026-01-07T00:00:00.000000Z,0.00047900000936351717,0.0004839999892283231,0.00044400000479072332,0.00045900000259280205,0
2026-01-08T00:00:00.000000Z,0.00045900000259280205,0.00047900000936351717,0.00045600000885315239,0.00047400000039488077,0
2026-01-09T00:00:00.000000Z,0.00047400000039488077,0.0004780000017490238,0.00046499999007210135,0.00047200001426972449,0
2026-01-10T00:00:00.000000Z,0.00047200001426972449,0.00047900000936351717,0.00047200001426972449,0.00047500000800937414,0
2026-01-11T00:00:00.000000Z,0.00047500000800937414,0.00047900000936351717,0.00046999999904073775,0.00047200001426972449,0
2026-01-12T00:00:00.000000Z,0.00047200001426972449,0.0004780000017490238,0.00046800001291558146,0.0004729999927803874,0
2026-01-13T00:00:00.000000Z,0.0004729999927803874,0.00048300001071766019,0.00046800001291558146,0.00047900000936351717,0
2026-01-14T00:00:00.000000Z,0.00047900000936351717,0.00048700001207180321,0.00047599998652003706,0.00048499999684281647,0
2026-01-15T00:00:00.000000Z,0.00048499999684281647,0.00048700001207180321,0.00047500000800937414,0.00047699999413453043,0
2026-01-16T00:00:00.000000Z,0.00047699999413453043,0.00047999998787418008,0.00046300000394694507,0.00046700000530108809,0
2026-01-17T00:00:00.000000Z,0.00046700000530108809,0.00046700000530108809,0.00046000001020729542,0.00046499999007210135,0
2026-01-18T00:00:00.000000Z,0.00046499999007210135,0.00047900000936351717,0.00045500000123865902,0.00047599998652003706,0
2026-01-19T00:00:00.000000Z,0.00047599998652003706,0.00048099999548867345,0.00046599999768659472,0.00047200001426972449,0
2026-01-20T00:00:00.000000Z,0.00047200001426972449,0.00047599998652003706,0.00045900000259280205,0.00046300000394694507,0
2026-01-21T00:00:00.000000Z,0.00046300000394694507,0.00048499999684281647,0.00045299998600967228,0.00048200000310316682,0
2026-01-22T00:00:00.000000Z,0.00048200000310316682,0.00048499999684281647,0.0004729999927803874,0.0004780000017490238,0
2026-01-23T00:00:00.000000Z,0.0004780000017490238,0.00048200000310316682,0.0004729999927803874,0.00047999998787418008,0
2026-01-24T00:00:00.000000Z,0.00047999998787418008,0.00048099999548867345,0.00047100000665523112,0.00047200001426972449,0
2026-01-25T00:00:00.000000Z,0.00047200001426972449,0.00047599998652003706,0.00045900000259280205,0.00047100000665523112,0
2026-01-26T00:00:00.000000Z,0.00047100000665523112,0.00047400000039488077,0.00045699998736381531,0.00045799999497830868,0
2026-01-27T00:00:00.000000Z,0.00045799999497830868,0.0004729999927803874,0.00045799999497830868,0.00046599999768659472,0
2026-01-28T00:00:00.000000Z,0.00046599999768659472,0.00046999999904073775,0.0004619999963324517,0.00046599999768659472,0
2026-01-29T00:00:00.000000Z,0.00046599999768659472,0.00046700000530108809,0.00045900000259280205,0.00046000001020729542,0
2026-01-30T00:00:00.000000Z,0.00046000001020729542,0.00046300000394694507,0.00045200000749900937,0.00045600000885315239,0
2026-01-31T00:00:00.000000Z,0.00045600000885315239,0.0004619999963324517,0.00044699999853037298,0.00044999999227002263,0
2026-02-01T00:00:00.000000Z,0.00044999999227002263,0.00045799999497830868,0.00044199998956173658,0.00044599999091587961,0
2026-02-02T00:00:00.000000Z,0.00044599999091587961,0.00046599999768659472,0.00043899999582208693,0.00046300000394694507,0
2026-02-03T00:00:00.000000Z,0.00046300000394694507,0.00047500000800937414,0.00044800000614486635,0.00046800001291558146,0
2026-02-04T00:00:00.000000Z,0.00046800001291558146,0.00047500000800937414,0.00044699999853037298,0.00045299998600967228,0
2026-02-05T00:00:00.000000Z,0.00045299998600967228,0.00045699998736381531,0.00042299999040551484,0.00044599999091587961,0
2026-02-06T00:00:00.000000Z,0.00044599999091587961,0.00048300001071766019,0.00044100001105107367,0.00045799999497830868,0
2026-02-07T00:00:00.000000Z,0.00045799999497830868,0.00046400001156143844,0.00044199998956173658,0.00045699998736381531,0
2026-02-08T00:00:00.000000Z,0.00045699998736381531,0.00046599999768659472,0.00044900001375935972,0.00045699998736381531,0
2026-02-09T00:00:00.000000Z,0.00045699998736381531,0.00046099998871795833,0.00045200000749900937,0.00045699998736381531,0
2026-02-10T00:00:00.000000Z,0.00045699998736381531,0.00045900000259280205,0.00045299998600967228,0.00045900000259280205,0
2026-02-11T00:00:00.000000Z,0.00045900000259280205,0.00046300000394694507,0.00044599999091587961,0.00045500000123865902,0
2026-02-12T00:00:00.000000Z,0.00045500000123865902,0.0004619999963324517,0.00044299999717622995,0.00045799999497830868,0
2026-02-13T00:00:00.000000Z,0.00045799999497830868,0.00047400000039488077,0.00045600000885315239,0.00046800001291558146,0
2026-02-14T00:00:00.000000Z,0.00046800001291558146,0.00047400000039488077,0.00046400001156143844,0.00046700000530108809,0
2026-02-15T00:00:00.000000Z,0.00046700000530108809,0.00047200001426972449,0.00044999999227002263,0.00045399999362416565,0
2026-02-16T00:00:00.000000Z,0.00045399999362416565,0.0004619999963324517,0.00044500001240521669,0.00045399999362416565,0
2026-02-17T00:00:00.000000Z,0.00045399999362416565,0.00046300000394694507,0.000450999999884516,0.00046000001020729542,0
2026-02-18T00:00:00.000000Z,0.00046000001020729542,0.00046400001156143844,0.00045200000749900937,0.00045900000259280205,0
2026-02-19T00:00:00.000000Z,0.00045900000259280205,0.00046300000394694507,0.00045299998600967228,0.0004619999963324517,0
2026-02-20T00:00:00.000000Z,0.0004619999963324517,0.00046499999007210135,0.00044699999853037298,0.00045699998736381531,0
2026-02-21T00:00:00.000000Z,0.00045699998736381531,0.0004619999963324517,0.00044199998956173658,0.00044299999717622995,0
2026-02-22T00:00:00.000000Z,0.00044299999717622995,0.00044800000614486635,0.00043499999446794391,0.00044800000614486635,0
2026-02-23T00:00:00.000000Z,0.00044800000614486635,0.00045500000123865902,0.00043899999582208693,0.00045299998600967228,0
2026-02-24T00:00:00.000000Z,0.00045299998600967228,0.00045799999497830868,0.00044199998956173658,0.00045500000123865902,0
2026-02-25T00:00:00.000000Z,0.00045500000123865902,0.00047599998652003706,0.00045399999362416565,0.0004619999963324517,0
2026-02-26T00:00:00.000000Z,0.0004619999963324517,0.00046800001291558146,0.00045299998600967228,0.00045900000259280205,0
2026-02-27T00:00:00.000000Z,0.00045900000259280205,0.00046300000394694507,0.00044400000479072332,0.00044800000614486635,0
2026-02-28T00:00:00.000000Z,0.00044800000614486635,0.00046800001291558146,0.00044299999717622995,0.00046099998871795833,0
2026-03-01T00:00:00.000000Z,0.00046099998871795833,0.00046700000530108809,0.00044999999227002263,0.00045299998600967228,0
2026-03-02T00:00:00.000000Z,0.00045299998600967228,0.00047400000039488077,0.000450999999884516,0.00045399999362416565,0
2026-03-03T00:00:00.000000Z,0.00045399999362416565,0.00046099998871795833,0.00044199998956173658,0.00045799999497830868,0
2026-03-04T00:00:00.000000Z,0.00045799999497830868,0.00047200001426972449,0.00045299998600967228,0.00045799999497830868,0
2026-03-05T00:00:00.000000Z,0.00045799999497830868,0.00046300000394694507,0.00044999999227002263,0.00045299998600967228,0
2026-03-06T00:00:00.000000Z,0.00045299998600967228,0.00045699998736381531,0.00044400000479072332,0.00044999999227002263,0
2026-03-07T00:00:00.000000Z,0.00044999999227002263,0.00045200000749900937,0.00044299999717622995,0.00044500001240521669,0
2026-03-08T00:00:00.000000Z,0.00044500001240521669,0.00045699998736381531,0.00044199998956173658,0.00044999999227002263,0
2026-03-09T00:00:00.000000Z,0.00044999999227002263,0.00047100000665523112,0.00044999999227002263,0.00046499999007210135,0
2026-03-10T00:00:00.000000Z,0.00046499999007210135,0.00047200001426972449,0.00045200000749900937,0.00045600000885315239,0
2026-03-11T00:00:00.000000Z,0.00045600000885315239,0.00046300000394694507,0.00044900001375935972,0.00045699998736381531,0
2026-03-12T00:00:00.000000Z,0.00045699998736381531,0.00045900000259280205,0.00044999999227002263,0.00045799999497830868,0
2026-03-13T00:00:00.000000Z,0.00045799999497830868,0.00046599999768659472,0.00045600000885315239,0.00045699998736381531,0
2026-03-14T00:00:00.000000Z,0.00045699998736381531,0.00045900000259280205,0.00045200000749900937,0.00045699998736381531,0
2026-03-15T00:00:00.000000Z,0.00045699998736381531,0.00046000001020729542,0.00045299998600967228,0.00045699998736381531,0
2026-03-16T00:00:00.000000Z,0.00045699998736381531,0.00046099998871795833,0.00045200000749900937,0.00046000001020729542,0
2026-03-17T00:00:00.000000Z,0.00046000001020729542,0.00046300000394694507,0.00045600000885315239,0.00045699998736381531,0
2026-03-18T00:00:00.000000Z,0.00045699998736381531,0.00046000001020729542,0.00045299998600967228,0.00045399999362416565,0
2026-03-19T00:00:00.000000Z,0.00045399999362416565,0.00045900000259280205,0.000450999999884516,0.00045699998736381531,0
2026-03-20T00:00:00.000000Z,0.00045699998736381531,0.00045900000259280205,0.00045399999362416565,0.00045500000123865902,0
2026-03-21T00:00:00.000000Z,0.00045500000123865902,0.00046000001020729542,0.00045200000749900937,0.00045799999497830868,0
2026-03-22T00:00:00.000000Z,0.00045799999497830868,0.00045900000259280205,0.00045200000749900937,0.00045500000123865902,0
2026-03-23T00:00:00.000000Z,0.00045500000123865902,0.0004619999963324517,0.00045299998600967228,0.00046000001020729542,0
2026-03-24T00:00:00.000000Z,0.00046000001020729542,0.00046099998871795833,0.00045500000123865902,0.00045799999497830868,0
2026-03-25T00:00:00.000000Z,0.00045799999497830868,0.00046300000394694507,0.00045699998736381531,0.00046000001020729542,0
2026-03-26T00:00:00.000000Z,0.00046000001020729542,0.0004619999963324517,0.00045500000123865902,0.00045799999497830868,0
2026-03-27T00:00:00.000000Z,0.00045799999497830868,0.00046000001020729542,0.00045200000749900937,0.00045500000123865902,0
2026-03-28T00:00:00.000000Z,0.00045500000123865902,0.00045900000259280205,0.00045299998600967228,0.00045600000885315239,0
2026-03-29T00:00:00.000000Z,0.00045600000885315239,0.00046000001020729542,0.00045299998600967228,0.00045600000885315239,0
2026-03-30T00:00:00.000000Z,0.00045600000885315239,0.00046099998871795833,0.00045399999362416565,0.00045699998736381531,0
2026-03-31T00:00:00.000000Z,0.00045699998736381531,0.00046400001156143844,0.00045500000123865902,0.00046099998871795833,0
2026-04-01T00:00:00.000000Z,0.00046099998871795833,0.00047200001426972449,0.00045900000259280205,0.00046000001020729542,0
2026-04-02T00:00:00.000000Z,0.00046000001020729542,0.00046400001156143844,0.00045600000885315239,0.00046000001020729542,0
2026-04-03T00:00:00.000000Z,0.00046000001020729542,0.00046400001156143844,0.00046000001020729542,0.0004619999963324517,0
2026-04-04T00:00:00.000000Z,0.0004619999963324517,0.00046599999768659472,0.00046000001020729542,0.0004619999963324517,0
2026-04-05T00:00:00.000000Z,0.0004619999963324517,0.0004729999927803874,0.00045900000259280205,0.00047200001426972449,0
2026-04-06T00:00:00.000000Z,0.00047200001426972449,0.00047500000800937414,0.00046999999904073775,0.00047100000665523112,0
2026-04-07T00:00:00.000000Z,0.00047100000665523112,0.00049000000581145287,0.00046800001291558146,0.00049000000581145287,0
2026-04-08T00:00:00.000000Z,0.00049000000581145287,0.00049100001342594624,0.00048099999548867345,0.00048499999684281647,0
2026-04-09T00:00:00.000000Z,0.00048499999684281647,0.00048600000445730984,0.00048099999548867345,0.00048600000445730984,0
2026-04-10T00:00:00.000000Z,0.00048600000445730984,0.00048600000445730984,0.00048099999548867345,0.0004839999892283231,0
2026-04-11T00:00:00.000000Z,0.0004839999892283231,0.00048600000445730984,0.00048200000310316682,0.00048600000445730984,0
2026-04-12T00:00:00.000000Z,0.00048600000445730984,0.00048799999058246613,0.00047999998787418008,0.00048099999548867345,0
2026-04-13T00:00:00.000000Z,0.00048099999548867345,0.00048799999058246613,0.00047999998787418008,0.00048700001207180321,0
2026-04-14T00:00:00.000000Z,0.00048700001207180321,0.00048799999058246613,0.00048200000310316682,0.00048600000445730984,0
2026-04-15T00:00:00.000000Z,0.00048600000445730984,0.00048700001207180321,0.00048200000310316682,0.0004839999892283231,0
2026-04-16T00:00:00.000000Z,0.0004839999892283231,0.00048700001207180321,0.00048200000310316682,0.00048300001071766019,0
2026-04-17T00:00:00.000000Z,0.00048300001071766019,0.00049100001342594624,0.00048300001071766019,0.00048799999058246613,0
2026-04-18T00:00:00.000000Z,0.00048799999058246613,0.00049200002104043961,0.00048499999684281647,0.00048499999684281647,0
2026-04-19T00:00:00.000000Z,0.00048499999684281647,0.00049000000581145287,0.0004839999892283231,0.0004839999892283231,0
2026-04-20T00:00:00.000000Z,0.0004839999892283231,0.00048799999058246613,0.00048099999548867345,0.00048600000445730984,0
2026-04-21T00:00:00.000000Z,0.00048600000445730984,0.00048799999058246613,0.00048300001071766019,0.00048300001071766019,0
2026-04-22T00:00:00.000000Z,0.00048300001071766019,0.00048700001207180321,0.0004780000017490238,0.00048200000310316682,0
2026-04-23T00:00:00.000000Z,0.00048200000310316682,0.00048499999684281647,0.00047699999413453043,0.00047699999413453043,0
2026-04-24T00:00:00.000000Z,0.00047699999413453043,0.00047999998787418008,0.00046300000394694507,0.00046499999007210135,0
2026-04-25T00:00:00.000000Z,0.00046499999007210135,0.00046899999142624438,0.00046499999007210135,0.00046599999768659472,0
2026-04-26T00:00:00.000000Z,0.00046599999768659472,0.00046899999142624438,0.00046400001156143844,0.00046700000530108809,0
2026-04-27T00:00:00.000000Z,0.00046700000530108809,0.00046999999904073775,0.00046400001156143844,0.00046800001291558146,0
2026-04-28T00:00:00.000000Z,0.00046800001291558146,0.00046899999142624438,0.00044900001375935972,0.00045500000123865902,0
2026-04-29T00:00:00.000000Z,0.00045500000123865902,0.00046000001020729542,0.00045399999362416565,0.00045699998736381531,0
2026-04-30T00:00:00.000000Z,0.00045699998736381531,0.00045900000259280205,0.00045399999362416565,0.00045600000885315239,0
2026-05-01T00:00:00.000000Z,0.00045600000885315239,0.0004619999963324517,0.00045600000885315239,0.00045799999497830868,0
2026-05-02T00:00:00.000000Z,0.00045799999497830868,0.00046300000394694507,0.00045699998736381531,0.00046099998871795833,0
2026-05-03T00:00:00.000000Z,0.00046099998871795833,0.0004619999963324517,0.00045699998736381531,0.00045799999497830868,0
2026-05-04T00:00:00.000000Z,0.00045799999497830868,0.00046300000394694507,0.00045399999362416565,0.00045900000259280205,0
2026-05-05T00:00:00.000000Z,0.00045900000259280205,0.00046300000394694507,0.00045900000259280205,0.00046300000394694507,0
2026-05-06T00:00:00.000000Z,0.00046300000394694507,0.00046499999007210135,0.00045900000259280205,0.0004619999963324517,0
2026-05-07T00:00:00.000000Z,0.0004619999963324517,0.00046599999768659472,0.00046000001020729542,0.00046099998871795833,0
2026-05-08T00:00:00.000000Z,0.00046099998871795833,0.00046499999007210135,0.00045900000259280205,0.0004619999963324517,0
2026-05-09T00:00:00.000000Z,0.0004619999963324517,0.0004619999963324517,0.00044800000614486635,0.00045200000749900937,0
2026-05-10T00:00:00.000000Z,0.00045200000749900937,0.00045900000259280205,0.000450999999884516,0.00045299998600967228,0
2026-05-11T00:00:00.000000Z,0.00045299998600967228,0.00045600000885315239,0.000450999999884516,0.00045500000123865902,0
2026-05-12T00:00:00.000000Z,0.00045500000123865902,0.00045500000123865902,0.00044999999227002263,0.00045399999362416565,0
2026-05-13T00:00:00.000000Z,0.00045399999362416565,0.00045500000123865902,0.00044800000614486635,0.000450999999884516,0
2026-05-14T00:00:00.000000Z,0.000450999999884516,0.00045600000885315239,0.00044800000614486635,0.00045299998600967228,0
2026-05-15T00:00:00.000000Z,0.00045299998600967228,0.00045500000123865902,0.00044699999853037298,0.00044699999853037298,0
2026-05-16T00:00:00.000000Z,0.00044699999853037298,0.00045200000749900937,0.00044599999091587961,0.00044900001375935972,0
2026-05-17T00:00:00.000000Z,0.00044900001375935972,0.00044999999227002263,0.00044299999717622995,0.00044299999717622995,0
2026-05-18T00:00:00.000000Z,0.00044299999717622995,0.00044699999853037298,0.00040300001273863018,0.00043499999446794391,0
2026-05-19T00:00:00.000000Z,0.00043499999446794391,0.00043600000208243728,0.00043200000072829425,0.00043300000834278762,0
2026-05-20T00:00:00.000000Z,0.00043300000834278762,0.00043700000969693065,0.00043099999311380088,0.00043600000208243728,0
2026-05-21T00:00:00.000000Z,0.00043600000208243728,0.00043799998820759356,0.00043099999311380088,0.00043300000834278762,0
2026-05-22T00:00:00.000000Z,0.00043300000834278762,0.00043700000969693065,0.00043099999311380088,0.00043399998685345054,0
2026-05-23T00:00:00.000000Z,0.00043399998685345054,0.00043700000969693065,0.00042999998549930751,0.00043300000834278762,0
2026-05-24T00:00:00.000000Z,0.00043300000834278762,0.00043700000969693065,0.00042999998549930751,0.00043300000834278762,0
2026-05-25T00:00:00.000000Z,0.00043300000834278762,0.00043799998820759356,0.00043200000072829425,0.00043499999446794391,0
2026-05-26T00:00:00.000000Z,0.00043499999446794391,0.00043700000969693065,0.00042699999175965786,0.0004290000069886446,0
2026-05-27T00:00:00.000000Z,0.0004290000069886446,0.00043099999311380088,0.00042399999802000821,0.00042600001324899495,0
2026-05-28T00:00:00.000000Z,0.00042600001324899495,0.00042699999175965786,0.00041899998905137181,0.00042200001189485192,0
2026-05-29T00:00:00.000000Z,0.00042200001189485192,0.00042299999040551484,0.00041000000783242285,0.00041400000918656588,0
2026-05-30T00:00:00.000000Z,0.00041400000918656588,0.00041499998769722879,0.00041099998634308577,0.00041300000157207251,0
2026-05-31T00:00:00.000000Z,0.00041300000157207251,0.00041700000292621553,0.00041099998634308577,0.00041499998769722879,0
2026-06-01T00:00:00.000000Z,0.00041499998769722879,0.00042100000428035855,0.00041400000918656588,0.00041700000292621553,0
2026-06-02T00:00:00.000000Z,0.00041700000292621553,0.00042100000428035855,0.00041000000783242285,0.00041999999666586518,0
2026-06-03T00:00:00.000000Z,0.00041999999666586518,0.00041999999666586518,0.00041300000157207251,0.00041400000918656588,0
2026-06-04T00:00:00.000000Z,0.00041400000918656588,0.00041499998769722879,0.00040900000021792948,0.00041300000157207251,0
2026-06-05T00:00:00.000000Z,0.00041300000157207251,0.00041499998769722879,0.00040200000512413681,0.00040300001273863018,0
2026-06-06T00:00:00.000000Z,0.00040300001273863018,0.00040499999886378646,0.00039900001138448715,0.00040200000512413681,0
2026-06-07T00:00:00.000000Z,0.00040200000512413681,0.0004070000140927732,0.00039999998989515007,0.00040499999886378646,0
2026-06-08T00:00:00.000000Z,0.00040499999886378646,0.0004070000140927732,0.00040200000512413681,0.00040499999886378646,0
2026-06-09T00:00:00.000000Z,0.00040499999886378646,0.0004070000140927732,0.00040200000512413681,0.00040300001273863018,0
2026-06-10T00:00:00.000000Z,0.00040300001273863018,0.00040399999124929309,0.00039800000376999378,0.00040200000512413681,0
2026-06-11T00:00:00.000000Z,0.00040200000512413681,0.00040399999124929309,0.00039900001138448715,0.00040099999750964344,0
2026-06-12T00:00:00.000000Z,0.00040099999750964344,0.00040300001273863018,0.00039599998854100704,0.00040099999750964344,0
2026-06-13T00:00:00.000000Z,0.00040099999750964344,0.00040300001273863018,0.00039900001138448715,0.00040200000512413681,0
2026-06-14T00:00:00.000000Z,0.00040200000512413681,0.00040399999124929309,0.00039900001138448715,0.00040399999124929309,0
2026-06-15T00:00:00.000000Z,0.00040399999124929309,0.00040600000647827983,0.00039999998989515007,0.00040300001273863018,0
2026-06-16T00:00:00.000000Z,0.00040300001273863018,0.00040300001273863018,0.00039999998989515007,0.00039999998989515007,0
2026-06-17T00:00:00.000000Z,0.00039999998989515007,0.00040300001273863018,0.00039699999615550041,0.00039699999615550041,0
2026-06-18T00:00:00.000000Z,0.00039699999615550041,0.00039999998989515007,0.00039400000241585076,0.00039699999615550041,0
2026-06-19T00:00:00.000000Z,0.00039699999615550041,0.00039800000376999378,0.00039400000241585076,0.00039800000376999378,0
2026-06-20T00:00:00.000000Z,0.00039800000376999378,0.00039900001138448715,0.00039500001003034413,0.00039699999615550041,0
2026-06-21T00:00:00.000000Z,0.00039699999615550041,0.00039800000376999378,0.00039400000241585076,0.00039500001003034413,0
2026-06-22T00:00:00.000000Z,0.00039500001003034413,0.00039900001138448715,0.00038899999344721437,0.00039000000106170774,0
2026-06-23T00:00:00.000000Z,0.00039000000106170774,0.00039199998718686402,0.00038700000732205808,0.00038799998583272099,0
2026-06-24T00:00:00.000000Z,0.00038799998583272099,0.00039100000867620111,0.00038499999209307134,0.00039000000106170774,0
2026-06-25T00:00:00.000000Z,0.00039000000106170774,0.00039000000106170774,0.00038099999073892832,0.00038400001358240843,0
2026-06-26T00:00:00.000000Z,0.00038400001358240843,0.00038700000732205808,0.0003800000122282654,0.00038700000732205808,0
2026-06-27T00:00:00.000000Z,0.00038700000732205808,0.00038899999344721437,0.00038499999209307134,0.00038499999209307134,0
2026-06-28T00:00:00.000000Z,0.00038499999209307134,0.00038799998583272099,0.00038400001358240843,0.00038700000732205808,0
2026-06-29T00:00:00.000000Z,0.00038700000732205808,0.00038799998583272099,0.00038300000596791506,0.00038499999209307134,0
2026-06-30T00:00:00.000000Z,0.00038499999209307134,0.00038700000732205808,0.00038199999835342169,0.00038199999835342169,0
2026-07-01T00:00:00.000000Z,0.00038199999835342169,0.00038799998583272099,0.00038199999835342169,0.00038599999970756471,0
2026-07-02T00:00:00.000000Z,0.00038599999970756471,0.00038899999344721437,0.00038300000596791506,0.00038599999970756471,0
2026-07-03T00:00:00.000000Z,0.00038599999970756471,0.00039100000867620111,0.00038499999209307134,0.00038599999970756471,0
2026-07-04T00:00:00.000000Z,0.00038599999970756471,0.00038700000732205808,0.00038300000596791506,0.00038700000732205808,0
2026-07-05T00:00:00.000000Z,0.00038700000732205808,0.00038799998583272099,0.00038400001358240843,0.00038599999970756471,0
2026-07-06T00:00:00.000000Z,0.00038599999970756471,0.00038899999344721437,0.00038300000596791506,0.00038700000732205808,0
2026-07-07T00:00:00.000000Z,0.00038700000732205808,0.00038899999344721437,0.00038499999209307134,0.00038599999970756471,0
2026-07-08T00:00:00.000000Z,0.00038599999970756471,0.00038899999344721437,0.00038499999209307134,0.00038700000732205808,0
2026-07-09T00:00:00.000000Z,0.00038700000732205808,0.00038799998583272099,0.00038499999209307134,0.00038799998583272099,0
2026-07-10T00:00:00.000000Z,0.00038799998583272099,0.00038799998583272099,0.00038499999209307134,0.00038599999970756471,0
2026-07-11T00:00:00.000000Z,0.00038599999970756471,0.00038799998583272099,0.00038499999209307134,0.00038799998583272099,0
2026-07-12T00:00:00.000000Z,0.00038799998583272099,0.00038799998583272099,0.00038499999209307134,0.00038799998583272099,0
2026-07-13T00:00:00.000000Z,0.00038799998583272099,0.00038799998583272099,0.00038300000596791506,0.00038499999209307134,0
2026-07-14T00:00:00.000000Z,0.00038499999209307134,0.00038700000732205808,0.00038199999835342169,0.00038499999209307134,0
2026-07-15T00:00:00.000000Z,0.00038499999209307134,0.00038700000732205808,0.00038400001358240843,0.00038499999209307134,0
2026-07-16T00:00:00.000000Z,0.00038499999209307134,0.00038700000732205808,0.00038400001358240843,0.00038400001358240843,0
2026-07-17T00:00:00.000000Z,0.00038400001358240843,0.00038599999970756471,0.00038099999073892832,0.00038400001358240843,0
2026-07-18T00:00:00.000000Z,0.00038400001358240843,0.00038799998583272099,0.00038400001358240843,0.00038799998583272099,0
2026-07-19T00:00:00.000000Z,0.00038799998583272099,0.00038899999344721437,0.00038400001358240843,0.00038499999209307134,0
2026-07-20T00:00:00.000000Z,0.00038499999209307134,0.00038899999344721437,0.00038400001358240843,0.00038599999970756471,0
2026-07-21T00:00:00.000000Z,0.00038599999970756471,0.00039000000106170774,0.00038599999970756471,0.00038700000732205808,0
2026-07-22T00:00:00.000000Z,0.00038700000732205808,0.00038899999344721437,0.00038499999209307134,0.00038499999209307134,0
2026-07-23T00:00:00.000000Z,0.00038499999209307134,0.00039000000106170774,0.00038499999209307134,0.00038599999970756471,0
2026-07-24T00:00:00.000000Z,0.00038599999970756471,0.00038899999344721437,0.00038499999209307134,0.00038599999970756471,0
2026-07-25T00:00:00.000000Z,0.00038599999970756471,0.00038799998583272099,0.00037900000461377203,0.00037900000461377203,0
2026-07-26T00:00:00.000000Z,0.00037900000461377203,0.00038300000596791506,0.00037900000461377203,0.00038099999073892832,0
2026-07-27T00:00:00.000000Z,0.00038099999073892832,0.00038199999835342169,0.00037299998803064227,0.00037600001087412238,0
2026-07-28T00:00:00.000000Z,0.00037600001087412238,0.00037699998938478529,0.00036599999293684959,0.00036800000816583633,0
2026-07-29T00:00:00.000000Z,0.00036800000816583633,0.00036999999429099262,0.00036500001442618668,0.00036700000055134296,0
2026-07-30T00:00:00.000000Z,0.00036700000055134296,0.00037100000190548599,0.00036500001442618668,0.00037100000190548599,0
2026-07-31T00:00:00.000000Z,0.00037100000190548599,0.00037100000190548599,0.00036700000055134296,0.00036899998667649925,0
2026-08-01T00:00:00.000000Z,0.00036899998667649925,0.00037200000951997936,0.00036700000055134296,0.00037100000190548599,0
2026-08-02T00:00:00.000000Z,0.00037100000190548599,0.00037100000190548599,0.00036700000055134296,0.00036999999429099262,0
2026-08-03T00:00:00.000000Z,0.00036999999429099262,0.00037100000190548599,0.00036599999293684959,0.00036800000816583633,0
2026-08-04T00:00:00.000000Z,0.00036800000816583633,0.00037200000951997936,0.00036800000816583633,0.00036899998667649925,0
2026-08-05T00:00:00.000000Z,0.00036899998667649925,0.00037200000951997936,0.00036800000816583633,0.00036899998667649925,0
2026-08-06T00:00:00.000000Z,0.00036899998667649925,0.00037100000190548599,0.00036700000055134296,0.00036800000816583633,0
2026-08-07T00:00:00.000000Z,0.00036800000816583633,0.00037200000951997936,0.00036700000055134296,0.00037100000190548599,0
2026-08-08T00:00:00.000000Z,0.00037100000190548599,0.00037100000190548599,0.00036599999293684959,0.00036599999293684959,0
2026-08-09T00:00:00.000000Z,0.00036599999293684959,0.00036999999429099262,0.00036599999293684959,0.00036899998667649925,0
2026-08-10T00:00:00.000000Z,0.00036899998667649925,0.00036999999429099262,0.00036500001442618668,0.00036599999293684959,0
2026-08-11T00:00:00.000000Z,0.00036599999293684959,0.00036999999429099262,0.00036500001442618668,0.00036599999293684959,0
2026-08-12T00:00:00.000000Z,0.00036599999293684959,0.00036999999429099262,0.00036500001442618668,0.00036599999293684959,0
2026-08-13T00:00:00.000000Z,0.00036599999293684959,0.00036800000816583633,0.00036400000681169331,0.00036700000055134296,0
2026-08-14T00:00:00.000000Z,0.00036700000055134296,0.00036800000816583633,0.00036000000545755029,0.00036500001442618668,0
2026-08-15T00:00:00.000000Z,0.00036500001442618668,0.00036599999293684959,0.00036299999919719994,0.00036400000681169331,0
2026-08-16T00:00:00.000000Z,0.00036400000681169331,0.00036700000055134296,0.00036199999158270657,0.00036500001442618668,0
2026-08-17T00:00:00.000000Z,0.00036500001442618668,0.00036800000816583633,0.00036199999158270657,0.00036599999293684959,0
2026-08-18T00:00:00.000000Z,0.00036599999293684959,0.00036700000055134296,0.00036299999919719994,0.00036700000055134296,0
2026-08-19T00:00:00.000000Z,0.00036700000055134296,0.00037200000951997936,0.00036400000681169331,0.00037100000190548599,0
2026-08-20T00:00:00.000000Z,0.00037100000190548599,0.00037500000325962901,0.00036899998667649925,0.00037299998803064227,0
2026-08-21T00:00:00.000000Z,0.00037299998803064227,0.00037900000461377203,0.00036899998667649925,0.00037100000190548599,0
2026-08-22T00:00:00.000000Z,0.00037100000190548599,0.00037200000951997936,0.00036299999919719994,0.00036400000681169331,0
2026-08-23T00:00:00.000000Z,0.00036400000681169331,0.00036500001442618668,0.00035200000274926424,0.00035300001036375761,0
2026-08-24T00:00:00.000000Z,0.00035300001036375761,0.00035700001171790063,0.00031599999056197703,0.00033300000359304249,0
2026-08-25T00:00:00.000000Z,0.00033300000359304249,0.00033400001120753586,0.00033000000985339284,0.00033400001120753586,0
2026-08-26T00:00:00.000000Z,0.00033400001120753586,0.00033400001120753586,0.00031000000308267772,0.00031299999682232738,0
2026-08-27T00:00:00.000000Z,0.00031299999682232738,0.0003169999981764704,0.00031000000308267772,0.0003169999981764704,0
2026-08-28T00:00:00.000000Z,0.0003169999981764704,0.0003169999981764704,0.00031400000443682075,0.00031400000443682075,0
2026-08-29T00:00:00.000000Z,0.00031400000443682075,0.0003169999981764704,0.00031299999682232738,0.00031400000443682075,0
2026-08-30T00:00:00.000000Z,0.00031400000443682075,0.00031800000579096377,0.00031400000443682075,0.0003169999981764704,0
2026-08-31T00:00:00.000000Z,0.0003169999981764704,0.00031800000579096377,0.00031400000443682075,0.0003169999981764704,0
2026-09-02T00:00:00.000000Z,0.00031581599614582956,0.00031785687315277755,0.00031383978785015643,0.0003158697800245136,0
