timestamp_utc,Open,High,Low,Close,Volume
2022-03-14T00:00:00.000000Z,0.00081599998520687222,0.00091200001770630479,0.0008009999874047935,0.00091000000247731805,41422
2022-03-15T00:00:00.000000Z,0.00091000000247731805,0.00091699999757111073,0.00086700002430006862,0.0008829999715089798,44912
2022-03-16T00:00:00.000000Z,0.0008829999715089798,0.00092600000789389014,0.00086899998132139444,0.00091200001770630479,19135
2022-03-17T00:00:00.000000Z,0.00091200001770630479,0.00092600000789389014,0.00082700001075863838,0.00084400002378970385,19963
2022-03-18T00:00:00.000000Z,0.00084400002378970385,0.00085299997590482235,0.00080899999011307955,0.00083700002869591117,22038
2022-03-19T00:00:00.000000Z,0.00083700002869591117,0.00084400002378970385,0.0007980000227689743,0.00080199999501928687,14594
2022-03-20T00:00:00.000000Z,0.00080199999501928687,0.00080799998249858618,0.00077599997166544199,0.00078900001244619489,9525
2022-03-21T00:00:00.000000Z,0.00078900001244619489,0.0008009999874047935,0.00077599997166544199,0.00078200001735240221,5774
2022-03-22T00:00:00.000000Z,0.00078200001735240221,0.00081499997759237885,0.00078100000973790884,0.00078900001244619489,4866
2022-03-23T00:00:00.000000Z,0.00078900001244619489,0.00079600000753998756,0.00076500000432133675,0.00077300000702962279,9094
2022-03-24T00:00:00.000000Z,0.00077300000702962279,0.00079000002006068826,0.00076999998418614268,0.00078399997437372804,9565
2022-03-25T00:00:00.000000Z,0.00078399997437372804,0.00079399999231100082,0.00076700001955032349,0.00077199999941512942,6083
2022-03-26T00:00:00.000000Z,0.00077199999941512942,0.00078800000483170152,0.00075499998638406396,0.00078000000212341547,6482
2022-03-27T00:00:00.000000Z,0.00078000000212341547,0.0008140000281855464,0.00077400001464411616,0.00081200001295655966,4394
2022-03-28T00:00:00.000000Z,0.00081200001295655966,0.00084200000856071711,0.00080899999011307955,0.00080899999011307955,5911
2022-03-29T00:00:00.000000Z,0.00080899999011307955,0.00083400000585243106,0.00080699997488409281,0.00080999999772757292,6019
2022-03-30T00:00:00.000000Z,0.00080999999772757292,0.0008360000210814178,0.0008009999874047935,0.00081200001295655966,4471
2022-03-31T00:00:00.000000Z,0.00081200001295655966,0.00082999997539445758,0.00077199999941512942,0.00077599997166544199,4747
2022-04-01T00:00:00.000000Z,0.00077599997166544199,0.00080600002547726035,0.00074899999890476465,0.00080300000263378024,2663
2022-04-02T00:00:00.000000Z,0.00080300000263378024,0.00081800000043585896,0.00077500002225860953,0.00077599997166544199,3163
2022-04-03T00:00:00.000000Z,0.00077599997166544199,0.00080500001786276698,0.00076800002716481686,0.00079499999992549419,3317
2022-04-04T00:00:00.000000Z,0.00079499999992549419,0.00079499999992549419,0.0007570000016130507,0.00078399997437372804,3915
2022-04-05T00:00:00.000000Z,0.00078399997437372804,0.00080899999011307955,0.00077099999180063605,0.00077099999180063605,5895
2022-04-06T00:00:00.000000Z,0.00077099999180063605,0.00078399997437372804,0.00072900002123787999,0.0007350000087171793,5710
2022-04-07T00:00:00.000000Z,0.0007350000087171793,0.00076199998147785664,0.00073000002885237336,0.00074899999890476465,5887
2022-04-08T00:00:00.000000Z,0.00074899999890476465,0.0007570000016130507,0.0006970000104047358,0.00070199999026954174,5196
2022-04-09T00:00:00.000000Z,0.00070199999026954174,0.00071200000820681453,0.0006970000104047358,0.00070600002072751522,4301
2022-04-10T00:00:00.000000Z,0.00070600002072751522,0.00071200000820681453,0.00069199997233226895,0.00069299997994676232,1461
2022-04-11T00:00:00.000000Z,0.00069299997994676232,0.00069399998756125569,0.00064699997892603278,0.00064799998654052615,324
2022-04-12T00:00:00.000000Z,0.00064799998654052615,0.00069199997233226895,0.00064799998654052615,0.00068200001260265708,158
2022-04-13T00:00:00.000000Z,0.00068200001260265708,0.000699999975040555,0.0006779999821446836,0.00069800001801922917,167
2022-04-14T00:00:00.000000Z,0.00069800001801922917,0.00070400000549852848,0.00066899997182190418,0.00066899997182190418,1869
2022-04-15T00:00:00.000000Z,0.00066899997182190418,0.00067899998975917697,0.00066800002241507173,0.00067400000989437103,1767
2022-04-16T00:00:00.000000Z,0.00067400000989437103,0.0006779999821446836,0.00067199999466538429,0.0006750000175088644,0
2022-04-17T00:00:00.000000Z,0.0006750000175088644,0.0006750000175088644,0.00064899999415501952,0.00065000000176951289,829
2022-04-18T00:00:00.000000Z,0.00065000000176951289,0.00066899997182190418,0.00063500000396743417,0.00066800002241507173,913
2022-04-19T00:00:00.000000Z,0.00066800002241507173,0.00067899998975917697,0.00066399999195709825,0.00066800002241507173,847
2022-04-20T00:00:00.000000Z,0.00066800002241507173,0.00068599998485296965,0.00066199997672811151,0.00066600000718608499,917
2022-04-21T00:00:00.000000Z,0.00066600000718608499,0.0006750000175088644,0.0006339999963529408,0.0006399999838322401,864
2022-04-22T00:00:00.000000Z,0.0006399999838322401,0.00065200001699849963,0.00063199998112395406,0.0006399999838322401,2123
2022-04-23T00:00:00.000000Z,0.0006399999838322401,0.00064500002190470695,0.00062700000125914812,0.0006339999963529408,1829
2022-04-24T00:00:00.000000Z,0.0006339999963529408,0.00064199999906122684,0.00062700000125914812,0.00062800000887364149,811
2022-04-25T00:00:00.000000Z,0.00062800000887364149,0.00063700001919642091,0.00060600001597777009,0.00063500000396743417,392
2022-04-26T00:00:00.000000Z,0.00063500000396743417,0.00064099999144673347,0.00060000002849847078,0.00060700002359226346,128
2022-04-27T00:00:00.000000Z,0.00060700002359226346,0.00062100001377984881,0.00060500000836327672,0.00061599997570738196,518
2022-04-28T00:00:00.000000Z,0.00061599997570738196,0.00064500002190470695,0.00061599997570738196,0.00064400001429021358,1360
2022-04-29T00:00:00.000000Z,0.00064400001429021358,0.00064899999415501952,0.00061500002630054951,0.00061899999855086207,901
2022-04-30T00:00:00.000000Z,0.00061899999855086207,0.00063099997350946069,0.00058499997248873115,0.00058699998771771789,1446
2022-05-01T00:00:00.000000Z,0.00058699998771771789,0.00060799997299909592,0.00058400002308189869,0.00060099997790530324,1857
2022-05-02T00:00:00.000000Z,0.00060099997790530324,0.00060700002359226346,0.00059100001817569137,0.00060099997790530324,383
2022-05-03T00:00:00.000000Z,0.00060099997790530324,0.00060500000836327672,0.00058699998771771789,0.00059399998281151056,113
2022-05-04T00:00:00.000000Z,0.00059399998281151056,0.00062700000125914812,0.00059200002579018474,0.00062100001377984881,379
2022-05-05T00:00:00.000000Z,0.00062100001377984881,0.00063800002681091428,0.0005740000051446259,0.00058300001546740532,771
2022-05-06T00:00:00.000000Z,0.00058300001546740532,0.00059100001817569137,0.00057199998991563916,0.00058200000785291195,535
2022-05-07T00:00:00.000000Z,0.00058200000785291195,0.00058400002308189869,0.00055300001986324787,0.00056100002257153392,267
2022-05-08T00:00:00.000000Z,0.00056100002257153392,0.00056199997197836637,0.00053700001444667578,0.00054300000192597508,254
2022-05-09T00:00:00.000000Z,0.00054300000192597508,0.00054300000192597508,0.00054300000192597508,0.00054300000192597508,0
2022-05-10T00:00:00.000000Z,0.00054300000192597508,0.00054300000192597508,0.00047100000665523112,0.00050199998077005148,0
2022-05-11T00:00:00.000000Z,0.00050199998077005148,0.00050199998077005148,0.00042299999040551484,0.00042999998549930751,0
2022-05-12T00:00:00.000000Z,0.00042999998549930751,0.00042999998549930751,0.00042999998549930751,0.00042999998549930751,0
2022-05-13T00:00:00.000000Z,0.00042999998549930751,0.00047100000665523112,0.00040600000647827983,0.0004619999963324517,0
2022-05-14T00:00:00.000000Z,0.0004619999963324517,0.0004619999963324517,0.00041599999531172216,0.00045399999362416565,96
2022-05-15T00:00:00.000000Z,0.00045399999362416565,0.00047699999413453043,0.00043700000969693065,0.00047500000800937414,84
2022-05-16T00:00:00.000000Z,0.00047500000800937414,0.00047500000800937414,0.00044800000614486635,0.00045799999497830868,0
2022-05-17T00:00:00.000000Z,0.00045799999497830868,0.00047599998652003706,0.00045600000885315239,0.00046999999904073775,111
2022-05-18T00:00:00.000000Z,0.00046999999904073775,0.00047400000039488077,0.00044100001105107367,0.00044100001105107367,76
2022-05-19T00:00:00.000000Z,0.00044100001105107367,0.00047200001426972449,0.00044100001105107367,0.00047200001426972449,246
2022-05-20T00:00:00.000000Z,0.00047200001426972449,0.0004839999892283231,0.000450999999884516,0.00046099998871795833,623
2022-05-21T00:00:00.000000Z,0.00046099998871795833,0.00047900000936351717,0.00045699998736381531,0.00047500000800937414,625
2022-05-22T00:00:00.000000Z,0.00047500000800937414,0.00049100001342594624,0.00047400000039488077,0.00048499999684281647,258
2022-05-23T00:00:00.000000Z,0.00048499999684281647,0.00050999998347833753,0.00047999998787418008,0.00048099999548867345,286
2022-05-24T00:00:00.000000Z,0.00048099999548867345,0.00050099997315555811,0.00047500000800937414,0.00049900001613423228,294
2022-05-25T00:00:00.000000Z,0.00049900001613423228,0.00051199999870732427,0.00049000000581145287,0.00049700000090524554,0
2022-05-26T00:00:00.000000Z,0.00049700000090524554,0.00050099997315555811,0.00045299998600967228,0.0004780000017490238,0
2022-05-27T00:00:00.000000Z,0.0004780000017490238,0.0004780000017490238,0.00044100001105107367,0.00044699999853037298,0
2022-05-28T00:00:00.000000Z,0.00044699999853037298,0.00044699999853037298,0.00044699999853037298,0.00044699999853037298,0
2022-05-29T00:00:00.000000Z,0.00044699999853037298,0.00046599999768659472,0.00044699999853037298,0.00046000001020729542,48
2022-05-30T00:00:00.000000Z,0.00046000001020729542,0.00048600000445730984,0.00046000001020729542,0.00047400000039488077,0
2022-05-31T00:00:00.000000Z,0.00047400000039488077,0.00049200002104043961,0.00047400000039488077,0.0004889999981969595,1457
2022-06-01T00:00:00.000000Z,0.0004889999981969595,0.00049800000851973891,0.00045900000259280205,0.00046099998871795833,3868
2022-06-02T00:00:00.000000Z,0.00046099998871795833,0.00047900000936351717,0.00045699998736381531,0.00047599998652003706,2914
2022-06-03T00:00:00.000000Z,0.00047599998652003706,0.00047999998787418008,0.00045200000749900937,0.00045799999497830868,393
2022-06-04T00:00:00.000000Z,0.00045799999497830868,0.00046599999768659472,0.00045299998600967228,0.00046099998871795833,117
2022-06-05T00:00:00.000000Z,0.00046099998871795833,0.00046599999768659472,0.00045399999362416565,0.0004619999963324517,63
2022-06-06T00:00:00.000000Z,0.0004619999963324517,0.00047699999413453043,0.00044299999717622995,0.000450999999884516,520
2022-06-07T00:00:00.000000Z,0.000450999999884516,0.00045299998600967228,0.00041899998905137181,0.00044500001240521669,507
2022-06-08T00:00:00.000000Z,0.00044500001240521669,0.00044800000614486635,0.00043799998820759356,0.0004400000034365803,190
2022-06-09T00:00:00.000000Z,0.0004400000034365803,0.00044699999853037298,0.00043700000969693065,0.00044100001105107367,340
2022-06-10T00:00:00.000000Z,0.00044100001105107367,0.00045200000749900937,0.00043099999311380088,0.00043499999446794391,146
2022-06-11T00:00:00.000000Z,0.00043499999446794391,0.00043600000208243728,0.00043499999446794391,0.00043600000208243728,0
2022-06-12T00:00:00.000000Z,0.00043600000208243728,0.00043600000208243728,0.00038400001358240843,0.00040799999260343611,0
2022-06-13T00:00:00.000000Z,0.00040799999260343611,0.00040799999260343611,0.0003279999946244061,0.00033599999733269215,127
2022-06-14T00:00:00.000000Z,0.00033599999733269215,0.0003499999875202775,0.00031000000308267772,0.0003389999910723418,129
2022-06-15T00:00:00.000000Z,0.0003389999910723418,0.00035700001171790063,0.00030399998649954796,0.00035499999648891389,231
2022-06-16T00:00:00.000000Z,0.00035499999648891389,0.00036199999158270657,0.00031800000579096377,0.00031999999191612005,217
2022-06-17T00:00:00.000000Z,0.00031999999191612005,0.00033999999868683517,0.00031999999191612005,0.00033499998971819878,0
2022-06-18T00:00:00.000000Z,0.00033499998971819878,0.00033499998971819878,0.00033499998971819878,0.00033499998971819878,0
2022-06-19T00:00:00.000000Z,0.00033499998971819878,0.00033499998971819878,0.00033499998971819878,0.00033499998971819878,0
2022-06-20T00:00:00.000000Z,0.00033499998971819878,0.00033499998971819878,0.00033499998971819878,0.00033499998971819878,0
2022-06-21T00:00:00.000000Z,0.00033499998971819878,0.00033499998971819878,0.00033499998971819878,0.00033499998971819878,0
2022-06-22T00:00:00.000000Z,0.00033499998971819878,0.00033499998971819878,0.00033499998971819878,0.00033499998971819878,0
2022-06-23T00:00:00.000000Z,0.00033499998971819878,0.00034900000900961459,0.0003279999946244061,0.00034299999242648482,0
2022-06-24T00:00:00.000000Z,0.00034299999242648482,0.00036999999429099262,0.00034299999242648482,0.00036800000816583633,62
2022-06-25T00:00:00.000000Z,0.00036800000816583633,0.00036899998667649925,0.00035099999513477087,0.00036400000681169331,61
2022-06-26T00:00:00.000000Z,0.00036400000681169331,0.00036899998667649925,0.00035600000410340726,0.00035700001171790063,36
2022-06-27T00:00:00.000000Z,0.00035700001171790063,0.00036899998667649925,0.00035200000274926424,0.00035700001171790063,226
2022-06-28T00:00:00.000000Z,0.00035700001171790063,0.00036999999429099262,0.00034699999378062785,0.00034900000900961459,185
2022-06-29T00:00:00.000000Z,0.00034900000900961459,0.00035200000274926424,0.00034599998616613448,0.00035099999513477087,0
2022-06-30T00:00:00.000000Z,0.00035099999513477087,0.00035099999513477087,0.00032200000714510679,0.00033300000359304249,133
2022-07-01T00:00:00.000000Z,0.00033300000359304249,0.00034599998616613448,0.00032600000849924982,0.00033000000985339284,136
2022-07-02T00:00:00.000000Z,0.00033000000985339284,0.00033300000359304249,0.00032600000849924982,0.00032900000223889947,0
2022-07-03T00:00:00.000000Z,0.00032900000223889947,0.00032900000223889947,0.00032900000223889947,0.00032900000223889947,0
2022-07-04T00:00:00.000000Z,0.00032900000223889947,0.00032900000223889947,0.00032900000223889947,0.00032900000223889947,0
2022-07-05T00:00:00.000000Z,0.00032900000223889947,0.00032900000223889947,0.00032900000223889947,0.00032900000223889947,0
2022-07-06T00:00:00.000000Z,0.00032900000223889947,0.00032900000223889947,0.00032900000223889947,0.00032900000223889947,0
2022-07-07T00:00:00.000000Z,0.00032900000223889947,0.00032900000223889947,0.00032900000223889947,0.00032900000223889947,0
2022-07-08T00:00:00.000000Z,0.00032900000223889947,0.00037699998938478529,0.00032900000223889947,0.00036899998667649925,0
2022-07-09T00:00:00.000000Z,0.00036899998667649925,0.00037299998803064227,0.00036599999293684959,0.00036899998667649925,140
2022-07-10T00:00:00.000000Z,0.00036899998667649925,0.00037100000190548599,0.00035200000274926424,0.00035600000410340726,149
2022-07-11T00:00:00.000000Z,0.00035600000410340726,0.00035700001171790063,0.00034699999378062785,0.00035099999513477087,0
2022-07-12T00:00:00.000000Z,0.00035099999513477087,0.00035099999513477087,0.00035099999513477087,0.00035099999513477087,0
2022-07-13T00:00:00.000000Z,0.00035099999513477087,0.00035099999513477087,0.00033300000359304249,0.0003499999875202775,37
2022-07-14T00:00:00.000000Z,0.0003499999875202775,0.00036400000681169331,0.00034500000765547156,0.00036100001307204366,38
2022-07-15T00:00:00.000000Z,0.00036100001307204366,0.00036800000816583633,0.00035700001171790063,0.00036100001307204366,35
2022-07-16T00:00:00.000000Z,0.00036100001307204366,0.0003800000122282654,0.00035499999648891389,0.00037799999699927866,65
2022-07-17T00:00:00.000000Z,0.00037799999699927866,0.00038799998583272099,0.00037399999564513564,0.00037500000325962901,140
2022-07-18T00:00:00.000000Z,0.00037500000325962901,0.00039999998989515007,0.00037500000325962901,0.00039900001138448715,118
2022-07-19T00:00:00.000000Z,0.00039900001138448715,0.00040300001273863018,0.00039299999480135739,0.00039299999480135739,0
2022-07-20T00:00:00.000000Z,0.00039299999480135739,0.00039299999480135739,0.00039299999480135739,0.00039299999480135739,0
2022-07-21T00:00:00.000000Z,0.00039299999480135739,0.00040300001273863018,0.00038400001358240843,0.00040300001273863018,623
2022-07-22T00:00:00.000000Z,0.00040300001273863018,0.00041099998634308577,0.00039900001138448715,0.00040200000512413681,0
2022-07-23T00:00:00.000000Z,0.00040200000512413681,0.00041099998634308577,0.00038400001358240843,0.00039500001003034413,38
2022-07-24T00:00:00.000000Z,0.00039500001003034413,0.00040499999886378646,0.00039100000867620111,0.00039900001138448715,18
2022-07-25T00:00:00.000000Z,0.00039900001138448715,0.00039900001138448715,0.00037100000190548599,0.00037100000190548599,46
2022-07-26T00:00:00.000000Z,0.00037100000190548599,0.00037699998938478529,0.00036299999919719994,0.00037699998938478529,46
2022-07-27T00:00:00.000000Z,0.00037699998938478529,0.00038099999073892832,0.00037399999564513564,0.00038099999073892832,0
2022-07-28T00:00:00.000000Z,0.00038099999073892832,0.00038099999073892832,0.00038099999073892832,0.00038099999073892832,0
2022-07-29T00:00:00.000000Z,0.00038099999073892832,0.00045799999497830868,0.00038099999073892832,0.00044699999853037298,73
2022-07-30T00:00:00.000000Z,0.00044699999853037298,0.00045500000123865902,0.00043300000834278762,0.00043600000208243728,169
2022-07-31T00:00:00.000000Z,0.00043600000208243728,0.000450999999884516,0.00042699999175965786,0.00042999998549930751,141
2022-08-01T00:00:00.000000Z,0.00042999998549930751,0.0004400000034365803,0.00042299999040551484,0.00043200000072829425,60
2022-08-02T00:00:00.000000Z,0.00043200000072829425,0.00043399998685345054,0.0004180000105407089,0.00042500000563450158,0
2022-08-03T00:00:00.000000Z,0.00042500000563450158,0.00046300000394694507,0.00042500000563450158,0.00045200000749900937,49
2022-08-04T00:00:00.000000Z,0.00045200000749900937,0.00047400000039488077,0.00045200000749900937,0.00047200001426972449,24
2022-08-05T00:00:00.000000Z,0.00047200001426972449,0.00048700001207180321,0.00046899999142624438,0.00047599998652003706,361
2022-08-06T00:00:00.000000Z,0.00047599998652003706,0.00048600000445730984,0.0004729999927803874,0.00047599998652003706,7
2022-08-07T00:00:00.000000Z,0.00047599998652003706,0.00049100001342594624,0.00046700000530108809,0.00048799999058246613,0
2022-08-08T00:00:00.000000Z,0.00048799999058246613,0.00048799999058246613,0.00048799999058246613,0.00048799999058246613,0
2022-08-09T00:00:00.000000Z,0.00048799999058246613,0.0004949999856762588,0.0004729999927803874,0.00049100001342594624,5
2022-08-10T00:00:00.000000Z,0.00049100001342594624,0.00049200002104043961,0.00047500000800937414,0.00047999998787418008,0
2022-08-11T00:00:00.000000Z,0.00047999998787418008,0.00047999998787418008,0.00047999998787418008,0.00047999998787418008,0
2022-08-12T00:00:00.000000Z,0.00047999998787418008,0.00047999998787418008,0.00047999998787418008,0.00047999998787418008,0
2022-08-13T00:00:00.000000Z,0.00047999998787418008,0.00047999998787418008,0.00047999998787418008,0.00047999998787418008,0
2022-08-14T00:00:00.000000Z,0.00047999998787418008,0.00048799999058246613,0.0004780000017490238,0.00047999998787418008,22
2022-08-15T00:00:00.000000Z,0.00047999998787418008,0.00049300002865493298,0.00047500000800937414,0.00048200000310316682,82
2022-08-16T00:00:00.000000Z,0.00048200000310316682,0.00048499999684281647,0.00046999999904073775,0.00047400000039488077,386
2022-08-17T00:00:00.000000Z,0.00047400000039488077,0.0004839999892283231,0.00045600000885315239,0.00045699998736381531,269
2022-08-18T00:00:00.000000Z,0.00045699998736381531,0.00046300000394694507,0.00044299999717622995,0.00044599999091587961,5
2022-08-19T00:00:00.000000Z,0.00044599999091587961,0.00044599999091587961,0.00041599999531172216,0.00041700000292621553,0
2022-08-20T00:00:00.000000Z,0.00041700000292621553,0.0004290000069886446,0.00041499998769722879,0.00042299999040551484,18
2022-08-21T00:00:00.000000Z,0.00042299999040551484,0.00045299998600967228,0.00042299999040551484,0.000450999999884516,4
2022-08-22T00:00:00.000000Z,0.000450999999884516,0.00045399999362416565,0.00043200000072829425,0.00044800000614486635,0
2022-08-23T00:00:00.000000Z,0.00044800000614486635,0.00044800000614486635,0.00044800000614486635,0.00044800000614486635,0
2022-08-24T00:00:00.000000Z,0.00044800000614486635,0.00044800000614486635,0.00043899999582208693,0.00044299999717622995,2
2022-08-25T00:00:00.000000Z,0.00044299999717622995,0.00045600000885315239,0.00044299999717622995,0.00044999999227002263,6
2022-08-26T00:00:00.000000Z,0.00044999999227002263,0.00044999999227002263,0.00041499998769722879,0.00041700000292621553,7
2022-08-27T00:00:00.000000Z,0.00041700000292621553,0.00042399999802000821,0.00041000000783242285,0.00041499998769722879,0
2022-08-28T00:00:00.000000Z,0.00041499998769722879,0.00042299999040551484,0.00041300000157207251,0.00041300000157207251,3
2022-08-29T00:00:00.000000Z,0.00041199999395757914,0.00042699999175965786,0.00040799999260343611,0.00042699999175965786,0
2022-08-30T00:00:00.000000Z,0.00042699999175965786,0.00043399998685345054,0.00041499998769722879,0.00042200001189485192,201
2022-08-31T00:00:00.000000Z,0.00042200001189485192,0.00043300000834278762,0.0004180000105407089,0.0004180000105407089,87
2022-09-01T00:00:00.000000Z,0.0004180000105407089,0.00041999999666586518,0.0004070000140927732,0.00041700000292621553,11
2022-09-02T00:00:00.000000Z,0.00041700000292621553,0.00042399999802000821,0.00041199999395757914,0.00041599999531172216,9
2022-09-03T00:00:00.000000Z,0.00041599999531172216,0.00041700000292621553,0.00041300000157207251,0.00041400000918656588,0
2022-09-04T00:00:00.000000Z,0.00041400000918656588,0.00041999999666586518,0.00041400000918656588,0.0004180000105407089,76
2022-09-05T00:00:00.000000Z,0.0004180000105407089,0.00042100000428035855,0.00041099998634308577,0.00041599999531172216,0
2022-09-06T00:00:00.000000Z,0.00041599999531172216,0.00041599999531172216,0.00041599999531172216,0.00041599999531172216,0
2022-09-07T00:00:00.000000Z,0.00041599999531172216,0.00041599999531172216,0.00041599999531172216,0.00041599999531172216,0
2022-09-08T00:00:00.000000Z,0.00041599999531172216,0.00042299999040551484,0.00041499998769722879,0.00042100000428035855,71
2022-09-09T00:00:00.000000Z,0.00042100000428035855,0.00044400000479072332,0.00042100000428035855,0.00044100001105107367,71
2022-09-10T00:00:00.000000Z,0.00044100001105107367,0.00044900001375935972,0.00043899999582208693,0.00044800000614486635,153
2022-09-11T00:00:00.000000Z,0.00044800000614486635,0.00044900001375935972,0.0004400000034365803,0.00044400000479072332,6
2022-09-12T00:00:00.000000Z,0.00044400000479072332,0.00045200000749900937,0.0004400000034365803,0.00044400000479072332,454
2022-09-13T00:00:00.000000Z,0.00044400000479072332,0.00044999999227002263,0.0004180000105407089,0.00041899998905137181,0
2022-09-14T00:00:00.000000Z,0.00041899998905137181,0.00041899998905137181,0.00041899998905137181,0.00041899998905137181,0
2022-09-15T00:00:00.000000Z,0.00041899998905137181,0.00041899998905137181,0.00041899998905137181,0.00041899998905137181,0
2022-09-16T00:00:00.000000Z,0.00041899998905137181,0.00041899998905137181,0.00041099998634308577,0.00041400000918656588,26
2022-09-17T00:00:00.000000Z,0.00041400000918656588,0.00042200001189485192,0.00041400000918656588,0.00042100000428035855,0
2022-09-18T00:00:00.000000Z,0.00042200001189485192,0.00042299999040551484,0.00039900001138448715,0.00040099999750964344,18
2022-09-19T00:00:00.000000Z,0.00040099999750964344,0.00041400000918656588,0.00038799998583272099,0.00041300000157207251,13
2022-09-20T00:00:00.000000Z,0.00041300000157207251,0.00041400000918656588,0.00040300001273863018,0.00040399999124929309,62
2022-09-21T00:00:00.000000Z,0.00040300001273863018,0.00041700000292621553,0.00039500001003034413,0.00039900001138448715,3
2022-09-22T00:00:00.000000Z,0.00039900001138448715,0.00040799999260343611,0.00039800000376999378,0.00040799999260343611,0
2022-09-23T00:00:00.000000Z,0.00040799999260343611,0.00040799999260343611,0.00040799999260343611,0.00040799999260343611,0
2022-09-24T00:00:00.000000Z,0.00040799999260343611,0.00041999999666586518,0.00040799999260343611,0.00041499998769722879,11
2022-09-25T00:00:00.000000Z,0.00041599999531172216,0.00042399999802000821,0.00041199999395757914,0.00041599999531172216,2
2022-09-26T00:00:00.000000Z,0.00041599999531172216,0.00041999999666586518,0.00041099998634308577,0.00041300000157207251,0
2022-09-27T00:00:00.000000Z,0.00041300000157207251,0.00043099999311380088,0.00040900000021792948,0.00041199999395757914,18
2022-09-28T00:00:00.000000Z,0.00041099998634308577,0.00042799999937415123,0.00040300001273863018,0.00042399999802000821,0
2022-09-29T00:00:00.000000Z,0.00042500000563450158,0.00042500000563450158,0.00042500000563450158,0.00042500000563450158,0
2022-09-30T00:00:00.000000Z,0.00042500000563450158,0.00042500000563450158,0.00042500000563450158,0.00042500000563450158,0
2022-10-01T00:00:00.000000Z,0.00042500000563450158,0.00042500000563450158,0.00042500000563450158,0.00042500000563450158,0
2022-10-02T00:00:00.000000Z,0.00042500000563450158,0.00042500000563450158,0.00042500000563450158,0.00042500000563450158,0
2022-10-03T00:00:00.000000Z,0.00042500000563450158,0.00042500000563450158,0.00042500000563450158,0.00042500000563450158,0
2022-10-04T00:00:00.000000Z,0.00042500000563450158,0.00042500000563450158,0.00042500000563450158,0.00042500000563450158,0
2022-10-05T00:00:00.000000Z,0.00042500000563450158,0.00042500000563450158,0.00042500000563450158,0.00042500000563450158,0
2022-10-06T00:00:00.000000Z,0.86172002553939819,0.87372100353240967,0.84743297100067139,0.85050898790359497,68485329
2022-10-07T00:00:00.000000Z,0.85060101747512817,0.85403198003768921,0.83531701564788818,0.84685999155044556,44041151
2022-10-08T00:00:00.000000Z,0.84671902656555176,0.85320901870727539,0.82695198059082031,0.8350750207901001,33437848
2022-10-09T00:00:00.000000Z,0.83518201112747192,0.84857702255249023,0.83392101526260376,0.84374302625656128,29768021
2022-10-10T00:00:00.000000Z,0.84379500150680542,0.85054600238800049,0.75388598442077637,0.75388598442077637,59530065
2022-10-11T00:00:00.000000Z,0.75363701581954956,0.76761597394943237,0.73582100868225098,0.73909002542495728,62977247
2022-10-12T00:00:00.000000Z,0.73917102813720703,0.76046198606491089,0.73910200595855713,0.74764198064804077,30878290
2022-10-13T00:00:00.000000Z,0.74763500690460205,0.75398802757263184,0.65779900550842285,0.73241597414016724,90254644
2022-10-14T00:00:00.000000Z,0.73241400718688965,0.7563210129737854,0.70541298389434814,0.71731299161911011,48709098
2022-10-15T00:00:00.000000Z,0.71741801500320435,0.71741801500320435,0.68073099851608276,0.68542200326919556,35901153
2022-10-16T00:00:00.000000Z,0.68544399738311768,0.70711302757263184,0.68544399738311768,0.69833701848983765,33158849
2022-10-17T00:00:00.000000Z,0.69828200340270996,0.76402902603149414,0.68780100345611572,0.76251202821731567,52951331
2022-10-18T00:00:00.000000Z,0.76262998580932617,0.77169501781463623,0.72507798671722412,0.74048697948455811,69316940
2022-10-19T00:00:00.000000Z,0.74043101072311401,0.74438601732254028,0.68674600124359131,0.68992197513580322,52026698
2022-10-20T00:00:00.000000Z,0.68995499610900879,0.70640701055526733,0.66021502017974854,0.67197799682617188,44036808
2022-10-21T00:00:00.000000Z,0.6719210147857666,0.74657899141311646,0.6394919753074646,0.73030197620391846,68276028
2022-10-22T00:00:00.000000Z,0.73004502058029175,0.75176399946212769,0.71150898933410645,0.74811500310897827,65456168
2022-10-23T00:00:00.000000Z,0.74803197383880615,0.8532789945602417,0.73365300893783569,0.83195501565933228,115560378
2022-10-24T00:00:00.000000Z,0.83185499906539917,0.88288199901580811,0.7955930233001709,0.84344500303268433,124913598
2022-10-25T00:00:00.000000Z,0.84269201755523682,1.0462019443511963,0.82821601629257202,0.97464197874069214,253752589
2022-10-26T00:00:00.000000Z,0.97450399398803711,1.1699130535125732,0.96530598402023315,1.1150230169296265,313414986
2022-10-27T00:00:00.000000Z,1.1151039600372314,1.1490999460220337,1.0599770545959473,1.0717090368270874,222676215
2022-10-28T00:00:00.000000Z,1.0712419748306274,1.2267099618911743,1.038133978843689,1.1524900197982788,240655579
2022-10-29T00:00:00.000000Z,1.1519689559936523,1.199612021446228,1.0620419979095459,1.0836869478225708,227612672
2022-10-30T00:00:00.000000Z,1.0838919878005981,1.1117240190505981,1.0133880376815796,1.0433249473571777,143605706
2022-10-31T00:00:00.000000Z,1.0430289506912231,1.0785659551620483,1.0112799406051636,1.0371979475021362,122223743
2022-11-01T00:00:00.000000Z,1.0371170043945312,1.061331033706665,0.99260097742080688,1.0031189918518066,92409168
2022-11-02T00:00:00.000000Z,1.0031169652938843,1.0439480543136597,0.95222300291061401,1.0286699533462524,144869877
2022-11-03T00:00:00.000000Z,1.0286500453948975,1.1500949859619141,1.028609037399292,1.1186009645462036,181757847
2022-11-04T00:00:00.000000Z,1.1181399822235107,1.3853280544281006,1.1000519990921021,1.3488520383834839,371480917
2022-11-05T00:00:00.000000Z,1.351078987121582,1.3979909420013428,1.2732779979705811,1.3135999441146851,244532476
2022-11-06T00:00:00.000000Z,1.3138560056686401,1.3524349927902222,1.253000020980835,1.2884390354156494,172185994
2022-11-07T00:00:00.000000Z,1.288862943649292,1.3833440542221069,1.2081830501556396,1.3113390207290649,195563088
2022-11-08T00:00:00.000000Z,1.3111369609832764,1.3225020170211792,0.88990801572799683,0.96465301513671875,391624103
2022-11-09T00:00:00.000000Z,0.96476501226425171,0.97080802917480469,0.77462100982666016,0.78934401273727417,246507101
2022-11-10T00:00:00.000000Z,0.7886279821395874,1.094074010848999,0.77353197336196899,1.0432209968566895,244791283
2022-11-11T00:00:00.000000Z,1.042165994644165,1.0555030107498169,0.92727899551391602,1.0178250074386597,178500586
2022-11-12T00:00:00.000000Z,1.0179990530014038,1.0200999975204468,0.91088300943374634,0.91877001523971558,75295836
2022-11-13T00:00:00.000000Z,0.91891199350357056,0.95135599374771118,0.8732839822769165,0.900596022605896,83170005
2022-11-14T00:00:00.000000Z,0.90139198303222656,0.97858202457427979,0.83991497755050659,0.92366302013397217,113419349
2022-11-15T00:00:00.000000Z,0.92403602600097656,0.94995099306106567,0.90512502193450928,0.93360698223114014,66106596
2022-11-16T00:00:00.000000Z,0.93406897783279419,0.95769000053405762,0.87620502710342407,0.89965397119522095,62779252
2022-11-17T00:00:00.000000Z,0.89981400966644287,0.90467900037765503,0.86880302429199219,0.88897901773452759,49999447
2022-11-18T00:00:00.000000Z,0.88889700174331665,0.92438602447509766,0.88204300403594971,0.91642701625823975,56054805
2022-11-19T00:00:00.000000Z,0.91569602489471436,0.9377250075340271,0.88962602615356445,0.93119597434997559,38627963
2022-11-20T00:00:00.000000Z,0.93112099170684814,0.94057297706604004,0.84379899501800537,0.84766602516174316,47076829
2022-11-21T00:00:00.000000Z,0.8476870059967041,0.85068601369857788,0.80512702465057373,0.84564298391342163,69512555
2022-11-22T00:00:00.000000Z,0.84536999464035034,0.87212997674942017,0.80900299549102783,0.85912597179412842,54545842
2022-11-23T00:00:00.000000Z,0.85920298099517822,0.94609898328781128,0.84456497430801392,0.93072497844696045,71125568
2022-11-24T00:00:00.000000Z,0.93087798357009888,0.96190601587295532,0.91774797439575195,0.94670498371124268,64723936
2022-11-25T00:00:00.000000Z,0.94668298959732056,0.94668298959732056,0.90786898136138916,0.92150801420211792,33333855
2022-11-26T00:00:00.000000Z,0.92141801118850708,0.94455599784851074,0.89770799875259399,0.9071270227432251,35273909
2022-11-27T00:00:00.000000Z,0.90702098608016968,0.92314201593399048,0.88271898031234741,0.88410598039627075,28846463
2022-11-28T00:00:00.000000Z,0.88394999504089355,0.88993501663208008,0.84401297569274902,0.8715280294418335,37178569
2022-11-29T00:00:00.000000Z,0.87151199579238892,0.90428698062896729,0.86320501565933228,0.89118599891662598,32159186
2022-11-30T00:00:00.000000Z,0.89125299453735352,1.0131030082702637,0.89125299453735352,1.002905011177063,74429967
2022-12-01T00:00:00.000000Z,1.0030629634857178,1.0822240114212036,1.0012849569320679,1.0554070472717285,97445845
2022-12-02T00:00:00.000000Z,1.0564919710159302,1.131443977355957,1.0387979745864868,1.1073429584503174,88758155
2022-12-03T00:00:00.000000Z,1.1074880361557007,1.1135760545730591,1.0393710136413574,1.0410770177841187,44125833
2022-12-04T00:00:00.000000Z,1.0409170389175415,1.0702389478683472,1.0159569978713989,1.0702389478683472,49591171
2022-12-05T00:00:00.000000Z,1.0700680017471313,1.0904799699783325,1.0058599710464478,1.0280050039291382,54516493
2022-12-06T00:00:00.000000Z,1.0280230045318604,1.0659650564193726,1.0164459943771362,1.0596669912338257,42452326
2022-12-07T00:00:00.000000Z,1.0597529411315918,1.0681769847869873,0.99277299642562866,1.0229549407958984,51980883
2022-12-08T00:00:00.000000Z,1.0230710506439209,1.0896040201187134,1.0053449869155884,1.0797220468521118,56232225
2022-12-09T00:00:00.000000Z,1.0797100067138672,1.1138410568237305,1.0607500076293945,1.0686780214309692,80510076
2022-12-10T00:00:00.000000Z,1.0685219764709473,1.0845240354537964,1.0412160158157349,1.0470479726791382,38520308
2022-12-11T00:00:00.000000Z,1.0471839904785156,1.0651739835739136,1.0147080421447754,1.0155999660491943,32619770
2022-12-12T00:00:00.000000Z,1.0154780149459839,1.0436990261077881,0.9902229905128479,1.0436990261077881,48130598
2022-12-13T00:00:00.000000Z,1.0437699556350708,1.1439989805221558,1.0018500089645386,1.1348079442977905,103794185
2022-12-14T00:00:00.000000Z,1.1354600191116333,1.1888070106506348,1.1309980154037476,1.1495089530944824,108751311
2022-12-15T00:00:00.000000Z,1.1494929790496826,1.1629550457000732,1.0456830263137817,1.0658789873123169,71839839
2022-12-16T00:00:00.000000Z,1.0658689737319946,1.085394024848938,0.92841702699661255,0.94402599334716797,109872455
2022-12-17T00:00:00.000000Z,0.94437599182128906,0.95641398429870605,0.90331500768661499,0.9451490044593811,64329747
2022-12-18T00:00:00.000000Z,0.94524997472763062,0.95794898271560669,0.923583984375,0.92655199766159058,34814464
2022-12-19T00:00:00.000000Z,0.92664599418640137,0.94423401355743408,0.87394499778747559,0.88303500413894653,47180620
2022-12-20T00:00:00.000000Z,0.88337302207946777,0.97854501008987427,0.88102000951766968,0.97270500659942627,71928975
2022-12-21T00:00:00.000000Z,0.9724770188331604,0.97671300172805786,0.95047301054000854,0.96179401874542236,46530818
2022-12-22T00:00:00.000000Z,0.96189701557159424,0.9643779993057251,0.90196698904037476,0.94989097118377686,52967040
2022-12-23T00:00:00.000000Z,0.9499250054359436,0.96435302495956421,0.9460110068321228,0.95414698123931885,34340044
2022-12-24T00:00:00.000000Z,0.95416998863220215,0.95898300409317017,0.92878597974777222,0.93271797895431519,24509421
2022-12-25T00:00:00.000000Z,0.93272602558135986,0.93694001436233521,0.90773600339889526,0.93260198831558228,29568219
2022-12-26T00:00:00.000000Z,0.9329490065574646,0.94896501302719116,0.92281597852706909,0.94884699583053589,24709650
2022-12-27T00:00:00.000000Z,0.94887101650238037,0.96129298210144043,0.9254310131072998,0.93975502252578735,43907956
2022-12-28T00:00:00.000000Z,0.93979299068450928,0.9422990083694458,0.89202898740768433,0.89589101076126099,58115911
2022-12-29T00:00:00.000000Z,0.89602500200271606,0.92011702060699463,0.88353097438812256,0.9145359992980957,39535782
2022-12-30T00:00:00.000000Z,0.91451698541641235,0.91519498825073242,0.89952999353408813,0.91249102354049683,44822602
2022-12-31T00:00:00.000000Z,0.91233700513839722,0.93047201633453369,0.90733301639556885,0.91718500852584839,26060037
2023-01-01T00:00:00.000000Z,0.91712898015975952,0.9294620156288147,0.91018402576446533,0.92311900854110718,21844459
2023-01-02T00:00:00.000000Z,0.92309999465942383,0.9720110297203064,0.91105002164840698,0.95785802602767944,47937792
2023-01-03T00:00:00.000000Z,0.95788800716400146,0.98111999034881592,0.94705599546432495,0.95644599199295044,51385425
2023-01-04T00:00:00.000000Z,0.95643997192382812,1.0520650148391724,0.95419502258300781,1.0298160314559937,79166866
2023-01-05T00:00:00.000000Z,1.0297280550003052,1.0396690368652344,1.0111949443817139,1.0235389471054077,60672298
2023-01-06T00:00:00.000000Z,1.0235350131988525,1.0956469774246216,0.98627400398254395,1.0858999490737915,122175345
2023-01-07T00:00:00.000000Z,1.085858941078186,1.1263209581375122,1.0810329914093018,1.0954699516296387,113663377
2023-01-08T00:00:00.000000Z,1.0954810380935669,1.2625119686126709,1.0723119974136353,1.2608569860458374,154748335
2023-01-09T00:00:00.000000Z,1.2607280015945435,1.3481940031051636,1.2369879484176636,1.2540689706802368,200241183
2023-01-10T00:00:00.000000Z,1.2538679838180542,1.2870939970016479,1.2218830585479736,1.2664810419082642,117951542
2023-01-11T00:00:00.000000Z,1.266294002532959,1.2910799980163574,1.20927894115448,1.280019998550415,112077174
2023-01-12T00:00:00.000000Z,1.3784489631652832,1.4129790067672729,1.2524650096893311,1.3927099704742432,235553975
2023-01-13T00:00:00.000000Z,1.3926090002059937,1.642516016960144,1.3665599822998047,1.5917489528656006,251765925
2023-01-14T00:00:00.000000Z,1.59163498878479,1.7750660181045532,1.5249320268630981,1.7250399589538574,376203405
2023-01-15T00:00:00.000000Z,1.7259010076522827,1.8780349493026733,1.6203960180282593,1.8238359689712524,241386717
2023-01-16T00:00:00.000000Z,1.823775053024292,1.8669159412384033,1.7268810272216797,1.7904139757156372,211229972
2023-01-17T00:00:00.000000Z,1.7909810543060303,1.8900209665298462,1.7328640222549438,1.7347029447555542,178838725
2023-01-18T00:00:00.000000Z,1.7348270416259766,1.790241003036499,1.6188290119171143,1.6655009984970093,214200020
2023-01-19T00:00:00.000000Z,1.6647080183029175,1.7523560523986816,1.6313480138778687,1.7504630088806152,131055218
2023-01-20T00:00:00.000000Z,1.7497279644012451,2.1530930995941162,1.720283031463623,2.1515729427337646,249358452
2023-01-21T00:00:00.000000Z,2.1525430679321289,2.46356201171875,2.075592041015625,2.2046270370483398,505349615
2023-01-22T00:00:00.000000Z,2.2029800415039062,2.4774339199066162,2.1285889148712158,2.1826410293579102,309663530
2023-01-23T00:00:00.000000Z,2.1823201179504395,2.3040730953216553,2.1169099807739258,2.1754550933837891,258282434
2023-01-24T00:00:00.000000Z,2.1738870143890381,2.345879077911377,1.9557570219039917,1.9937939643859863,253365955
2023-01-25T00:00:00.000000Z,1.9941179752349854,2.5227060317993164,1.9449290037155151,2.3827829360961914,542812633
2023-01-26T00:00:00.000000Z,2.3820910453796387,2.4764571189880371,2.1582639217376709,2.219404935836792,321279558
2023-01-27T00:00:00.000000Z,2.2195360660552979,2.3717811107635498,2.1191139221191406,2.2711169719696045,280630205
2023-01-28T00:00:00.000000Z,2.2716619968414307,2.3630859851837158,2.1268401145935059,2.1873650550842285,199917462
2023-01-29T00:00:00.000000Z,2.1877660751342773,2.4437360763549805,2.1372330188751221,2.3769760131835938,229996458
2023-01-30T00:00:00.000000Z,2.3775680065155029,2.3831019401550293,2.0670170783996582,2.127363920211792,287886010
2023-01-31T00:00:00.000000Z,2.1272799968719482,2.2512190341949463,2.0798110961914062,2.1695020198822021,178396562
2023-02-01T00:00:00.000000Z,2.1691360473632812,2.7777209281921387,2.1242148876190186,2.7221589088439941,539163261
2023-02-02T00:00:00.000000Z,2.7212610244750977,3.1066319942474365,2.6735410690307617,2.7888650894165039,562996376
2023-02-03T00:00:00.000000Z,2.7875609397888184,3.2093310356140137,2.7787120342254639,3.0977680683135986,578112971
2023-02-04T00:00:00.000000Z,3.096776008605957,3.1378428936004639,2.964061975479126,2.9925079345703125,311334798
2023-02-05T00:00:00.000000Z,2.9920310974121094,3.0669040679931641,2.8053579330444336,2.9358170032501221,336672453
2023-02-06T00:00:00.000000Z,2.9373519420623779,3.102013111114502,2.7704589366912842,2.9059369564056396,402798846
2023-02-07T00:00:00.000000Z,2.903709888458252,3.0730020999908447,2.8982679843902588,3.0293600559234619,454126509
2023-02-08T00:00:00.000000Z,3.0282430648803711,3.1674659252166748,2.689661979675293,2.7597448825836182,469832563
2023-02-09T00:00:00.000000Z,2.7604200839996338,2.8254899978637695,2.3337650299072266,2.3986449241638184,588776020
2023-02-10T00:00:00.000000Z,2.3989830017089844,2.4511420726776123,2.3049159049987793,2.4150180816650391,382216684
2023-02-11T00:00:00.000000Z,2.4151959419250488,2.5142951011657715,2.3517189025878906,2.491779088973999,240439391
2023-02-12T00:00:00.000000Z,2.4915859699249268,2.5382940769195557,2.3125851154327393,2.3360950946807861,217988924
2023-02-13T00:00:00.000000Z,2.3352749347686768,2.3474349975585938,2.0878679752349854,2.2206330299377441,354158261
2023-02-14T00:00:00.000000Z,2.2186100482940674,2.4384720325469971,2.1621909141540527,2.4237539768218994,392962944
2023-02-15T00:00:00.000000Z,2.424206018447876,2.8519110679626465,2.3663179874420166,2.8201990127563477,430368137
2023-02-16T00:00:00.000000Z,2.8194980621337891,2.9812319278717041,2.6082630157470703,2.6160869598388672,538490453
2023-02-17T00:00:00.000000Z,2.6185729503631592,2.8625719547271729,2.613926887512207,2.7958550453186035,483803619
2023-02-18T00:00:00.000000Z,2.7953000068664551,2.8437700271606445,2.7227139472961426,2.7788689136505127,211116495
2023-02-19T00:00:00.000000Z,2.7789120674133301,2.8350028991699219,2.5739901065826416,2.5757699012756348,294978225
2023-02-20T00:00:00.000000Z,2.5772919654846191,2.6886060237884521,2.5080900192260742,2.5952239036560059,273438208
2023-02-21T00:00:00.000000Z,2.5963211059570312,2.6428580284118652,2.4470400810241699,2.5168681144714355,253617666
2023-02-22T00:00:00.000000Z,2.5169839859008789,2.7874391078948975,2.3512809276580811,2.699091911315918,475658829
2023-02-23T00:00:00.000000Z,2.7008960247039795,3.0514400005340576,2.6982629299163818,2.883004903793335,816221906
2023-02-24T00:00:00.000000Z,2.882544994354248,3.2621829509735107,2.8449139595031738,3.0592169761657715,1131748605
2023-02-25T00:00:00.000000Z,3.0603029727935791,3.1006600856781006,2.6461880207061768,2.7560501098632812,611918002
2023-02-26T00:00:00.000000Z,2.7562808990478516,3.030709981918335,2.7293670177459717,3.0127720832824707,435361945
2023-02-27T00:00:00.000000Z,3.0121059417724609,3.09061598777771,2.8243589401245117,2.8984620571136475,415061523
2023-02-28T00:00:00.000000Z,2.8982400894165039,2.9278650283813477,2.6576271057128906,2.7000069618225098,314478984
2023-03-01T00:00:00.000000Z,2.7001099586486816,2.8290729522705078,2.6868820190429688,2.7691719532012939,242747476
2023-03-02T00:00:00.000000Z,2.7694430351257324,2.7911050319671631,2.6028060913085938,2.7237210273742676,251536385
2023-03-03T00:00:00.000000Z,2.7238059043884277,2.7293510437011719,2.4786651134490967,2.5415999889373779,317367173
2023-03-04T00:00:00.000000Z,2.5417330265045166,2.5660378932952881,2.2635428905487061,2.3624460697174072,197760112
2023-03-05T00:00:00.000000Z,2.3632659912109375,2.5112950801849365,2.3413739204406738,2.4301660060882568,212217067
2023-03-06T00:00:00.000000Z,2.4298610687255859,2.5603899955749512,2.3852710723876953,2.5153799057006836,200543896
2023-03-07T00:00:00.000000Z,2.5153191089630127,2.5723779201507568,2.3206379413604736,2.4005789756774902,270412412
2023-03-08T00:00:00.000000Z,2.4004929065704346,2.4107069969177246,2.1881160736083984,2.2325620651245117,269934232
2023-03-09T00:00:00.000000Z,2.2330610752105713,2.3780150413513184,2.1164729595184326,2.1986269950866699,354042634
2023-03-10T00:00:00.000000Z,2.1988649368286133,2.2564380168914795,1.9670189619064331,2.1391110420227051,425973854
2023-03-11T00:00:00.000000Z,2.1400549411773682,2.1957290172576904,1.7937619686126709,1.8998980522155762,372484826
2023-03-12T00:00:00.000000Z,1.8987929821014404,2.3669390678405762,1.8609369993209839,2.3485500812530518,428978509
2023-03-13T00:00:00.000000Z,2.349186897277832,2.7060849666595459,2.2699730396270752,2.6225919723510742,694205770
2023-03-14T00:00:00.000000Z,2.6230859756469727,2.9450409412384033,2.5484879016876221,2.7186410427093506,555541643
2023-03-15T00:00:00.000000Z,2.718641996383667,2.8162779808044434,2.3038580417633057,2.4080750942230225,526939743
2023-03-16T00:00:00.000000Z,2.4098949432373047,2.5452940464019775,2.3571760654449463,2.489872932434082,323239958
2023-03-17T00:00:00.000000Z,2.4900319576263428,2.7335159778594971,2.4490399360656738,2.7219040393829346,335451926
2023-03-18T00:00:00.000000Z,2.7233600616455078,2.9153800010681152,2.6043078899383545,2.6155490875244141,377864285
2023-03-19T00:00:00.000000Z,2.615746021270752,2.8419098854064941,2.615746021270752,2.7064208984375,219792387
2023-03-20T00:00:00.000000Z,2.7062759399414062,2.7411179542541504,2.4752860069274902,2.4752860069274902,215924396
2023-03-21T00:00:00.000000Z,2.475740909576416,2.7182989120483398,2.4220240116119385,2.6453790664672852,251637027
2023-03-22T00:00:00.000000Z,2.6453869342803955,2.667431116104126,2.4451580047607422,2.5375471115112305,244338915
2023-03-23T00:00:00.000000Z,2.5368790626525879,2.6115250587463379,2.4322760105133057,2.4888200759887695,198090571
2023-03-24T00:00:00.000000Z,2.4882259368896484,2.4892909526824951,2.1981430053710938,2.266247034072876,197491232
2023-03-25T00:00:00.000000Z,2.2664210796356201,2.304157018661499,2.1454770565032959,2.1785309314727783,108150529
2023-03-26T00:00:00.000000Z,2.1787900924682617,2.3112239837646484,2.1640110015869141,2.2661590576171875,96377274
2023-03-27T00:00:00.000000Z,2.2659471035003662,2.2740740776062012,2.0254230499267578,2.0697569847106934,163782213
2023-03-28T00:00:00.000000Z,2.0697379112243652,2.2470390796661377,2.0257749557495117,2.1932408809661865,144846477
2023-03-29T00:00:00.000000Z,2.1929318904876709,2.2951469421386719,2.1827089786529541,2.2335131168365479,136436855
2023-03-30T00:00:00.000000Z,2.2336750030517578,2.3006000518798828,2.157721996307373,2.2958300113677979,220450472
2023-03-31T00:00:00.000000Z,2.2974410057067871,2.3360400199890137,2.2252819538116455,2.2866089344024658,182815678
2023-04-01T00:00:00.000000Z,2.2868459224700928,2.3130791187286377,2.2439110279083252,2.2507328987121582,68944760
2023-04-02T00:00:00.000000Z,2.2772119045257568,2.3174428939819336,2.1676089763641357,2.2010118961334229,98688775
2023-04-03T00:00:00.000000Z,2.2011289596557617,2.2281639575958252,2.1080520153045654,2.1664769649505615,133185239
2023-04-04T00:00:00.000000Z,2.1664841175079346,2.261584997177124,2.1301360130310059,2.2337749004364014,103439723
2023-04-05T00:00:00.000000Z,2.2337470054626465,2.378403902053833,2.2263939380645752,2.2813639640808105,141424558
2023-04-06T00:00:00.000000Z,2.2816100120544434,2.2816100120544434,2.1936109066009521,2.2634780406951904,81948755
2023-04-07T00:00:00.000000Z,2.2635960578918457,2.2768449783325195,2.2270269393920898,2.2661640644073486,61009349
2023-04-08T00:00:00.000000Z,2.2662279605865479,2.2993350028991699,2.226938009262085,2.2375719547271729,53800327
2023-04-09T00:00:00.000000Z,2.2375309467315674,2.3112919330596924,2.2108840942382812,2.287700891494751,61241916
2023-04-10T00:00:00.000000Z,2.2872049808502197,2.3580880165100098,2.2263491153717041,2.3580880165100098,114912247
2023-04-11T00:00:00.000000Z,2.3596079349517822,2.3964440822601318,2.2895541191101074,2.2978250980377197,110482555
2023-04-12T00:00:00.000000Z,2.2978630065917969,2.2982590198516846,2.1911520957946777,2.2761549949645996,105201360
2023-04-13T00:00:00.000000Z,2.284553050994873,2.4699969291687012,2.2605199813842773,2.4327549934387207,149142713
2023-04-14T00:00:00.000000Z,2.4327449798583984,2.6884109973907471,2.4297869205474854,2.6552169322967529,311985829
2023-04-15T00:00:00.000000Z,2.6552278995513916,2.8132419586181641,2.6145410537719727,2.7135989665985107,196849299
2023-04-16T00:00:00.000000Z,2.713392972946167,2.713392972946167,2.6336400508880615,2.6919150352478027,125572889
2023-04-17T00:00:00.000000Z,2.6919078826904297,2.6922049522399902,2.5694029331207275,2.6055829524993896,151444097
2023-04-18T00:00:00.000000Z,2.6065158843994141,2.7383220195770264,2.5979199409484863,2.7037520408630371,168562672
2023-04-19T00:00:00.000000Z,2.7030611038208008,2.7327680587768555,2.530087947845459,2.5457930564880371,312979356
2023-04-20T00:00:00.000000Z,2.5452389717102051,2.655893087387085,2.4090158939361572,2.4382109642028809,274112365
2023-04-21T00:00:00.000000Z,2.4387719631195068,2.481205940246582,2.2578060626983643,2.2798070907592773,166785824
2023-04-22T00:00:00.000000Z,2.2795770168304443,2.3116829395294189,2.241779088973999,2.3077960014343262,79162541
2023-04-23T00:00:00.000000Z,2.307873010635376,2.307873010635376,2.1564469337463379,2.2024619579315186,87809688
2023-04-24T00:00:00.000000Z,2.2021620273590088,2.263247013092041,2.1690299510955811,2.2221999168395996,100409169
2023-04-25T00:00:00.000000Z,2.2219688892364502,2.2516889572143555,2.1328790187835693,2.245107889175415,110331548
2023-04-26T00:00:00.000000Z,2.2450160980224609,2.3409140110015869,2.1152009963989258,2.1708099842071533,140871826
2023-04-27T00:00:00.000000Z,2.1708629131317139,2.2358789443969727,2.1548099517822266,2.1820740699768066,100573044
2023-04-28T00:00:00.000000Z,2.1822509765625,2.1919980049133301,2.1185729503631592,2.1403939723968506,66254181
2023-04-29T00:00:00.000000Z,2.1403501033782959,2.2002389430999756,2.1299910545349121,2.1854650974273682,53972328
2023-04-30T00:00:00.000000Z,2.1856191158294678,2.2354559898376465,2.154088020324707,2.1755800247192383,59421660
2023-05-01T00:00:00.000000Z,2.1747329235076904,2.1758270263671875,2.0489819049835205,2.0825369358062744,79305728
2023-05-02T00:00:00.000000Z,2.0824329853057861,2.1859700679779053,2.0766160488128662,2.1646978855133057,67378268
2023-05-03T00:00:00.000000Z,2.164741039276123,2.1767160892486572,2.0836219787597656,2.1632239818572998,85779739
2023-05-04T00:00:00.000000Z,2.1632781028747559,2.1642239093780518,2.0157608985900879,2.0273499488830566,88207030
2023-05-05T00:00:00.000000Z,2.027385950088501,2.061115026473999,1.9497450590133667,1.9819719791412354,104461587
2023-05-06T00:00:00.000000Z,1.9821649789810181,1.9943809509277344,1.8165539503097534,1.8739349842071533,101233933
2023-05-07T00:00:00.000000Z,1.8737829923629761,1.9390189647674561,1.8709750175476074,1.8914279937744141,73182216
2023-05-08T00:00:00.000000Z,1.8909859657287598,1.9108649492263794,1.6748249530792236,1.7198319435119629,136667737
2023-05-09T00:00:00.000000Z,1.720067024230957,1.764646053314209,1.6915090084075928,1.7091250419616699,73365410
2023-05-10T00:00:00.000000Z,1.7092679738998413,1.7804160118103027,1.64444899559021,1.7238709926605225,112433028
2023-05-11T00:00:00.000000Z,1.7242850065231323,1.7242850065231323,1.499040961265564,1.5606100559234619,91757804
2023-05-12T00:00:00.000000Z,1.5605920553207397,1.6806000471115112,1.4903229475021362,1.6750220060348511,139698963
2023-05-13T00:00:00.000000Z,1.6754390001296997,1.6762059926986694,1.6302980184555054,1.6373599767684937,50646966
2023-05-14T00:00:00.000000Z,1.6375069618225098,1.679332971572876,1.6044089794158936,1.635735034942627,55197153
2023-05-15T00:00:00.000000Z,1.6357489824295044,1.7088040113449097,1.6071200370788574,1.6437400579452515,72570016
2023-05-16T00:00:00.000000Z,1.6434919834136963,1.655985951423645,1.6065020561218262,1.6542860269546509,91571384
2023-05-17T00:00:00.000000Z,1.6540570259094238,1.8662270307540894,1.6374330520629883,1.8001250028610229,208009672
2023-05-18T00:00:00.000000Z,1.799765944480896,1.8356209993362427,1.7216119766235352,1.7397810220718384,161918289
2023-05-19T00:00:00.000000Z,1.7395060062408447,1.7395060062408447,1.655392050743103,1.6676269769668579,97679560
2023-05-20T00:00:00.000000Z,1.6675970554351807,1.702659010887146,1.6306819915771484,1.6919599771499634,63278786
2023-05-21T00:00:00.000000Z,1.6919909715652466,1.6993529796600342,1.6273449659347534,1.635794997215271,49902300
2023-05-22T00:00:00.000000Z,1.6360280513763428,1.650534987449646,1.5741419792175293,1.6327790021896362,60316168
2023-05-23T00:00:00.000000Z,1.6327790021896362,1.7154999971389771,1.6171979904174805,1.6688450574874878,83991285
2023-05-24T00:00:00.000000Z,1.6688950061798096,1.6689519882202148,1.5604829788208008,1.5958839654922485,82235508
2023-05-25T00:00:00.000000Z,1.5957939624786377,1.638152003288269,1.5630170106887817,1.6193419694900513,62677729
2023-05-26T00:00:00.000000Z,1.6192890405654907,1.6465799808502197,1.6018619537353516,1.6099569797515869,56579998
2023-05-27T00:00:00.000000Z,1.6098200082778931,1.6204559803009033,1.5851739645004272,1.6005189418792725,33057900
2023-05-28T00:00:00.000000Z,1.6004949808120728,1.6548500061035156,1.5917140245437622,1.6456079483032227,50416047
2023-05-29T00:00:00.000000Z,1.6454650163650513,1.6663839817047119,1.5151870250701904,1.5261329412460327,90781607
2023-05-30T00:00:00.000000Z,1.5258500576019287,1.5450930595397949,1.4113739728927612,1.4157240390777588,129639732
2023-05-31T00:00:00.000000Z,1.4163010120391846,1.521217942237854,1.3512229919433594,1.3849020004272461,278073428
2023-06-01T00:00:00.000000Z,1.3849129676818848,1.4296209812164307,1.3682709932327271,1.3873410224914551,173958909
2023-06-02T00:00:00.000000Z,1.3873380422592163,1.4701440334320068,1.3715729713439941,1.4493850469589233,125384808
2023-06-03T00:00:00.000000Z,1.4494279623031616,1.497514009475708,1.4359019994735718,1.4834810495376587,90436731
2023-06-04T00:00:00.000000Z,1.4834979772567749,1.5220309495925903,1.4661550521850586,1.480396032333374,85893344
2023-06-05T00:00:00.000000Z,1.4803329706192017,1.4836790561676025,1.3149820566177368,1.3902759552001953,204062227
2023-06-06T00:00:00.000000Z,1.3898860216140747,1.5406409502029419,1.3650230169296265,1.4958300590515137,265598465
2023-06-07T00:00:00.000000Z,1.4958959817886353,1.50341796875,1.3644789457321167,1.3721610307693481,157256763
2023-06-08T00:00:00.000000Z,1.3721029758453369,1.4333430528640747,1.3519220352172852,1.3687219619750977,101111608
2023-06-09T00:00:00.000000Z,1.3686569929122925,1.3981319665908813,1.320283055305481,1.3316570520401001,97966569
2023-06-10T00:00:00.000000Z,1.33160400390625,1.3323830366134644,1.0556889772415161,1.0932619571685791,271721245
2023-06-11T00:00:00.000000Z,1.0932389497756958,1.1255559921264648,1.0655390024185181,1.0935759544372559,87965186
2023-06-12T00:00:00.000000Z,1.0935289859771729,1.1434270143508911,1.0659559965133667,1.1321820020675659,110080861
2023-06-13T00:00:00.000000Z,1.1322250366210938,1.1804790496826172,1.1166340112686157,1.1508909463882446,100565775
2023-06-14T00:00:00.000000Z,1.1508810520172119,1.1629430055618286,1.0725909471511841,1.083253026008606,87584211
2023-06-15T00:00:00.000000Z,1.0833679437637329,1.119892954826355,1.059237003326416,1.1082899570465088,66359064
2023-06-16T00:00:00.000000Z,1.1083589792251587,1.1485480070114136,1.0850980281829834,1.1283080577850342,77523640
2023-06-17T00:00:00.000000Z,1.1283769607543945,1.1728299856185913,1.1142079830169678,1.1336729526519775,78583537
2023-06-18T00:00:00.000000Z,1.1336419582366943,1.1410670280456543,1.096161961555481,1.0986109972000122,70929110
2023-06-19T00:00:00.000000Z,1.0986150503158569,1.1332689523696899,1.0897279977798462,1.1300250291824341,86349903
2023-06-20T00:00:00.000000Z,1.1302039623260498,1.3403730392456055,1.1302039623260498,1.3280019760131836,256169936
2023-06-21T00:00:00.000000Z,1.3281660079956055,1.4877810478210449,1.3223799467086792,1.4354009628295898,331894635
2023-06-22T00:00:00.000000Z,1.4353549480438232,1.4830319881439209,1.3458230495452881,1.3553149700164795,209376219
2023-06-23T00:00:00.000000Z,1.3554439544677734,1.4520720243453979,1.3554439544677734,1.3860019445419312,156183154
2023-06-24T00:00:00.000000Z,1.3862099647521973,1.3870320320129395,1.2826219797134399,1.3071390390396118,140096087
2023-06-25T00:00:00.000000Z,1.307237982749939,1.372020959854126,1.2990859746932983,1.3340950012207031,123077027
2023-06-26T00:00:00.000000Z,1.3340380191802979,1.3731019496917725,1.2701630592346191,1.2814689874649048,120943797
2023-06-27T00:00:00.000000Z,1.2814650535583496,1.35371994972229,1.277042031288147,1.3088339567184448,112600924
2023-06-28T00:00:00.000000Z,1.3089070320129395,1.3091820478439331,1.1856499910354614,1.2180479764938354,123492860
2023-06-29T00:00:00.000000Z,1.2178879976272583,1.2514909505844116,1.2063770294189453,1.2210049629211426,84722804
2023-06-30T00:00:00.000000Z,1.2209370136260986,1.3719500303268433,1.2043319940567017,1.331462025642395,252017343
2023-07-01T00:00:00.000000Z,1.331760048866272,1.3766640424728394,1.3096230030059814,1.3475890159606934,87276092
2023-07-02T00:00:00.000000Z,1.3475970029830933,1.3476270437240601,1.3053630590438843,1.3336060047149658,84846976
2023-07-03T00:00:00.000000Z,1.3336809873580933,1.3688440322875977,1.3257390260696411,1.350350022315979,103510980
2023-07-04T00:00:00.000000Z,1.3501549959182739,1.3616169691085815,1.2803430557250977,1.2832490205764771,83234630
2023-07-05T00:00:00.000000Z,1.2832859754562378,1.3011480569839478,1.2152140140533447,1.2338780164718628,91531969
2023-07-06T00:00:00.000000Z,1.2338399887084961,1.276980996131897,1.1885529756546021,1.1885529756546021,83571664
2023-07-07T00:00:00.000000Z,1.1887619495391846,1.2237919569015503,1.1793810129165649,1.2237919569015503,58209529
2023-07-08T00:00:00.000000Z,1.2236069440841675,1.2336349487304688,1.1932569742202759,1.2164520025253296,41939724
2023-07-09T00:00:00.000000Z,1.2164870500564575,1.2279709577560425,1.2026499509811401,1.2138400077819824,39834759
2023-07-10T00:00:00.000000Z,1.2138559818267822,1.2239619493484497,1.1644610166549683,1.2001219987869263,82461008
2023-07-11T00:00:00.000000Z,1.200158953666687,1.2399590015411377,1.194098949432373,1.2229369878768921,55003184
2023-07-12T00:00:00.000000Z,1.2229009866714478,1.2663220167160034,1.1964880228042603,1.2159160375595093,74069487
2023-07-13T00:00:00.000000Z,1.2159279584884644,1.4179470539093018,1.2090200185775757,1.3706239461898804,187808209
2023-07-14T00:00:00.000000Z,1.3705799579620361,1.5960090160369873,1.3665820360183716,1.4532090425491333,384722517
2023-07-15T00:00:00.000000Z,1.4545179605484009,1.5425360202789307,1.4398070573806763,1.455968976020813,174410333
2023-07-16T00:00:00.000000Z,1.4562029838562012,1.5065089464187622,1.4219180345535278,1.48813796043396,135012610
2023-07-17T00:00:00.000000Z,1.488036036491394,1.5425989627838135,1.4218499660491943,1.4814269542694092,191138216
2023-07-18T00:00:00.000000Z,1.4818340539932251,1.5485320091247559,1.422463059425354,1.4287760257720947,173653104
2023-07-19T00:00:00.000000Z,1.4290139675140381,1.6116219758987427,1.4212039709091187,1.5654699802398682,197730584
2023-07-20T00:00:00.000000Z,1.5654699802398682,1.5920670032501221,1.4643429517745972,1.5318880081176758,156121308
2023-07-21T00:00:00.000000Z,1.5322250127792358,1.5542140007019043,1.5045180320739746,1.5079209804534912,103636205
2023-07-22T00:00:00.000000Z,1.5081579685211182,1.586027979850769,1.5081579685211182,1.5643880367279053,87317566
2023-07-23T00:00:00.000000Z,1.5644190311431885,1.6377619504928589,1.5418870449066162,1.5817010402679443,140830798
2023-07-24T00:00:00.000000Z,1.5812729597091675,1.5849870443344116,1.4954890012741089,1.5086840391159058,159483790
2023-07-25T00:00:00.000000Z,1.5085059404373169,1.5204789638519287,1.4458980560302734,1.4503090381622314,96349078
2023-07-26T00:00:00.000000Z,1.45026695728302,1.5395419597625732,1.4299509525299072,1.5116859674453735,108196821
2023-07-27T00:00:00.000000Z,1.5119529962539673,1.5647850036621094,1.493257999420166,1.496338963508606,100156162
2023-07-28T00:00:00.000000Z,1.4963699579238892,1.4996939897537231,1.4647029638290405,1.4786289930343628,82898789
2023-07-29T00:00:00.000000Z,1.4785209894180298,1.51534104347229,1.475782036781311,1.5085560083389282,47997141
2023-07-30T00:00:00.000000Z,1.5085020065307617,1.6190370321273804,1.5010789632797241,1.6189279556274414,186268252
2023-07-31T00:00:00.000000Z,1.6189700365066528,1.7251119613647461,1.6104669570922852,1.6152180433273315,265182674
2023-08-01T00:00:00.000000Z,1.6153329610824585,1.6466610431671143,1.5571739673614502,1.6466549634933472,153697437
2023-08-02T00:00:00.000000Z,1.6465820074081421,1.6721040010452271,1.6101109981536865,1.6391880512237549,179623029
2023-08-03T00:00:00.000000Z,1.6389880180358887,1.7436219453811646,1.6374310255050659,1.7149879932403564,237704094
2023-08-04T00:00:00.000000Z,1.7151080369949341,1.7458839416503906,1.6780879497528076,1.6854779720306396,157713048
2023-08-05T00:00:00.000000Z,1.6854939460754395,1.7146910429000854,1.6545130014419556,1.6889230012893677,106693142
2023-08-06T00:00:00.000000Z,1.6888899803161621,1.7221850156784058,1.6756830215454102,1.7016919851303101,91968639
2023-08-07T00:00:00.000000Z,1.7016110420227051,1.8004360198974609,1.6872470378875732,1.7967849969863892,173855859
2023-08-08T00:00:00.000000Z,1.7966530323028564,1.8108839988708496,1.6688230037689209,1.6818050146102905,200912981
2023-08-09T00:00:00.000000Z,1.6814800500869751,1.7013380527496338,1.5267690420150757,1.5526909828186035,177062822
2023-08-10T00:00:00.000000Z,1.5528240203857422,1.5938930511474609,1.5495589971542358,1.5771830081939697,121236060
2023-08-11T00:00:00.000000Z,1.5773299932479858,1.5999579429626465,1.5752300024032593,1.5856839418411255,91845747
2023-08-12T00:00:00.000000Z,1.5857130289077759,1.5946639776229858,1.5418640375137329,1.5507969856262207,77623394
2023-08-13T00:00:00.000000Z,1.5506709814071655,1.563060998916626,1.5300370454788208,1.5393049716949463,77459105
2023-08-14T00:00:00.000000Z,1.5392849445343018,1.5725020170211792,1.5085599422454834,1.5303009748458862,98745301
2023-08-15T00:00:00.000000Z,1.5302070379257202,1.5323899984359741,1.4531309604644775,1.4716199636459351,114324345
2023-08-16T00:00:00.000000Z,1.4715520143508911,1.4867089986801147,1.3813190460205078,1.4077810049057007,132094376
2023-08-17T00:00:00.000000Z,1.4079639911651611,1.4587579965591431,1.2857199907302856,1.3672120571136475,200982774
2023-08-18T00:00:00.000000Z,1.3673419952392578,1.4527790546417236,1.3492139577865601,1.4397170543670654,181258225
2023-08-19T00:00:00.000000Z,1.4397979974746704,1.5105069875717163,1.4313369989395142,1.4714640378952026,96586041
2023-08-20T00:00:00.000000Z,1.4715820550918579,1.4847309589385986,1.4542670249938965,1.4727200269699097,63087234
2023-08-21T00:00:00.000000Z,1.4725300073623657,1.5464819669723511,1.4666399955749512,1.532256007194519,141738314
2023-08-22T00:00:00.000000Z,1.5316170454025269,1.5859279632568359,1.5102390050888062,1.5774190425872803,159065049
2023-08-23T00:00:00.000000Z,1.5773869752883911,1.6132030487060547,1.5306450128555298,1.5581899881362915,127960636
2023-08-24T00:00:00.000000Z,1.5585349798202515,1.5853819847106934,1.5291240215301514,1.5851819515228271,105022688
2023-08-25T00:00:00.000000Z,1.5848729610443115,1.5864269733428955,1.4635339975357056,1.4687860012054443,152907327
2023-08-26T00:00:00.000000Z,1.4687509536743164,1.4966009855270386,1.450996994972229,1.4808789491653442,74453824
2023-08-27T00:00:00.000000Z,1.4808850288391113,1.492266058921814,1.4366270303726196,1.4518239498138428,79341442
2023-08-28T00:00:00.000000Z,1.4518430233001709,1.4543659687042236,1.4051120281219482,1.4209500551223755,92523120
2023-08-29T00:00:00.000000Z,1.4209439754486084,1.5195319652557373,1.4123760461807251,1.4928669929504395,140102593
2023-08-30T00:00:00.000000Z,1.4930839538574219,1.5015829801559448,1.4627710580825806,1.4822260141372681,94139443
2023-08-31T00:00:00.000000Z,1.4822690486907959,1.4936109781265259,1.3757419586181641,1.3914270401000977,112709891
2023-09-01T00:00:00.000000Z,1.3915339708328247,1.4010740518569946,1.3028709888458252,1.3167129755020142,102838857
2023-09-02T00:00:00.000000Z,1.3168900012969971,1.3364100456237793,1.2893179655075073,1.3176059722900391,74808520
2023-09-03T00:00:00.000000Z,1.3176469802856445,1.3435059785842896,1.3136409521102905,1.3377879858016968,68910518
2023-09-04T00:00:00.000000Z,1.3376560211181641,1.3649920225143433,1.3213039636611938,1.3390959501266479,64447840
2023-09-05T00:00:00.000000Z,1.3390940427780151,1.3452810049057007,1.3110350370407104,1.3441369533538818,55062594
2023-09-06T00:00:00.000000Z,1.3441669940948486,1.3550900220870972,1.3046059608459473,1.3301650285720825,63388260
2023-09-07T00:00:00.000000Z,1.330132007598877,1.3448649644851685,1.3067690134048462,1.3383320569992065,50590495
2023-09-08T00:00:00.000000Z,1.3386069536209106,1.3454610109329224,1.2983030080795288,1.298848032951355,50467805
2023-09-09T00:00:00.000000Z,1.2989230155944824,1.2993860244750977,1.2858630418777466,1.293423056602478,36506010
2023-09-10T00:00:00.000000Z,1.2933900356292725,1.2933900356292725,1.2401249408721924,1.2689739465713501,69023285
2023-09-11T00:00:00.000000Z,1.2689449787139893,1.2788020372390747,1.2310060262680054,1.2788020372390747,97066820
2023-09-12T00:00:00.000000Z,1.279405951499939,1.3644870519638062,1.279405951499939,1.3369890451431274,123580443
2023-09-13T00:00:00.000000Z,1.3370670080184937,1.375156044960022,1.331421971321106,1.3533480167388916,82688131
2023-09-14T00:00:00.000000Z,1.3525639772415161,1.3786189556121826,1.3379590511322021,1.3575090169906616,68026584
2023-09-15T00:00:00.000000Z,1.3576289415359497,1.4181760549545288,1.3504270315170288,1.4061059951782227,93149199
2023-09-16T00:00:00.000000Z,1.4059220552444458,1.4351780414581299,1.3839880228042603,1.3937059640884399,58932748
2023-09-17T00:00:00.000000Z,1.3936799764633179,1.3936799764633179,1.3562309741973877,1.3738360404968262,51077041
2023-09-18T00:00:00.000000Z,1.3733880519866943,1.4218540191650391,1.3601499795913696,1.3694850206375122,82496180
2023-09-19T00:00:00.000000Z,1.3694109916687012,1.4124629497528076,1.3663469552993774,1.3807059526443481,66106870
2023-09-20T00:00:00.000000Z,1.380702018737793,1.4025360345840454,1.3671300411224365,1.3903100490570068,72945463
2023-09-21T00:00:00.000000Z,1.3902579545974731,1.3957940340042114,1.2923439741134644,1.298367977142334,127974642
2023-09-22T00:00:00.000000Z,1.2981770038604736,1.3113000392913818,1.2769249677658081,1.2918460369110107,61215594
2023-09-23T00:00:00.000000Z,1.2919570207595825,1.3035470247268677,1.2833709716796875,1.2967660427093506,41786304
2023-09-24T00:00:00.000000Z,1.2967319488525391,1.2986350059509277,1.2621790170669556,1.2639080286026001,42274866
2023-09-25T00:00:00.000000Z,1.263808012008667,1.275117039680481,1.2369730472564697,1.2489500045776367,65008427
2023-09-26T00:00:00.000000Z,1.2489310503005981,1.286579966545105,1.248445987701416,1.2865040302276611,59949823
2023-09-27T00:00:00.000000Z,1.2864149808883667,1.3173470497131348,1.2611680030822754,1.2691010236740112,78719675
2023-09-28T00:00:00.000000Z,1.2691580057144165,1.3401639461517334,1.268962025642395,1.3234950304031372,90195271
2023-09-29T00:00:00.000000Z,1.3234829902648926,1.3480260372161865,1.3155579566955566,1.3349369764328003,69407281
2023-09-30T00:00:00.000000Z,1.3350369930267334,1.3602969646453857,1.3191579580307007,1.3463809490203857,63790667
2023-10-01T00:00:00.000000Z,1.3462549448013306,1.4189399480819702,1.3446730375289917,1.411391019821167,84750486
2023-10-02T00:00:00.000000Z,1.4114149808883667,1.4613679647445679,1.3754980564117432,1.3936539888381958,137404216
2023-10-03T00:00:00.000000Z,1.3937729597091675,1.3983759880065918,1.3056440353393555,1.3216910362243652,110190450
2023-10-04T00:00:00.000000Z,1.3217829465866089,1.3387049436569214,1.2757869958877563,1.3309400081634521,99757057
2023-10-05T00:00:00.000000Z,1.3310730457305908,1.3405970335006714,1.2957379817962646,1.3011510372161865,82532896
2023-10-06T00:00:00.000000Z,1.3010430335998535,1.3215479850769043,1.2929589748382568,1.305637001991272,69214928
2023-10-07T00:00:00.000000Z,1.305569052696228,1.3126269578933716,1.2748860120773315,1.2913049459457397,63600226
2023-10-08T00:00:00.000000Z,1.2915370464324951,1.3036880493164062,1.2607790231704712,1.2801170349121094,76644598
2023-10-09T00:00:00.000000Z,1.2801380157470703,1.2868330478668213,1.2001409530639648,1.2284829616546631,119837558
2023-10-10T00:00:00.000000Z,1.2283920049667358,1.2503379583358765,1.2202739715576172,1.2435669898986816,73015806
2023-10-11T00:00:00.000000Z,1.2435510158538818,1.2570470571517944,1.2248129844665527,1.2437700033187866,76695535
2023-10-12T00:00:00.000000Z,1.2438490390777588,1.2470240592956543,1.1726119518280029,1.1890619993209839,75190579
2023-10-13T00:00:00.000000Z,1.1891640424728394,1.2289119958877563,1.1887370347976685,1.2087990045547485,59036795
2023-10-14T00:00:00.000000Z,1.2088570594787598,1.2195069789886475,1.1986219882965088,1.20026695728302,44258067
2023-10-15T00:00:00.000000Z,1.2002489566802979,1.2141799926757812,1.1908949613571167,1.2087399959564209,44184995
2023-10-16T00:00:00.000000Z,1.2087990045547485,1.2584069967269897,1.2087990045547485,1.2353299856185913,81416333
2023-10-17T00:00:00.000000Z,1.2353149652481079,1.2381069660186768,1.1881380081176758,1.1960430145263672,61243012
2023-10-18T00:00:00.000000Z,1.1960489749908447,1.2146999835968018,1.1837359666824341,1.187222957611084,53868974
2023-10-19T00:00:00.000000Z,1.1871670484542847,1.1887669563293457,1.1643290519714355,1.1709970235824585,46645033
2023-10-20T00:00:00.000000Z,1.1707359552383423,1.2498730421066284,1.167309045791626,1.2341829538345337,74220982
2023-10-21T00:00:00.000000Z,1.2342530488967896,1.2868469953536987,1.2273199558258057,1.2689290046691895,67035434
2023-10-22T00:00:00.000000Z,1.2689019441604614,1.3114219903945923,1.2487599849700928,1.3113449811935425,79418180
2023-10-23T00:00:00.000000Z,1.3219029903411865,1.3668429851531982,1.2803750038146973,1.3559410572052002,140546181
2023-10-24T00:00:00.000000Z,1.3559780120849609,1.4300949573516846,1.3512920141220093,1.3927459716796875,163972902
2023-10-25T00:00:00.000000Z,1.3931839466094971,1.4159419536590576,1.3579859733581543,1.3828580379486084,96859964
2023-10-26T00:00:00.000000Z,1.3828129768371582,1.4709299802780151,1.3690090179443359,1.4105180501937866,160700890
2023-10-27T00:00:00.000000Z,1.410519003868103,1.4115409851074219,1.3508709669113159,1.3670730590820312,95484676
2023-10-28T00:00:00.000000Z,1.3670220375061035,1.3919810056686401,1.3659069538116455,1.3740170001983643,61156425
2023-10-29T00:00:00.000000Z,1.3740190267562866,1.4213390350341797,1.3592170476913452,1.4104950428009033,71628462
2023-10-30T00:00:00.000000Z,1.4106429815292358,1.4404000043869019,1.3890069723129272,1.42113196849823,102302320
2023-10-31T00:00:00.000000Z,1.4211410284042358,1.4410159587860107,1.3535269498825073,1.3954700231552124,135613223
2023-11-01T00:00:00.000000Z,1.3955329656600952,1.4511940479278564,1.3487050533294678,1.436208963394165,132593003
2023-11-02T00:00:00.000000Z,1.4365040063858032,1.462304949760437,1.35406494140625,1.3717529773712158,128173913
2023-11-03T00:00:00.000000Z,1.3717410564422607,1.4248909950256348,1.3320180177688599,1.4200880527496338,102069047
2023-11-04T00:00:00.000000Z,1.4202729463577271,1.5176810026168823,1.4157270193099976,1.5003230571746826,118691085
2023-11-05T00:00:00.000000Z,1.5004680156707764,1.5578639507293701,1.4894980192184448,1.5420850515365601,141819219
2023-11-06T00:00:00.000000Z,1.5419729948043823,1.5799670219421387,1.5148220062255859,1.5703690052032471,124062892
2023-11-07T00:00:00.000000Z,1.570328950881958,1.57322096824646,1.474810004234314,1.5125240087509155,144957262
2023-11-08T00:00:00.000000Z,1.5125420093536377,1.5456149578094482,1.4970669746398926,1.5301690101623535,111084999
2023-11-09T00:00:00.000000Z,1.5296299457550049,1.7442619800567627,1.5204459428787231,1.7378970384597778,343115224
2023-11-10T00:00:00.000000Z,1.738847017288208,1.7973699569702148,1.6466540098190308,1.722898006439209,278370882
2023-11-11T00:00:00.000000Z,1.7226179838180542,1.7494250535964966,1.6545209884643555,1.689749002456665,181164179
2023-11-12T00:00:00.000000Z,1.6901079416275024,1.8420679569244385,1.6358120441436768,1.8165550231933594,219725644
2023-11-13T00:00:00.000000Z,1.8170809745788574,1.9169750213623047,1.7900530099868774,1.7970889806747437,315641312
2023-11-14T00:00:00.000000Z,1.7959640026092529,1.829522967338562,1.6774259805679321,1.7941379547119141,217261843
2023-11-15T00:00:00.000000Z,1.7940980195999146,1.8751900196075439,1.7937849760055542,1.860556960105896,196851498
2023-11-16T00:00:00.000000Z,1.8608160018920898,1.8984110355377197,1.774340033531189,1.8092379570007324,238761956
2023-11-17T00:00:00.000000Z,1.809486985206604,1.8447350263595581,1.6464200019836426,1.7053409814834595,202567138
2023-11-18T00:00:00.000000Z,1.7060470581054688,1.7617490291595459,1.6141790151596069,1.739596962928772,137253959
2023-11-19T00:00:00.000000Z,1.7397710084915161,1.7897200584411621,1.7043930292129517,1.7838890552520752,108564012
2023-11-20T00:00:00.000000Z,1.783532977104187,1.8054959774017334,1.7290699481964111,1.7306280136108398,136000689
2023-11-21T00:00:00.000000Z,1.7304849624633789,1.7509119510650635,1.5843039751052856,1.5999540090560913,161385322
2023-11-22T00:00:00.000000Z,1.5989619493484497,1.7559250593185425,1.5955749750137329,1.7376539707183838,137867126
2023-11-23T00:00:00.000000Z,1.7374370098114014,1.8416539430618286,1.7280360460281372,1.8203749656677246,154005237
2023-11-24T00:00:00.000000Z,1.8209999799728394,1.8713610172271729,1.791841983795166,1.7985639572143555,140450516
2023-11-25T00:00:00.000000Z,1.7985739707946777,1.8255250453948975,1.7684910297393799,1.7840789556503296,103676437
2023-11-26T00:00:00.000000Z,1.784140944480896,1.8218799829483032,1.7558590173721313,1.8135689496994019,133078104
2023-11-27T00:00:00.000000Z,1.8135279417037964,1.8143830299377441,1.6772019863128662,1.7240990400314331,127667158
2023-11-28T00:00:00.000000Z,1.7239710092544556,1.7441860437393188,1.6846330165863037,1.7160559892654419,115888628
2023-11-29T00:00:00.000000Z,1.7158670425415039,1.7238140106201172,1.6560529470443726,1.6871839761734009,130915136
2023-11-30T00:00:00.000000Z,1.6873589754104614,1.6951390504837036,1.6516510248184204,1.6716049909591675,108738518
2023-12-01T00:00:00.000000Z,1.6715919971466064,1.7169450521469116,1.6410870552062988,1.6585119962692261,133990343
2023-12-02T00:00:00.000000Z,1.658486008644104,1.7590359449386597,1.6565819978713989,1.7589379549026489,119692587
2023-12-03T00:00:00.000000Z,1.7588620185852051,1.7673540115356445,1.703855037689209,1.7197350263595581,132316843
2023-12-04T00:00:00.000000Z,1.7197070121765137,1.849249005317688,1.7139879465103149,1.7951359748840332,327499939
2023-12-05T00:00:00.000000Z,1.794983983039856,1.837893009185791,1.7134350538253784,1.806378960609436,202132886
2023-12-06T00:00:00.000000Z,1.8063369989395142,1.8461300134658813,1.7125600576400757,1.7125600576400757,194056157
2023-12-07T00:00:00.000000Z,1.7129930257797241,2.182797908782959,1.7124379873275757,2.1806960105895996,517136276
2023-12-08T00:00:00.000000Z,2.179955005645752,2.2374699115753174,2.0848839282989502,2.1157889366149902,433876044
2023-12-09T00:00:00.000000Z,2.1156010627746582,2.2680809497833252,2.0208120346069336,2.0411319732666016,352449983
2023-12-10T00:00:00.000000Z,2.0414690971374512,2.2111010551452637,2.0414690971374512,2.1691110134124756,296458924
2023-12-11T00:00:00.000000Z,2.1690950393676758,2.3849070072174072,2.0027410984039307,2.2861061096191406,638185266
2023-12-12T00:00:00.000000Z,2.2861111164093018,2.4868319034576416,2.244330883026123,2.3386321067810059,436847940
2023-12-13T00:00:00.000000Z,2.338141918182373,2.3674890995025635,2.1332828998565674,2.2439179420471191,362754391
2023-12-14T00:00:00.000000Z,2.2441980838775635,2.3086979389190674,2.1962330341339111,2.259476900100708,294030849
2023-12-15T00:00:00.000000Z,2.2595601081848145,2.2866330146789551,2.0943551063537598,2.0945239067077637,220900891
2023-12-16T00:00:00.000000Z,2.0950100421905518,2.2673799991607666,2.0950100421905518,2.1780190467834473,234519170
2023-12-17T00:00:00.000000Z,2.178123950958252,2.2112479209899902,2.0624821186065674,2.0867938995361328,199788733
2023-12-18T00:00:00.000000Z,2.0865321159362793,2.2535638809204102,1.9718669652938843,2.2349328994750977,277900219
2023-12-19T00:00:00.000000Z,2.2353100776672363,2.2667539119720459,2.0925660133361816,2.1095418930053711,162237730
2023-12-20T00:00:00.000000Z,2.1093559265136719,2.2675769329071045,2.1075639724731445,2.2450630664825439,182604779
2023-12-21T00:00:00.000000Z,2.2451260089874268,2.5352189540863037,2.2116239070892334,2.5214519500732422,301070307
2023-12-22T00:00:00.000000Z,2.5214760303497314,3.5197141170501709,2.500075101852417,3.4926168918609619,962320942
2023-12-23T00:00:00.000000Z,3.491192102432251,3.5126171112060547,3.1255331039428711,3.4309940338134766,798165882
2023-12-24T00:00:00.000000Z,3.4362471103668213,3.7976510524749756,3.3309841156005859,3.5830490589141846,756999434
2023-12-25T00:00:00.000000Z,3.5807309150695801,3.7075209617614746,3.3647420406341553,3.3858060836791992,607088068
2023-12-26T00:00:00.000000Z,3.3855431079864502,3.4879980087280273,3.1063919067382812,3.4768929481506348,514462044
2023-12-27T00:00:00.000000Z,3.474268913269043,4.1492290496826172,3.2175869941711426,3.9503369331359863,1017179891
2023-12-28T00:00:00.000000Z,3.9510929584503174,4.1213369369506836,3.5897688865661621,3.5897688865661621,645534071
2023-12-29T00:00:00.000000Z,3.5903298854827881,3.9174730777740479,3.4429988861083984,3.9078719615936279,671571732
2023-12-30T00:00:00.000000Z,3.9079930782318115,3.9084529876708984,3.6138439178466797,3.6147329807281494,348743046
2023-12-31T00:00:00.000000Z,3.6106090545654297,3.8977169990539551,3.6064310073852539,3.7074940204620361,378075261
2024-01-01T00:00:00.000000Z,3.7099030017852783,4.0930957794189453,3.5693650245666504,3.9886910915374756,445958535
2024-01-02T00:00:00.000000Z,3.9890799522399902,4.0320820808410645,3.6581559181213379,3.7080779075622559,416821176
2024-01-03T00:00:00.000000Z,3.7083470821380615,3.9789841175079346,3.3331151008605957,3.4745628833770752,789377889
2024-01-04T00:00:00.000000Z,3.4742770195007324,3.8981389999389648,3.3824360370635986,3.7249579429626465,512382034
2024-01-05T00:00:00.000000Z,3.7240560054779053,3.7518000602722168,3.3146629333496094,3.4268360137939453,392432997
2024-01-06T00:00:00.000000Z,3.428987979888916,3.4369590282440186,3.1410660743713379,3.2297599315643311,275752845
2024-01-07T00:00:00.000000Z,3.2294399738311768,3.4465789794921875,3.1723179817199707,3.175955057144165,261136888
2024-01-08T00:00:00.000000Z,3.1760010719299316,3.4685330390930176,2.9377849102020264,3.417396068572998,382661690
2024-01-09T00:00:00.000000Z,3.4176840782165527,3.683419942855835,3.1062281131744385,3.6271309852600098,445327088
2024-01-10T00:00:00.000000Z,3.6292009353637695,4.0666599273681641,3.5177640914916992,3.9310190677642822,794509110
2024-01-11T00:00:00.000000Z,3.9332880973815918,4.0809650421142578,3.6615591049194336,3.9860661029815674,597911174
2024-01-12T00:00:00.000000Z,3.9806289672851562,4.2508358955383301,3.7525970935821533,3.9259800910949707,783570850
2024-01-13T00:00:00.000000Z,3.9224939346313477,3.9251968860626221,3.6929850578308105,3.8073608875274658,288331854
2024-01-14T00:00:00.000000Z,3.8063919544219971,3.8405890464782715,3.464332103729248,3.4781429767608643,241001651
2024-01-15T00:00:00.000000Z,3.4778070449829102,3.6143350601196289,3.427901029586792,3.4490330219268799,272783331
2024-01-16T00:00:00.000000Z,3.4490890502929688,3.6548020839691162,3.4120290279388428,3.5987589359283447,231814724
2024-01-17T00:00:00.000000Z,3.5985150337219238,3.617297887802124,3.4111549854278564,3.4525539875030518,215028067
2024-01-18T00:00:00.000000Z,3.4524829387664795,3.4762389659881592,3.1653659343719482,3.2104830741882324,233543305
2024-01-19T00:00:00.000000Z,3.2105989456176758,3.2714219093322754,3.0173790454864502,3.1978518962860107,274721098
2024-01-20T00:00:00.000000Z,3.1980600357055664,3.2234549522399902,3.1082420349121094,3.1856288909912109,145133175
2024-01-21T00:00:00.000000Z,3.187129020690918,3.2543380260467529,3.1117479801177979,3.1117479801177979,119168999
2024-01-22T00:00:00.000000Z,3.1139960289001465,3.1487228870391846,2.9293980598449707,2.9742109775543213,242264546
2024-01-23T00:00:00.000000Z,2.9742169380187988,3.0054500102996826,2.6237630844116211,2.8169710636138916,365313099
2024-01-24T00:00:00.000000Z,2.8166749477386475,2.8792359828948975,2.7850449085235596,2.8561270236968994,179035537
2024-01-25T00:00:00.000000Z,2.8561840057373047,2.9743630886077881,2.7496240139007568,2.9357459545135498,209202559
2024-01-26T00:00:00.000000Z,2.9355928897857666,3.1428020000457764,2.914207935333252,3.0698699951171875,245734124
2024-01-27T00:00:00.000000Z,3.0698800086975098,3.1150350570678711,3.0277359485626221,3.0690040588378906,117176900
2024-01-28T00:00:00.000000Z,3.068911075592041,3.1791110038757324,3.0160620212554932,3.0261130332946777,163082087
2024-01-29T00:00:00.000000Z,3.0261681079864502,3.1823890209197998,2.9930920600891113,3.1648509502410889,178968670
2024-01-30T00:00:00.000000Z,3.1648399829864502,3.2919619083404541,3.0846240520477295,3.1570620536804199,270642922
2024-01-31T00:00:00.000000Z,3.1565508842468262,3.1600489616394043,2.8803908824920654,2.9013760089874268,225519312
2024-02-01T00:00:00.000000Z,2.9008240699768066,3.0136299133300781,2.8282220363616943,2.9751260280609131,147337344
2024-02-02T00:00:00.000000Z,2.9750230312347412,3.0343608856201172,2.9391639232635498,3.0080239772796631,112880351
2024-02-03T00:00:00.000000Z,3.0084249973297119,3.0436069965362549,2.9539370536804199,2.9572420120239258,76101778
2024-02-04T00:00:00.000000Z,2.9573531150817871,3.0594639778137207,2.9235270023345947,2.9920589923858643,103435276
2024-02-05T00:00:00.000000Z,2.9922609329223633,3.1207020282745361,2.9300110340118408,3.0920391082763672,148900697
2024-02-06T00:00:00.000000Z,3.0920329093933105,3.3629179000854492,3.0807878971099854,3.3236958980560303,386355121
2024-02-07T00:00:00.000000Z,3.3237679004669189,3.4651579856872559,3.2013709545135498,3.3598580360412598,304091699
2024-02-08T00:00:00.000000Z,3.3605799674987793,3.4410719871520996,3.3020679950714111,3.3020679950714111,208856062
2024-02-09T00:00:00.000000Z,3.3019781112670898,3.5118670463562012,3.3019781112670898,3.4647979736328125,232324472
2024-02-10T00:00:00.000000Z,3.4638280868530273,3.4994199275970459,3.3483099937438965,3.3652698993682861,126087752
2024-02-11T00:00:00.000000Z,3.3655838966369629,3.6435871124267578,3.3648829460144043,3.530479907989502,191055214
2024-02-12T00:00:00.000000Z,3.5313429832458496,3.9054000377655029,3.4684751033782959,3.8243029117584229,283507661
2024-02-13T00:00:00.000000Z,3.8232200145721436,3.8232200145721436,3.6466178894042969,3.7317230701446533,241647951
2024-02-14T00:00:00.000000Z,3.7317759990692139,3.8652420043945312,3.6824009418487549,3.8253450393676758,210997452
2024-02-15T00:00:00.000000Z,3.8245649337768555,3.961082935333252,3.8200008869171143,3.8627700805664062,273058663
2024-02-16T00:00:00.000000Z,3.862576961517334,3.8938159942626953,3.591331958770752,3.6444330215454102,198645970
2024-02-17T00:00:00.000000Z,3.6441669464111328,3.667356014251709,3.479902982711792,3.5794379711151123,141673347
2024-02-18T00:00:00.000000Z,3.5793850421905518,3.8178420066833496,3.5585620403289795,3.786046028137207,148668910
2024-02-19T00:00:00.000000Z,3.7863700389862061,4.018549919128418,3.7469749450683594,3.9576818943023682,273094741
2024-02-20T00:00:00.000000Z,3.9579970836639404,4.1805620193481445,3.7271339893341064,4.0588831901550293,561501877
2024-02-21T00:00:00.000000Z,4.0591111183166504,4.066500186920166,3.5766289234161377,3.7641210556030273,349688130
2024-02-22T00:00:00.000000Z,3.7649428844451904,3.8388519287109375,3.6186449527740479,3.6340789794921875,268762054
2024-02-23T00:00:00.000000Z,3.6340920925140381,3.6905488967895508,3.4911649227142334,3.5118370056152344,201855070
2024-02-24T00:00:00.000000Z,3.5115621089935303,3.7108330726623535,3.4330968856811523,3.6691679954528809,165518720
2024-02-25T00:00:00.000000Z,3.6691970825195312,3.875701904296875,3.6215789318084717,3.8751630783081055,188074081
2024-02-26T00:00:00.000000Z,3.8753280639648438,3.8770279884338379,3.6400840282440186,3.8317089080810547,231255012
2024-02-27T00:00:00.000000Z,3.8310739994049072,3.9252820014953613,3.6740329265594482,3.7063159942626953,253529705
2024-02-28T00:00:00.000000Z,3.7063701152801514,3.917996883392334,3.5810019969940186,3.770097017288208,379243310
2024-02-29T00:00:00.000000Z,3.7700378894805908,4.0353221893310547,3.6175210475921631,3.699397087097168,399869660
2024-03-01T00:00:00.000000Z,3.6983520984649658,3.8098199367523193,3.6983520984649658,3.759303092956543,207729571
2024-03-02T00:00:00.000000Z,3.7596690654754639,3.989346981048584,3.7349569797515869,3.989346981048584,293398611
2024-03-03T00:00:00.000000Z,3.9894230365753174,4.2953510284423828,3.8235149383544922,3.9917020797729492,525375015
2024-03-04T00:00:00.000000Z,3.9911420345306396,4.0806179046630859,3.7713809013366699,3.9122440814971924,338686139
2024-03-05T00:00:00.000000Z,3.9127740859985352,4.6119818687438965,3.7593541145324707,4.5151119232177734,1263459014
2024-03-06T00:00:00.000000Z,4.5155649185180664,4.8515071868896484,4.317573070526123,4.5492458343505859,760513495
2024-03-07T00:00:00.000000Z,4.5492458343505859,4.7718601226806641,4.4472641944885254,4.6721601486206055,485257601
2024-03-08T00:00:00.000000Z,4.6720938682556152,4.7960090637207031,4.3728690147399902,4.4889712333679199,425700122
2024-03-09T00:00:00.000000Z,4.4890151023864746,4.703312873840332,4.482295036315918,4.703312873840332,307655960
2024-03-10T00:00:00.000000Z,4.7033171653747559,4.7912812232971191,4.4370241165161133,4.5427780151367188,367727364
2024-03-11T00:00:00.000000Z,4.5427851676940918,4.6474051475524902,4.4142818450927734,4.5847949981689453,549719621
2024-03-12T00:00:00.000000Z,4.5847949981689453,4.6733279228210449,4.1580729484558105,4.3606858253479004,563897150
2024-03-13T00:00:00.000000Z,4.3606858253479004,4.5763430595397949,4.333798885345459,4.4173941612243652,370923596
2024-03-14T00:00:00.000000Z,4.4173941612243652,4.4887981414794922,4.0343871116638184,4.1995449066162109,456208755
2024-03-15T00:00:00.000000Z,4.1995391845703125,4.2293839454650879,3.6338319778442383,3.8119239807128906,509049118
2024-03-16T00:00:00.000000Z,3.8119239807128906,3.8457989692687988,3.462507963180542,3.5451040267944336,366333227
2024-03-17T00:00:00.000000Z,3.5451109409332275,3.6335170269012451,3.3770930767059326,3.5934538841247559,331029298
2024-03-18T00:00:00.000000Z,3.5800430774688721,3.5807170867919922,3.2468099594116211,3.304163932800293,334082927
2024-03-19T00:00:00.000000Z,3.304163932800293,3.4920759201049805,2.9817979335784912,3.4499669075012207,571521101
2024-03-20T00:00:00.000000Z,3.4496080875396729,3.5659809112548828,3.1748640537261963,3.5457980632781982,659939230
2024-03-21T00:00:00.000000Z,3.5457980632781982,3.5963790416717529,3.3388669490814209,3.427711009979248,358115884
2024-03-22T00:00:00.000000Z,3.4277200698852539,3.5930640697479248,3.3148150444030762,3.4139750003814697,442859202
2024-03-23T00:00:00.000000Z,3.4139750003814697,3.5346119403839111,3.3201649188995361,3.4373190402984619,248161931
2024-03-24T00:00:00.000000Z,3.4372780323028564,3.778939962387085,3.3772330284118652,3.7069740295410156,354719177
2024-03-25T00:00:00.000000Z,3.7069740295410156,3.917625904083252,3.69805908203125,3.8624610900878906,368007878
2024-03-26T00:00:00.000000Z,3.8624610900878906,4.0160250663757324,3.79510498046875,3.9188849925994873,348891232
2024-03-27T00:00:00.000000Z,3.9188849925994873,4.021327018737793,3.6473031044006348,3.6732039451599121,379901024
2024-03-28T00:00:00.000000Z,3.673206090927124,3.7502820491790771,3.611624002456665,3.7247951030731201,243203870
2024-03-29T00:00:00.000000Z,3.724808931350708,3.7451660633087158,3.572005033493042,3.61958909034729,189661398
2024-03-30T00:00:00.000000Z,3.6195869445800781,3.7964251041412354,3.6081249713897705,3.6589040756225586,189220863
2024-03-31T00:00:00.000000Z,3.6589040756225586,3.7472701072692871,3.6160728931427002,3.6889450550079346,148552494
2024-04-01T00:00:00.000000Z,3.6889429092407227,3.6893079280853271,3.3923869132995605,3.4981179237365723,244345587
2024-04-02T00:00:00.000000Z,3.4981179237365723,3.4981610774993896,3.1093549728393555,3.1580569744110107,340047126
2024-04-03T00:00:00.000000Z,3.1580569744110107,3.2296469211578369,3.0279200077056885,3.0562989711761475,246996988
2024-04-04T00:00:00.000000Z,3.0562798976898193,3.2226879596710205,3.0053679943084717,3.1026310920715332,210274014
2024-04-05T00:00:00.000000Z,3.1026499271392822,3.1035969257354736,2.8700039386749268,2.8744950294494629,246134870
2024-04-06T00:00:00.000000Z,2.8744950294494629,3.0207369327545166,2.8577950000762939,2.9941930770874023,179489589
2024-04-07T00:00:00.000000Z,2.9941930770874023,3.2019720077514648,2.9855151176452637,3.198868989944458,192483136
2024-04-08T00:00:00.000000Z,3.198868989944458,3.3771190643310547,3.0894260406494141,3.3641059398651123,313804098
2024-04-09T00:00:00.000000Z,3.3641059398651123,3.4060380458831787,3.0280070304870605,3.0424818992614746,282480081
2024-04-10T00:00:00.000000Z,3.0425310134887695,3.0809729099273682,2.9194290637969971,3.0362710952758789,254227834
2024-04-11T00:00:00.000000Z,3.0361568927764893,3.102679967880249,2.9241130352020264,2.9417939186096191,214623775
2024-04-12T00:00:00.000000Z,2.9417040348052979,3.0232620239257812,2.1525359153747559,2.4507229328155518,470554248
2024-04-13T00:00:00.000000Z,2.4507229328155518,2.4581189155578613,1.8564920425415039,2.121211051940918,639460155
2024-04-14T00:00:00.000000Z,2.121211051940918,2.3669679164886475,2.0658218860626221,2.3292160034179688,484108233
2024-04-15T00:00:00.000000Z,2.3292028903961182,2.432887077331543,2.2005629539489746,2.2673048973083496,385668271
2024-04-16T00:00:00.000000Z,2.2673048973083496,2.2877740859985352,2.1147849559783936,2.2428700923919678,276382790
2024-04-17T00:00:00.000000Z,2.2428669929504395,2.271981954574585,2.0854849815368652,2.163794994354248,224504034
2024-04-18T00:00:00.000000Z,2.163794994354248,2.2651131153106689,2.1205680370330811,2.2251169681549072,189303016
2024-04-19T00:00:00.000000Z,2.2251169681549072,2.2915339469909668,2.0478839874267578,2.2358980178833008,264353555
2024-04-20T00:00:00.000000Z,2.2358999252319336,2.5246419906616211,2.2041959762573242,2.506397008895874,206431125
2024-04-21T00:00:00.000000Z,2.506397008895874,2.533966064453125,2.386383056640625,2.4421091079711914,165193530
2024-04-22T00:00:00.000000Z,2.4420979022979736,2.593358039855957,2.4420979022979736,2.5506811141967773,245067548
2024-04-23T00:00:00.000000Z,2.5506811141967773,2.5841560363769531,2.4701189994812012,2.4918980598449707,201713076
2024-04-24T00:00:00.000000Z,2.4918971061706543,2.6126599311828613,2.3893330097198486,2.4202570915222168,268045900
2024-04-25T00:00:00.000000Z,2.4202959537506104,2.4704370498657227,2.3510119915008545,2.4186620712280273,205689583
2024-04-26T00:00:00.000000Z,2.4186620712280273,2.4303250312805176,2.3182950019836426,2.3310680389404297,194899206
2024-04-27T00:00:00.000000Z,2.3310739994049072,2.654508113861084,2.2614500522613525,2.6197929382324219,330364991
2024-04-28T00:00:00.000000Z,2.6198079586029053,2.7709441184997559,2.6075379848480225,2.6325240135192871,383501977
2024-04-29T00:00:00.000000Z,2.6325070858001709,2.6701059341430664,2.406965970993042,2.4973149299621582,311317317
2024-04-30T00:00:00.000000Z,2.4973089694976807,2.5459249019622803,2.2850980758666992,2.5359890460968018,350351390
2024-05-01T00:00:00.000000Z,2.5360090732574463,2.8305199146270752,2.4131510257720947,2.8116929531097412,675948019
2024-05-02T00:00:00.000000Z,2.8116669654846191,2.9130859375,2.6488509178161621,2.8782310485839844,446187344
2024-05-03T00:00:00.000000Z,2.8782310485839844,2.9867289066314697,2.8145051002502441,2.8607280254364014,360022822
2024-05-04T00:00:00.000000Z,2.8607199192047119,3.035430908203125,2.8412048816680908,2.8821659088134766,322419772
2024-05-05T00:00:00.000000Z,2.8821721076965332,2.9546420574188232,2.826153039932251,2.9021530151367188,239065461
2024-05-06T00:00:00.000000Z,2.9021549224853516,2.9928600788116455,2.7703900337219238,2.7706260681152344,266797830
2024-05-07T00:00:00.000000Z,2.7706260681152344,2.8050649166107178,2.6613430976867676,2.669990062713623,235495417
2024-05-08T00:00:00.000000Z,2.6699960231781006,2.6768589019775391,2.5604178905487061,2.5808200836181641,203326531
2024-05-09T00:00:00.000000Z,2.5808200836181641,2.6673998832702637,2.5503349304199219,2.6566030979156494,162597148
2024-05-10T00:00:00.000000Z,2.6566219329833984,2.6810810565948486,2.4812910556793213,2.5187149047851562,187269403
2024-05-11T00:00:00.000000Z,2.5187160968780518,2.5751140117645264,2.515347957611084,2.5315680503845215,133336974
2024-05-12T00:00:00.000000Z,2.5315659046173096,2.5761990547180176,2.5220589637756348,2.5270659923553467,107298615
2024-05-13T00:00:00.000000Z,2.5270659923553467,2.538877010345459,2.4247739315032959,2.4948539733886719,192160477
2024-05-14T00:00:00.000000Z,2.4948549270629883,2.5113101005554199,2.3907580375671387,2.3954598903656006,197848310
2024-05-15T00:00:00.000000Z,2.3954501152038574,2.5090920925140381,2.2801918983459473,2.4822900295257568,347256590
2024-05-16T00:00:00.000000Z,2.4822759628295898,2.5120360851287842,2.3341100215911865,2.3690431118011475,258476228
2024-05-17T00:00:00.000000Z,2.3690431118011475,2.6062359809875488,2.3434569835662842,2.5715029239654541,347034424
2024-05-18T00:00:00.000000Z,2.5715029239654541,2.6228890419006348,2.5355689525604248,2.5502009391784668,186891617
2024-05-19T00:00:00.000000Z,2.5502018928527832,2.606328010559082,2.4422600269317627,2.4529109001159668,163812632
2024-05-20T00:00:00.000000Z,2.4529109001159668,2.9038310050964355,2.4240190982818604,2.9038310050964355,442090997
2024-05-21T00:00:00.000000Z,2.9040050506591797,3.009605884552002,2.788628101348877,2.8317201137542725,646664434
2024-05-22T00:00:00.000000Z,2.8317201137542725,2.8354270458221436,2.6332430839538574,2.6643650531768799,536918888
2024-05-23T00:00:00.000000Z,2.6643650531768799,2.8509390354156494,2.5186159610748291,2.6191799640655518,935990430
2024-05-24T00:00:00.000000Z,2.6191799640655518,2.6662709712982178,2.4645259380340576,2.522305965423584,421542430
2024-05-25T00:00:00.000000Z,2.5223090648651123,2.6043989658355713,2.5062038898468018,2.5501730442047119,287162290
2024-05-26T00:00:00.000000Z,2.5501730442047119,2.6363320350646973,2.5115659236907959,2.5330450534820557,291538812
2024-05-27T00:00:00.000000Z,2.5330450534820557,2.6329329013824463,2.5146069526672363,2.5883181095123291,407041464
2024-05-28T00:00:00.000000Z,2.5883219242095947,2.5883219242095947,2.4847269058227539,2.5471689701080322,344713243
2024-05-29T00:00:00.000000Z,2.5471689701080322,2.5893020629882812,2.4869859218597412,2.4884710311889648,265979385
2024-05-30T00:00:00.000000Z,2.4884710311889648,2.5376279354095459,2.4061911106109619,2.4772360324859619,263689974
2024-05-31T00:00:00.000000Z,2.4771571159362793,2.5159211158752441,2.4107000827789307,2.4585220813751221,217083006
2024-06-01T00:00:00.000000Z,2.4585208892822266,2.4845800399780273,2.4500360488891602,2.4722781181335449,134261087
2024-06-02T00:00:00.000000Z,2.4722781181335449,2.4935719966888428,2.348207950592041,2.3830180168151855,204977947
2024-06-03T00:00:00.000000Z,2.3830211162567139,2.4641730785369873,2.3630309104919434,2.4010310173034668,214137920
2024-06-04T00:00:00.000000Z,2.4010310173034668,2.4799559116363525,2.3893020153045654,2.4793250560760498,205449825
2024-06-05T00:00:00.000000Z,2.4793250560760498,2.5452320575714111,2.4747600555419922,2.5235140323638916,213584985
2024-06-06T00:00:00.000000Z,2.5235140323638916,2.5295670032501221,2.449876070022583,2.4831910133361816,177120897
2024-06-07T00:00:00.000000Z,2.4831910133361816,2.550947904586792,2.1215560436248779,2.2611420154571533,420191026
2024-06-08T00:00:00.000000Z,2.2608890533447266,2.2715260982513428,2.1422119140625,2.1691470146179199,268057584
2024-06-09T00:00:00.000000Z,2.1687960624694824,2.2483799457550049,2.1634800434112549,2.2294929027557373,264821816
2024-06-10T00:00:00.000000Z,2.2295370101928711,2.2448949813842773,2.1671600341796875,2.1858339309692383,270551694
2024-06-11T00:00:00.000000Z,2.1859829425811768,2.1922569274902344,2.0394010543823242,2.0581700801849365,394255019
2024-06-12T00:00:00.000000Z,2.0580039024353027,2.2057249546051025,2.0069420337677002,2.1451549530029297,308192474
2024-06-13T00:00:00.000000Z,2.1452689170837402,2.1452689170837402,2.0028729438781738,2.0130980014801025,223065634
2024-06-14T00:00:00.000000Z,2.0130689144134521,2.0524270534515381,1.8999780416488647,2.003262996673584,251873111
2024-06-15T00:00:00.000000Z,2.0032401084899902,2.1001319885253906,2.0025219917297363,2.1001319885253906,177403297
2024-06-16T00:00:00.000000Z,2.1004900932312012,2.117750883102417,2.0389258861541748,2.0941479206085205,152366264
2024-06-17T00:00:00.000000Z,2.094149112701416,2.1000568866729736,1.9082390069961548,1.9368619918823242,246226302
2024-06-18T00:00:00.000000Z,1.9367820024490356,1.9404640197753906,1.7175489664077759,1.829503059387207,327708095
2024-06-19T00:00:00.000000Z,1.8294140100479126,1.9579340219497681,1.8088990449905396,1.9063559770584106,231097803
2024-06-20T00:00:00.000000Z,1.9063559770584106,2.0013461112976074,1.8305920362472534,1.8337860107421875,225786456
2024-06-21T00:00:00.000000Z,1.8338229656219482,1.8719589710235596,1.8082150220870972,1.8111699819564819,188877280
2024-06-22T00:00:00.000000Z,1.8112159967422485,1.819005012512207,1.7805750370025635,1.7905579805374146,116979604
2024-06-23T00:00:00.000000Z,1.7904130220413208,1.8224630355834961,1.7049089670181274,1.707455039024353,128212868
2024-06-24T00:00:00.000000Z,1.7076849937438965,1.7725980281829834,1.6593650579452515,1.7724850177764893,232764994
2024-06-25T00:00:00.000000Z,1.7726900577545166,1.7960720062255859,1.7252069711685181,1.7620350122451782,174276158
2024-06-26T00:00:00.000000Z,1.7621300220489502,1.7964210510253906,1.7138099670410156,1.784019947052002,160856166
2024-06-27T00:00:00.000000Z,1.7839579582214355,1.8344999551773071,1.7318819761276245,1.7966229915618896,194583004
2024-06-28T00:00:00.000000Z,1.7966330051422119,1.8355640172958374,1.7453639507293701,1.7479439973831177,162838729
2024-06-29T00:00:00.000000Z,1.7480000257492065,1.7889080047607422,1.7362289428710938,1.738036036491394,110173467
2024-06-30T00:00:00.000000Z,1.738090991973877,1.801272988319397,1.72080397605896,1.799360990524292,130614986
2024-07-01T00:00:00.000000Z,1.7993570566177368,1.8598699569702148,1.7460139989852905,1.7525180578231812,159653426
2024-07-02T00:00:00.000000Z,1.752472996711731,1.7798869609832764,1.7342720031738281,1.7667839527130127,135776205
2024-07-03T00:00:00.000000Z,1.7668900489807129,1.7786910533905029,1.6193920373916626,1.6353520154953003,176695613
2024-07-04T00:00:00.000000Z,1.6353310346603394,1.6466770172119141,1.4387669563293457,1.4409530162811279,458902947
2024-07-05T00:00:00.000000Z,1.4405189752578735,1.4418970346450806,1.2614309787750244,1.3298200368881226,381427753
2024-07-06T00:00:00.000000Z,1.3298749923706055,1.4956519603729248,1.3178919553756714,1.4880319833755493,182676191
2024-07-07T00:00:00.000000Z,1.4880290031433105,1.4899699687957764,1.3777749538421631,1.3826240301132202,159176451
2024-07-08T00:00:00.000000Z,1.3826849460601807,1.5280900001525879,1.328281044960022,1.4801150560379028,271742377
2024-07-09T00:00:00.000000Z,1.4799790382385254,1.6253859996795654,1.4760860204696655,1.6196420192718506,222375104
2024-07-10T00:00:00.000000Z,1.6191229820251465,1.6800249814987183,1.586804986000061,1.6771990060806274,198216284
2024-07-11T00:00:00.000000Z,1.6770650148391724,1.7151800394058228,1.6476509571075439,1.6605470180511475,177409356
2024-07-12T00:00:00.000000Z,1.6605240106582642,1.7508440017700195,1.6439570188522339,1.7104909420013428,207449704
2024-07-13T00:00:00.000000Z,1.7106859683990479,1.7387030124664307,1.6707450151443481,1.6900089979171753,141586409
2024-07-14T00:00:00.000000Z,1.6902459859848022,1.8254029750823975,1.6902459859848022,1.7998520135879517,168711605
2024-07-15T00:00:00.000000Z,1.8001300096511841,1.8675659894943237,1.7628669738769531,1.8558030128479004,225537092
2024-07-16T00:00:00.000000Z,1.8550070524215698,1.8619749546051025,1.715751051902771,1.7905139923095703,261283926
2024-07-17T00:00:00.000000Z,1.790613055229187,1.8818739652633667,1.790613055229187,1.8089950084686279,216515417
2024-07-18T00:00:00.000000Z,1.8090749979019165,1.8434200286865234,1.755607008934021,1.8246890306472778,180990267
2024-07-19T00:00:00.000000Z,1.8247159719467163,1.9593930244445801,1.7791520357131958,1.9591480493545532,214175553
2024-07-20T00:00:00.000000Z,1.9591480493545532,1.9705410003662109,1.9137129783630371,1.9280680418014526,143356351
2024-07-21T00:00:00.000000Z,1.9280710220336914,1.9765880107879639,1.8772660493850708,1.9729119539260864,190640867
2024-07-22T00:00:00.000000Z,1.9729160070419312,1.9863669872283936,1.8648380041122437,1.8739689588546753,177326132
2024-07-23T00:00:00.000000Z,1.8739689588546753,1.9565980434417725,1.8205389976501465,1.8736840486526489,257439721
2024-07-24T00:00:00.000000Z,1.873695969581604,1.886273980140686,1.7316709756851196,1.7367140054702759,159911164
2024-07-25T00:00:00.000000Z,1.7367140054702759,1.7493269443511963,1.6313420534133911,1.6939769983291626,246431044
2024-07-26T00:00:00.000000Z,1.6939350366592407,1.7594959735870361,1.6933879852294922,1.7356950044631958,186701411
2024-07-27T00:00:00.000000Z,1.7356950044631958,1.7827359437942505,1.7088609933853149,1.7490220069885254,182038808
2024-07-28T00:00:00.000000Z,1.748757004737854,1.7582410573959351,1.6866840124130249,1.7026859521865845,152757121
2024-07-29T00:00:00.000000Z,1.7026840448379517,1.7645679712295532,1.6623959541320801,1.6705390214920044,207312726
2024-07-30T00:00:00.000000Z,1.6707429885864258,1.7121469974517822,1.5975099802017212,1.6281119585037231,194112295
2024-07-31T00:00:00.000000Z,1.6281130313873291,1.6613229513168335,1.5651179552078247,1.5834100246429443,176265287
2024-08-01T00:00:00.000000Z,1.5834100246429443,1.60282301902771,1.4729330539703369,1.572253942489624,166614439
2024-08-02T00:00:00.000000Z,1.572253942489624,1.5836900472640991,1.4390109777450562,1.4614109992980957,188491757
2024-08-03T00:00:00.000000Z,1.4614109992980957,1.5115640163421631,1.379019021987915,1.4236999750137329,178601102
2024-08-04T00:00:00.000000Z,1.4236999750137329,1.4438489675521851,1.2962720394134521,1.3292059898376465,167953263
2024-08-05T00:00:00.000000Z,1.3292059898376465,1.3348720073699951,1.0701910257339478,1.1720000505447388,474941172
2024-08-06T00:00:00.000000Z,1.1720000505447388,1.3246860504150391,1.1710449457168579,1.2739789485931396,238339936
2024-08-07T00:00:00.000000Z,1.2739789485931396,1.3200869560241699,1.1850310564041138,1.19622802734375,162888858
2024-08-08T00:00:00.000000Z,1.1962100267410278,1.4218230247497559,1.1830970048904419,1.4213470220565796,178833737
2024-08-09T00:00:00.000000Z,1.4213470220565796,1.4402920007705688,1.3653010129928589,1.4097880125045776,148465887
2024-08-10T00:00:00.000000Z,1.4097880125045776,1.4532439708709717,1.3864970207214355,1.4279060363769531,111088421
2024-08-11T00:00:00.000000Z,1.4279090166091919,1.4787100553512573,1.3042449951171875,1.3096699714660645,143086630
2024-08-12T00:00:00.000000Z,1.3096679449081421,1.4272589683532715,1.2939740419387817,1.3800519704818726,196236227
2024-08-13T00:00:00.000000Z,1.3800519704818726,1.3825609683990479,1.3178960084915161,1.3662270307540894,138302111
2024-08-14T00:00:00.000000Z,1.3662270307540894,1.3913819789886475,1.3126180171966553,1.3284080028533936,142517690
2024-08-15T00:00:00.000000Z,1.3284080028533936,1.340641975402832,1.2296990156173706,1.2512379884719849,161499079
2024-08-16T00:00:00.000000Z,1.2511670589447021,1.2979389429092407,1.238893985748291,1.2819509506225586,145274945
2024-08-17T00:00:00.000000Z,1.2819509506225586,1.3402149677276611,1.2620580196380615,1.3401720523834229,134497544
2024-08-18T00:00:00.000000Z,1.3401720523834229,1.3734320402145386,1.3200360536575317,1.3354940414428711,128081830
2024-08-19T00:00:00.000000Z,1.3354940414428711,1.3838009834289551,1.3052070140838623,1.366534948348999,165293502
2024-08-20T00:00:00.000000Z,1.3695520162582397,1.4014300107955933,1.3239270448684692,1.3545370101928711,131902278
2024-08-21T00:00:00.000000Z,1.3525320291519165,1.4495140314102173,1.3459190130233765,1.4455000162124634,129874105
2024-08-22T00:00:00.000000Z,1.4455009698867798,1.5155930519104004,1.4230040311813354,1.5106580257415771,129391420
2024-08-23T00:00:00.000000Z,1.5106580257415771,1.6375110149383545,1.5052690505981445,1.6130900382995605,174427484
2024-08-24T00:00:00.000000Z,1.6130900382995605,1.64239501953125,1.5828169584274292,1.603659987449646,138222087
2024-08-25T00:00:00.000000Z,1.603659987449646,1.6054329872131348,1.5269219875335693,1.5496569871902466,131343511
2024-08-26T00:00:00.000000Z,1.5496759414672852,1.5648070573806763,1.4752800464630127,1.4878259897232056,131687500
2024-08-27T00:00:00.000000Z,1.4878259897232056,1.5149209499359131,1.3586219549179077,1.3742320537567139,166870523
2024-08-28T00:00:00.000000Z,1.3742320537567139,1.4367959499359131,1.3643549680709839,1.4273920059204102,183492510
2024-08-29T00:00:00.000000Z,1.4273920059204102,1.4914870262145996,1.4059339761734009,1.4258890151977539,145836485
2024-08-30T00:00:00.000000Z,1.4258890151977539,1.4746320247650146,1.3723499774932861,1.4702589511871338,137976701
2024-08-31T00:00:00.000000Z,1.4702589511871338,1.4788089990615845,1.4157669544219971,1.4183950424194336,79868619
2024-09-01T00:00:00.000000Z,1.4183950424194336,1.421051025390625,1.3509279489517212,1.3576960563659668,101797323
2024-09-02T00:00:00.000000Z,1.3576960563659668,1.421625018119812,1.3411420583724976,1.4086090326309204,117092873
2024-09-03T00:00:00.000000Z,1.4086090326309204,1.4356590509414673,1.3445190191268921,1.3482249975204468,96959764
2024-09-04T00:00:00.000000Z,1.3482249975204468,1.3789000511169434,1.2878409624099731,1.3477009534835815,132123148
2024-09-05T00:00:00.000000Z,1.3477009534835815,1.3626879453659058,1.3293520212173462,1.3559759855270386,111415159
2024-09-06T00:00:00.000000Z,1.3559759855270386,1.3789240121841431,1.2958600521087646,1.3372249603271484,174722332
2024-09-07T00:00:00.000000Z,1.3372249603271484,1.4335110187530518,1.3363369703292847,1.4162119626998901,115446539
2024-09-08T00:00:00.000000Z,1.4162119626998901,1.4709130525588989,1.3954429626464844,1.4183249473571777,118678929
2024-09-09T00:00:00.000000Z,1.4183249473571777,1.5418659448623657,1.4182699918746948,1.5304770469665527,124202146
2024-09-10T00:00:00.000000Z,1.5304770469665527,1.6262949705123901,1.5233639478683472,1.6126840114593506,137408306
2024-09-11T00:00:00.000000Z,1.6126840114593506,1.614732027053833,1.5363889932632446,1.5476319789886475,134095500
2024-09-12T00:00:00.000000Z,1.5476319789886475,1.5715060234069824,1.5125809907913208,1.5372979640960693,121834262
2024-09-13T00:00:00.000000Z,1.5372979640960693,1.5621750354766846,1.5044319629669189,1.5502539873123169,109910542
2024-09-14T00:00:00.000000Z,1.5502539873123169,1.5726109743118286,1.5310109853744507,1.5663989782333374,88854490
2024-09-15T00:00:00.000000Z,1.5663989782333374,1.5875860452651978,1.4719300270080566,1.4752260446548462,90914771
2024-09-16T00:00:00.000000Z,1.4752659797668457,1.5010050535202026,1.4348909854888916,1.4524810314178467,110239294
2024-09-17T00:00:00.000000Z,1.4524799585342407,1.5043699741363525,1.4390389919281006,1.4516400098800659,123241527
2024-09-18T00:00:00.000000Z,1.4516400098800659,1.5087029933929443,1.4111900329589844,1.5087029933929443,117669857
2024-09-19T00:00:00.000000Z,1.5087029933929443,1.6499600410461426,1.5087029933929443,1.6073780059814453,143362229
2024-09-20T00:00:00.000000Z,1.6073780059814453,1.6920779943466187,1.5806360244750977,1.6755789518356323,152786957
2024-09-21T00:00:00.000000Z,1.675678014755249,1.7686359882354736,1.6329139471054077,1.7682939767837524,132022336
2024-09-22T00:00:00.000000Z,1.7682549953460693,1.8054440021514893,1.6536409854888916,1.6928280591964722,122659056
2024-09-23T00:00:00.000000Z,1.6928280591964722,1.7696800231933594,1.6683039665222168,1.6983939409255981,133127207
2024-09-24T00:00:00.000000Z,1.6983939409255981,1.7471770048141479,1.6469990015029907,1.7344820499420166,147023525
2024-09-25T00:00:00.000000Z,1.7344820499420166,1.7633500099182129,1.6791050434112549,1.6834969520568848,127808752
2024-09-26T00:00:00.000000Z,1.6834969520568848,1.7785719633102417,1.6621099710464478,1.7487959861755371,146361966
2024-09-27T00:00:00.000000Z,1.7487959861755371,1.9357949495315552,1.747452974319458,1.9014860391616821,198063239
2024-09-28T00:00:00.000000Z,1.9014860391616821,1.9209100008010864,1.8349430561065674,1.8805309534072876,101895330
2024-09-29T00:00:00.000000Z,1.8805309534072876,1.9192039966583252,1.837602972984314,1.9006639719009399,119448367
2024-09-30T00:00:00.000000Z,1.9006489515304565,1.9189000129699707,1.7412879467010498,1.7517199516296387,169085672
2024-10-01T00:00:00.000000Z,1.7517249584197998,1.8753130435943604,1.6162970066070557,1.6650320291519165,219993410
2024-10-02T00:00:00.000000Z,1.6650320291519165,1.7070369720458984,1.5746669769287109,1.586804986000061,177035111
2024-10-03T00:00:00.000000Z,1.586804986000061,1.6167479753494263,1.4774839878082275,1.5186920166015625,176204254
2024-10-04T00:00:00.000000Z,1.5186920166015625,1.6218349933624268,1.5135940313339233,1.6053149700164795,138604572
2024-10-05T00:00:00.000000Z,1.6053149700164795,1.644752025604248,1.5725669860839844,1.5949720144271851,98322236
2024-10-06T00:00:00.000000Z,1.5949720144271851,1.6817669868469238,1.5795140266418457,1.6809279918670654,94585558
2024-10-07T00:00:00.000000Z,1.6809279918670654,1.7289609909057617,1.6401640176773071,1.6607240438461304,157206395
2024-10-08T00:00:00.000000Z,1.6607240438461304,1.700171947479248,1.594027042388916,1.6345239877700806,142682179
2024-10-09T00:00:00.000000Z,1.633491039276123,1.6634650230407715,1.5192509889602661,1.5295150279998779,150918198
2024-10-10T00:00:00.000000Z,1.5317529439926147,1.5558220148086548,1.4854609966278076,1.5525219440460205,140991500
2024-10-11T00:00:00.000000Z,1.5525219440460205,1.7145769596099854,1.5472190380096436,1.6919909715652466,161663763
2024-10-12T00:00:00.000000Z,1.6919909715652466,1.7525409460067749,1.6919909715652466,1.7156590223312378,111718794
2024-10-13T00:00:00.000000Z,1.7156599760055542,1.7179470062255859,1.6554199457168579,1.7066149711608887,106297488
2024-10-14T00:00:00.000000Z,1.7065989971160889,1.8006139993667603,1.6904239654541016,1.7781959772109985,152185204
2024-10-15T00:00:00.000000Z,1.7781959772109985,1.8105299472808838,1.6939469575881958,1.7319489717483521,177001388
2024-10-16T00:00:00.000000Z,1.7319489717483521,1.7963399887084961,1.7038929462432861,1.7487579584121704,161207861
2024-10-17T00:00:00.000000Z,1.7487579584121704,1.7587790489196777,1.6589770317077637,1.6717569828033447,126391163
2024-10-18T00:00:00.000000Z,1.6717569828033447,1.7340580224990845,1.6602050065994263,1.7183940410614014,112596588
2024-10-19T00:00:00.000000Z,1.7183940410614014,1.7350399494171143,1.6777360439300537,1.6933670043945312,77365176
2024-10-20T00:00:00.000000Z,1.6933670043945312,1.8078039884567261,1.6699390411376953,1.8069430589675903,129146149
2024-10-21T00:00:00.000000Z,1.8079119920730591,1.8295700550079346,1.7030709981918335,1.7174160480499268,137276790
2024-10-22T00:00:00.000000Z,1.717411994934082,1.7464319467544556,1.6776829957962036,1.6981929540634155,126051823
2024-10-23T00:00:00.000000Z,1.6981929540634155,1.7330729961395264,1.6590139865875244,1.7115260362625122,153432969
2024-10-24T00:00:00.000000Z,1.7223880290985107,1.7506760358810425,1.671159029006958,1.7079709768295288,133443941
2024-10-25T00:00:00.000000Z,1.7068690061569214,1.7369999885559082,1.5172200202941895,1.562391996383667,196975945
2024-10-26T00:00:00.000000Z,1.562620997428894,1.5960450172424316,1.5401929616928101,1.5629420280456543,133058463
2024-10-27T00:00:00.000000Z,1.5629420280456543,1.6068019866943359,1.5572119951248169,1.5923140048980713,87836434
2024-10-28T00:00:00.000000Z,1.5923140048980713,1.6342589855194092,1.5397000312805176,1.617279052734375,161285848
2024-10-29T00:00:00.000000Z,1.617279052734375,1.7289609909057617,1.6155569553375244,1.7010129690170288,159496247
2024-10-30T00:00:00.000000Z,1.7010129690170288,1.7918989658355713,1.6771329641342163,1.7193269729614258,170442705
2024-10-31T00:00:00.000000Z,1.7193269729614258,1.7259019613265991,1.6004519462585449,1.6101560592651367,141648225
2024-11-01T00:00:00.000000Z,1.6101560592651367,1.6448390483856201,1.5097190141677856,1.5206619501113892,161060494
2024-11-02T00:00:00.000000Z,1.5206619501113892,1.5321320295333862,1.4281109571456909,1.4555039405822754,154435993
2024-11-03T00:00:00.000000Z,1.4555039405822754,1.4687210321426392,1.3536880016326904,1.437000036239624,167577551
2024-11-04T00:00:00.000000Z,1.4328949451446533,1.4358819723129272,1.3010319471359253,1.341096043586731,172230912
2024-11-05T00:00:00.000000Z,1.341096043586731,1.4446769952774048,1.341096043586731,1.4159129858016968,150803592
2024-11-06T00:00:00.000000Z,1.4159129858016968,1.6328389644622803,1.4157429933547974,1.632004976272583,287059603
2024-11-07T00:00:00.000000Z,1.6007779836654663,1.6947480440139771,1.5490549802780151,1.592318058013916,268926715
2024-11-08T00:00:00.000000Z,1.6018129587173462,1.6331640481948853,1.5220190286636353,1.5768940448760986,230815072
2024-11-09T00:00:00.000000Z,1.5788719654083252,1.6788589954376221,1.5620449781417847,1.6496889591217041,272900521
2024-11-10T00:00:00.000000Z,1.6497130393981934,1.7276489734649658,1.5586049556732178,1.6442140340805054,571156824
2024-11-11T00:00:00.000000Z,1.6441960334777832,1.8183790445327759,1.6124310493469238,1.8182640075683594,657354089
2024-11-12T00:00:00.000000Z,1.8182640075683594,1.8575129508972168,1.5876179933547974,1.6721149682998657,754684271
2024-11-13T00:00:00.000000Z,1.6721149682998657,1.6950509548187256,1.5043690204620361,1.6196039915084839,611931198
2024-11-14T00:00:00.000000Z,1.6196039915084839,1.7033189535140991,1.4909310340881348,1.5093690156936646,446153179
2024-11-15T00:00:00.000000Z,1.5093690156936646,1.5980559587478638,1.4809149503707886,1.5935920476913452,325643905
2024-11-16T00:00:00.000000Z,1.5829750299453735,1.8134779930114746,1.5731220245361328,1.7757450342178345,429767420
2024-11-17T00:00:00.000000Z,1.7757450342178345,1.8144780397415161,1.6515840291976929,1.6765609979629517,451556821
2024-11-18T00:00:00.000000Z,1.6765609979629517,1.8425190448760986,1.6689020395278931,1.8276640176773071,461623107
2024-11-19T00:00:00.000000Z,1.8277729749679565,1.843425989151001,1.6945149898529053,1.7619580030441284,313055998
2024-11-20T00:00:00.000000Z,1.7619580030441284,1.801967978477478,1.6276600360870361,1.6489260196685791,356358022
2024-11-21T00:00:00.000000Z,1.6489260196685791,2.2022640705108643,1.6065330505371094,2.0849781036376953,1103355382
2024-11-22T00:00:00.000000Z,2.0852339267730713,2.3361730575561523,2.014448881149292,2.2030940055847168,998760177
2024-11-23T00:00:00.000000Z,2.2030930519104004,2.3328421115875244,2.1657619476318359,2.2065870761871338,851433156
2024-11-24T00:00:00.000000Z,2.2065870761871338,2.3359699249267578,2.0557470321655273,2.2001090049743652,654154321
2024-11-25T00:00:00.000000Z,2.20011305809021,2.4139280319213867,2.1139299869537354,2.3041350841522217,941738545
2024-11-26T00:00:00.000000Z,2.3041350841522217,2.3557519912719727,2.1135709285736084,2.2031490802764893,640555309
2024-11-27T00:00:00.000000Z,2.2031490802764893,2.5000460147857666,2.1620628833770752,2.4983329772949219,655289447
2024-11-28T00:00:00.000000Z,2.4983329772949219,2.5998940467834473,2.2924818992614746,2.3624958992004395,607709204
2024-11-29T00:00:00.000000Z,2.3624958992004395,2.4102890491485596,2.3060259819030762,2.3828349113464355,341027634
2024-11-30T00:00:00.000000Z,2.3828349113464355,2.4953420162200928,2.3505520820617676,2.4529941082000732,442871784
2024-12-01T00:00:00.000000Z,2.4529891014099121,2.5399799346923828,2.3799200057983398,2.4847879409790039,436300088
2024-12-02T00:00:00.000000Z,2.4655930995941162,2.5701930522918701,2.2955019474029541,2.5608160495758057,658045648
2024-12-03T00:00:00.000000Z,2.5608499050140381,2.5945379734039307,2.346919059753418,2.5587329864501953,653166202
2024-12-04T00:00:00.000000Z,2.5587730407714844,2.7381739616394043,2.5118029117584229,2.5478529930114746,884122985
2024-12-05T00:00:00.000000Z,2.5478529930114746,2.6260700225830078,2.4381439685821533,2.4982969760894775,713105523
2024-12-06T00:00:00.000000Z,2.4999830722808838,2.7293291091918945,2.4756031036376953,2.6684169769287109,754515611
2024-12-07T00:00:00.000000Z,2.6684169769287109,2.7718029022216797,2.655987024307251,2.6777870655059814,367985326
2024-12-08T00:00:00.000000Z,2.6899359226226807,2.7062530517578125,2.601485013961792,2.6768410205841064,296739821
2024-12-09T00:00:00.000000Z,2.674415111541748,2.6746559143066406,2.0699560642242432,2.248176097869873,774195919
2024-12-10T00:00:00.000000Z,2.248176097869873,2.3057279586791992,2.0430259704589844,2.2053329944610596,674934615
2024-12-11T00:00:00.000000Z,2.2053000926971436,2.3549489974975586,2.1247560977935791,2.3367810249328613,374088121
2024-12-12T00:00:00.000000Z,2.3367810249328613,2.6727840900421143,2.3224101066589355,2.5456640720367432,711125557
2024-12-13T00:00:00.000000Z,2.5456640720367432,2.6742620468139648,2.4795351028442383,2.551008939743042,635450004
2024-12-14T00:00:00.000000Z,2.5671238899230957,2.6524209976196289,2.3783009052276611,2.4390039443969727,418406755
2024-12-15T00:00:00.000000Z,2.4390039443969727,2.5484249591827393,2.4083850383758545,2.537524938583374,353843059
2024-12-16T00:00:00.000000Z,2.5375049114227295,2.6255791187286377,2.4691290855407715,2.5003209114074707,475418126
2024-12-17T00:00:00.000000Z,2.5003058910369873,2.5166690349578857,2.3118109703063965,2.3351840972900391,368256081
2024-12-18T00:00:00.000000Z,2.3352580070495605,2.3818631172180176,2.1528499126434326,2.1557509899139404,542458207
2024-12-19T00:00:00.000000Z,2.1557509899139404,2.1818571090698242,1.8458939790725708,1.9127479791641235,674695331
2024-12-20T00:00:00.000000Z,1.9127180576324463,1.985213041305542,1.6188479661941528,1.8876609802246094,728430539
2024-12-21T00:00:00.000000Z,1.8876609802246094,2.0074141025543213,1.7256159782409668,1.7439359426498413,388567683
2024-12-22T00:00:00.000000Z,1.7439429759979248,1.8203179836273193,1.7098209857940674,1.7576479911804199,302201881
2024-12-23T00:00:00.000000Z,1.7576479911804199,1.950577974319458,1.7100290060043335,1.9218950271606445,419871139
2024-12-24T00:00:00.000000Z,1.9218950271606445,1.9758369922637939,1.8655519485473633,1.9512710571289062,326426883
2024-12-25T00:00:00.000000Z,1.9512710571289062,1.9740409851074219,1.8835649490356445,1.9168159961700439,237333626
2024-12-26T00:00:00.000000Z,1.9168159961700439,1.9305180311203003,1.7572510242462158,1.7767499685287476,250963167
2024-12-27T00:00:00.000000Z,1.7767390012741089,1.9019479751586914,1.7710429430007935,1.8521679639816284,300971073
2024-12-28T00:00:00.000000Z,1.8521679639816284,1.903607964515686,1.8195309638977051,1.8907120227813721,196427860
2024-12-29T00:00:00.000000Z,1.8907120227813721,1.892704963684082,1.7906010150909424,1.8089569807052612,165276134
2024-12-30T00:00:00.000000Z,1.8089540004730225,1.9130270481109619,1.7667850255966187,1.8227200508117676,350099161
2024-12-31T00:00:00.000000Z,1.8227200508117676,1.8731520175933838,1.7384929656982422,1.7517460584640503,229566598
2025-01-01T00:00:00.000000Z,1.7517460584640503,1.8345960378646851,1.734483003616333,1.8146200180053711,187005992
2025-01-02T00:00:00.000000Z,1.8146209716796875,1.8897600173950195,1.8127340078353882,1.8763309717178345,246334827
2025-01-03T00:00:00.000000Z,1.8763450384140015,2.0212719440460205,1.8369100093841553,2.0124270915985107,302759601
2025-01-04T00:00:00.000000Z,2.0124239921569824,2.1122250556945801,1.9858920574188232,2.0638630390167236,296561191
2025-01-05T00:00:00.000000Z,2.0638630390167236,2.1135380268096924,2.0304939746856689,2.0943000316619873,237503156
2025-01-06T00:00:00.000000Z,2.0943000316619873,2.1805338859558105,2.0636789798736572,2.1083691120147705,293117209
2025-01-07T00:00:00.000000Z,2.1083669662475586,2.1260809898376465,1.8858959674835205,1.8924380540847778,307788178
2025-01-08T00:00:00.000000Z,1.8924380540847778,1.9223740100860596,1.7188040018081665,1.8046220541000366,308249555
2025-01-09T00:00:00.000000Z,1.804623007774353,1.8367550373077393,1.7127189636230469,1.7498650550842285,275231892
2025-01-10T00:00:00.000000Z,1.749858021736145,1.8246749639511108,1.7310400009155273,1.7897800207138062,236597386
2025-01-11T00:00:00.000000Z,1.7897800207138062,1.8215459585189819,1.76465904712677,1.7910020351409912,138187487
2025-01-12T00:00:00.000000Z,1.7909829616546631,1.8127950429916382,1.7608369588851929,1.7820479869842529,125394022
2025-01-13T00:00:00.000000Z,1.7820479869842529,1.8237110376358032,1.5946340560913086,1.7268500328063965,278331052
2025-01-14T00:00:00.000000Z,1.7268500328063965,1.7979530096054077,1.7183740139007568,1.7872469425201416,151899273
2025-01-15T00:00:00.000000Z,1.7872480154037476,1.9005639553070068,1.7432279586791992,1.8995649814605713,199402524
2025-01-16T00:00:00.000000Z,1.899603009223938,1.9117670059204102,1.8241959810256958,1.837797999382019,219971488
2025-01-17T00:00:00.000000Z,1.8377549648284912,1.9899270534515381,1.8373520374298096,1.9648610353469849,216274001
2025-01-18T00:00:00.000000Z,1.9648610353469849,1.9962270259857178,1.7805989980697632,1.8271470069885254,246389911
2025-01-19T00:00:00.000000Z,1.8271470069885254,1.9116859436035156,1.6947640180587769,1.7022299766540527,553294260
2025-01-20T00:00:00.000000Z,1.7022479772567749,1.846532940864563,1.6280280351638794,1.7044349908828735,641614997
2025-01-21T00:00:00.000000Z,1.7043850421905518,1.784026026725769,1.6248970031738281,1.7472150325775146,267372222
2025-01-22T00:00:00.000000Z,1.7472150325775146,1.7683850526809692,1.7090320587158203,1.7118380069732666,163480178
2025-01-23T00:00:00.000000Z,1.7115880250930786,1.7340530157089233,1.6603200435638428,1.723423957824707,216437131
2025-01-24T00:00:00.000000Z,1.7233250141143799,1.8104599714279175,1.6869230270385742,1.7176380157470703,213544816
2025-01-25T00:00:00.000000Z,1.7176779508590698,1.7182379961013794,1.6321840286254883,1.6323419809341431,146975164
2025-01-26T00:00:00.000000Z,1.6323800086975098,1.6738959550857544,1.5641859769821167,1.5644789934158325,142902232
2025-01-27T00:00:00.000000Z,1.5644789934158325,1.564674973487854,1.3268439769744873,1.4541399478912354,375492942
2025-01-28T00:00:00.000000Z,1.4541399478912354,1.4758470058441162,1.3596580028533936,1.3735849857330322,147829491
2025-01-29T00:00:00.000000Z,1.3735929727554321,1.4933420419692993,1.3705660104751587,1.4353770017623901,201564151
2025-01-30T00:00:00.000000Z,1.4354369640350342,1.501721978187561,1.4228349924087524,1.4545019865036011,155708635
2025-01-31T00:00:00.000000Z,1.4545019865036011,1.4990609884262085,1.3809000253677368,1.4257040023803711,271201609
2025-02-01T00:00:00.000000Z,1.4257320165634155,1.4572679996490479,1.3295120000839233,1.3386850357055664,162456288
2025-02-02T00:00:00.000000Z,1.3386850357055664,1.3669949769973755,1.0677820444107056,1.1135909557342529,351128555
2025-02-03T00:00:00.000000Z,1.1137750148773193,1.2096869945526123,0.83959102630615234,1.1873470544815063,903588682
2025-02-04T00:00:00.000000Z,1.1873470544815063,1.1914730072021484,1.0462950468063354,1.1150389909744263,408983433
2025-02-05T00:00:00.000000Z,1.1150389909744263,1.1414430141448975,1.0764139890670776,1.0886050462722778,195730448
2025-02-06T00:00:00.000000Z,1.0886050462722778,1.1302130222320557,1.029242992401123,1.0380380153656006,175348987
2025-02-07T00:00:00.000000Z,1.0379929542541504,1.1122599840164185,0.98655998706817627,1.0182230472564697,185060322
2025-02-08T00:00:00.000000Z,1.0182230472564697,1.0701309442520142,1.0012799501419067,1.0642969608306885,127941595
2025-02-09T00:00:00.000000Z,1.0642950534820557,1.0879570245742798,1.0203039646148682,1.0815860033035278,125752183
2025-02-10T00:00:00.000000Z,1.0815860033035278,1.1129720211029053,1.0404030084609985,1.09626305103302,171222627
2025-02-11T00:00:00.000000Z,1.09626305103302,1.1402209997177124,1.0533790588378906,1.0703129768371582,162003782
2025-02-12T00:00:00.000000Z,1.0703309774398804,1.1505910158157349,1.0348880290985107,1.1215939521789551,198554893
2025-02-13T00:00:00.000000Z,1.1215939521789551,1.1605119705200195,1.0899200439453125,1.1235339641571045,175846220
2025-02-14T00:00:00.000000Z,1.1235339641571045,1.1956249475479126,1.1131540536880493,1.1565630435943604,183733854
2025-02-15T00:00:00.000000Z,1.1565630435943604,1.1631309986114502,1.1164829730987549,1.1285209655761719,112600795
2025-02-16T00:00:00.000000Z,1.1285209655761719,1.1480100154876709,1.1013619899749756,1.116737961769104,102951020
2025-02-17T00:00:00.000000Z,1.1166989803314209,1.2032999992370605,1.1080820560455322,1.201807975769043,228273166
2025-02-18T00:00:00.000000Z,1.2018460035324097,1.2105200290679932,1.0469080209732056,1.0848900079727173,221581329
2025-02-19T00:00:00.000000Z,1.0848900079727173,1.1483089923858643,1.0771909952163696,1.1259069442749023,157839848
2025-02-20T00:00:00.000000Z,1.1259069442749023,1.1811980009078979,1.1252069473266602,1.1636060476303101,166022590
2025-02-21T00:00:00.000000Z,1.1636090278625488,1.2007709741592407,1.0757620334625244,1.0884139537811279,233217053
2025-02-22T00:00:00.000000Z,1.0883909463882446,1.1529990434646606,1.0738149881362915,1.1440349817276001,152082082
2025-02-23T00:00:00.000000Z,1.1440349817276001,1.1891789436340332,1.1402709484100342,1.1799310445785522,161397068
2025-02-24T00:00:00.000000Z,1.1799310445785522,1.1963870525360107,0.99129599332809448,1.002032995223999,246082599
2025-02-25T00:00:00.000000Z,1.0020689964294434,1.0902349948883057,0.94351798295974731,1.0781019926071167,345054501
2025-02-26T00:00:00.000000Z,1.0780750513076782,1.1742639541625977,1.0530539751052856,1.1523820161819458,266674556
2025-02-27T00:00:00.000000Z,1.1523669958114624,1.2034620046615601,1.0751420259475708,1.1039179563522339,228557243
2025-02-28T00:00:00.000000Z,1.103937029838562,1.111361026763916,1.0185439586639404,1.0800080299377441,268461699
2025-03-01T00:00:00.000000Z,1.0800069570541382,1.0975970029830933,1.0271960496902466,1.0419319868087769,153898810
2025-03-02T00:00:00.000000Z,1.0419319868087769,1.1741420030593872,1.0343329906463623,1.1669549942016602,217487288
2025-03-03T00:00:00.000000Z,1.1669540405273438,1.16736900806427,0.96463102102279663,0.98473000526428223,234720972
2025-03-04T00:00:00.000000Z,0.98480302095413208,0.98582202196121216,0.88161498308181763,0.94253897666931152,297092776
2025-03-05T00:00:00.000000Z,0.94253802299499512,1.0032860040664673,0.92495101690292358,0.98672997951507568,178418541
2025-03-06T00:00:00.000000Z,0.98672997951507568,1.0421090126037598,0.95563501119613647,0.95564001798629761,167976132
2025-03-07T00:00:00.000000Z,0.95564001798629761,0.99907201528549194,0.91506999731063843,0.9564250111579895,208283059
2025-03-08T00:00:00.000000Z,0.9564250111579895,0.96087199449539185,0.92084097862243652,0.93487697839736938,102588382
2025-03-09T00:00:00.000000Z,0.93487697839736938,0.93940001726150513,0.84360301494598389,0.84730798006057739,127848461
2025-03-10T00:00:00.000000Z,0.84730798006057739,0.92974400520324707,0.80376899242401123,0.80534297227859497,219323820
2025-03-11T00:00:00.000000Z,0.80532097816467285,0.87867498397827148,0.74869298934936523,0.85122102499008179,232978141
2025-03-12T00:00:00.000000Z,0.85122102499008179,0.8787580132484436,0.81207400560379028,0.87862801551818848,149087890
2025-03-13T00:00:00.000000Z,0.87862801551818848,0.88248497247695923,0.82123500108718872,0.83637601137161255,143471926
2025-03-14T00:00:00.000000Z,0.83637601137161255,0.88985997438430786,0.83494502305984497,0.86696499586105347,96804007
2025-03-15T00:00:00.000000Z,0.86688500642776489,0.89289599657058716,0.86108499765396118,0.88740301132202148,81603549
2025-03-16T00:00:00.000000Z,0.88739901781082153,0.88998997211456299,0.82254898548126221,0.83094900846481323,122797773
2025-03-17T00:00:00.000000Z,0.83094602823257446,0.91242200136184692,0.83067399263381958,0.88727700710296631,131600541
2025-03-18T00:00:00.000000Z,0.88727700710296631,0.88727700710296631,0.83967399597167969,0.8726230263710022,103023013
2025-03-19T00:00:00.000000Z,0.87264001369476318,0.93468999862670898,0.86989998817443848,0.92278999090194702,203180641
2025-03-20T00:00:00.000000Z,0.92271900177001953,0.92311400175094604,0.87007200717926025,0.87826597690582275,122381186
2025-03-21T00:00:00.000000Z,0.87826400995254517,0.88662499189376831,0.83909600973129272,0.84612500667572021,121051350
2025-03-22T00:00:00.000000Z,0.84612500667572021,0.87360399961471558,0.8461189866065979,0.85936099290847778,72292051
2025-03-23T00:00:00.000000Z,0.85936099290847778,0.87142902612686157,0.84165102243423462,0.85657602548599243,106158990
2025-03-24T00:00:00.000000Z,0.85657602548599243,0.91498702764511108,0.84734302759170532,0.90314298868179321,111379630
2025-03-25T00:00:00.000000Z,0.90310698747634888,0.91437500715255737,0.88639098405838013,0.90376698970794678,98691574
2025-03-26T00:00:00.000000Z,0.90376698970794678,0.92888402938842773,0.87624198198318481,0.88573098182678223,99297813
2025-03-27T00:00:00.000000Z,0.88573098182678223,0.92419201135635376,0.88472497463226318,0.9053570032119751,106788469
2025-03-28T00:00:00.000000Z,0.90535497665405273,0.91096097230911255,0.82136398553848267,0.83254402875900269,118473653
2025-03-29T00:00:00.000000Z,0.83254402875900269,0.83765798807144165,0.75489699840545654,0.76549601554870605,98591366
2025-03-30T00:00:00.000000Z,0.76549601554870605,0.77870899438858032,0.73598098754882812,0.74300199747085571,102803446
2025-03-31T00:00:00.000000Z,0.74300301074981689,0.75730299949645996,0.72045999765396118,0.73304098844528198,125137890
2025-04-01T00:00:00.000000Z,0.73304098844528198,0.77162402868270874,0.73225998878479004,0.75687801837921143,108973542
2025-04-02T00:00:00.000000Z,0.75687801837921143,0.75695598125457764,0.69865500926971436,0.70252501964569092,192256656
2025-04-03T00:00:00.000000Z,0.70252597332000732,0.72668397426605225,0.66045302152633667,0.69977098703384399,136296919
2025-04-04T00:00:00.000000Z,0.69977098703384399,0.71916699409484863,0.67954802513122559,0.70943498611450195,111995065
2025-04-05T00:00:00.000000Z,0.70943498611450195,0.71404999494552612,0.68744200468063354,0.6966170072555542,67702892
2025-04-06T00:00:00.000000Z,0.69661498069763184,0.69665002822875977,0.58427602052688599,0.59895098209381104,137607415
2025-04-07T00:00:00.000000Z,0.5989689826965332,0.62977701425552368,0.55406802892684937,0.61474102735519409,240721749
2025-04-08T00:00:00.000000Z,0.61474102735519409,0.63304299116134644,0.58155202865600586,0.58987098932266235,142521130
2025-04-09T00:00:00.000000Z,0.58987098932266235,0.67543500661849976,0.56998497247695923,0.66251397132873535,202356986
2025-04-10T00:00:00.000000Z,0.66250097751617432,0.66312098503112793,0.63013601303100586,0.6389390230178833,107664400
2025-04-11T00:00:00.000000Z,0.63886398077011108,0.67099601030349731,0.63876897096633911,0.66343998908996582,88592373
2025-04-12T00:00:00.000000Z,0.66340702772140503,0.69442600011825562,0.65612202882766724,0.68864202499389648,74195218
2025-04-13T00:00:00.000000Z,0.68864202499389648,0.70915901660919189,0.66302400827407837,0.67261302471160889,96638764
2025-04-14T00:00:00.000000Z,0.67261201143264771,0.69989597797393799,0.64898300170898438,0.65921097993850708,108395333
2025-04-15T00:00:00.000000Z,0.65921097993850708,0.66575002670288086,0.6354060173034668,0.63628798723220825,74875400
2025-04-16T00:00:00.000000Z,0.63633102178573608,0.64787602424621582,0.61900997161865234,0.63339900970458984,82962316
2025-04-17T00:00:00.000000Z,0.63339900970458984,0.65368402004241943,0.63024699687957764,0.64572101831436157,62479731
2025-04-18T00:00:00.000000Z,0.64572101831436157,0.66680401563644409,0.63988202810287476,0.66263198852539062,53773314
2025-04-19T00:00:00.000000Z,0.66263198852539062,0.71158498525619507,0.6625409722328186,0.70282500982284546,64490293
2025-04-20T00:00:00.000000Z,0.70285898447036743,0.72267597913742065,0.69735997915267944,0.7154269814491272,66086974
2025-04-21T00:00:00.000000Z,0.71539700031280518,0.7343980073928833,0.69749897718429565,0.70062202215194702,103146869
2025-04-22T00:00:00.000000Z,0.70061898231506348,0.74226701259613037,0.67814797163009644,0.74217700958251953,151465843
2025-04-23T00:00:00.000000Z,0.74217700958251953,0.77578902244567871,0.74006497859954834,0.77190101146697998,151070317
2025-04-24T00:00:00.000000Z,0.77190202474594116,0.79573798179626465,0.74266397953033447,0.79182600975036621,129919227
2025-04-25T00:00:00.000000Z,0.79182600975036621,0.81998801231384277,0.77681499719619751,0.80770301818847656,143707644
2025-04-26T00:00:00.000000Z,0.80769801139831543,0.84619098901748657,0.8076549768447876,0.84372502565383911,96006622
2025-04-27T00:00:00.000000Z,0.84371501207351685,0.85231900215148926,0.77454197406768799,0.77472102642059326,110690296
2025-04-28T00:00:00.000000Z,0.77473199367523193,0.80307298898696899,0.7575259804725647,0.78321099281311035,162613946
2025-04-29T00:00:00.000000Z,0.78321099281311035,0.79649502038955688,0.75154197216033936,0.75754702091217041,117591010
2025-04-30T00:00:00.000000Z,0.75754600763320923,0.76199197769165039,0.72410297393798828,0.72957402467727661,136839111
2025-05-01T00:00:00.000000Z,0.7295839786529541,0.74646598100662231,0.72550702095031738,0.73019599914550781,134286396
2025-05-02T00:00:00.000000Z,0.73008298873901367,0.74589997529983521,0.70108699798583984,0.71236097812652588,157354766
2025-05-03T00:00:00.000000Z,0.71236097812652588,0.71711701154708862,0.66396200656890869,0.67924398183822632,103055877
2025-05-04T00:00:00.000000Z,0.67924398183822632,0.68617397546768188,0.65612399578094482,0.66438800096511841,94609353
2025-05-05T00:00:00.000000Z,0.66438800096511841,0.68051302433013916,0.6398320198059082,0.6423180103302002,115507347
2025-05-06T00:00:00.000000Z,0.6423180103302002,0.64233201742172241,0.58864998817443848,0.60997498035430908,155101798
2025-05-07T00:00:00.000000Z,0.60997498035430908,0.62075197696685791,0.57476300001144409,0.59549099206924438,176995580
2025-05-08T00:00:00.000000Z,0.59548801183700562,0.69559401273727417,0.59548801183700562,0.69005298614501953,257285366
2025-05-09T00:00:00.000000Z,0.69005298614501953,0.76681602001190186,0.69003897905349731,0.7603679895401001,343147708
2025-05-10T00:00:00.000000Z,0.7603679895401001,0.92972999811172485,0.75306302309036255,0.91270798444747925,394785037
2025-05-11T00:00:00.000000Z,0.91270601749420166,0.94871300458908081,0.84002000093460083,0.86197799444198608,447453035
2025-05-12T00:00:00.000000Z,0.86200398206710815,0.90908098220825195,0.81296098232269287,0.82132500410079956,433068986
2025-05-13T00:00:00.000000Z,0.82132500410079956,0.90825599431991577,0.77238297462463379,0.90311098098754883,346760954
2025-05-14T00:00:00.000000Z,0.90309500694274902,0.91683101654052734,0.8106989860534668,0.81875699758529663,301034925
2025-05-15T00:00:00.000000Z,0.81874197721481323,0.84214198589324951,0.73001301288604736,0.74824702739715576,319727045
2025-05-16T00:00:00.000000Z,0.74829298257827759,0.76929199695587158,0.70400500297546387,0.70957201719284058,210989189
2025-05-17T00:00:00.000000Z,0.70959097146987915,0.71231800317764282,0.68672299385070801,0.69588202238082886,142903457
2025-05-18T00:00:00.000000Z,0.69588202238082886,0.75029802322387695,0.67317700386047363,0.73107999563217163,214734746
2025-05-19T00:00:00.000000Z,0.73074400424957275,0.73569899797439575,0.67652297019958496,0.71347701549530029,206622426
2025-05-20T00:00:00.000000Z,0.71346700191497803,0.73847997188568115,0.69305497407913208,0.72017097473144531,192982312
2025-05-21T00:00:00.000000Z,0.72023499011993408,0.77206301689147949,0.70972299575805664,0.74352902173995972,283631807
2025-05-22T00:00:00.000000Z,0.74352902173995972,0.82697701454162598,0.74306398630142212,0.81010997295379639,266969917
2025-05-23T00:00:00.000000Z,0.81010997295379639,0.84019601345062256,0.74083799123764038,0.7428249716758728,296364326
2025-05-24T00:00:00.000000Z,0.7428249716758728,0.77856200933456421,0.73865699768066406,0.74459397792816162,126062862
2025-05-25T00:00:00.000000Z,0.74459397792816162,0.75084501504898071,0.70938301086425781,0.74576598405838013,132726411
2025-05-26T00:00:00.000000Z,0.74576598405838013,0.78185200691223145,0.74312198162078857,0.76003700494766235,142096069
2025-05-27T00:00:00.000000Z,0.76004600524902344,0.78884798288345337,0.74341499805450439,0.76083701848983765,173536617
2025-05-28T00:00:00.000000Z,0.76083797216415405,0.79519897699356079,0.74572700262069702,0.77603697776794434,198707499
2025-05-29T00:00:00.000000Z,0.77603697776794434,0.82042598724365234,0.7295989990234375,0.73061597347259521,254969653
2025-05-30T00:00:00.000000Z,0.73062002658843994,0.73362398147583008,0.62032002210617065,0.62123197317123413,298166560
2025-05-31T00:00:00.000000Z,0.62123799324035645,0.66055899858474731,0.6014549732208252,0.65098702907562256,209840823
2025-06-01T00:00:00.000000Z,0.65098702907562256,0.66137599945068359,0.63300400972366333,0.64735198020935059,129499737
2025-06-02T00:00:00.000000Z,0.64736998081207275,0.67318302392959595,0.62938600778579712,0.67132800817489624,150402989
2025-06-03T00:00:00.000000Z,0.67132800817489624,0.68842697143554688,0.65922898054122925,0.66473501920700073,173493170
2025-06-04T00:00:00.000000Z,0.66473501920700073,0.67805200815200806,0.62554198503494263,0.62834697961807251,158370779
2025-06-05T00:00:00.000000Z,0.62834697961807251,0.65092301368713379,0.58133697509765625,0.59255397319793701,225341770
2025-06-06T00:00:00.000000Z,0.59255397319793701,0.61405998468399048,0.58721697330474854,0.5933539867401123,165306958
2025-06-07T00:00:00.000000Z,0.5933539867401123,0.6385989785194397,0.59263300895690918,0.62783598899841309,134013082
2025-06-08T00:00:00.000000Z,0.62783598899841309,0.62811797857284546,0.60869598388671875,0.61018097400665283,126907571
2025-06-09T00:00:00.000000Z,0.61017400026321411,0.65778398513793945,0.59478902816772461,0.65587198734283447,185840453
2025-06-10T00:00:00.000000Z,0.65587198734283447,0.72151601314544678,0.63717997074127197,0.72151601314544678,335262333
2025-06-11T00:00:00.000000Z,0.72151601314544678,0.74783402681350708,0.68784201145172119,0.69562500715255737,331307934
2025-06-12T00:00:00.000000Z,0.69562399387359619,0.70329201221466064,0.63043200969696045,0.63114398717880249,221372180
2025-06-13T00:00:00.000000Z,0.63114398717880249,0.63114398717880249,0.56108200550079346,0.59002900123596191,469088784
2025-06-14T00:00:00.000000Z,0.59002900123596191,0.60546600818634033,0.58391201496124268,0.60026001930236816,191650321
2025-06-15T00:00:00.000000Z,0.60026001930236816,0.60221999883651733,0.57643699645996094,0.59266597032546997,133805847
2025-06-16T00:00:00.000000Z,0.59266597032546997,0.61681097745895386,0.58396399021148682,0.58396399021148682,254783322
2025-06-17T00:00:00.000000Z,0.58390599489212036,0.59547501802444458,0.54763799905776978,0.56044000387191772,265381272
2025-06-18T00:00:00.000000Z,0.56044000387191772,0.56940799951553345,0.53600597381591797,0.56323200464248657,234288050
2025-06-19T00:00:00.000000Z,0.56323200464248657,0.57440602779388428,0.55656898021697998,0.56526100635528564,116408205
2025-06-20T00:00:00.000000Z,0.56526201963424683,0.57909500598907471,0.53648900985717773,0.54305702447891235,190271108
2025-06-21T00:00:00.000000Z,0.54305702447891235,0.5528380274772644,0.4977869987487793,0.50459897518157959,177247316
2025-06-22T00:00:00.000000Z,0.50475001335144043,0.51973199844360352,0.46123901009559631,0.48571398854255676,298891200
2025-06-23T00:00:00.000000Z,0.48571398854255676,0.55084598064422607,0.4851590096950531,0.54861700534820557,224789106
2025-06-24T00:00:00.000000Z,0.54861700534820557,0.57426601648330688,0.54526698589324951,0.55549401044845581,171401484
2025-06-25T00:00:00.000000Z,0.55549401044845581,0.55844801664352417,0.53723001480102539,0.53965598344802856,150787582
2025-06-26T00:00:00.000000Z,0.53965598344802856,0.55678302049636841,0.52119201421737671,0.52872300148010254,158421019
2025-06-27T00:00:00.000000Z,0.52872300148010254,0.53955197334289551,0.52394700050354004,0.53453898429870605,124077717
2025-06-28T00:00:00.000000Z,0.53453898429870605,0.55510300397872925,0.53314602375030518,0.55178302526473999,78642143
2025-06-29T00:00:00.000000Z,0.55178302526473999,0.62123399972915649,0.54870897531509399,0.60927098989486694,182429736
2025-06-30T00:00:00.000000Z,0.60927098989486694,0.60927098989486694,0.56520199775695801,0.56633901596069336,178313297
2025-07-01T00:00:00.000000Z,0.56633901596069336,0.57099002599716187,0.52516001462936401,0.5275229811668396,119709465
2025-07-02T00:00:00.000000Z,0.5275229811668396,0.57406502962112427,0.52550500631332397,0.56387102603912354,177589225
2025-07-03T00:00:00.000000Z,0.56387102603912354,0.58936899900436401,0.56219398975372314,0.57359099388122559,152130055
2025-07-04T00:00:00.000000Z,0.57359099388122559,0.57904201745986938,0.52663201093673706,0.53070402145385742,117664275
2025-07-05T00:00:00.000000Z,0.53070402145385742,0.53766500949859619,0.51979100704193115,0.53214699029922485,77186888
2025-07-06T00:00:00.000000Z,0.53214699029922485,0.55356502532958984,0.52172297239303589,0.54398798942565918,128008099
2025-07-07T00:00:00.000000Z,0.54398798942565918,0.55298000574111938,0.53684800863265991,0.54512298107147217,129175165
2025-07-08T00:00:00.000000Z,0.54519599676132202,0.55203801393508911,0.53083300590515137,0.54856401681900024,137060564
2025-07-09T00:00:00.000000Z,0.54856401681900024,0.59444999694824219,0.53603202104568481,0.58684897422790527,237075461
2025-07-10T00:00:00.000000Z,0.58684897422790527,0.65968501567840576,0.58059102296829224,0.65855801105499268,289565922
2025-07-11T00:00:00.000000Z,0.65855801105499268,0.69931501150131226,0.64798802137374878,0.65888297557830811,405738895
2025-07-12T00:00:00.000000Z,0.65888297557830811,0.66668599843978882,0.62533700466156006,0.64819097518920898,205657328
2025-07-13T00:00:00.000000Z,0.64819097518920898,0.67222297191619873,0.64356201887130737,0.65422797203063965,154114746
2025-07-14T00:00:00.000000Z,0.65422797203063965,0.698589026927948,0.64628297090530396,0.65742498636245728,283088743
2025-07-15T00:00:00.000000Z,0.65742498636245728,0.70720201730728149,0.63511902093887329,0.70366299152374268,259727205
2025-07-16T00:00:00.000000Z,0.70366299152374268,0.73321700096130371,0.68918401002883911,0.70603299140930176,356531569
2025-07-17T00:00:00.000000Z,0.70603299140930176,0.72995597124099731,0.68545800447463989,0.72090500593185425,333082805
2025-07-18T00:00:00.000000Z,0.72090500593185425,0.81729400157928467,0.71691501140594482,0.74734902381896973,554869850
2025-07-19T00:00:00.000000Z,0.7473520040512085,0.78914999961853027,0.72464102506637573,0.76215600967407227,228874112
2025-07-20T00:00:00.000000Z,0.76215600967407227,0.81099098920822144,0.75398397445678711,0.78618097305297852,300355376
2025-07-21T00:00:00.000000Z,0.78617000579833984,0.82024502754211426,0.76571500301361084,0.80598002672195435,309006459
2025-07-22T00:00:00.000000Z,0.80598002672195435,0.81170898675918579,0.73622298240661621,0.79914098978042603,373877284
2025-07-23T00:00:00.000000Z,0.79914098978042603,0.80030202865600586,0.67401999235153198,0.69027799367904663,338119659
2025-07-24T00:00:00.000000Z,0.69026398658752441,0.7285810112953186,0.65334898233413696,0.6923140287399292,320493048
2025-07-25T00:00:00.000000Z,0.6923140287399292,0.72264498472213745,0.66788798570632935,0.71956098079681396,262733007
2025-07-26T00:00:00.000000Z,0.71956098079681396,0.73381000757217407,0.71573901176452637,0.72247099876403809,124290783
2025-07-27T00:00:00.000000Z,0.72247099876403809,0.74998301267623901,0.71734899282455444,0.74341797828674316,144786694
2025-07-28T00:00:00.000000Z,0.74341797828674316,0.86367499828338623,0.73042100667953491,0.75518399477005005,1215690979
2025-07-29T00:00:00.000000Z,0.75518399477005005,0.7855830192565918,0.71260499954223633,0.72537797689437866,388802523
2025-07-30T00:00:00.000000Z,0.72537797689437866,0.7256619930267334,0.67249000072479248,0.705253005027771,280129325
2025-07-31T00:00:00.000000Z,0.70526999235153198,0.7285810112953186,0.66423302888870239,0.66794997453689575,200787379
2025-08-01T00:00:00.000000Z,0.66795599460601807,0.6718980073928833,0.62930798530578613,0.6488879919052124,313920944
2025-08-02T00:00:00.000000Z,0.6488879919052124,0.65372401475906372,0.61739099025726318,0.63187599182128906,169300371
2025-08-03T00:00:00.000000Z,0.63187599182128906,0.65802502632141113,0.62616199254989624,0.65638202428817749,113294909
2025-08-04T00:00:00.000000Z,0.65637999773025513,0.71423798799514771,0.65624499320983887,0.70467901229858398,195363430
2025-08-05T00:00:00.000000Z,0.70467901229858398,0.70480400323867798,0.64838099479675293,0.66118401288986206,204564326
2025-08-06T00:00:00.000000Z,0.66118401288986206,0.67583602666854858,0.64228802919387817,0.66835302114486694,161747040
2025-08-07T00:00:00.000000Z,0.66835302114486694,0.71822202205657959,0.66514402627944946,0.71628201007843018,186550071
2025-08-08T00:00:00.000000Z,0.71628201007843018,0.76686698198318481,0.70940697193145752,0.75764501094818115,346731922
2025-08-09T00:00:00.000000Z,0.75764501094818115,0.81345200538635254,0.75742298364639282,0.81023198366165161,297067588
2025-08-10T00:00:00.000000Z,0.81023198366165161,0.81415998935699463,0.7555050253868103,0.78860300779342651,263611679
2025-08-11T00:00:00.000000Z,0.78860300779342651,0.80953902006149292,0.74311697483062744,0.75029200315475464,288818774
2025-08-12T00:00:00.000000Z,0.75029200315475464,0.79702901840209961,0.73875099420547485,0.78596502542495728,255569686
2025-08-13T00:00:00.000000Z,0.78596502542495728,0.88119202852249146,0.77574700117111206,0.87358802556991577,483403564
2025-08-14T00:00:00.000000Z,0.87358802556991577,0.87358802556991577,0.7411540150642395,0.75294399261474609,476066447
2025-08-15T00:00:00.000000Z,0.75296199321746826,0.77114897966384888,0.71087402105331421,0.72319900989532471,292339297
2025-08-16T00:00:00.000000Z,0.72319900989532471,0.74259501695632935,0.71605098247528076,0.74079799652099609,115030457
2025-08-17T00:00:00.000000Z,0.74079799652099609,0.78291398286819458,0.73481601476669312,0.76086097955703735,183707511
2025-08-18T00:00:00.000000Z,0.76086097955703735,0.7627599835395813,0.71668601036071777,0.72139298915863037,209275538
2025-08-19T00:00:00.000000Z,0.72139298915863037,0.7352139949798584,0.68610101938247681,0.68626898527145386,205404253
2025-08-20T00:00:00.000000Z,0.68626898527145386,0.73043602705001831,0.68469697237014771,0.72552502155303955,165694881
2025-08-21T00:00:00.000000Z,0.72552502155303955,0.73147499561309814,0.70428198575973511,0.7130659818649292,160540322
2025-08-22T00:00:00.000000Z,0.7130659818649292,0.802590012550354,0.68808597326278687,0.78865897655487061,317150271
2025-08-23T00:00:00.000000Z,0.78865897655487061,0.82582700252532959,0.76135897636413574,0.80921101570129395,231729643
2025-08-24T00:00:00.000000Z,0.80918598175048828,0.81670898199081421,0.7656090259552002,0.77577900886535645,289006865
2025-08-25T00:00:00.000000Z,0.77579200267791748,0.78312301635742188,0.68042099475860596,0.68763601779937744,310788172
2025-08-26T00:00:00.000000Z,0.68761998414993286,0.71558797359466553,0.68468701839447021,0.70586401224136353,225461609
2025-08-27T00:00:00.000000Z,0.70586401224136353,0.71188002824783325,0.69489097595214844,0.69651800394058228,178487268
2025-08-28T00:00:00.000000Z,0.69651800394058228,0.73990899324417114,0.69367498159408569,0.73637998104095459,207147839
2025-08-29T00:00:00.000000Z,0.73637497425079346,0.73767697811126709,0.67638498544692993,0.69360202550888062,234355787
2025-08-30T00:00:00.000000Z,0.69360202550888062,0.72148901224136353,0.68051201105117798,0.70663601160049438,105788530
2025-08-31T00:00:00.000000Z,0.70663601160049438,0.71904700994491577,0.69170701503753662,0.69213497638702393,117378551
2025-09-01T00:00:00.000000Z,0.69213497638702393,0.7226719856262207,0.65482300519943237,0.67146998643875122,209927562
2025-09-02T00:00:00.000000Z,0.67149597406387329,0.71217697858810425,0.66984701156616211,0.70985597372055054,151061211
2025-09-03T00:00:00.000000Z,0.70985597372055054,0.72702497243881226,0.70262402296066284,0.7187659740447998,114613630
2025-09-04T00:00:00.000000Z,0.7187659740447998,0.72188597917556763,0.68319302797317505,0.69067502021789551,135806773
2025-09-05T00:00:00.000000Z,0.69067502021789551,0.73082101345062256,0.68945300579071045,0.7204359769821167,149786887
2025-09-06T00:00:00.000000Z,0.7204359769821167,0.72297602891921997,0.708778977394104,0.71271097660064697,86614664
2025-09-07T00:00:00.000000Z,0.71271097660064697,0.72640001773834229,0.7115359902381897,0.72141200304031372,80793547
2025-09-08T00:00:00.000000Z,0.72141200304031372,0.7576109766960144,0.7182919979095459,0.75205498933792114,186581976
2025-09-09T00:00:00.000000Z,0.75205498933792114,0.78876900672912598,0.74197900295257568,0.76337301731109619,339871846
2025-09-10T00:00:00.000000Z,0.76337301731109619,0.78902900218963623,0.75935500860214233,0.77295297384262085,163578554
2025-09-11T00:00:00.000000Z,0.77295297384262085,0.79474502801895142,0.77032798528671265,0.78966498374938965,176285136
2025-09-12T00:00:00.000000Z,0.78966498374938965,0.80745697021484375,0.76997500658035278,0.80162602663040161,184549851
2025-09-13T00:00:00.000000Z,0.80162602663040161,0.83503800630569458,0.79724299907684326,0.82101702690124512,215868621
2025-09-14T00:00:00.000000Z,0.82102799415588379,0.8215479850769043,0.77186000347137451,0.78604799509048462,156449738
2025-09-15T00:00:00.000000Z,0.78604799509048462,0.80592000484466553,0.73298299312591553,0.74376899003982544,205088970
2025-09-16T00:00:00.000000Z,0.74376899003982544,0.78674697875976562,0.73528701066970825,0.77906602621078491,154580795
2025-09-17T00:00:00.000000Z,0.77906602621078491,0.8185499906539917,0.75846099853515625,0.81228601932525635,199025154
2025-09-18T00:00:00.000000Z,0.81228601932525635,0.83909797668457031,0.80658501386642456,0.83223402500152588,198221090
2025-09-19T00:00:00.000000Z,0.83223402500152588,0.85374099016189575,0.7867010235786438,0.7917640209197998,221865342
2025-09-20T00:00:00.000000Z,0.7917640209197998,0.82486099004745483,0.78728997707366943,0.80927497148513794,117491304
2025-09-21T00:00:00.000000Z,0.80927497148513794,0.81991797685623169,0.77825802564620972,0.7801169753074646,124919195
2025-09-22T00:00:00.000000Z,0.7801169753074646,0.78118300437927246,0.68852901458740234,0.70342600345611572,292403042
2025-09-23T00:00:00.000000Z,0.70343399047851562,0.71201997995376587,0.68094497919082642,0.68345999717712402,146458026
2025-09-24T00:00:00.000000Z,0.68345797061920166,0.70999199151992798,0.67779397964477539,0.68226099014282227,142444464
2025-09-25T00:00:00.000000Z,0.68225997686386108,0.68310797214508057,0.63642299175262451,0.63980001211166382,225943913
2025-09-26T00:00:00.000000Z,0.63981097936630249,0.6727290153503418,0.63730698823928833,0.66996997594833374,158193432
2025-09-27T00:00:00.000000Z,0.66997098922729492,0.68064302206039429,0.66152399778366089,0.673412024974823,92634852
2025-09-28T00:00:00.000000Z,0.673412024974823,0.68477499485015869,0.65326899290084839,0.68292897939682007,94062867
2025-09-29T00:00:00.000000Z,0.68292802572250366,0.68549197912216187,0.66121399402618408,0.67455899715423584,132483969
2025-09-30T00:00:00.000000Z,0.67455899715423584,0.67751199007034302,0.65221697092056274,0.67040097713470459,132957757
2025-10-01T00:00:00.000000Z,0.67040097713470459,0.70569002628326416,0.66377198696136475,0.70432299375534058,160718667
2025-10-02T00:00:00.000000Z,0.7043120265007019,0.75403702259063721,0.70218902826309204,0.75095599889755249,217556108
2025-10-03T00:00:00.000000Z,0.75095498561859131,0.75963097810745239,0.72592902183532715,0.74469000101089478,195313768
2025-10-04T00:00:00.000000Z,0.74469000101089478,0.74791997671127319,0.71471202373504639,0.72439098358154297,124832398
2025-10-05T00:00:00.000000Z,0.72438997030258179,0.75492602586746216,0.71408897638320923,0.71921700239181519,165595731
2025-10-06T00:00:00.000000Z,0.71921700239181519,0.76493299007415771,0.71529102325439453,0.75813901424407959,214782065
2025-10-07T00:00:00.000000Z,0.75813901424407959,0.76191198825836182,0.70474201440811157,0.71224898099899292,230441563
2025-10-08T00:00:00.000000Z,0.71224898099899292,0.74387997388839722,0.70509797334671021,0.7308189868927002,163349446
2025-10-09T00:00:00.000000Z,0.7308189868927002,0.73198801279067993,0.6853020191192627,0.70771300792694092,168030572
2025-10-10T00:00:00.000000Z,0.70769697427749634,0.73345798254013062,0.25439301133155823,0.49873000383377075,540853462
2025-10-11T00:00:00.000000Z,0.49866798520088196,0.50788098573684692,0.44024598598480225,0.45610699057579041,380940577
2025-10-12T00:00:00.000000Z,0.45610699057579041,0.49861100316047668,0.44705298542976379,0.48835799098014832,241333465
2025-10-13T00:00:00.000000Z,0.48833099007606506,0.51104897260665894,0.47183799743652344,0.5036739706993103,315487518
2025-10-14T00:00:00.000000Z,0.50375998020172119,0.50491100549697876,0.45324599742889404,0.4853459894657135,323811987
2025-10-15T00:00:00.000000Z,0.4853459894657135,0.49242299795150757,0.45249399542808533,0.45646300911903381,161342458
2025-10-16T00:00:00.000000Z,0.45646300911903381,0.46349599957466125,0.42239999771118164,0.42694199085235596,192769552
2025-10-17T00:00:00.000000Z,0.42694199085235596,0.43402799963951111,0.3967759907245636,0.41943201422691345,205206565
2025-10-18T00:00:00.000000Z,0.41943201422691345,0.42989099025726318,0.41865101456642151,0.42752200365066528,81833126
2025-10-19T00:00:00.000000Z,0.42752200365066528,0.44494399428367615,0.4211609959602356,0.43837499618530273,116496823
2025-10-20T00:00:00.000000Z,0.43837499618530273,0.45743000507354736,0.43119099736213684,0.44735801219940186,121967008
2025-10-21T00:00:00.000000Z,0.44747298955917358,0.46660900115966797,0.42702800035476685,0.43317300081253052,162163066
2025-10-22T00:00:00.000000Z,0.43317300081253052,0.43811801075935364,0.40825900435447693,0.41988000273704529,155653801
2025-10-23T00:00:00.000000Z,0.41988000273704529,0.43960198760032654,0.41866099834442139,0.43352898955345154,97814778
2025-10-24T00:00:00.000000Z,0.43352898955345154,0.44982600212097168,0.43134599924087524,0.44824299216270447,92114282
2025-10-25T00:00:00.000000Z,0.44824299216270447,0.45071101188659668,0.43942800164222717,0.44686299562454224,61641353
2025-10-26T00:00:00.000000Z,0.44686299562454224,0.46832400560379028,0.43992400169372559,0.46480199694633484,95443709
2025-10-27T00:00:00.000000Z,0.46480199694633484,0.47467499971389771,0.44977700710296631,0.45204699039459229,117566339
2025-10-28T00:00:00.000000Z,0.45204699039459229,0.46158900856971741,0.42941299080848694,0.43589100241661072,106084016
2025-10-29T00:00:00.000000Z,0.43589100241661072,0.45504999160766602,0.43083500862121582,0.440326988697052,125208734
2025-10-30T00:00:00.000000Z,0.440326988697052,0.44690701365470886,0.38795998692512512,0.40035000443458557,147305069
2025-10-31T00:00:00.000000Z,0.40035000443458557,0.40791100263595581,0.38921499252319336,0.39883899688720703,110377287
2025-11-01T00:00:00.000000Z,0.39883899688720703,0.41828900575637817,0.39700400829315186,0.41652899980545044,98531066
2025-11-02T00:00:00.000000Z,0.41652899980545044,0.42933198809623718,0.4062969982624054,0.42139700055122375,99145796
2025-11-03T00:00:00.000000Z,0.42137798666954041,0.42137798666954041,0.34429401159286499,0.35282900929450989,222058877
2025-11-04T00:00:00.000000Z,0.35282900929450989,0.36727499961853027,0.32009100914001465,0.34625500440597534,219938886
2025-11-05T00:00:00.000000Z,0.34623900055885315,0.37714600563049316,0.33052700757980347,0.37278300523757935,125781759
2025-11-06T00:00:00.000000Z,0.37278300523757935,0.37278300523757935,0.3509640097618103,0.3642520010471344,94082161
2025-11-07T00:00:00.000000Z,0.3642520010471344,0.43758499622344971,0.36423701047897339,0.42294999957084656,187557442
2025-11-08T00:00:00.000000Z,0.42294999957084656,0.43611699342727661,0.41141399741172791,0.42302000522613525,130889379
2025-11-09T00:00:00.000000Z,0.42302000522613525,0.43449598550796509,0.40397998690605164,0.42834800481796265,98848064
2025-11-10T00:00:00.000000Z,0.42834800481796265,0.45264700055122375,0.42645099759101868,0.44326800107955933,134307850
2025-11-11T00:00:00.000000Z,0.44326800107955933,0.45140299201011658,0.40601000189781189,0.4061410129070282,129616368
2025-11-12T00:00:00.000000Z,0.4061410129070282,0.4326539933681488,0.39287799596786499,0.39899098873138428,111932609
2025-11-13T00:00:00.000000Z,0.39899098873138428,0.42774000763893127,0.37505999207496643,0.39143899083137512,149897172
2025-11-14T00:00:00.000000Z,0.39143899083137512,0.39377298951148987,0.36766201257705688,0.37860599160194397,158598286
2025-11-15T00:00:00.000000Z,0.37860599160194397,0.40152999758720398,0.37860599160194397,0.38951098918914795,76521327
2025-11-16T00:00:00.000000Z,0.38951098918914795,0.39929500222206116,0.36791300773620605,0.38327899575233459,94913372
2025-11-17T00:00:00.000000Z,0.38327899575233459,0.39282101392745972,0.35633799433708191,0.3647330105304718,127814183
2025-11-18T00:00:00.000000Z,0.3647330105304718,0.38864600658416748,0.36099898815155029,0.3804129958152771,123680288
2025-11-19T00:00:00.000000Z,0.3804129958152771,0.38428199291229248,0.35602501034736633,0.37462800741195679,102798111
2025-11-20T00:00:00.000000Z,0.37462800741195679,0.39528501033782959,0.35305899381637573,0.36028701066970825,142924536
2025-11-21T00:00:00.000000Z,0.36029300093650818,0.36726999282836914,0.29403498768806458,0.30709201097488403,208878458
2025-11-22T00:00:00.000000Z,0.30709201097488403,0.30838799476623535,0.28805100917816162,0.30232700705528259,103201349
2025-11-23T00:00:00.000000Z,0.30232700705528259,0.30834400653839111,0.30077999830245972,0.30110898613929749,62033158
2025-11-24T00:00:00.000000Z,0.30110898613929749,0.32447201013565063,0.29874700307846069,0.31867599487304688,88126806
2025-11-25T00:00:00.000000Z,0.31867599487304688,0.32683700323104858,0.31073799729347229,0.3243350088596344,77345180
2025-11-26T00:00:00.000000Z,0.3243350088596344,0.3276430070400238,0.31094598770141602,0.32510799169540405,77059958
2025-11-27T00:00:00.000000Z,0.32510799169540405,0.34242001175880432,0.32348498702049255,0.33392301201820374,80690637
2025-11-28T00:00:00.000000Z,0.33392301201820374,0.33930298686027527,0.32692199945449829,0.33126801252365112,80171982
2025-11-29T00:00:00.000000Z,0.33124300837516785,0.33518800139427185,0.32329198718070984,0.3271850049495697,50582807
2025-11-30T00:00:00.000000Z,0.3271850049495697,0.32975900173187256,0.31930598616600037,0.31971600651741028,69716036
2025-12-01T00:00:00.000000Z,0.31973299384117126,0.31975999474525452,0.27821099758148193,0.28729799389839172,104057120
2025-12-02T00:00:00.000000Z,0.28729799389839172,0.32097101211547852,0.28464499115943909,0.31660300493240356,79567698
2025-12-03T00:00:00.000000Z,0.31660300493240356,0.33100301027297974,0.31349799036979675,0.32809099555015564,86958048
2025-12-04T00:00:00.000000Z,0.3280160129070282,0.32964000105857849,0.31688699126243591,0.31891199946403503,70530096
2025-12-05T00:00:00.000000Z,0.31890499591827393,0.3257020115852356,0.29423001408576965,0.30103200674057007,76096345
2025-12-06T00:00:00.000000Z,0.30103200674057007,0.31798601150512695,0.29994699358940125,0.31417399644851685,52508520
2025-12-07T00:00:00.000000Z,0.31417399644851685,0.32141101360321045,0.29830101132392883,0.30468899011611938,80608711
2025-12-08T00:00:00.000000Z,0.3046799898147583,0.32747399806976318,0.30416500568389893,0.31809300184249878,76397775
2025-12-09T00:00:00.000000Z,0.3180840015411377,0.34764799475669861,0.31387799978256226,0.33892300724983215,85767945
2025-12-10T00:00:00.000000Z,0.33892399072647095,0.34408101439476013,0.32328200340270996,0.32386499643325806,88613257
2025-12-11T00:00:00.000000Z,0.32387399673461914,0.32387399673461914,0.30092200636863708,0.31389200687408447,91922065
2025-12-12T00:00:00.000000Z,0.31389299035072327,0.32161998748779297,0.29487499594688416,0.30710899829864502,86682430
2025-12-13T00:00:00.000000Z,0.30710899829864502,0.31767600774765015,0.30695399641990662,0.31585898995399475,51507853
2025-12-14T00:00:00.000000Z,0.31585898995399475,0.31585898995399475,0.29921498894691467,0.30119699239730835,63586641
2025-12-15T00:00:00.000000Z,0.30119800567626953,0.31437599658966064,0.28283900022506714,0.29257300496101379,91809899
2025-12-16T00:00:00.000000Z,0.29257300496101379,0.29733499884605408,0.28394201397895813,0.29308900237083435,65112261
2025-12-17T00:00:00.000000Z,0.29308900237083435,0.30537399649620056,0.27077800035476685,0.27291101217269897,94572986
2025-12-18T00:00:00.000000Z,0.27291101217269897,0.28552299737930298,0.25591498613357544,0.26053699851036072,89764399
2025-12-19T00:00:00.000000Z,0.26053199172019958,0.28300300240516663,0.25666999816894531,0.27959498763084412,83739228
2025-12-20T00:00:00.000000Z,0.27959498763084412,0.28413501381874084,0.27586901187896729,0.27826800942420959,49931254
2025-12-21T00:00:00.000000Z,0.27826800942420959,0.2787109911441803,0.26389700174331665,0.2719779908657074,48829699
2025-12-22T00:00:00.000000Z,0.2719779908657074,0.27933800220489502,0.26847198605537415,0.27137801051139832,74860671
2025-12-23T00:00:00.000000Z,0.27137801051139832,0.27402299642562866,0.26220899820327759,0.27021199464797974,57194453
2025-12-24T00:00:00.000000Z,0.27021399140357971,0.27153098583221436,0.26117599010467529,0.26329699158668518,64256127
2025-12-25T00:00:00.000000Z,0.26329699158668518,0.26639199256896973,0.25181099772453308,0.2519020140171051,67014026
2025-12-26T00:00:00.000000Z,0.2519020140171051,0.27220600843429565,0.25179699063301086,0.2675279974937439,79533128
2025-12-27T00:00:00.000000Z,0.2675279974937439,0.27874401211738586,0.26752299070358276,0.27823400497436523,52811025
2025-12-28T00:00:00.000000Z,0.27824398875236511,0.27869299054145813,0.26966899633407593,0.27331298589706421,46063358
2025-12-29T00:00:00.000000Z,0.27331298589706421,0.28326699137687683,0.26834100484848022,0.2687000036239624,74961979
2025-12-30T00:00:00.000000Z,0.26869499683380127,0.2754339873790741,0.2664409875869751,0.27176299691200256,62935589
2025-12-31T00:00:00.000000Z,0.27176299691200256,0.27204799652099609,0.26057299971580505,0.26770800352096558,60805697
2026-01-01T00:00:00.000000Z,0.26770299673080444,0.296548992395401,0.26408699154853821,0.29624399542808533,69627058
2026-01-02T00:00:00.000000Z,0.29624301195144653,0.30575099587440491,0.29410800337791443,0.30565500259399414,88953755
2026-01-03T00:00:00.000000Z,0.30565500259399414,0.3112260103225708,0.30135199427604675,0.31022098660469055,61902535
2026-01-04T00:00:00.000000Z,0.31022098660469055,0.32442200183868408,0.31020399928092957,0.31879299879074097,72740673
2026-01-05T00:00:00.000000Z,0.31879299879074097,0.3335849940776825,0.31303501129150391,0.32970699667930603,84646441
2026-01-06T00:00:00.000000Z,0.32970699667930603,0.33992698788642883,0.31446099281311035,0.33178099989891052,95590217
2026-01-07T00:00:00.000000Z,0.33178099989891052,0.33180800080299377,0.31310999393463135,0.31687098741531372,73657726
2026-01-08T00:00:00.000000Z,0.31687098741531372,0.31859201192855835,0.30443799495697021,0.31431800127029419,100817699
2026-01-09T00:00:00.000000Z,0.31431600451469421,0.32303500175476074,0.30966800451278687,0.3147050142288208,75642066
2026-01-10T00:00:00.000000Z,0.3147050142288208,0.32689300179481506,0.3112809956073761,0.31763699650764465,56221306
2026-01-11T00:00:00.000000Z,0.31763100624084473,0.32285898923873901,0.31109800934791565,0.3149229884147644,59390744
2026-01-12T00:00:00.000000Z,0.3149229884147644,0.33070200681686401,0.30717200040817261,0.30877500772476196,93751208
2026-01-13T00:00:00.000000Z,0.30875900387763977,0.3731749951839447,0.30865100026130676,0.36643698811531067,189482321
2026-01-14T00:00:00.000000Z,0.36643600463867188,0.36812999844551086,0.35061898827552795,0.35136699676513672,119936387
2026-01-15T00:00:00.000000Z,0.35136300325393677,0.36407101154327393,0.33672401309013367,0.34118801355361938,109442129
2026-01-16T00:00:00.000000Z,0.34119099378585815,0.3438589870929718,0.32653498649597168,0.33922499418258667,80028776
2026-01-17T00:00:00.000000Z,0.33924099802970886,0.35478198528289795,0.33877700567245483,0.34663599729537964,70772703
2026-01-18T00:00:00.000000Z,0.34663501381874084,0.34938099980354309,0.32422798871994019,0.32431700825691223,69992632
2026-01-19T00:00:00.000000Z,0.32430699467658997,0.32430699467658997,0.3009989857673645,0.31936898827552795,110429540
2026-01-20T00:00:00.000000Z,0.31936898827552795,0.32275599241256714,0.29735100269317627,0.29970398545265198,95904170
2026-01-21T00:00:00.000000Z,0.29970398545265198,0.31672200560569763,0.29558399319648743,0.30790498852729797,106727687
2026-01-22T00:00:00.000000Z,0.30790498852729797,0.32439601421356201,0.30305299162864685,0.30688101053237915,83044777
2026-01-23T00:00:00.000000Z,0.30687999725341797,0.31843098998069763,0.30070298910140991,0.30411198735237122,78097651
2026-01-24T00:00:00.000000Z,0.30411100387573242,0.30633300542831421,0.29976999759674072,0.30340999364852905,45393823
2026-01-25T00:00:00.000000Z,0.30340999364852905,0.30584099888801575,0.27982199192047119,0.28617700934410095,80137253
2026-01-26T00:00:00.000000Z,0.28617298603057861,0.30107799172401428,0.28583300113677979,0.2974649965763092,68658908
2026-01-27T00:00:00.000000Z,0.29746600985527039,0.30276298522949219,0.29209199547767639,0.30127701163291931,61500643
2026-01-28T00:00:00.000000Z,0.30127701163291931,0.30333700776100159,0.29421299695968628,0.30112200975418091,76067002
2026-01-29T00:00:00.000000Z,0.30113899707794189,0.30136299133300781,0.26076400279998779,0.26921901106834412,110073677
2026-01-30T00:00:00.000000Z,0.26922300457954407,0.2723889946937561,0.25850099325180054,0.2621150016784668,96744371
2026-01-31T00:00:00.000000Z,0.2621150016784668,0.26297301054000854,0.22002899646759033,0.23379899561405182,130450697
2026-02-01T00:00:00.000000Z,0.23379899561405182,0.24014599621295929,0.22325000166893005,0.22772899270057678,76577353
2026-02-02T00:00:00.000000Z,0.23379899561405182,0.24014599621295929,0.22325000166893005,0.22772899270057678,76577353
2026-02-03T00:00:00.000000Z,0.22960300743579865,0.23121500015258789,0.20695899426937103,0.2119310051202774,98718511
2026-02-04T00:00:00.000000Z,0.2119310051202774,0.22920699417591095,0.21191999316215515,0.21889099478721619,102710337
2026-02-05T00:00:00.000000Z,0.21889199316501617,0.22086100280284882,0.18083299696445465,0.18146699666976929,157294198
2026-02-06T00:00:00.000000Z,0.18146100640296936,0.19982199370861053,0.16214700043201447,0.19724200665950775,160462271
2026-02-07T00:00:00.000000Z,0.19724099338054657,0.20013299584388733,0.18758299946784973,0.19649499654769897,100044277
2026-02-08T00:00:00.000000Z,0.196492999792099,0.19649800658226013,0.187282994389534,0.19046600162982941,61701103
2026-02-09T00:00:00.000000Z,0.19046600162982941,0.19312199950218201,0.18157100677490234,0.18878400325775146,65271186
2026-02-10T00:00:00.000000Z,0.18878400325775146,0.18954700231552124,0.180635005235672,0.18282699584960938,57975488
2026-02-11T00:00:00.000000Z,0.18282699584960938,0.18603099882602692,0.17402000725269318,0.17765699326992035,76383033
2026-02-12T00:00:00.000000Z,0.17765599489212036,0.18530400097370148,0.17611999809741974,0.18264399468898773,64349667
2026-02-13T00:00:00.000000Z,0.18264399468898773,0.19155199825763702,0.17869499325752258,0.18937000632286072,57529375
2026-02-14T00:00:00.000000Z,0.18937000632286072,0.20022599399089813,0.18936699628829956,0.1971839964389801,58405512
2026-02-15T00:00:00.000000Z,0.1971839964389801,0.19784599542617798,0.18543000519275665,0.18912999331951141,66835946
2026-02-16T00:00:00.000000Z,0.18912999331951141,0.19164000451564789,0.18503999710083008,0.19005900621414185,58670155
2026-02-17T00:00:00.000000Z,0.19006100296974182,0.19030100107192993,0.1845719963312149,0.18688499927520752,72426686
2026-02-18T00:00:00.000000Z,0.1868869960308075,0.18932700157165527,0.1652349978685379,0.16523900628089905,96990731
2026-02-19T00:00:00.000000Z,0.16523699462413788,0.16599699854850769,0.13500499725341797,0.13936200737953186,251259905
2026-02-20T00:00:00.000000Z,0.13936300575733185,0.13965900242328644,0.12505100667476654,0.12861800193786621,237685786
2026-02-21T00:00:00.000000Z,0.12861399352550507,0.13499400019645691,0.12740300595760345,0.12849800288677216,148957492
2026-02-22T00:00:00.000000Z,0.12849800288677216,0.12852799892425537,0.12077199667692184,0.12246099859476089,97131155
2026-02-23T00:00:00.000000Z,0.12246099859476089,0.12580999732017517,0.1149820014834404,0.12173499912023544,131564289
2026-02-24T00:00:00.000000Z,0.12173499912023544,0.12208700180053711,0.11487100273370743,0.1183369979262352,92216417
2026-02-25T00:00:00.000000Z,0.11834099888801575,0.13298000395298004,0.11694599688053131,0.12388899922370911,151117955
2026-02-26T00:00:00.000000Z,0.12388800084590912,0.12624900043010712,0.11544299870729446,0.11942499876022339,101922000
2026-02-27T00:00:00.000000Z,0.11942499876022339,0.12813900411128998,0.11676199734210968,0.11979900300502777,95767377
2026-02-28T00:00:00.000000Z,0.11979900300502777,0.12246599793434143,0.10947799682617188,0.12246599793434143,90479331
2026-03-01T00:00:00.000000Z,0.122468002140522,0.12635299563407898,0.11877000331878662,0.12164200097322464,87219181
2026-03-02T00:00:00.000000Z,0.12164200097322464,0.12969399988651276,0.11976300179958344,0.1246429979801178,88857704
2026-03-03T00:00:00.000000Z,0.1246429979801178,0.12855599820613861,0.12189999967813492,0.1265379935503006,79867874
2026-03-04T00:00:00.000000Z,0.1265379935503006,0.13182300329208374,0.12549300491809845,0.12856499850749969,102856183
2026-03-05T00:00:00.000000Z,0.12856499850749969,0.13012699782848358,0.1235319972038269,0.12518499791622162,76200981
2026-03-06T00:00:00.000000Z,0.12518499791622162,0.12765100598335266,0.11710800230503082,0.12038999795913696,67032677
2026-03-07T00:00:00.000000Z,0.12038999795913696,0.12096399813890457,0.11546599864959717,0.11633799970149994,45356882
2026-03-08T00:00:00.000000Z,0.11633799970149994,0.1173819974064827,0.11362899839878082,0.11547999829053879,57328075
2026-03-09T00:00:00.000000Z,0.11547999829053879,0.12230800092220306,0.11519499868154526,0.11831799894571304,66645923
2026-03-10T00:00:00.000000Z,0.11831799894571304,0.12317000329494476,0.11774100363254547,0.11875800043344498,67691888
2026-03-11T00:00:00.000000Z,0.11875800043344498,0.12211599946022034,0.11723499745130539,0.120387002825737,61990175
2026-03-12T00:00:00.000000Z,0.120387002825737,0.12069900333881378,0.11601199954748154,0.11998700350522995,60215519
2026-03-13T00:00:00.000000Z,0.11998400092124939,0.12730999290943146,0.11992499977350235,0.12373699992895126,86218428
2026-03-14T00:00:00.000000Z,0.12373699992895126,0.12613500654697418,0.12209399789571762,0.12381300330162048,51752315
2026-03-15T00:00:00.000000Z,0.12381300330162048,0.12886400520801544,0.12319699674844742,0.12817099690437317,67106853
2026-03-16T00:00:00.000000Z,0.12817500531673431,0.13925600051879883,0.12747299671173096,0.13758300244808197,91282485
2026-03-17T00:00:00.000000Z,0.13758300244808197,0.13824799656867981,0.13363400101661682,0.13608700037002563,78662250
2026-03-18T00:00:00.000000Z,0.13608700037002563,0.13646499812602997,0.1251010000705719,0.12624500691890717,74920279
2026-03-19T00:00:00.000000Z,0.12624600529670715,0.12721499800682068,0.11891999840736389,0.12153799831867218,62082728
2026-03-20T00:00:00.000000Z,0.12154000252485275,0.12586499750614166,0.1215049996972084,0.12380500137805939,64007978
2026-03-21T00:00:00.000000Z,0.12380500137805939,0.12408299744129181,0.11747799813747406,0.11752299964427948,49214844
2026-03-22T00:00:00.000000Z,0.11752299964427948,0.11972899734973907,0.11297100037336349,0.11452800035476685,59563747
2026-03-23T00:00:00.000000Z,0.11452800035476685,0.11859700083732605,0.11210300028324127,0.11341799795627594,83532557
2026-03-24T00:00:00.000000Z,0.11341799795627594,0.11681900173425674,0.10952299833297729,0.11387299746274948,80723758
2026-03-25T00:00:00.000000Z,0.11387299746274948,0.11551299691200256,0.1125049963593483,0.11331500113010406,62701865
2026-03-26T00:00:00.000000Z,0.11331500113010406,0.11383000016212463,0.10600899904966354,0.10873900353908539,76408798
2026-03-27T00:00:00.000000Z,0.10873900353908539,0.11013100296258926,0.1026419997215271,0.10409899801015854,66133965
2026-03-28T00:00:00.000000Z,0.10409899801015854,0.10599300265312195,0.10231400281190872,0.10237400233745575,47971000
2026-03-29T00:00:00.000000Z,0.10237400233745575,0.10403800010681152,0.099945999681949615,0.10189799964427948,54608645
2026-03-30T00:00:00.000000Z,0.10189700126647949,0.10938899964094162,0.10189700126647949,0.10583499819040298,65260222
2026-03-31T00:00:00.000000Z,0.10583499819040298,0.11208900064229965,0.10575299710035324,0.11050999909639359,74641552
2026-04-01T00:00:00.000000Z,0.11050999909639359,0.11313299834728241,0.1089399978518486,0.11002600193023682,59318391
2026-04-02T00:00:00.000000Z,0.11002600193023682,0.11097300052642822,0.104933001101017,0.10640200227499008,64596266
2026-04-03T00:00:00.000000Z,0.10640200227499008,0.11103499680757523,0.10607899725437164,0.11004199832677841,58909275
2026-04-04T00:00:00.000000Z,0.11004199832677841,0.11106599867343903,0.10868000239133835,0.11056900024414062,46821302
2026-04-05T00:00:00.000000Z,0.11056900024414062,0.1106249988079071,0.10596299916505814,0.11011999845504761,46814065
2026-04-06T00:00:00.000000Z,0.11011999845504761,0.11496499925851822,0.10913900285959244,0.10980600118637085,57859795
2026-04-07T00:00:00.000000Z,0.10980600118637085,0.11954999715089798,0.10761699825525284,0.11880800127983093,68171017
2026-04-08T00:00:00.000000Z,0.11880400031805038,0.12073100358247757,0.11444900184869766,0.11495599895715714,72331899
2026-04-09T00:00:00.000000Z,0.11495599895715714,0.11634799838066101,0.1111690029501915,0.11399299651384354,62261773
2026-04-10T00:00:00.000000Z,0.11399299651384354,0.11618299782276154,0.1135139986872673,0.11506800353527069,59816781
2026-04-11T00:00:00.000000Z,0.11506800353527069,0.11625500023365021,0.11047500371932983,0.11436399817466736,63711859
2026-04-12T00:00:00.000000Z,0.11436399817466736,0.1146090030670166,0.10674700140953064,0.10690099745988846,57563752
2026-04-13T00:00:00.000000Z,0.10690200328826904,0.1163640022277832,0.10568399727344513,0.11631300300359726,66377476
2026-04-14T00:00:00.000000Z,0.11631400138139725,0.1166440024971962,0.11042200028896332,0.1113009974360466,68248886
2026-04-15T00:00:00.000000Z,0.1113009974360466,0.12179599702358246,0.11128000169992447,0.11985400319099426,70809249
2026-04-16T00:00:00.000000Z,0.11984699964523315,0.13278199732303619,0.11882100254297256,0.13229499757289886,105993568
2026-04-17T00:00:00.000000Z,0.13229399919509888,0.13700699806213379,0.12853500247001648,0.13462500274181366,98954498
2026-04-18T00:00:00.000000Z,0.13462500274181366,0.13463699817657471,0.12597699463367462,0.12602600455284119,68908864
2026-04-19T00:00:00.000000Z,0.12602600455284119,0.12653599679470062,0.1200919970870018,0.1201770007610321,63201055
2026-04-20T00:00:00.000000Z,0.1201770007610321,0.12581799924373627,0.1201770007610321,0.12400799989700317,61286052
2026-04-21T00:00:00.000000Z,0.12400899827480316,0.12580299377441406,0.12022899836301804,0.12316600233316422,61481564
2026-04-22T00:00:00.000000Z,0.12316600233316422,0.12861399352550507,0.12125500291585922,0.12130299955606461,61918129
2026-04-23T00:00:00.000000Z,0.12130200117826462,0.12262599915266037,0.11790099740028381,0.12172400206327438,59299419
2026-04-24T00:00:00.000000Z,0.12172400206327438,0.12637899816036224,0.12005700170993805,0.12561400234699249,60126881
2026-04-25T00:00:00.000000Z,0.1256060004234314,0.13317100703716278,0.12378600239753723,0.12506699562072754,91690727
2026-04-26T00:00:00.000000Z,0.12506499886512756,0.12732699513435364,0.12355899810791016,0.12594200670719147,53831923
2026-04-27T00:00:00.000000Z,0.12594200670719147,0.12892399728298187,0.1195790022611618,0.12238100171089172,60231887
2026-04-28T00:00:00.000000Z,0.12238200008869171,0.12299899756908417,0.1203169971704483,0.12121099978685379,47933979
2026-04-29T00:00:00.000000Z,0.12120100110769272,0.12584699690341949,0.11610499769449234,0.11974599957466125,64612406
2026-04-30T00:00:00.000000Z,0.11974500119686127,0.12237299978733063,0.11901699751615524,0.12024600058794022,55258776
2026-05-01T00:00:00.000000Z,0.12024600058794022,0.12303700298070908,0.12009300291538239,0.12079299986362457,51947788
2026-05-02T00:00:00.000000Z,0.12079299986362457,0.12653200328350067,0.11942700296640396,0.12539699673652649,54089572
2026-05-03T00:00:00.000000Z,0.12539699673652649,0.12554299831390381,0.1214120015501976,0.12313699722290039,53308382
2026-05-04T00:00:00.000000Z,0.12314099818468094,0.12748000025749207,0.12074500322341919,0.12395399808883667,85413372
2026-05-05T00:00:00.000000Z,0.12395399808883667,0.13073800504207611,0.12370099872350693,0.12856400012969971,80953428
2026-05-06T00:00:00.000000Z,0.12856300175189972,0.14821499586105347,0.12816600501537323,0.14217600226402283,115894947
2026-05-07T00:00:00.000000Z,0.14217600226402283,0.15030999481678009,0.13802999258041382,0.14771400392055511,164796934
2026-05-08T00:00:00.000000Z,0.14771300554275513,0.18068300187587738,0.14607000350952148,0.17239700257778168,219396115
2026-05-09T00:00:00.000000Z,0.17239600419998169,0.1724109947681427,0.16323100030422211,0.163565993309021,118034311
2026-05-10T00:00:00.000000Z,0.16354100406169891,0.16594600677490234,0.15922999382019043,0.16337400674819946,84352568
2026-05-11T00:00:00.000000Z,0.16335000097751617,0.16340400278568268,0.15638600289821625,0.15698699653148651,72632475
2026-05-12T00:00:00.000000Z,0.15698699653148651,0.157710000872612,0.14916999638080597,0.15214300155639648,68655404
2026-05-13T00:00:00.000000Z,0.15213799476623535,0.15765999257564545,0.14460299909114838,0.14602099359035492,77625276
2026-05-14T00:00:00.000000Z,0.14602099359035492,0.14817999303340912,0.14348399639129639,0.14477699995040894,69792733
2026-05-15T00:00:00.000000Z,0.14477699995040894,0.14579899609088898,0.13487599790096283,0.1366640031337738,66682897
2026-05-16T00:00:00.000000Z,0.1366640031337738,0.1378989964723587,0.13121500611305237,0.13305200636386871,52863205
2026-05-17T00:00:00.000000Z,0.13305099308490753,0.13410499691963196,0.12472300231456757,0.12820999324321747,53364604
2026-05-18T00:00:00.000000Z,0.12821100652217865,0.12968200445175171,0.12412399798631668,0.12930400669574738,56557371
2026-05-19T00:00:00.000000Z,0.12930400669574738,0.12991499900817871,0.12569400668144226,0.12591400742530823,47453954
2026-05-20T00:00:00.000000Z,0.12591400742530823,0.13009299337863922,0.12455099821090698,0.12883700430393219,52675643
2026-05-21T00:00:00.000000Z,0.12882900238037109,0.13324999809265137,0.12787400186061859,0.13217699527740479,53168553
2026-05-22T00:00:00.000000Z,0.13217900693416595,0.1365009993314743,0.12616600096225739,0.12670999765396118,57811240
2026-05-23T00:00:00.000000Z,0.12671999633312225,0.13337300717830658,0.12141799926757812,0.13018800318241119,58846241
2026-05-24T00:00:00.000000Z,0.13018800318241119,0.13025400042533875,0.12319599837064743,0.12541599571704865,42432178
2026-05-25T00:00:00.000000Z,0.12541599571704865,0.13197499513626099,0.12476100027561188,0.12952999770641327,45413578
2026-05-26T00:00:00.000000Z,0.12952999770641327,0.13415299355983734,0.12728999555110931,0.12776200473308563,61667328
2026-05-27T00:00:00.000000Z,0.12776200473308563,0.13007499277591705,0.12271200120449066,0.12377600371837616,56881464
2026-05-28T00:00:00.000000Z,0.12377700209617615,0.12378799915313721,0.11402399837970734,0.11873699724674225,75429747
2026-05-29T00:00:00.000000Z,0.11873800307512283,0.121738001704216,0.11402100324630737,0.11860299855470657,59709731
2026-05-30T00:00:00.000000Z,0.11860299855470657,0.1229500025510788,0.11850400269031525,0.12012899667024612,41085773
2026-05-31T00:00:00.000000Z,0.12013199925422668,0.12160100042819977,0.11485899984836578,0.11831200122833252,44288198
2026-06-01T00:00:00.000000Z,0.11831200122833252,0.12467899918556213,0.11473999917507172,0.12363599985837936,67624597
2026-06-02T00:00:00.000000Z,0.12363799661397934,0.12600600719451904,0.11356200277805328,0.11541999876499176,92420423
2026-06-03T00:00:00.000000Z,0.11546999961137772,0.1325719952583313,0.11486800014972687,0.12301599979400635,90519314
2026-06-04T00:00:00.000000Z,0.12301599979400635,0.12410999834537506,0.10442499816417694,0.11190100014209747,117707600
2026-06-05T00:00:00.000000Z,0.11190100014209747,0.11237700283527374,0.091741003096103668,0.097506999969482422,98605692
2026-06-06T00:00:00.000000Z,0.097506999969482422,0.099703997373580933,0.090268000960350037,0.093707002699375153,55103323
2026-06-07T00:00:00.000000Z,0.09370499849319458,0.099573001265525818,0.091922998428344727,0.097037002444267273,59494484
2026-06-08T00:00:00.000000Z,0.097042001783847809,0.10010199993848801,0.094801001250743866,0.095827996730804443,51444492
2026-06-09T00:00:00.000000Z,0.095830000936985016,0.097249999642372131,0.091953001916408539,0.09679500013589859,48435083
2026-06-10T00:00:00.000000Z,0.096793003380298615,0.097547002136707306,0.088829003274440765,0.090985998511314392,54777784
2026-06-11T00:00:00.000000Z,0.090976998209953308,0.096531003713607788,0.090902999043464661,0.095081999897956848,45161080
2026-06-12T00:00:00.000000Z,0.095081999897956848,0.10166999697685242,0.095030002295970917,0.099648997187614441,47511433
2026-06-13T00:00:00.000000Z,0.099648997187614441,0.11233600229024887,0.09950999915599823,0.10711699724197388,75309663
2026-06-14T00:00:00.000000Z,0.10711199790239334,0.10920999944210052,0.1044669970870018,0.10845699906349182,45482928
2026-06-15T00:00:00.000000Z,0.10845699906349182,0.11195600032806396,0.10760600119829178,0.10856799781322479,52416722
2026-06-16T00:00:00.000000Z,0.10856799781322479,0.11034899950027466,0.10551600158214569,0.10883499681949615,42893753
2026-06-17T00:00:00.000000Z,0.10883499681949615,0.11194200068712234,0.10567999631166458,0.10861899703741074,53000568
2026-06-18T00:00:00.000000Z,0.10862299799919128,0.11007700115442276,0.10368999838829041,0.10910099744796753,57997448
2026-06-19T00:00:00.000000Z,0.10910099744796753,0.11028599739074707,0.10025200247764587,0.10353899747133255,48148989
2026-06-20T00:00:00.000000Z,0.10354000329971313,0.10566800087690353,0.099579997360706329,0.10352499783039093,41109994
2026-06-21T00:00:00.000000Z,0.10352499783039093,0.10424000024795532,0.099474996328353882,0.099498003721237183,29600236
2026-06-22T00:00:00.000000Z,0.099498003721237183,0.10433399677276611,0.099498003721237183,0.10057999938726425,40743769
2026-06-23T00:00:00.000000Z,0.10057999938726425,0.10140199959278107,0.09559900313615799,0.10121899843215942,39114447
2026-06-24T00:00:00.000000Z,0.10122399777173996,0.10535299777984619,0.095090001821517944,0.10423199832439423,69796775
2026-06-25T00:00:00.000000Z,0.10423299670219421,0.10893099755048752,0.098890997469425201,0.10548300296068192,71414412
2026-06-26T00:00:00.000000Z,0.10548300296068192,0.10806799679994583,0.10121099650859833,0.10563699901103973,63433169
2026-06-27T00:00:00.000000Z,0.10563699901103973,0.10585299879312515,0.099771998822689056,0.10062400251626968,31833392
2026-06-28T00:00:00.000000Z,0.10062400251626968,0.10196699947118759,0.098925001919269562,0.099872000515460968,30126473
2026-06-29T00:00:00.000000Z,0.099873997271060944,0.10397499799728394,0.098801001906394958,0.10017099976539612,39952383
2026-06-30T00:00:00.000000Z,0.10017099976539612,0.10026799887418747,0.09436500072479248,0.095899999141693115,33587679
2026-07-01T00:00:00.000000Z,0.095905996859073639,0.097056999802589417,0.092922002077102661,0.094575002789497375,42239992
2026-07-02T00:00:00.000000Z,0.094575002789497375,0.10080499947071075,0.094227999448776245,0.098820000886917114,38056030
2026-07-03T00:00:00.000000Z,0.098817996680736542,0.10829000174999237,0.09872099757194519,0.10705400258302689,41473130
2026-07-04T00:00:00.000000Z,0.10706300288438797,0.11003799736499786,0.10599800199270248,0.10755600035190582,36126483
2026-07-05T00:00:00.000000Z,0.10755500197410583,0.10935600101947784,0.10509199649095535,0.10832300037145615,32508074
2026-07-06T00:00:00.000000Z,0.10832300037145615,0.10895700007677078,0.1036359965801239,0.10717800259590149,36306272
2026-07-07T00:00:00.000000Z,0.10717800259590149,0.10758599638938904,0.10189899802207947,0.10214100033044815,30674745
2026-07-08T00:00:00.000000Z,0.10214100033044815,0.10304100066423416,0.096720002591609955,0.099308997392654419,46271542
2026-07-09T00:00:00.000000Z,0.099311999976634979,0.10520400106906891,0.099173001945018768,0.10202199965715408,47666292
2026-07-10T00:00:00.000000Z,0.102012999355793,0.10829100012779236,0.10158299654722214,0.10337399691343307,40345749
2026-07-11T00:00:00.000000Z,0.10337399691343307,0.10693299770355225,0.10168900340795517,0.10187599807977676,28049564
2026-07-12T00:00:00.000000Z,0.10187699645757675,0.10274399816989899,0.099717997014522552,0.10016500204801559,30751788
2026-07-13T00:00:00.000000Z,0.10017800331115723,0.10257600247859955,0.097304999828338623,0.098155997693538666,55605241
2026-07-14T00:00:00.000000Z,0.098154999315738678,0.1024710014462471,0.097925998270511627,0.10159300267696381,35364354
2026-07-15T00:00:00.000000Z,0.10159300267696381,0.10418300330638885,0.100723996758461,0.10213399678468704,36594066
2026-07-16T00:00:00.000000Z,0.10213399678468704,0.10262099653482437,0.098382003605365753,0.098587997257709503,40216867
2026-07-17T00:00:00.000000Z,0.098587997257709503,0.099048003554344177,0.095035001635551453,0.095995999872684479,38142012
2026-07-18T00:00:00.000000Z,0.095995001494884491,0.09743499755859375,0.094504997134208679,0.095284000039100647,27163421
2026-07-19T00:00:00.000000Z,0.095284000039100647,0.095973998308181763,0.093393996357917786,0.094875000417232513,25930807
2026-07-20T00:00:00.000000Z,0.094880998134613037,0.095605000853538513,0.09200499951839447,0.094106003642082214,45138971
2026-07-21T00:00:00.000000Z,0.094106003642082214,0.098218999803066254,0.093165002763271332,0.097912997007369995,46981219
2026-07-22T00:00:00.000000Z,0.097912997007369995,0.098865002393722534,0.095927998423576355,0.096881002187728882,31034520
2026-07-23T00:00:00.000000Z,0.096882998943328857,0.097369998693466187,0.09210900217294693,0.092529997229576111,28798216
2026-07-24T00:00:00.000000Z,0.092524997889995575,0.09467799961566925,0.091393999755382538,0.092404000461101532,31419657
2026-07-25T00:00:00.000000Z,0.092404000461101532,0.093171000480651855,0.091245003044605255,0.092220999300479889,20058924
2026-07-26T00:00:00.000000Z,0.092220999300479889,0.095113001763820648,0.092174999415874481,0.095051996409893036,24504370
2026-07-27T00:00:00.000000Z,0.095051996409893036,0.095740996301174164,0.086367003619670868,0.087121002376079559,36476224
2026-07-28T00:00:00.000000Z,0.087121002376079559,0.089804001152515411,0.085780002176761627,0.089124999940395355,39264244
2026-07-29T00:00:00.000000Z,0.089124999940395355,0.089645996689796448,0.086122997105121613,0.089216001331806183,32229011
2026-07-30T00:00:00.000000Z,0.089216001331806183,0.090845003724098206,0.087121002376079559,0.087953999638557434,37650220
2026-07-31T00:00:00.000000Z,0.087953999638557434,0.088799998164176941,0.084527000784873962,0.085037000477313995,39062331
2026-08-01T00:00:00.000000Z,0.085037000477313995,0.086018003523349762,0.082107000052928925,0.082951001822948456,24341183
2026-08-02T00:00:00.000000Z,0.082951001822948456,0.087684996426105499,0.082855001091957092,0.086501002311706543,28626530
2026-08-03T00:00:00.000000Z,0.086501002311706543,0.088177002966403961,0.084983997046947479,0.088151998817920685,30313555
2026-08-04T00:00:00.000000Z,0.088151998817920685,0.089606001973152161,0.087266996502876282,0.088918000459671021,32103425
2026-08-05T00:00:00.000000Z,0.08891499787569046,0.089152999222278595,0.086600996553897858,0.087875001132488251,28955733
2026-08-06T00:00:00.000000Z,0.087875001132488251,0.088437996804714203,0.085849002003669739,0.086029998958110809,25470844
2026-08-07T00:00:00.000000Z,0.086029998958110809,0.089249998331069946,0.085520997643470764,0.086127996444702148,32589449
2026-08-08T00:00:00.000000Z,0.086127996444702148,0.089423000812530518,0.08592599630355835,0.088685996830463409,25003357
2026-08-09T00:00:00.000000Z,0.088685996830463409,0.090493999421596527,0.087865002453327179,0.088016003370285034,23047905
2026-08-10T00:00:00.000000Z,0.088016003370285034,0.092706002295017242,0.087967999279499054,0.091238997876644135,33509732
2026-08-11T00:00:00.000000Z,0.091238997876644135,0.092509999871253967,0.088090002536773682,0.091092996299266815,28144050
2026-08-12T00:00:00.000000Z,0.091092996299266815,0.091996997594833374,0.085468001663684845,0.085937999188899994,28206833
2026-08-13T00:00:00.000000Z,0.085942000150680542,0.088651001453399658,0.084338001906871796,0.088651001453399658,29933496
2026-08-14T00:00:00.000000Z,0.08865000307559967,0.089433997869491577,0.084794998168945312,0.086230002343654633,24146343
2026-08-15T00:00:00.000000Z,0.086231999099254608,0.087517999112606049,0.084703996777534485,0.084822997450828552,19374764
2026-08-16T00:00:00.000000Z,0.084822997450828552,0.08552899956703186,0.082639001309871674,0.083284996449947357,18825180
2026-08-17T00:00:00.000000Z,0.08329000324010849,0.085464000701904297,0.083121001720428467,0.084181003272533417,23198440
2026-08-18T00:00:00.000000Z,0.084182001650333405,0.084380000829696655,0.08075299859046936,0.082011997699737549,31674777
2026-08-19T00:00:00.000000Z,0.082011997699737549,0.091845996677875519,0.081114001572132111,0.089932002127170563,39700480
2026-08-20T00:00:00.000000Z,0.089925996959209442,0.098095998167991638,0.08807700127363205,0.098006002604961395,49174906
2026-08-21T00:00:00.000000Z,0.098007000982761383,0.10822399705648422,0.096476003527641296,0.10707999765872955,78683540
2026-08-22T00:00:00.000000Z,0.10707399994134903,0.1231049969792366,0.10480000078678131,0.10911300033330917,100796159
2026-08-23T00:00:00.000000Z,0.10910999774932861,0.11444800347089767,0.10418000072240829,0.11225300282239914,60413450
2026-08-24T00:00:00.000000Z,0.11225300282239914,0.11225300282239914,0.10648900270462036,0.10757900029420853,48022063
2026-08-25T00:00:00.000000Z,0.10757900029420853,0.1093520000576973,0.099893003702163696,0.10130400210618973,46410727
2026-08-26T00:00:00.000000Z,0.1013059988617897,0.10374300181865692,0.096882998943328857,0.099036999046802521,33080381
2026-08-27T00:00:00.000000Z,0.099036000669002533,0.099584996700286865,0.095582000911235809,0.097221001982688904,45138005
2026-08-28T00:00:00.000000Z,0.097214996814727783,0.099174000322818756,0.088881999254226685,0.090094000101089478,48152148
2026-08-29T00:00:00.000000Z,0.09009300172328949,0.090121999382972717,0.087585002183914185,0.088735997676849365,24449242
2026-08-30T00:00:00.000000Z,0.088735997676849365,0.090080998837947845,0.085404001176357269,0.086382001638412476,37517080
2026-09-01T00:00:00.000000Z,0.093702934682369232,0.097575172781944275,0.093702934682369232,0.096170000731945038,101227696
