timestamp_utc,Open,High,Low,Close,Volume
2017-11-09T00:00:00.000000Z,0.14966399967670441,0.16686800122261047,0.1491750031709671,0.16031700372695923,2266610
2017-11-10T00:00:00.000000Z,0.16007600724697113,0.16112500429153442,0.13457700610160828,0.13963900506496429,1616760
2017-11-11T00:00:00.000000Z,0.13972799479961395,0.14560000598430634,0.13054999709129333,0.13714699447154999,1274050
2017-11-12T00:00:00.000000Z,0.13800199329853058,0.13800199329853058,0.11595200002193451,0.12491399794816971,1549930
2017-11-13T00:00:00.000000Z,0.12467800080776215,0.15192499756813049,0.12378499656915665,0.14345000684261322,2146280
2017-11-14T00:00:00.000000Z,0.14415700733661652,0.15054400265216827,0.13513100147247314,0.14769099652767181,2805450
2017-11-15T00:00:00.000000Z,0.14575399458408356,0.14977499842643738,0.13832500576972961,0.14350800216197968,2425150
2017-11-16T00:00:00.000000Z,0.14426399767398834,0.1723099946975708,0.1393900066614151,0.16716699302196503,6494270
2017-11-17T00:00:00.000000Z,0.16642099618911743,0.18013499677181244,0.15515899658203125,0.16065399348735809,5317800
2017-11-18T00:00:00.000000Z,0.16145999729633331,0.16563299298286438,0.15564499795436859,0.1625010073184967,3096680
2017-11-19T00:00:00.000000Z,0.16345900297164917,0.16483299434185028,0.15831500291824341,0.16135799884796143,2455030
2017-11-20T00:00:00.000000Z,0.15993000566959381,0.16322900354862213,0.15640999376773834,0.15770900249481201,2961210
2017-11-21T00:00:00.000000Z,0.15776300430297852,0.16698099672794342,0.15287600457668304,0.15468999743461609,2777640
2017-11-22T00:00:00.000000Z,0.15481400489807129,0.16783200204372406,0.15454399585723877,0.16728200018405914,3086240
2017-11-23T00:00:00.000000Z,0.16695100069046021,0.16789700090885162,0.15704500675201416,0.15828099846839905,3089820
2017-11-24T00:00:00.000000Z,0.15858200192451477,0.1613910049200058,0.15453000366687775,0.1603190004825592,3428690
2017-11-25T00:00:00.000000Z,0.16012799739837646,0.16588400304317474,0.15578100085258484,0.16588400304317474,3787990
2017-11-26T00:00:00.000000Z,0.16625200212001801,0.17939500510692596,0.1654839962720871,0.17928400635719299,4057580
2017-11-27T00:00:00.000000Z,0.17926700413227081,0.1889369934797287,0.17652000486850739,0.18662300705909729,4168600
2017-11-28T00:00:00.000000Z,0.18662899732589722,0.19563700258731842,0.18551099300384521,0.19546200335025787,4521830
2017-11-29T00:00:00.000000Z,0.19533699750900269,0.20664599537849426,0.14988900721073151,0.15143099427223206,5918270
2017-11-30T00:00:00.000000Z,0.15534099936485291,0.17472599446773529,0.14067299664020538,0.15957300364971161,3391230
2017-12-01T00:00:00.000000Z,0.15946200489997864,0.17880000174045563,0.15404400229454041,0.17691600322723389,3118700
2017-12-02T00:00:00.000000Z,0.17725400626659393,0.17725400626659393,0.1673399955034256,0.16922099888324738,3125470
2017-12-03T00:00:00.000000Z,0.17015999555587769,0.17970199882984161,0.16018199920654297,0.1702439934015274,3795080
2017-12-04T00:00:00.000000Z,0.17000700533390045,0.2046159952878952,0.16910199820995331,0.19244000315666199,7164930
2017-12-05T00:00:00.000000Z,0.19218799471855164,0.22683499753475189,0.18700000643730164,0.22473900020122528,9751950
2017-12-06T00:00:00.000000Z,0.22412799298763275,0.22773300111293793,0.1934410035610199,0.20602400600910187,10626800
2017-12-07T00:00:00.000000Z,0.2045380026102066,0.20907999575138092,0.16885100305080414,0.17390599846839905,8750000
2017-12-08T00:00:00.000000Z,0.17493300139904022,0.18944099545478821,0.16912800073623657,0.18605600297451019,5905930
2017-12-09T00:00:00.000000Z,0.18540799617767334,0.19952000677585602,0.17494000494480133,0.18535299599170685,4858860
2017-12-10T00:00:00.000000Z,0.18496699631214142,0.18496699631214142,0.15502199530601501,0.17509700357913971,4934790
2017-12-11T00:00:00.000000Z,0.17537799477577209,0.23573699593544006,0.17491799592971802,0.21083800494670868,14784600
2017-12-12T00:00:00.000000Z,0.21310600638389587,0.27218100428581238,0.2034900039434433,0.24579900503158569,30706800
2017-12-13T00:00:00.000000Z,0.24503299593925476,0.25438299775123596,0.22307899594306946,0.23890799283981323,11660800
2017-12-14T00:00:00.000000Z,0.2372020035982132,0.24889400601387024,0.2243800014257431,0.24020099639892578,13308900
2017-12-15T00:00:00.000000Z,0.24041600525379181,0.24340200424194336,0.21246600151062012,0.2356249988079071,9697550
2017-12-16T00:00:00.000000Z,0.23759999871253967,0.2713179886341095,0.23729899525642395,0.27085199952125549,12336400
2017-12-17T00:00:00.000000Z,0.27060401439666748,0.35192599892616272,0.26912400126457214,0.3113580048084259,25909600
2017-12-18T00:00:00.000000Z,0.31222701072692871,0.43694001436233521,0.30938699841499329,0.39556699991226196,32789600
2017-12-19T00:00:00.000000Z,0.39511001110076904,0.41723498702049255,0.35842901468276978,0.37570101022720337,21628900
2017-12-20T00:00:00.000000Z,0.37619501352310181,0.37702500820159912,0.32002100348472595,0.37689501047134399,16978500
2017-12-21T00:00:00.000000Z,0.37876799702644348,0.41288900375366211,0.35104399919509888,0.37037599086761475,21032000
2017-12-22T00:00:00.000000Z,0.3710629940032959,0.37477999925613403,0.21985599398612976,0.30208298563957214,13553800
2017-12-23T00:00:00.000000Z,0.30486899614334106,0.36369401216506958,0.30486899614334106,0.32786399126052856,9969610
2017-12-24T00:00:00.000000Z,0.33139601349830627,0.37325599789619446,0.28773400187492371,0.37325599789619446,9932210
2017-12-25T00:00:00.000000Z,0.37352898716926575,0.46171799302101135,0.35435599088668823,0.39071500301361084,27227000
2017-12-26T00:00:00.000000Z,0.38978400826454163,0.45019400119781494,0.34038698673248291,0.40487900376319885,22083600
2017-12-27T00:00:00.000000Z,0.40742599964141846,0.45346501469612122,0.3807620108127594,0.40646499395370483,27499600
2017-12-28T00:00:00.000000Z,0.40452000498771667,0.40452000498771667,0.33095300197601318,0.38172200322151184,16323400
2017-12-29T00:00:00.000000Z,0.38459599018096924,0.40261000394821167,0.35892298817634583,0.38167399168014526,13222900
2017-12-30T00:00:00.000000Z,0.37923699617385864,0.37923699617385864,0.32297399640083313,0.35392999649047852,14934100
2017-12-31T00:00:00.000000Z,0.35087200999259949,0.43255901336669922,0.34635001420974731,0.41220301389694214,18495600
2018-01-01T00:00:00.000000Z,0.41318699717521667,0.49219700694084167,0.39129701256752014,0.47559899091720581,23566200
2018-01-02T00:00:00.000000Z,0.47398701310157776,0.62833499908447266,0.47398701310157776,0.56330001354217529,61507700
2018-01-03T00:00:00.000000Z,0.56570100784301758,0.67708301544189453,0.51251697540283203,0.65121901035308838,53393700
2018-01-04T00:00:00.000000Z,0.6451529860496521,0.68467098474502563,0.6056939959526062,0.6341249942779541,49913400
2018-01-05T00:00:00.000000Z,0.6242300271987915,0.66346299648284912,0.52455002069473267,0.55288100242614746,46643000
2018-01-06T00:00:00.000000Z,0.55608600378036499,0.74946200847625732,0.55308002233505249,0.66390502452850342,51922100
2018-01-07T00:00:00.000000Z,0.66244697570800781,0.841513991355896,0.66244697570800781,0.75823301076889038,78834400
2018-01-08T00:00:00.000000Z,0.7604219913482666,0.92324501276016235,0.58715397119522095,0.84818398952484131,71550600
2018-01-09T00:00:00.000000Z,0.85370802879333496,0.9807019829750061,0.81609600782394409,0.89196199178695679,86957600
2018-01-10T00:00:00.000000Z,0.8969230055809021,0.8969230055809021,0.73787897825241089,0.80217498540878296,48395100
2018-01-11T00:00:00.000000Z,0.80020898580551147,0.80020898580551147,0.62020200490951538,0.65320700407028198,34119300
2018-01-12T00:00:00.000000Z,0.66651201248168945,0.76803600788116455,0.63555401563644409,0.74204999208450317,32465900
2018-01-13T00:00:00.000000Z,0.74301600456237793,0.79047900438308716,0.73405897617340088,0.76397299766540527,29202700
2018-01-14T00:00:00.000000Z,0.76592898368835449,0.76592898368835449,0.64027702808380127,0.66235899925231934,26944900
2018-01-15T00:00:00.000000Z,0.66065698862075806,0.72943800687789917,0.61060899496078491,0.68956899642944336,28859800
2018-01-16T00:00:00.000000Z,0.6914139986038208,0.6914139986038208,0.36693599820137024,0.48381298780441284,27355600
2018-01-17T00:00:00.000000Z,0.48042300343513489,0.58824002742767334,0.35093700885772705,0.58824002742767334,26334000
2018-01-18T00:00:00.000000Z,0.59323900938034058,0.66036999225616455,0.56742501258850098,0.59196698665618896,33982500
2018-01-19T00:00:00.000000Z,0.58682602643966675,0.63368600606918335,0.557669997215271,0.59337097406387329,18967600
2018-01-20T00:00:00.000000Z,0.59811902046203613,0.67662197351455688,0.59741801023483276,0.65243297815322876,14603300
2018-01-21T00:00:00.000000Z,0.65346699953079224,0.65346699953079224,0.522816002368927,0.55548697710037231,10269600
2018-01-22T00:00:00.000000Z,0.55988800525665283,0.57466000318527222,0.46351701021194458,0.51159101724624634,16621400
2018-01-23T00:00:00.000000Z,0.51435202360153198,0.57811397314071655,0.47220999002456665,0.57811397314071655,17113700
2018-01-24T00:00:00.000000Z,0.57626301050186157,0.62162500619888306,0.52714502811431885,0.54312801361083984,35591900
2018-01-25T00:00:00.000000Z,0.55076402425765991,0.56847202777862549,0.54022502899169922,0.55501502752304077,19994100
2018-01-26T00:00:00.000000Z,0.55453997850418091,0.56300902366638184,0.49716600775718689,0.55887401103973389,16465300
2018-01-27T00:00:00.000000Z,0.55806201696395874,0.66491502523422241,0.54942500591278076,0.66221499443054199,30672200
2018-01-28T00:00:00.000000Z,0.6619189977645874,0.6619189977645874,0.61746001243591309,0.65004897117614746,25628900
2018-01-29T00:00:00.000000Z,0.64778202772140503,0.65700799226760864,0.5933070182800293,0.60716098546981812,19974100
2018-01-30T00:00:00.000000Z,0.60735398530960083,0.60836797952651978,0.50715899467468262,0.50934898853302002,16844700
2018-01-31T00:00:00.000000Z,0.50946098566055298,0.52876502275466919,0.48222899436950684,0.51706498861312866,17508700
2018-02-01T00:00:00.000000Z,0.5193830132484436,0.53055298328399658,0.42266899347305298,0.46205401420593262,13799300
2018-02-02T00:00:00.000000Z,0.46175599098205566,0.46175599098205566,0.32689100503921509,0.4162060022354126,7016480
2018-02-03T00:00:00.000000Z,0.41833201050758362,0.46603000164031982,0.38364499807357788,0.44857200980186462,8570000
2018-02-04T00:00:00.000000Z,0.44713899493217468,0.4600130021572113,0.35675400495529175,0.38550400733947754,8016560
2018-02-05T00:00:00.000000Z,0.38181498646736145,0.38914400339126587,0.2807919979095459,0.29508700966835022,7563880
2018-02-06T00:00:00.000000Z,0.29563501477241516,0.38662999868392944,0.23111699521541595,0.35724601149559021,9245340
2018-02-07T00:00:00.000000Z,0.35600998997688293,0.38349500298500061,0.31801098585128784,0.34078499674797058,7712480
2018-02-08T00:00:00.000000Z,0.34040901064872742,0.39381098747253418,0.34040901064872742,0.37287598848342896,5728650
2018-02-09T00:00:00.000000Z,0.37439700961112976,0.39885100722312927,0.35563400387763977,0.38705199956893921,4454490
2018-02-10T00:00:00.000000Z,0.38729000091552734,0.40744099020957947,0.34383499622344971,0.36132600903511047,4431120
2018-02-11T00:00:00.000000Z,0.36062899231910706,0.36062899231910706,0.32207000255584717,0.33364701271057129,2814260
2018-02-12T00:00:00.000000Z,0.33534601330757141,0.38882899284362793,0.33534601330757141,0.38045099377632141,3689740
2018-02-13T00:00:00.000000Z,0.38014298677444458,0.38160398602485657,0.34039899706840515,0.34766298532485962,3333760
2018-02-14T00:00:00.000000Z,0.3476330041885376,0.40225699543952942,0.34610700607299805,0.39589598774909973,4580830
2018-02-15T00:00:00.000000Z,0.39478901028633118,0.42899399995803833,0.39439100027084351,0.41457399725914001,5466000
2018-02-16T00:00:00.000000Z,0.41373398900032043,0.44192799925804138,0.41251400113105774,0.43556299805641174,4964520
2018-02-17T00:00:00.000000Z,0.43688899278640747,0.48193201422691345,0.43220600485801697,0.47913900017738342,5396170
2018-02-18T00:00:00.000000Z,0.48108801245689392,0.48108801245689392,0.4154680073261261,0.42460000514984131,4917400
2018-02-19T00:00:00.000000Z,0.42227599024772644,0.43753701448440552,0.41076299548149109,0.42579099535942078,4354620
2018-02-20T00:00:00.000000Z,0.4262939989566803,0.43966901302337646,0.38840401172637939,0.39172399044036865,5555850
2018-02-21T00:00:00.000000Z,0.39142599701881409,0.40554699301719666,0.36268401145935059,0.36367699503898621,4339370
2018-02-22T00:00:00.000000Z,0.36365601420402527,0.37795999646186829,0.33669701218605042,0.34185600280761719,3569820
2018-02-23T00:00:00.000000Z,0.34109899401664734,0.36521100997924805,0.33470699191093445,0.35938701033592224,2803740
2018-02-24T00:00:00.000000Z,0.35794299840927124,0.36451798677444458,0.33295398950576782,0.33974498510360718,3452860
2018-02-25T00:00:00.000000Z,0.3385159969329834,0.37848800420761108,0.3385159969329834,0.3567110002040863,5791560
2018-02-26T00:00:00.000000Z,0.35672798752784729,0.37185698747634888,0.3492949903011322,0.36559399962425232,2650280
2018-02-27T00:00:00.000000Z,0.36695200204849243,0.37835800647735596,0.35889199376106262,0.36544901132583618,3505340
2018-02-28T00:00:00.000000Z,0.36486399173736572,0.37440499663352966,0.33945798873901367,0.34008601307868958,3183110
2018-03-01T00:00:00.000000Z,0.33997601270675659,0.40377300977706909,0.32818600535392761,0.37493801116943359,11112000
2018-03-02T00:00:00.000000Z,0.3736569881439209,0.41865399479866028,0.36964899301528931,0.40567898750305176,13092800
2018-03-03T00:00:00.000000Z,0.40478101372718811,0.40648901462554932,0.37303099036216736,0.37923398613929749,5018260
2018-03-04T00:00:00.000000Z,0.37878099083900452,0.3797059953212738,0.36771601438522339,0.37685900926589966,3257860
2018-03-05T00:00:00.000000Z,0.37659499049186707,0.39193800091743469,0.37422698736190796,0.3755129873752594,4017680
2018-03-06T00:00:00.000000Z,0.37558799982070923,0.37558799982070923,0.33418399095535278,0.33827298879623413,3151660
2018-03-07T00:00:00.000000Z,0.33747100830078125,0.34636399149894714,0.27799400687217712,0.29993501305580139,4940190
2018-03-08T00:00:00.000000Z,0.29852500557899475,0.30999800562858582,0.26878300309181213,0.27121800184249878,3217760
2018-03-09T00:00:00.000000Z,0.26936900615692139,0.27110001444816589,0.22946000099182129,0.25971698760986328,5051810
2018-03-10T00:00:00.000000Z,0.25874099135398865,0.29670599102973938,0.25874099135398865,0.26102501153945923,4266990
2018-03-11T00:00:00.000000Z,0.25990000367164612,0.28052800893783569,0.25158300995826721,0.27285799384117126,2583620
2018-03-12T00:00:00.000000Z,0.2720000147819519,0.27991798520088196,0.25585898756980896,0.26171699166297913,6952680
2018-03-13T00:00:00.000000Z,0.26096600294113159,0.26721599698066711,0.24533699452877045,0.24666799604892731,4214560
2018-03-14T00:00:00.000000Z,0.24666100740432739,0.25156199932098389,0.21563500165939331,0.2211499959230423,4645650
2018-03-15T00:00:00.000000Z,0.22135399281978607,0.22504499554634094,0.1869640052318573,0.19594100117683411,7128880
2018-03-16T00:00:00.000000Z,0.19678500294685364,0.20522800087928772,0.19124700129032135,0.1977279931306839,4389510
2018-03-17T00:00:00.000000Z,0.19865100085735321,0.20182199776172638,0.1866299957036972,0.19016300141811371,4629150
2018-03-18T00:00:00.000000Z,0.18970000743865967,0.18991699814796448,0.15690100193023682,0.18920700252056122,5125320
2018-03-19T00:00:00.000000Z,0.18903900682926178,0.20608299970626831,0.1846189945936203,0.2041189968585968,4389990
2018-03-20T00:00:00.000000Z,0.20614799857139587,0.22105099260807037,0.19614000618457794,0.21160699427127838,4744160
2018-03-21T00:00:00.000000Z,0.2120790034532547,0.22522899508476257,0.20621700584888458,0.20815199613571167,5095830
2018-03-22T00:00:00.000000Z,0.20791199803352356,0.21794499456882477,0.19255299866199493,0.20762400329113007,3824490
2018-03-23T00:00:00.000000Z,0.20812900364398956,0.21185800433158875,0.19537800550460815,0.21185800433158875,5034550
2018-03-24T00:00:00.000000Z,0.21428999304771423,0.23524400591850281,0.21152900159358978,0.21501900255680084,5436620
2018-03-25T00:00:00.000000Z,0.21235600113868713,0.22188100218772888,0.20439800620079041,0.21098800003528595,4093880
2018-03-26T00:00:00.000000Z,0.2115509957075119,0.23367099463939667,0.18498200178146362,0.21687799692153931,11853000
2018-03-27T00:00:00.000000Z,0.21678000688552856,0.26144999265670776,0.20647700130939484,0.22610700130462646,20462500
2018-03-28T00:00:00.000000Z,0.22429999709129333,0.23332500457763672,0.21868200600147247,0.22377499938011169,7325310
2018-03-29T00:00:00.000000Z,0.22328400611877441,0.22464099526405334,0.1861719936132431,0.18886399269104004,4810120
2018-03-30T00:00:00.000000Z,0.18841500580310822,0.19085699319839478,0.17694400250911713,0.18591099977493286,4906680
2018-03-31T00:00:00.000000Z,0.18583099544048309,0.19582299888134003,0.18583099544048309,0.1952890008687973,4017800
2018-04-01T00:00:00.000000Z,0.19556799530982971,0.19793799519538879,0.17475399374961853,0.18613600730895996,4474620
2018-04-02T00:00:00.000000Z,0.18689799308776855,0.2007330060005188,0.18550699949264526,0.19935700297355652,4822270
2018-04-03T00:00:00.000000Z,0.19933499395847321,0.22546100616455078,0.19933499395847321,0.21156799793243408,10359800
2018-04-04T00:00:00.000000Z,0.21139900386333466,0.21182799339294434,0.18747200071811676,0.18830899894237518,4339240
2018-04-05T00:00:00.000000Z,0.18786899745464325,0.21163800358772278,0.18059100210666656,0.18581900000572205,7091280
2018-04-06T00:00:00.000000Z,0.18553900718688965,0.18896600604057312,0.17920500040054321,0.18017199635505676,4242680
2018-04-07T00:00:00.000000Z,0.18033100664615631,0.19690400362014771,0.18015000224113464,0.19467799365520477,4672030
2018-04-08T00:00:00.000000Z,0.19508999586105347,0.20268499851226807,0.19457200169563293,0.19997599720954895,4223320
2018-04-09T00:00:00.000000Z,0.19938099384307861,0.20228800177574158,0.18391300737857819,0.18700599670410156,4486340
2018-04-10T00:00:00.000000Z,0.18752500414848328,0.19898000359535217,0.18332299590110779,0.19898000359535217,5211810
2018-04-11T00:00:00.000000Z,0.19899000227451324,0.21022099256515503,0.19702500104904175,0.20901800692081451,4803470
2018-04-12T00:00:00.000000Z,0.20847800374031067,0.23340199887752533,0.19933700561523438,0.2333109974861145,5925880
2018-04-13T00:00:00.000000Z,0.23423799872398376,0.25984200835227966,0.22706900537014008,0.24210000038146973,7614480
2018-04-14T00:00:00.000000Z,0.24232600629329681,0.26121899485588074,0.24116300046443939,0.25734600424766541,5032090
2018-04-15T00:00:00.000000Z,0.25717699527740479,0.26686200499534607,0.25717699527740479,0.26686200499534607,4998180
2018-04-16T00:00:00.000000Z,0.26744899153709412,0.27372699975967407,0.259909987449646,0.27168801426887512,7550920
2018-04-17T00:00:00.000000Z,0.27182298898696899,0.28163799643516541,0.26621699333190918,0.27495300769805908,7087260
2018-04-18T00:00:00.000000Z,0.27482700347900391,0.4027239978313446,0.27463001012802124,0.36176401376724243,48542100
2018-04-19T00:00:00.000000Z,0.36243999004364014,0.40170300006866455,0.35384699702262878,0.38418599963188171,27273800
2018-04-20T00:00:00.000000Z,0.38342899084091187,0.41864299774169922,0.3726159930229187,0.40772700309753418,16586600
2018-04-21T00:00:00.000000Z,0.40540400147438049,0.41299599409103394,0.37607800960540771,0.41141000390052795,8605380
2018-04-22T00:00:00.000000Z,0.41282001137733459,0.44465199112892151,0.40110200643539429,0.42544901371002197,10641500
2018-04-23T00:00:00.000000Z,0.42396798729896545,0.43826600909233093,0.42263299226760864,0.43582400679588318,7346400
2018-04-24T00:00:00.000000Z,0.43533799052238464,0.46956101059913635,0.43533799052238464,0.45804598927497864,10757500
2018-04-25T00:00:00.000000Z,0.45792099833488464,0.4582970142364502,0.3804830014705658,0.40384700894355774,10950800
2018-04-26T00:00:00.000000Z,0.40734699368476868,0.439767986536026,0.39922800660133362,0.43924999237060547,7506600
2018-04-27T00:00:00.000000Z,0.43994000554084778,0.44737198948860168,0.41666999459266663,0.41829699277877808,5786420
2018-04-28T00:00:00.000000Z,0.41605600714683533,0.47170698642730713,0.41576999425888062,0.44104999303817749,12786800
2018-04-29T00:00:00.000000Z,0.44032499194145203,0.46513301134109497,0.4350380003452301,0.46513301134109497,7606110
2018-04-30T00:00:00.000000Z,0.46509099006652832,0.5024229884147644,0.44401699304580688,0.47971799969673157,12709500
2018-05-01T00:00:00.000000Z,0.48019900918006897,0.50890499353408813,0.44228899478912354,0.50344401597976685,14562200
2018-05-02T00:00:00.000000Z,0.50421899557113647,0.52301102876663208,0.48982501029968262,0.4913640022277832,12751200
2018-05-03T00:00:00.000000Z,0.49093198776245117,0.51646000146865845,0.48855701088905334,0.49158000946044922,15010800
2018-05-04T00:00:00.000000Z,0.49036300182342529,0.50150597095489502,0.47842699289321899,0.48268699645996094,6894470
2018-05-05T00:00:00.000000Z,0.48214799165725708,0.48788899183273315,0.44337400794029236,0.45083600282669067,10395000
2018-05-06T00:00:00.000000Z,0.45113399624824524,0.45394900441169739,0.41968798637390137,0.43742701411247253,6016770
2018-05-07T00:00:00.000000Z,0.43775299191474915,0.43948999047279358,0.38282400369644165,0.40599501132965088,6942380
2018-05-08T00:00:00.000000Z,0.40821701288223267,0.42073100805282593,0.38093298673629761,0.39166799187660217,6111690
2018-05-09T00:00:00.000000Z,0.39159700274467468,0.39182201027870178,0.36417999863624573,0.37937098741531372,5609840
2018-05-10T00:00:00.000000Z,0.37868198752403259,0.39420101046562195,0.36548200249671936,0.38316598534584045,8556110
2018-05-11T00:00:00.000000Z,0.3813529908657074,0.3813529908657074,0.31716999411582947,0.34819099307060242,7594750
2018-05-12T00:00:00.000000Z,0.3473840057849884,0.36703100800514221,0.33035099506378174,0.36362901329994202,5268220
2018-05-13T00:00:00.000000Z,0.36608999967575073,0.39225301146507263,0.35540300607681274,0.38942301273345947,4894890
2018-05-14T00:00:00.000000Z,0.3899179995059967,0.41376999020576477,0.36687600612640381,0.404774010181427,6042450
2018-05-15T00:00:00.000000Z,0.40385100245475769,0.40707299113273621,0.3667919933795929,0.37242698669433594,4664060
2018-05-16T00:00:00.000000Z,0.37318500876426697,0.40736600756645203,0.34462299942970276,0.39228299260139465,10878100
2018-05-17T00:00:00.000000Z,0.39252400398254395,0.42135798931121826,0.35573500394821167,0.35785400867462158,8947410
2018-05-18T00:00:00.000000Z,0.35785698890686035,0.36805200576782227,0.34697800874710083,0.36172899603843689,3644390
2018-05-19T00:00:00.000000Z,0.36211898922920227,0.36308598518371582,0.34591200947761536,0.34808799624443054,2770420
2018-05-20T00:00:00.000000Z,0.34842899441719055,0.35613301396369934,0.34426799416542053,0.35125899314880371,2004930
2018-05-21T00:00:00.000000Z,0.35166400671005249,0.35693401098251343,0.34385499358177185,0.34443700313568115,2447770
2018-05-22T00:00:00.000000Z,0.34441098570823669,0.3456139862537384,0.30819401144981384,0.30901500582695007,2773260
2018-05-23T00:00:00.000000Z,0.30883398652076721,0.31492701172828674,0.27109700441360474,0.2976050078868866,5796060
2018-05-24T00:00:00.000000Z,0.29813900589942932,0.32515698671340942,0.28105801343917847,0.31149700284004211,5523260
2018-05-25T00:00:00.000000Z,0.31201699376106262,0.31233000755310059,0.28654798865318298,0.29102200269699097,2025840
2018-05-26T00:00:00.000000Z,0.2908329963684082,0.29464301466941833,0.28306001424789429,0.28355899453163147,1710280
2018-05-27T00:00:00.000000Z,0.28334501385688782,0.28403401374816895,0.27760601043701172,0.28054100275039673,1441200
2018-05-28T00:00:00.000000Z,0.28048700094223022,0.28154298663139343,0.25026100873947144,0.25026100873947144,2265200
2018-05-29T00:00:00.000000Z,0.25033500790596008,0.28354901075363159,0.24614700675010681,0.28162500262260437,3041930
2018-05-30T00:00:00.000000Z,0.28135201334953308,0.28837299346923828,0.26349401473999023,0.26662498712539673,2293530
2018-05-31T00:00:00.000000Z,0.26658499240875244,0.2842249870300293,0.26485800743103027,0.27773401141166687,2369600
2018-06-01T00:00:00.000000Z,0.27799299359321594,0.28036001324653625,0.26889398694038391,0.27838000655174255,1844110
2018-06-02T00:00:00.000000Z,0.2779729962348938,0.29793301224708557,0.27347800135612488,0.29291599988937378,3215640
2018-06-03T00:00:00.000000Z,0.29153299331665039,0.30428799986839294,0.28988799452781677,0.29578998684883118,2391740
2018-06-04T00:00:00.000000Z,0.29437598586082458,0.29690000414848328,0.27874401211738586,0.28179800510406494,1894160
2018-06-05T00:00:00.000000Z,0.28179201483726501,0.28394100069999695,0.26447099447250366,0.27890801429748535,2525110
2018-06-06T00:00:00.000000Z,0.27883899211883545,0.27899500727653503,0.26484400033950806,0.27038601040840149,1666000
2018-06-07T00:00:00.000000Z,0.27045100927352905,0.27784299850463867,0.2700980007648468,0.27702701091766357,2101040
2018-06-08T00:00:00.000000Z,0.27754300832748413,0.27837800979614258,0.26716101169586182,0.27229699492454529,1643000
2018-06-09T00:00:00.000000Z,0.27234798669815063,0.27707499265670776,0.26569700241088867,0.26569700241088867,1578590
2018-06-10T00:00:00.000000Z,0.26573801040649414,0.26573801040649414,0.22159700095653534,0.22818300127983093,2505850
2018-06-11T00:00:00.000000Z,0.22817899286746979,0.23509299755096436,0.22265000641345978,0.23362599313259125,1920940
2018-06-12T00:00:00.000000Z,0.23405399918556213,0.23405399918556213,0.20374900102615356,0.20820200443267822,2402470
2018-06-13T00:00:00.000000Z,0.20868100225925446,0.20868100225925446,0.18751099705696106,0.19502300024032593,1606920
2018-06-14T00:00:00.000000Z,0.19505000114440918,0.22349199652671814,0.18989600241184235,0.2195730060338974,2641910
2018-06-15T00:00:00.000000Z,0.21942499279975891,0.24361699819564819,0.21330499649047852,0.23592099547386169,4135940
2018-06-16T00:00:00.000000Z,0.23441000282764435,0.2580539882183075,0.23387099802494049,0.24179799854755402,7265280
2018-06-17T00:00:00.000000Z,0.24262900650501251,0.25589999556541443,0.23004899919033051,0.2304069995880127,3459530
2018-06-18T00:00:00.000000Z,0.22995300590991974,0.260111004114151,0.22840400040149689,0.25720399618148804,4118300
2018-06-19T00:00:00.000000Z,0.25754600763320923,0.25949200987815857,0.24740499258041382,0.25575599074363708,3475430
2018-06-20T00:00:00.000000Z,0.2555449903011322,0.271791011095047,0.24198000133037567,0.26344698667526245,3376880
2018-06-21T00:00:00.000000Z,0.2637380063533783,0.31022900342941284,0.2637380063533783,0.30885699391365051,7712090
2018-06-22T00:00:00.000000Z,0.30546000599861145,0.30734598636627197,0.24232900142669678,0.24903500080108643,7381380
2018-06-23T00:00:00.000000Z,0.24971300363540649,0.27956798672676086,0.2468390017747879,0.27595901489257812,4754520
2018-06-24T00:00:00.000000Z,0.27648499608039856,0.27648499608039856,0.23559199273586273,0.25731900334358215,3549900
2018-06-25T00:00:00.000000Z,0.25640299916267395,0.26145198941230774,0.2458450049161911,0.24771200120449066,3054560
2018-06-26T00:00:00.000000Z,0.2496660053730011,0.25144699215888977,0.22568400204181671,0.22593300044536591,2278780
2018-06-27T00:00:00.000000Z,0.22505499422550201,0.22822199761867523,0.21749100089073181,0.22374099493026733,1713500
2018-06-28T00:00:00.000000Z,0.22371000051498413,0.22522500157356262,0.20487900078296661,0.2055869996547699,1902540
2018-06-29T00:00:00.000000Z,0.20431800186634064,0.22034400701522827,0.19829399883747101,0.21840399503707886,2184470
2018-06-30T00:00:00.000000Z,0.21821600198745728,0.2437489926815033,0.21807199716567993,0.24302299320697784,2690800
2018-07-01T00:00:00.000000Z,0.2426300048828125,0.25930300354957581,0.23636999726295471,0.25742000341415405,2366250
2018-07-02T00:00:00.000000Z,0.25804901123046875,0.27596798539161682,0.24910199642181396,0.27173799276351929,3659320
2018-07-03T00:00:00.000000Z,0.27133500576019287,0.27616998553276062,0.24530899524688721,0.24957600235939026,3674380
2018-07-04T00:00:00.000000Z,0.24997499585151672,0.26014000177383423,0.24546299874782562,0.25018799304962158,2681310
2018-07-05T00:00:00.000000Z,0.25072100758552551,0.25578299164772034,0.23643399775028229,0.24133899807929993,2424400
2018-07-06T00:00:00.000000Z,0.24116599559783936,0.27239200472831726,0.23668199777603149,0.2623400092124939,4473600
2018-07-07T00:00:00.000000Z,0.26498201489448547,0.27021199464797974,0.2546519935131073,0.26908499002456665,3189520
2018-07-08T00:00:00.000000Z,0.26977801322937012,0.27868500351905823,0.26411101222038269,0.27448499202728271,2346660
2018-07-09T00:00:00.000000Z,0.27401500940322876,0.28135600686073303,0.26405200362205505,0.26490101218223572,2762680
2018-07-10T00:00:00.000000Z,0.26217299699783325,0.26255598664283752,0.23842500150203705,0.24292799830436707,2751840
2018-07-11T00:00:00.000000Z,0.24319499731063843,0.27418100833892822,0.24305999279022217,0.26865199208259583,4486670
2018-07-12T00:00:00.000000Z,0.2686460018157959,0.26967498660087585,0.25120100378990173,0.26832699775695801,4768230
2018-07-13T00:00:00.000000Z,0.2691510021686554,0.34114798903465271,0.26532700657844543,0.33602198958396912,16786200
2018-07-14T00:00:00.000000Z,0.33451199531555176,0.34439700841903687,0.30790698528289795,0.31815901398658752,15608800
2018-07-15T00:00:00.000000Z,0.31758999824523926,0.34234300255775452,0.30833598971366882,0.31716799736022949,8434180
2018-07-16T00:00:00.000000Z,0.31927499175071716,0.36097601056098938,0.31735101342201233,0.35722899436950684,9397190
2018-07-17T00:00:00.000000Z,0.35579699277877808,0.38116198778152466,0.34980800747871399,0.35868799686431885,15869500
2018-07-18T00:00:00.000000Z,0.36070400476455688,0.3883729875087738,0.35598799586296082,0.35653001070022583,13593500
2018-07-19T00:00:00.000000Z,0.35627299547195435,0.37084200978279114,0.33787500858306885,0.33937901258468628,7815340
2018-07-20T00:00:00.000000Z,0.33945199847221375,0.33973801136016846,0.30285298824310303,0.31476700305938721,7005660
2018-07-21T00:00:00.000000Z,0.3162359893321991,0.33778798580169678,0.30450001358985901,0.32796800136566162,6115640
2018-07-22T00:00:00.000000Z,0.32736700773239136,0.34900999069213867,0.32330599427223206,0.32824099063873291,6121070
2018-07-23T00:00:00.000000Z,0.32785901427268982,0.42183700203895569,0.32422000169754028,0.34772899746894836,90456200
2018-07-24T00:00:00.000000Z,0.34895500540733337,0.40874201059341431,0.33992299437522888,0.34773498773574829,41637900
2018-07-25T00:00:00.000000Z,0.34631198644638062,0.35544699430465698,0.31641000509262085,0.33059900999069214,16915400
2018-07-26T00:00:00.000000Z,0.33132299780845642,0.33900699019432068,0.29809701442718506,0.30500400066375732,6540910
2018-07-27T00:00:00.000000Z,0.30520901083946228,0.33078798651695251,0.29927900433540344,0.32341098785400391,9909830
2018-07-28T00:00:00.000000Z,0.32478201389312744,0.32785099744796753,0.32012099027633667,0.32455098628997803,3885050
2018-07-29T00:00:00.000000Z,0.32481300830841064,0.32842901349067688,0.31304100155830383,0.31498000025749207,3576790
2018-07-30T00:00:00.000000Z,0.31530600786209106,0.31530600786209106,0.29095599055290222,0.3036620020866394,3156580
2018-07-31T00:00:00.000000Z,0.30287399888038635,0.30309599637985229,0.2752079963684082,0.27712100744247437,3761580
2018-08-01T00:00:00.000000Z,0.27659898996353149,0.28429898619651794,0.26638698577880859,0.28347000479698181,3534260
2018-08-02T00:00:00.000000Z,0.28432199358940125,0.29409599304199219,0.26354500651359558,0.26492199301719666,3596410
2018-08-03T00:00:00.000000Z,0.2637920081615448,0.27091199159622192,0.24971200525760651,0.26544800400733948,3787420
2018-08-04T00:00:00.000000Z,0.26594400405883789,0.2693449854850769,0.24665400385856628,0.25001001358032227,2688850
2018-08-05T00:00:00.000000Z,0.25005900859832764,0.25616401433944702,0.2461480051279068,0.25387498736381531,2473480
2018-08-06T00:00:00.000000Z,0.25419801473617554,0.27167001366615295,0.25419801473617554,0.26972100138664246,3858700
2018-08-07T00:00:00.000000Z,0.2693449854850769,0.30383500456809998,0.26220500469207764,0.26623201370239258,8757630
2018-08-08T00:00:00.000000Z,0.26613199710845947,0.26613199710845947,0.21418100595474243,0.22082500159740448,7322500
2018-08-09T00:00:00.000000Z,0.22156000137329102,0.24966999888420105,0.2199150025844574,0.24719700217247009,3786690
2018-08-10T00:00:00.000000Z,0.24605999886989594,0.24904899299144745,0.21485699713230133,0.22182199358940125,3449610
2018-08-11T00:00:00.000000Z,0.22217799723148346,0.22814999520778656,0.19976000487804413,0.22058400511741638,6631450
2018-08-12T00:00:00.000000Z,0.21905900537967682,0.21973900496959686,0.20888400077819824,0.21093399822711945,2389040
2018-08-13T00:00:00.000000Z,0.21133899688720703,0.22369599342346191,0.18849700689315796,0.18949900567531586,4937120
2018-08-14T00:00:00.000000Z,0.1861329972743988,0.18950800597667694,0.15689100325107574,0.18950800597667694,5752430
2018-08-15T00:00:00.000000Z,0.19099000096321106,0.20745000243186951,0.18696199357509613,0.1875620037317276,4966500
2018-08-16T00:00:00.000000Z,0.18732200562953949,0.20542000234127045,0.18327799439430237,0.19557100534439087,3942520
2018-08-17T00:00:00.000000Z,0.19600899517536163,0.22761300206184387,0.19560199975967407,0.22623400390148163,3990710
2018-08-18T00:00:00.000000Z,0.22747400403022766,0.22918200492858887,0.19728800654411316,0.20704300701618195,3050410
2018-08-19T00:00:00.000000Z,0.20700199902057648,0.23043300211429596,0.20397999882698059,0.22085599601268768,3544910
2018-08-20T00:00:00.000000Z,0.22157099843025208,0.22744999825954437,0.19557100534439087,0.19563199579715729,2845590
2018-08-21T00:00:00.000000Z,0.19444400072097778,0.21412199735641479,0.19394299387931824,0.21357700228691101,3581670
2018-08-22T00:00:00.000000Z,0.21347999572753906,0.22266300022602081,0.19248799979686737,0.19723199307918549,3991730
2018-08-23T00:00:00.000000Z,0.19670300185680389,0.20928299427032471,0.19597800076007843,0.20837299525737762,4537010
2018-08-24T00:00:00.000000Z,0.21020999550819397,0.21222500503063202,0.20311899483203888,0.21204400062561035,4467600
2018-08-25T00:00:00.000000Z,0.21190999448299408,0.21354299783706665,0.20681500434875488,0.21253100037574768,3674530
2018-08-26T00:00:00.000000Z,0.21253100037574768,0.21371899545192719,0.20387700200080872,0.2090039998292923,3580910
2018-08-27T00:00:00.000000Z,0.20935499668121338,0.22317400574684143,0.20765100419521332,0.22288599610328674,5267600
2018-08-28T00:00:00.000000Z,0.22366499900817871,0.23556900024414062,0.22339199483394623,0.23349599540233612,6915810
2018-08-29T00:00:00.000000Z,0.23358400166034698,0.23358400166034698,0.21832500398159027,0.22458100318908691,5778130
2018-08-30T00:00:00.000000Z,0.22464600205421448,0.22494399547576904,0.20694600045681,0.21495099365711212,6442380
2018-08-31T00:00:00.000000Z,0.21543200314044952,0.22412300109863281,0.21220399439334869,0.21959799528121948,5472150
2018-09-01T00:00:00.000000Z,0.21848399937152863,0.23357099294662476,0.21835100650787354,0.22762000560760498,3547030
2018-09-02T00:00:00.000000Z,0.22783699631690979,0.23549200594425201,0.22447900474071503,0.23172900080680847,3265550
2018-09-03T00:00:00.000000Z,0.23202000558376312,0.23348900675773621,0.22626699507236481,0.22787599265575409,3231210
2018-09-04T00:00:00.000000Z,0.22811500728130341,0.23418900370597839,0.22645099461078644,0.23099499940872192,3362240
2018-09-05T00:00:00.000000Z,0.23091299831867218,0.23845399916172028,0.18278199434280396,0.18278199434280396,5709710
2018-09-06T00:00:00.000000Z,0.18229599297046661,0.18493899703025818,0.17054900527000427,0.18367999792098999,4713820
2018-09-07T00:00:00.000000Z,0.18330200016498566,0.18463599681854248,0.17301200330257416,0.17326700687408447,4042110
2018-09-08T00:00:00.000000Z,0.17346900701522827,0.17742699384689331,0.15590099990367889,0.15901599824428558,4532720
2018-09-09T00:00:00.000000Z,0.15905199944972992,0.16677899658679962,0.15186600387096405,0.15656599402427673,3509260
2018-09-10T00:00:00.000000Z,0.15666699409484863,0.15809500217437744,0.14765599370002747,0.15084199607372284,3404930
2018-09-11T00:00:00.000000Z,0.15143899619579315,0.15809899568557739,0.1435060054063797,0.14857299625873566,3994940
2018-09-12T00:00:00.000000Z,0.14894500374794006,0.15043599903583527,0.13187700510025024,0.14735500514507294,4552830
2018-09-13T00:00:00.000000Z,0.14717200398445129,0.1674170047044754,0.14665299654006958,0.16597899794578552,4702990
2018-09-14T00:00:00.000000Z,0.1657319962978363,0.16857799887657166,0.1509149968624115,0.15559500455856323,4123730
2018-09-15T00:00:00.000000Z,0.15459400415420532,0.16488699615001678,0.15327300131320953,0.16396600008010864,2846890
2018-09-16T00:00:00.000000Z,0.16412599384784698,0.16412599384784698,0.15473400056362152,0.1569020003080368,3174010
2018-09-17T00:00:00.000000Z,0.15709500014781952,0.16575099527835846,0.14038699865341187,0.14380399882793427,3843190
2018-09-18T00:00:00.000000Z,0.14402399957180023,0.15195499360561371,0.14126800000667572,0.14743900299072266,3221640
2018-09-19T00:00:00.000000Z,0.1474590003490448,0.15062700212001801,0.1402440071105957,0.14990100264549255,1884250
2018-09-20T00:00:00.000000Z,0.15056799352169037,0.16779200732707977,0.15056799352169037,0.16478300094604492,4286500
2018-09-21T00:00:00.000000Z,0.16399799287319183,0.18086500465869904,0.1611810028553009,0.1805029958486557,5374870
2018-09-22T00:00:00.000000Z,0.18070800602436066,0.1836560070514679,0.16588200628757477,0.17562699317932129,4532980
2018-09-23T00:00:00.000000Z,0.17596299946308136,0.17914299666881561,0.17235100269317627,0.17498800158500671,2298730
2018-09-24T00:00:00.000000Z,0.17525699734687805,0.17635999619960785,0.16342200338840485,0.16437199711799622,2792720
2018-09-25T00:00:00.000000Z,0.16453699767589569,0.16453699767589569,0.15139399468898773,0.16310399770736694,5401860
2018-09-26T00:00:00.000000Z,0.16482500731945038,0.1682640016078949,0.15782000124454498,0.16453200578689575,3206750
2018-09-27T00:00:00.000000Z,0.16446700692176819,0.17571499943733215,0.1606689989566803,0.17437200248241425,3360290
2018-09-28T00:00:00.000000Z,0.17461599409580231,0.17730100452899933,0.1644970029592514,0.1691569983959198,3452890
2018-09-29T00:00:00.000000Z,0.16908900439739227,0.17078100144863129,0.16208100318908691,0.16836200654506683,2049280
2018-09-30T00:00:00.000000Z,0.16834299266338348,0.17428499460220337,0.16738800704479218,0.17117400467395782,1763310
2018-10-01T00:00:00.000000Z,0.17099100351333618,0.17408899962902069,0.16818399727344513,0.17140699923038483,2416960
2018-10-02T00:00:00.000000Z,0.17116299271583557,0.17693999409675598,0.17017799615859985,0.17075499892234802,3019370
2018-10-03T00:00:00.000000Z,0.17054900527000427,0.17054900527000427,0.16347500681877136,0.16574299335479736,2113960
2018-10-04T00:00:00.000000Z,0.16586600244045258,0.17377600073814392,0.16530300676822662,0.17147399485111237,2957670
2018-10-05T00:00:00.000000Z,0.17158399522304535,0.18337500095367432,0.17132699489593506,0.18087199330329895,5578560
2018-10-06T00:00:00.000000Z,0.18091499805450439,0.18391099572181702,0.17095300555229187,0.17368899285793304,3027690
2018-10-07T00:00:00.000000Z,0.17416299879550934,0.17648600041866302,0.17084899544715881,0.17553900182247162,2542700
2018-10-08T00:00:00.000000Z,0.17620399594306946,0.17929400503635406,0.17403699457645416,0.17789700627326965,2678130
2018-10-09T00:00:00.000000Z,0.17834499478340149,0.18064999580383301,0.17653399705886841,0.18012499809265137,2740720
2018-10-10T00:00:00.000000Z,0.17955900728702545,0.18263499438762665,0.17299400269985199,0.18073800206184387,5397420
2018-10-11T00:00:00.000000Z,0.18015399575233459,0.18361100554466248,0.15597899258136749,0.16398699581623077,8890810
2018-10-12T00:00:00.000000Z,0.1620589941740036,0.18915300071239471,0.15795500576496124,0.17884199321269989,11341600
2018-10-13T00:00:00.000000Z,0.17931899428367615,0.18287099897861481,0.17405599355697632,0.17678800225257874,3711450
2018-10-14T00:00:00.000000Z,0.17716300487518311,0.17781299352645874,0.17135199904441833,0.17234699428081512,3858440
2018-10-15T00:00:00.000000Z,0.17261700332164764,0.18533399701118469,0.16991199553012848,0.18208199739456177,5314640
2018-10-16T00:00:00.000000Z,0.18223799765110016,0.18853899836540222,0.17944599688053131,0.18783099949359894,4007950
2018-10-17T00:00:00.000000Z,0.18781900405883789,0.21842899918556213,0.18628700077533722,0.21365000307559967,26311900
2018-10-18T00:00:00.000000Z,0.21432499587535858,0.21432499587535858,0.20185400545597076,0.20897999405860901,7939570
2018-10-19T00:00:00.000000Z,0.20906500518321991,0.24266000092029572,0.20550799369812012,0.23602299392223358,20938800
2018-10-20T00:00:00.000000Z,0.23588800430297852,0.25245800614356995,0.23063699901103973,0.23261700570583344,16163600
2018-10-21T00:00:00.000000Z,0.24081400036811829,0.27221399545669556,0.23533199727535248,0.25968599319458008,18052500
2018-10-22T00:00:00.000000Z,0.26278099417686462,0.29358699917793274,0.25448700785636902,0.26841500401496887,27279700
2018-10-23T00:00:00.000000Z,0.27061799168586731,0.2790679931640625,0.24654999375343323,0.25317299365997314,21691900
2018-10-24T00:00:00.000000Z,0.25199198722839355,0.28474700450897217,0.25032800436019897,0.27451398968696594,18615200
2018-10-25T00:00:00.000000Z,0.2745630145072937,0.2745630145072937,0.26057299971580505,0.26894599199295044,10132000
2018-10-26T00:00:00.000000Z,0.26829499006271362,0.27292799949645996,0.26020601391792297,0.2634580135345459,7179510
2018-10-27T00:00:00.000000Z,0.26300901174545288,0.2655709981918335,0.24213099479675293,0.2445169985294342,8040620
2018-10-28T00:00:00.000000Z,0.24546000361442566,0.2541939914226532,0.24282999336719513,0.25034499168395996,5485490
2018-10-29T00:00:00.000000Z,0.24994200468063354,0.24994200468063354,0.22804300487041473,0.23215499520301819,6602700
2018-10-30T00:00:00.000000Z,0.23216900229454041,0.25607499480247498,0.23181800544261932,0.24810199439525604,10665500
2018-10-31T00:00:00.000000Z,0.24806900322437286,0.25050300359725952,0.23942999541759491,0.24573500454425812,5479440
2018-11-01T00:00:00.000000Z,0.24553500115871429,0.25678101181983948,0.24222500622272491,0.25236400961875916,8420500
2018-11-02T00:00:00.000000Z,0.25246399641036987,0.31779500842094421,0.25246399641036987,0.30437400937080383,46682000
2018-11-03T00:00:00.000000Z,0.3017440140247345,0.3075140118598938,0.28442099690437317,0.28979200124740601,34185000
2018-11-04T00:00:00.000000Z,0.2897610068321228,0.29820600152015686,0.28398498892784119,0.28980600833892822,12543600
2018-11-05T00:00:00.000000Z,0.28999900817871094,0.32728999853134155,0.28925898671150208,0.30887699127197266,33695000
2018-11-06T00:00:00.000000Z,0.30931100249290466,0.31719499826431274,0.30160900950431824,0.31664600968360901,17865500
2018-11-07T00:00:00.000000Z,0.31715101003646851,0.345660001039505,0.31052899360656738,0.33781599998474121,24219800
2018-11-08T00:00:00.000000Z,0.33862999081611633,0.38111498951911926,0.30497598648071289,0.30497598648071289,72135500
2018-11-09T00:00:00.000000Z,0.30728599429130554,0.31840801239013672,0.27153098583221436,0.27700099349021912,40532300
2018-11-10T00:00:00.000000Z,0.28009000420570374,0.28288400173187256,0.26541399955749512,0.27645200490951538,23733100
2018-11-11T00:00:00.000000Z,0.2767690122127533,0.27963799238204956,0.25078999996185303,0.25577500462532043,20327700
2018-11-12T00:00:00.000000Z,0.25755700469017029,0.26054498553276062,0.24381999671459198,0.25034001469612122,12740100
2018-11-13T00:00:00.000000Z,0.24936400353908539,0.26493701338768005,0.24152000248432159,0.24328899383544922,15577400
2018-11-14T00:00:00.000000Z,0.2434999942779541,0.24572600424289703,0.19302299618721008,0.21445199847221375,13271800
2018-11-15T00:00:00.000000Z,0.2146340012550354,0.21515600383281708,0.18371100723743439,0.21515600383281708,11847100
2018-11-16T00:00:00.000000Z,0.21673999726772308,0.23095400631427765,0.21086999773979187,0.22487400472164154,13186300
2018-11-17T00:00:00.000000Z,0.22541199624538422,0.22541199624538422,0.21035699546337128,0.21350200474262238,7048980
2018-11-18T00:00:00.000000Z,0.21400299668312073,0.21956600248813629,0.21283499896526337,0.21447399258613586,5428760
2018-11-19T00:00:00.000000Z,0.21485799551010132,0.21502499282360077,0.17395299673080444,0.18077699840068817,7677320
2018-11-20T00:00:00.000000Z,0.17953300476074219,0.18647100031375885,0.14734399318695068,0.16054199635982513,7681120
2018-11-21T00:00:00.000000Z,0.16098299622535706,0.17523699998855591,0.15464800596237183,0.17523699998855591,4926950
2018-11-22T00:00:00.000000Z,0.17440199851989746,0.18609799444675446,0.17203100025653839,0.17216500639915466,10927800
2018-11-23T00:00:00.000000Z,0.17013700306415558,0.17378699779510498,0.15796799957752228,0.16177999973297119,5287560
2018-11-24T00:00:00.000000Z,0.16155800223350525,0.16968999803066254,0.1413320004940033,0.14693599939346313,3778380
2018-11-25T00:00:00.000000Z,0.1469929963350296,0.14813500642776489,0.12554000318050385,0.14466400444507599,5374920
2018-11-26T00:00:00.000000Z,0.14514300227165222,0.15643699467182159,0.13192999362945557,0.1374409943819046,5828300
2018-11-27T00:00:00.000000Z,0.13812500238418579,0.14380499720573425,0.13117100298404694,0.14089800417423248,5267680
2018-11-28T00:00:00.000000Z,0.14132200181484222,0.17372700572013855,0.14113600552082062,0.17093600332736969,11377300
2018-11-29T00:00:00.000000Z,0.17693999409675598,0.17810000479221344,0.16145800054073334,0.16976800560951233,12122694
2018-11-30T00:00:00.000000Z,0.17009900510311127,0.17441399395465851,0.15851500630378723,0.16805200278759003,8729725
2018-12-01T00:00:00.000000Z,0.16820999979972839,0.17777800559997559,0.16246399283409119,0.17674300074577332,4763369
2018-12-02T00:00:00.000000Z,0.17659899592399597,0.182887002825737,0.17258399724960327,0.18179599940776825,5241382
2018-12-03T00:00:00.000000Z,0.18372499942779541,0.18372499942779541,0.159961998462677,0.16683700680732727,6235924
2018-12-04T00:00:00.000000Z,0.16649900376796722,0.16973100602626801,0.16088299453258514,0.16374799609184265,4332403
2018-12-05T00:00:00.000000Z,0.16390199959278107,0.16609500348567963,0.14694899320602417,0.14861799776554108,6148645
2018-12-06T00:00:00.000000Z,0.14868499338626862,0.15348200500011444,0.12640899419784546,0.12640899419784546,6306072
2018-12-07T00:00:00.000000Z,0.12648500502109528,0.13828800618648529,0.12246199697256088,0.13575099408626556,8499658
2018-12-08T00:00:00.000000Z,0.13615000247955322,0.14180800318717957,0.13028000295162201,0.13802100718021393,4735983
2018-12-09T00:00:00.000000Z,0.13763600587844849,0.15132699906826019,0.13759399950504303,0.14397899806499481,4674437
2018-12-10T00:00:00.000000Z,0.14381299912929535,0.14511099457740784,0.1367650032043457,0.14115600287914276,4166665
2018-12-11T00:00:00.000000Z,0.14033700525760651,0.14625799655914307,0.13559600710868835,0.13708299398422241,4811035
2018-12-12T00:00:00.000000Z,0.13687799870967865,0.14426200091838837,0.13650999963283539,0.1404539942741394,4404018
2018-12-13T00:00:00.000000Z,0.14063900709152222,0.14079399406909943,0.13089199364185333,0.13213999569416046,3929137
2018-12-14T00:00:00.000000Z,0.13220900297164917,0.13336800038814545,0.13008700311183929,0.13209499418735504,3930277
2018-12-15T00:00:00.000000Z,0.13196900486946106,0.13289499282836914,0.12263400107622147,0.12613600492477417,4555190
2018-12-16T00:00:00.000000Z,0.12622000277042389,0.13181599974632263,0.12622000277042389,0.12909300625324249,3336768
2018-12-17T00:00:00.000000Z,0.12936900556087494,0.14234699308872223,0.12742899358272552,0.1385979950428009,4736567
2018-12-18T00:00:00.000000Z,0.13881599903106689,0.14154699444770813,0.13146600127220154,0.14154699444770813,5252257
2018-12-19T00:00:00.000000Z,0.14188900589942932,0.1483519971370697,0.13708999752998352,0.1380620002746582,6255357
2018-12-20T00:00:00.000000Z,0.13772900402545929,0.14978800714015961,0.13660900294780731,0.14978800714015961,6647000
2018-12-21T00:00:00.000000Z,0.1495479941368103,0.15064500272274017,0.13759000599384308,0.13919100165367126,6679324
2018-12-22T00:00:00.000000Z,0.13892899453639984,0.15119999647140503,0.13876600563526154,0.14917999505996704,7697639
2018-12-23T00:00:00.000000Z,0.14910000562667847,0.15465700626373291,0.14716799557209015,0.14875300228595734,5126892
2018-12-24T00:00:00.000000Z,0.14872099459171295,0.15738700330257416,0.14831000566482544,0.15067900717258453,8222204
2018-12-25T00:00:00.000000Z,0.1508139967918396,0.1508139967918396,0.13297100365161896,0.13917699456214905,4481958
2018-12-26T00:00:00.000000Z,0.13940399885177612,0.14474399387836456,0.13797500729560852,0.14171400666236877,4420649
2018-12-27T00:00:00.000000Z,0.14211000502109528,0.14211000502109528,0.12817099690437317,0.12848900258541107,5330379
2018-12-28T00:00:00.000000Z,0.12857800722122192,0.1405940055847168,0.12815099954605103,0.13964700698852539,7488539
2018-12-29T00:00:00.000000Z,0.13973100483417511,0.14381399750709534,0.13597099483013153,0.13613000512123108,4586082
2018-12-30T00:00:00.000000Z,0.13609400391578674,0.13962499797344208,0.13508699834346771,0.13851200044155121,3972638
2018-12-31T00:00:00.000000Z,0.13857899606227875,0.13857899606227875,0.12711299955844879,0.12842899560928345,4305989
2019-01-01T00:00:00.000000Z,0.12882000207901001,0.13256900012493134,0.1273840069770813,0.13134300708770752,5199965
2019-01-02T00:00:00.000000Z,0.13187499344348907,0.13708899915218353,0.13051000237464905,0.13587799668312073,3753377
2019-01-03T00:00:00.000000Z,0.13595700263977051,0.13600000739097595,0.13107900321483612,0.13183900713920593,4120653
2019-01-04T00:00:00.000000Z,0.13208599388599396,0.13992899656295776,0.13128599524497986,0.13842399418354034,5946185
2019-01-05T00:00:00.000000Z,0.13812300562858582,0.14061300456523895,0.13621699810028076,0.13664500415325165,3957046
2019-01-06T00:00:00.000000Z,0.13665600121021271,0.14285999536514282,0.13446399569511414,0.14080299437046051,4688919
2019-01-07T00:00:00.000000Z,0.14125899970531464,0.14151099324226379,0.13760299980640411,0.13793100416660309,2769540
2019-01-08T00:00:00.000000Z,0.13826499879360199,0.14225499331951141,0.1372700035572052,0.14080500602722168,2732318
2019-01-09T00:00:00.000000Z,0.14103199541568756,0.14537200331687927,0.14075200259685516,0.14175300300121307,2683592
2019-01-10T00:00:00.000000Z,0.14198300242424011,0.14262600243091583,0.12120600044727325,0.12555199861526489,4850984
2019-01-11T00:00:00.000000Z,0.12499900162220001,0.13221299648284912,0.12480399757623672,0.12971299886703491,5816050
2019-01-12T00:00:00.000000Z,0.12987099587917328,0.13492399454116821,0.12703099846839905,0.13138699531555176,5047466
2019-01-13T00:00:00.000000Z,0.13119800388813019,0.13129399716854095,0.12029899656772614,0.12067399919033051,4337655
2019-01-14T00:00:00.000000Z,0.12075500190258026,0.12706799805164337,0.11994200199842453,0.12573200464248657,4744138
2019-01-15T00:00:00.000000Z,0.1257459968328476,0.12648899853229523,0.1203560009598732,0.12150800228118896,4832972
2019-01-16T00:00:00.000000Z,0.12109600007534027,0.12678700685501099,0.12061899900436401,0.12466199696063995,5443251
2019-01-17T00:00:00.000000Z,0.12480200082063675,0.12917600572109222,0.12432900071144104,0.12917600572109222,18767257
2019-01-18T00:00:00.000000Z,0.12916800379753113,0.13324600458145142,0.12440600246191025,0.12594899535179138,9073875
2019-01-19T00:00:00.000000Z,0.12590900063514709,0.13019999861717224,0.12569199502468109,0.12978699803352356,7709202
2019-01-20T00:00:00.000000Z,0.12958000600337982,0.1311659961938858,0.12165500223636627,0.12477900087833405,8654298
2019-01-21T00:00:00.000000Z,0.12472999840974808,0.12507499754428864,0.12057200074195862,0.12217999994754791,7717112
2019-01-22T00:00:00.000000Z,0.12223699688911438,0.12472400069236755,0.12064500153064728,0.12377999722957611,10843096
2019-01-23T00:00:00.000000Z,0.12384200096130371,0.12502500414848328,0.12178900092840195,0.12250799685716629,13152102
2019-01-24T00:00:00.000000Z,0.12266000360250473,0.12424899637699127,0.12197799980640411,0.123928003013134,13939953
2019-01-25T00:00:00.000000Z,0.12420299649238586,0.12896700203418732,0.12365599721670151,0.1283009946346283,13730273
2019-01-26T00:00:00.000000Z,0.12841500341892242,0.12896500527858734,0.12526200711727142,0.12622399628162384,8093492
2019-01-27T00:00:00.000000Z,0.12614299356937408,0.12676900625228882,0.12335799634456635,0.12424100190401077,8583969
2019-01-28T00:00:00.000000Z,0.12491700053215027,0.12504400312900543,0.11141499876976013,0.11302399635314941,11354674
2019-01-29T00:00:00.000000Z,0.11286400258541107,0.11537999659776688,0.10995899885892868,0.11445999890565872,9667901
2019-01-30T00:00:00.000000Z,0.11492600291967392,0.11753100156784058,0.11311999708414078,0.1158209964632988,8542111
2019-01-31T00:00:00.000000Z,0.11585000157356262,0.1164029985666275,0.11143100261688232,0.11371099948883057,8092347
2019-02-01T00:00:00.000000Z,0.11324799805879593,0.11445199698209763,0.11076399683952332,0.11166200041770935,7375113
2019-02-02T00:00:00.000000Z,0.11169900000095367,0.11295700073242188,0.11071000248193741,0.11286299675703049,7073118
2019-02-03T00:00:00.000000Z,0.1129319965839386,0.11307899653911591,0.1099189966917038,0.11079700291156769,7367355
2019-02-04T00:00:00.000000Z,0.1109900027513504,0.1110910028219223,0.10874900221824646,0.10916300117969513,6505285
2019-02-05T00:00:00.000000Z,0.10885000228881836,0.10913100093603134,0.10520599782466888,0.10553900152444839,7476215
2019-02-06T00:00:00.000000Z,0.1054610013961792,0.13429899513721466,0.10193199664354324,0.11675799638032913,19808591
2019-02-07T00:00:00.000000Z,0.11685100197792053,0.12426000088453293,0.11206600069999695,0.1143139973282814,23632721
2019-02-08T00:00:00.000000Z,0.1146090030670166,0.12231499701738358,0.11175200343132019,0.11906400322914124,15159047
2019-02-09T00:00:00.000000Z,0.11960399895906448,0.12002000212669373,0.11763499677181244,0.11920099705457687,9926685
2019-02-10T00:00:00.000000Z,0.11907800287008286,0.12999199330806732,0.11876700073480606,0.12489499896764755,13309563
2019-02-11T00:00:00.000000Z,0.12508000433444977,0.12508000433444977,0.12033099681138992,0.12033099681138992,9788125
2019-02-12T00:00:00.000000Z,0.12051700055599213,0.12051700055599213,0.11809799820184708,0.11886200308799744,9155892
2019-02-13T00:00:00.000000Z,0.11889299750328064,0.12184000015258789,0.11853600293397903,0.12161900103092194,9347925
2019-02-14T00:00:00.000000Z,0.12141299992799759,0.12924699485301971,0.12141299992799759,0.12552399933338165,13023983
2019-02-15T00:00:00.000000Z,0.12602600455284119,0.13143999874591827,0.12598800659179688,0.12892000377178192,10908803
2019-02-16T00:00:00.000000Z,0.12904900312423706,0.13188199698925018,0.12734499573707581,0.12866500020027161,8822687
2019-02-17T00:00:00.000000Z,0.12865300476551056,0.1404619961977005,0.12775099277496338,0.13778300583362579,12808808
2019-02-18T00:00:00.000000Z,0.13766799867153168,0.14549499750137329,0.1372230052947998,0.14314700663089752,13252727
2019-02-19T00:00:00.000000Z,0.14299200475215912,0.14452999830245972,0.13706900179386139,0.1404699981212616,9265736
2019-02-20T00:00:00.000000Z,0.1404310017824173,0.14326399564743042,0.13896399736404419,0.14275400340557098,8952054
2019-02-21T00:00:00.000000Z,0.14260399341583252,0.14260399341583252,0.13475300371646881,0.13609099388122559,9454220
2019-02-22T00:00:00.000000Z,0.13629400730133057,0.13786099851131439,0.13426400721073151,0.1368120014667511,7311240
2019-02-23T00:00:00.000000Z,0.13659100234508514,0.14443899691104889,0.13590000569820404,0.14148299396038055,7080790
2019-02-24T00:00:00.000000Z,0.14148899912834167,0.14491899311542511,0.12762899696826935,0.13211099803447723,8368221
2019-02-25T00:00:00.000000Z,0.1316629946231842,0.15265500545501709,0.1302960067987442,0.14848500490188599,12247504
2019-02-26T00:00:00.000000Z,0.14734099805355072,0.19121100008487701,0.1434980034828186,0.16483800113201141,69099758
2019-02-27T00:00:00.000000Z,0.16255399584770203,0.16255399584770203,0.150751993060112,0.15835300087928772,22855020
2019-02-28T00:00:00.000000Z,0.15816499292850494,0.16637900471687317,0.15563899278640747,0.16288000345230103,18387050
2019-03-01T00:00:00.000000Z,0.16328699886798859,0.16854800283908844,0.161639004945755,0.16464300453662872,11595359
2019-03-02T00:00:00.000000Z,0.1642020046710968,0.19303500652313232,0.1642020046710968,0.17992599308490753,35265839
2019-03-03T00:00:00.000000Z,0.17917899787425995,0.17928899824619293,0.16967800259590149,0.17057499289512634,17424264
2019-03-04T00:00:00.000000Z,0.17060400545597076,0.1760450005531311,0.16055600345134735,0.16871899366378784,21909568
2019-03-05T00:00:00.000000Z,0.16874100267887115,0.17894099652767181,0.16792500019073486,0.17739999294281006,19228044
2019-03-06T00:00:00.000000Z,0.17748600244522095,0.17803899943828583,0.17277899384498596,0.17459399998188019,13573352
2019-03-07T00:00:00.000000Z,0.17464999854564667,0.18497799336910248,0.17187400162220001,0.18165099620819092,13185413
2019-03-08T00:00:00.000000Z,0.18194800615310669,0.20680999755859375,0.18189999461174011,0.19531999528408051,35084234
2019-03-09T00:00:00.000000Z,0.19586299359798431,0.21216900646686554,0.19142499566078186,0.20693099498748779,39356470
2019-03-10T00:00:00.000000Z,0.20784099400043488,0.21265099942684174,0.19711099565029144,0.19748300313949585,27789139
2019-03-11T00:00:00.000000Z,0.19761599600315094,0.20148999989032745,0.1897130012512207,0.19310900568962097,21896785
2019-03-12T00:00:00.000000Z,0.19288399815559387,0.19853000342845917,0.18454800546169281,0.19337199628353119,22668345
2019-03-13T00:00:00.000000Z,0.19355000555515289,0.19757600128650665,0.18994300067424774,0.19021399319171906,13792918
2019-03-14T00:00:00.000000Z,0.1902649998664856,0.20013199746608734,0.18658900260925293,0.19422399997711182,15604554
2019-03-15T00:00:00.000000Z,0.19402199983596802,0.20046800374984741,0.1938450038433075,0.19707299768924713,7943164
2019-03-16T00:00:00.000000Z,0.19731999933719635,0.2007409930229187,0.1963450014591217,0.19925299286842346,6535259
2019-03-17T00:00:00.000000Z,0.19912999868392944,0.19944800436496735,0.19429799914360046,0.19519899785518646,5530914
2019-03-18T00:00:00.000000Z,0.19521500170230865,0.19853800535202026,0.1927189975976944,0.19564199447631836,7922145
2019-03-19T00:00:00.000000Z,0.19556500017642975,0.19650700688362122,0.1935420036315918,0.1943729966878891,8321455
2019-03-20T00:00:00.000000Z,0.19452400505542755,0.19516600668430328,0.19001099467277527,0.19506500661373138,10284910
2019-03-21T00:00:00.000000Z,0.19549000263214111,0.19914600253105164,0.19021099805831909,0.19598299264907837,13610465
2019-03-22T00:00:00.000000Z,0.19586600363254547,0.20050400495529175,0.19372999668121338,0.19834700226783752,13738153
2019-03-23T00:00:00.000000Z,0.1982789933681488,0.20279900729656219,0.19801299273967743,0.20154599845409393,12343781
2019-03-24T00:00:00.000000Z,0.20144200325012207,0.22018800675868988,0.20144200325012207,0.20990900695323944,24249140
2019-03-25T00:00:00.000000Z,0.21004100143909454,0.21088600158691406,0.20005400478839874,0.20463000237941742,16604597
2019-03-26T00:00:00.000000Z,0.20417599380016327,0.22105699777603149,0.20417599380016327,0.21707500517368317,24164238
2019-03-27T00:00:00.000000Z,0.21743699908256531,0.22911900281906128,0.21355199813842773,0.22781999409198761,20496999
2019-03-28T00:00:00.000000Z,0.22776499390602112,0.26126199960708618,0.22599400579929352,0.25443598628044128,31437777
2019-03-29T00:00:00.000000Z,0.25399801135063171,0.30746600031852722,0.25399801135063171,0.2817780077457428,65953482
2019-03-30T00:00:00.000000Z,0.28178700804710388,0.28533199429512024,0.25839599967002869,0.27107998728752136,29106944
2019-03-31T00:00:00.000000Z,0.27107998728752136,0.2900870144367218,0.26448699831962585,0.28959599137306213,21295814
2019-04-01T00:00:00.000000Z,0.28735899925231934,0.30466699600219727,0.28444099426269531,0.28444099426269531,33115370
2019-04-02T00:00:00.000000Z,0.28456699848175049,0.32110700011253357,0.28353199362754822,0.32110700011253357,37763598
2019-04-03T00:00:00.000000Z,0.32113400101661682,0.32148000597953796,0.27918800711631775,0.28687500953674316,35462999
2019-04-04T00:00:00.000000Z,0.28665599226951599,0.30381399393081665,0.27287399768829346,0.28413501381874084,42424782
2019-04-05T00:00:00.000000Z,0.2833540141582489,0.31558400392532349,0.2833540141582489,0.30801698565483093,48745448
2019-04-06T00:00:00.000000Z,0.30820199847221375,0.31446200609207153,0.29794099926948547,0.30320701003074646,40740487
2019-04-07T00:00:00.000000Z,0.30318400263786316,0.30924999713897705,0.29686900973320007,0.30015400052070618,37628482
2019-04-08T00:00:00.000000Z,0.30026501417160034,0.30462101101875305,0.2899479866027832,0.29537099599838257,38673110
2019-04-09T00:00:00.000000Z,0.29528498649597168,0.29528498649597168,0.28604501485824585,0.29038700461387634,43044271
2019-04-10T00:00:00.000000Z,0.29044899344444275,0.30280798673629761,0.28939101099967957,0.29398500919342041,31467602
2019-04-11T00:00:00.000000Z,0.29395800828933716,0.29468300938606262,0.26184201240539551,0.27121800184249878,27688288
2019-04-12T00:00:00.000000Z,0.27089700102806091,0.29003098607063293,0.26305198669433594,0.28888401389122009,36982423
2019-04-13T00:00:00.000000Z,0.28887298703193665,0.3131369948387146,0.28449499607086182,0.31149798631668091,39636965
2019-04-14T00:00:00.000000Z,0.31146198511123657,0.32940500974655151,0.30279600620269775,0.30674898624420166,48248475
2019-04-15T00:00:00.000000Z,0.30674898624420166,0.31512999534606934,0.29023399949073792,0.29427099227905273,39106011
2019-04-16T00:00:00.000000Z,0.29428699612617493,0.33176898956298828,0.29231700301170349,0.32596498727798462,45545451
2019-04-17T00:00:00.000000Z,0.32581999897956848,0.33781599998474121,0.31977701187133789,0.33432498574256897,46733876
2019-04-18T00:00:00.000000Z,0.33463001251220703,0.36835700273513794,0.33462598919868469,0.35192000865936279,54029800
2019-04-19T00:00:00.000000Z,0.35151299834251404,0.38321399688720703,0.34780699014663696,0.37760001420974731,47719971
2019-04-20T00:00:00.000000Z,0.3776639997959137,0.43486100435256958,0.37394198775291443,0.41422700881958008,96849014
2019-04-21T00:00:00.000000Z,0.41427901387214661,0.49933698773384094,0.40457600355148315,0.44429099559783936,174394378
2019-04-22T00:00:00.000000Z,0.44361299276351929,0.457520991563797,0.39518898725509644,0.40051200985908508,94332520
2019-04-23T00:00:00.000000Z,0.40028899908065796,0.45078399777412415,0.38740700483322144,0.42170599102973938,104016940
2019-04-24T00:00:00.000000Z,0.42286399006843567,0.45126000046730042,0.39944100379943848,0.4165709912776947,116987322
2019-04-25T00:00:00.000000Z,0.41659900546073914,0.43421998620033264,0.3839380145072937,0.38698399066925049,69195109
2019-04-26T00:00:00.000000Z,0.38804799318313599,0.39432001113891602,0.36538401246070862,0.37721499800682068,62898760
2019-04-27T00:00:00.000000Z,0.37744998931884766,0.39449599385261536,0.36599600315093994,0.3904309868812561,47476913
2019-04-28T00:00:00.000000Z,0.39038500189781189,0.41917899250984192,0.38884499669075012,0.40317699313163757,57901244
2019-04-29T00:00:00.000000Z,0.40339300036430359,0.40464401245117188,0.3728330135345459,0.3766930103302002,44449595
2019-04-30T00:00:00.000000Z,0.37652900815010071,0.39796701073646545,0.3735480010509491,0.3844200074672699,43235073
2019-05-01T00:00:00.000000Z,0.38446998596191406,0.39496999979019165,0.37863799929618835,0.38909199833869934,44678365
2019-05-02T00:00:00.000000Z,0.38912001252174377,0.3950900137424469,0.37717100977897644,0.3800550103187561,41588179
2019-05-03T00:00:00.000000Z,0.38010901212692261,0.38728299736976624,0.36828398704528809,0.37818598747253418,50924181
2019-05-04T00:00:00.000000Z,0.37818598747253418,0.38059699535369873,0.34874299168586731,0.36097800731658936,45736953
2019-05-05T00:00:00.000000Z,0.36137199401855469,0.37188500165939331,0.35643300414085388,0.35894900560379028,35837566
2019-05-06T00:00:00.000000Z,0.35879001021385193,0.35942599177360535,0.33434799313545227,0.34564700722694397,40146272
2019-05-07T00:00:00.000000Z,0.34544599056243896,0.35087600350379944,0.31682199239730835,0.31726899743080139,40871517
2019-05-08T00:00:00.000000Z,0.31718701124191284,0.33272901177406311,0.30978599190711975,0.3140299916267395,38206504
2019-05-09T00:00:00.000000Z,0.3140299916267395,0.31723201274871826,0.27570998668670654,0.28118300437927246,52631779
2019-05-10T00:00:00.000000Z,0.28142198920249939,0.37370100617408752,0.28088700771331787,0.36388400197029114,114277883
2019-05-11T00:00:00.000000Z,0.36412599682807922,0.38234999775886536,0.34429401159286499,0.36890101432800293,102933090
2019-05-12T00:00:00.000000Z,0.36904498934745789,0.40639099478721619,0.33928999304771423,0.35361999273300171,80499845
2019-05-13T00:00:00.000000Z,0.35361999273300171,0.36458998918533325,0.35015299916267395,0.35628199577331543,59036830
2019-05-14T00:00:00.000000Z,0.35717999935150146,0.37438300251960754,0.34889900684356689,0.36541500687599182,52737655
2019-05-15T00:00:00.000000Z,0.36532598733901978,0.40755000710487366,0.36135700345039368,0.40592598915100098,54379390
2019-05-16T00:00:00.000000Z,0.40533900260925293,0.42684298753738403,0.36728599667549133,0.37871798872947693,59716743
2019-05-17T00:00:00.000000Z,0.37824299931526184,0.3818889856338501,0.33858001232147217,0.36937201023101807,62316852
2019-05-18T00:00:00.000000Z,0.36928901076316833,0.40134701132774353,0.3632110059261322,0.37323498725891113,66522132
2019-05-19T00:00:00.000000Z,0.37323600053787231,0.39326301217079163,0.37125599384307861,0.38433799147605896,63773771
2019-05-20T00:00:00.000000Z,0.38449499011039734,0.38466200232505798,0.35558098554611206,0.36343300342559814,60159707
2019-05-21T00:00:00.000000Z,0.36339399218559265,0.37504500150680542,0.3508090078830719,0.36787900328636169,81347082
2019-05-22T00:00:00.000000Z,0.36710700392723083,0.36980199813842773,0.33856800198554993,0.34530800580978394,44833677
2019-05-23T00:00:00.000000Z,0.34529799222946167,0.34868401288986206,0.32692700624465942,0.34868401288986206,51326173
2019-05-24T00:00:00.000000Z,0.3488369882106781,0.36020401120185852,0.34362199902534485,0.35185301303863525,56666778
2019-05-25T00:00:00.000000Z,0.35185301303863525,0.35601699352264404,0.34571400284767151,0.3486030101776123,44698296
2019-05-26T00:00:00.000000Z,0.34843799471855164,0.35686999559402466,0.34182199835777283,0.3539080023765564,50611929
2019-05-27T00:00:00.000000Z,0.35401400923728943,0.38758200407028198,0.35333898663520813,0.37765899300575256,67307227
2019-05-28T00:00:00.000000Z,0.37785598635673523,0.37879401445388794,0.36159700155258179,0.36953198909759521,53640218
2019-05-29T00:00:00.000000Z,0.36970400810241699,0.36970400810241699,0.3491399884223938,0.36184298992156982,48199125
2019-05-30T00:00:00.000000Z,0.36161801218986511,0.38063898682594299,0.32496699690818787,0.33884400129318237,64090459
2019-05-31T00:00:00.000000Z,0.33884400129318237,0.35017699003219604,0.32382598519325256,0.34886801242828369,45810348
2019-06-01T00:00:00.000000Z,0.34888899326324463,0.36158299446105957,0.34314098954200745,0.35622099041938782,48220313
2019-06-02T00:00:00.000000Z,0.3565790057182312,0.36680099368095398,0.35457199811935425,0.35781401395797729,44002199
2019-06-03T00:00:00.000000Z,0.35765200853347778,0.37253901362419128,0.34087800979614258,0.34438300132751465,58328368
2019-06-04T00:00:00.000000Z,0.34434700012207031,0.35628300905227661,0.32343998551368713,0.33018100261688232,62491061
2019-06-05T00:00:00.000000Z,0.33072701096534729,0.34371799230575562,0.32053300738334656,0.32929301261901855,49552675
2019-06-06T00:00:00.000000Z,0.32938298583030701,0.33828899264335632,0.31276500225067139,0.32913300395011902,46949705
2019-06-07T00:00:00.000000Z,0.32900899648666382,0.34775099158287048,0.32627299427986145,0.34025499224662781,50813072
2019-06-08T00:00:00.000000Z,0.33997601270675659,0.35014000535011292,0.33173701167106628,0.33804601430892944,47435148
2019-06-09T00:00:00.000000Z,0.33814498782157898,0.3436489999294281,0.31497099995613098,0.32044801115989685,46052561
2019-06-10T00:00:00.000000Z,0.32010400295257568,0.33615198731422424,0.31534698605537415,0.33375400304794312,39884718
2019-06-11T00:00:00.000000Z,0.33374899625778198,0.33496800065040588,0.32166799902915955,0.32523500919342041,33853944
2019-06-12T00:00:00.000000Z,0.32556501030921936,0.33700799942016602,0.32487699389457703,0.33381500840187073,39051028
2019-06-13T00:00:00.000000Z,0.33359900116920471,0.33461299538612366,0.32413101196289062,0.32542398571968079,40819644
2019-06-14T00:00:00.000000Z,0.32575699687004089,0.32738900184631348,0.31118100881576538,0.31944501399993896,47368610
2019-06-15T00:00:00.000000Z,0.31949800252914429,0.33369201421737671,0.31837299466133118,0.32950600981712341,46140839
2019-06-16T00:00:00.000000Z,0.3294450044631958,0.33751299977302551,0.32288199663162231,0.33598598837852478,51214896
2019-06-17T00:00:00.000000Z,0.33621200919151306,0.36663800477981567,0.33548501133918762,0.34449899196624756,49693970
2019-06-18T00:00:00.000000Z,0.34439998865127563,0.35025900602340698,0.3368929922580719,0.35000300407409668,41272916
2019-06-19T00:00:00.000000Z,0.35021999478340149,0.35163798928260803,0.33943000435829163,0.34027001261711121,32078834
2019-06-20T00:00:00.000000Z,0.34022301435470581,0.34326401352882385,0.32184499502182007,0.33057099580764771,37610285
2019-06-21T00:00:00.000000Z,0.33075299859046936,0.33385398983955383,0.32500401139259338,0.32838800549507141,32420774
2019-06-22T00:00:00.000000Z,0.32864999771118164,0.33913299441337585,0.31503599882125854,0.33063799142837524,60933698
2019-06-23T00:00:00.000000Z,0.33077600598335266,0.33567601442337036,0.32143500447273254,0.32377299666404724,41221681
2019-06-24T00:00:00.000000Z,0.32377299666404724,0.33052799105644226,0.31958401203155518,0.32293498516082764,34872119
2019-06-25T00:00:00.000000Z,0.32263201475143433,0.32461801171302795,0.31358999013900757,0.31506898999214172,41528621
2019-06-26T00:00:00.000000Z,0.31496399641036987,0.32717001438140869,0.29826301336288452,0.30375099182128906,65878694
2019-06-27T00:00:00.000000Z,0.3033519983291626,0.30832600593566895,0.27577400207519531,0.28573301434516907,42279373
2019-06-28T00:00:00.000000Z,0.28597098588943481,0.29574799537658691,0.27697598934173584,0.29227998852729797,29631697
2019-06-29T00:00:00.000000Z,0.2921760082244873,0.3231239914894104,0.2804340124130249,0.32254800200462341,43318022
2019-06-30T00:00:00.000000Z,0.32234400510787964,0.34107199311256409,0.2902509868144989,0.29491999745368958,46639666
2019-07-01T00:00:00.000000Z,0.29518100619316101,0.34500700235366821,0.29482701420783997,0.32925000786781311,84217611
2019-07-02T00:00:00.000000Z,0.32907900214195251,0.33567899465560913,0.30078598856925964,0.32083600759506226,57514035
2019-07-03T00:00:00.000000Z,0.32096800208091736,0.32264700531959534,0.30370599031448364,0.31009501218795776,43054022
2019-07-04T00:00:00.000000Z,0.31012898683547974,0.31402799487113953,0.29201900959014893,0.29455599188804626,32846119
2019-07-05T00:00:00.000000Z,0.29457399249076843,0.30201300978660583,0.29074001312255859,0.29477900266647339,27391570
2019-07-06T00:00:00.000000Z,0.29477301239967346,0.29780998826026917,0.29088300466537476,0.2932640016078949,24136952
2019-07-07T00:00:00.000000Z,0.2934190034866333,0.3060779869556427,0.29156199097633362,0.29985499382019043,21465177
2019-07-08T00:00:00.000000Z,0.29947501420974731,0.3186430037021637,0.29747599363327026,0.29791998863220215,31447489
2019-07-09T00:00:00.000000Z,0.29798999428749084,0.30386799573898315,0.29129800200462341,0.29493600130081177,26574512
2019-07-10T00:00:00.000000Z,0.29514899849891663,0.32671400904655457,0.28613200783729553,0.29625800251960754,40442354
2019-07-11T00:00:00.000000Z,0.29610899090766907,0.29916200041770935,0.27323400974273682,0.29299598932266235,34700961
2019-07-12T00:00:00.000000Z,0.29387301206588745,0.29736500978469849,0.28009000420570374,0.29117500782012939,28509531
2019-07-13T00:00:00.000000Z,0.29150798916816711,0.29535201191902161,0.28073900938034058,0.28696700930595398,22429157
2019-07-14T00:00:00.000000Z,0.28710100054740906,0.28736001253128052,0.24985200166702271,0.24987600743770599,21713859
2019-07-15T00:00:00.000000Z,0.24974299967288971,0.251350998878479,0.22686199843883514,0.2486640065908432,24302916
2019-07-16T00:00:00.000000Z,0.2485480010509491,0.2499849945306778,0.20315699279308319,0.20595000684261322,22631125
2019-07-17T00:00:00.000000Z,0.20558199286460876,0.22600099444389343,0.20226499438285828,0.2175460010766983,22064636
2019-07-18T00:00:00.000000Z,0.21764500439167023,0.23488999903202057,0.2096170037984848,0.23307900130748749,23259263
2019-07-19T00:00:00.000000Z,0.23301200568675995,0.25631698966026306,0.2310280054807663,0.24642500281333923,31898402
2019-07-20T00:00:00.000000Z,0.24631699919700623,0.2628520131111145,0.24525000154972076,0.25463700294494629,25051053
2019-07-21T00:00:00.000000Z,0.25501799583435059,0.25804099440574646,0.24236899614334106,0.24889999628067017,15841354
2019-07-22T00:00:00.000000Z,0.24896100163459778,0.25411000847816467,0.23829400539398193,0.24563799798488617,15720865
2019-07-23T00:00:00.000000Z,0.24561199545860291,0.25344300270080566,0.23067499697208405,0.23135599493980408,17007689
2019-07-24T00:00:00.000000Z,0.2313849925994873,0.23693299293518066,0.22346299886703491,0.2328999936580658,15710262
2019-07-25T00:00:00.000000Z,0.2329230010509491,0.24063299596309662,0.23224200308322906,0.23419299721717834,13118854
2019-07-26T00:00:00.000000Z,0.23417399823665619,0.26302498579025269,0.2301969975233078,0.26215600967407227,26929048
2019-07-27T00:00:00.000000Z,0.26205998659133911,0.27718499302864075,0.24851700663566589,0.26984399557113647,47643016
2019-07-28T00:00:00.000000Z,0.27010899782180786,0.27739900350570679,0.24623699486255646,0.25796198844909668,31459364
2019-07-29T00:00:00.000000Z,0.25756698846817017,0.26353999972343445,0.25154799222946167,0.25439798831939697,21933638
2019-07-30T00:00:00.000000Z,0.25444298982620239,0.25543400645256042,0.24340400099754333,0.24708700180053711,21332339
2019-07-31T00:00:00.000000Z,0.24709099531173706,0.25330498814582825,0.24499300122261047,0.24706800282001495,17523069
2019-08-01T00:00:00.000000Z,0.24708400666713715,0.24712300300598145,0.23456299304962158,0.23712199926376343,19660032
2019-08-02T00:00:00.000000Z,0.23718899488449097,0.2448049932718277,0.23325799405574799,0.23572799563407898,27520584
2019-08-03T00:00:00.000000Z,0.2357490062713623,0.23855000734329224,0.23235400021076202,0.23528000712394714,24757141
2019-08-04T00:00:00.000000Z,0.23529399931430817,0.24123400449752808,0.2316029965877533,0.23630900681018829,24077010
2019-08-05T00:00:00.000000Z,0.23640400171279907,0.24184300005435944,0.23234599828720093,0.23447799682617188,32909332
2019-08-06T00:00:00.000000Z,0.23441700637340546,0.23598100244998932,0.21691000461578369,0.21738900244235992,29351697
2019-08-07T00:00:00.000000Z,0.2174379974603653,0.23297999799251556,0.21387700736522675,0.22129899263381958,32886594
2019-08-08T00:00:00.000000Z,0.22150300443172455,0.23126700520515442,0.20755100250244141,0.20967100560665131,34295280
2019-08-09T00:00:00.000000Z,0.20951800048351288,0.21154899895191193,0.19715200364589691,0.1992889940738678,23119825
2019-08-10T00:00:00.000000Z,0.19934099912643433,0.2135930061340332,0.19832600653171539,0.20265099406242371,23198772
2019-08-11T00:00:00.000000Z,0.20273700356483459,0.20875099301338196,0.20146499574184418,0.20798900723457336,28260982
2019-08-12T00:00:00.000000Z,0.20803199708461761,0.20803199708461761,0.20036500692367554,0.20322099328041077,23406654
2019-08-13T00:00:00.000000Z,0.20324899256229401,0.20565000176429749,0.19314500689506531,0.19637599587440491,30158571
2019-08-14T00:00:00.000000Z,0.19639599323272705,0.19858700037002563,0.16822299361228943,0.16856099665164948,32235373
2019-08-15T00:00:00.000000Z,0.16880099475383759,0.18727099895477295,0.16626100242137909,0.18697400391101837,23576495
2019-08-16T00:00:00.000000Z,0.18694500625133514,0.18810300529003143,0.17524600028991699,0.17934399843215942,24957560
2019-08-17T00:00:00.000000Z,0.1794160008430481,0.18131500482559204,0.17530299723148346,0.17684100568294525,18101038
2019-08-18T00:00:00.000000Z,0.1767439991235733,0.18807199597358704,0.17560000717639923,0.18471500277519226,20628993
2019-08-19T00:00:00.000000Z,0.18478600680828094,0.18843500316143036,0.18358400464057922,0.1858610063791275,21166999
2019-08-20T00:00:00.000000Z,0.1857140064239502,0.1858849972486496,0.17870000004768372,0.17985600233078003,16552291
2019-08-21T00:00:00.000000Z,0.17976999282836914,0.18845599889755249,0.16908100247383118,0.18266400694847107,29505167
2019-08-22T00:00:00.000000Z,0.18256500363349915,0.20239800214767456,0.17663499712944031,0.19937700033187866,48270324
2019-08-23T00:00:00.000000Z,0.19925099611282349,0.20319199562072754,0.19218699634075165,0.2020220011472702,31815795
2019-08-24T00:00:00.000000Z,0.20199300348758698,0.20644600689411163,0.19473899900913239,0.20321999490261078,30352324
2019-08-25T00:00:00.000000Z,0.20323100686073303,0.20682500302791595,0.19080500304698944,0.19166900217533112,25258318
2019-08-26T00:00:00.000000Z,0.19200900197029114,0.19470700621604919,0.18691200017929077,0.18863900005817413,28063007
2019-08-27T00:00:00.000000Z,0.18864099681377411,0.18932099640369415,0.17883500456809998,0.18880699574947357,27555790
2019-08-28T00:00:00.000000Z,0.18884800374507904,0.19850899279117584,0.17701999843120575,0.18315500020980835,29898462
2019-08-29T00:00:00.000000Z,0.18317399919033051,0.18324699997901917,0.16908100247383118,0.17075400054454803,23936650
2019-08-30T00:00:00.000000Z,0.17081399261951447,0.1802310049533844,0.1691489964723587,0.17846600711345673,17441524
2019-08-31T00:00:00.000000Z,0.17856700718402863,0.18195000290870667,0.1753309965133667,0.17782400548458099,17021829
2019-09-01T00:00:00.000000Z,0.17772400379180908,0.18451200425624847,0.17631399631500244,0.18169200420379639,18993525
2019-09-02T00:00:00.000000Z,0.18152700364589691,0.18281200528144836,0.17729400098323822,0.18281200528144836,20578119
2019-09-03T00:00:00.000000Z,0.18333199620246887,0.18619699776172638,0.17706599831581116,0.178739994764328,26971415
2019-09-04T00:00:00.000000Z,0.17872999608516693,0.18020999431610107,0.1755480021238327,0.17603899538516998,19097055
2019-09-05T00:00:00.000000Z,0.17603500187397003,0.17665800452232361,0.1699029952287674,0.17248900234699249,18543164
2019-09-06T00:00:00.000000Z,0.17250199615955353,0.17250199615955353,0.16410599648952484,0.16695800423622131,20998264
2019-09-07T00:00:00.000000Z,0.16682299971580505,0.17846600711345673,0.16518299281597137,0.17462700605392456,21054098
2019-09-08T00:00:00.000000Z,0.17467600107192993,0.17870299518108368,0.17330500483512878,0.17617900669574738,20694362
2019-09-09T00:00:00.000000Z,0.17619800567626953,0.17740599811077118,0.16552099585533142,0.172775998711586,25048718
2019-09-10T00:00:00.000000Z,0.1729000061750412,0.17842000722885132,0.17247100174427032,0.17259399592876434,24440018
2019-09-11T00:00:00.000000Z,0.17275799810886383,0.17400699853897095,0.16862399876117706,0.17074200510978699,19872496
2019-09-12T00:00:00.000000Z,0.17079100012779236,0.17782799899578094,0.17011299729347229,0.17211399972438812,23439973
2019-09-13T00:00:00.000000Z,0.17197099328041077,0.1745389997959137,0.17023900151252747,0.17199599742889404,18489098
2019-09-14T00:00:00.000000Z,0.17196899652481079,0.17478899657726288,0.17100599408149719,0.17430099844932556,16780411
2019-09-15T00:00:00.000000Z,0.17425599694252014,0.17586199939250946,0.17324499785900116,0.17419900000095367,15713122
2019-09-16T00:00:00.000000Z,0.17420500516891479,0.17938399314880371,0.17328199744224548,0.17835600674152374,22705368
2019-09-17T00:00:00.000000Z,0.17836600542068481,0.18652400374412537,0.17724800109863281,0.1850149929523468,23934409
2019-09-18T00:00:00.000000Z,0.18496799468994141,0.19821299612522125,0.18393999338150024,0.19801999628543854,34783158
2019-09-19T00:00:00.000000Z,0.19797100126743317,0.19804200530052185,0.18324999511241913,0.19614499807357788,29577890
2019-09-20T00:00:00.000000Z,0.19630900025367737,0.21476100385189056,0.19164599478244781,0.21113300323486328,45196056
2019-09-21T00:00:00.000000Z,0.21119999885559082,0.2212429940700531,0.20474900305271149,0.20635800063610077,38786413
2019-09-22T00:00:00.000000Z,0.20619499683380127,0.20661799609661102,0.19125699996948242,0.19199199974536896,30144781
2019-09-23T00:00:00.000000Z,0.19188499450683594,0.20555399358272552,0.1868630051612854,0.18714900314807892,28430452
2019-09-24T00:00:00.000000Z,0.18720200657844543,0.19146999716758728,0.15719500184059143,0.1573060005903244,30678987
2019-09-25T00:00:00.000000Z,0.1569489985704422,0.16604599356651306,0.14892600476741791,0.16174699366092682,32596989
2019-09-26T00:00:00.000000Z,0.16155099868774414,0.16892600059509277,0.14799900352954865,0.15295800566673279,24916145
2019-09-27T00:00:00.000000Z,0.15292799472808838,0.16909100115299225,0.15074199438095093,0.16866900026798248,25277674
2019-09-28T00:00:00.000000Z,0.16867800056934357,0.16895000636577606,0.16055700182914734,0.1653130054473877,20500802
2019-09-29T00:00:00.000000Z,0.16531600058078766,0.16544699668884277,0.15815900266170502,0.15929800271987915,22458471
2019-09-30T00:00:00.000000Z,0.15927299857139587,0.17292499542236328,0.15342900156974792,0.17273800075054169,26767637
2019-10-01T00:00:00.000000Z,0.17269599437713623,0.17381800711154938,0.16356399655342102,0.16522300243377686,23409090
2019-10-02T00:00:00.000000Z,0.16492700576782227,0.16975599527359009,0.16395799815654755,0.16938799619674683,17193851
2019-10-03T00:00:00.000000Z,0.16935400664806366,0.18432299792766571,0.16716399788856506,0.18195199966430664,25523310
2019-10-04T00:00:00.000000Z,0.18175099790096283,0.20022000372409821,0.17739300429821014,0.18719899654388428,43633366
2019-10-05T00:00:00.000000Z,0.18692000210285187,0.19776999950408936,0.18090100586414337,0.19700099527835846,29169813
2019-10-06T00:00:00.000000Z,0.19693399965763092,0.20573699474334717,0.18667100369930267,0.18863700330257416,33534471
2019-10-07T00:00:00.000000Z,0.18816199898719788,0.19719800353050232,0.18596099317073822,0.19490599632263184,30592770
2019-10-08T00:00:00.000000Z,0.19486899673938751,0.21460099518299103,0.19436199963092804,0.21147699654102325,35841459
2019-10-09T00:00:00.000000Z,0.21155300736427307,0.21572700142860413,0.19649599492549896,0.20754300057888031,42497296
2019-10-10T00:00:00.000000Z,0.20745299756526947,0.20761500298976898,0.19360099732875824,0.19555599987506866,31907736
2019-10-11T00:00:00.000000Z,0.19553300738334656,0.19828100502490997,0.18783499300479889,0.19039300084114075,27646679
2019-10-12T00:00:00.000000Z,0.19028699398040771,0.19753800332546234,0.19019599258899689,0.19735999405384064,25254152
2019-10-13T00:00:00.000000Z,0.19738000631332397,0.20600800216197968,0.19457699358463287,0.20330999791622162,29377109
2019-10-14T00:00:00.000000Z,0.20330999791622162,0.21602100133895874,0.20184600353240967,0.21528199315071106,34151018
2019-10-15T00:00:00.000000Z,0.21521900594234467,0.23769800364971161,0.21359999477863312,0.22257299721240997,54341764
2019-10-16T00:00:00.000000Z,0.22260899841785431,0.22265499830245972,0.20099300146102905,0.21985599398612976,44073163
2019-10-17T00:00:00.000000Z,0.2199459969997406,0.23150099813938141,0.21523900330066681,0.2221750020980835,35776755
2019-10-18T00:00:00.000000Z,0.2221750020980835,0.2301889955997467,0.21784600615501404,0.21923500299453735,30800456
2019-10-19T00:00:00.000000Z,0.21931600570678711,0.22084499895572662,0.21208600699901581,0.21236899495124817,39323678
2019-10-20T00:00:00.000000Z,0.21229100227355957,0.22686900198459625,0.20786100625991821,0.22676099836826324,46851388
2019-10-21T00:00:00.000000Z,0.22666800022125244,0.22787599265575409,0.2169950008392334,0.21803699433803558,42571449
2019-10-22T00:00:00.000000Z,0.21806399524211884,0.24818100035190582,0.21423999965190887,0.24252699315547943,73572530
2019-10-23T00:00:00.000000Z,0.24242399632930756,0.25757899880409241,0.22724400460720062,0.24180400371551514,99909726
2019-10-24T00:00:00.000000Z,0.24180799722671509,0.25544199347496033,0.23508700728416443,0.23820100724697113,77711020
2019-10-25T00:00:00.000000Z,0.2382970005273819,0.25677201151847839,0.23149499297142029,0.2537040114402771,74789247
2019-10-26T00:00:00.000000Z,0.25373199582099915,0.26439699530601501,0.23552399873733521,0.23637199401855469,74917742
2019-10-27T00:00:00.000000Z,0.23648199439048767,0.24487300217151642,0.2317110002040863,0.24008999764919281,68796669
2019-10-28T00:00:00.000000Z,0.23984099924564362,0.24487799406051636,0.23468700051307678,0.23889100551605225,63834587
2019-10-29T00:00:00.000000Z,0.23885400593280792,0.24149699509143829,0.23219199478626251,0.23561500012874603,54797074
2019-10-30T00:00:00.000000Z,0.23565599322319031,0.23727299273014069,0.22207799553871155,0.23509299755096436,52802718
2019-10-31T00:00:00.000000Z,0.235043004155159,0.24820800125598907,0.23020899295806885,0.23404499888420105,56176143
2019-11-01T00:00:00.000000Z,0.23398600518703461,0.23810699582099915,0.22754499316215515,0.2355789989233017,52461373
2019-11-02T00:00:00.000000Z,0.23555700480937958,0.23800499737262726,0.23326599597930908,0.23468500375747681,42712116
2019-11-03T00:00:00.000000Z,0.23458300530910492,0.23568800091743469,0.23080800473690033,0.23245500028133392,42875618
2019-11-04T00:00:00.000000Z,0.23239800333976746,0.24536000192165375,0.23222799599170685,0.24427600204944611,59648443
2019-11-05T00:00:00.000000Z,0.24417200684547424,0.25562998652458191,0.24019600450992584,0.25174200534820557,58611210
2019-11-06T00:00:00.000000Z,0.25196599960327148,0.26428899168968201,0.25011000037193298,0.26304200291633606,63001364
2019-11-07T00:00:00.000000Z,0.26277700066566467,0.26348501443862915,0.25105899572372437,0.25283300876617432,48906926
2019-11-08T00:00:00.000000Z,0.25306600332260132,0.25487500429153442,0.22846999764442444,0.23816500604152679,57831580
2019-11-09T00:00:00.000000Z,0.23827999830245972,0.24868600070476532,0.23694799840450287,0.24868600070476532,50386934
2019-11-10T00:00:00.000000Z,0.24896900355815887,0.25165900588035583,0.24546200037002563,0.24664799869060516,56055728
2019-11-11T00:00:00.000000Z,0.24686700105667114,0.248198002576828,0.23792700469493866,0.24243000149726868,50668589
2019-11-12T00:00:00.000000Z,0.2422650009393692,0.24406400322914124,0.23920300602912903,0.24183499813079834,46089760
2019-11-13T00:00:00.000000Z,0.24184100329875946,0.25687000155448914,0.24071399867534637,0.25540798902511597,55501381
2019-11-14T00:00:00.000000Z,0.25533801317214966,0.26391598582267761,0.25374099612236023,0.25781100988388062,76919032
2019-11-15T00:00:00.000000Z,0.25779899954795837,0.26123699545860291,0.24654799699783325,0.25075599551200867,57576207
2019-11-16T00:00:00.000000Z,0.25085899233818054,0.27109599113464355,0.25025001168251038,0.26956000924110413,60116631
2019-11-17T00:00:00.000000Z,0.26959800720214844,0.28231900930404663,0.26070499420166016,0.27786800265312195,79036662
2019-11-18T00:00:00.000000Z,0.27779000997543335,0.27869799733161926,0.26136100292205811,0.2664330005645752,65544975
2019-11-19T00:00:00.000000Z,0.2663080096244812,0.27128300070762634,0.24324700236320496,0.25205600261688232,76652966
2019-11-20T00:00:00.000000Z,0.25205600261688232,0.25310900807380676,0.23522500693798065,0.23569799959659576,63831001
2019-11-21T00:00:00.000000Z,0.23564599454402924,0.24408000707626343,0.21661800146102905,0.22210699319839478,66774687
2019-11-22T00:00:00.000000Z,0.22213099896907806,0.22521999478340149,0.19591799378395081,0.22018299996852875,74492632
2019-11-23T00:00:00.000000Z,0.22009100019931793,0.22362199425697327,0.20518000423908234,0.22247900068759918,65879372
2019-11-24T00:00:00.000000Z,0.22241899371147156,0.22386500239372253,0.20814399421215057,0.20822499692440033,49123099
2019-11-25T00:00:00.000000Z,0.20782199501991272,0.21908800303936005,0.19526000320911407,0.20631800591945648,58832885
2019-11-26T00:00:00.000000Z,0.20655499398708344,0.21108299493789673,0.20336200296878815,0.2060839980840683,59512306
2019-11-27T00:00:00.000000Z,0.20538899302482605,0.20960399508476257,0.19274899363517761,0.20410299301147461,64954174
2019-11-28T00:00:00.000000Z,0.20408199727535248,0.21072100102901459,0.20268900692462921,0.20698699355125427,56439565
2019-11-29T00:00:00.000000Z,0.20732200145721436,0.21643500030040741,0.20691099762916565,0.21614900231361389,56490553
2019-11-30T00:00:00.000000Z,0.21616199612617493,0.2173130065202713,0.20312799513339996,0.204475998878479,47542174
2019-12-01T00:00:00.000000Z,0.20471300184726715,0.20474100112915039,0.19320699572563171,0.19724400341510773,47982411
2019-12-02T00:00:00.000000Z,0.197393998503685,0.19754199683666229,0.18666599690914154,0.18905000388622284,54950195
2019-12-03T00:00:00.000000Z,0.18925200402736664,0.19752399623394012,0.18873299658298492,0.19669200479984283,53719456
2019-12-04T00:00:00.000000Z,0.19671100378036499,0.19671100378036499,0.18234600126743317,0.1836169958114624,62223456
2019-12-05T00:00:00.000000Z,0.18337899446487427,0.189069002866745,0.18120400607585907,0.18759000301361084,47940697
2019-12-06T00:00:00.000000Z,0.1876399964094162,0.19501699507236481,0.1876399964094162,0.19448499381542206,48523065
2019-12-07T00:00:00.000000Z,0.19445599615573883,0.19652700424194336,0.18992599844932556,0.19007299840450287,53741150
2019-12-08T00:00:00.000000Z,0.1901089996099472,0.1923850029706955,0.18829399347305298,0.19008800387382507,52346953
2019-12-09T00:00:00.000000Z,0.19009299576282501,0.1933010071516037,0.18594500422477722,0.18657000362873077,54696455
2019-12-10T00:00:00.000000Z,0.18640899658203125,0.18734599649906158,0.17397800087928772,0.17653599381446838,67473458
2019-12-11T00:00:00.000000Z,0.17634700238704681,0.18084099888801575,0.17546799778938293,0.17714500427246094,54444867
2019-12-12T00:00:00.000000Z,0.17714899778366089,0.17790600657463074,0.17410600185394287,0.17580400407314301,51915861
2019-12-13T00:00:00.000000Z,0.17577999830245972,0.19159699976444244,0.17483499646186829,0.18840900063514709,66814278
2019-12-14T00:00:00.000000Z,0.18850600719451904,0.19119299948215485,0.17903199791908264,0.18088999390602112,59458933
2019-12-15T00:00:00.000000Z,0.18107900023460388,0.18678200244903564,0.17606300115585327,0.18531399965286255,57617486
2019-12-16T00:00:00.000000Z,0.18515999615192413,0.19207000732421875,0.17533400654792786,0.17593599855899811,57528977
2019-12-17T00:00:00.000000Z,0.17609800398349762,0.17680799961090088,0.15225799381732941,0.15590199828147888,63619513
2019-12-18T00:00:00.000000Z,0.15575000643730164,0.17020200192928314,0.14939500391483307,0.16843500733375549,71578609
2019-12-19T00:00:00.000000Z,0.16857099533081055,0.169296994805336,0.1611189991235733,0.16827699542045593,57422264
2019-12-20T00:00:00.000000Z,0.16829699277877808,0.17313100397586823,0.16576200723648071,0.17132699489593506,52286049
2019-12-21T00:00:00.000000Z,0.17142400145530701,0.17457899451255798,0.16809399425983429,0.16839900612831116,50517132
2019-12-22T00:00:00.000000Z,0.16831099987030029,0.17446300387382507,0.16766700148582458,0.17343899607658386,50835515
2019-12-23T00:00:00.000000Z,0.17344799637794495,0.17365700006484985,0.16336999833583832,0.16418200731277466,52227115
2019-12-24T00:00:00.000000Z,0.16406099498271942,0.17280299961566925,0.16332800686359406,0.16721600294113159,49113737
2019-12-25T00:00:00.000000Z,0.16721400618553162,0.16780300438404083,0.16221199929714203,0.16315700113773346,44723117
2019-12-26T00:00:00.000000Z,0.16298399865627289,0.16873900592327118,0.16201700270175934,0.16470000147819519,44019391
2019-12-27T00:00:00.000000Z,0.16471399366855621,0.16965000331401825,0.16398599743843079,0.16965000331401825,41612685
2019-12-28T00:00:00.000000Z,0.16965200006961823,0.18677699565887451,0.16957700252532959,0.18569999933242798,68500348
2019-12-29T00:00:00.000000Z,0.18561899662017822,0.19664099812507629,0.18506400287151337,0.1925790011882782,74591022
2019-12-30T00:00:00.000000Z,0.19272199273109436,0.19997300207614899,0.18816299736499786,0.19057999551296234,67737772
2019-12-31T00:00:00.000000Z,0.1906760036945343,0.1942719966173172,0.18088099360466003,0.18176800012588501,55600479
2020-01-01T00:00:00.000000Z,0.18181599676609039,0.19712600111961365,0.18097600340843201,0.19612899422645569,54964262
2020-01-02T00:00:00.000000Z,0.19612300395965576,0.19644199311733246,0.18337500095367432,0.18382099270820618,52616967
2020-01-03T00:00:00.000000Z,0.18364900350570679,0.19241699576377869,0.18166099488735199,0.18770100176334381,55439573
2020-01-04T00:00:00.000000Z,0.18758699297904968,0.19092999398708344,0.18493899703025818,0.18989099562168121,43280231
2020-01-05T00:00:00.000000Z,0.18980300426483154,0.19382399320602417,0.18822300434112549,0.1888979971408844,46686533
2020-01-06T00:00:00.000000Z,0.18916299939155579,0.19645999372005463,0.18899500370025635,0.19203199446201324,50966011
2020-01-07T00:00:00.000000Z,0.19197100400924683,0.19726499915122986,0.1918330043554306,0.1933789998292923,57682961
2020-01-08T00:00:00.000000Z,0.19350799918174744,0.19483399391174316,0.18402199447154999,0.18420200049877167,54340205
2020-01-09T00:00:00.000000Z,0.18418499827384949,0.18896399438381195,0.18226300179958344,0.18636099994182587,50598041
2020-01-10T00:00:00.000000Z,0.18613000214099884,0.18795199692249298,0.18298700451850891,0.18740899860858917,48947327
2020-01-11T00:00:00.000000Z,0.18745499849319458,0.19338299334049225,0.18686600029468536,0.18974700570106506,47013777
2020-01-12T00:00:00.000000Z,0.18969899415969849,0.19259299337863922,0.18886199593544006,0.19130299985408783,42369470
2020-01-13T00:00:00.000000Z,0.1912200003862381,0.19158400595188141,0.18722699582576752,0.18781399726867676,44799749
2020-01-14T00:00:00.000000Z,0.1877799928188324,0.21313400566577911,0.18729199469089508,0.2124360054731369,63840081
2020-01-15T00:00:00.000000Z,0.21240000426769257,0.23721699416637421,0.2114810049533844,0.2197130024433136,92447507
2020-01-16T00:00:00.000000Z,0.21998299658298492,0.22148500382900238,0.21054700016975403,0.21767300367355347,53452385
2020-01-17T00:00:00.000000Z,0.21769799292087555,0.23266500234603882,0.21425500512123108,0.22972799837589264,68894095
2020-01-18T00:00:00.000000Z,0.22966000437736511,0.23168900609016418,0.21928100287914276,0.2246440052986145,59923625
2020-01-19T00:00:00.000000Z,0.22479900717735291,0.22857899963855743,0.20911100506782532,0.21445499360561371,57775448
2020-01-20T00:00:00.000000Z,0.21434900164604187,0.22409200668334961,0.21043199300765991,0.22171400487422943,62412074
2020-01-21T00:00:00.000000Z,0.22179800271987915,0.22441299259662628,0.21415300667285919,0.22027499973773956,55120770
2020-01-22T00:00:00.000000Z,0.22013700008392334,0.22142300009727478,0.21708899736404419,0.21945799887180328,46002292
2020-01-23T00:00:00.000000Z,0.21914300322532654,0.21951599419116974,0.20542499423027039,0.20816700160503387,49020267
2020-01-24T00:00:00.000000Z,0.20824399590492249,0.2082660049200058,0.20077100396156311,0.20724600553512573,44967053
2020-01-25T00:00:00.000000Z,0.20734900236129761,0.2074040025472641,0.20212799310684204,0.20483599603176117,41628366
2020-01-26T00:00:00.000000Z,0.2046779990196228,0.21233099699020386,0.20349399745464325,0.21161200106143951,47850762
2020-01-27T00:00:00.000000Z,0.21176500618457794,0.22804099321365356,0.21160499751567841,0.2268500030040741,60294391
2020-01-28T00:00:00.000000Z,0.22676500678062439,0.22969299554824829,0.21660000085830688,0.22214700281620026,69251607
2020-01-29T00:00:00.000000Z,0.22213900089263916,0.22479000687599182,0.2187269926071167,0.21961900591850281,65190942
2020-01-30T00:00:00.000000Z,0.21948200464248657,0.2235569953918457,0.21633699536323547,0.22329600155353546,60868516
2020-01-31T00:00:00.000000Z,0.22311200201511383,0.22475799918174744,0.21361500024795532,0.21915300190448761,55872703
2020-02-01T00:00:00.000000Z,0.21921999752521515,0.22472299635410309,0.21921999752521515,0.22432400286197662,48405258
2020-02-02T00:00:00.000000Z,0.22403700649738312,0.22980199754238129,0.22073400020599365,0.22338199615478516,52190150
2020-02-03T00:00:00.000000Z,0.22321699559688568,0.23737800121307373,0.22245399653911591,0.23558700084686279,61713475
2020-02-04T00:00:00.000000Z,0.2355320006608963,0.25016599893569946,0.23205700516700745,0.24414700269699097,99684052
2020-02-05T00:00:00.000000Z,0.24420000612735748,0.25233298540115356,0.23934699594974518,0.2516460120677948,88483778
2020-02-06T00:00:00.000000Z,0.25154900550842285,0.26931500434875488,0.24920299649238586,0.26399898529052734,101385322
2020-02-07T00:00:00.000000Z,0.26423299312591553,0.26970300078392029,0.2603670060634613,0.26343899965286255,83767322
2020-02-08T00:00:00.000000Z,0.26337701082229614,0.26371899247169495,0.24965499341487885,0.25617599487304688,73897362
2020-02-09T00:00:00.000000Z,0.25628900527954102,0.27552399039268494,0.25541201233863831,0.27319499850273132,94842470
2020-02-10T00:00:00.000000Z,0.27345401048660278,0.27416199445724487,0.25404000282287598,0.26403099298477173,99786369
2020-02-11T00:00:00.000000Z,0.26407799124717712,0.2967660129070282,0.26158499717712402,0.29209199547767639,145429969
2020-02-12T00:00:00.000000Z,0.2921299934387207,0.32110598683357239,0.28923299908638,0.30412200093269348,152118324
2020-02-13T00:00:00.000000Z,0.30401301383972168,0.3160490095615387,0.28575000166893005,0.29538899660110474,122073123
2020-02-14T00:00:00.000000Z,0.29549899697303772,0.31440699100494385,0.29388600587844849,0.31101998686790466,108778734
2020-02-15T00:00:00.000000Z,0.31090399622917175,0.32051199674606323,0.27616399526596069,0.28034201264381409,109067086
2020-02-16T00:00:00.000000Z,0.28040900826454163,0.28900900483131409,0.24004900455474854,0.26425999402999878,91629012
2020-02-17T00:00:00.000000Z,0.26427200436592102,0.26747798919677734,0.24202799797058105,0.26656299829483032,90448602
2020-02-18T00:00:00.000000Z,0.26686298847198486,0.28773999214172363,0.2631550133228302,0.28156700730323792,88624120
2020-02-19T00:00:00.000000Z,0.28178700804710388,0.28435701131820679,0.25783801078796387,0.26004201173782349,76438387
2020-02-20T00:00:00.000000Z,0.25977998971939087,0.26144200563430786,0.24948200583457947,0.2586129903793335,78448273
2020-02-21T00:00:00.000000Z,0.25836899876594543,0.26934701204299927,0.25458699464797974,0.26641800999641418,74787242
2020-02-22T00:00:00.000000Z,0.26666098833084106,0.27427598834037781,0.26575601100921631,0.27079099416732788,72174526
2020-02-23T00:00:00.000000Z,0.27105399966239929,0.28246399760246277,0.27099001407623291,0.27542600035667419,78929420
2020-02-24T00:00:00.000000Z,0.27525800466537476,0.27662399411201477,0.25240901112556458,0.25658699870109558,78582584
2020-02-25T00:00:00.000000Z,0.25669801235198975,0.25710499286651611,0.23343400657176971,0.236735999584198,82978285
2020-02-26T00:00:00.000000Z,0.23631300032138824,0.23813800513744354,0.20810499787330627,0.22002600133419037,82819101
2020-02-27T00:00:00.000000Z,0.21985200047492981,0.23090499639511108,0.20969800651073456,0.22088199853897095,68848593
2020-02-28T00:00:00.000000Z,0.22113099694252014,0.22674299776554108,0.21007700264453888,0.21568299829959869,65738481
2020-02-29T00:00:00.000000Z,0.21555100381374359,0.22153399884700775,0.21412099897861481,0.21426600217819214,60832778
2020-03-01T00:00:00.000000Z,0.21412700414657593,0.21807800233364105,0.20616999268531799,0.2114579975605011,57380522
2020-03-02T00:00:00.000000Z,0.2112790048122406,0.23028700053691864,0.20942200720310211,0.22745800018310547,65896658
2020-03-03T00:00:00.000000Z,0.22727499902248383,0.22977699339389801,0.22263799607753754,0.22424599528312683,59034937
2020-03-04T00:00:00.000000Z,0.2244659960269928,0.23304599523544312,0.22368399798870087,0.23214900493621826,66216350
2020-03-05T00:00:00.000000Z,0.2322549968957901,0.24456100165843964,0.232123002409935,0.23548600077629089,69118218
2020-03-06T00:00:00.000000Z,0.23551599681377411,0.24637100100517273,0.22759999334812164,0.24168899655342102,92852706
2020-03-07T00:00:00.000000Z,0.24157899618148804,0.24286399781703949,0.22742700576782227,0.22843900322914124,62240312
2020-03-08T00:00:00.000000Z,0.22825899720191956,0.22840100526809692,0.1956620067358017,0.1956620067358017,64764865
2020-03-09T00:00:00.000000Z,0.19544400274753571,0.20173600316047668,0.18222400546073914,0.19449199736118317,75941141
2020-03-10T00:00:00.000000Z,0.19470299780368805,0.20827899873256683,0.19328999519348145,0.20420800149440765,78666026
2020-03-11T00:00:00.000000Z,0.20407100021839142,0.21337500214576721,0.18491700291633606,0.19996100664138794,90958123
2020-03-12T00:00:00.000000Z,0.19996300339698792,0.200531005859375,0.11545199900865555,0.11953999847173691,70920058
2020-03-13T00:00:00.000000Z,0.11570200324058533,0.146123006939888,0.088836997747421265,0.13304600119590759,78186419
2020-03-14T00:00:00.000000Z,0.13303999602794647,0.13551400601863861,0.12192899733781815,0.12747299671173096,58627763
2020-03-15T00:00:00.000000Z,0.12724000215530396,0.1354839950799942,0.1207600012421608,0.12506000697612762,58100255
2020-03-16T00:00:00.000000Z,0.12501099705696106,0.12501099705696106,0.10294099897146225,0.11180499941110611,60916334
2020-03-17T00:00:00.000000Z,0.11167699843645096,0.12240500003099442,0.11167699843645096,0.11606699973344803,60846554
2020-03-18T00:00:00.000000Z,0.11578600108623505,0.11879000067710876,0.11340299993753433,0.11644899845123291,63395292
2020-03-19T00:00:00.000000Z,0.11632400006055832,0.14445100724697113,0.11632400006055832,0.13792799413204193,74036819
2020-03-20T00:00:00.000000Z,0.13772299885749817,0.15553399920463562,0.12445399910211563,0.1353289932012558,67120393
2020-03-21T00:00:00.000000Z,0.13539999723434448,0.13920100033283234,0.12750500440597534,0.13698300719261169,55817412
2020-03-22T00:00:00.000000Z,0.13699799776077271,0.13948400318622589,0.12403199821710587,0.12460599839687347,48760627
2020-03-23T00:00:00.000000Z,0.1244020015001297,0.13462600111961365,0.12252999842166901,0.13393799960613251,58520042
2020-03-24T00:00:00.000000Z,0.134225994348526,0.15763700008392334,0.13208100199699402,0.15272599458694458,89185054
2020-03-25T00:00:00.000000Z,0.1527239978313446,0.16363100707530975,0.14545099437236786,0.14836700260639191,79481758
2020-03-26T00:00:00.000000Z,0.14830200374126434,0.15411899983882904,0.14671500027179718,0.15176199376583099,60899825
2020-03-27T00:00:00.000000Z,0.15182299911975861,0.15377399325370789,0.14281600713729858,0.14282500743865967,70314700
2020-03-28T00:00:00.000000Z,0.14261800050735474,0.14261800050735474,0.13491299748420715,0.1376509964466095,64323184
2020-03-29T00:00:00.000000Z,0.13759300112724304,0.13859200477600098,0.13016000390052795,0.13149100542068481,63938510
2020-03-30T00:00:00.000000Z,0.1315619945526123,0.14569100737571716,0.13054199516773224,0.14104700088500977,80290227
2020-03-31T00:00:00.000000Z,0.14097400009632111,0.14347900450229645,0.13828399777412415,0.14187900722026825,70039336
2020-04-01T00:00:00.000000Z,0.14187900722026825,0.14335200190544128,0.13589200377464294,0.14335200190544128,68303435
2020-04-02T00:00:00.000000Z,0.14327499270439148,0.14937399327754974,0.14246399700641632,0.14403900504112244,74592914
2020-04-03T00:00:00.000000Z,0.14398899674415588,0.15041899681091309,0.14302200078964233,0.1461469978094101,69799614
2020-04-04T00:00:00.000000Z,0.14612400531768799,0.14798800647258759,0.1432420015335083,0.14712299406528473,55594468
2020-04-05T00:00:00.000000Z,0.14713099598884583,0.15070299804210663,0.1448650062084198,0.14633099734783173,69464308
2020-04-06T00:00:00.000000Z,0.14559899270534515,0.16227400302886963,0.14559899270534515,0.16019900143146515,77705130
2020-04-07T00:00:00.000000Z,0.16055500507354736,0.17218600213527679,0.15827800333499908,0.1608940064907074,78736809
2020-04-08T00:00:00.000000Z,0.16067099571228027,0.17016400396823883,0.15982499718666077,0.16600500047206879,80042035
2020-04-09T00:00:00.000000Z,0.16597999632358551,0.17843200266361237,0.16307899355888367,0.17238900065422058,117023418
2020-04-10T00:00:00.000000Z,0.17224900424480438,0.17771999537944794,0.15458899736404419,0.16095699369907379,92940129
2020-04-11T00:00:00.000000Z,0.16095699369907379,0.16728299856185913,0.15651799738407135,0.16041800379753113,82472270
2020-04-12T00:00:00.000000Z,0.16064099967479706,0.1677740067243576,0.15828000009059906,0.1618490070104599,81460576
2020-04-13T00:00:00.000000Z,0.1617330014705658,0.1617330014705658,0.15406300127506256,0.15807999670505524,78218151
2020-04-14T00:00:00.000000Z,0.1581059992313385,0.17013399302959442,0.1571819931268692,0.16530400514602661,92602021
2020-04-15T00:00:00.000000Z,0.16519199311733246,0.16867700219154358,0.15438699722290039,0.15481199324131012,83643060
2020-04-16T00:00:00.000000Z,0.15481700003147125,0.16674800217151642,0.15196999907493591,0.16527900099754333,94296614
2020-04-17T00:00:00.000000Z,0.1651809960603714,0.16922999918460846,0.16408699750900269,0.16731899976730347,87300622
2020-04-18T00:00:00.000000Z,0.16735999286174774,0.17323799431324005,0.16619899868965149,0.17208400368690491,94342397
2020-04-19T00:00:00.000000Z,0.1718669980764389,0.17244100570678711,0.16566100716590881,0.16579699516296387,84323603
2020-04-20T00:00:00.000000Z,0.16568200290203094,0.17024600505828857,0.15831300616264343,0.1585640013217926,105984125
2020-04-21T00:00:00.000000Z,0.15842199325561523,0.16058099269866943,0.15651200711727142,0.15890200436115265,81192864
2020-04-22T00:00:00.000000Z,0.1584479957818985,0.16720999777317047,0.15841400623321533,0.1656470000743866,83452519
2020-04-23T00:00:00.000000Z,0.1655379980802536,0.17192499339580536,0.16256900131702423,0.16603699326515198,97360679
2020-04-24T00:00:00.000000Z,0.16610200703144073,0.17994800209999084,0.16607199609279633,0.17954699695110321,91712704
2020-04-25T00:00:00.000000Z,0.17959800362586975,0.18821099400520325,0.17625400424003601,0.18315300345420837,81147946
2020-04-26T00:00:00.000000Z,0.18317100405693054,0.18792100250720978,0.18176800012588501,0.18430900573730469,94411864
2020-04-27T00:00:00.000000Z,0.18435999751091003,0.18555499613285065,0.17823399603366852,0.18241299688816071,98600090
2020-04-28T00:00:00.000000Z,0.18259300291538239,0.18521299958229065,0.17639900743961334,0.1842540055513382,111414212
2020-04-29T00:00:00.000000Z,0.18444900214672089,0.1977510005235672,0.18323500454425812,0.19504000246524811,113305708
2020-04-30T00:00:00.000000Z,0.19491100311279297,0.19928599894046783,0.18162399530410767,0.18396300077438354,113851887
2020-05-01T00:00:00.000000Z,0.18378999829292297,0.19370000064373016,0.18358300626277924,0.1885560005903244,96791449
2020-05-02T00:00:00.000000Z,0.18873900175094604,0.19308499991893768,0.18857599794864655,0.19082300364971161,92659679
2020-05-03T00:00:00.000000Z,0.19097399711608887,0.19451500475406647,0.18359600007534027,0.18395400047302246,89715693
2020-05-04T00:00:00.000000Z,0.18394799530506134,0.18923099339008331,0.17767499387264252,0.18798500299453735,96943420
2020-05-05T00:00:00.000000Z,0.18807600438594818,0.19202400743961334,0.1830579936504364,0.18496799468994141,91033653
2020-05-06T00:00:00.000000Z,0.18493199348449707,0.19110099971294403,0.18174900114536285,0.18174900114536285,100505641
2020-05-07T00:00:00.000000Z,0.18157100677490234,0.18938499689102173,0.17743399739265442,0.18380099534988403,102458276
2020-05-08T00:00:00.000000Z,0.18388299643993378,0.23660300672054291,0.18376100063323975,0.22904300689697266,226158901
2020-05-09T00:00:00.000000Z,0.22923099994659424,0.25222301483154297,0.21723200380802155,0.21826900541782379,232544394
2020-05-10T00:00:00.000000Z,0.21825399994850159,0.21825399994850159,0.18682500720024109,0.19727699458599091,157626768
2020-05-11T00:00:00.000000Z,0.19742600619792938,0.20004500448703766,0.18189899623394012,0.18565699458122253,115780799
2020-05-12T00:00:00.000000Z,0.18571899831295013,0.20746700465679169,0.18387599289417267,0.20669199526309967,111694461
2020-05-13T00:00:00.000000Z,0.20660899579524994,0.21022500097751617,0.19874399900436401,0.20161199569702148,96379675
2020-05-14T00:00:00.000000Z,0.20124900341033936,0.20685000717639923,0.19768999516963959,0.20014700293540955,83010799
2020-05-15T00:00:00.000000Z,0.20002399384975433,0.21273300051689148,0.19912399351596832,0.2001899927854538,98695111
2020-05-16T00:00:00.000000Z,0.20009699463844299,0.2073570042848587,0.19788600504398346,0.20339399576187134,84971631
2020-05-17T00:00:00.000000Z,0.20318900048732758,0.21517899632453918,0.20239199697971344,0.20480500161647797,93663803
2020-05-18T00:00:00.000000Z,0.20509600639343262,0.21172499656677246,0.20495599508285522,0.20946599543094635,84708632
2020-05-19T00:00:00.000000Z,0.20952199399471283,0.21012799441814423,0.20468300580978394,0.20572599768638611,74994567
2020-05-20T00:00:00.000000Z,0.20568500459194183,0.21117900311946869,0.20130699872970581,0.20413699746131897,79484465
2020-05-21T00:00:00.000000Z,0.20405599474906921,0.20596399903297424,0.18951499462127686,0.19625699520111084,88056362
2020-05-22T00:00:00.000000Z,0.19621899724006653,0.20894399285316467,0.19325199723243713,0.2064329981803894,90016045
2020-05-23T00:00:00.000000Z,0.20635700225830078,0.21075800061225891,0.20120599865913391,0.20420999825000763,68415841
2020-05-24T00:00:00.000000Z,0.20411199331283569,0.20907400548458099,0.19616599380970001,0.19619199633598328,65152567
2020-05-25T00:00:00.000000Z,0.19568799436092377,0.20642900466918945,0.19371800124645233,0.20540300011634827,71096227
2020-05-26T00:00:00.000000Z,0.20546700060367584,0.20906299352645874,0.2006399929523468,0.20332300662994385,70645198
2020-05-27T00:00:00.000000Z,0.20339299738407135,0.20806300640106201,0.20155699551105499,0.20733100175857544,83471245
2020-05-28T00:00:00.000000Z,0.20753499865531921,0.21393199265003204,0.2056719958782196,0.21262200176715851,93246841
2020-05-29T00:00:00.000000Z,0.21256899833679199,0.21545900404453278,0.20826900005340576,0.21007399260997772,80938800
2020-05-30T00:00:00.000000Z,0.21013900637626648,0.22107599675655365,0.20778200030326843,0.22073499858379364,87284350
2020-05-31T00:00:00.000000Z,0.22083500027656555,0.2290319949388504,0.20949399471282959,0.21140800416469574,95402578
2020-06-01T00:00:00.000000Z,0.2113099992275238,0.22523799538612366,0.21057100594043732,0.22364999353885651,93979213
2020-06-02T00:00:00.000000Z,0.22375400364398956,0.23003900051116943,0.20990400016307831,0.21484600007534027,95049488
2020-06-03T00:00:00.000000Z,0.21472600102424622,0.22442199289798737,0.21238300204277039,0.22442199289798737,83208339
2020-06-04T00:00:00.000000Z,0.22417199611663818,0.24455399811267853,0.22375799715518951,0.24211399257183075,134584159
2020-06-05T00:00:00.000000Z,0.24197599291801453,0.24732300639152527,0.23782800137996674,0.24537199735641479,114690212
2020-06-06T00:00:00.000000Z,0.24528799951076508,0.24537099897861481,0.23541100323200226,0.23667499423027039,78177327
2020-06-07T00:00:00.000000Z,0.23675000667572021,0.24025900661945343,0.22767500579357147,0.23519499599933624,76148745
2020-06-08T00:00:00.000000Z,0.23517699539661407,0.25690099596977234,0.23361599445343018,0.25690099596977234,111153640
2020-06-09T00:00:00.000000Z,0.25669801235198975,0.2590470016002655,0.2502790093421936,0.25275000929832458,100887014
2020-06-10T00:00:00.000000Z,0.25252899527549744,0.25269201397895813,0.24532000720500946,0.25024300813674927,98306325
2020-06-11T00:00:00.000000Z,0.25025901198387146,0.25519099831581116,0.22245700657367706,0.22294700145721436,95038850
2020-06-12T00:00:00.000000Z,0.22300100326538086,0.23520000278949738,0.21234999597072601,0.22952300310134888,94478815
2020-06-13T00:00:00.000000Z,0.22970600426197052,0.23442499339580536,0.22516800463199615,0.23239800333976746,78574497
2020-06-14T00:00:00.000000Z,0.23244799673557281,0.23923900723457336,0.22475099563598633,0.22494499385356903,83142647
2020-06-15T00:00:00.000000Z,0.22486700117588043,0.22595900297164917,0.20902800559997559,0.22274699807167053,89250769
2020-06-16T00:00:00.000000Z,0.22279499471187592,0.22821299731731415,0.22077800333499908,0.22496700286865234,75249445
2020-06-17T00:00:00.000000Z,0.22525499761104584,0.22604699432849884,0.2181829959154129,0.22338099777698517,76838795
2020-06-18T00:00:00.000000Z,0.2233709990978241,0.22380000352859497,0.21644900739192963,0.21920999884605408,55620169
2020-06-19T00:00:00.000000Z,0.21912099421024323,0.22262799739837646,0.21569900214672089,0.21694900095462799,55425633
2020-06-20T00:00:00.000000Z,0.21694900095462799,0.23379799723625183,0.21604600548744202,0.23144200444221497,81989283
2020-06-21T00:00:00.000000Z,0.2309730052947998,0.25034800171852112,0.23083199560642242,0.2416670024394989,95921844
2020-06-22T00:00:00.000000Z,0.24211999773979187,0.24952200055122375,0.23989300429821014,0.24386599659919739,83544220
2020-06-23T00:00:00.000000Z,0.2438730001449585,0.26267999410629272,0.2417600005865097,0.25837400555610657,85191908
2020-06-24T00:00:00.000000Z,0.25843599438667297,0.26593500375747681,0.24486400187015533,0.24964599311351776,79946258
2020-06-25T00:00:00.000000Z,0.24953299760818481,0.27000299096107483,0.24319499731063843,0.27000299096107483,102269533
2020-06-26T00:00:00.000000Z,0.27013900876045227,0.27259698510169983,0.25746598839759827,0.27172198891639709,105570675
2020-06-27T00:00:00.000000Z,0.27174198627471924,0.29797199368476868,0.2678849995136261,0.27225100994110107,163915761
2020-06-28T00:00:00.000000Z,0.27225100994110107,0.27276799082756042,0.25831499695777893,0.26464200019836426,105436384
2020-06-29T00:00:00.000000Z,0.26453599333763123,0.26940000057220459,0.25425499677658081,0.2619679868221283,81965006
2020-06-30T00:00:00.000000Z,0.261788010597229,0.26316499710083008,0.25083699822425842,0.25194999575614929,62742707
2020-07-01T00:00:00.000000Z,0.25177401304244995,0.26374000310897827,0.25054898858070374,0.25618299841880798,70903840
2020-07-02T00:00:00.000000Z,0.2569040060043335,0.25995999574661255,0.24524599313735962,0.2453400045633316,88446608
2020-07-03T00:00:00.000000Z,0.24516099691390991,0.24832800030708313,0.24128599464893341,0.24194000661373138,86872077
2020-07-04T00:00:00.000000Z,0.24202500283718109,0.25432801246643066,0.24178999662399292,0.24994100630283356,73092062
2020-07-05T00:00:00.000000Z,0.24956299364566803,0.25014901161193848,0.24272699654102325,0.24657300114631653,69072097
2020-07-06T00:00:00.000000Z,0.24657300114631653,0.26148098707199097,0.24477399885654449,0.26074099540710449,85232958
2020-07-07T00:00:00.000000Z,0.26046499609947205,0.26313498616218567,0.25269299745559692,0.254628986120224,77770063
2020-07-08T00:00:00.000000Z,0.25466299057006836,0.26956000924110413,0.25260600447654724,0.26388299465179443,152931719
2020-07-09T00:00:00.000000Z,0.26388299465179443,0.26989001035690308,0.25565800070762634,0.26201799511909485,158872269
2020-07-10T00:00:00.000000Z,0.26184800267219543,0.26222801208496094,0.24663800001144409,0.25440499186515808,130467325
2020-07-11T00:00:00.000000Z,0.25429201126098633,0.2596060037612915,0.2527729868888855,0.25823599100112915,126932046
2020-07-12T00:00:00.000000Z,0.25834101438522339,0.26267001032829285,0.25334501266479492,0.25874501466751099,120956249
2020-07-13T00:00:00.000000Z,0.25874501466751099,0.27835899591445923,0.25588798522949219,0.264149010181427,173216881
2020-07-14T00:00:00.000000Z,0.26290801167488098,0.26682299375534058,0.25664201378822327,0.26197099685668945,132157262
2020-07-15T00:00:00.000000Z,0.26208201050758362,0.26458001136779785,0.25542300939559937,0.25949698686599731,117978819
2020-07-16T00:00:00.000000Z,0.25946700572967529,0.2660830020904541,0.24079999327659607,0.25925999879837036,169549091
2020-07-17T00:00:00.000000Z,0.25956499576568604,0.27628800272941589,0.25956499576568604,0.26565700769424438,151838466
2020-07-18T00:00:00.000000Z,0.26549899578094482,0.27016499638557434,0.25841298699378967,0.26851499080657959,122045175
2020-07-19T00:00:00.000000Z,0.26902100443840027,0.27839198708534241,0.26818999648094177,0.27315199375152588,118500242
2020-07-20T00:00:00.000000Z,0.27340099215507507,0.27495101094245911,0.258309006690979,0.2585810124874115,112026169
2020-07-21T00:00:00.000000Z,0.25821000337600708,0.26465699076652527,0.25605401396751404,0.26008999347686768,115866178
2020-07-22T00:00:00.000000Z,0.26010799407958984,0.26708599925041199,0.2562510073184967,0.26275399327278137,110616166
2020-07-23T00:00:00.000000Z,0.26266500353813171,0.2694840133190155,0.26032799482345581,0.26233699917793274,112868090
2020-07-24T00:00:00.000000Z,0.26390698552131653,0.26462501287460327,0.25724801421165466,0.25749900937080383,130611050
2020-07-25T00:00:00.000000Z,0.25759199261665344,0.26434001326560974,0.25729000568389893,0.26304700970649719,112303891
2020-07-26T00:00:00.000000Z,0.26313099265098572,0.26632800698280334,0.25322800874710083,0.2539600133895874,110640028
2020-07-27T00:00:00.000000Z,0.25397500395774841,0.25637999176979065,0.23234499990940094,0.24747499823570251,152211796
2020-07-28T00:00:00.000000Z,0.24736000597476959,0.25488299131393433,0.24284499883651733,0.25143700838088989,126978621
2020-07-29T00:00:00.000000Z,0.2513430118560791,0.25529599189758301,0.24662899971008301,0.24738800525665283,139057271
2020-07-30T00:00:00.000000Z,0.24743999540805817,0.25166100263595581,0.24697799980640411,0.24728100001811981,152174495
2020-07-31T00:00:00.000000Z,0.24755899608135223,0.25306600332260132,0.24642199277877808,0.25287199020385742,145660749
2020-08-01T00:00:00.000000Z,0.25287199020385742,0.25904500484466553,0.2498680055141449,0.25782901048660278,197639256
2020-08-02T00:00:00.000000Z,0.25782400369644165,0.26210200786590576,0.23786599934101105,0.24235600233078003,157623657
2020-08-03T00:00:00.000000Z,0.24235899746417999,0.25541800260543823,0.24055999517440796,0.25122898817062378,140882345
2020-08-04T00:00:00.000000Z,0.25121301412582397,0.26151901483535767,0.25082901120185852,0.26151901483535767,128205260
2020-08-05T00:00:00.000000Z,0.26130300760269165,0.26324599981307983,0.25495100021362305,0.25777798891067505,154038980
2020-08-06T00:00:00.000000Z,0.25798401236534119,0.25948399305343628,0.25492599606513977,0.25918200612068176,169841683
2020-08-07T00:00:00.000000Z,0.25905698537826538,0.26435700058937073,0.24692900478839874,0.25311699509620667,218686834
2020-08-08T00:00:00.000000Z,0.253246009349823,0.26069000363349915,0.25261199474334717,0.26069000363349915,89341363
2020-08-09T00:00:00.000000Z,0.26089298725128174,0.27098700404167175,0.26089298725128174,0.26766499876976013,104893214
2020-08-10T00:00:00.000000Z,0.26768100261688232,0.28852799534797668,0.26472398638725281,0.28656899929046631,230386737
2020-08-11T00:00:00.000000Z,0.28664100170135498,0.287416011095047,0.2531839907169342,0.26173099875450134,285914950
2020-08-12T00:00:00.000000Z,0.26182499527931213,0.27475899457931519,0.25254300236701965,0.27172601222991943,166822858
2020-08-13T00:00:00.000000Z,0.27179300785064697,0.27307000756263733,0.2584879994392395,0.26954901218414307,162559730
2020-08-14T00:00:00.000000Z,0.26966699957847595,0.27875599265098572,0.26597699522972107,0.27775400876998901,192813635
2020-08-15T00:00:00.000000Z,0.27772599458694458,0.28073200583457947,0.27313899993896484,0.27472901344299316,184810465
2020-08-16T00:00:00.000000Z,0.27454400062561035,0.33356600999832153,0.27201798558235168,0.32118299603462219,341927961
2020-08-17T00:00:00.000000Z,0.32118299603462219,0.33656200766563416,0.3035610020160675,0.31720298528671265,305038526
2020-08-18T00:00:00.000000Z,0.31595200300216675,0.3750540018081665,0.31568500399589539,0.35086500644683838,481842759
2020-08-19T00:00:00.000000Z,0.34960201382637024,0.35679799318313599,0.31315699219703674,0.31792598962783813,303125129
2020-08-20T00:00:00.000000Z,0.31813699007034302,0.36934998631477356,0.31790998578071594,0.36040499806404114,341742329
2020-08-21T00:00:00.000000Z,0.3608500063419342,0.43872299790382385,0.35245600342750549,0.37927499413490295,677659236
2020-08-22T00:00:00.000000Z,0.37878298759460449,0.40422201156616211,0.34575700759887695,0.39960700273513794,322874678
2020-08-23T00:00:00.000000Z,0.3982970118522644,0.42179501056671143,0.37090599536895752,0.40351301431655884,313092652
2020-08-24T00:00:00.000000Z,0.40362399816513062,0.43164399266242981,0.38900899887084961,0.3970940113067627,301515487
2020-08-25T00:00:00.000000Z,0.39682599902153015,0.39847299456596375,0.34365001320838928,0.34779798984527588,273586341
2020-08-26T00:00:00.000000Z,0.34639599919319153,0.36684799194335938,0.34439501166343689,0.35211300849914551,219646386
2020-08-27T00:00:00.000000Z,0.35189199447631836,0.35439398884773254,0.32058298587799072,0.32642099261283875,237474151
2020-08-28T00:00:00.000000Z,0.32655000686645508,0.35177901387214661,0.32133200764656067,0.3506770133972168,200856491
2020-08-29T00:00:00.000000Z,0.35064500570297241,0.3690049946308136,0.34810599684715271,0.35512799024581909,331817879
2020-08-30T00:00:00.000000Z,0.35491099953651428,0.36120098829269409,0.34631800651550293,0.34650900959968567,177251449
2020-08-31T00:00:00.000000Z,0.34631600975990295,0.35627800226211548,0.33927199244499207,0.34982600808143616,223340103
2020-09-01T00:00:00.000000Z,0.34959098696708679,0.35108700394630432,0.33377000689506531,0.33653900027275085,196303320
2020-09-02T00:00:00.000000Z,0.3362790048122406,0.33829399943351746,0.30497899651527405,0.31672298908233643,194981493
2020-09-03T00:00:00.000000Z,0.31681600213050842,0.31865900754928589,0.25211900472640991,0.25474798679351807,199585900
2020-09-04T00:00:00.000000Z,0.25487300753593445,0.27387800812721252,0.2527720034122467,0.2672170102596283,183463523
2020-09-05T00:00:00.000000Z,0.26689800620079041,0.270346999168396,0.23000800609588623,0.23720300197601318,146810617
2020-09-06T00:00:00.000000Z,0.23720300197601318,0.26032000780105591,0.22787299752235413,0.25854799151420593,135610488
2020-09-07T00:00:00.000000Z,0.25892099738121033,0.26151901483535767,0.24013000726699829,0.25245299935340881,131238442
2020-09-08T00:00:00.000000Z,0.2521669864654541,0.26371899247169495,0.2460239976644516,0.251242995262146,131756892
2020-09-09T00:00:00.000000Z,0.25129100680351257,0.26340800523757935,0.2431119978427887,0.25756999850273132,154339859
2020-09-10T00:00:00.000000Z,0.25759699940681458,0.26902899146080017,0.25604298710823059,0.26546499133110046,142879360
2020-09-11T00:00:00.000000Z,0.26546499133110046,0.26698300242424011,0.25626400113105774,0.2640799880027771,136836283
2020-09-12T00:00:00.000000Z,0.2640799880027771,0.27594301104545593,0.26154899597167969,0.27295199036598206,191120022
2020-09-13T00:00:00.000000Z,0.27295199036598206,0.27342700958251953,0.25041800737380981,0.25693100690841675,136441312
2020-09-14T00:00:00.000000Z,0.25739100575447083,0.26251798868179321,0.25100401043891907,0.25630000233650208,193505437
2020-09-15T00:00:00.000000Z,0.25643500685691833,0.25876098871231079,0.2440669983625412,0.24643500149250031,206640724
2020-09-16T00:00:00.000000Z,0.24662099778652191,0.25605800747871399,0.23904600739479065,0.25199601054191589,222977956
2020-09-17T00:00:00.000000Z,0.25193798542022705,0.25740200281143188,0.24653400480747223,0.25043800473213196,101401946
2020-09-18T00:00:00.000000Z,0.25043800473213196,0.25516700744628906,0.24050499498844147,0.24357600510120392,112395337
2020-09-19T00:00:00.000000Z,0.24348600208759308,0.24745200574398041,0.24213799834251404,0.24319499731063843,106378533
2020-09-20T00:00:00.000000Z,0.24340300261974335,0.24364200234413147,0.2311519980430603,0.23770399391651154,122735443
2020-09-21T00:00:00.000000Z,0.2379010021686554,0.24329400062561035,0.21050600707530975,0.21476699411869049,146877010
2020-09-22T00:00:00.000000Z,0.21478100121021271,0.22829799354076385,0.21347500383853912,0.22829799354076385,136891145
2020-09-23T00:00:00.000000Z,0.22757500410079956,0.23200899362564087,0.21242299675941467,0.21326500177383423,141490749
2020-09-24T00:00:00.000000Z,0.21314199268817902,0.22772899270057678,0.21239599585533142,0.22594299912452698,181587547
2020-09-25T00:00:00.000000Z,0.22691099345684052,0.23537799715995789,0.21950000524520874,0.23233300447463989,197689523
2020-09-26T00:00:00.000000Z,0.23215900361537933,0.23680600523948669,0.23025700449943542,0.23308500647544861,180496172
2020-09-27T00:00:00.000000Z,0.2324260026216507,0.23558300733566284,0.22350700199604034,0.22933900356292725,157793950
2020-09-28T00:00:00.000000Z,0.2299329936504364,0.24275800585746765,0.22894099354743958,0.23499499261379242,175064415
2020-09-29T00:00:00.000000Z,0.23425799608230591,0.23647400736808777,0.2303600013256073,0.23636800050735474,187599582
2020-09-30T00:00:00.000000Z,0.2364020049571991,0.24361599981784821,0.23474699258804321,0.23876099288463593,166306743
2020-10-01T00:00:00.000000Z,0.23881199955940247,0.24638999998569489,0.22656799852848053,0.23020200431346893,146230578
2020-10-02T00:00:00.000000Z,0.23049099743366241,0.2311210036277771,0.2147500067949295,0.22389599680900574,182157411
2020-10-03T00:00:00.000000Z,0.22382199764251709,0.22440700232982635,0.22110000252723694,0.22110000252723694,101953437
2020-10-04T00:00:00.000000Z,0.22138099372386932,0.22208300232887268,0.21914200484752655,0.22151100635528564,135117580
2020-10-05T00:00:00.000000Z,0.22174200415611267,0.22365699708461761,0.21830600500106812,0.22123199701309204,123937925
2020-10-06T00:00:00.000000Z,0.22129799425601959,0.22161799669265747,0.20806199312210083,0.21028600633144379,229919975
2020-10-07T00:00:00.000000Z,0.21031300723552704,0.21467700600624084,0.20723800361156464,0.21467700600624084,153019499
2020-10-08T00:00:00.000000Z,0.21473400294780731,0.21829000115394592,0.20764300227165222,0.21716900169849396,152696110
2020-10-09T00:00:00.000000Z,0.21761900186538696,0.22480599582195282,0.21485400199890137,0.22244900465011597,180794481
2020-10-10T00:00:00.000000Z,0.22218500077724457,0.22777600586414337,0.22079800069332123,0.22097599506378174,164868409
2020-10-11T00:00:00.000000Z,0.22042800486087799,0.22299300134181976,0.21647299826145172,0.22164200246334076,211546007
2020-10-12T00:00:00.000000Z,0.22122299671173096,0.22454799711704254,0.21563899517059326,0.22086499631404877,219996603
2020-10-13T00:00:00.000000Z,0.22052299976348877,0.22273600101470947,0.21460600197315216,0.21700300276279449,122305955
2020-10-14T00:00:00.000000Z,0.21719400584697723,0.21909800171852112,0.21217399835586548,0.21528799831867218,131671878
2020-10-15T00:00:00.000000Z,0.21506500244140625,0.21520200371742249,0.21036100387573242,0.21323099732398987,194777139
2020-10-16T00:00:00.000000Z,0.21348600089550018,0.21374900639057159,0.20628499984741211,0.20714299380779266,461674916
2020-10-17T00:00:00.000000Z,0.20749999582767487,0.21561400592327118,0.20585599541664124,0.21477299928665161,150655232
2020-10-18T00:00:00.000000Z,0.21473400294780731,0.21761000156402588,0.21390500664710999,0.21393699944019318,577566040
2020-10-19T00:00:00.000000Z,0.21440799534320831,0.21673199534416199,0.21024499833583832,0.21428899466991425,188075455
2020-10-20T00:00:00.000000Z,0.2142149955034256,0.21474799513816833,0.20312100648880005,0.20868800580501556,239098368
2020-10-21T00:00:00.000000Z,0.20863600075244904,0.21749599277973175,0.20780700445175171,0.21487300097942352,210400162
2020-10-22T00:00:00.000000Z,0.21492500603199005,0.22581300139427185,0.21492500603199005,0.22141300141811371,199403929
2020-10-23T00:00:00.000000Z,0.22190399467945099,0.22373400628566742,0.21693800389766693,0.21989800035953522,219353506
2020-10-24T00:00:00.000000Z,0.21989800035953522,0.22253899276256561,0.21464599668979645,0.22111299633979797,346688423
2020-10-25T00:00:00.000000Z,0.22111299633979797,0.2214059978723526,0.21052199602127075,0.21234500408172607,572811373
2020-10-26T00:00:00.000000Z,0.21234500408172607,0.22199299931526184,0.21027399599552155,0.21319800615310669,458577741
2020-10-27T00:00:00.000000Z,0.21320000290870667,0.21633599698543549,0.20899200439453125,0.21375299990177155,419168617
2020-10-28T00:00:00.000000Z,0.21375499665737152,0.2147890031337738,0.19127699732780457,0.19508500397205353,303489754
2020-10-29T00:00:00.000000Z,0.19508500397205353,0.19985899329185486,0.18761800229549408,0.18924899399280548,234166175
2020-10-30T00:00:00.000000Z,0.18924899399280548,0.19214500486850739,0.17857599258422852,0.18823599815368652,185503599
2020-10-31T00:00:00.000000Z,0.18823599815368652,0.19087700545787811,0.18402700126171112,0.18402700126171112,161942492
2020-11-01T00:00:00.000000Z,0.18402700126171112,0.19178999960422516,0.18316200375556946,0.18854799866676331,153929106
2020-11-02T00:00:00.000000Z,0.18854600191116333,0.19363200664520264,0.18202300369739532,0.1821179986000061,233652903
2020-11-03T00:00:00.000000Z,0.1821179986000061,0.1859779953956604,0.17545600235462189,0.18010899424552917,198602192
2020-11-04T00:00:00.000000Z,0.18010899424552917,0.18504500389099121,0.17482900619506836,0.18485400080680847,204652703
2020-11-05T00:00:00.000000Z,0.18485599756240845,0.19155900180339813,0.18140199780464172,0.19130800664424896,147576071
2020-11-06T00:00:00.000000Z,0.19130699336528778,0.20495900511741638,0.18923099339008331,0.20356099307537079,128514279
2020-11-07T00:00:00.000000Z,0.20356099307537079,0.21093599498271942,0.18680399656295776,0.19249999523162842,142075799
2020-11-08T00:00:00.000000Z,0.19249999523162842,0.20350199937820435,0.19032500684261322,0.19829300045967102,115969123
2020-11-09T00:00:00.000000Z,0.19829300045967102,0.19855499267578125,0.18932299315929413,0.19350700080394745,130573193
2020-11-10T00:00:00.000000Z,0.19351799786090851,0.20559599995613098,0.19283699989318848,0.20176899433135986,114742105
2020-11-11T00:00:00.000000Z,0.20176799595355988,0.20766900479793549,0.19897599518299103,0.19967600703239441,115277658
2020-11-12T00:00:00.000000Z,0.19967299699783325,0.20664000511169434,0.19336900115013123,0.19520199298858643,134800058
2020-11-13T00:00:00.000000Z,0.19519899785518646,0.20400999486446381,0.19464400410652161,0.20274099707603455,188018322
2020-11-14T00:00:00.000000Z,0.20274099707603455,0.20397199690341949,0.19380399584770203,0.19621899724006653,99830891
2020-11-15T00:00:00.000000Z,0.19621899724006653,0.20119300484657288,0.18948900699615479,0.19418799877166748,86811288
2020-11-16T00:00:00.000000Z,0.19418799877166748,0.20029400289058685,0.19225500524044037,0.19806699454784393,82822912
2020-11-17T00:00:00.000000Z,0.19962100684642792,0.20682099461555481,0.19936899840831757,0.20522800087928772,105624057
2020-11-18T00:00:00.000000Z,0.20522800087928772,0.20622199773788452,0.19365699589252472,0.2005079984664917,155843309
2020-11-19T00:00:00.000000Z,0.20050600171089172,0.20302300155162811,0.19631899893283844,0.19760900735855103,215089070
2020-11-20T00:00:00.000000Z,0.19761000573635101,0.20284099876880646,0.19669100642204285,0.20172899961471558,177257676
2020-11-21T00:00:00.000000Z,0.20172899961471558,0.22821700572967529,0.20163099467754364,0.22741800546646118,219924335
2020-11-22T00:00:00.000000Z,0.22741800546646118,0.22975599765777588,0.20716199278831482,0.21624100208282471,223221336
2020-11-23T00:00:00.000000Z,0.21624100208282471,0.25556999444961548,0.21426099538803101,0.24816699326038361,279851777
2020-11-24T00:00:00.000000Z,0.24821500480175018,0.2740199863910675,0.24244000017642975,0.26084700226783752,285224895
2020-11-25T00:00:00.000000Z,0.26074299216270447,0.28674599528312683,0.25001099705696106,0.25649800896644592,252733938
2020-11-26T00:00:00.000000Z,0.25646001100540161,0.26162698864936829,0.20981599390506744,0.22333300113677979,288110717
2020-11-27T00:00:00.000000Z,0.22336499392986298,0.22987499833106995,0.21398599445819855,0.22421799600124359,141367142
2020-11-28T00:00:00.000000Z,0.22421599924564362,0.23269200325012207,0.21718600392341614,0.22920699417591095,137669766
2020-11-29T00:00:00.000000Z,0.22922499477863312,0.23542000353336334,0.22368399798870087,0.23394399881362915,132021050
2020-11-30T00:00:00.000000Z,0.23396100103855133,0.24282500147819519,0.22938300669193268,0.24244099855422974,175551829
2020-12-01T00:00:00.000000Z,0.2424589991569519,0.25849398970603943,0.23255300521850586,0.23413200676441193,186800193
2020-12-02T00:00:00.000000Z,0.23414799571037292,0.24281600117683411,0.23062899708747864,0.24076999723911285,123401127
2020-12-03T00:00:00.000000Z,0.240774005651474,0.24620799720287323,0.23832599818706512,0.24090899527072906,129937162
2020-12-04T00:00:00.000000Z,0.24093300104141235,0.24789400398731232,0.22644299268722534,0.22960999608039856,150965079
2020-12-05T00:00:00.000000Z,0.22954699397087097,0.2350119948387146,0.22643199563026428,0.23440200090408325,122589503
2020-12-06T00:00:00.000000Z,0.23440100252628326,0.23582099378108978,0.22694699466228485,0.2356870025396347,109912026
2020-12-07T00:00:00.000000Z,0.23570099472999573,0.23917299509048462,0.23176999390125275,0.2356719970703125,121532027
2020-12-08T00:00:00.000000Z,0.2356799989938736,0.2385219931602478,0.2182680070400238,0.21970899403095245,135677205
2020-12-09T00:00:00.000000Z,0.21969699859619141,0.22061100602149963,0.20756499469280243,0.21964700520038605,143150402
2020-12-10T00:00:00.000000Z,0.21964900195598602,0.22046400606632233,0.20882299542427063,0.20959700644016266,115140440
2020-12-11T00:00:00.000000Z,0.20959499478340149,0.20959499478340149,0.2012690007686615,0.20304200053215027,101722147
2020-12-12T00:00:00.000000Z,0.20300200581550598,0.2140980064868927,0.20300200581550598,0.2110459953546524,105474262
2020-12-13T00:00:00.000000Z,0.2110459953546524,0.21839100122451782,0.20693199336528778,0.2125999927520752,98834896
2020-12-14T00:00:00.000000Z,0.21260100603103638,0.21933600306510925,0.21133899688720703,0.21758200228214264,105031415
2020-12-15T00:00:00.000000Z,0.21758399903774261,0.22170299291610718,0.21287299692630768,0.21884599328041077,97450767
2020-12-16T00:00:00.000000Z,0.21885000169277191,0.23264099657535553,0.21694099903106689,0.23214100301265717,171072574
2020-12-17T00:00:00.000000Z,0.23216299712657928,0.23802599310874939,0.22485299408435822,0.22680799663066864,170901420
2020-12-18T00:00:00.000000Z,0.22681799530982971,0.26131701469421387,0.22319300472736359,0.24952599406242371,218520178
2020-12-19T00:00:00.000000Z,0.24948699772357941,0.26266300678253174,0.24502399563789368,0.24502600729465485,151338651
2020-12-20T00:00:00.000000Z,0.24496600031852722,0.24496600031852722,0.23097400367259979,0.23199200630187988,155164139
2020-12-21T00:00:00.000000Z,0.23198199272155762,0.23999999463558197,0.21932899951934814,0.2248540073633194,159742816
2020-12-22T00:00:00.000000Z,0.22476400434970856,0.2267020046710968,0.21084299683570862,0.21797700226306915,147187157
2020-12-23T00:00:00.000000Z,0.21798700094223022,0.22004599869251251,0.18226200342178345,0.19237999618053436,140389569
2020-12-24T00:00:00.000000Z,0.19246099889278412,0.21999800205230713,0.18821099400520325,0.21816499531269073,170252328
2020-12-25T00:00:00.000000Z,0.21814200282096863,0.22520299255847931,0.21165700256824493,0.21419000625610352,151676730
2020-12-26T00:00:00.000000Z,0.2142069935798645,0.21522800624370575,0.20533199608325958,0.21341399848461151,169392148
2020-12-27T00:00:00.000000Z,0.21343199908733368,0.22042000293731689,0.2032260000705719,0.20864599943161011,158894220
2020-12-28T00:00:00.000000Z,0.20865699648857117,0.21931800246238708,0.20713900029659271,0.210890993475914,148281891
2020-12-29T00:00:00.000000Z,0.21088099479675293,0.21382200717926025,0.19730499386787415,0.20570899546146393,128077645
2020-12-30T00:00:00.000000Z,0.20572100579738617,0.20687100291252136,0.19937600195407867,0.20169700682163239,128609684
2020-12-31T00:00:00.000000Z,0.20171399414539337,0.20218700170516968,0.19556599855422974,0.19966000318527222,136031118
2021-01-01T00:00:00.000000Z,0.1996610015630722,0.21076500415802002,0.19823199510574341,0.20512600243091583,134658072
2021-01-02T00:00:00.000000Z,0.2051209956407547,0.20915399491786957,0.19967399537563324,0.20401600003242493,146201509
2021-01-03T00:00:00.000000Z,0.20405100286006927,0.21949699521064758,0.20049500465393066,0.21646900475025177,186119340
2021-01-04T00:00:00.000000Z,0.21663400530815125,0.23605999350547791,0.20469999313354492,0.21786999702453613,204575656
2021-01-05T00:00:00.000000Z,0.21793399751186371,0.23259100317955017,0.21712200343608856,0.23188699781894684,204421749
2021-01-06T00:00:00.000000Z,0.23189100623130798,0.25570699572563171,0.22807799279689789,0.2504580020904541,255185517
2021-01-07T00:00:00.000000Z,0.25047099590301514,0.28237500786781311,0.24642099440097809,0.25676599144935608,307851290
2021-01-08T00:00:00.000000Z,0.25681701302528381,0.27223199605941772,0.24034799635410309,0.25102299451828003,247515012
2021-01-09T00:00:00.000000Z,0.25099000334739685,0.2875950038433075,0.24383899569511414,0.27538999915122986,293731866
2021-01-10T00:00:00.000000Z,0.275642991065979,0.29468700289726257,0.23998600244522095,0.25795599818229675,295451975
2021-01-11T00:00:00.000000Z,0.25793200731277466,0.25793200731277466,0.20228800177574158,0.22922299802303314,274153540
2021-01-12T00:00:00.000000Z,0.22917400300502777,0.24827200174331665,0.22388699650764465,0.23087200522422791,213619699
2021-01-13T00:00:00.000000Z,0.23093299567699432,0.24936099350452423,0.22452700138092041,0.24936099350452423,195440391
2021-01-14T00:00:00.000000Z,0.24931499361991882,0.25192898511886597,0.23866799473762512,0.2456589937210083,211152127
2021-01-15T00:00:00.000000Z,0.24572299420833588,0.2580299973487854,0.22921000421047211,0.24813300371170044,234069168
2021-01-16T00:00:00.000000Z,0.24808000028133392,0.28493198752403259,0.24808000028133392,0.26764601469039917,422506621
2021-01-17T00:00:00.000000Z,0.26749399304389954,0.27875000238418579,0.24989999830722809,0.27284198999404907,269173919
2021-01-18T00:00:00.000000Z,0.27285999059677124,0.29365101456642151,0.26721999049186707,0.28283199667930603,262409938
2021-01-19T00:00:00.000000Z,0.28278800845146179,0.29089701175689697,0.26816999912261963,0.27020001411437988,218719521
2021-01-20T00:00:00.000000Z,0.27007800340652466,0.28610798716545105,0.25391501188278198,0.27900001406669617,291158275
2021-01-21T00:00:00.000000Z,0.27905499935150146,0.27974501252174377,0.24292099475860596,0.24474099278450012,240104353
2021-01-22T00:00:00.000000Z,0.24467100203037262,0.34481900930404663,0.22950400412082672,0.3144800066947937,768914636
2021-01-23T00:00:00.000000Z,0.31447601318359375,0.3597790002822876,0.31162199378013611,0.32930999994277954,601049073
2021-01-24T00:00:00.000000Z,0.3293449878692627,0.33308100700378418,0.30720001459121704,0.31909000873565674,335528716
2021-01-25T00:00:00.000000Z,0.3190619945526123,0.33796000480651855,0.29761898517608643,0.30153799057006836,312987328
2021-01-26T00:00:00.000000Z,0.30144700407981873,0.30892899632453918,0.28169101476669312,0.29888498783111572,289456040
2021-01-27T00:00:00.000000Z,0.29894399642944336,0.31538000702857971,0.27270299196243286,0.30517300963401794,293300081
2021-01-28T00:00:00.000000Z,0.30506399273872375,0.31979599595069885,0.29915601015090942,0.30781599879264832,321086351
2021-01-29T00:00:00.000000Z,0.30302798748016357,0.31401199102401733,0.29098498821258545,0.30912899971008301,332607087
2021-01-30T00:00:00.000000Z,0.30907198786735535,0.32143700122833252,0.29669499397277832,0.31524699926376343,275608472
2021-01-31T00:00:00.000000Z,0.31535500288009644,0.32312700152397156,0.29655501246452332,0.30224999785423279,246573295
2021-02-01T00:00:00.000000Z,0.30229198932647705,0.31786099076271057,0.2919049859046936,0.31508898735046387,280209443
2021-02-02T00:00:00.000000Z,0.31517601013183594,0.32247400283813477,0.3068540096282959,0.31707999110221863,286800615
2021-02-03T00:00:00.000000Z,0.31708800792694092,0.32666200399398804,0.31267699599266052,0.32185399532318115,287487657
2021-02-04T00:00:00.000000Z,0.32189199328422546,0.32514500617980957,0.30417600274085999,0.31271600723266602,294920939
2021-02-05T00:00:00.000000Z,0.31273901462554932,0.37367799878120422,0.31273499131202698,0.37064999341964722,422718458
2021-02-06T00:00:00.000000Z,0.37053799629211426,0.37214800715446472,0.34110400080680847,0.3525719940662384,317811407
2021-02-07T00:00:00.000000Z,0.35266101360321045,0.42434999346733093,0.34698501229286194,0.40839299559593201,587227451
2021-02-08T00:00:00.000000Z,0.40803799033164978,0.42782500386238098,0.38889899849891663,0.41846099495887756,446631109
2021-02-09T00:00:00.000000Z,0.41834801435470581,0.44857001304626465,0.40408200025558472,0.43373998999595642,429328457
2021-02-10T00:00:00.000000Z,0.43380901217460632,0.46083098649978638,0.39635199308395386,0.4419189989566803,472818545
2021-02-11T00:00:00.000000Z,0.44177499413490295,0.6598619818687439,0.43408098816871643,0.59318602085113525,1094643326
2021-02-12T00:00:00.000000Z,0.59252297878265381,0.69840800762176514,0.55181199312210083,0.62811201810836792,981709806
2021-02-13T00:00:00.000000Z,0.62816697359085083,0.69101601839065552,0.58165198564529419,0.61793798208236694,706325172
2021-02-14T00:00:00.000000Z,0.61786097288131714,0.62566298246383667,0.54625999927520752,0.56174898147583008,503733378
2021-02-15T00:00:00.000000Z,0.56147301197052002,0.59408700466156006,0.46316000819206238,0.53897899389266968,547546835
2021-02-16T00:00:00.000000Z,0.53865998983383179,0.58876699209213257,0.52614700794219971,0.55518102645874023,519051589
2021-02-17T00:00:00.000000Z,0.55520397424697876,0.59457701444625854,0.50971698760986328,0.57536202669143677,516301638
2021-02-18T00:00:00.000000Z,0.57536202669143677,0.64739698171615601,0.57536202669143677,0.63375699520111084,375895619
2021-02-19T00:00:00.000000Z,0.63402801752090454,0.65575802326202393,0.60007202625274658,0.61258900165557861,382545992
2021-02-20T00:00:00.000000Z,0.61265099048614502,0.63281399011611938,0.55149000883102417,0.57995599508285522,381562352
2021-02-21T00:00:00.000000Z,0.57950699329376221,0.60852599143981934,0.56439000368118286,0.6057400107383728,347545727
2021-02-22T00:00:00.000000Z,0.60579901933670044,0.64023798704147339,0.46191099286079407,0.53968000411987305,534993025
2021-02-23T00:00:00.000000Z,0.53998500108718872,0.54431599378585815,0.39906901121139526,0.4721820056438446,517380342
2021-02-24T00:00:00.000000Z,0.47303000092506409,0.54782199859619141,0.44614499807357788,0.51491999626159668,469264528
2021-02-25T00:00:00.000000Z,0.51486200094223022,0.53832000494003296,0.47784999012947083,0.48151299357414246,329645300
2021-02-26T00:00:00.000000Z,0.48193898797035217,0.55126297473907471,0.44397500157356262,0.52619802951812744,570946286
2021-02-27T00:00:00.000000Z,0.52647501230239868,0.56304502487182617,0.50481301546096802,0.51563197374343872,386035499
2021-02-28T00:00:00.000000Z,0.51552301645278931,0.53388702869415283,0.46247801184654236,0.51933497190475464,329846465
2021-03-01T00:00:00.000000Z,0.52040797472000122,0.59130597114562988,0.52040797472000122,0.58218002319335938,368024368
2021-03-02T00:00:00.000000Z,0.58207398653030396,0.62786298990249634,0.55586498975753784,0.60206502676010132,356482436
2021-03-03T00:00:00.000000Z,0.60213398933410645,0.83472597599029541,0.59586602449417114,0.76720201969146729,1279494182
2021-03-04T00:00:00.000000Z,0.76596099138259888,0.7925029993057251,0.66763800382614136,0.69374001026153564,663971471
2021-03-05T00:00:00.000000Z,0.69354397058486938,0.71668601036071777,0.63604801893234253,0.68180400133132935,435254355
2021-03-06T00:00:00.000000Z,0.68131399154663086,0.69541698694229126,0.63774800300598145,0.66574501991271973,244509654
2021-03-07T00:00:00.000000Z,0.66578102111816406,0.72384798526763916,0.66233599185943604,0.69428497552871704,329505088
2021-03-08T00:00:00.000000Z,0.69410800933837891,0.73890399932861328,0.66604501008987427,0.73890399932861328,349949060
2021-03-09T00:00:00.000000Z,0.73923498392105103,0.76001900434494019,0.70580500364303589,0.74560701847076416,344423739
2021-03-10T00:00:00.000000Z,0.74559199810028076,0.88045698404312134,0.69912701845169067,0.81883299350738525,866409027
2021-03-11T00:00:00.000000Z,0.81907802820205688,0.85498702526092529,0.78185802698135376,0.80242902040481567,510799846
2021-03-12T00:00:00.000000Z,0.80256497859954834,0.80916100740432739,0.73497998714447021,0.75585097074508667,380990202
2021-03-13T00:00:00.000000Z,0.75571000576019287,0.83429402112960815,0.7243189811706543,0.81524497270584106,455915661
2021-03-14T00:00:00.000000Z,0.81502997875213623,0.84891200065612793,0.77034097909927368,0.77034097909927368,372386693
2021-03-15T00:00:00.000000Z,0.77001601457595825,0.80264300107955933,0.72174602746963501,0.76101899147033691,350261933
2021-03-16T00:00:00.000000Z,0.76094001531600952,1.1553219556808472,0.73079001903533936,1.029075026512146,1580015853
2021-03-17T00:00:00.000000Z,1.0294959545135498,1.349261999130249,0.94924497604370117,1.2309629917144775,2904423241
2021-03-18T00:00:00.000000Z,1.2328959703445435,1.3727660179138184,1.1941540241241455,1.2173960208892822,1429854175
2021-03-19T00:00:00.000000Z,1.2160240411758423,1.2326259613037109,1.1706819534301758,1.1894400119781494,657849066
2021-03-20T00:00:00.000000Z,1.1884560585021973,1.2292220592498779,1.0887470245361328,1.0887470245361328,556941730
2021-03-21T00:00:00.000000Z,1.0910199880599976,1.1337579488754272,1.066370964050293,1.1159520149230957,484665189
2021-03-22T00:00:00.000000Z,1.1161819696426392,1.2061649560928345,1.0873559713363647,1.0936349630355835,724655311
2021-03-23T00:00:00.000000Z,1.0935169458389282,1.114575982093811,1.0334490537643433,1.0608669519424438,470652649
2021-03-24T00:00:00.000000Z,1.0599440336227417,1.1201610565185547,0.96408402919769287,0.99312800168991089,481722062
2021-03-25T00:00:00.000000Z,0.99227601289749146,1.0125999450683594,0.94433301687240601,0.97478598356246948,407279008
2021-03-26T00:00:00.000000Z,0.97504401206970215,1.0890589952468872,0.97504401206970215,1.0746860504150391,402257751
2021-03-27T00:00:00.000000Z,1.0748330354690552,1.0882350206375122,1.0176639556884766,1.081725001335144,334642525
2021-03-28T00:00:00.000000Z,1.0813699960708618,1.1495070457458496,1.0696220397949219,1.1178450584411621,447685371
2021-03-29T00:00:00.000000Z,1.1188160181045532,1.1425620317459106,1.080157995223999,1.1393300294876099,342890905
2021-03-30T00:00:00.000000Z,1.1394840478897095,1.2121670246124268,1.1262329816818237,1.1750739812850952,431411939
2021-03-31T00:00:00.000000Z,1.1744500398635864,1.1886450052261353,1.094046950340271,1.1422979831695557,347998689
2021-04-01T00:00:00.000000Z,1.1433589458465576,1.1866860389709473,1.1284019947052002,1.163506031036377,381253021
2021-04-02T00:00:00.000000Z,1.1630589962005615,1.2814899682998657,1.14444899559021,1.208935022354126,509525662
2021-04-03T00:00:00.000000Z,1.2089079618453979,1.2723239660263062,1.1276669502258301,1.1306270360946655,440931089
2021-04-04T00:00:00.000000Z,1.1305880546569824,1.1916509866714478,1.1192100048065186,1.1869879961013794,288057160
2021-04-05T00:00:00.000000Z,1.1867259740829468,1.2864389419555664,1.1491249799728394,1.2856930494308472,463749997
2021-04-06T00:00:00.000000Z,1.2802850008010864,1.341884970664978,1.1886140108108521,1.3369309902191162,665833913
2021-04-07T00:00:00.000000Z,1.3319640159606934,1.3790969848632812,1.1549279689788818,1.18790602684021,629366234
2021-04-08T00:00:00.000000Z,1.1873409748077393,1.2986669540405273,1.1784080266952515,1.2936979532241821,395767074
2021-04-09T00:00:00.000000Z,1.2933030128479004,1.6484370231628418,1.266327977180481,1.5335990190505981,1177934596
2021-04-10T00:00:00.000000Z,1.5411479473114014,1.6202050447463989,1.3935940265655518,1.4725730419158936,883581739
2021-04-11T00:00:00.000000Z,1.4667439460754395,1.5699210166931152,1.4143919944763184,1.4446829557418823,615827806
2021-04-12T00:00:00.000000Z,1.4417389631271362,1.4745440483093262,1.3970539569854736,1.4220550060272217,461853809
2021-04-13T00:00:00.000000Z,1.4213780164718628,1.5193819999694824,1.3976789712905884,1.4996809959411621,538955934
2021-04-14T00:00:00.000000Z,1.4995369911193848,1.565142035484314,1.4030569791793823,1.466433048248291,592835976
2021-04-15T00:00:00.000000Z,1.4657410383224487,1.5950449705123901,1.4434299468994141,1.5226140022277832,628565595
2021-04-16T00:00:00.000000Z,1.5204459428787231,1.5655930042266846,1.4106669425964355,1.5278530120849609,605662287
2021-04-17T00:00:00.000000Z,1.5238529443740845,1.6008269786834717,1.4800059795379639,1.488800048828125,557427382
2021-04-18T00:00:00.000000Z,1.4914059638977051,1.5010010004043579,1.1442190408706665,1.3465770483016968,868276095
2021-04-19T00:00:00.000000Z,1.3506790399551392,1.4655989408493042,1.2065180540084839,1.3247259855270386,936031018
2021-04-20T00:00:00.000000Z,1.3258960247039795,1.3321859836578369,1.1734919548034668,1.2734520435333252,865134848
2021-04-21T00:00:00.000000Z,1.2739269733428955,1.3188430070877075,1.217851996421814,1.2299419641494751,712585127
2021-04-22T00:00:00.000000Z,1.2272789478302002,1.2583039999008179,1.0928479433059692,1.1024609804153442,710176568
2021-04-23T00:00:00.000000Z,1.1008449792861938,1.1906429529190063,0.87680697441101074,1.1849370002746582,785645045
2021-04-24T00:00:00.000000Z,1.1859409809112549,1.1859409809112549,1.0301740169525146,1.0320489406585693,491551822
2021-04-25T00:00:00.000000Z,1.0324399471282959,1.170011043548584,0.971871018409729,1.0218119621276855,506242541
2021-04-26T00:00:00.000000Z,1.0249240398406982,1.1958719491958618,1.0175379514694214,1.1958719491958618,525764481
2021-04-27T00:00:00.000000Z,1.1947109699249268,1.273218035697937,1.1753180027008057,1.2559870481491089,533460575
2021-04-28T00:00:00.000000Z,1.2568149566650391,1.2950550317764282,1.1679550409317017,1.1994390487670898,462937826
2021-04-29T00:00:00.000000Z,1.1999249458312988,1.2335389852523804,1.1583060026168823,1.1888320446014404,378870829
2021-04-30T00:00:00.000000Z,1.1885650157928467,1.2761839628219604,1.1696779727935791,1.2631700038909912,379129820
2021-05-01T00:00:00.000000Z,1.2628430128097534,1.2979559898376465,1.2344800233840942,1.2706279754638672,462928862
2021-05-02T00:00:00.000000Z,1.2703880071640015,1.2957780361175537,1.2285890579223633,1.2565460205078125,377287097
2021-05-03T00:00:00.000000Z,1.2557450532913208,1.3210979700088501,1.2539310455322266,1.2922760248184204,407067748
2021-05-04T00:00:00.000000Z,1.2928550243377686,1.2928550243377686,1.1500090360641479,1.1718529462814331,534774943
2021-05-05T00:00:00.000000Z,1.1698570251464844,1.3720240592956543,1.1628010272979736,1.3662259578704834,515136998
2021-05-06T00:00:00.000000Z,1.3628940582275391,1.4438990354537964,1.3293190002441406,1.400549054145813,610445175
2021-05-07T00:00:00.000000Z,1.4038740396499634,1.5893850326538086,1.3539700508117676,1.4079639911651611,686911611
2021-05-08T00:00:00.000000Z,1.4063860177993774,1.5126899480819702,1.3820370435714722,1.4187979698181152,449065509
2021-05-09T00:00:00.000000Z,1.4184360504150391,1.4628219604492188,1.340453028678894,1.4142830371856689,516511095
2021-05-10T00:00:00.000000Z,1.4116170406341553,1.4934250116348267,1.2651619911193848,1.3153419494628906,550366837
2021-05-11T00:00:00.000000Z,1.3121520280838013,1.3938009738922119,1.2624340057373047,1.3938009738922119,477473046
2021-05-12T00:00:00.000000Z,1.395766019821167,1.4160319566726685,1.1783009767532349,1.1783009767532349,521257242
2021-05-13T00:00:00.000000Z,1.1857370138168335,1.251958966255188,1.1204899549484253,1.1921869516372681,566015006
2021-05-14T00:00:00.000000Z,1.1916190385818481,1.2486560344696045,1.1850830316543579,1.2189500331878662,443952069
2021-05-15T00:00:00.000000Z,1.2191189527511597,1.2262389659881592,1.135017991065979,1.1384609937667847,584558659
2021-05-16T00:00:00.000000Z,1.1384069919586182,1.23636794090271,1.0868220329284668,1.140828013420105,326374144
2021-05-17T00:00:00.000000Z,1.1408779621124268,1.1428450345993042,1.0253410339355469,1.0628989934921265,407141277
2021-05-18T00:00:00.000000Z,1.0633620023727417,1.1418730020523071,1.0563540458679199,1.1067529916763306,355358885
2021-05-19T00:00:00.000000Z,1.1082659959793091,1.1175040006637573,0.5694270133972168,0.76158702373504639,579473040
2021-05-20T00:00:00.000000Z,0.75499600172042847,0.91537702083587646,0.679951012134552,0.87755197286605835,372185755
2021-05-21T00:00:00.000000Z,0.877236008644104,0.91885298490524292,0.66435402631759644,0.76035398244857788,361403858
2021-05-22T00:00:00.000000Z,0.76003998517990112,0.76589202880859375,0.66305702924728394,0.68262499570846558,291103834
2021-05-23T00:00:00.000000Z,0.68328100442886353,0.70818698406219482,0.45534801483154297,0.56262999773025513,329872367
2021-05-24T00:00:00.000000Z,0.55993098020553589,0.74325799942016602,0.55265802145004272,0.72486001253128052,285868019
2021-05-25T00:00:00.000000Z,0.72632700204849243,0.77011901140213013,0.66586798429489136,0.73762798309326172,266387451
2021-05-26T00:00:00.000000Z,0.73784101009368896,0.88735401630401611,0.73588800430297852,0.88735401630401611,297763922
2021-05-27T00:00:00.000000Z,0.88863098621368408,0.92879801988601685,0.79768097400665283,0.84255897998809814,339188622
2021-05-28T00:00:00.000000Z,0.844340980052948,0.85443198680877686,0.71002101898193359,0.74782299995422363,326315733
2021-05-29T00:00:00.000000Z,0.74862700700759888,0.78676199913024902,0.65059298276901245,0.68358802795410156,258117244
2021-05-30T00:00:00.000000Z,0.68338000774383545,0.73839998245239258,0.6462939977645874,0.70488601922988892,208866040
2021-05-31T00:00:00.000000Z,0.70464098453521729,0.76665401458740234,0.6745610237121582,0.76665401458740234,212025920
2021-06-01T00:00:00.000000Z,0.76662898063659668,0.77385902404785156,0.72642302513122559,0.74746501445770264,222070816
2021-06-02T00:00:00.000000Z,0.74721497297286987,0.83619099855422974,0.73582702875137329,0.79784297943115234,261311929
2021-06-03T00:00:00.000000Z,0.79827302694320679,0.84921902418136597,0.79096198081970215,0.82982999086380005,232103439
2021-06-04T00:00:00.000000Z,0.83022701740264893,0.83039098978042603,0.73055797815322876,0.76174598932266235,270359039
2021-06-05T00:00:00.000000Z,0.76263397932052612,0.8180840015411377,0.72545397281646729,0.75095802545547485,244298466
2021-06-06T00:00:00.000000Z,0.75168299674987793,0.76959997415542603,0.74464899301528931,0.76223301887512207,185499002
2021-06-07T00:00:00.000000Z,0.76231902837753296,0.79062598943710327,0.69824999570846558,0.70033800601959229,229751321
2021-06-08T00:00:00.000000Z,0.70105701684951782,0.71244102716445923,0.61623597145080566,0.67240697145462036,243396903
2021-06-09T00:00:00.000000Z,0.67093801498413086,0.70134997367858887,0.63998997211456299,0.70134997367858887,207647582
2021-06-10T00:00:00.000000Z,0.70238000154495239,0.70707601308822632,0.64984297752380371,0.66492301225662231,184662346
2021-06-11T00:00:00.000000Z,0.6651189923286438,0.71621197462081909,0.64245700836181641,0.64764398336410522,235080907
2021-06-12T00:00:00.000000Z,0.64819502830505371,0.64826798439025879,0.5987129807472229,0.61831402778625488,204259822
2021-06-13T00:00:00.000000Z,0.61906701326370239,0.65619397163391113,0.60242998600006104,0.64628297090530396,116819006
2021-06-14T00:00:00.000000Z,0.64629799127578735,0.67544198036193848,0.63717800378799438,0.65545499324798584,113372942
2021-06-15T00:00:00.000000Z,0.7068290114402771,0.72291898727416992,0.66697698831558228,0.71344399452209473,168083995
2021-06-16T00:00:00.000000Z,0.69084697961807251,0.69084697961807251,0.65382301807403564,0.65792101621627808,193760864
2021-06-17T00:00:00.000000Z,0.65774399042129517,0.688385009765625,0.64775902032852173,0.65864002704620361,180989529
2021-06-18T00:00:00.000000Z,0.65917497873306274,0.65917497873306274,0.59845602512359619,0.61202901601791382,202069614
2021-06-19T00:00:00.000000Z,0.61262798309326172,0.62732797861099243,0.59658199548721313,0.60187500715255737,154684941
2021-06-20T00:00:00.000000Z,0.60092800855636597,0.60610502958297729,0.56849801540374756,0.59905499219894409,187929673
2021-06-21T00:00:00.000000Z,0.59846401214599609,0.60103297233581543,0.5023149847984314,0.51177197694778442,190896208
2021-06-22T00:00:00.000000Z,0.51198697090148926,0.53090900182723999,0.43439200520515442,0.48339700698852539,223727586
2021-06-23T00:00:00.000000Z,0.48331999778747559,0.56604599952697754,0.47084501385688782,0.56399399042129517,165022239
2021-06-24T00:00:00.000000Z,0.55053400993347168,0.57845699787139893,0.52908200025558472,0.57127600908279419,146904059
2021-06-25T00:00:00.000000Z,0.57180601358413696,0.59023898839950562,0.5145459771156311,0.52241998910903931,178364512
2021-06-26T00:00:00.000000Z,0.5212399959564209,0.53017401695251465,0.49046400189399719,0.50948798656463623,164285461
2021-06-27T00:00:00.000000Z,0.50993597507476807,0.54119598865509033,0.50322598218917847,0.54031199216842651,138423670
2021-06-28T00:00:00.000000Z,0.54086697101593018,0.56774997711181641,0.53261202573776245,0.55658900737762451,150231735
2021-06-29T00:00:00.000000Z,0.55703401565551758,0.61761897802352905,0.55681902170181274,0.58495700359344482,170041181
2021-06-30T00:00:00.000000Z,0.58642500638961792,0.61360001564025879,0.56529802083969116,0.61360001564025879,173739692
2021-07-01T00:00:00.000000Z,0.61394500732421875,0.61711901426315308,0.56447398662567139,0.58217799663543701,153912187
2021-07-02T00:00:00.000000Z,0.58136600255966187,0.58844798803329468,0.55115997791290283,0.58029401302337646,149972897
2021-07-03T00:00:00.000000Z,0.5804479718208313,0.59698498249053955,0.56894898414611816,0.58863997459411621,136702661
2021-07-04T00:00:00.000000Z,0.58824902772903442,0.61892098188400269,0.57123899459838867,0.60446101427078247,145371251
2021-07-05T00:00:00.000000Z,0.60576200485229492,0.60576200485229492,0.56202000379562378,0.56924301385879517,179114676
2021-07-06T00:00:00.000000Z,0.56903398036956787,0.59884697198867798,0.56813597679138184,0.59310901165008545,151034894
2021-07-07T00:00:00.000000Z,0.59286797046661377,0.64703798294067383,0.58758002519607544,0.6146780252456665,204114676
2021-07-08T00:00:00.000000Z,0.61557501554489136,0.61806297302246094,0.56395202875137329,0.57021498680114746,210362801
2021-07-09T00:00:00.000000Z,0.56913399696350098,0.57234501838684082,0.54082602262496948,0.56918799877166748,168179398
2021-07-10T00:00:00.000000Z,0.56959700584411621,0.57851600646972656,0.55023801326751709,0.55735099315643311,152148449
2021-07-11T00:00:00.000000Z,0.55733001232147217,0.56589901447296143,0.54914200305938721,0.56224101781845093,126999772
2021-07-12T00:00:00.000000Z,0.56235200166702271,0.57072901725769043,0.54384797811508179,0.55014199018478394,144747259
2021-07-13T00:00:00.000000Z,0.54956501722335815,0.55205702781677246,0.5313040018081665,0.53645902872085571,150351321
2021-07-14T00:00:00.000000Z,0.53679400682449341,0.53840100765228271,0.50592702627182007,0.53067201375961304,178732724
2021-07-15T00:00:00.000000Z,0.53070497512817383,0.53675299882888794,0.50377500057220459,0.50658798217773438,169509026
2021-07-16T00:00:00.000000Z,0.50767701864242554,0.5757259726524353,0.49839800596237183,0.54977297782897949,283183646
2021-07-17T00:00:00.000000Z,0.5494920015335083,0.6006159782409668,0.5319330096244812,0.53435701131820679,322081365
2021-07-18T00:00:00.000000Z,0.53463101387023926,0.55345398187637329,0.51819700002670288,0.52282100915908813,207564894
2021-07-19T00:00:00.000000Z,0.52238798141479492,0.52278101444244385,0.4893530011177063,0.49419099092483521,116908392
2021-07-20T00:00:00.000000Z,0.49620398879051208,0.50167500972747803,0.4582970142364502,0.46713000535964966,141477781
2021-07-21T00:00:00.000000Z,0.46676298975944519,0.50559300184249878,0.45862400531768799,0.50077199935913086,138528386
2021-07-22T00:00:00.000000Z,0.50218099355697632,0.5217900276184082,0.49670898914337158,0.51251602172851562,140522111
2021-07-23T00:00:00.000000Z,0.51278698444366455,0.52969098091125488,0.50445002317428589,0.52500897645950317,140477928
2021-07-24T00:00:00.000000Z,0.52491497993469238,0.55335497856140137,0.52147799730300903,0.53776401281356812,141023369
2021-07-25T00:00:00.000000Z,0.53765898942947388,0.54647201299667358,0.52626699209213257,0.54133498668670654,125459828
2021-07-26T00:00:00.000000Z,0.54150098562240601,0.59799098968505859,0.54095900058746338,0.54975497722625732,193085133
2021-07-27T00:00:00.000000Z,0.54983997344970703,0.57685798406600952,0.53957998752593994,0.57092499732971191,180405114
2021-07-28T00:00:00.000000Z,0.57242399454116821,0.58405399322509766,0.55372601747512817,0.56956398487091064,170451980
2021-07-29T00:00:00.000000Z,0.57099199295043945,0.60092002153396606,0.55916100740432739,0.59431099891662598,151286682
2021-07-30T00:00:00.000000Z,0.59482598304748535,0.61826598644256592,0.57736897468566895,0.61355900764465332,183591998
2021-07-31T00:00:00.000000Z,0.61474299430847168,0.65784400701522827,0.60900598764419556,0.65160799026489258,195109802
2021-08-01T00:00:00.000000Z,0.65115201473236084,0.7170640230178833,0.65115201473236084,0.66000902652740479,345857828
2021-08-02T00:00:00.000000Z,0.66053599119186401,0.66982400417327881,0.6424260139465332,0.65570598840713501,192180029
2021-08-03T00:00:00.000000Z,0.65584897994995117,0.66000199317932129,0.62644302845001221,0.63975298404693604,123500514
2021-08-04T00:00:00.000000Z,0.64073097705841064,0.67837399244308472,0.63196998834609985,0.66912198066711426,177596881
2021-08-05T00:00:00.000000Z,0.66889798641204834,0.68954497575759888,0.64924800395965576,0.67718899250030518,233460712
2021-08-06T00:00:00.000000Z,0.67760998010635376,0.70471400022506714,0.66273701190948486,0.69475901126861572,213060629
2021-08-07T00:00:00.000000Z,0.69498401880264282,0.73523098230361938,0.68860697746276855,0.71883898973464966,270874601
2021-08-08T00:00:00.000000Z,0.71896398067474365,0.7277340292930603,0.66642999649047852,0.6748499870300293,169526671
2021-08-09T00:00:00.000000Z,0.6749500036239624,0.7090190052986145,0.6504560112953186,0.70223599672317505,110194920
2021-08-10T00:00:00.000000Z,0.70174700021743774,0.72317802906036377,0.68955802917480469,0.720924973487854,123535576
2021-08-11T00:00:00.000000Z,0.7211269736289978,0.77740597724914551,0.71713399887084961,0.74537700414657593,242918776
2021-08-12T00:00:00.000000Z,0.74508899450302124,0.77282202243804932,0.69444102048873901,0.71373701095581055,289173419
2021-08-13T00:00:00.000000Z,0.71496200561523438,0.78980201482772827,0.71043401956558228,0.78910201787948608,111358372
2021-08-14T00:00:00.000000Z,0.78856897354125977,0.79040700197219849,0.74573099613189697,0.7793620228767395,132303777
2021-08-15T00:00:00.000000Z,0.77921199798583984,0.81759101152420044,0.75301802158355713,0.81204402446746826,246579331
2021-08-16T00:00:00.000000Z,0.81188297271728516,0.82539302110671997,0.77764797210693359,0.78906798362731934,306598949
2021-08-17T00:00:00.000000Z,0.78473502397537231,0.81193399429321289,0.73891299962997437,0.74106901884078979,297429845
2021-08-18T00:00:00.000000Z,0.74020498991012573,0.74754202365875244,0.70401597023010254,0.7191929817199707,280829343
2021-08-19T00:00:00.000000Z,0.71767699718475342,0.75628000497817993,0.70136702060699463,0.75628000497817993,240400833
2021-08-20T00:00:00.000000Z,0.75619697570800781,0.78531301021575928,0.74591898918151855,0.78187400102615356,229406315
2021-08-21T00:00:00.000000Z,0.78232699632644653,0.80220198631286621,0.76713597774505615,0.77993899583816528,268275498
2021-08-22T00:00:00.000000Z,0.78038197755813599,0.88758701086044312,0.77829098701477051,0.86645102500915527,464015652
2021-08-23T00:00:00.000000Z,0.86968302726745605,0.90202897787094116,0.84675800800323486,0.89490002393722534,463706084
2021-08-24T00:00:00.000000Z,0.89530599117279053,0.89908897876739502,0.80789697170257568,0.82135599851608276,379958761
2021-08-25T00:00:00.000000Z,0.82130700349807739,0.86250102519989014,0.7960360050201416,0.86135798692703247,344486486
2021-08-26T00:00:00.000000Z,0.86197900772094727,0.86633801460266113,0.78817898035049438,0.79521000385284424,335704329
2021-08-27T00:00:00.000000Z,0.79544997215270996,0.84477400779724121,0.76637500524520874,0.84461098909378052,279724929
2021-08-28T00:00:00.000000Z,0.84514200687408447,0.84641700983047485,0.80955898761749268,0.81760001182556152,280534638
2021-08-29T00:00:00.000000Z,0.81847900152206421,0.83363401889801025,0.8007580041885376,0.81374698877334595,248105596
2021-08-30T00:00:00.000000Z,0.81498801708221436,0.84436202049255371,0.78609001636505127,0.79367798566818237,305252224
2021-08-31T00:00:00.000000Z,0.79477202892303467,0.83984500169754028,0.78347599506378174,0.81610101461410522,306532184
2021-09-01T00:00:00.000000Z,0.81567502021789551,0.86422598361968994,0.80028402805328369,0.86349201202392578,276909470
2021-09-02T00:00:00.000000Z,0.86362600326538086,0.86955100297927856,0.84234201908111572,0.85044997930526733,304535192
2021-09-03T00:00:00.000000Z,0.84976202249526978,0.8844190239906311,0.83392101526260376,0.87941300868988037,309385351
2021-09-04T00:00:00.000000Z,0.87860399484634399,0.94980400800704956,0.87753802537918091,0.92194598913192749,390701801
2021-09-05T00:00:00.000000Z,0.92111897468566895,1.0015549659729004,0.90927600860595703,0.98221397399902344,421833579
2021-09-06T00:00:00.000000Z,0.98269397020339966,0.9887089729309082,0.92544400691986084,0.95504498481750488,384419606
2021-09-07T00:00:00.000000Z,0.95553499460220337,0.95660197734832764,0.72247499227523804,0.780597984790802,505402588
2021-09-08T00:00:00.000000Z,0.77995997667312622,0.79725301265716553,0.70895099639892578,0.76857399940490723,353878632
2021-09-09T00:00:00.000000Z,0.76360201835632324,0.83903598785400391,0.72514498233795166,0.8102869987487793,312452508
2021-09-10T00:00:00.000000Z,0.81089097261428833,0.83921802043914795,0.74811398983001709,0.76604598760604858,315944623
2021-09-11T00:00:00.000000Z,0.76673299074172974,0.79408401250839233,0.76258397102355957,0.77832597494125366,263009561
2021-09-12T00:00:00.000000Z,0.77869898080825806,0.80868202447891235,0.76798999309539795,0.8044859766960144,261822359
2021-09-13T00:00:00.000000Z,0.80480998754501343,0.80859202146530151,0.71961802244186401,0.75293600559234619,189604054
2021-09-14T00:00:00.000000Z,0.75404900312423706,0.78183400630950928,0.74842000007629395,0.77974402904510498,205424614
2021-09-15T00:00:00.000000Z,0.77999198436737061,0.79659897089004517,0.77405697107315063,0.79221898317337036,190326745
2021-09-16T00:00:00.000000Z,0.79198998212814331,0.80503302812576294,0.76139700412750244,0.77602601051330566,241788675
2021-09-17T00:00:00.000000Z,0.77630102634429932,0.78031599521636963,0.74214702844619751,0.74955898523330688,253954753
2021-09-18T00:00:00.000000Z,0.75059801340103149,0.77236002683639526,0.74283099174499512,0.75348800420761108,212285616
2021-09-19T00:00:00.000000Z,0.75333100557327271,0.75378501415252686,0.73015999794006348,0.73879897594451904,215016400
2021-09-20T00:00:00.000000Z,0.73895502090454102,0.739795982837677,0.64717799425125122,0.65086698532104492,269788012
2021-09-21T00:00:00.000000Z,0.65303301811218262,0.67450797557830811,0.60808199644088745,0.61243098974227905,238695297
2021-09-22T00:00:00.000000Z,0.61254698038101196,0.6861870288848877,0.60369199514389038,0.68527400493621826,187887907
2021-09-23T00:00:00.000000Z,0.68472999334335327,0.71430397033691406,0.67627501487731934,0.70213198661804199,188042940
2021-09-24T00:00:00.000000Z,0.70205998420715332,0.70380300283432007,0.62657201290130615,0.65388298034667969,223227497
2021-09-25T00:00:00.000000Z,0.65422898530960083,0.65879100561141968,0.63317900896072388,0.64375501871109009,191238513
2021-09-26T00:00:00.000000Z,0.64419001340866089,0.65443700551986694,0.60542398691177368,0.63834601640701294,187665413
2021-09-27T00:00:00.000000Z,0.63972198963165283,0.65269899368286133,0.61206197738647461,0.61271297931671143,193500679
2021-09-28T00:00:00.000000Z,0.61216998100280762,0.61873102188110352,0.58257299661636353,0.58370000123977661,195709792
2021-09-29T00:00:00.000000Z,0.58371901512145996,0.60755801200866699,0.5816270112991333,0.59447097778320312,167312831
2021-09-30T00:00:00.000000Z,0.59424197673797607,0.63847798109054565,0.59212601184844971,0.63206601142883301,187882989
2021-10-01T00:00:00.000000Z,0.63222897052764893,0.6814110279083252,0.62228399515151978,0.67982602119445801,176986085
2021-10-02T00:00:00.000000Z,0.67977899312973022,0.72677600383758545,0.67049497365951538,0.70920401811599731,184426381
2021-10-03T00:00:00.000000Z,0.70902997255325317,0.73712098598480225,0.69720202684402466,0.72894501686096191,195962943
2021-10-04T00:00:00.000000Z,0.72891098260879517,0.72921997308731079,0.69198399782180786,0.7051050066947937,237222107
2021-10-05T00:00:00.000000Z,0.70565897226333618,0.74165701866149902,0.70269298553466797,0.74080300331115723,194169871
2021-10-06T00:00:00.000000Z,0.74110597372055054,0.74400001764297485,0.69762802124023438,0.73651301860809326,203832251
2021-10-07T00:00:00.000000Z,0.73630499839782715,0.73724502325057983,0.7160230278968811,0.73048800230026245,196789226
2021-10-08T00:00:00.000000Z,0.73128700256347656,0.7773280143737793,0.73128700256347656,0.74742299318313599,292635545
2021-10-09T00:00:00.000000Z,0.74750000238418579,0.76861399412155151,0.73570197820663452,0.75864601135253906,205231216
2021-10-10T00:00:00.000000Z,0.7604219913482666,0.7604219913482666,0.71934199333190918,0.72281700372695923,244592907
2021-10-11T00:00:00.000000Z,0.72277200222015381,0.73572701215744019,0.69560402631759644,0.70538300275802612,244455115
2021-10-12T00:00:00.000000Z,0.70558297634124756,0.70560997724533081,0.67057502269744873,0.69579499959945679,276277346
2021-10-13T00:00:00.000000Z,0.69589698314666748,0.70574402809143066,0.68677002191543579,0.70558500289916992,259419441
2021-10-14T00:00:00.000000Z,0.70521897077560425,0.72261899709701538,0.69762599468231201,0.70263701677322388,235853886
2021-10-15T00:00:00.000000Z,0.70308202505111694,0.70720899105072021,0.67959600687026978,0.6920199990272522,293246520
2021-10-16T00:00:00.000000Z,0.69257301092147827,0.73993998765945435,0.69157898426055908,0.71624702215194702,270745866
2021-10-17T00:00:00.000000Z,0.71662998199462891,0.71771997213363647,0.67801898717880249,0.69209498167037964,277509748
2021-10-18T00:00:00.000000Z,0.69219201803207397,0.69488698244094849,0.67578601837158203,0.68001198768615723,287633298
2021-10-19T00:00:00.000000Z,0.68039101362228394,0.69693297147750854,0.67535597085952759,0.68062102794647217,246958446
2021-10-20T00:00:00.000000Z,0.68068397045135498,0.71135097742080688,0.67379897832870483,0.70958399772644043,210897871
2021-10-21T00:00:00.000000Z,0.70970898866653442,0.72796297073364258,0.69147098064422607,0.69154298305511475,240370294
2021-10-22T00:00:00.000000Z,0.69226998090744019,0.71502399444580078,0.69128602743148804,0.69755297899246216,179604336
2021-10-23T00:00:00.000000Z,0.69742602109909058,0.71481198072433472,0.69245898723602295,0.71186000108718872,127884757
2021-10-24T00:00:00.000000Z,0.71158099174499512,0.71723997592926025,0.68024200201034546,0.68938201665878296,152490888
2021-10-25T00:00:00.000000Z,0.68918198347091675,0.70299297571182251,0.68554902076721191,0.70172399282455444,121327036
2021-10-26T00:00:00.000000Z,0.7019839882850647,0.73755598068237305,0.70003700256347656,0.71107202768325806,178397437
2021-10-27T00:00:00.000000Z,0.71203398704528809,0.73076498508453369,0.63970702886581421,0.63970702886581421,211160249
2021-10-28T00:00:00.000000Z,0.64017200469970703,0.70073002576828003,0.6349949836730957,0.69367897510528564,153384591
2021-10-29T00:00:00.000000Z,0.6940230131149292,0.90620601177215576,0.69260197877883911,0.85336697101593018,921349536
2021-10-30T00:00:00.000000Z,0.85175502300262451,1.4468419551849365,0.78799498081207275,1.2429929971694946,3324165181
2021-10-31T00:00:00.000000Z,1.243710994720459,1.4367940425872803,0.96274697780609131,0.99081999063491821,1625942090
2021-11-01T00:00:00.000000Z,0.99509799480438232,1.0874730348587036,0.96321797370910645,1.0233789682388306,842393094
2021-11-02T00:00:00.000000Z,1.0211549997329712,1.1189889907836914,1.0100339651107788,1.0318779945373535,540694081
2021-11-03T00:00:00.000000Z,1.03221595287323,1.0381029844284058,0.9476659893989563,0.96874302625656128,377443439
2021-11-04T00:00:00.000000Z,0.96861201524734497,1.0240199565887451,0.93317902088165283,0.9754289984703064,337289348
2021-11-05T00:00:00.000000Z,0.9767799973487854,1.036389946937561,0.95315200090408325,0.97076702117919922,307458926
2021-11-06T00:00:00.000000Z,0.970287024974823,1.0180480480194092,0.95678901672363281,1.0145419836044312,289985390
2021-11-07T00:00:00.000000Z,1.0111809968948364,1.0299370288848877,0.98303699493408203,0.99870198965072632,176330170
2021-11-08T00:00:00.000000Z,0.9999539852142334,1.2846039533615112,0.96661901473999023,1.2695900201797485,1110155762
2021-11-09T00:00:00.000000Z,1.278406023979187,1.3889549970626831,1.1639419794082642,1.1673530340194702,1555806451
2021-11-10T00:00:00.000000Z,1.1693129539489746,1.1844520568847656,1.0214669704437256,1.0833100080490112,678737190
2021-11-11T00:00:00.000000Z,1.0838749408721924,1.1574380397796631,1.0581120252609253,1.1243419647216797,295242397
2021-11-12T00:00:00.000000Z,1.1195449829101562,1.226065993309021,1.1034209728240967,1.1707650423049927,491943245
2021-11-13T00:00:00.000000Z,1.1700689792633057,1.229977011680603,1.1380350589752197,1.1450070142745972,388094652
2021-11-14T00:00:00.000000Z,1.1441600322723389,1.1814719438552856,1.1187779903411865,1.148730993270874,217657911
2021-11-15T00:00:00.000000Z,1.1491789817810059,1.2274949550628662,1.133679986000061,1.1436309814453125,371083024
2021-11-16T00:00:00.000000Z,1.1467000246047974,1.1467000246047974,0.97113597393035889,1.0656689405441284,411148263
2021-11-17T00:00:00.000000Z,1.0651470422744751,1.1348680257797241,1.0492149591445923,1.0662380456924438,285870270
2021-11-18T00:00:00.000000Z,1.0670690536499023,1.0833710432052612,0.95949101448059082,0.97857099771499634,249040462
2021-11-19T00:00:00.000000Z,0.97761702537536621,1.1402410268783569,0.96593701839447021,1.1233969926834106,389999481
2021-11-20T00:00:00.000000Z,1.1273709535598755,1.1584010124206543,1.0635730028152466,1.1091710329055786,322966995
2021-11-21T00:00:00.000000Z,1.1100280284881592,1.1162819862365723,1.0604139566421509,1.0744930505752563,193069116
2021-11-22T00:00:00.000000Z,1.074396014213562,1.0771880149841309,1.0136840343475342,1.0371730327606201,194075762
2021-11-23T00:00:00.000000Z,1.0396980047225952,1.0652660131454468,1.0035959482192993,1.0612970590591431,184133723
2021-11-24T00:00:00.000000Z,1.0662750005722046,1.1378769874572754,1.025056004524231,1.0328730344772339,195818146
2021-11-25T00:00:00.000000Z,1.1285330057144165,1.4477499723434448,1.1187210083007812,1.1875489950180054,414508137
2021-11-26T00:00:00.000000Z,1.4199639558792114,1.8494960069656372,1.3246829509735107,1.3288600444793701,2924068105
2021-11-27T00:00:00.000000Z,1.3364269733428955,1.8205790519714355,1.3364269733428955,1.7662999629974365,2501931505
2021-11-28T00:00:00.000000Z,1.7695310115814209,1.9209400415420532,1.5191400051116943,1.65836501121521,1884022523
2021-11-29T00:00:00.000000Z,1.6644289493560791,1.7142750024795532,1.5391600131988525,1.6194909811019897,981949625
2021-11-30T00:00:00.000000Z,1.618137001991272,1.6195440292358398,1.4451719522476196,1.459678053855896,526769250
2021-12-01T00:00:00.000000Z,1.4559400081634521,1.6410150527954102,1.4487290382385254,1.4899530410766602,810440003
2021-12-02T00:00:00.000000Z,1.4950569868087769,1.5156409740447998,1.3850959539413452,1.4261000156402588,550195035
2021-12-03T00:00:00.000000Z,1.4282879829406738,1.4308719635009766,1.2509820461273193,1.2833260297775269,392951541
2021-12-04T00:00:00.000000Z,1.2869670391082764,1.2869670391082764,0.89578300714492798,1.1257760524749756,654660943
2021-12-05T00:00:00.000000Z,1.1260099411010742,1.2248779535293579,1.0524899959564209,1.1680890321731567,756264331
2021-12-06T00:00:00.000000Z,1.1672430038452148,1.3779289722442627,1.1160889863967896,1.3684970140457153,1019140024
2021-12-07T00:00:00.000000Z,1.3652830123901367,1.4099899530410767,1.3016469478607178,1.3327349424362183,654704177
2021-12-08T00:00:00.000000Z,1.3278540372848511,1.3520129919052124,1.2222189903259277,1.3011059761047363,373550844
2021-12-09T00:00:00.000000Z,1.3012609481811523,1.3142620325088501,1.1405270099639893,1.1405270099639893,301104341
2021-12-10T00:00:00.000000Z,1.1411429643630981,1.1882690191268921,1.0673240423202515,1.0686550140380859,279218636
2021-12-11T00:00:00.000000Z,1.069362998008728,1.1507890224456787,1.0346720218658447,1.1470760107040405,252315691
2021-12-12T00:00:00.000000Z,1.1474950313568115,1.2234619855880737,1.0998129844665527,1.2026710510253906,272166096
2021-12-13T00:00:00.000000Z,1.2025270462036133,1.2030279636383057,1.0195770263671875,1.0280009508132935,266847690
2021-12-14T00:00:00.000000Z,1.0303089618682861,1.0813440084457397,1.0033309459686279,1.0312260389328003,267509267
2021-12-15T00:00:00.000000Z,1.0674480199813843,1.1416020393371582,0.99014401435852051,1.1189500093460083,289525257
2021-12-16T00:00:00.000000Z,1.1191810369491577,1.2393059730529785,1.1165870428085327,1.1307359933853149,358918521
2021-12-17T00:00:00.000000Z,1.1325830221176147,1.1920709609985352,1.0656349658966064,1.1494419574737549,316582700
2021-12-18T00:00:00.000000Z,1.1521190404891968,1.2134250402450562,1.1088910102844238,1.1774699687957764,248508253
2021-12-19T00:00:00.000000Z,1.17753005027771,1.2024639844894409,1.1204099655151367,1.1340939998626709,200117140
2021-12-20T00:00:00.000000Z,1.13509202003479,1.1607569456100464,1.0481679439544678,1.1069730520248413,218466127
2021-12-21T00:00:00.000000Z,1.1072720289230347,1.1817940473556519,1.0893959999084473,1.1664750576019287,233284815
2021-12-22T00:00:00.000000Z,1.1662869453430176,1.2324210405349731,1.1502460241317749,1.1884399652481079,251639613
2021-12-23T00:00:00.000000Z,1.1881979703903198,1.3388030529022217,1.1806919574737549,1.3388030529022217,372202418
2021-12-24T00:00:00.000000Z,1.342924952507019,1.3799829483032227,1.2965879440307617,1.3151160478591919,322064574
2021-12-25T00:00:00.000000Z,1.3153259754180908,1.3932349681854248,1.3074649572372437,1.3388069868087769,269441132
2021-12-26T00:00:00.000000Z,1.337664008140564,1.3654639720916748,1.2898110151290894,1.336696982383728,230105923
2021-12-27T00:00:00.000000Z,1.3378369808197021,1.4505569934844971,1.3378369808197021,1.3798040151596069,362504759
2021-12-28T00:00:00.000000Z,1.3810110092163086,1.3810110092163086,1.2140020132064819,1.2222859859466553,343444906
2021-12-29T00:00:00.000000Z,1.2221759557723999,1.2466959953308105,1.1432650089263916,1.1512839794158936,282596027
2021-12-30T00:00:00.000000Z,1.1525850296020508,1.2404429912567139,1.1139849424362183,1.19474196434021,315563448
2021-12-31T00:00:00.000000Z,1.1910539865493774,1.2705940008163452,1.1809810400009155,1.2088940143585205,291306292
2022-01-01T00:00:00.000000Z,1.208778977394104,1.2619099617004395,1.2081739902496338,1.2552560567855835,189926464
2022-01-02T00:00:00.000000Z,1.2549940347671509,1.3328690528869629,1.227802038192749,1.2994459867477417,288198900
2022-01-03T00:00:00.000000Z,1.2994370460510254,1.3366789817810059,1.2618169784545898,1.2963440418243408,310754844
2022-01-04T00:00:00.000000Z,1.2969009876251221,1.3592820167541504,1.2549669742584229,1.2858619689941406,352213292
2022-01-05T00:00:00.000000Z,1.285601019859314,1.3313479423522949,1.1394859552383423,1.1825079917907715,349518277
2022-01-06T00:00:00.000000Z,1.1823480129241943,1.1926120519638062,1.1175539493560791,1.1821789741516113,296818732
2022-01-07T00:00:00.000000Z,1.1821730136871338,1.1863009929656982,1.0467170476913452,1.0747309923171997,418613654
2022-01-08T00:00:00.000000Z,1.0748070478439331,1.0986649990081787,0.99447500705718994,1.0235090255737305,239093895
2022-01-09T00:00:00.000000Z,1.0232930183410645,1.0541499853134155,1.0060069561004639,1.0339030027389526,152652468
2022-01-10T00:00:00.000000Z,1.0338499546051025,1.0425779819488525,0.95056098699569702,0.99765598773956299,203921633
2022-01-11T00:00:00.000000Z,0.99759900569915771,1.0608570575714111,0.99153602123260498,1.0561519861221313,155283732
2022-01-12T00:00:00.000000Z,1.0561670064926147,1.1181440353393555,1.0518100261688232,1.1154210567474365,163362345
2022-01-13T00:00:00.000000Z,1.115460991859436,1.1193079948425293,1.0372389554977417,1.0372389554977417,145817452
2022-01-14T00:00:00.000000Z,1.0374579429626465,1.0687539577484131,1.0168039798736572,1.0568259954452515,125457335
2022-01-15T00:00:00.000000Z,1.0568239688873291,1.0821959972381592,1.043226957321167,1.0647159814834595,93984177
2022-01-16T00:00:00.000000Z,1.0647369623184204,1.0730040073394775,1.042585015296936,1.0559799671173096,95542846
2022-01-17T00:00:00.000000Z,1.056035041809082,1.0597189664840698,1.0008039474487305,1.0154850482940674,113941353
2022-01-18T00:00:00.000000Z,1.0154139995574951,1.0274150371551514,0.97482502460479736,1.0050230026245117,103607458
2022-01-19T00:00:00.000000Z,1.0050480365753174,1.0061260461807251,0.95265102386474609,0.95977002382278442,101870962
2022-01-20T00:00:00.000000Z,0.95962601900100708,1.0053470134735107,0.91039001941680908,0.91039001941680908,93727209
2022-01-21T00:00:00.000000Z,0.91042399406433105,0.9264640212059021,0.7889779806137085,0.80466598272323608,214844036
2022-01-22T00:00:00.000000Z,0.80602997541427612,0.82880997657775879,0.68067401647567749,0.71605902910232544,250082885
2022-01-23T00:00:00.000000Z,0.71645498275756836,0.75914198160171509,0.71030598878860474,0.75800299644470215,156097167
2022-01-24T00:00:00.000000Z,0.75835198163986206,0.76229298114776611,0.65575200319290161,0.75007802248001099,198564185
2022-01-25T00:00:00.000000Z,0.75005197525024414,0.79354900121688843,0.73385798931121826,0.79272401332855225,145302201
2022-01-26T00:00:00.000000Z,0.79276597499847412,0.87512302398681641,0.78602498769760132,0.80896401405334473,212359570
2022-01-27T00:00:00.000000Z,0.80868297815322876,0.8532639741897583,0.77286100387573242,0.83345800638198853,171772487
2022-01-28T00:00:00.000000Z,0.83321601152420044,0.87481999397277832,0.82026398181915283,0.86436998844146729,156629904
2022-01-29T00:00:00.000000Z,0.86440002918243408,0.89386099576950073,0.84003597497940063,0.84946900606155396,137900387
2022-01-30T00:00:00.000000Z,0.84990400075912476,0.86338198184967041,0.81545698642730713,0.83452099561691284,107797027
2022-01-31T00:00:00.000000Z,0.83454501628875732,0.85355502367019653,0.8009909987449646,0.85355502367019653,104450386
2022-02-01T00:00:00.000000Z,0.85352897644042969,0.85879701375961304,0.83561599254608154,0.84505099058151245,76524460
2022-02-02T00:00:00.000000Z,0.84499597549438477,0.86208301782608032,0.80862599611282349,0.80960702896118164,95067348
2022-02-03T00:00:00.000000Z,0.8091999888420105,0.82856398820877075,0.79485499858856201,0.82357197999954224,96713427
2022-02-04T00:00:00.000000Z,0.82348102331161499,0.89939498901367188,0.8209189772605896,0.89857602119445801,115393488
2022-02-05T00:00:00.000000Z,0.8987240195274353,0.95348399877548218,0.89425599575042725,0.92509198188781738,124049045
2022-02-06T00:00:00.000000Z,0.92518502473831177,0.94268101453781128,0.90443199872970581,0.94236397743225098,93291488
2022-02-07T00:00:00.000000Z,0.94236898422241211,0.98550999164581299,0.91851502656936646,0.96736901998519897,132972516
2022-02-08T00:00:00.000000Z,0.96745997667312622,0.97717398405075073,0.88602900505065918,0.9236069917678833,152095621
2022-02-09T00:00:00.000000Z,0.92331302165985107,0.95278400182723999,0.90161699056625366,0.94245201349258423,94765101
2022-02-10T00:00:00.000000Z,0.94234800338745117,0.94810700416564941,0.884132981300354,0.885142982006073,136177117
2022-02-11T00:00:00.000000Z,0.88513898849487305,0.89186698198318481,0.81827902793884277,0.82587599754333496,127248910
2022-02-12T00:00:00.000000Z,0.82584798336029053,0.83239597082138062,0.7877190113067627,0.80902600288391113,105892983
2022-02-13T00:00:00.000000Z,0.80902397632598877,0.82652699947357178,0.78214198350906372,0.80821597576141357,77770440
2022-02-14T00:00:00.000000Z,0.80738598108291626,0.81388401985168457,0.77781599760055542,0.80594199895858765,84399078
2022-02-15T00:00:00.000000Z,0.80590897798538208,0.86023801565170288,0.80590897798538208,0.85900300741195679,71443946
2022-02-16T00:00:00.000000Z,0.85907697677612305,0.86116898059844971,0.81665498018264771,0.8378949761390686,81125523
2022-02-17T00:00:00.000000Z,0.83735901117324829,0.84521198272705078,0.75749802589416504,0.7621840238571167,106265148
2022-02-18T00:00:00.000000Z,0.76218199729919434,0.78798401355743408,0.74642699956893921,0.75372397899627686,96418627
2022-02-19T00:00:00.000000Z,0.75360202789306641,0.76782399415969849,0.73428899049758911,0.76000100374221802,76519992
2022-02-20T00:00:00.000000Z,0.75993198156356812,0.76000702381134033,0.69557201862335205,0.70542502403259277,92763848
2022-02-21T00:00:00.000000Z,0.70532798767089844,0.7385069727897644,0.64607900381088257,0.64737200736999512,133014755
2022-02-22T00:00:00.000000Z,0.64732497930526733,0.68440800905227661,0.63356202840805054,0.68311202526092529,122260032
2022-02-23T00:00:00.000000Z,0.68306499719619751,0.70937097072601318,0.65722197294235229,0.65754199028015137,85734148
2022-02-24T00:00:00.000000Z,0.65718698501586914,0.66034197807312012,0.57096201181411743,0.65961599349975586,170542661
2022-02-25T00:00:00.000000Z,0.65965098142623901,0.70851701498031616,0.65459299087524414,0.70244097709655762,128956001
2022-02-26T00:00:00.000000Z,0.70245498418807983,0.72246801853179932,0.69584697484970093,0.70154201984405518,81021248
2022-02-27T00:00:00.000000Z,0.70150202512741089,0.71036297082901001,0.65654301643371582,0.66821801662445068,97233204
2022-02-28T00:00:00.000000Z,0.66794401407241821,0.73921799659729004,0.66000401973724365,0.73921799659729004,101907264
2022-03-01T00:00:00.000000Z,0.73927897214889526,0.76499897241592407,0.73259299993515015,0.75430697202682495,111150690
2022-03-02T00:00:00.000000Z,0.7543489933013916,0.76366901397705078,0.72296899557113647,0.73073399066925049,113641119
2022-03-03T00:00:00.000000Z,0.73075699806213379,0.73732197284698486,0.69332998991012573,0.71204900741577148,107292703
2022-03-04T00:00:00.000000Z,0.71214401721954346,0.71313899755477905,0.64868998527526855,0.65601199865341187,100663356
2022-03-05T00:00:00.000000Z,0.65614300966262817,0.67824399471282959,0.64389097690582275,0.67545199394226074,58797503
2022-03-06T00:00:00.000000Z,0.67546200752258301,0.67823201417922974,0.63974601030349731,0.63979601860046387,58333873
2022-03-07T00:00:00.000000Z,0.63985800743103027,0.66693997383117676,0.61914098262786865,0.6339300274848938,78694233
2022-03-08T00:00:00.000000Z,0.63393300771713257,0.66462397575378418,0.63108599185943604,0.65741097927093506,78592236
2022-03-09T00:00:00.000000Z,0.65767800807952881,0.69065302610397339,0.65390199422836304,0.68590599298477173,93959611
2022-03-10T00:00:00.000000Z,0.68582701683044434,0.71708899736404419,0.64166802167892456,0.68707901239395142,170440210
2022-03-11T00:00:00.000000Z,0.68713599443435669,0.68769699335098267,0.64588499069213867,0.65354698896408081,98100943
2022-03-12T00:00:00.000000Z,0.65356701612472534,0.70507597923278809,0.65324801206588745,0.6647530198097229,117333595
2022-03-13T00:00:00.000000Z,0.66472601890563965,0.73313999176025391,0.66359901428222656,0.67501598596572876,291788186
2022-03-14T00:00:00.000000Z,0.67499202489852905,0.72380799055099487,0.66597002744674683,0.72032302618026733,166323038
2022-03-15T00:00:00.000000Z,0.72022497653961182,0.80588901042938232,0.70261299610137939,0.78620702028274536,329051121
2022-03-16T00:00:00.000000Z,0.78609597682952881,0.8424069881439209,0.78392601013183594,0.82176899909973145,356464658
2022-03-17T00:00:00.000000Z,0.8218340277671814,0.87886500358581543,0.81940197944641113,0.84952002763748169,243172275
2022-03-18T00:00:00.000000Z,0.84935897588729858,0.85501700639724731,0.80961298942565918,0.84179198741912842,146756102
2022-03-19T00:00:00.000000Z,0.84165102243423462,0.87831097841262817,0.83299601078033447,0.84242701530456543,165521224
2022-03-20T00:00:00.000000Z,0.84206098318099976,0.8488839864730835,0.80833697319030762,0.8205839991569519,110703381
2022-03-21T00:00:00.000000Z,0.82056301832199097,0.82859402894973755,0.79701298475265503,0.81594997644424438,91761545
2022-03-22T00:00:00.000000Z,0.81589800119400024,0.82921701669692993,0.80474799871444702,0.81112998723983765,109047268
2022-03-23T00:00:00.000000Z,0.81116998195648193,0.83708101511001587,0.80231398344039917,0.83441698551177979,111371458
2022-03-24T00:00:00.000000Z,0.83436697721481323,0.86884897947311401,0.82389301061630249,0.85797601938247681,173251235
2022-03-25T00:00:00.000000Z,0.85806000232696533,0.87791901826858521,0.82755100727081299,0.83377200365066528,127601316
2022-03-26T00:00:00.000000Z,0.8338090181350708,0.85767000913619995,0.82861000299453735,0.85611599683761597,79693876
2022-03-27T00:00:00.000000Z,0.85620999336242676,0.9073290228843689,0.85380101203918457,0.90456497669219971,165270433
2022-03-28T00:00:00.000000Z,0.90451401472091675,0.92733001708984375,0.87179398536682129,0.87232601642608643,172769708
2022-03-29T00:00:00.000000Z,0.87204700708389282,0.91879397630691528,0.8686479926109314,0.89504200220108032,146128949
2022-03-30T00:00:00.000000Z,0.89508199691772461,0.91304302215576172,0.86217600107192993,0.89814502000808716,125117776
2022-03-31T00:00:00.000000Z,0.89798200130462646,0.93413800001144409,0.86336797475814819,0.86712300777435303,170311363
2022-04-01T00:00:00.000000Z,0.86717599630355835,0.89625298976898193,0.83286100625991821,0.89392197132110596,150011623
2022-04-02T00:00:00.000000Z,0.89396399259567261,0.94665801525115967,0.88710099458694458,0.91887301206588745,218778456
2022-04-03T00:00:00.000000Z,0.91889899969100952,0.96751201152801514,0.91889899969100952,0.94759601354598999,224720811
2022-04-04T00:00:00.000000Z,0.94753801822662354,0.94757598638534546,0.85766899585723877,0.89015299081802368,146768406
2022-04-05T00:00:00.000000Z,0.89025098085403442,0.89715301990509033,0.84249299764633179,0.84265202283859253,93824866
2022-04-06T00:00:00.000000Z,0.84261500835418701,0.84264200925827026,0.75410401821136475,0.75426000356674194,143387058
2022-04-07T00:00:00.000000Z,0.75431901216506958,0.7948799729347229,0.75043702125549316,0.79098802804946899,92168453
2022-04-08T00:00:00.000000Z,0.79090398550033569,0.79906600713729858,0.73454797267913818,0.73904401063919067,84240358
2022-04-09T00:00:00.000000Z,0.73892098665237427,0.77194899320602417,0.73892098665237427,0.77038097381591797,66385522
2022-04-10T00:00:00.000000Z,0.77044200897216797,0.77654498815536499,0.74357300996780396,0.74534898996353149,54801698
2022-04-11T00:00:00.000000Z,0.74493199586868286,0.74684202671051025,0.67171400785446167,0.68674397468566895,86387090
2022-04-12T00:00:00.000000Z,0.68681401014328003,0.72773998975753784,0.68335002660751343,0.72061800956726074,75024550
2022-04-13T00:00:00.000000Z,0.72060000896453857,0.74235999584197998,0.70796799659729004,0.74230897426605225,61370712
2022-04-14T00:00:00.000000Z,0.74227100610733032,0.75917798280715942,0.70516300201416016,0.71985799074172974,66471621
2022-04-15T00:00:00.000000Z,0.71987402439117432,0.73747599124908447,0.7141379714012146,0.72421002388000488,55734637
2022-04-16T00:00:00.000000Z,0.72418701648712158,0.78115397691726685,0.72418701648712158,0.77391898632049561,199117561
2022-04-17T00:00:00.000000Z,0.77364802360534668,0.77634698152542114,0.72153502702713013,0.72400099039077759,145472307
2022-04-18T00:00:00.000000Z,0.72395998239517212,0.76799702644348145,0.70587199926376343,0.76278501749038696,158912188
2022-04-19T00:00:00.000000Z,0.76276201009750366,0.77498102188110352,0.7463269829750061,0.77498102188110352,90134697
2022-04-20T00:00:00.000000Z,0.77501600980758667,0.77517902851104736,0.74091100692749023,0.75911402702331543,86995028
2022-04-21T00:00:00.000000Z,0.75927698612213135,0.81512701511383057,0.74628597497940063,0.75187498331069946,214847667
2022-04-22T00:00:00.000000Z,0.75185102224349976,0.78386402130126953,0.73532497882843018,0.73887002468109131,132111743
2022-04-23T00:00:00.000000Z,0.73885798454284668,0.74944502115249634,0.72259700298309326,0.73549401760101318,68785261
2022-04-24T00:00:00.000000Z,0.73548799753189087,0.74642699956893921,0.71640098094940186,0.72377997636795044,70297660
2022-04-25T00:00:00.000000Z,0.72381299734115601,0.72408801317214966,0.67979800701141357,0.72345197200775146,92388868
2022-04-26T00:00:00.000000Z,0.72333598136901855,0.72609198093414307,0.65395402908325195,0.65701800584793091,103315561
2022-04-27T00:00:00.000000Z,0.65702801942825317,0.67831599712371826,0.65246301889419556,0.66898101568222046,72817708
2022-04-28T00:00:00.000000Z,0.6690019965171814,0.67755097150802612,0.65301799774169922,0.65770202875137329,73258523
2022-04-29T00:00:00.000000Z,0.65775400400161743,0.66109102964401245,0.61988502740859985,0.6295509934425354,77970002
2022-04-30T00:00:00.000000Z,0.62958699464797974,0.65738898515701294,0.56445997953414917,0.57022601366043091,158910879
2022-05-01T00:00:00.000000Z,0.57022100687026978,0.61012798547744751,0.56843197345733643,0.60396397113800049,109747368
2022-05-02T00:00:00.000000Z,0.60394001007080078,0.61163699626922607,0.5701259970664978,0.58723300695419312,79903321
2022-05-03T00:00:00.000000Z,0.58719700574874878,0.60639798641204834,0.56937700510025024,0.57942301034927368,72390113
2022-05-04T00:00:00.000000Z,0.57935899496078491,0.65352499485015869,0.57749098539352417,0.65299797058105469,143918400
2022-05-05T00:00:00.000000Z,0.65298700332641602,0.65869599580764771,0.57131898403167725,0.58678299188613892,120820948
2022-05-06T00:00:00.000000Z,0.58675801753997803,0.58745598793029785,0.56113898754119873,0.57948702573776245,85464910
2022-05-07T00:00:00.000000Z,0.57950097322463989,0.57993400096893311,0.54204797744750977,0.55597800016403198,73979127
2022-05-08T00:00:00.000000Z,0.55599302053451538,0.55833899974822998,0.53645199537277222,0.54471302032470703,75429978
2022-05-09T00:00:00.000000Z,0.54480797052383423,0.55501401424407959,0.45123401284217834,0.45123401284217834,121007244
2022-05-10T00:00:00.000000Z,0.44993698596954346,0.50808900594711304,0.43501999974250793,0.46751400828361511,146714263
2022-05-11T00:00:00.000000Z,0.46739599108695984,0.48359799385070801,0.34909000992774963,0.37218499183654785,196188215
2022-05-12T00:00:00.000000Z,0.37234500050544739,0.38951799273490906,0.30831098556518555,0.35962399840354919,172508114
2022-05-13T00:00:00.000000Z,0.35945099592208862,0.42576301097869873,0.3545910120010376,0.38554298877716064,110095669
2022-05-14T00:00:00.000000Z,0.38549700379371643,0.41967898607254028,0.37100198864936829,0.41939699649810791,71469612
2022-05-15T00:00:00.000000Z,0.41929501295089722,0.43211200833320618,0.39909699559211731,0.43195199966430664,64867671
2022-05-16T00:00:00.000000Z,0.43200600147247314,0.43298399448394775,0.38709399104118347,0.39356100559234619,67016375
2022-05-17T00:00:00.000000Z,0.39356499910354614,0.42021599411964417,0.39172500371932983,0.41482898592948914,75706180
2022-05-18T00:00:00.000000Z,0.41480100154876709,0.41934600472450256,0.37110599875450134,0.37199300527572632,76563877
2022-05-19T00:00:00.000000Z,0.37205299735069275,0.39664199948310852,0.36351099610328674,0.39032399654388428,69586753
2022-05-20T00:00:00.000000Z,0.39037701487541199,0.40744000673294067,0.37167701125144958,0.38177299499511719,76499881
2022-05-21T00:00:00.000000Z,0.38169300556182861,0.39297398924827576,0.37379199266433716,0.3883880078792572,54219012
2022-05-22T00:00:00.000000Z,0.38839799165725708,0.40904998779296875,0.38486099243164062,0.40855500102043152,55817925
2022-05-23T00:00:00.000000Z,0.4083389937877655,0.42315798997879028,0.38364499807357788,0.38598200678825378,86218550
2022-05-24T00:00:00.000000Z,0.38597801327705383,0.39715498685836792,0.37450799345970154,0.39470499753952026,80990148
2022-05-25T00:00:00.000000Z,0.394663006067276,0.39899998903274536,0.37962698936462402,0.38965499401092529,57126051
2022-05-26T00:00:00.000000Z,0.38964599370956421,0.40347599983215332,0.36146000027656555,0.37337198853492737,80521535
2022-05-27T00:00:00.000000Z,0.37339600920677185,0.38017100095748901,0.35278999805450439,0.35860499739646912,84271941
2022-05-28T00:00:00.000000Z,0.36515599489212036,0.37264499068260193,0.35765299201011658,0.36897200345993042,44929227
2022-05-29T00:00:00.000000Z,0.36893600225448608,0.37588000297546387,0.35823601484298706,0.37184599041938782,47440097
2022-05-30T00:00:00.000000Z,0.37186801433563232,0.40301299095153809,0.36847600340843201,0.40225398540496826,57236444
2022-05-31T00:00:00.000000Z,0.40224599838256836,0.41098201274871826,0.39204800128936768,0.40244099497795105,71890326
2022-06-01T00:00:00.000000Z,0.4024600088596344,0.42162299156188965,0.37686100602149963,0.38388600945472717,90350676
2022-06-02T00:00:00.000000Z,0.38381201028823853,0.40431800484657288,0.37966299057006836,0.39993101358413696,67257631
2022-06-03T00:00:00.000000Z,0.39991900324821472,0.40224000811576843,0.37207299470901489,0.37933599948883057,47688320
2022-06-04T00:00:00.000000Z,0.3793179988861084,0.38314300775527954,0.37073299288749695,0.38076698780059814,41211886
2022-06-05T00:00:00.000000Z,0.38078099489212036,0.38767299056053162,0.37390598654747009,0.38281199336051941,44000515
2022-06-06T00:00:00.000000Z,0.38288399577140808,0.42082700133323669,0.38288399577140808,0.40279999375343323,73821309
2022-06-07T00:00:00.000000Z,0.40284401178359985,0.40284401178359985,0.37380000948905945,0.39387801289558411,59466465
2022-06-08T00:00:00.000000Z,0.39388599991798401,0.40625399351119995,0.38741898536682129,0.39518800377845764,56367243
2022-06-09T00:00:00.000000Z,0.39519599080085754,0.41156101226806641,0.38952699303627014,0.39372101426124573,52352636
2022-06-10T00:00:00.000000Z,0.39367601275444031,0.39790201187133789,0.36347800493240356,0.36412599682807922,49441183
2022-06-11T00:00:00.000000Z,0.36414098739624023,0.37056699395179749,0.33248201012611389,0.33493700623512268,54844183
2022-06-12T00:00:00.000000Z,0.33500099182128906,0.33723399043083191,0.30895900726318359,0.3100610077381134,59096008
2022-06-13T00:00:00.000000Z,0.30957001447677612,0.30957001447677612,0.26607701182365417,0.28465300798416138,95456894
2022-06-14T00:00:00.000000Z,0.28464400768280029,0.29162600636482239,0.26078999042510986,0.29162600636482239,77462226
2022-06-15T00:00:00.000000Z,0.29157599806785583,0.36094099283218384,0.27613401412963867,0.35964399576187134,259994136
2022-06-16T00:00:00.000000Z,0.35996600985527039,0.36295700073242188,0.31115901470184326,0.31990700960159302,89041539
2022-06-17T00:00:00.000000Z,0.32001900672912598,0.34299799799919128,0.31327000260353088,0.33822798728942871,60730906
2022-06-18T00:00:00.000000Z,0.33826300501823425,0.33915698528289795,0.29352700710296631,0.31153100728988647,66838247
2022-06-19T00:00:00.000000Z,0.31150999665260315,0.34423801302909851,0.29703399538993835,0.33914899826049805,73721451
2022-06-20T00:00:00.000000Z,0.33918100595474243,0.38638800382614136,0.33700001239776611,0.36041900515556335,133307933
2022-06-21T00:00:00.000000Z,0.3603689968585968,0.40215000510215759,0.36033698916435242,0.37261900305747986,125680988
2022-06-22T00:00:00.000000Z,0.37277698516845703,0.39129701256752014,0.35564801096916199,0.36462599039077759,99464937
2022-06-23T00:00:00.000000Z,0.36460700631141663,0.40576401352882385,0.36423298716545105,0.40515598654747009,103236737
2022-06-24T00:00:00.000000Z,0.40504100918769836,0.44108599424362183,0.40504100918769836,0.43577200174331665,134953080
2022-06-25T00:00:00.000000Z,0.4358069896697998,0.43801701068878174,0.40625399351119995,0.43090900778770447,63912459
2022-06-26T00:00:00.000000Z,0.43086498975753784,0.43347901105880737,0.39299499988555908,0.3930090069770813,50679970
2022-06-27T00:00:00.000000Z,0.3931640088558197,0.41097500920295715,0.38309800624847412,0.38900798559188843,49023485
2022-06-28T00:00:00.000000Z,0.38898399472236633,0.40309101343154907,0.37027400732040405,0.37116199731826782,66520541
2022-06-29T00:00:00.000000Z,0.37119799852371216,0.38979798555374146,0.36293399333953857,0.38393500447273254,86482869
2022-06-30T00:00:00.000000Z,0.38406199216842651,0.39099800586700439,0.35480600595474243,0.39087098836898804,81336223
2022-07-01T00:00:00.000000Z,0.39112499356269836,0.41624999046325684,0.38306799530982971,0.40094700455665588,120413433
2022-07-02T00:00:00.000000Z,0.40138500928878784,0.41883999109268188,0.39680400490760803,0.41238099336624146,79190401
2022-07-03T00:00:00.000000Z,0.41235300898551941,0.41258299350738525,0.38636401295661926,0.40026599168777466,52830684
2022-07-04T00:00:00.000000Z,0.4002540111541748,0.40745100378990173,0.38618099689483643,0.40635401010513306,46949411
2022-07-05T00:00:00.000000Z,0.40632599592208862,0.45383098721504211,0.40552499890327454,0.4409480094909668,196292644
2022-07-06T00:00:00.000000Z,0.44104200601577759,0.44411700963973999,0.42649000883102417,0.44012200832366943,89488525
2022-07-07T00:00:00.000000Z,0.44013899564743042,0.45702600479125977,0.44013899564743042,0.4522320032119751,78522643
2022-07-08T00:00:00.000000Z,0.45214900374412537,0.45585799217224121,0.42809700965881348,0.43381300568580627,75658673
2022-07-09T00:00:00.000000Z,0.43369799852371216,0.44068899750709534,0.42624399065971375,0.43223801255226135,48819503
2022-07-10T00:00:00.000000Z,0.43224099278450012,0.4343859851360321,0.40405100584030151,0.40805599093437195,45961996
2022-07-11T00:00:00.000000Z,0.40802699327468872,0.408051997423172,0.37359601259231567,0.37475800514221191,57927410
2022-07-12T00:00:00.000000Z,0.3747979998588562,0.38826298713684082,0.36433801054954529,0.36942699551582336,67274237
2022-07-13T00:00:00.000000Z,0.3694080114364624,0.3848550021648407,0.34881201386451721,0.3848550021648407,68971263
2022-07-14T00:00:00.000000Z,0.38486400246620178,0.38693198561668396,0.36052399873733521,0.38690900802612305,62620817
2022-07-15T00:00:00.000000Z,0.38716399669647217,0.39919000864028931,0.38296300172805786,0.38949799537658691,76030518
2022-07-16T00:00:00.000000Z,0.38936799764633179,0.40270200371742249,0.38383400440216064,0.39768600463867188,64209925
2022-07-17T00:00:00.000000Z,0.39774599671363831,0.40569499135017395,0.38439598679542542,0.38439598679542542,53721732
2022-07-18T00:00:00.000000Z,0.38445198535919189,0.41822600364685059,0.3842960000038147,0.41382700204849243,86900231
2022-07-19T00:00:00.000000Z,0.41360801458358765,0.43729200959205627,0.41158598661422729,0.42958500981330872,128734060
2022-07-20T00:00:00.000000Z,0.4296720027923584,0.44127601385116577,0.3934909999370575,0.3942820131778717,115129333
2022-07-21T00:00:00.000000Z,0.39440000057220459,0.40283998847007751,0.38064900040626526,0.40143799781799316,80098110
2022-07-22T00:00:00.000000Z,0.40148401260375977,0.41540300846099854,0.38302099704742432,0.38775500655174255,78883621
2022-07-23T00:00:00.000000Z,0.38761299848556519,0.39862498641014099,0.37639999389648438,0.38828301429748535,58670932
2022-07-24T00:00:00.000000Z,0.38828900456428528,0.39709600806236267,0.38651600480079651,0.38802000880241394,38182842
2022-07-25T00:00:00.000000Z,0.38796499371528625,0.38849198818206787,0.36115199327468872,0.36115199327468872,44677575
2022-07-26T00:00:00.000000Z,0.36115899682044983,0.36587399244308472,0.35070601105690002,0.36587399244308472,42973850
2022-07-27T00:00:00.000000Z,0.36594501137733459,0.39544698596000671,0.35868799686431885,0.39542898535728455,48860982
2022-07-28T00:00:00.000000Z,0.39543598890304565,0.41561800241470337,0.38643398880958557,0.4083549976348877,66491608
2022-07-29T00:00:00.000000Z,0.40837499499320984,0.41720199584960938,0.39334699511528015,0.40472200512886047,66365644
2022-07-30T00:00:00.000000Z,0.40464898943901062,0.42827698588371277,0.40277799963951111,0.40506699681282043,90037829
2022-07-31T00:00:00.000000Z,0.40509098768234253,0.42587399482727051,0.39805701375007629,0.39985400438308716,72382793
2022-08-01T00:00:00.000000Z,0.39983999729156494,0.44410800933837891,0.39888200163841248,0.41720399260520935,123828234
2022-08-02T00:00:00.000000Z,0.417277991771698,0.42018601298332214,0.39099100232124329,0.3986780047416687,66941198
2022-08-03T00:00:00.000000Z,0.39867201447486877,0.40740001201629639,0.38636299967765808,0.39583998918533325,44989301
2022-08-04T00:00:00.000000Z,0.39581200480461121,0.409170001745224,0.39411100745201111,0.40363499522209167,44289795
2022-08-05T00:00:00.000000Z,0.40358099341392517,0.43940600752830505,0.4023129940032959,0.42914101481437683,115366255
2022-08-06T00:00:00.000000Z,0.42914101481437683,0.45157501101493835,0.42743700742721558,0.43251600861549377,88267285
2022-08-07T00:00:00.000000Z,0.43244698643684387,0.4351780116558075,0.42412200570106506,0.42936500906944275,38054572
2022-08-08T00:00:00.000000Z,0.42940500378608704,0.44830599427223206,0.42811098694801331,0.43612700700759888,49265585
2022-08-09T00:00:00.000000Z,0.43626698851585388,0.45570999383926392,0.43518000841140747,0.43722599744796753,124665033
2022-08-10T00:00:00.000000Z,0.43716201186180115,0.46485498547554016,0.41616100072860718,0.46313399076461792,113026608
2022-08-11T00:00:00.000000Z,0.46307200193405151,0.47152501344680786,0.45375901460647583,0.46033000946044922,82531492
2022-08-12T00:00:00.000000Z,0.46038499474525452,0.47515898942947388,0.45001399517059326,0.4671039879322052,71265783
2022-08-13T00:00:00.000000Z,0.467072993516922,0.47122400999069214,0.45577099919319153,0.45814999938011169,48431769
2022-08-14T00:00:00.000000Z,0.45822399854660034,0.47003799676895142,0.440420001745224,0.44414600729942322,58515844
2022-08-15T00:00:00.000000Z,0.44415700435638428,0.45886600017547607,0.43559399247169495,0.4434489905834198,63508309
2022-08-16T00:00:00.000000Z,0.4434019923210144,0.44548198580741882,0.42613101005554199,0.42976200580596924,38636580
2022-08-17T00:00:00.000000Z,0.42975699901580811,0.44045498967170715,0.40670600533485413,0.40947899222373962,56955742
2022-08-18T00:00:00.000000Z,0.40960898995399475,0.4156239926815033,0.39063501358032227,0.39248800277709961,41644923
2022-08-19T00:00:00.000000Z,0.39251598715782166,0.39251598715782166,0.35705000162124634,0.36041700839996338,72859067
2022-08-20T00:00:00.000000Z,0.36048400402069092,0.36859500408172607,0.34953600168228149,0.35805299878120422,41635108
2022-08-21T00:00:00.000000Z,0.35797500610351562,0.37282699346542358,0.35605800151824951,0.36948800086975098,30557366
2022-08-22T00:00:00.000000Z,0.36941900849342346,0.36941900849342346,0.34930700063705444,0.36256700754165649,31324927
2022-08-23T00:00:00.000000Z,0.3626059889793396,0.37253499031066895,0.35356000065803528,0.37159600853919983,37796645
2022-08-24T00:00:00.000000Z,0.37157300114631653,0.37821799516677856,0.36054700613021851,0.36838099360466003,36934931
2022-08-25T00:00:00.000000Z,0.36837899684906006,0.37711900472640991,0.36708000302314758,0.37350699305534363,38044468
2022-08-26T00:00:00.000000Z,0.37349501252174377,0.37542900443077087,0.33469998836517334,0.33636999130249023,67230001
2022-08-27T00:00:00.000000Z,0.33644101023674011,0.34085801243782043,0.33241400122642517,0.33819600939750671,36489621
2022-08-28T00:00:00.000000Z,0.33818799257278442,0.34350401163101196,0.32778400182723999,0.32778599858283997,25166471
2022-08-29T00:00:00.000000Z,0.32780200242996216,0.34749200940132141,0.32527101039886475,0.34710699319839478,30266896
2022-08-30T00:00:00.000000Z,0.34709900617599487,0.3504909873008728,0.32980599999427795,0.33695399761199951,32841560
2022-08-31T00:00:00.000000Z,0.33700099587440491,0.3456369936466217,0.33490100502967834,0.33549299836158752,33573737
2022-09-01T00:00:00.000000Z,0.33549898862838745,0.34059399366378784,0.32642298936843872,0.34015899896621704,30654201
2022-09-02T00:00:00.000000Z,0.3401390016078949,0.34531700611114502,0.33306500315666199,0.33684098720550537,30588276
2022-09-03T00:00:00.000000Z,0.33678698539733887,0.33871901035308838,0.33376100659370422,0.33553001284599304,17029220
2022-09-04T00:00:00.000000Z,0.33553600311279297,0.34975799918174744,0.33461600542068481,0.34946200251579285,23688392
2022-09-05T00:00:00.000000Z,0.34947499632835388,0.35124099254608154,0.33619999885559082,0.34151598811149597,24447661
2022-09-06T00:00:00.000000Z,0.34155100584030151,0.3472839891910553,0.31543800234794617,0.31547299027442932,45370505
2022-09-07T00:00:00.000000Z,0.3154509961605072,0.32863700389862061,0.30993199348449707,0.32506000995635986,30723682
2022-09-08T00:00:00.000000Z,0.32504498958587646,0.3308899998664856,0.31742501258850098,0.32986599206924438,43472315
2022-09-09T00:00:00.000000Z,0.32986798882484436,0.35703399777412415,0.32964101433753967,0.35380101203918457,48982874
2022-09-10T00:00:00.000000Z,0.35385400056838989,0.35828900337219238,0.34788000583648682,0.35295200347900391,40149169
2022-09-11T00:00:00.000000Z,0.35293498635292053,0.361052006483078,0.34623101353645325,0.35153400897979736,38628755
2022-09-12T00:00:00.000000Z,0.35150998830795288,0.3623490035533905,0.34629198908805847,0.35418701171875,50999319
2022-09-13T00:00:00.000000Z,0.35418900847434998,0.36083099246025085,0.32122200727462769,0.3248400092124939,62751701
2022-09-14T00:00:00.000000Z,0.32258298993110657,0.32888498902320862,0.31918001174926758,0.32653900980949402,43906335
2022-09-15T00:00:00.000000Z,0.32654699683189392,0.32656499743461609,0.31383800506591797,0.31443899869918823,46460069
2022-09-16T00:00:00.000000Z,0.31446999311447144,0.3211590051651001,0.31229999661445618,0.32032299041748047,35544699
2022-09-17T00:00:00.000000Z,0.32029500603675842,0.32957199215888977,0.31977498531341553,0.32949700951576233,23677289
2022-09-18T00:00:00.000000Z,0.32950699329376221,0.32950699329376221,0.30227500200271606,0.30305200815200806,37997443
2022-09-19T00:00:00.000000Z,0.30304300785064697,0.30701398849487305,0.29282501339912415,0.30580699443817139,45044784
2022-09-20T00:00:00.000000Z,0.30579200387001038,0.30747601389884949,0.29808101058006287,0.29972198605537415,41813050
2022-09-21T00:00:00.000000Z,0.29969599843025208,0.3126780092716217,0.28658300638198853,0.28971999883651733,56207148
2022-09-22T00:00:00.000000Z,0.28970399498939514,0.31047600507736206,0.28834399580955505,0.3090910017490387,32114799
2022-09-23T00:00:00.000000Z,0.30904000997543335,0.31927201151847839,0.3025830090045929,0.31393301486968994,38190002
2022-09-24T00:00:00.000000Z,0.31393900513648987,0.31832900643348694,0.30781298875808716,0.30819299817085266,24832870
2022-09-25T00:00:00.000000Z,0.30812698602676392,0.31070199608802795,0.29761201143264771,0.30053600668907166,22202749
2022-09-26T00:00:00.000000Z,0.30059099197387695,0.30423599481582642,0.29271098971366882,0.30041399598121643,32846992
2022-09-27T00:00:00.000000Z,0.30041798949241638,0.31134000420570374,0.29445001482963562,0.2981489896774292,35462485
2022-09-28T00:00:00.000000Z,0.29814699292182922,0.30365198850631714,0.28866800665855408,0.30191698670387268,33093621
2022-09-29T00:00:00.000000Z,0.30186900496482849,0.30763599276542664,0.29605001211166382,0.30731800198554993,25217540
2022-09-30T00:00:00.000000Z,0.30729800462722778,0.31012600660324097,0.30056101083755493,0.30307400226593018,27852747
2022-10-01T00:00:00.000000Z,0.30306398868560791,0.30590200424194336,0.29925200343132019,0.30014100670814514,13663634
2022-10-02T00:00:00.000000Z,0.30013000965118408,0.3015579879283905,0.29153800010681152,0.29172798991203308,17947902
2022-10-03T00:00:00.000000Z,0.29170501232147217,0.30209600925445557,0.28960001468658447,0.30155199766159058,22089552
2022-10-04T00:00:00.000000Z,0.30153000354766846,0.31150799989700317,0.30021899938583374,0.30926600098609924,22127594
2022-10-05T00:00:00.000000Z,0.3092769980430603,0.30946099758148193,0.29921400547027588,0.3045240044593811,20090835
2022-10-06T00:00:00.000000Z,0.30456998944282532,0.31018000841140747,0.30197501182556152,0.30231600999832153,22702725
2022-10-07T00:00:00.000000Z,0.30231299996376038,0.30433401465415955,0.29677799344062805,0.30021399259567261,20557245
2022-10-08T00:00:00.000000Z,0.30022600293159485,0.30249500274658203,0.29640600085258484,0.29837501049041748,16417838
2022-10-09T00:00:00.000000Z,0.2983730137348175,0.30433699488639832,0.29786598682403564,0.30124300718307495,14996012
2022-10-10T00:00:00.000000Z,0.30127799510955811,0.30363300442695618,0.28965899348258972,0.2896600067615509,38231980
2022-10-11T00:00:00.000000Z,0.2896369993686676,0.28964099287986755,0.28202700614929199,0.28386899828910828,30929626
2022-10-12T00:00:00.000000Z,0.28383898735046387,0.28687399625778198,0.28174701333045959,0.28330299258232117,17999509
2022-10-13T00:00:00.000000Z,0.28328898549079895,0.30022400617599487,0.26459100842475891,0.2985990047454834,60617567
2022-10-14T00:00:00.000000Z,0.29864600300788879,0.30581700801849365,0.28787600994110107,0.29047301411628723,35053035
2022-10-15T00:00:00.000000Z,0.29045799374580383,0.29135701060295105,0.28253400325775146,0.28278699517250061,24011296
2022-10-16T00:00:00.000000Z,0.28282299637794495,0.29025700688362122,0.28282299637794495,0.28712600469589233,22710779
2022-10-17T00:00:00.000000Z,0.28710800409317017,0.29240798950195312,0.28454300761222839,0.29126998782157898,37164620
2022-10-18T00:00:00.000000Z,0.2912830114364624,0.2936910092830658,0.27971699833869934,0.28529098629951477,29318422
2022-10-19T00:00:00.000000Z,0.28531399369239807,0.28589001297950745,0.27424100041389465,0.27463099360466003,30607463
2022-10-20T00:00:00.000000Z,0.2745870053768158,0.28236699104309082,0.27214598655700684,0.2734450101852417,34526636
2022-10-21T00:00:00.000000Z,0.27345201373100281,0.27799698710441589,0.26515999436378479,0.27745801210403442,33202685
2022-10-22T00:00:00.000000Z,0.27745100855827332,0.28076499700546265,0.27362599968910217,0.27651798725128174,34088080
2022-10-23T00:00:00.000000Z,0.27652299404144287,0.28388398885726929,0.27384099364280701,0.28324300050735474,37355388
2022-10-24T00:00:00.000000Z,0.28322800993919373,0.28378799557685852,0.271791011095047,0.27818700671195984,28834919
2022-10-25T00:00:00.000000Z,0.27816799283027649,0.29109901189804077,0.27696698904037476,0.28673601150512695,29724993
2022-10-26T00:00:00.000000Z,0.28662499785423279,0.29391801357269287,0.28649100661277771,0.29144701361656189,28831555
2022-10-27T00:00:00.000000Z,0.29150000214576721,0.30087000131607056,0.28451898694038391,0.28546100854873657,33794691
2022-10-28T00:00:00.000000Z,0.28552299737930298,0.29341700673103333,0.28197699785232544,0.29156398773193359,26419731
2022-10-29T00:00:00.000000Z,0.29154101014137268,0.31084799766540527,0.29108801484107971,0.30386599898338318,52400395
2022-10-30T00:00:00.000000Z,0.3038179874420166,0.30921900272369385,0.29430699348449707,0.29765999317169189,34654775
2022-10-31T00:00:00.000000Z,0.29756501317024231,0.30177199840545654,0.29248800873756409,0.29658299684524536,27845929
2022-11-01T00:00:00.000000Z,0.29660999774932861,0.30156299471855164,0.29460901021957397,0.29565000534057617,25072865
2022-11-02T00:00:00.000000Z,0.29564100503921509,0.33678001165390015,0.29339900612831116,0.30669200420379639,208060664
2022-11-03T00:00:00.000000Z,0.30676299333572388,0.34960600733757019,0.30645701289176941,0.32440701127052307,152514058
2022-11-04T00:00:00.000000Z,0.32426801323890686,0.34116500616073608,0.32094800472259521,0.3387179970741272,81725812
2022-11-05T00:00:00.000000Z,0.33869901299476624,0.3453809916973114,0.33018198609352112,0.33269301056861877,52225722
2022-11-06T00:00:00.000000Z,0.33267399668693542,0.33387300372123718,0.31685200333595276,0.31685200333595276,41488815
2022-11-07T00:00:00.000000Z,0.31681400537490845,0.33710798621177673,0.31607300043106079,0.32262501120567322,66410583
2022-11-08T00:00:00.000000Z,0.32266199588775635,0.3262769877910614,0.26080501079559326,0.277444988489151,100488399
2022-11-09T00:00:00.000000Z,0.27749699354171753,0.28164198994636536,0.22782200574874878,0.23153199255466461,81592571
2022-11-10T00:00:00.000000Z,0.23148000240325928,0.27273499965667725,0.22873200476169586,0.26867899298667908,71354671
2022-11-11T00:00:00.000000Z,0.26861798763275146,0.27219399809837341,0.24681299924850464,0.25502601265907288,41208608
2022-11-12T00:00:00.000000Z,0.25506299734115601,0.25515899062156677,0.23587599396705627,0.23684599995613098,26956250
2022-11-13T00:00:00.000000Z,0.23688699305057526,0.24074700474739075,0.22142399847507477,0.22310000658035278,31866688
2022-11-14T00:00:00.000000Z,0.22312000393867493,0.22753700613975525,0.21080499887466431,0.22479599714279175,35563848
2022-11-15T00:00:00.000000Z,0.22487400472164154,0.2376910001039505,0.22402399778366089,0.23066399991512299,24706015
2022-11-16T00:00:00.000000Z,0.23066000640392303,0.2339559942483902,0.22283400595188141,0.22520600259304047,19662645
2022-11-17T00:00:00.000000Z,0.22525399923324585,0.22890600562095642,0.21962399780750275,0.2224700003862381,17262153
2022-11-18T00:00:00.000000Z,0.22246299684047699,0.22680400311946869,0.2217710018157959,0.22411400079727173,18504422
2022-11-19T00:00:00.000000Z,0.22412300109863281,0.2319599986076355,0.22083400189876556,0.22979800403118134,19318322
2022-11-20T00:00:00.000000Z,0.22979199886322021,0.23633100092411041,0.21801599860191345,0.21885299682617188,30475179
2022-11-21T00:00:00.000000Z,0.21885199844837189,0.22361500561237335,0.2132750004529953,0.21977999806404114,31564360
2022-11-22T00:00:00.000000Z,0.21971799433231354,0.22400499880313873,0.21252800524234772,0.22357800602912903,22846306
2022-11-23T00:00:00.000000Z,0.22360000014305115,0.23130099475383759,0.22339800000190735,0.2309810072183609,22972462
2022-11-24T00:00:00.000000Z,0.23097699880599976,0.23447999358177185,0.22520299255847931,0.23015999794006348,23035777
2022-11-25T00:00:00.000000Z,0.23014099895954132,0.23065400123596191,0.22373700141906738,0.22774900496006012,17207793
2022-11-26T00:00:00.000000Z,0.227742999792099,0.23389500379562378,0.22716799378395081,0.22730199992656708,16797147
2022-11-27T00:00:00.000000Z,0.22730299830436707,0.23303699493408203,0.22705000638961792,0.22866900265216827,15606351
2022-11-28T00:00:00.000000Z,0.22864499688148499,0.22964900732040405,0.21983799338340759,0.2236270010471344,19076095
2022-11-29T00:00:00.000000Z,0.22361600399017334,0.22846899926662445,0.22218100726604462,0.22524699568748474,14834381
2022-11-30T00:00:00.000000Z,0.22523100674152374,0.23811200261116028,0.22523100674152374,0.23768000304698944,27795867
2022-12-01T00:00:00.000000Z,0.23776799440383911,0.23776799440383911,0.22900600731372833,0.23093800246715546,18217171
2022-12-02T00:00:00.000000Z,0.23096199333667755,0.2370699942111969,0.22906099259853363,0.23678100109100342,20033504
2022-12-03T00:00:00.000000Z,0.23679399490356445,0.23920400440692902,0.22891199588775635,0.22900800406932831,27065292
2022-12-04T00:00:00.000000Z,0.22901000082492828,0.23353199660778046,0.22901000082492828,0.23324400186538696,19939479
2022-12-05T00:00:00.000000Z,0.23326399922370911,0.23912400007247925,0.22956599295139313,0.23122599720954895,23300302
2022-12-06T00:00:00.000000Z,0.23124100267887115,0.23331600427627563,0.23121799528598785,0.23314400017261505,14046246
2022-12-07T00:00:00.000000Z,0.23313599824905396,0.23340100049972534,0.2209479957818985,0.22248600423336029,17139881
2022-12-08T00:00:00.000000Z,0.22249299287796021,0.22712600231170654,0.22037400305271149,0.22655999660491943,17069786
2022-12-09T00:00:00.000000Z,0.22658200562000275,0.22683599591255188,0.22305500507354736,0.22454099357128143,19386696
2022-12-10T00:00:00.000000Z,0.22458599507808685,0.22878299653530121,0.22421200573444366,0.22715100646018982,18922881
2022-12-11T00:00:00.000000Z,0.22715300321578979,0.2297230064868927,0.22416900098323822,0.22429099678993225,14877706
2022-12-12T00:00:00.000000Z,0.22428500652313232,0.22431099414825439,0.21788400411605835,0.22232000529766083,21716680
2022-12-13T00:00:00.000000Z,0.22233100235462189,0.22738400101661682,0.21242800354957581,0.22641700506210327,26458308
2022-12-14T00:00:00.000000Z,0.22642500698566437,0.22849200665950775,0.22264699637889862,0.2239609956741333,18590252
2022-12-15T00:00:00.000000Z,0.22394800186157227,0.22428099811077118,0.2152860015630722,0.21583099663257599,14007884
2022-12-16T00:00:00.000000Z,0.21581700444221497,0.21769799292087555,0.1909320056438446,0.19182500243186951,23575059
2022-12-17T00:00:00.000000Z,0.19187499582767487,0.19315400719642639,0.18722599744796753,0.19141900539398193,15955375
2022-12-18T00:00:00.000000Z,0.19141499698162079,0.1917479932308197,0.1889369934797287,0.18933300673961639,9974759
2022-12-19T00:00:00.000000Z,0.18936100602149963,0.19218400120735168,0.17803800106048584,0.17950800061225891,15485716
2022-12-20T00:00:00.000000Z,0.17951600253582001,0.18929600715637207,0.1790270060300827,0.18900799751281738,13782482
2022-12-21T00:00:00.000000Z,0.18898299336433411,0.18926699459552765,0.18519200384616852,0.18793800473213196,13599471
2022-12-22T00:00:00.000000Z,0.18795199692249298,0.18970200419425964,0.18381999433040619,0.18967500329017639,14051227
2022-12-23T00:00:00.000000Z,0.18967600166797638,0.19095300137996674,0.18904300034046173,0.18936300277709961,10900135
2022-12-24T00:00:00.000000Z,0.18935999274253845,0.19097499549388885,0.18828299641609192,0.18912500143051147,9069133
2022-12-25T00:00:00.000000Z,0.18912099301815033,0.18983300030231476,0.18447299301624298,0.18604899942874908,9289608
2022-12-26T00:00:00.000000Z,0.18602800369262695,0.18740199506282806,0.18409900367259979,0.18692600727081299,9986195
2022-12-27T00:00:00.000000Z,0.1869170069694519,0.18731099367141724,0.17767499387264252,0.17889900505542755,15768988
2022-12-28T00:00:00.000000Z,0.17891700565814972,0.17928199470043182,0.16686999797821045,0.16793599724769592,19344034
2022-12-29T00:00:00.000000Z,0.16793100535869598,0.16901099681854248,0.16328699886798859,0.16592900454998016,19409653
2022-12-30T00:00:00.000000Z,0.16589899361133575,0.16649900376796722,0.16154800355434418,0.16531899571418762,15072645
2022-12-31T00:00:00.000000Z,0.16533899307250977,0.16776999831199646,0.16527900099754333,0.16611899435520172,14330450
2023-01-01T00:00:00.000000Z,0.16612699627876282,0.16898399591445923,0.16510100662708282,0.16822700202465057,9778239
2023-01-02T00:00:00.000000Z,0.16822899878025055,0.17463600635528564,0.16541500389575958,0.17327900230884552,15024233
2023-01-03T00:00:00.000000Z,0.17328199744224548,0.17384399473667145,0.17020599544048309,0.17330999672412872,16240318
2023-01-04T00:00:00.000000Z,0.1733119934797287,0.18270300328731537,0.17311100661754608,0.18047100305557251,26020448
2023-01-05T00:00:00.000000Z,0.18045599758625031,0.18271699547767639,0.17525400221347809,0.17574299871921539,23371456
2023-01-06T00:00:00.000000Z,0.17573900520801544,0.17834900319576263,0.17105099558830261,0.17756399512290955,21643949
2023-01-07T00:00:00.000000Z,0.17754499614238739,0.18262399733066559,0.17730200290679932,0.18118900060653687,20345245
2023-01-08T00:00:00.000000Z,0.18115599453449249,0.18770000338554382,0.17884300649166107,0.18760399520397186,23675195
2023-01-09T00:00:00.000000Z,0.18759199976921082,0.200546994805336,0.18701000511646271,0.19694399833679199,45623305
2023-01-10T00:00:00.000000Z,0.19687700271606445,0.1992810070514679,0.19325999915599823,0.19665199518203735,22861581
2023-01-11T00:00:00.000000Z,0.19665500521659851,0.2012690007686615,0.19081300497055054,0.20105999708175659,19827166
2023-01-12T00:00:00.000000Z,0.20299600064754486,0.20731499791145325,0.19647100567817688,0.20477400720119476,28424284
2023-01-13T00:00:00.000000Z,0.2047870010137558,0.21448899805545807,0.20263999700546265,0.21370400488376617,30648966
2023-01-14T00:00:00.000000Z,0.21369199454784393,0.23861899971961975,0.21369199454784393,0.22651800513267517,61137515
2023-01-15T00:00:00.000000Z,0.22653999924659729,0.23567900061607361,0.22263699769973755,0.23285700380802155,40677937
2023-01-16T00:00:00.000000Z,0.23282000422477722,0.23946000635623932,0.22300399839878082,0.2307170033454895,36203135
2023-01-17T00:00:00.000000Z,0.23074300587177277,0.2340179979801178,0.22706399857997894,0.22971700131893158,22909845
2023-01-18T00:00:00.000000Z,0.22970199584960938,0.24526000022888184,0.21930700540542603,0.22337199747562408,69118336
2023-01-19T00:00:00.000000Z,0.22327500581741333,0.25084000825881958,0.22127200663089752,0.240680992603302,118639692
2023-01-20T00:00:00.000000Z,0.24061800539493561,0.25306999683380127,0.23448899388313293,0.25303700566291809,45312523
2023-01-21T00:00:00.000000Z,0.25302800536155701,0.2551569938659668,0.24531500041484833,0.24571500718593597,41620610
2023-01-22T00:00:00.000000Z,0.24572199583053589,0.25251099467277527,0.24004900455474854,0.24381600320339203,29137808
2023-01-23T00:00:00.000000Z,0.24382799863815308,0.26444500684738159,0.24382799863815308,0.25560098886489868,61691382
2023-01-24T00:00:00.000000Z,0.25554600358009338,0.26832899451255798,0.24304300546646118,0.24306599795818329,57134828
2023-01-25T00:00:00.000000Z,0.24310599267482758,0.25555500388145447,0.23662799596786499,0.2529979944229126,37891616
2023-01-26T00:00:00.000000Z,0.25292399525642395,0.27286100387573242,0.25286099314689636,0.2606549859046936,95630609
2023-01-27T00:00:00.000000Z,0.26067700982093811,0.26504400372505188,0.25290700793266296,0.2641029953956604,32254075
2023-01-28T00:00:00.000000Z,0.26415100693702698,0.27030500769615173,0.25718000531196594,0.25999701023101807,27917488
2023-01-29T00:00:00.000000Z,0.260017991065979,0.27500501275062561,0.2582240104675293,0.27283000946044922,54064833
2023-01-30T00:00:00.000000Z,0.27283298969268799,0.27303498983383179,0.24260799586772919,0.24582000076770782,38798478
2023-01-31T00:00:00.000000Z,0.24583899974822998,0.25512701272964478,0.24375399947166443,0.25279301404953003,25600883
2023-02-01T00:00:00.000000Z,0.2527410089969635,0.27183601260185242,0.24920399487018585,0.27140000462532043,59561014
2023-02-02T00:00:00.000000Z,0.27134901285171509,0.27628800272941589,0.26655098795890808,0.26658099889755249,38021678
2023-02-03T00:00:00.000000Z,0.26658999919891357,0.2766990065574646,0.26496401429176331,0.27568799257278442,29652923
2023-02-04T00:00:00.000000Z,0.27567300200462341,0.28323501348495483,0.27454599738121033,0.27773100137710571,34022072
2023-02-05T00:00:00.000000Z,0.27774399518966675,0.30995699763298035,0.27671998739242554,0.286763995885849,134704694
2023-02-06T00:00:00.000000Z,0.28675100207328796,0.28978800773620605,0.27560800313949585,0.27750501036643982,41526423
2023-02-07T00:00:00.000000Z,0.2775149941444397,0.29991099238395691,0.27420699596405029,0.2997409999370575,42378581
2023-02-08T00:00:00.000000Z,0.29965800046920776,0.31905099749565125,0.29284399747848511,0.29898801445960999,84752514
2023-02-09T00:00:00.000000Z,0.29903000593185425,0.30571699142456055,0.26153498888015747,0.2644050121307373,51039903
2023-02-10T00:00:00.000000Z,0.26439100503921509,0.27586498856544495,0.26393699645996094,0.27175700664520264,34868764
2023-02-11T00:00:00.000000Z,0.27173298597335815,0.27223300933837891,0.26671499013900757,0.27146899700164795,20981322
2023-02-12T00:00:00.000000Z,0.27145299315452576,0.29900100827217102,0.26688098907470703,0.28215000033378601,68705229
2023-02-13T00:00:00.000000Z,0.28215301036834717,0.29123198986053467,0.26967701315879822,0.28630700707435608,82034972
2023-02-14T00:00:00.000000Z,0.28627499938011169,0.30067899823188782,0.2785319983959198,0.29920101165771484,127833144
2023-02-15T00:00:00.000000Z,0.29920798540115356,0.31417399644851685,0.29451298713684082,0.31380000710487366,63348026
2023-02-16T00:00:00.000000Z,0.31382501125335693,0.31702101230621338,0.29433399438858032,0.29487600922584534,61289867
2023-02-17T00:00:00.000000Z,0.29490301012992859,0.30834600329399109,0.29220700263977051,0.30682200193405151,48835636
2023-02-18T00:00:00.000000Z,0.30681198835372925,0.30932599306106567,0.30276599526405334,0.30809199810028076,29400019
2023-02-19T00:00:00.000000Z,0.30809900164604187,0.31256699562072754,0.30188599228858948,0.3075219988822937,39659728
2023-02-20T00:00:00.000000Z,0.30755400657653809,0.32184499502182007,0.304625004529953,0.31882500648498535,55722751
2023-02-21T00:00:00.000000Z,0.318805992603302,0.31939101219177246,0.30289000272750854,0.30781099200248718,44763966
2023-02-22T00:00:00.000000Z,0.30783000588417053,0.33318400382995605,0.30783000588417053,0.32787200808525085,141330125
2023-02-23T00:00:00.000000Z,0.32791700959205627,0.33042401075363159,0.31618499755859375,0.31723499298095703,48130899
2023-02-24T00:00:00.000000Z,0.31736299395561218,0.32062199711799622,0.29507198929786682,0.29943600296974182,47380536
2023-02-25T00:00:00.000000Z,0.29947099089622498,0.30065798759460449,0.28304401040077209,0.29173800349235535,31294404
2023-02-26T00:00:00.000000Z,0.29169601202011108,0.31312400102615356,0.29082798957824707,0.31132298707962036,38461870
2023-02-27T00:00:00.000000Z,0.31130498647689819,0.31482699513435364,0.30240300297737122,0.3042219877243042,39558357
2023-02-28T00:00:00.000000Z,0.30422300100326538,0.30465400218963623,0.28904598951339722,0.28911000490188599,29730433
2023-03-01T00:00:00.000000Z,0.28911200165748596,0.30004701018333435,0.28604400157928467,0.29960298538208008,29117299
2023-03-02T00:00:00.000000Z,0.29959499835968018,0.30678299069404602,0.2836030125617981,0.29177200794219971,40907167
2023-03-03T00:00:00.000000Z,0.29178398847579956,0.29275700449943542,0.26310700178146362,0.26850301027297974,40936119
2023-03-04T00:00:00.000000Z,0.2685140073299408,0.27201899886131287,0.2550559937953949,0.25902700424194336,22001967
2023-03-05T00:00:00.000000Z,0.2590630054473877,0.26412200927734375,0.25626501441001892,0.25680199265480042,20600861
2023-03-06T00:00:00.000000Z,0.25678199529647827,0.26050400733947754,0.2499530017375946,0.25953701138496399,29326244
2023-03-07T00:00:00.000000Z,0.25952601432800293,0.26309698820114136,0.24574300646781921,0.25067698955535889,27067494
2023-03-08T00:00:00.000000Z,0.25064599514007568,0.25181800127029419,0.23546800017356873,0.23668499290943146,27245375
2023-03-09T00:00:00.000000Z,0.2367279976606369,0.24309200048446655,0.21725000441074371,0.21906399726867676,26353662
2023-03-10T00:00:00.000000Z,0.21910999715328217,0.21998900175094604,0.20593799650669098,0.21275199949741364,49907949
2023-03-11T00:00:00.000000Z,0.21274200081825256,0.21815100312232971,0.20287099480628967,0.20918500423431396,29576474
2023-03-12T00:00:00.000000Z,0.20914100110530853,0.22546300292015076,0.20493300259113312,0.22543799877166748,23895388
2023-03-13T00:00:00.000000Z,0.22549299895763397,0.2396329939365387,0.21893499791622162,0.23881299793720245,47363786
2023-03-14T00:00:00.000000Z,0.23885700106620789,0.2578049898147583,0.23568199574947357,0.24972400069236755,46723384
2023-03-15T00:00:00.000000Z,0.24976600706577301,0.25395101308822632,0.22719100117683411,0.2311519980430603,35279174
2023-03-16T00:00:00.000000Z,0.23106999695301056,0.23628699779510498,0.22891999781131744,0.23568099737167358,26116407
2023-03-17T00:00:00.000000Z,0.23572400212287903,0.25663501024246216,0.23349499702453613,0.25663501024246216,46320593
2023-03-18T00:00:00.000000Z,0.25665101408958435,0.26182198524475098,0.24623699486255646,0.24681200087070465,41604794
2023-03-19T00:00:00.000000Z,0.24678899347782135,0.25990599393844604,0.24678899347782135,0.25635701417922974,44710811
2023-03-20T00:00:00.000000Z,0.25654500722885132,0.26118099689483643,0.24594700336456299,0.24637800455093384,31535123
2023-03-21T00:00:00.000000Z,0.24647900462150574,0.25343999266624451,0.23375000059604645,0.25343701243400574,30675688
2023-03-22T00:00:00.000000Z,0.25341698527336121,0.25341698527336121,0.23301999270915985,0.23898300528526306,29990783
2023-03-23T00:00:00.000000Z,0.23897099494934082,0.25556901097297668,0.23603099584579468,0.2531769871711731,28132523
2023-03-24T00:00:00.000000Z,0.25312501192092896,0.25400999188423157,0.23848199844360352,0.24159200489521027,22651678
2023-03-25T00:00:00.000000Z,0.24164700508117676,0.2424589991569519,0.23281900584697723,0.23535799980163574,20932636
2023-03-26T00:00:00.000000Z,0.23535600304603577,0.2565310001373291,0.23443000018596649,0.24600300192832947,59294174
2023-03-27T00:00:00.000000Z,0.24602299928665161,0.24605700373649597,0.23338299989700317,0.235493004322052,33581354
2023-03-28T00:00:00.000000Z,0.23549599945545197,0.24298599362373352,0.23309299349784851,0.24279700219631195,35012281
2023-03-29T00:00:00.000000Z,0.24277399480342865,0.25681000947952271,0.24273499846458435,0.25666600465774536,40712960
2023-03-30T00:00:00.000000Z,0.25666800141334534,0.25738000869750977,0.24521900713443756,0.24979700148105621,28306166
2023-03-31T00:00:00.000000Z,0.24981400370597839,0.26926299929618835,0.24510900676250458,0.26836401224136353,59990801
2023-04-01T00:00:00.000000Z,0.2683199942111969,0.297232985496521,0.2672559916973114,0.28444099426269531,142814004
2023-04-02T00:00:00.000000Z,0.2721010148525238,0.297232985496521,0.26034998893737793,0.26450100541114807,107509066
2023-04-03T00:00:00.000000Z,0.26449400186538696,0.27646198868751526,0.25819799304008484,0.27292901277542114,51039149
2023-04-04T00:00:00.000000Z,0.27289700508117676,0.28411701321601868,0.2659359872341156,0.27916800975799561,50605766
2023-04-05T00:00:00.000000Z,0.27917900681495667,0.31883600354194641,0.27825701236724854,0.29370900988578796,136818352
2023-04-06T00:00:00.000000Z,0.29368698596954346,0.29368698596954346,0.27784600853919983,0.2837969958782196,41599833
2023-04-07T00:00:00.000000Z,0.28379398584365845,0.29805299639701843,0.28318101167678833,0.29492199420928955,58025732
2023-04-08T00:00:00.000000Z,0.2948710024356842,0.2948710024356842,0.28225800395011902,0.28272899985313416,29413071
2023-04-09T00:00:00.000000Z,0.28265699744224548,0.28294700384140015,0.26820701360702515,0.27788200974464417,32477841
2023-04-10T00:00:00.000000Z,0.27786698937416077,0.28246399760246277,0.2718529999256134,0.28221899271011353,30143798
2023-04-11T00:00:00.000000Z,0.28222998976707458,0.28437501192092896,0.27944299578666687,0.28043699264526367,28212314
2023-04-12T00:00:00.000000Z,0.28050100803375244,0.28374499082565308,0.26552098989486694,0.27475100755691528,36787138
2023-04-13T00:00:00.000000Z,0.28245401382446289,0.28298398852348328,0.27395498752593994,0.28142198920249939,25543952
2023-04-14T00:00:00.000000Z,0.28144299983978271,0.29068601131439209,0.27687498927116394,0.28612598776817322,33823662
2023-04-15T00:00:00.000000Z,0.28608700633049011,0.28666099905967712,0.2809160053730011,0.28583300113677979,23598892
2023-04-16T00:00:00.000000Z,0.28582799434661865,0.29306501150131226,0.2825160026550293,0.28896701335906982,30637216
2023-04-17T00:00:00.000000Z,0.2890230119228363,0.28957900404930115,0.27676999568939209,0.27880600094795227,29758993
2023-04-18T00:00:00.000000Z,0.27884399890899658,0.2879360020160675,0.27626499533653259,0.28436601161956787,33421910
2023-04-19T00:00:00.000000Z,0.28430500626564026,0.28450000286102295,0.2575480043888092,0.25938901305198669,36069281
2023-04-20T00:00:00.000000Z,0.25937199592590332,0.26269599795341492,0.25119298696517944,0.25341600179672241,28067985
2023-04-21T00:00:00.000000Z,0.25343498587608337,0.26100099086761475,0.24499599635601044,0.2458840012550354,31023919
2023-04-22T00:00:00.000000Z,0.24588599801063538,0.25472500920295715,0.24588599801063538,0.25385299324989319,22388004
2023-04-23T00:00:00.000000Z,0.25381499528884888,0.25476700067520142,0.24700699746608734,0.25429800152778625,19566364
2023-04-24T00:00:00.000000Z,0.25429299473762512,0.25632300972938538,0.24496899545192719,0.24862100183963776,20304733
2023-04-25T00:00:00.000000Z,0.24862700700759888,0.25224199891090393,0.24111999571323395,0.25180301070213318,20683077
2023-04-26T00:00:00.000000Z,0.25178098678588867,0.2624180018901825,0.23857699334621429,0.24896599352359772,20351757
2023-04-27T00:00:00.000000Z,0.24896499514579773,0.25747799873352051,0.24764500558376312,0.25536701083183289,16055787
2023-04-28T00:00:00.000000Z,0.25537601113319397,0.25595700740814209,0.24909800291061401,0.25298500061035156,13511998
2023-04-29T00:00:00.000000Z,0.25298300385475159,0.25503000617027283,0.25191500782966614,0.25324299931526184,11653099
2023-04-30T00:00:00.000000Z,0.2532539963722229,0.25336399674415588,0.24603100121021271,0.24655300378799438,12406593
2023-05-01T00:00:00.000000Z,0.2465440034866333,0.24658200144767761,0.23383000493049622,0.23579999804496765,14569204
2023-05-02T00:00:00.000000Z,0.2357960045337677,0.23909600079059601,0.23378400504589081,0.23850800096988678,11927624
2023-05-03T00:00:00.000000Z,0.23851199448108673,0.24418500065803528,0.23279200494289398,0.24291500449180603,12326773
2023-05-04T00:00:00.000000Z,0.24294400215148926,0.24297900497913361,0.23737700283527374,0.23854699730873108,10829466
2023-05-05T00:00:00.000000Z,0.23853699862957001,0.24437899887561798,0.23784199357032776,0.24370600283145905,12482329
2023-05-06T00:00:00.000000Z,0.24369800090789795,0.24462300539016724,0.230336993932724,0.23335200548171997,12653929
2023-05-07T00:00:00.000000Z,0.23333500325679779,0.23381699621677399,0.22968199849128723,0.22994700074195862,9831476
2023-05-08T00:00:00.000000Z,0.22991800308227539,0.23064999282360077,0.20880299806594849,0.21351900696754456,18345287
2023-05-09T00:00:00.000000Z,0.21350599825382233,0.21825200319290161,0.21277999877929688,0.21806000173091888,12370061
2023-05-10T00:00:00.000000Z,0.21806900203227997,0.22149999439716339,0.21074800193309784,0.22035700082778931,26715169
2023-05-11T00:00:00.000000Z,0.22033199667930603,0.23007600009441376,0.20878100395202637,0.21244700253009796,29960235
2023-05-12T00:00:00.000000Z,0.21244700253009796,0.21357099711894989,0.20460900664329529,0.21355299651622772,15591875
2023-05-13T00:00:00.000000Z,0.21354100108146667,0.21377299726009369,0.21044600009918213,0.21177199482917786,10594879
2023-05-14T00:00:00.000000Z,0.21170200407505035,0.21614700555801392,0.20962299406528473,0.21612800657749176,10110637
2023-05-15T00:00:00.000000Z,0.21614199876785278,0.22092600166797638,0.21384699642658234,0.21935500204563141,12119978
2023-05-16T00:00:00.000000Z,0.21937499940395355,0.22153300046920776,0.21662099659442902,0.22153300046920776,11837977
2023-05-17T00:00:00.000000Z,0.22154000401496887,0.22624200582504272,0.21893000602722168,0.22522899508476257,11638607
2023-05-18T00:00:00.000000Z,0.22522799670696259,0.22526900470256805,0.21887600421905518,0.22277699410915375,10551279
2023-05-19T00:00:00.000000Z,0.22276100516319275,0.22403399646282196,0.22173699736595154,0.22178499400615692,10061659
2023-05-20T00:00:00.000000Z,0.22178800404071808,0.22186599671840668,0.21998600661754608,0.22073200345039368,8085943
2023-05-21T00:00:00.000000Z,0.22070600092411041,0.2218330055475235,0.21614600718021393,0.21774500608444214,8997075
2023-05-22T00:00:00.000000Z,0.21774700284004211,0.22241500020027161,0.21468600630760193,0.22146899998188019,10947632
2023-05-23T00:00:00.000000Z,0.22146600484848022,0.2242559939622879,0.22065199911594391,0.22268299758434296,9849697
2023-05-24T00:00:00.000000Z,0.22271899878978729,0.22271899878978729,0.21282500028610229,0.21615800261497498,12308437
2023-05-25T00:00:00.000000Z,0.21615099906921387,0.21846500039100647,0.21238499879837036,0.21631899476051331,10889094
2023-05-26T00:00:00.000000Z,0.21630899608135223,0.2181369960308075,0.21431399881839752,0.21798700094223022,9743449
2023-05-27T00:00:00.000000Z,0.2179269939661026,0.22002500295639038,0.2174919992685318,0.21971400082111359,8649142
2023-05-28T00:00:00.000000Z,0.21971699595451355,0.22812700271606445,0.21907100081443787,0.22553199529647827,11904815
2023-05-29T00:00:00.000000Z,0.22553199529647827,0.22624899446964264,0.22140899300575256,0.22241699695587158,11240596
2023-05-30T00:00:00.000000Z,0.22240400314331055,0.22439199686050415,0.21816800534725189,0.21878799796104431,16097150
2023-05-31T00:00:00.000000Z,0.21880500018596649,0.22035500407218933,0.21062999963760376,0.21324700117111206,11255177
2023-06-01T00:00:00.000000Z,0.21325600147247314,0.21597599983215332,0.21084700524806976,0.21356500685214996,10375669
2023-06-02T00:00:00.000000Z,0.21355299651622772,0.21728800237178802,0.21174000203609467,0.21683000028133392,9957654
2023-06-03T00:00:00.000000Z,0.21682700514793396,0.21749000251293182,0.21517699956893921,0.21610400080680847,9076964
2023-06-04T00:00:00.000000Z,0.21609699726104736,0.22044900059700012,0.2153020054101944,0.21817499399185181,9399762
2023-06-05T00:00:00.000000Z,0.21822799742221832,0.2191459983587265,0.19794699549674988,0.19932499527931213,16902238
2023-06-06T00:00:00.000000Z,0.19933399558067322,0.20761400461196899,0.19709700345993042,0.20665399730205536,12323305
2023-06-07T00:00:00.000000Z,0.20666100084781647,0.20666100084781647,0.19608500599861145,0.19674700498580933,12597315
2023-06-08T00:00:00.000000Z,0.19676800072193146,0.19924099743366241,0.19450600445270538,0.19662800431251526,10918184
2023-06-09T00:00:00.000000Z,0.19664600491523743,0.19774599373340607,0.19192400574684143,0.19244100153446198,11797811
2023-06-10T00:00:00.000000Z,0.19244299829006195,0.19264499843120575,0.15583500266075134,0.16960600018501282,26450036
2023-06-11T00:00:00.000000Z,0.1695999950170517,0.17263300716876984,0.16819499433040619,0.1704850047826767,11281205
2023-06-12T00:00:00.000000Z,0.17047399282455444,0.17051899433135986,0.16620300710201263,0.16919000446796417,11411165
2023-06-13T00:00:00.000000Z,0.16919399797916412,0.17279699444770813,0.16850200295448303,0.16943499445915222,10772141
2023-06-14T00:00:00.000000Z,0.16943499445915222,0.1710360050201416,0.16157799959182739,0.16409200429916382,10667586
2023-06-15T00:00:00.000000Z,0.16409200429916382,0.16936799883842468,0.16270400583744049,0.16787600517272949,10426076
2023-06-16T00:00:00.000000Z,0.16785700619220734,0.17382299900054932,0.16729600727558136,0.17278699576854706,12325389
2023-06-17T00:00:00.000000Z,0.17275999486446381,0.17702700197696686,0.1723179966211319,0.17436200380325317,9785518
2023-06-18T00:00:00.000000Z,0.17436200380325317,0.17453800141811371,0.16984599828720093,0.17001000046730042,9419724
2023-06-19T00:00:00.000000Z,0.17001199722290039,0.17419299483299255,0.16988100111484528,0.17181600630283356,9404206
2023-06-20T00:00:00.000000Z,0.17175400257110596,0.17690600454807281,0.16859699785709381,0.17681999504566193,11137753
2023-06-21T00:00:00.000000Z,0.17681500315666199,0.18732200562953949,0.17674000561237335,0.18515400588512421,14791563
2023-06-22T00:00:00.000000Z,0.1851470023393631,0.19063000380992889,0.18301400542259216,0.18355999886989594,13094680
2023-06-23T00:00:00.000000Z,0.18357999622821808,0.19328899681568146,0.1831430047750473,0.1912509948015213,13553800
2023-06-24T00:00:00.000000Z,0.19126300513744354,0.20166100561618805,0.19085699319839478,0.19870699942111969,19153642
2023-06-25T00:00:00.000000Z,0.19873300194740295,0.20431099832057953,0.19695499539375305,0.19777099788188934,14237812
2023-06-26T00:00:00.000000Z,0.19777800142765045,0.19995599985122681,0.19154399633407593,0.19418099522590637,12995223
2023-06-27T00:00:00.000000Z,0.1941789984703064,0.19734400510787964,0.19322499632835388,0.19734400510787964,10577880
2023-06-28T00:00:00.000000Z,0.19733299314975739,0.19733299314975739,0.18395300209522247,0.18467900156974792,12736294
2023-06-29T00:00:00.000000Z,0.1846729964017868,0.19049400091171265,0.18393999338150024,0.18908900022506714,11013145
2023-06-30T00:00:00.000000Z,0.18907900154590607,0.20150400698184967,0.18890999257564545,0.19920900464057922,18972510
2023-07-01T00:00:00.000000Z,0.19919399917125702,0.20810900628566742,0.19804100692272186,0.20810799300670624,16936977
2023-07-02T00:00:00.000000Z,0.2081339955329895,0.20826500654220581,0.20091000199317932,0.20518900454044342,13753083
2023-07-03T00:00:00.000000Z,0.20518399775028229,0.20712299644947052,0.2025039941072464,0.20430600643157959,15556589
2023-07-04T00:00:00.000000Z,0.20430099964141846,0.2069610059261322,0.20141799747943878,0.2060369998216629,15547244
2023-07-05T00:00:00.000000Z,0.20604899525642395,0.21606500446796417,0.1968889981508255,0.19952300190925598,23665489
2023-07-06T00:00:00.000000Z,0.19951599836349487,0.20479600131511688,0.18960599601268768,0.18960599601268768,13894593
2023-07-07T00:00:00.000000Z,0.18963800370693207,0.19135800004005432,0.18758200109004974,0.18944300711154938,11626641
2023-07-08T00:00:00.000000Z,0.18943800032138824,0.19042100012302399,0.18585400283336639,0.18878500163555145,10192265
2023-07-09T00:00:00.000000Z,0.18877199292182922,0.18989400565624237,0.18733400106430054,0.18788200616836548,9207622
2023-07-10T00:00:00.000000Z,0.18787600100040436,0.19332699477672577,0.18441900610923767,0.18951000273227692,11952923
2023-07-11T00:00:00.000000Z,0.18952800333499908,0.19398899376392365,0.18941199779510498,0.19398899376392365,16851107
2023-07-12T00:00:00.000000Z,0.19399100542068481,0.19822600483894348,0.19329200685024261,0.19682000577449799,13905521
2023-07-13T00:00:00.000000Z,0.19682399928569794,0.21336500346660614,0.19328500330448151,0.21335099637508392,19015465
2023-07-14T00:00:00.000000Z,0.21337699890136719,0.21576599776744843,0.20044000446796417,0.20681799948215485,18265507
2023-07-15T00:00:00.000000Z,0.20683999359607697,0.21153299510478973,0.20455700159072876,0.21028999984264374,15221441
2023-07-16T00:00:00.000000Z,0.21028900146484375,0.21042099595069885,0.2041810005903244,0.20438900589942932,11896093
2023-07-17T00:00:00.000000Z,0.20438599586486816,0.22398699820041656,0.20199300348758698,0.20768900215625763,56642588
2023-07-18T00:00:00.000000Z,0.20766900479793549,0.20766900479793549,0.19698500633239746,0.19837400317192078,22278207
2023-07-19T00:00:00.000000Z,0.19837500154972076,0.20187400281429291,0.19825400412082672,0.19918599724769592,16597512
2023-07-20T00:00:00.000000Z,0.19918400049209595,0.20192800462245941,0.1977510005235672,0.1993120014667511,22259206
2023-07-21T00:00:00.000000Z,0.19931100308895111,0.20397999882698059,0.19848300516605377,0.20300400257110596,17840341
2023-07-22T00:00:00.000000Z,0.20299400389194489,0.205035001039505,0.20036999881267548,0.20099100470542908,16157178
2023-07-23T00:00:00.000000Z,0.20098899304866791,0.21099799871444702,0.2008340060710907,0.20699200034141541,24965710
2023-07-24T00:00:00.000000Z,0.20699800550937653,0.20699800550937653,0.19500699639320374,0.19765299558639526,21084128
2023-07-25T00:00:00.000000Z,0.19758699834346771,0.19838699698448181,0.19541500508785248,0.19790500402450562,16768341
2023-07-26T00:00:00.000000Z,0.19789700210094452,0.19943299889564514,0.19472500681877136,0.19744400680065155,17756066
2023-07-27T00:00:00.000000Z,0.19745199382305145,0.20030400156974792,0.19570200145244598,0.19741499423980713,15183709
2023-07-28T00:00:00.000000Z,0.19735099375247955,0.20020200312137604,0.19657699763774872,0.19937999546527863,13741243
2023-07-29T00:00:00.000000Z,0.19937199354171753,0.20262500643730164,0.19917699694633484,0.20216700434684753,13936691
2023-07-30T00:00:00.000000Z,0.20216000080108643,0.21128000319004059,0.20203399658203125,0.20991000533103943,34487416
2023-07-31T00:00:00.000000Z,0.21009500324726105,0.21257700026035309,0.20399600267410278,0.20509900152683258,25578502
2023-08-01T00:00:00.000000Z,0.20510600507259369,0.20730200409889221,0.19886100292205811,0.20730200409889221,23001774
2023-08-02T00:00:00.000000Z,0.20728200674057007,0.20811699330806732,0.19918599724769592,0.20046700537204742,21786220
2023-08-03T00:00:00.000000Z,0.20046600699424744,0.20854699611663818,0.20030400156974792,0.2022320032119751,31539702
2023-08-04T00:00:00.000000Z,0.2022089958190918,0.21155799925327301,0.20161600410938263,0.21060100197792053,42296748
2023-08-05T00:00:00.000000Z,0.21060000360012054,0.21060000360012054,0.20339000225067139,0.20770600438117981,22883219
2023-08-06T00:00:00.000000Z,0.20767299830913544,0.21093800663948059,0.20398099720478058,0.20995299518108368,20324537
2023-08-07T00:00:00.000000Z,0.20995299518108368,0.21790599822998047,0.20086599886417389,0.20584100484848022,36397481
2023-08-08T00:00:00.000000Z,0.20584100484848022,0.22021900117397308,0.20370000600814819,0.21418200433254242,47557016
2023-08-09T00:00:00.000000Z,0.21418799459934235,0.21808500587940216,0.21101200580596924,0.21179799735546112,31656570
2023-08-10T00:00:00.000000Z,0.21179099380970001,0.22026200592517853,0.211776003241539,0.21411100029945374,36958065
2023-08-11T00:00:00.000000Z,0.21411100029945374,0.22732099890708923,0.21401600539684296,0.21923699975013733,47039602
2023-08-12T00:00:00.000000Z,0.21923099458217621,0.22424499690532684,0.21592600643634796,0.2161639928817749,27750096
2023-08-13T00:00:00.000000Z,0.21616800129413605,0.21616800129413605,0.21104900538921356,0.21176800131797791,27507209
2023-08-14T00:00:00.000000Z,0.21175499260425568,0.2131039947271347,0.20866799354553223,0.2124669998884201,27338322
2023-08-15T00:00:00.000000Z,0.21247400343418121,0.21251900494098663,0.19799000024795532,0.20060400664806366,23308774
2023-08-16T00:00:00.000000Z,0.20058499276638031,0.20058499276638031,0.18468199670314789,0.18639500439167023,24115498
2023-08-17T00:00:00.000000Z,0.18641400337219238,0.18768499791622162,0.15823499858379364,0.1671379953622818,23379124
2023-08-18T00:00:00.000000Z,0.16718199849128723,0.17157900333404541,0.16551199555397034,0.17107999324798584,17449844
2023-08-19T00:00:00.000000Z,0.17108699679374695,0.17412200570106506,0.16905499994754791,0.17402699589729309,14047749
2023-08-20T00:00:00.000000Z,0.17404499650001526,0.17613500356674194,0.17363399267196655,0.17565600574016571,12081827
2023-08-21T00:00:00.000000Z,0.17566199600696564,0.17868199944496155,0.16909900307655334,0.17108599841594696,17127911
2023-08-22T00:00:00.000000Z,0.17103999853134155,0.17672699689865112,0.16831499338150024,0.17282199859619141,19949311
2023-08-23T00:00:00.000000Z,0.17283600568771362,0.17719300091266632,0.17156699299812317,0.17656399309635162,13215695
2023-08-24T00:00:00.000000Z,0.17657800018787384,0.17675599455833435,0.17126099765300751,0.17352400720119476,12322250
2023-08-25T00:00:00.000000Z,0.17357000708580017,0.17437499761581421,0.17109699547290802,0.17409299314022064,11652074
2023-08-26T00:00:00.000000Z,0.17409700155258179,0.17541399598121643,0.17153400182723999,0.17267799377441406,9081420
2023-08-27T00:00:00.000000Z,0.17267699539661407,0.17381399869918823,0.17041899263858795,0.17335699498653412,9283426
2023-08-28T00:00:00.000000Z,0.17336699366569519,0.17387300729751587,0.16967900097370148,0.17343400418758392,12422278
2023-08-29T00:00:00.000000Z,0.17344999313354492,0.18114499747753143,0.16744999587535858,0.18006099760532379,20414691
2023-08-30T00:00:00.000000Z,0.18006500601768494,0.18131999671459198,0.17658600211143494,0.1788640022277832,17767864
2023-08-31T00:00:00.000000Z,0.17887100577354431,0.17887100577354431,0.16928400099277496,0.16971799731254578,18481191
2023-09-01T00:00:00.000000Z,0.16971899569034576,0.17050899565219879,0.16435499489307404,0.1657630056142807,14372788
2023-09-02T00:00:00.000000Z,0.16575999557971954,0.17122000455856323,0.16565600037574768,0.16728000342845917,13291623
2023-09-03T00:00:00.000000Z,0.16729900240898132,0.16867199540138245,0.16501499712467194,0.1663530021905899,11260287
2023-09-04T00:00:00.000000Z,0.16634100675582886,0.16951000690460205,0.16611200571060181,0.16765700280666351,13213590
2023-09-05T00:00:00.000000Z,0.16766099631786346,0.16812099516391754,0.1656779944896698,0.16811899840831757,12419305
2023-09-06T00:00:00.000000Z,0.16813699901103973,0.17289100587368011,0.16790899634361267,0.17072600126266479,14817194
2023-09-07T00:00:00.000000Z,0.17072699964046478,0.17264799773693085,0.16760100424289703,0.17218199372291565,12102295
2023-09-08T00:00:00.000000Z,0.17219099402427673,0.17272199690341949,0.1676889955997467,0.17086899280548096,11416321
2023-09-09T00:00:00.000000Z,0.17087100446224213,0.1708810031414032,0.16874699294567108,0.17043699324131012,7820675
2023-09-10T00:00:00.000000Z,0.1704380065202713,0.17045600712299347,0.16341499984264374,0.16650199890136719,13146965
2023-09-11T00:00:00.000000Z,0.16650600731372833,0.16753900051116943,0.15776500105857849,0.16012099385261536,13876433
2023-09-12T00:00:00.000000Z,0.16012099385261536,0.16645500063896179,0.15997999906539917,0.1616159975528717,13115796
2023-09-13T00:00:00.000000Z,0.1616320013999939,0.16817599534988403,0.16123199462890625,0.16699500381946564,12889010
2023-09-14T00:00:00.000000Z,0.16699600219726562,0.17257000505924225,0.16694000363349915,0.17201399803161621,12341535
2023-09-15T00:00:00.000000Z,0.17199699580669403,0.17545799911022186,0.17092099785804749,0.17531900107860565,10587805
2023-09-16T00:00:00.000000Z,0.17531800270080566,0.17839799821376801,0.17526699602603912,0.17641499638557434,10002435
2023-09-17T00:00:00.000000Z,0.17641200125217438,0.17641200125217438,0.16786499321460724,0.16869199275970459,8881182
2023-09-18T00:00:00.000000Z,0.16869999468326569,0.17505000531673431,0.1676580011844635,0.17154499888420105,15034259
2023-09-19T00:00:00.000000Z,0.17154300212860107,0.17837199568748474,0.17111699283123016,0.1748960018157959,17509065
2023-09-20T00:00:00.000000Z,0.17487700283527374,0.17690199613571167,0.17381000518798828,0.17555999755859375,18641037
2023-09-21T00:00:00.000000Z,0.17553900182247162,0.17558999359607697,0.16993699967861176,0.17220999300479889,21630759
2023-09-22T00:00:00.000000Z,0.17222599685192108,0.17602699995040894,0.17220400273799896,0.17517100274562836,16713081
2023-09-23T00:00:00.000000Z,0.17517200112342834,0.17671799659729004,0.17498700320720673,0.17638100683689117,13737313
2023-09-24T00:00:00.000000Z,0.17638400197029114,0.1763869971036911,0.17200599610805511,0.17252899706363678,13956335
2023-09-25T00:00:00.000000Z,0.17255300283432007,0.17400899529457092,0.17017300426959991,0.17130699753761292,19106474
2023-09-26T00:00:00.000000Z,0.17128899693489075,0.1719910055398941,0.16717199981212616,0.16845700144767761,22782642
2023-09-27T00:00:00.000000Z,0.16845600306987762,0.1707880049943924,0.16716499626636505,0.16898100078105927,20979551
2023-09-28T00:00:00.000000Z,0.16897700726985931,0.17383900284767151,0.16876000165939331,0.1736299991607666,30009378
2023-09-29T00:00:00.000000Z,0.1736299991607666,0.17634199559688568,0.1736299991607666,0.17626300454139709,26248316
2023-09-30T00:00:00.000000Z,0.17625600099563599,0.18065600097179413,0.17543600499629974,0.18000499904155731,75907059
2023-10-01T00:00:00.000000Z,0.18000699579715729,0.18618400394916534,0.17958299815654755,0.18530300259590149,92324154
2023-10-02T00:00:00.000000Z,0.18529699742794037,0.18604600429534912,0.17526400089263916,0.17685200273990631,20464185
2023-10-03T00:00:00.000000Z,0.17684300243854523,0.17970000207424164,0.17545300722122192,0.17551800608634949,78117943
2023-10-04T00:00:00.000000Z,0.17550300061702728,0.17550300061702728,0.16999100148677826,0.17464099824428558,28382828
2023-10-05T00:00:00.000000Z,0.17467199265956879,0.17515300214290619,0.17092399299144745,0.17092399299144745,15494870
2023-10-06T00:00:00.000000Z,0.17092399299144745,0.17493200302124023,0.17090800404548645,0.17398099601268768,16328981
2023-10-07T00:00:00.000000Z,0.1739799976348877,0.17588600516319275,0.17231200635433197,0.17352199554443359,10987178
2023-10-08T00:00:00.000000Z,0.17352099716663361,0.18457500636577606,0.17181800305843353,0.18409700691699982,34484589
2023-10-09T00:00:00.000000Z,0.18413400650024414,0.18444299697875977,0.1697700023651123,0.17265400290489197,31112402
2023-10-10T00:00:00.000000Z,0.17261399328708649,0.17277300357818604,0.1699569970369339,0.17027199268341064,17884887
2023-10-11T00:00:00.000000Z,0.17027300596237183,0.17182700335979462,0.16705699265003204,0.16799099743366241,23854179
2023-10-12T00:00:00.000000Z,0.16800999641418457,0.16922299563884735,0.16648399829864502,0.16798900067806244,17473023
2023-10-13T00:00:00.000000Z,0.16798299551010132,0.17069399356842041,0.16790400445461273,0.16874299943447113,12519913
2023-10-14T00:00:00.000000Z,0.16873900592327118,0.17084500193595886,0.16868500411510468,0.17061099410057068,11749102
2023-10-15T00:00:00.000000Z,0.17062200605869293,0.18083800375461578,0.17062200605869293,0.17521600425243378,58702783
2023-10-16T00:00:00.000000Z,0.17522099614143372,0.18469400703907013,0.17420299351215363,0.18313799798488617,31099587
2023-10-17T00:00:00.000000Z,0.18312899768352509,0.18482500314712524,0.17965300381183624,0.18019099533557892,23508335
2023-10-18T00:00:00.000000Z,0.18018299341201782,0.18078400194644928,0.17357200384140015,0.17416800558567047,19462819
2023-10-19T00:00:00.000000Z,0.17417700588703156,0.17442899942398071,0.1706400066614151,0.17414300143718719,19103093
2023-10-20T00:00:00.000000Z,0.17414200305938721,0.18244500458240509,0.17334699630737305,0.18173100054264069,42675758
2023-10-21T00:00:00.000000Z,0.18172499537467957,0.19257399439811707,0.18094900250434875,0.19112299382686615,33445322
2023-10-22T00:00:00.000000Z,0.19112600386142731,0.19965900480747223,0.18877500295639038,0.19930900633335114,25310575
2023-10-23T00:00:00.000000Z,0.20018699765205383,0.20434600114822388,0.19181500375270844,0.20383000373840332,33865875
2023-10-24T00:00:00.000000Z,0.20382800698280334,0.20842799544334412,0.19534799456596375,0.20049299299716949,30781011
2023-10-25T00:00:00.000000Z,0.200531005859375,0.20405299961566925,0.19764000177383423,0.1993509978055954,23112313
2023-10-26T00:00:00.000000Z,0.19935800135135651,0.20507599413394928,0.19481399655342102,0.20104600489139557,25433012
2023-10-27T00:00:00.000000Z,0.20106300711631775,0.20150299370288849,0.19467900693416595,0.19632099568843842,20926018
2023-10-28T00:00:00.000000Z,0.19631999731063843,0.20299600064754486,0.19601899385452271,0.20051300525665283,14015403
2023-10-29T00:00:00.000000Z,0.20051300525665283,0.20648899674415588,0.19892600178718567,0.2048259973526001,16539572
2023-10-30T00:00:00.000000Z,0.20483699440956116,0.21243399381637573,0.20368899405002594,0.20897999405860901,21146138
2023-10-31T00:00:00.000000Z,0.20899499952793121,0.21289999783039093,0.19883599877357483,0.20733299851417542,23070974
2023-11-01T00:00:00.000000Z,0.2073030024766922,0.21439099311828613,0.20253300666809082,0.21275800466537476,17330884
2023-11-02T00:00:00.000000Z,0.21275299787521362,0.21705299615859985,0.20550699532032013,0.21090799570083618,23701712
2023-11-03T00:00:00.000000Z,0.21087799966335297,0.21091899275779724,0.20199699699878693,0.20949600636959076,16494547
2023-11-04T00:00:00.000000Z,0.20950399339199066,0.21334399282932281,0.20724999904632568,0.21247699856758118,15386237
2023-11-05T00:00:00.000000Z,0.21251699328422546,0.2184779942035675,0.21141600608825684,0.2178339958190918,19575400
2023-11-06T00:00:00.000000Z,0.21781900525093079,0.22112099826335907,0.21329799294471741,0.22007200121879578,16942340
2023-11-07T00:00:00.000000Z,0.22008800506591797,0.2201090008020401,0.21138100326061249,0.21654599905014038,18063726
2023-11-08T00:00:00.000000Z,0.21653600037097931,0.22760500013828278,0.21554599702358246,0.22649499773979187,21989235
2023-11-09T00:00:00.000000Z,0.2264769971370697,0.23290400207042694,0.21071299910545349,0.22122499346733093,30414686
2023-11-10T00:00:00.000000Z,0.22122299671173096,0.22537900507450104,0.21673299372196198,0.22537699341773987,23798194
2023-11-11T00:00:00.000000Z,0.22537000477313995,0.23657900094985962,0.21628099679946899,0.23400300741195679,33338020
2023-11-12T00:00:00.000000Z,0.2340099960565567,0.26240000128746033,0.22652199864387512,0.2419700026512146,102772965
2023-11-13T00:00:00.000000Z,0.2420009970664978,0.25018700957298279,0.23020699620246887,0.23090599477291107,44703857
2023-11-14T00:00:00.000000Z,0.2308650016784668,0.23694300651550293,0.21537899971008301,0.2211340069770813,32618022
2023-11-15T00:00:00.000000Z,0.22115400433540344,0.2323170006275177,0.21981200575828552,0.2316180020570755,22750597
2023-11-16T00:00:00.000000Z,0.23161999881267548,0.23477700352668762,0.21900199353694916,0.22192700207233429,27100464
2023-11-17T00:00:00.000000Z,0.22193300724029541,0.22941400110721588,0.2184469997882843,0.22847099602222443,23730697
2023-11-18T00:00:00.000000Z,0.22849699854850769,0.22877900302410126,0.21595999598503113,0.22157000005245209,27203664
2023-11-19T00:00:00.000000Z,0.22158600389957428,0.22570599615573883,0.21722899377346039,0.22540299594402313,25039609
2023-11-20T00:00:00.000000Z,0.22541099786758423,0.22656700015068054,0.22010199725627899,0.22071300446987152,24347343
2023-11-21T00:00:00.000000Z,0.22079800069332123,0.22229799628257751,0.19779500365257263,0.19781799614429474,35270200
2023-11-22T00:00:00.000000Z,0.19776800274848938,0.20987200736999512,0.19733899831771851,0.20828099548816681,38931462
2023-11-23T00:00:00.000000Z,0.20825600624084473,0.2115820050239563,0.20548899471759796,0.21098700165748596,24203572
2023-11-24T00:00:00.000000Z,0.21099500358104706,0.21556800603866577,0.21014800667762756,0.2155040055513382,22457067
2023-11-25T00:00:00.000000Z,0.2155040055513382,0.22056800127029419,0.21439500153064728,0.22050699591636658,23924510
2023-11-26T00:00:00.000000Z,0.22052200138568878,0.22108399868011475,0.21235199272632599,0.21560800075531006,23487984
2023-11-27T00:00:00.000000Z,0.21557599306106567,0.21614499390125275,0.2047789990901947,0.20878000557422638,36381252
2023-11-28T00:00:00.000000Z,0.2087710052728653,0.21312600374221802,0.20478799939155579,0.21139000356197357,34827508
2023-11-29T00:00:00.000000Z,0.21139100193977356,0.23290400207042694,0.2106730043888092,0.22922700643539429,122000288
2023-11-30T00:00:00.000000Z,0.22926099598407745,0.24113999307155609,0.22064700722694397,0.22325100004673004,106604490
2023-12-01T00:00:00.000000Z,0.22325299680233002,0.22658200562000275,0.22004100680351257,0.22650100290775299,55010381
2023-12-02T00:00:00.000000Z,0.22650100290775299,0.24143600463867188,0.22489599883556366,0.23684400320053101,78709448
2023-12-03T00:00:00.000000Z,0.23686599731445312,0.24442699551582336,0.23177999258041382,0.23364299535751343,69374568
2023-12-04T00:00:00.000000Z,0.23363000154495239,0.25094100832939148,0.22827400267124176,0.24643300473690033,152857968
2023-12-05T00:00:00.000000Z,0.24643500149250031,0.24894100427627563,0.23817600309848785,0.24482299387454987,102925970
2023-12-06T00:00:00.000000Z,0.24483899772167206,0.24568800628185272,0.23485399782657623,0.23781299591064453,61689937
2023-12-07T00:00:00.000000Z,0.23781999945640564,0.24440300464630127,0.23351000249385834,0.24407400190830231,40267086
2023-12-08T00:00:00.000000Z,0.24407100677490234,0.254597008228302,0.24241800606250763,0.25410300493240356,39427214
2023-12-09T00:00:00.000000Z,0.25413700938224792,0.25908198952674866,0.25286701321601868,0.2539139986038208,36384104
2023-12-10T00:00:00.000000Z,0.25396201014518738,0.25821501016616821,0.24649499356746674,0.25390198826789856,29079795
2023-12-11T00:00:00.000000Z,0.25391200184822083,0.2543950080871582,0.22593499720096588,0.23252099752426147,42149534
2023-12-12T00:00:00.000000Z,0.23245200514793396,0.23721300065517426,0.23050600290298462,0.23721000552177429,29204971
2023-12-13T00:00:00.000000Z,0.23718799650669098,0.24190400540828705,0.22918300330638885,0.24114599823951721,40357169
2023-12-14T00:00:00.000000Z,0.24111999571323395,0.24652799963951111,0.23782500624656677,0.24565799534320831,34350101
2023-12-15T00:00:00.000000Z,0.24567200243473053,0.24720899760723114,0.23329199850559235,0.23333300650119781,23328062
2023-12-16T00:00:00.000000Z,0.23333199322223663,0.2413720041513443,0.23060800135135651,0.23715800046920776,16183091
2023-12-17T00:00:00.000000Z,0.23715899884700775,0.24102300405502319,0.23353299498558044,0.23612399399280548,18077655
2023-12-18T00:00:00.000000Z,0.23609299957752228,0.23720400035381317,0.21771800518035889,0.23105199635028839,25381281
2023-12-19T00:00:00.000000Z,0.23104800283908844,0.23492300510406494,0.22434300184249878,0.22504700720310211,17789512
2023-12-20T00:00:00.000000Z,0.22503499686717987,0.24013499915599823,0.22496800124645233,0.2365420013666153,19947570
2023-12-21T00:00:00.000000Z,0.23654299974441528,0.24504399299621582,0.23457600176334381,0.24454499781131744,21804482
2023-12-22T00:00:00.000000Z,0.24453000724315643,0.25054299831390381,0.24339999258518219,0.25054299831390381,22442293
2023-12-23T00:00:00.000000Z,0.25053799152374268,0.25420200824737549,0.24334700405597687,0.25412699580192566,17187898
2023-12-24T00:00:00.000000Z,0.25414898991584778,0.25833100080490112,0.24736799299716949,0.2521120011806488,22841791
2023-12-25T00:00:00.000000Z,0.2521049976348877,0.26391899585723877,0.25067400932312012,0.26309400796890259,21177954
2023-12-26T00:00:00.000000Z,0.26312500238418579,0.27243500947952271,0.25390100479125977,0.26305699348449707,53637241
2023-12-27T00:00:00.000000Z,0.26307898759841919,0.27079001069068909,0.25099501013755798,0.26751500368118286,28418087
2023-12-28T00:00:00.000000Z,0.26754400134086609,0.27020001411437988,0.25214698910713196,0.25383299589157104,27080637
2023-12-29T00:00:00.000000Z,0.253805011510849,0.25485599040985107,0.24362799525260925,0.24699799716472626,22342614
2023-12-30T00:00:00.000000Z,0.24699400365352631,0.24808600544929504,0.24221700429916382,0.24635599553585052,14976984
2023-12-31T00:00:00.000000Z,0.24630500376224518,0.26474899053573608,0.24586699903011322,0.25631898641586304,80739821
2024-01-01T00:00:00.000000Z,0.25633099675178528,0.26389899849891663,0.25492599606513977,0.26267901062965393,27260590
2024-01-02T00:00:00.000000Z,0.2626970112323761,0.26738101243972778,0.25869899988174438,0.26684799790382385,33760478
2024-01-03T00:00:00.000000Z,0.2668670117855072,0.29058900475502014,0.22999100387096405,0.24822700023651123,132763894
2024-01-04T00:00:00.000000Z,0.24824400246143341,0.24926300346851349,0.24003799259662628,0.24774199724197388,28308049
2024-01-05T00:00:00.000000Z,0.24771000444889069,0.24894699454307556,0.22943300008773804,0.23638500273227692,23254549
2024-01-06T00:00:00.000000Z,0.23639799654483795,0.23648999631404877,0.22342200577259064,0.23187500238418579,18339109
2024-01-07T00:00:00.000000Z,0.23185600340366364,0.25239801406860352,0.22781099379062653,0.23025399446487427,63101850
2024-01-08T00:00:00.000000Z,0.23033900558948517,0.24304400384426117,0.21591100096702576,0.24247199296951294,35535060
2024-01-09T00:00:00.000000Z,0.24268800020217896,0.24792499840259552,0.22491900622844696,0.23043300211429596,40802500
2024-01-10T00:00:00.000000Z,0.23043499886989594,0.24623200297355652,0.22366300225257874,0.24166299402713776,29222932
2024-01-11T00:00:00.000000Z,0.24177099764347076,0.26412498950958252,0.24171100556850433,0.26326200366020203,45347883
2024-01-12T00:00:00.000000Z,0.26328200101852417,0.26887199282646179,0.23805199563503265,0.24392199516296387,49370712
2024-01-13T00:00:00.000000Z,0.24395500123500824,0.24914400279521942,0.23735000193119049,0.24712799489498138,19560188
2024-01-14T00:00:00.000000Z,0.24713000655174255,0.24839200079441071,0.23706300556659698,0.23706300556659698,16472365
2024-01-15T00:00:00.000000Z,0.23703800141811371,0.24567599594593048,0.23628999292850494,0.23884099721908569,17438136
2024-01-16T00:00:00.000000Z,0.23880299925804138,0.24779799580574036,0.23829400539398193,0.24586300551891327,16208585
2024-01-17T00:00:00.000000Z,0.2459149956703186,0.24756599962711334,0.24031800031661987,0.24518199265003204,17152776
2024-01-18T00:00:00.000000Z,0.24519099295139313,0.24638000130653381,0.2269199937582016,0.2303519994020462,16772263
2024-01-19T00:00:00.000000Z,0.23035299777984619,0.23066699504852295,0.21816599369049072,0.22855399549007416,18696616
2024-01-20T00:00:00.000000Z,0.22855900228023529,0.23232799768447876,0.2271140068769455,0.2317579984664917,10104157
2024-01-21T00:00:00.000000Z,0.23177200555801392,0.23367799818515778,0.22763699293136597,0.22763699293136597,11284276
2024-01-22T00:00:00.000000Z,0.22767500579357147,0.22871899604797363,0.21569399535655975,0.21606999635696411,17031946
2024-01-23T00:00:00.000000Z,0.21606799960136414,0.22032299637794495,0.20170499384403229,0.21101799607276917,19333995
2024-01-24T00:00:00.000000Z,0.21101799607276917,0.21614499390125275,0.2082190066576004,0.21573199331760406,13692714
2024-01-25T00:00:00.000000Z,0.21573999524116516,0.21918800473213196,0.21116699278354645,0.21918800473213196,16326344
2024-01-26T00:00:00.000000Z,0.21924200654029846,0.22606499493122101,0.21452300250530243,0.22524400055408478,22790392
2024-01-27T00:00:00.000000Z,0.22522899508476257,0.23431099951267242,0.22233900427818298,0.23061800003051758,17263757
2024-01-28T00:00:00.000000Z,0.2306240051984787,0.23234699666500092,0.22483000159263611,0.22672000527381897,13484124
2024-01-29T00:00:00.000000Z,0.22672300040721893,0.22941200435161591,0.22217899560928345,0.22941200435161591,13767065
2024-01-30T00:00:00.000000Z,0.22941200435161591,0.23023399710655212,0.22247299551963806,0.22282600402832031,14494009
2024-01-31T00:00:00.000000Z,0.22284600138664246,0.22641600668430328,0.21628500521183014,0.21836699545383453,15947831
2024-02-01T00:00:00.000000Z,0.21834899485111237,0.2219419926404953,0.21486599743366241,0.22060500085353851,12587747
2024-02-02T00:00:00.000000Z,0.22060400247573853,0.22216500341892242,0.21849499642848969,0.22164599597454071,9517998
2024-02-03T00:00:00.000000Z,0.22164599597454071,0.22261899709701538,0.21699200570583344,0.21736299991607666,8981299
2024-02-04T00:00:00.000000Z,0.21736399829387665,0.21853399276733398,0.21395799517631531,0.21411600708961487,9517037
2024-02-05T00:00:00.000000Z,0.21409100294113159,0.21722200512886047,0.21166899800300598,0.21566499769687653,8426548
2024-02-06T00:00:00.000000Z,0.21563899517059326,0.21797400712966919,0.21403700113296509,0.21672900021076202,9296053
2024-02-07T00:00:00.000000Z,0.21674300730228424,0.22116699814796448,0.21165600419044495,0.22105400264263153,12216591
2024-02-08T00:00:00.000000Z,0.22104600071907043,0.22436000406742096,0.2189130038022995,0.2241709977388382,12013073
2024-02-09T00:00:00.000000Z,0.22414800524711609,0.22983300685882568,0.22410500049591064,0.2288379967212677,15995612
2024-02-10T00:00:00.000000Z,0.22885900735855103,0.23071299493312836,0.22468900680541992,0.22866900265216827,12162855
2024-02-11T00:00:00.000000Z,0.22867900133132935,0.2351049929857254,0.22587199509143829,0.22728599607944489,19456801
2024-02-12T00:00:00.000000Z,0.22733700275421143,0.23920899629592896,0.22678400576114655,0.23565199971199036,68903998
2024-02-13T00:00:00.000000Z,0.23563699424266815,0.24434499442577362,0.22984500229358673,0.23411999642848969,44751137
2024-02-14T00:00:00.000000Z,0.23412400484085083,0.23821699619293213,0.23104900121688843,0.23714399337768555,20380614
2024-02-15T00:00:00.000000Z,0.23714500665664673,0.24376900494098663,0.23507499694824219,0.24140200018882751,25289998
2024-02-16T00:00:00.000000Z,0.24140599370002747,0.24942000210285187,0.23902300000190735,0.24497899413108826,24806833
2024-02-17T00:00:00.000000Z,0.2450069934129715,0.25255599617958069,0.24053700268268585,0.25253498554229736,37744688
2024-02-18T00:00:00.000000Z,0.25254100561141968,0.26818901300430298,0.25103899836540222,0.26109901070594788,50320477
2024-02-19T00:00:00.000000Z,0.26113200187683105,0.26478201150894165,0.25737398862838745,0.26108700037002563,28404674
2024-02-20T00:00:00.000000Z,0.26109099388122559,0.26628100872039795,0.24483400583267212,0.25248700380325317,37090093
2024-02-21T00:00:00.000000Z,0.25247600674629211,0.25340598821640015,0.24100500345230103,0.25095900893211365,36678818
2024-02-22T00:00:00.000000Z,0.25096198916435242,0.26028600335121155,0.24485099315643311,0.25162899494171143,32917278
2024-02-23T00:00:00.000000Z,0.25164198875427246,0.25453698635101318,0.24198800325393677,0.24818900227546692,31274384
2024-02-24T00:00:00.000000Z,0.24821199476718903,0.26002699136734009,0.24526199698448181,0.25794100761413574,26304269
2024-02-25T00:00:00.000000Z,0.25793999433517456,0.26424199342727661,0.2534329891204834,0.26114699244499207,20191012
2024-02-26T00:00:00.000000Z,0.26115599274635315,0.27219098806381226,0.25609099864959717,0.27215901017189026,31680068
2024-02-27T00:00:00.000000Z,0.27219501137733459,0.2723039984703064,0.26235899329185486,0.26754999160766602,26505931
2024-02-28T00:00:00.000000Z,0.26755800843238831,0.28637900948524475,0.25735700130462646,0.27688899636268616,47538119
2024-02-29T00:00:00.000000Z,0.27680200338363647,0.28892400860786438,0.27008900046348572,0.27870699763298035,40456313
2024-03-01T00:00:00.000000Z,0.27867698669433594,0.29815199971199036,0.27867698669433594,0.29813098907470703,32905588
2024-03-02T00:00:00.000000Z,0.29812601208686829,0.35751399397850037,0.29812601208686829,0.331402987241745,241810027
2024-03-03T00:00:00.000000Z,0.33145299553871155,0.3322170078754425,0.29890498518943787,0.31688299775123596,75816781
2024-03-04T00:00:00.000000Z,0.31687799096107483,0.34595701098442078,0.31342399120330811,0.32839500904083252,79840936
2024-03-05T00:00:00.000000Z,0.32841798663139343,0.33474200963973999,0.27151700854301453,0.30140900611877441,171913429
2024-03-06T00:00:00.000000Z,0.30141699314117432,0.32711899280548096,0.29058799147605896,0.32548001408576965,193071818
2024-03-07T00:00:00.000000Z,0.32548001408576965,0.35542899370193481,0.32328000664710999,0.35048401355743408,156054261
2024-03-08T00:00:00.000000Z,0.35048100352287292,0.3505760133266449,0.32122001051902771,0.34085500240325928,125170233
2024-03-09T00:00:00.000000Z,0.34085500240325928,0.36177301406860352,0.33577099442481995,0.36176198720932007,112523479
2024-03-10T00:00:00.000000Z,0.36176300048828125,0.36739799380302429,0.34738999605178833,0.35563001036643982,107748087
2024-03-11T00:00:00.000000Z,0.35563099384307861,0.37420299649238586,0.3406749963760376,0.37255901098251343,155660287
2024-03-12T00:00:00.000000Z,0.37255901098251343,0.37304198741912842,0.34509199857711792,0.37078198790550232,137295051
2024-03-13T00:00:00.000000Z,0.37078198790550232,0.38361799716949463,0.36654499173164368,0.37547901272773743,176334510
2024-03-14T00:00:00.000000Z,0.37547901272773743,0.37652298808097839,0.34300801157951355,0.362652987241745,262561018
2024-03-15T00:00:00.000000Z,0.362652987241745,0.36459898948669434,0.31589400768280029,0.33867499232292175,245822734
2024-03-16T00:00:00.000000Z,0.33867499232292175,0.3413580060005188,0.30020499229431152,0.30693900585174561,92574744
2024-03-17T00:00:00.000000Z,0.30693900585174561,0.31881201267242432,0.29136198759078979,0.31507000327110291,57970667
2024-03-18T00:00:00.000000Z,0.31507000327110291,0.31671199202537537,0.29273399710655212,0.29781600832939148,37785096
2024-03-19T00:00:00.000000Z,0.29781600832939148,0.30011698603630066,0.26318499445915222,0.26907700300216675,104545557
2024-03-20T00:00:00.000000Z,0.26904198527336121,0.30138900876045227,0.26096600294113159,0.30110400915145874,119078162
2024-03-21T00:00:00.000000Z,0.30110400915145874,0.30886301398277283,0.29597398638725281,0.30339398980140686,108920649
2024-03-22T00:00:00.000000Z,0.30339300632476807,0.30593499541282654,0.28428798913955688,0.29137301445007324,60935308
2024-03-23T00:00:00.000000Z,0.29137301445007324,0.3030950129032135,0.2879520058631897,0.2969290018081665,19460588
2024-03-24T00:00:00.000000Z,0.2969290018081665,0.31199398636817932,0.29627799987792969,0.30990400910377502,56749270
2024-03-25T00:00:00.000000Z,0.30990299582481384,0.34038498997688293,0.30710700154304504,0.33219000697135925,72772690
2024-03-26T00:00:00.000000Z,0.33219000697135925,0.35372498631477356,0.3321860134601593,0.34650999307632446,84444573
2024-03-27T00:00:00.000000Z,0.34650999307632446,0.35359099507331848,0.33392399549484253,0.33705499768257141,78983576
2024-03-28T00:00:00.000000Z,0.33705499768257141,0.34110599756240845,0.32915699481964111,0.33640000224113464,29330814
2024-03-29T00:00:00.000000Z,0.3364030122756958,0.33872500061988831,0.32553398609161377,0.33320799469947815,38095486
2024-03-30T00:00:00.000000Z,0.33320799469947815,0.33501899242401123,0.32474800944328308,0.32627600431442261,35201878
2024-03-31T00:00:00.000000Z,0.32627600431442261,0.33716699481010437,0.32581400871276855,0.33611899614334106,26373607
2024-04-01T00:00:00.000000Z,0.33611899614334106,0.34072700142860413,0.30530500411987305,0.31627601385116577,102562841
2024-04-02T00:00:00.000000Z,0.31627601385116577,0.31627601385116577,0.28562700748443604,0.28820699453353882,102786765
2024-04-03T00:00:00.000000Z,0.28820699453353882,0.29644700884819031,0.27902200818061829,0.28680598735809326,84296361
2024-04-04T00:00:00.000000Z,0.28680598735809326,0.30156600475311279,0.28082498908042908,0.29632601141929626,37059186
2024-04-05T00:00:00.000000Z,0.29632601141929626,0.29859000444412231,0.28004398941993713,0.29386800527572632,54910347
2024-04-06T00:00:00.000000Z,0.29386800527572632,0.29887300729751587,0.29259198904037476,0.29692500829696655,28994651
2024-04-07T00:00:00.000000Z,0.29692500829696655,0.30264601111412048,0.2956480085849762,0.30232301354408264,28004637
2024-04-08T00:00:00.000000Z,0.30232301354408264,0.32509499788284302,0.29482400417327881,0.32317999005317688,40843893
2024-04-09T00:00:00.000000Z,0.32317999005317688,0.32885700464248657,0.30645200610160828,0.31886398792266846,91982326
2024-04-10T00:00:00.000000Z,0.31886398792266846,0.32333499193191528,0.29896301031112671,0.32305100560188293,55397163
2024-04-11T00:00:00.000000Z,0.32305100560188293,0.33443599939346313,0.31662499904632568,0.32523998618125916,59894455
2024-04-12T00:00:00.000000Z,0.32523998618125916,0.35102099180221558,0.27380898594856262,0.28741198778152466,166543423
2024-04-13T00:00:00.000000Z,0.28741198778152466,0.28764700889587402,0.21383300423622131,0.24046699702739716,156739684
2024-04-14T00:00:00.000000Z,0.24044899642467499,0.26081600785255432,0.23150299489498138,0.25924301147460938,68423111
2024-04-15T00:00:00.000000Z,0.25924301147460938,0.27371799945831299,0.24277099967002869,0.24807000160217285,38893994
2024-04-16T00:00:00.000000Z,0.24807000160217285,0.2504040002822876,0.23258300125598907,0.24341300129890442,30395147
2024-04-17T00:00:00.000000Z,0.24341300129890442,0.24609500169754028,0.22954200208187103,0.23739899694919586,22764088
2024-04-18T00:00:00.000000Z,0.23739899694919586,0.24647200107574463,0.23130899667739868,0.24444800615310669,20549331
2024-04-19T00:00:00.000000Z,0.24444800615310669,0.2526949942111969,0.22768700122833252,0.24769100546836853,25670253
2024-04-20T00:00:00.000000Z,0.24769100546836853,0.26723098754882812,0.24517999589443207,0.26673999428749084,15653783
2024-04-21T00:00:00.000000Z,0.26673999428749084,0.26816698908805847,0.25773099064826965,0.26118901371955872,13048644
2024-04-22T00:00:00.000000Z,0.26120999455451965,0.27000001072883606,0.26111200451850891,0.26791098713874817,17111166
2024-04-23T00:00:00.000000Z,0.26791098713874817,0.27569800615310669,0.26441100239753723,0.27567198872566223,16807144
2024-04-24T00:00:00.000000Z,0.27567198872566223,0.28328698873519897,0.26185899972915649,0.26432201266288757,28499310
2024-04-25T00:00:00.000000Z,0.26432600617408752,0.2654469907283783,0.25185799598693848,0.2602199912071228,18647995
2024-04-26T00:00:00.000000Z,0.2602199912071228,0.262239009141922,0.25314599275588989,0.25859600305557251,15839418
2024-04-27T00:00:00.000000Z,0.25859600305557251,0.260343998670578,0.25062298774719238,0.25864800810813904,17623672
2024-04-28T00:00:00.000000Z,0.25864800810813904,0.26257601380348206,0.25369301438331604,0.25383099913597107,11879243
2024-04-29T00:00:00.000000Z,0.25383099913597107,0.2583020031452179,0.24430200457572937,0.24912700057029724,22171804
2024-04-30T00:00:00.000000Z,0.24912700057029724,0.25153398513793945,0.23033599555492401,0.23839999735355377,18580385
2024-05-01T00:00:00.000000Z,0.23839899897575378,0.23942899703979492,0.22317999601364136,0.23914900422096252,24276463
2024-05-02T00:00:00.000000Z,0.23914900422096252,0.24444399774074554,0.23097600042819977,0.24147699773311615,13370972
2024-05-03T00:00:00.000000Z,0.24147699773311615,0.25256100296974182,0.23893100023269653,0.25006899237632751,14297739
2024-05-04T00:00:00.000000Z,0.25006800889968872,0.25171801447868347,0.2473980039358139,0.24823899567127228,10555480
2024-05-05T00:00:00.000000Z,0.24823899567127228,0.25266298651695251,0.24421100318431854,0.24924899637699127,13206967
2024-05-06T00:00:00.000000Z,0.24924899637699127,0.2553040087223053,0.24303600192070007,0.24320800602436066,14927772
2024-05-07T00:00:00.000000Z,0.24320800602436066,0.2470020055770874,0.24028399586677551,0.24098199605941772,13701459
2024-05-08T00:00:00.000000Z,0.24098299443721771,0.24727900326251984,0.23744599521160126,0.2426690012216568,17274093
2024-05-09T00:00:00.000000Z,0.2426690012216568,0.24853700399398804,0.23734599351882935,0.24748599529266357,11231035
2024-05-10T00:00:00.000000Z,0.24748599529266357,0.25170400738716125,0.2354310005903244,0.23697899281978607,16584270
2024-05-11T00:00:00.000000Z,0.23697899281978607,0.23987899720668793,0.23072199523448944,0.23082800209522247,14356065
2024-05-12T00:00:00.000000Z,0.23082800209522247,0.23205000162124634,0.22520600259304047,0.22648699581623077,9805179
2024-05-13T00:00:00.000000Z,0.22648699581623077,0.23470799624919891,0.2199070006608963,0.23018999397754669,14327379
2024-05-14T00:00:00.000000Z,0.23018999397754669,0.23812800645828247,0.22220699489116669,0.22242599725723267,31325493
2024-05-15T00:00:00.000000Z,0.22242599725723267,0.23631599545478821,0.22081999480724335,0.23536300659179688,14207550
2024-05-16T00:00:00.000000Z,0.23535099625587463,0.23939900100231171,0.23312699794769287,0.23911400139331818,17356167
2024-05-17T00:00:00.000000Z,0.23911400139331818,0.24673900008201599,0.23569799959659576,0.245728999376297,12756635
2024-05-18T00:00:00.000000Z,0.245728999376297,0.24730999767780304,0.24297900497913361,0.2450219988822937,10651820
2024-05-19T00:00:00.000000Z,0.24502299726009369,0.24600300192832947,0.23543600738048553,0.23580799996852875,9158783
2024-05-20T00:00:00.000000Z,0.23580799996852875,0.2555679976940155,0.23262299597263336,0.2554590106010437,21545165
2024-05-21T00:00:00.000000Z,0.25545799732208252,0.25935599207878113,0.25312700867652893,0.25407800078392029,19401750
2024-05-22T00:00:00.000000Z,0.25407800078392029,0.25584900379180908,0.24809899926185608,0.25170201063156128,14591969
2024-05-23T00:00:00.000000Z,0.25170201063156128,0.25457501411437988,0.23550499975681305,0.24514999985694885,23318349
2024-05-24T00:00:00.000000Z,0.24514999985694885,0.24907800555229187,0.23947900533676147,0.24761399626731873,10875212
2024-05-25T00:00:00.000000Z,0.24761399626731873,0.25219100713729858,0.24745599925518036,0.24929900467395782,7952608
2024-05-26T00:00:00.000000Z,0.24929900467395782,0.25022599101066589,0.24188199639320374,0.24292799830436707,8430240
2024-05-27T00:00:00.000000Z,0.24292799830436707,0.25313100218772888,0.24210800230503082,0.25029799342155457,11226418
2024-05-28T00:00:00.000000Z,0.25029799342155457,0.25090798735618591,0.24248699843883514,0.24603499472141266,15791701
2024-05-29T00:00:00.000000Z,0.24603499472141266,0.24986299872398376,0.24204400181770325,0.24207399785518646,11335965
2024-05-30T00:00:00.000000Z,0.24207499623298645,0.24631699919700623,0.23736900091171265,0.24300700426101685,12608594
2024-05-31T00:00:00.000000Z,0.24300700426101685,0.24344000220298767,0.23651500046253204,0.24331599473953247,13480810
2024-06-01T00:00:00.000000Z,0.24331599473953247,0.24331599473953247,0.23916199803352356,0.24176099896430969,8924892
2024-06-02T00:00:00.000000Z,0.24176099896430969,0.24708199501037598,0.24065500497817993,0.24327400326728821,15009565
2024-06-03T00:00:00.000000Z,0.24327400326728821,0.24842299520969391,0.24091899394989014,0.24266499280929565,15457971
2024-06-04T00:00:00.000000Z,0.24266499280929565,0.24334399402141571,0.23602400720119476,0.24330399930477142,11079081
2024-06-05T00:00:00.000000Z,0.24330399930477142,0.2513279914855957,0.24326300621032715,0.24952000379562378,16618618
2024-06-06T00:00:00.000000Z,0.24952000379562378,0.24983599781990051,0.24194100499153137,0.24509499967098236,11418264
2024-06-07T00:00:00.000000Z,0.24509400129318237,0.25314301252365112,0.21878500282764435,0.22924299538135529,24881758
2024-06-08T00:00:00.000000Z,0.22920699417591095,0.2308419942855835,0.21081799268722534,0.21263499557971954,16549595
2024-06-09T00:00:00.000000Z,0.21262699365615845,0.2196819931268692,0.21255500614643097,0.21898800134658813,11496848
2024-06-10T00:00:00.000000Z,0.21897999942302704,0.22496500611305237,0.21444599330425262,0.22020399570465088,26427010
2024-06-11T00:00:00.000000Z,0.22020499408245087,0.22175900638103485,0.20787699520587921,0.21545599400997162,27507981
2024-06-12T00:00:00.000000Z,0.21543300151824951,0.22936500608921051,0.21163499355316162,0.22360800206661224,14842395
2024-06-13T00:00:00.000000Z,0.22369000315666199,0.22517800331115723,0.21080100536346436,0.21153800189495087,9305947
2024-06-14T00:00:00.000000Z,0.21152900159358978,0.2175460010766983,0.20611000061035156,0.20976400375366211,11075561
2024-06-15T00:00:00.000000Z,0.209757000207901,0.21462500095367432,0.20962899923324585,0.21342100203037262,6363125
2024-06-16T00:00:00.000000Z,0.21343399584293365,0.21516099572181702,0.20966300368309021,0.21357299387454987,5860136
2024-06-17T00:00:00.000000Z,0.21358700096607208,0.21426600217819214,0.19437099993228912,0.19720900058746338,28950342
2024-06-18T00:00:00.000000Z,0.19717000424861908,0.19793799519538879,0.17586399614810944,0.18253700435161591,73334451
2024-06-19T00:00:00.000000Z,0.18253900110721588,0.19006599485874176,0.18142500519752502,0.18747800588607788,41582258
2024-06-20T00:00:00.000000Z,0.18747800588607788,0.19728399813175201,0.1868010014295578,0.19110600650310516,91611344
2024-06-21T00:00:00.000000Z,0.19110399484634399,0.19441899657249451,0.18851800262928009,0.1899770051240921,85365497
2024-06-22T00:00:00.000000Z,0.18998800218105316,0.19065900146961212,0.18734900653362274,0.18906700611114502,23357903
2024-06-23T00:00:00.000000Z,0.18904200196266174,0.19221900403499603,0.18528400361537933,0.18572099506855011,29588332
2024-06-24T00:00:00.000000Z,0.18572500348091125,0.19009999930858612,0.18095700442790985,0.19009999930858612,55641638
2024-06-25T00:00:00.000000Z,0.19010500609874725,0.1966869980096817,0.18904200196266174,0.19378399848937988,56584579
2024-06-26T00:00:00.000000Z,0.19379499554634094,0.19510099291801453,0.18928700685501099,0.1908780038356781,52599268
2024-06-27T00:00:00.000000Z,0.19087700545787811,0.19747599959373474,0.18877999484539032,0.19746899604797363,50770143
2024-06-28T00:00:00.000000Z,0.19746799767017365,0.19957199692726135,0.19312499463558197,0.19313700497150421,58152816
2024-06-29T00:00:00.000000Z,0.19314000010490417,0.19634999334812164,0.18821999430656433,0.18854700028896332,23959705
2024-06-30T00:00:00.000000Z,0.18854799866676331,0.19779400527477264,0.18561199307441711,0.19653600454330444,36332160
2024-07-01T00:00:00.000000Z,0.19653099775314331,0.19885499775409698,0.18922899663448334,0.18942299485206604,50417300
2024-07-02T00:00:00.000000Z,0.18944300711154938,0.19227300584316254,0.18850299715995789,0.18986399471759796,46691681
2024-07-03T00:00:00.000000Z,0.18987800180912018,0.19041900336742401,0.18322500586509705,0.18480600416660309,39048209
2024-07-04T00:00:00.000000Z,0.18478499352931976,0.18536399304866791,0.16906200349330902,0.16906200349330902,34664247
2024-07-05T00:00:00.000000Z,0.16904300451278687,0.16910900175571442,0.15163299441337585,0.16835300624370575,101129958
2024-07-06T00:00:00.000000Z,0.16833700239658356,0.17694500088691711,0.16667099297046661,0.1764339953660965,59041354
2024-07-07T00:00:00.000000Z,0.1764409989118576,0.17672300338745117,0.1648620069026947,0.16532200574874878,58240253
2024-07-08T00:00:00.000000Z,0.16532400250434875,0.17405499517917633,0.1596750020980835,0.16963000595569611,59439154
2024-07-09T00:00:00.000000Z,0.16962699592113495,0.17752799391746521,0.16885299980640411,0.17752799391746521,56958978
2024-07-10T00:00:00.000000Z,0.17752799391746521,0.18012399971485138,0.17478600144386292,0.17931200563907623,12398851
2024-07-11T00:00:00.000000Z,0.17932799458503723,0.18408900499343872,0.17883400619029999,0.17941799759864807,24588616
2024-07-12T00:00:00.000000Z,0.17941500246524811,0.18170100450515747,0.17649100720882416,0.18170000612735748,30775007
2024-07-13T00:00:00.000000Z,0.18170499801635742,0.18616199493408203,0.18088400363922119,0.18527999520301819,16498018
2024-07-14T00:00:00.000000Z,0.18528600037097931,0.18918199837207794,0.18384799361228943,0.18883000314235687,18722302
2024-07-15T00:00:00.000000Z,0.1888359934091568,0.1964000016450882,0.18881100416183472,0.19639900326728821,54381897
2024-07-16T00:00:00.000000Z,0.196383997797966,0.19856999814510345,0.18923799693584442,0.19709999859333038,79829915
2024-07-17T00:00:00.000000Z,0.19709199666976929,0.203357994556427,0.19677199423313141,0.19677199423313141,36974713
2024-07-18T00:00:00.000000Z,0.19676700234413147,0.2015330046415329,0.18618099391460419,0.18861900269985199,49913749
2024-07-19T00:00:00.000000Z,0.18859200179576874,0.20233699679374695,0.18702299892902374,0.20206399261951447,48554275
2024-07-20T00:00:00.000000Z,0.20205800235271454,0.20264600217342377,0.19815300405025482,0.19899499416351318,15515384
2024-07-21T00:00:00.000000Z,0.1990479975938797,0.2061150074005127,0.19571599364280701,0.20543399453163147,23883215
2024-07-22T00:00:00.000000Z,0.20543399453163147,0.20615200698375702,0.19432899355888367,0.19433599710464478,210917246
2024-07-23T00:00:00.000000Z,0.19433599710464478,0.19779500365257263,0.18999899923801422,0.1921209990978241,20851882
2024-07-24T00:00:00.000000Z,0.19212000072002411,0.20756399631500244,0.1909710019826889,0.19233299791812897,34285099
2024-07-25T00:00:00.000000Z,0.19235900044441223,0.19341699779033661,0.17944900691509247,0.18394799530506134,23442822
2024-07-26T00:00:00.000000Z,0.18394799530506134,0.19303399324417114,0.18306800723075867,0.19296599924564362,12101728
2024-07-27T00:00:00.000000Z,0.19296300411224365,0.19902500510215759,0.19213399291038513,0.19822399318218231,12044822
2024-07-28T00:00:00.000000Z,0.19822399318218231,0.19869899749755859,0.19430199265480042,0.19666700065135956,10260496
2024-07-29T00:00:00.000000Z,0.19666700065135956,0.19965100288391113,0.19193899631500244,0.19206699728965759,17932647
2024-07-30T00:00:00.000000Z,0.19206100702285767,0.19632400572299957,0.19063800573348999,0.19264400005340576,10529283
2024-07-31T00:00:00.000000Z,0.19265200197696686,0.19804699718952179,0.19181400537490845,0.19332499802112579,10467028
2024-08-01T00:00:00.000000Z,0.19332900643348694,0.1949470043182373,0.17415499687194824,0.18514299392700195,15176892
2024-08-02T00:00:00.000000Z,0.18514299392700195,0.18516500294208527,0.16995899379253387,0.17012299597263336,15697373
2024-08-03T00:00:00.000000Z,0.17012299597263336,0.17323899269104004,0.16195499897003174,0.1665710061788559,13181943
2024-08-04T00:00:00.000000Z,0.1665710061788559,0.16813300549983978,0.15247400104999542,0.15760199725627899,15044350
2024-08-05T00:00:00.000000Z,0.15760199725627899,0.15891799330711365,0.13267000019550323,0.15278500318527222,44204122
2024-08-06T00:00:00.000000Z,0.15278500318527222,0.16081100702285767,0.15259100496768951,0.15642699599266052,21057463
2024-08-07T00:00:00.000000Z,0.15642699599266052,0.16047300398349762,0.15156599879264832,0.15431399643421173,14716953
2024-08-08T00:00:00.000000Z,0.15431499481201172,0.16816900670528412,0.15208299458026886,0.16790999472141266,13393124
2024-08-09T00:00:00.000000Z,0.16790999472141266,0.16792699694633484,0.16257199645042419,0.16668200492858887,12546046
2024-08-10T00:00:00.000000Z,0.16668200492858887,0.16860899329185486,0.16393199563026428,0.16791200637817383,8221441
2024-08-11T00:00:00.000000Z,0.16791200637817383,0.16893400251865387,0.15796799957752228,0.15840600430965424,10932710
2024-08-12T00:00:00.000000Z,0.15840600430965424,0.16761599481105804,0.15828500688076019,0.16374300420284271,12019389
2024-08-13T00:00:00.000000Z,0.16374300420284271,0.1705700010061264,0.15955600142478943,0.16818299889564514,11809622
2024-08-14T00:00:00.000000Z,0.16818299889564514,0.16926699876785278,0.16409699618816376,0.16578400135040283,9748231
2024-08-15T00:00:00.000000Z,0.16578400135040283,0.16742900013923645,0.15985000133514404,0.16128399968147278,10373817
2024-08-16T00:00:00.000000Z,0.16128399968147278,0.16319699585437775,0.15658999979496002,0.1602109968662262,9188472
2024-08-17T00:00:00.000000Z,0.1602109968662262,0.16362500190734863,0.15941900014877319,0.16329400241374969,7222419
2024-08-18T00:00:00.000000Z,0.16329400241374969,0.16729600727558136,0.16116799414157867,0.16411399841308594,7116794
2024-08-19T00:00:00.000000Z,0.16411399841308594,0.16871799528598785,0.16100500524044037,0.16866199672222137,9644007
2024-08-20T00:00:00.000000Z,0.16866199672222137,0.17159900069236755,0.16677400469779968,0.17095600068569183,8856673
2024-08-21T00:00:00.000000Z,0.17095600068569183,0.17819100618362427,0.16934800148010254,0.17596200108528137,12756185
2024-08-22T00:00:00.000000Z,0.17596200108528137,0.1811860054731369,0.17428900301456451,0.17748700082302094,16506069
2024-08-23T00:00:00.000000Z,0.17748700082302094,0.18786099553108215,0.17671099305152893,0.18667399883270264,11739810
2024-08-24T00:00:00.000000Z,0.18667499721050262,0.19320100545883179,0.18487200140953064,0.19018399715423584,10671201
2024-08-25T00:00:00.000000Z,0.19018800556659698,0.19113500416278839,0.18304799497127533,0.18781399726867676,7969997
2024-08-26T00:00:00.000000Z,0.18781399726867676,0.18842999637126923,0.17722600698471069,0.17827600240707397,9830353
2024-08-27T00:00:00.000000Z,0.17827600240707397,0.18020699918270111,0.16762900352478027,0.16959699988365173,9852823
2024-08-28T00:00:00.000000Z,0.16959699988365173,0.1751679927110672,0.16292199492454529,0.16460900008678436,11030142
2024-08-29T00:00:00.000000Z,0.16460900008678436,0.16961200535297394,0.1622840017080307,0.16490499675273895,8615406
2024-08-30T00:00:00.000000Z,0.16490499675273895,0.16741800308227539,0.15929000079631805,0.16552899777889252,9290080
2024-08-31T00:00:00.000000Z,0.16552899777889252,0.16584399342536926,0.16114699840545654,0.16290299594402313,5804707
2024-09-01T00:00:00.000000Z,0.16290299594402313,0.16294600069522858,0.15679299831390381,0.15762799978256226,7962035
2024-09-02T00:00:00.000000Z,0.15762799978256226,0.16591499745845795,0.15714199841022491,0.1652739942073822,7862363
2024-09-03T00:00:00.000000Z,0.1652739942073822,0.16727100312709808,0.15875299274921417,0.15887899696826935,7614251
2024-09-04T00:00:00.000000Z,0.15887799859046936,0.16529199481010437,0.15297199785709381,0.16167299449443817,9494235
2024-09-05T00:00:00.000000Z,0.16167299449443817,0.16222700476646423,0.15683600306510925,0.15765999257564545,7331414
2024-09-06T00:00:00.000000Z,0.15765999257564545,0.15998099744319916,0.1482899934053421,0.1525769978761673,10707237
2024-09-07T00:00:00.000000Z,0.1525769978761673,0.15837199985980988,0.15246999263763428,0.15604299306869507,10077362
2024-09-08T00:00:00.000000Z,0.15604299306869507,0.15983900427818298,0.15524299442768097,0.15842600166797638,7475073
2024-09-09T00:00:00.000000Z,0.15842600166797638,0.16577699780464172,0.1578260064125061,0.16479900479316711,8203797
2024-09-10T00:00:00.000000Z,0.16479900479316711,0.16811400651931763,0.16306500136852264,0.16722999513149261,7116965
2024-09-11T00:00:00.000000Z,0.16722699999809265,0.16813099384307861,0.16191099584102631,0.16738100349903107,8935304
2024-09-12T00:00:00.000000Z,0.16738200187683105,0.17300200462341309,0.16720099747180939,0.17283099889755249,7402730
2024-09-13T00:00:00.000000Z,0.17283099889755249,0.1757500022649765,0.17000100016593933,0.17511500418186188,7078002
2024-09-14T00:00:00.000000Z,0.17511500418186188,0.17512500286102295,0.17151400446891785,0.17305600643157959,5797515
2024-09-15T00:00:00.000000Z,0.17305600643157959,0.17594200372695923,0.17078100144863129,0.1714089959859848,7181174
2024-09-16T00:00:00.000000Z,0.1714089959859848,0.17366600036621094,0.16734099388122559,0.16808299720287323,10269924
2024-09-17T00:00:00.000000Z,0.16808299720287323,0.17520199716091156,0.16672900319099426,0.17439599335193634,7515395
2024-09-18T00:00:00.000000Z,0.17439599335193634,0.17713899910449982,0.16804300248622894,0.17634099721908569,8369322
2024-09-19T00:00:00.000000Z,0.17634099721908569,0.18391300737857819,0.17632700502872467,0.18235500156879425,12794359
2024-09-20T00:00:00.000000Z,0.18235500156879425,0.18873800337314606,0.18132300674915314,0.18658800423145294,9410401
2024-09-21T00:00:00.000000Z,0.18658800423145294,0.1950249969959259,0.18658800423145294,0.19501599669456482,8073952
2024-09-22T00:00:00.000000Z,0.19501599669456482,0.19526399672031403,0.18226900696754456,0.18745000660419464,11385241
2024-09-23T00:00:00.000000Z,0.18745000660419464,0.19357000291347504,0.18454299867153168,0.19351999461650848,9989226
2024-09-24T00:00:00.000000Z,0.19351999461650848,0.19814999401569366,0.18907999992370605,0.1948850005865097,14944932
2024-09-25T00:00:00.000000Z,0.1948850005865097,0.19577500224113464,0.18890999257564545,0.18934699892997742,8075996
2024-09-26T00:00:00.000000Z,0.18934699892997742,0.19629600644111633,0.18672899901866913,0.1944659948348999,10893029
2024-09-27T00:00:00.000000Z,0.1944659948348999,0.1985740065574646,0.19268199801445007,0.19696199893951416,17671257
2024-09-28T00:00:00.000000Z,0.19696199893951416,0.19872200489044189,0.18961000442504883,0.19262300431728363,9246927
2024-09-29T00:00:00.000000Z,0.19262300431728363,0.19322800636291504,0.18836799263954163,0.19110700488090515,8419201
2024-09-30T00:00:00.000000Z,0.19110700488090515,0.19146899878978729,0.17814500629901886,0.17894899845123291,11640196
2024-10-01T00:00:00.000000Z,0.17894899845123291,0.18637500703334808,0.16722099483013153,0.16764500737190247,14762188
2024-10-02T00:00:00.000000Z,0.16764500737190247,0.17174400389194489,0.15972700715065002,0.16214199364185333,13191921
2024-10-03T00:00:00.000000Z,0.16214199364185333,0.16579300165176392,0.15769399702548981,0.16458700597286224,12356716
2024-10-04T00:00:00.000000Z,0.16458700597286224,0.16936300694942474,0.16371899843215942,0.16935500502586365,9598693
2024-10-05T00:00:00.000000Z,0.16935500502586365,0.1720069944858551,0.16671499609947205,0.16990700364112854,7205784
2024-10-06T00:00:00.000000Z,0.16990700364112854,0.17498199641704559,0.16954599320888519,0.17485900223255157,6473161
2024-10-07T00:00:00.000000Z,0.17486000061035156,0.17868199944496155,0.17382299900054932,0.17414300143718719,9368440
2024-10-08T00:00:00.000000Z,0.17414300143718719,0.17513500154018402,0.16792899370193481,0.17135100066661835,9746059
2024-10-09T00:00:00.000000Z,0.17135100066661835,0.17249000072479248,0.16541700065135956,0.16718700528144836,8558927
2024-10-10T00:00:00.000000Z,0.16718700528144836,0.17008499801158905,0.16131100058555603,0.16588599979877472,9561109
2024-10-11T00:00:00.000000Z,0.16588599979877472,0.1739950031042099,0.16568900644779205,0.1731719970703125,9422935
2024-10-12T00:00:00.000000Z,0.1731719970703125,0.1768610030412674,0.17313699424266815,0.17523199319839478,6219739
2024-10-13T00:00:00.000000Z,0.17523199319839478,0.17564800381660461,0.17012199759483337,0.17295500636100769,7620729
2024-10-14T00:00:00.000000Z,0.17295500636100769,0.1809999942779541,0.17136399447917938,0.18061800301074982,10913381
2024-10-15T00:00:00.000000Z,0.18061800301074982,0.18311199545860291,0.17426000535488129,0.18046900629997253,13212425
2024-10-16T00:00:00.000000Z,0.18046799302101135,0.18119299411773682,0.17586199939250946,0.17668500542640686,9936625
2024-10-17T00:00:00.000000Z,0.17668500542640686,0.17776000499725342,0.17030200362205505,0.17272600531578064,9518105
2024-10-18T00:00:00.000000Z,0.17272600531578064,0.17697300016880035,0.17228700220584869,0.1769690066576004,8361923
2024-10-19T00:00:00.000000Z,0.1769690066576004,0.18072600662708282,0.17636600136756897,0.17929500341415405,7301782
2024-10-20T00:00:00.000000Z,0.17929500341415405,0.1838269978761673,0.17710100114345551,0.18381799757480621,8436453
2024-10-21T00:00:00.000000Z,0.18381799757480621,0.18500499427318573,0.17769700288772583,0.17841599881649017,9898383
2024-10-22T00:00:00.000000Z,0.17841599881649017,0.17900699377059937,0.1725659966468811,0.17552399635314941,9841615
2024-10-23T00:00:00.000000Z,0.17552399635314941,0.17573800683021545,0.16571199893951416,0.17211300134658813,13007124
2024-10-24T00:00:00.000000Z,0.17247900366783142,0.18124300241470337,0.17028699815273285,0.17629300057888031,17282883
2024-10-25T00:00:00.000000Z,0.17629300057888031,0.17675000429153442,0.15712299942970276,0.16065999865531921,12754719
2024-10-26T00:00:00.000000Z,0.16065999865531921,0.16445699334144592,0.15887199342250824,0.16094599664211273,9942125
2024-10-27T00:00:00.000000Z,0.16094599664211273,0.16569399833679199,0.1601330041885376,0.1648779958486557,7199223
2024-10-28T00:00:00.000000Z,0.1648779958486557,0.16673600673675537,0.16149599850177765,0.16558200120925903,11173164
2024-10-29T00:00:00.000000Z,0.16558200120925903,0.17279499769210815,0.16513900458812714,0.17242500185966492,10595746
2024-10-30T00:00:00.000000Z,0.17242500185966492,0.17264099419116974,0.16864599287509918,0.16987800598144531,11076557
2024-10-31T00:00:00.000000Z,0.16987800598144531,0.1699260026216507,0.15935400128364563,0.16017599403858185,11592647
2024-11-01T00:00:00.000000Z,0.16017599403858185,0.16368800401687622,0.15753500163555145,0.15954500436782837,12518479
2024-11-02T00:00:00.000000Z,0.15954500436782837,0.16155800223350525,0.15452000498771667,0.1548909991979599,9000896
2024-11-03T00:00:00.000000Z,0.1548909991979599,0.15532700717449188,0.14655299484729767,0.15116700530052185,12719584
2024-11-04T00:00:00.000000Z,0.15116700530052185,0.15298199653625488,0.14644999802112579,0.14907799661159515,13816378
2024-11-05T00:00:00.000000Z,0.14907799661159515,0.15895000100135803,0.14907799661159515,0.15706999599933624,12487235
2024-11-06T00:00:00.000000Z,0.15706999599933624,0.17069500684738159,0.15690700709819794,0.17069099843502045,18306147
2024-11-07T00:00:00.000000Z,0.17069099843502045,0.17360000312328339,0.16699600219726562,0.17114800214767456,32949948
2024-11-08T00:00:00.000000Z,0.17114800214767456,0.17248600721359253,0.16401900351047516,0.17083300650119781,23566202
2024-11-09T00:00:00.000000Z,0.17083300650119781,0.17513200640678406,0.16860300302505493,0.17498800158500671,14681707
2024-11-10T00:00:00.000000Z,0.17498800158500671,0.18967099487781525,0.17336100339889526,0.18408699333667755,25714263
2024-11-11T00:00:00.000000Z,0.18408699333667755,0.19501499831676483,0.18176700174808502,0.19494399428367615,29376203
2024-11-12T00:00:00.000000Z,0.19494399428367615,0.20383000373840332,0.18413800001144409,0.19691100716590881,45186271
2024-11-13T00:00:00.000000Z,0.19691100716590881,0.19975100457668304,0.18061499297618866,0.18734300136566162,33420783
2024-11-14T00:00:00.000000Z,0.18734300136566162,0.19191700220108032,0.17896999418735504,0.18130700290203094,34844297
2024-11-15T00:00:00.000000Z,0.18131199479103088,0.19231800734996796,0.17571699619293213,0.19208000600337982,33455069
2024-11-16T00:00:00.000000Z,0.192221999168396,0.21644400060176849,0.19167099893093109,0.21623200178146362,29744764
2024-11-17T00:00:00.000000Z,0.21622300148010254,0.21649299561977386,0.19267599284648895,0.19648300111293793,27983186
2024-11-18T00:00:00.000000Z,0.19648300111293793,0.22693699598312378,0.19528800249099731,0.22675299644470215,45096487
2024-11-19T00:00:00.000000Z,0.22675299644470215,0.22886000573635101,0.21028800308704376,0.21519799530506134,27029556
2024-11-20T00:00:00.000000Z,0.21519799530506134,0.21752999722957611,0.20223399996757507,0.20560599863529205,28883131
2024-11-21T00:00:00.000000Z,0.20560599863529205,0.21692000329494476,0.19866000115871429,0.21509000658988953,29697962
2024-11-22T00:00:00.000000Z,0.21509000658988953,0.23126800358295441,0.21197399497032166,0.23126800358295441,36873595
2024-11-23T00:00:00.000000Z,0.23126700520515442,0.26078000664710999,0.22995300590991974,0.24928100407123566,54622794
2024-11-24T00:00:00.000000Z,0.24928100407123566,0.28844299912452698,0.24109700322151184,0.28820699453353882,69358516
2024-11-25T00:00:00.000000Z,0.28821501135826111,0.32839000225067139,0.26408100128173828,0.26787799596786499,147676175
2024-11-26T00:00:00.000000Z,0.26787900924682617,0.29060700535774231,0.2618350088596344,0.28217500448226929,57349690
2024-11-27T00:00:00.000000Z,0.28217500448226929,0.30251100659370422,0.27523601055145264,0.29745599627494812,42474772
2024-11-28T00:00:00.000000Z,0.29745599627494812,0.3083379864692688,0.29337701201438904,0.30420300364494324,36222294
2024-11-29T00:00:00.000000Z,0.30420300364494324,0.33164000511169434,0.2945530116558075,0.32999500632286072,39023606
2024-11-30T00:00:00.000000Z,0.32999500632286072,0.32999500632286072,0.3106209933757782,0.31958198547363281,31955029
2024-12-01T00:00:00.000000Z,0.31958198547363281,0.3245680034160614,0.30616599321365356,0.32048198580741882,33462301
2024-12-02T00:00:00.000000Z,0.32048198580741882,0.32811900973320007,0.29307699203491211,0.32593700289726257,66169589
2024-12-03T00:00:00.000000Z,0.32591098546981812,0.34998801350593567,0.30932000279426575,0.34998801350593567,95440772
2024-12-04T00:00:00.000000Z,0.34998801350593567,0.36396300792694092,0.33505100011825562,0.35321798920631409,81887892
2024-12-05T00:00:00.000000Z,0.35321798920631409,0.35568800568580627,0.3294529914855957,0.33436301350593567,95757641
2024-12-06T00:00:00.000000Z,0.33494499325752258,0.35051101446151733,0.32421299815177917,0.34529998898506165,105550526
2024-12-07T00:00:00.000000Z,0.34529998898506165,0.36419999599456787,0.33613100647926331,0.3384850025177002,78256370
2024-12-08T00:00:00.000000Z,0.33864501118659973,0.34057700634002686,0.32792100310325623,0.34045800566673279,24774158
2024-12-09T00:00:00.000000Z,0.34045800566673279,0.34045800566673279,0.24875499308109283,0.27649399638175964,69658583
2024-12-10T00:00:00.000000Z,0.27649399638175964,0.2783840000629425,0.23889300227165222,0.26743599772453308,59868479
2024-12-11T00:00:00.000000Z,0.26743599772453308,0.29198399186134338,0.25641599297523499,0.29087799787521362,34597216
2024-12-12T00:00:00.000000Z,0.29088699817657471,0.30580699443817139,0.28769800066947937,0.29515400528907776,55035088
2024-12-13T00:00:00.000000Z,0.29515400528907776,0.29665499925613403,0.28461399674415588,0.29437801241874695,26798529
2024-12-14T00:00:00.000000Z,0.29437801241874695,0.29783299565315247,0.27289301156997681,0.27789801359176636,20881472
2024-12-15T00:00:00.000000Z,0.27789801359176636,0.28828299045562744,0.2709909975528717,0.28717899322509766,23316251
2024-12-16T00:00:00.000000Z,0.28717899322509766,0.29282999038696289,0.26862099766731262,0.27742800116539001,27592596
2024-12-17T00:00:00.000000Z,0.27742800116539001,0.27853399515151978,0.25979501008987427,0.2624180018901825,44948964
2024-12-18T00:00:00.000000Z,0.26242399215698242,0.26333001255989075,0.23826999962329865,0.2383359968662262,47548440
2024-12-19T00:00:00.000000Z,0.2383359968662262,0.24769100546836853,0.2174140065908432,0.22454799711704254,55762794
2024-12-20T00:00:00.000000Z,0.22454799711704254,0.23622700572013855,0.18971100449562073,0.22543099522590637,61910069
2024-12-21T00:00:00.000000Z,0.22543099522590637,0.23825399577617645,0.20696400105953217,0.2095009982585907,36637589
2024-12-22T00:00:00.000000Z,0.2095009982585907,0.22052599489688873,0.20594300329685211,0.21235699951648712,32716756
2024-12-23T00:00:00.000000Z,0.21235699951648712,0.23441299796104431,0.20773200690746307,0.23158599436283112,30617379
2024-12-24T00:00:00.000000Z,0.23158599436283112,0.30330199003219604,0.22569200396537781,0.27992099523544312,401341513
2024-12-25T00:00:00.000000Z,0.27992099523544312,0.2969290018081665,0.25504699349403381,0.26144900918006897,157935815
2024-12-26T00:00:00.000000Z,0.26144900918006897,0.26170098781585693,0.24044400453567505,0.24517799913883209,68697113
2024-12-27T00:00:00.000000Z,0.24517600238323212,0.25251999497413635,0.2382189929485321,0.23930199444293976,39196633
2024-12-28T00:00:00.000000Z,0.23930199444293976,0.25582900643348694,0.23808400332927704,0.25566700100898743,30456995
2024-12-29T00:00:00.000000Z,0.25566700100898743,0.26201501488685608,0.23552100360393524,0.23762699961662292,41968924
2024-12-30T00:00:00.000000Z,0.23762799799442291,0.24374499917030334,0.22808299958705902,0.23572799563407898,28101160
2024-12-31T00:00:00.000000Z,0.23572799563407898,0.2411469966173172,0.22902600467205048,0.23236900568008423,20209612
2025-01-01T00:00:00.000000Z,0.23236900568008423,0.24277999997138977,0.22702999413013458,0.24182699620723724,15973554
2025-01-02T00:00:00.000000Z,0.24182699620723724,0.24920900166034698,0.24147599935531616,0.24784000217914581,26420704
2025-01-03T00:00:00.000000Z,0.24784000217914581,0.26172199845314026,0.24384500086307526,0.25833100080490112,27816410
2025-01-04T00:00:00.000000Z,0.25833100080490112,0.26391699910163879,0.25489699840545654,0.25780299305915833,22581429
2025-01-05T00:00:00.000000Z,0.25780299305915833,0.27612000703811646,0.25367400050163269,0.2699739933013916,109478077
2025-01-06T00:00:00.000000Z,0.2699739933013916,0.29135900735855103,0.26165199279785156,0.28162801265716553,107416209
2025-01-07T00:00:00.000000Z,0.28162801265716553,0.2820810079574585,0.25122800469398499,0.25364300608634949,43802247
2025-01-08T00:00:00.000000Z,0.25364300608634949,0.25671398639678955,0.23386700451374054,0.24710699915885925,67088045
2025-01-09T00:00:00.000000Z,0.24710699915885925,0.25637900829315186,0.23797400295734406,0.24695600569248199,46958908
2025-01-10T00:00:00.000000Z,0.24695500731468201,0.2570129930973053,0.23745200037956238,0.25451499223709106,39314712
2025-01-11T00:00:00.000000Z,0.25451499223709106,0.26017099618911743,0.24545399844646454,0.25062599778175354,34469741
2025-01-12T00:00:00.000000Z,0.25062599778175354,0.25604298710823059,0.24277199804782867,0.24664300680160522,28626427
2025-01-13T00:00:00.000000Z,0.24664300680160522,0.25510099530220032,0.2221670001745224,0.23757299780845642,42072732
2025-01-14T00:00:00.000000Z,0.23757299780845642,0.24932299554347992,0.23486100137233734,0.24896499514579773,23469718
2025-01-15T00:00:00.000000Z,0.24896499514579773,0.25954699516296387,0.23797899484634399,0.25933799147605896,28997584
2025-01-16T00:00:00.000000Z,0.2593420147895813,0.26164400577545166,0.24841900169849396,0.25354200601577759,32724519
2025-01-17T00:00:00.000000Z,0.25354200601577759,0.26609599590301514,0.25345000624656677,0.26424300670623779,31319541
2025-01-18T00:00:00.000000Z,0.26424300670623779,0.26934599876403809,0.24107100069522858,0.24908299744129181,33789148
2025-01-19T00:00:00.000000Z,0.24908299744129181,0.25595700740814209,0.22387899458408356,0.22594800591468811,48335842
2025-01-20T00:00:00.000000Z,0.22594800591468811,0.25056800246238708,0.22002199292182922,0.23205900192260742,49978184
2025-01-21T00:00:00.000000Z,0.23205900192260742,0.24613499641418457,0.22287200391292572,0.23924599587917328,28994250
2025-01-22T00:00:00.000000Z,0.23924599587917328,0.24043099582195282,0.23005400598049164,0.23041599988937378,19692467
2025-01-23T00:00:00.000000Z,0.2304140031337738,0.23257200419902802,0.22141699492931366,0.22990299761295319,54589280
2025-01-24T00:00:00.000000Z,0.22989900410175323,0.23739500343799591,0.22194899618625641,0.22428399324417114,70845585
2025-01-25T00:00:00.000000Z,0.22428399324417114,0.23161900043487549,0.2221049964427948,0.2292959988117218,41732530
2025-01-26T00:00:00.000000Z,0.22930200397968292,0.24266999959945679,0.22686600685119629,0.22686600685119629,62137924
2025-01-27T00:00:00.000000Z,0.22686600685119629,0.22743900120258331,0.20861400663852692,0.22495999932289124,51971795
2025-01-28T00:00:00.000000Z,0.22495999932289124,0.2271990031003952,0.20557799935340881,0.20733599364757538,22171343
2025-01-29T00:00:00.000000Z,0.20733599364757538,0.21910999715328217,0.20647500455379486,0.21333099901676178,20722344
2025-01-30T00:00:00.000000Z,0.21333999931812286,0.22733399271965027,0.21171900629997253,0.22316999733448029,19944171
2025-01-31T00:00:00.000000Z,0.22316999733448029,0.23275099694728851,0.21747800707817078,0.22145199775695801,18555276
2025-02-01T00:00:00.000000Z,0.22144800424575806,0.2264149934053421,0.20845900475978851,0.21003399789333344,17084330
2025-02-02T00:00:00.000000Z,0.21003399789333344,0.21442399919033051,0.18138700723648071,0.18756599724292755,30269581
2025-02-03T00:00:00.000000Z,0.1875620037317276,0.1935340017080307,0.15132200717926025,0.19130100309848785,56836632
2025-02-04T00:00:00.000000Z,0.19130100309848785,0.19413599371910095,0.17347000539302826,0.18350699543952942,28196485
2025-02-05T00:00:00.000000Z,0.18350699543952942,0.18446099758148193,0.17620299756526947,0.17812000215053558,20314984
2025-02-06T00:00:00.000000Z,0.17812000215053558,0.18040899932384491,0.16793900728225708,0.16863000392913818,18785191
2025-02-07T00:00:00.000000Z,0.16863000392913818,0.18017199635505676,0.16634699702262878,0.17166699469089508,20759977
2025-02-08T00:00:00.000000Z,0.17166699469089508,0.1806119978427887,0.169623002409935,0.18011100590229034,15081479
2025-02-09T00:00:00.000000Z,0.18011100590229034,0.18338200449943542,0.16907699406147003,0.1767130047082901,16993471
2025-02-10T00:00:00.000000Z,0.1767130047082901,0.18521299958229065,0.17157100141048431,0.18432700634002686,17161065
2025-02-11T00:00:00.000000Z,0.18432700634002686,0.19223900139331818,0.17707400023937225,0.18006500601768494,18044393
2025-02-12T00:00:00.000000Z,0.18006500601768494,0.19321699440479279,0.17828600108623505,0.19175699353218079,28070600
2025-02-13T00:00:00.000000Z,0.19175699353218079,0.19277800619602203,0.18226799368858337,0.18742400407791138,20175800
2025-02-14T00:00:00.000000Z,0.18742400407791138,0.19424299895763397,0.18687400221824646,0.18959799408912659,18732970
2025-02-15T00:00:00.000000Z,0.18959799408912659,0.18989899754524231,0.18309600651264191,0.18368299305438995,13331461
2025-02-16T00:00:00.000000Z,0.18368299305438995,0.18839199841022491,0.18070100247859955,0.18589599430561066,14288981
2025-02-17T00:00:00.000000Z,0.18589599430561066,0.18992500007152557,0.18167099356651306,0.18492500483989716,16995873
2025-02-18T00:00:00.000000Z,0.18492500483989716,0.18672500550746918,0.1709509938955307,0.17580699920654297,16974755
2025-02-19T00:00:00.000000Z,0.17580999433994293,0.18153199553489685,0.17484599351882935,0.17684799432754517,21123501
2025-02-20T00:00:00.000000Z,0.17684799432754517,0.18751800060272217,0.17609800398349762,0.18681700527667999,17163091
2025-02-21T00:00:00.000000Z,0.18681700527667999,0.19056600332260132,0.17694500088691711,0.17874500155448914,18857949
2025-02-22T00:00:00.000000Z,0.17874899506568909,0.18642500042915344,0.17829999327659607,0.18400299549102783,12852847
2025-02-23T00:00:00.000000Z,0.18400299549102783,0.18749099969863892,0.18191699683666229,0.18438099324703217,13296951
2025-02-24T00:00:00.000000Z,0.18438099324703217,0.18489900231361389,0.16354699432849884,0.16383099555969238,18509468
2025-02-25T00:00:00.000000Z,0.16383199393749237,0.16854099929332733,0.15603800117969513,0.16642500460147858,24003100
2025-02-26T00:00:00.000000Z,0.16642500460147858,0.16808900237083435,0.15744499862194061,0.16471600532531738,22451367
2025-02-27T00:00:00.000000Z,0.16471600532531738,0.17238399386405945,0.16290600597858429,0.16747100651264191,15337236
2025-02-28T00:00:00.000000Z,0.16747100651264191,0.16984300315380096,0.15534600615501404,0.1677670031785965,21401799
2025-03-01T00:00:00.000000Z,0.1677670031785965,0.16901299357414246,0.16187800467014313,0.16781100630760193,12931802
2025-03-02T00:00:00.000000Z,0.16781100630760193,0.18175999820232391,0.16283899545669556,0.18115000426769257,21381185
2025-03-03T00:00:00.000000Z,0.18115000426769257,0.18230700492858887,0.15463000535964966,0.15674200654029846,21882677
2025-03-04T00:00:00.000000Z,0.15674500167369843,0.15784899890422821,0.14475199580192566,0.15674200654029846,23704312
2025-03-05T00:00:00.000000Z,0.15674200654029846,0.16333700716495514,0.15310099720954895,0.16281299293041229,15532686
2025-03-06T00:00:00.000000Z,0.16281299293041229,0.16559499502182007,0.15875799953937531,0.16179199516773224,16160895
2025-03-07T00:00:00.000000Z,0.16179299354553223,0.16513800621032715,0.15431199967861176,0.16005399823188782,18624001
2025-03-08T00:00:00.000000Z,0.16005399823188782,0.16112199425697327,0.15484599769115448,0.15634599328041077,11250413
2025-03-09T00:00:00.000000Z,0.15634599328041077,0.15704500675201416,0.1463170051574707,0.14741499722003937,14869470
2025-03-10T00:00:00.000000Z,0.14741499722003937,0.16149300336837769,0.14230400323867798,0.14341600239276886,24306921
2025-03-11T00:00:00.000000Z,0.143435999751091,0.14954599738121033,0.13562600314617157,0.1460690051317215,21822246
2025-03-12T00:00:00.000000Z,0.1460690051317215,0.1518930047750473,0.14114800095558167,0.14806200563907623,17217660
2025-03-13T00:00:00.000000Z,0.14806200563907623,0.14832599461078644,0.14067600667476654,0.1436610072851181,17905315
2025-03-14T00:00:00.000000Z,0.1436610072851181,0.15089400112628937,0.1436610072851181,0.14935700595378876,12542301
2025-03-15T00:00:00.000000Z,0.14936499297618866,0.15120400488376617,0.14768199622631073,0.15052099525928497,14243288
2025-03-16T00:00:00.000000Z,0.15052099525928497,0.15192699432373047,0.14315800368785858,0.14393000304698944,12211606
2025-03-17T00:00:00.000000Z,0.14393000304698944,0.15317200124263763,0.14379400014877319,0.15201500058174133,13061018
2025-03-18T00:00:00.000000Z,0.15201699733734131,0.15397000312805176,0.14753200113773346,0.15391199290752411,16572038
2025-03-19T00:00:00.000000Z,0.15391199290752411,0.15850700438022614,0.15384399890899658,0.1575549989938736,20693524
2025-03-20T00:00:00.000000Z,0.1575549989938736,0.15771199762821198,0.15219199657440186,0.15229000151157379,14086725
2025-03-21T00:00:00.000000Z,0.15229000151157379,0.15309199690818787,0.14603200554847717,0.14777900278568268,14534834
2025-03-22T00:00:00.000000Z,0.14777900278568268,0.15212500095367432,0.14777900278568268,0.14970600605010986,10596393
2025-03-23T00:00:00.000000Z,0.14970600605010986,0.15065999329090118,0.14688700437545776,0.14884799718856812,11804313
2025-03-24T00:00:00.000000Z,0.14884799718856812,0.1562419980764389,0.14660699665546417,0.15532499551773071,17087707
2025-03-25T00:00:00.000000Z,0.15532499551773071,0.15966600179672241,0.15493400394916534,0.15887099504470825,15029518
2025-03-26T00:00:00.000000Z,0.15887099504470825,0.16094499826431274,0.15277999639511108,0.1541530042886734,20060583
2025-03-27T00:00:00.000000Z,0.1541530042886734,0.15723499655723572,0.15239199995994568,0.15350200235843658,12980501
2025-03-28T00:00:00.000000Z,0.15350200235843658,0.15353900194168091,0.14106699824333191,0.14290100336074829,16775292
2025-03-29T00:00:00.000000Z,0.14290100336074829,0.14353799819946289,0.13382799923419952,0.13470399379730225,14982149
2025-03-30T00:00:00.000000Z,0.13470399379730225,0.13913899660110474,0.13377100229263306,0.13526900112628937,11678652
2025-03-31T00:00:00.000000Z,0.13529199361801147,0.13842600584030151,0.13291400671005249,0.13693800568580627,19219149
2025-04-01T00:00:00.000000Z,0.13693800568580627,0.14316900074481964,0.13653300702571869,0.14003999531269073,16849449
2025-04-02T00:00:00.000000Z,0.14003899693489075,0.14026400446891785,0.12809300422668457,0.12940500676631927,21675030
2025-04-03T00:00:00.000000Z,0.12941199541091919,0.13358800113201141,0.1266539990901947,0.13220599293708801,18229448
2025-04-04T00:00:00.000000Z,0.13220599293708801,0.13506799936294556,0.1285099983215332,0.13414199650287628,17701623
2025-04-05T00:00:00.000000Z,0.13414199650287628,0.13507199287414551,0.13079699873924255,0.13245399296283722,11252918
2025-04-06T00:00:00.000000Z,0.13245399296283722,0.13316699862480164,0.1172730028629303,0.11957799643278122,16452323
2025-04-07T00:00:00.000000Z,0.11957799643278122,0.12160500138998032,0.1080159991979599,0.11886099725961685,37308664
2025-04-08T00:00:00.000000Z,0.11886099725961685,0.12196700274944305,0.11309699714183807,0.1137780025601387,25130238
2025-04-09T00:00:00.000000Z,0.1137780025601387,0.12750199437141418,0.10957399755716324,0.12590800225734711,31120416
2025-04-10T00:00:00.000000Z,0.12590800225734711,0.12623299658298492,0.11970300227403641,0.1216220036149025,18771056
2025-04-11T00:00:00.000000Z,0.1216220036149025,0.12849900126457214,0.12130299955606461,0.1279350072145462,14082813
2025-04-12T00:00:00.000000Z,0.1279350072145462,0.13329799473285675,0.12591199576854706,0.13210399448871613,13037968
2025-04-13T00:00:00.000000Z,0.13210399448871613,0.13307599723339081,0.12309999763965607,0.12410099804401398,14782493
2025-04-14T00:00:00.000000Z,0.12409999966621399,0.12896999716758728,0.12301799654960632,0.12311100214719772,16966714
2025-04-15T00:00:00.000000Z,0.12311100214719772,0.12534099817276001,0.12156300246715546,0.1220880001783371,13723702
2025-04-16T00:00:00.000000Z,0.1220880001783371,0.12393800169229507,0.1198979988694191,0.12230700254440308,16590708
2025-04-17T00:00:00.000000Z,0.12230700254440308,0.12609599530696869,0.12195800244808197,0.12398699671030045,12656466
2025-04-18T00:00:00.000000Z,0.12398699671030045,0.13008800148963928,0.12349600344896317,0.1271979957818985,12212056
2025-04-19T00:00:00.000000Z,0.1271979957818985,0.13347600400447845,0.12717600166797638,0.13256700336933136,14088388
2025-04-20T00:00:00.000000Z,0.13257600367069244,0.13385100662708282,0.13058899343013763,0.13327999413013458,11427522
2025-04-21T00:00:00.000000Z,0.13327999413013458,0.13582099974155426,0.13144199550151825,0.13386900722980499,16826521
2025-04-22T00:00:00.000000Z,0.13386799395084381,0.14135900139808655,0.1311500072479248,0.14135199785232544,21163153
2025-04-23T00:00:00.000000Z,0.14135199785232544,0.14436200261116028,0.13926999270915985,0.14195400476455688,18624584
2025-04-24T00:00:00.000000Z,0.14195400476455688,0.14577999711036682,0.13752999901771545,0.14560200273990631,19753334
2025-04-25T00:00:00.000000Z,0.14560200273990631,0.15210099518299103,0.14461199939250946,0.15002599358558655,23056303
2025-04-26T00:00:00.000000Z,0.15002499520778656,0.15299500524997711,0.14939999580383301,0.15213300287723541,16411195
2025-04-27T00:00:00.000000Z,0.15213300287723541,0.15310899913311005,0.14430099725723267,0.14508199691772461,13540301
2025-04-28T00:00:00.000000Z,0.14508099853992462,0.15503199398517609,0.14163599908351898,0.15273000299930573,30188753
2025-04-29T00:00:00.000000Z,0.15272900462150574,0.15421099960803986,0.14790299534797668,0.14940199255943298,15801310
2025-04-30T00:00:00.000000Z,0.14940199255943298,0.15313400328159332,0.14532899856567383,0.15252299606800079,15350540
2025-05-01T00:00:00.000000Z,0.15252499282360077,0.15618400275707245,0.15051700174808502,0.1544329971075058,12844066
2025-05-02T00:00:00.000000Z,0.15443600714206696,0.15576399862766266,0.15117999911308289,0.15203900635242462,12182067
2025-05-03T00:00:00.000000Z,0.15203900635242462,0.15250900387763977,0.1432809978723526,0.14551100134849548,9824787
2025-05-04T00:00:00.000000Z,0.14551100134849548,0.14565399289131165,0.13903999328613281,0.13968600332736969,12098559
2025-05-05T00:00:00.000000Z,0.13968600332736969,0.14468200504779816,0.13860400021076202,0.14035600423812866,17985293
2025-05-06T00:00:00.000000Z,0.14035600423812866,0.14208100736141205,0.13224799931049347,0.13701599836349487,15803658
2025-05-07T00:00:00.000000Z,0.13701599836349487,0.13905100524425507,0.13525499403476715,0.13870799541473389,11736272
2025-05-08T00:00:00.000000Z,0.1387069970369339,0.15439300239086151,0.1387069970369339,0.15439300239086151,16443943
2025-05-09T00:00:00.000000Z,0.15439300239086151,0.16206300258636475,0.15438699722290039,0.16122299432754517,20502357
2025-05-10T00:00:00.000000Z,0.16122399270534515,0.16897100210189819,0.1603579968214035,0.16895399987697601,19023102
2025-05-11T00:00:00.000000Z,0.16895399987697601,0.16962499916553497,0.16098800301551819,0.16469000279903412,17746229
2025-05-12T00:00:00.000000Z,0.16469100117683411,0.17225199937820435,0.15848399698734283,0.1650329977273941,30178040
2025-05-13T00:00:00.000000Z,0.1650329977273941,0.17049099504947662,0.15627999603748322,0.16868700087070465,19514681
2025-05-14T00:00:00.000000Z,0.16868199408054352,0.17027999460697174,0.15884800255298615,0.15950800478458405,16137324
2025-05-15T00:00:00.000000Z,0.15966300666332245,0.16197399795055389,0.15077799558639526,0.15357600152492523,18120379
2025-05-16T00:00:00.000000Z,0.15357600152492523,0.15672299265861511,0.14986599981784821,0.15061900019645691,13509966
2025-05-17T00:00:00.000000Z,0.15061600506305695,0.1509149968624115,0.14337299764156342,0.14405100047588348,12445254
2025-05-18T00:00:00.000000Z,0.14405100047588348,0.15396599471569061,0.14398500323295593,0.15197800099849701,13754584
2025-05-19T00:00:00.000000Z,0.15196900069713593,0.15258599817752838,0.14235399663448334,0.14830699563026428,15321483
2025-05-20T00:00:00.000000Z,0.14830699563026428,0.15112300217151642,0.14491400122642517,0.14971700310707092,12909747
2025-05-21T00:00:00.000000Z,0.14971700310707092,0.15201300382614136,0.14533400535583496,0.14982999861240387,17640563
2025-05-22T00:00:00.000000Z,0.14983299374580383,0.15936000645160675,0.14973899722099304,0.15884099900722504,14363020
2025-05-23T00:00:00.000000Z,0.15884099900722504,0.16041299700737,0.14551900327205658,0.14573000371456146,17954987
2025-05-24T00:00:00.000000Z,0.14573000371456146,0.14784200489521027,0.14424799382686615,0.1447719931602478,10773570
2025-05-25T00:00:00.000000Z,0.1447719931602478,0.14535300433635712,0.13878500461578369,0.14396700263023376,11161184
2025-05-26T00:00:00.000000Z,0.14396700263023376,0.14584100246429443,0.13929599523544312,0.14076800644397736,10762912
2025-05-27T00:00:00.000000Z,0.14076800644397736,0.14653299748897552,0.13797800242900848,0.14456300437450409,11485746
2025-05-28T00:00:00.000000Z,0.14456300437450409,0.14613400399684906,0.13848899304866791,0.14190299808979034,13622373
2025-05-29T00:00:00.000000Z,0.14190299808979034,0.1443600058555603,0.13747300207614899,0.13796600699424744,13526059
2025-05-30T00:00:00.000000Z,0.13796600699424744,0.13942700624465942,0.1278039962053299,0.12781399488449097,29047417
2025-05-31T00:00:00.000000Z,0.12781399488449097,0.13201600313186646,0.12508800625801086,0.12938299775123596,19640565
2025-06-01T00:00:00.000000Z,0.12938299775123596,0.13106900453567505,0.12595699727535248,0.12913799285888672,15405630
2025-06-02T00:00:00.000000Z,0.12913799285888672,0.13508500158786774,0.12748600542545319,0.13443499803543091,12026375
2025-06-03T00:00:00.000000Z,0.13443499803543091,0.13688099384307861,0.13386499881744385,0.13436099886894226,12063337
2025-06-04T00:00:00.000000Z,0.13436099886894226,0.13643500208854675,0.13102400302886963,0.13203099370002747,10216024
2025-06-05T00:00:00.000000Z,0.13203099370002747,0.1347620040178299,0.12373500317335129,0.12538799643516541,17687417
2025-06-06T00:00:00.000000Z,0.12538799643516541,0.13157199323177338,0.12475100159645081,0.1283549964427948,9680589
2025-06-07T00:00:00.000000Z,0.1283549964427948,0.13379199802875519,0.12825499475002289,0.13293999433517456,7634406
2025-06-08T00:00:00.000000Z,0.13293999433517456,0.135111004114151,0.1320900022983551,0.13272599875926971,7528774
2025-06-09T00:00:00.000000Z,0.13272599875926971,0.13834400475025177,0.13043500483036041,0.13818700611591339,10703724
2025-06-10T00:00:00.000000Z,0.13818700611591339,0.14330600202083588,0.1365399956703186,0.14330199360847473,13728439
2025-06-11T00:00:00.000000Z,0.14330199360847473,0.14330600202083588,0.13619999587535858,0.13706299662590027,14126212
2025-06-12T00:00:00.000000Z,0.13706299662590027,0.13709600269794464,0.12945699691772461,0.13000200688838959,12238267
2025-06-13T00:00:00.000000Z,0.13000200688838959,0.13000200688838959,0.12301000207662582,0.12811200320720673,20423853
2025-06-14T00:00:00.000000Z,0.12810899317264557,0.12810899317264557,0.12359700351953506,0.12642499804496765,8035329
2025-06-15T00:00:00.000000Z,0.12642499804496765,0.12711399793624878,0.12387099862098694,0.12593400478363037,8810945
2025-06-16T00:00:00.000000Z,0.12593400478363037,0.13095000386238098,0.12465299665927887,0.12683300673961639,10520742
2025-06-17T00:00:00.000000Z,0.12683300673961639,0.12845300137996674,0.12202300131320953,0.12332399934530258,15582380
2025-06-18T00:00:00.000000Z,0.12332399934530258,0.12456999719142914,0.11972499638795853,0.12326899915933609,13396231
2025-06-19T00:00:00.000000Z,0.12326899915933609,0.12423200160264969,0.12109500169754028,0.12301400303840637,10434711
2025-06-20T00:00:00.000000Z,0.12301400303840637,0.12631799280643463,0.11885999888181686,0.12111300230026245,14102201
2025-06-21T00:00:00.000000Z,0.12111300230026245,0.12240699678659439,0.11437699943780899,0.11547199636697769,11945014
2025-06-22T00:00:00.000000Z,0.11547199636697769,0.1167289987206459,0.10877499729394913,0.11226599663496017,17687762
2025-06-23T00:00:00.000000Z,0.11226599663496017,0.12285099923610687,0.11225900053977966,0.12281999737024307,19097021
2025-06-24T00:00:00.000000Z,0.12281999737024307,0.12538899481296539,0.12256199866533279,0.12500099837779999,11697836
2025-06-25T00:00:00.000000Z,0.12500099837779999,0.12556299567222595,0.12176500260829926,0.12278799712657928,11686332
2025-06-26T00:00:00.000000Z,0.12278799712657928,0.12520900368690491,0.11954700201749802,0.12016099691390991,10946154
2025-06-27T00:00:00.000000Z,0.12016099691390991,0.12300299853086472,0.11900100111961365,0.12244399636983871,10136970
2025-06-28T00:00:00.000000Z,0.12244399636983871,0.12790800631046295,0.12243500351905823,0.12766699492931366,7489201
2025-06-29T00:00:00.000000Z,0.12766699492931366,0.13187199831008911,0.12614400684833527,0.13086000084877014,9155944
2025-06-30T00:00:00.000000Z,0.13086000084877014,0.13147999346256256,0.12651500105857849,0.12852799892425537,10685248
2025-07-01T00:00:00.000000Z,0.12852799892425537,0.12920400500297546,0.12050800025463104,0.12133400142192841,10774167
2025-07-02T00:00:00.000000Z,0.12133400142192841,0.13162699341773987,0.12037800252437592,0.12987400591373444,13171848
2025-07-03T00:00:00.000000Z,0.12987400591373444,0.13216899335384369,0.12877100706100464,0.12968799471855164,10565541
2025-07-04T00:00:00.000000Z,0.12968799471855164,0.13028499484062195,0.12370499968528748,0.12402500212192535,14204000
2025-07-05T00:00:00.000000Z,0.12402500212192535,0.12476199865341187,0.12157999724149704,0.12403199821710587,8553310
2025-07-06T00:00:00.000000Z,0.12403199821710587,0.12796600162982941,0.12296099960803986,0.12648800015449524,9439092
2025-07-07T00:00:00.000000Z,0.12648800015449524,0.12793800234794617,0.12526500225067139,0.12645800411701202,9545402
2025-07-08T00:00:00.000000Z,0.12645800411701202,0.12946400046348572,0.12514699995517731,0.12885700166225433,9234702
2025-07-09T00:00:00.000000Z,0.12885700166225433,0.1348859965801239,0.1276949942111969,0.13455900549888611,12151042
2025-07-10T00:00:00.000000Z,0.13455900549888611,0.14231200516223907,0.13352499902248383,0.14172899723052979,14161312
2025-07-11T00:00:00.000000Z,0.14172899723052979,0.14811000227928162,0.14004799723625183,0.14432099461555481,27859737
2025-07-12T00:00:00.000000Z,0.14432099461555481,0.15397100150585175,0.14257900416851044,0.14749099314212799,34429878
2025-07-13T00:00:00.000000Z,0.14749099314212799,0.152988001704216,0.14669199287891388,0.15102599561214447,17566185
2025-07-14T00:00:00.000000Z,0.15102599561214447,0.15703199803829193,0.14930500090122223,0.15158699452877045,27053944
2025-07-15T00:00:00.000000Z,0.15158699452877045,0.15516799688339233,0.14619599282741547,0.15516699850559235,17145920
2025-07-16T00:00:00.000000Z,0.15516699850559235,0.15918299555778503,0.15218299627304077,0.15666499733924866,13643765
2025-07-17T00:00:00.000000Z,0.15666499733924866,0.15995900332927704,0.1528950035572052,0.15888899564743042,16395682
2025-07-18T00:00:00.000000Z,0.15888899564743042,0.16588799655437469,0.15703600645065308,0.15997800230979919,21115849
2025-07-19T00:00:00.000000Z,0.15997800230979919,0.16381700336933136,0.15573300421237946,0.16333700716495514,13180799
2025-07-20T00:00:00.000000Z,0.16333700716495514,0.17205800116062164,0.16317899525165558,0.16840100288391113,15255817
2025-07-21T00:00:00.000000Z,0.16840100288391113,0.17315700650215149,0.16492399573326111,0.16954800486564636,15657156
2025-07-22T00:00:00.000000Z,0.16954800486564636,0.17109900712966919,0.16171899437904358,0.17081800103187561,22410205
2025-07-23T00:00:00.000000Z,0.17081800103187561,0.17219400405883789,0.15328900516033173,0.15747499465942383,20190308
2025-07-24T00:00:00.000000Z,0.15748000144958496,0.15938000380992889,0.14749400317668915,0.15303300321102142,21135526
2025-07-25T00:00:00.000000Z,0.15303300321102142,0.15582899749279022,0.14916400611400604,0.15541000664234161,15966455
2025-07-26T00:00:00.000000Z,0.15541300177574158,0.16577999293804169,0.15520299971103668,0.16411200165748596,15781275
2025-07-27T00:00:00.000000Z,0.16411200165748596,0.16796199977397919,0.16240699589252472,0.16716000437736511,10739405
2025-07-28T00:00:00.000000Z,0.16716000437736511,0.17439299821853638,0.15860399603843689,0.15860800445079803,19541957
2025-07-29T00:00:00.000000Z,0.15860800445079803,0.17308999598026276,0.15567000210285187,0.16850300133228302,40235847
2025-07-30T00:00:00.000000Z,0.16850300133228302,0.17015799880027771,0.16141399741172791,0.16745899617671967,32504385
2025-07-31T00:00:00.000000Z,0.16745899617671967,0.18333899974822998,0.15565399825572968,0.15612199902534485,59280074
2025-08-01T00:00:00.000000Z,0.15612199902534485,0.15613099932670593,0.14536100625991821,0.14829599857330322,24487694
2025-08-02T00:00:00.000000Z,0.14829599857330322,0.15117800235748291,0.14194600284099579,0.1441739946603775,14294874
2025-08-03T00:00:00.000000Z,0.1441739946603775,0.14768899977207184,0.14342600107192993,0.14598600566387177,10177965
2025-08-04T00:00:00.000000Z,0.14598600566387177,0.15422500669956207,0.14566600322723389,0.15377600491046906,11318704
2025-08-05T00:00:00.000000Z,0.15377600491046906,0.15433299541473389,0.14583300054073334,0.14847399294376373,11215882
2025-08-06T00:00:00.000000Z,0.14847399294376373,0.15169000625610352,0.14471100270748138,0.15063600242137909,9672896
2025-08-07T00:00:00.000000Z,0.15063600242137909,0.1528179943561554,0.14753499627113342,0.15278199315071106,10838671
2025-08-08T00:00:00.000000Z,0.15278199315071106,0.15592800080776215,0.15105800330638885,0.15553000569343567,15738290
2025-08-09T00:00:00.000000Z,0.15553000569343567,0.1616709977388382,0.15537500381469727,0.15928199887275696,9639371
2025-08-10T00:00:00.000000Z,0.15928199887275696,0.16140200197696686,0.15447799861431122,0.15690499544143677,9960317
2025-08-11T00:00:00.000000Z,0.15690499544143677,0.16018199920654297,0.14656099677085876,0.14770799875259399,17815128
2025-08-12T00:00:00.000000Z,0.14770799875259399,0.15589399635791779,0.14435100555419922,0.15483599901199341,13887976
2025-08-13T00:00:00.000000Z,0.15483599901199341,0.16440500319004059,0.15394699573516846,0.16421300172805786,24518599
2025-08-14T00:00:00.000000Z,0.16421300172805786,0.16592699289321899,0.14635500311851501,0.14840500056743622,24290932
2025-08-15T00:00:00.000000Z,0.14840500056743622,0.15183199942111969,0.14307600259780884,0.14774200320243835,26103591
2025-08-16T00:00:00.000000Z,0.14774200320243835,0.17733199894428253,0.14769500494003296,0.1687300056219101,124809707
2025-08-17T00:00:00.000000Z,0.1687300056219101,0.16879400610923767,0.16035999357700348,0.16066299378871918,34561385
2025-08-18T00:00:00.000000Z,0.16066299378871918,0.16084399819374084,0.15314400196075439,0.15333099663257599,22947108
2025-08-19T00:00:00.000000Z,0.15332899987697601,0.15512900054454803,0.14719699323177338,0.14722099900245667,19823351
2025-08-20T00:00:00.000000Z,0.14722099900245667,0.15257400274276733,0.14681999385356903,0.15206000208854675,15183402
2025-08-21T00:00:00.000000Z,0.15206000208854675,0.15363000333309174,0.14694699645042419,0.14847700297832489,13847809
2025-08-22T00:00:00.000000Z,0.14847700297832489,0.15871000289916992,0.14307799935340881,0.15867400169372559,26194614
2025-08-23T00:00:00.000000Z,0.15866799652576447,0.16464999318122864,0.15568700432777405,0.15823699533939362,26779819
2025-08-24T00:00:00.000000Z,0.15823400020599365,0.16174599528312683,0.15301799774169922,0.15520100295543671,24513226
2025-08-25T00:00:00.000000Z,0.15520100295543671,0.15967799723148346,0.14375999569892883,0.14429900050163269,26555142
2025-08-26T00:00:00.000000Z,0.14429900050163269,0.15177099406719208,0.1433349996805191,0.15054500102996826,16782787
2025-08-27T00:00:00.000000Z,0.15054500102996826,0.15347999334335327,0.14858600497245789,0.15067599713802338,16139756
2025-08-28T00:00:00.000000Z,0.15067599713802338,0.16116799414157867,0.14994099736213684,0.15926000475883484,25610257
2025-08-29T00:00:00.000000Z,0.15925799310207367,0.16136200726032257,0.14815099537372589,0.15072399377822876,38231920
2025-08-30T00:00:00.000000Z,0.15072399377822876,0.15420100092887878,0.14903600513935089,0.15322299301624298,12393255
2025-08-31T00:00:00.000000Z,0.15322299301624298,0.15802399814128876,0.15080000460147858,0.15080100297927856,14151400
2025-09-01T00:00:00.000000Z,0.15080100297927856,0.15450799465179443,0.14708499610424042,0.15242299437522888,18318317
2025-09-02T00:00:00.000000Z,0.15242299437522888,0.15842500329017639,0.15102800726890564,0.15677499771118164,17664260
2025-09-03T00:00:00.000000Z,0.15677499771118164,0.15795299410820007,0.15381899476051331,0.15648899972438812,11946641
2025-09-04T00:00:00.000000Z,0.15648899972438812,0.15693600475788116,0.14905500411987305,0.14981099963188171,11025536
2025-09-05T00:00:00.000000Z,0.14981099963188171,0.15400899946689606,0.14908699691295624,0.15241900086402893,10905717
2025-09-06T00:00:00.000000Z,0.15241900086402893,0.1528560072183609,0.15035699307918549,0.15250700712203979,7791986
2025-09-07T00:00:00.000000Z,0.15250700712203979,0.1562190055847168,0.15240900218486786,0.15478700399398804,8950999
2025-09-08T00:00:00.000000Z,0.15478700399398804,0.1589989960193634,0.15478600561618805,0.15802499651908875,12113946
2025-09-09T00:00:00.000000Z,0.15802499651908875,0.16071699559688568,0.15546800196170807,0.1573919951915741,13750206
2025-09-10T00:00:00.000000Z,0.1573919951915741,0.1673939973115921,0.15633100271224976,0.15944400429725647,26625073
2025-09-11T00:00:00.000000Z,0.15944400429725647,0.16226400434970856,0.15797500312328339,0.1614069938659668,17626106
2025-09-12T00:00:00.000000Z,0.1614069938659668,0.16309300065040588,0.15939299762248993,0.16290000081062317,13033741
2025-09-13T00:00:00.000000Z,0.16290000081062317,0.16603100299835205,0.16178199648857117,0.16538099944591522,16220306
2025-09-14T00:00:00.000000Z,0.16538099944591522,0.16590200364589691,0.15771399438381195,0.15852099657058716,11105560
2025-09-15T00:00:00.000000Z,0.15852099657058716,0.15990400314331055,0.15172599256038666,0.15455800294876099,14218578
2025-09-16T00:00:00.000000Z,0.15455900132656097,0.15763500332832336,0.15243500471115112,0.15693399310112,10201544
2025-09-17T00:00:00.000000Z,0.15693399310112,0.16075499355792999,0.15340399742126465,0.16008499264717102,12659905
2025-09-18T00:00:00.000000Z,0.16008499264717102,0.16321499645709991,0.1592400074005127,0.1618960052728653,11563714
2025-09-19T00:00:00.000000Z,0.1618960052728653,0.16336899995803833,0.15595300495624542,0.15671500563621521,11301252
2025-09-20T00:00:00.000000Z,0.15671500563621521,0.15798300504684448,0.15537099540233612,0.15617899596691132,8297681
2025-09-21T00:00:00.000000Z,0.15617899596691132,0.15646299719810486,0.15390999615192413,0.15454299747943878,9034747
2025-09-22T00:00:00.000000Z,0.15454299747943878,0.15467999875545502,0.14075599610805511,0.14519500732421875,18551860
2025-09-23T00:00:00.000000Z,0.14519500732421875,0.14702600240707397,0.1427219957113266,0.1445930004119873,11390346
2025-09-24T00:00:00.000000Z,0.1445930004119873,0.15171599388122559,0.14352099597454071,0.14759500324726105,14619604
2025-09-25T00:00:00.000000Z,0.14759500324726105,0.14763599634170532,0.13759900629520416,0.13855800032615662,16430097
2025-09-26T00:00:00.000000Z,0.13855800032615662,0.14343999326229095,0.13785000145435333,0.14282199740409851,12824265
2025-09-27T00:00:00.000000Z,0.14282199740409851,0.14299300312995911,0.14016099274158478,0.14130300283432007,7636343
2025-09-28T00:00:00.000000Z,0.14130300283432007,0.1435060054063797,0.1373479962348938,0.1434590071439743,9590568
2025-09-29T00:00:00.000000Z,0.1434590071439743,0.14535899460315704,0.13949200510978699,0.1443060040473938,11984960
2025-09-30T00:00:00.000000Z,0.1443060040473938,0.14430700242519379,0.13665099442005157,0.13962499797344208,18242737
2025-10-01T00:00:00.000000Z,0.13962499797344208,0.15133799612522125,0.13908000290393829,0.15128600597381592,15461623
2025-10-02T00:00:00.000000Z,0.15128600597381592,0.15609900653362274,0.15098400413990021,0.15478700399398804,16277386
2025-10-03T00:00:00.000000Z,0.15478700399398804,0.15714100003242493,0.15149000287055969,0.15489600598812103,12801456
2025-10-04T00:00:00.000000Z,0.15489600598812103,0.15539099276065826,0.14824900031089783,0.14866900444030762,13074653
2025-10-05T00:00:00.000000Z,0.14866900444030762,0.15348100662231445,0.14621800184249878,0.14628100395202637,13784478
2025-10-06T00:00:00.000000Z,0.14628100395202637,0.15047299861907959,0.1456650048494339,0.14796899259090424,17452717
2025-10-07T00:00:00.000000Z,0.14796899259090424,0.14885599911212921,0.1417510062456131,0.14326100051403046,13295182
2025-10-08T00:00:00.000000Z,0.14326100051403046,0.15480600297451019,0.1415410041809082,0.15121300518512726,52974338
2025-10-09T00:00:00.000000Z,0.15121300518512726,0.17796500027179718,0.14653700590133667,0.17321999371051788,110154331
2025-10-10T00:00:00.000000Z,0.17322799563407898,0.17991200089454651,0.12820599973201752,0.1341329962015152,87475100
2025-10-11T00:00:00.000000Z,0.1341329962015152,0.14773499965667725,0.13080300390720367,0.13816599547863007,35081095
2025-10-12T00:00:00.000000Z,0.13816599547863007,0.1816210001707077,0.13568200170993805,0.17630399763584137,62348341
2025-10-13T00:00:00.000000Z,0.17630499601364136,0.24293099343776703,0.17018300294876099,0.21510399878025055,288083699
2025-10-14T00:00:00.000000Z,0.21510399878025055,0.21663400530815125,0.18959799408912659,0.20039300620555878,96948774
2025-10-15T00:00:00.000000Z,0.20039099454879761,0.2051749974489212,0.18161399662494659,0.18240900337696075,57741384
2025-10-16T00:00:00.000000Z,0.18237100541591644,0.21679499745368958,0.18084700405597687,0.18944099545478821,111069501
2025-10-17T00:00:00.000000Z,0.18943800032138824,0.19336399435997009,0.1686750054359436,0.19069799780845642,68181410
2025-10-18T00:00:00.000000Z,0.19068300724029541,0.20783400535583496,0.18292899429798126,0.19880500435829163,102560313
2025-10-19T00:00:00.000000Z,0.19880500435829163,0.20160600543022156,0.19022700190544128,0.19571200013160706,41930160
2025-10-20T00:00:00.000000Z,0.19572000205516815,0.20385700464248657,0.18790300190448761,0.18807299435138702,44552019
2025-10-21T00:00:00.000000Z,0.18805299699306488,0.18878500163555145,0.1734050065279007,0.17506399750709534,37240747
2025-10-22T00:00:00.000000Z,0.17506399750709534,0.18066099286079407,0.16915200650691986,0.17172099649906158,28030589
2025-10-23T00:00:00.000000Z,0.17172099649906158,0.17672500014305115,0.17098000645637512,0.17433500289916992,14693665
2025-10-24T00:00:00.000000Z,0.17433500289916992,0.17699800431728363,0.16947600245475769,0.17019300162792206,18005719
2025-10-25T00:00:00.000000Z,0.17019900679588318,0.17072600126266479,0.16499499976634979,0.1658640056848526,15645159
2025-10-26T00:00:00.000000Z,0.1658640056848526,0.1746399998664856,0.16229000687599182,0.1727450042963028,21562969
2025-10-27T00:00:00.000000Z,0.1727450042963028,0.18990099430084229,0.1709199994802475,0.17148299515247345,55668134
2025-10-28T00:00:00.000000Z,0.17148299515247345,0.1716340035200119,0.16173200309276581,0.16628800332546234,28277587
2025-10-29T00:00:00.000000Z,0.16628800332546234,0.17107899487018585,0.16316999495029449,0.1679690033197403,19341300
2025-10-30T00:00:00.000000Z,0.1679690033197403,0.1738789975643158,0.1548600047826767,0.15873999893665314,35685352
2025-10-31T00:00:00.000000Z,0.15875500440597534,0.16267600655555725,0.15698899328708649,0.16201899945735931,15802413
2025-11-01T00:00:00.000000Z,0.16201899945735931,0.19625400006771088,0.16199000179767609,0.19138899445533752,88935962
2025-11-02T00:00:00.000000Z,0.19138899445533752,0.20190100371837616,0.18038499355316162,0.20186400413513184,51736638
2025-11-03T00:00:00.000000Z,0.20185600221157074,0.20390799641609192,0.17920500040054321,0.20103099942207336,97806251
2025-11-04T00:00:00.000000Z,0.2010280042886734,0.2223069965839386,0.18792100250720978,0.19530199468135834,148053450
2025-11-05T00:00:00.000000Z,0.19530199468135834,0.20088100433349609,0.18196800351142883,0.19050499796867371,46643261
2025-11-06T00:00:00.000000Z,0.19050000607967377,0.22270099818706512,0.18580499291419983,0.20982800424098969,96988017
2025-11-07T00:00:00.000000Z,0.20982199907302856,0.23919700086116791,0.20833900570869446,0.22608700394630432,96465303
2025-11-08T00:00:00.000000Z,0.22608399391174316,0.22649399936199188,0.20946000516414642,0.21331200003623962,40330617
2025-11-09T00:00:00.000000Z,0.21330900490283966,0.21470299363136292,0.20254099369049072,0.21157799661159515,26828904
2025-11-10T00:00:00.000000Z,0.21157799661159515,0.24070699512958527,0.21032199263572693,0.22228099405765533,65828072
2025-11-11T00:00:00.000000Z,0.22228099405765533,0.23751400411128998,0.20878699421882629,0.20894899964332581,39090424
2025-11-12T00:00:00.000000Z,0.20894399285316467,0.22105500102043152,0.19476300477981567,0.19878199696540833,34835101
2025-11-13T00:00:00.000000Z,0.1987839937210083,0.20212900638580322,0.17656299471855164,0.18005500733852386,30998509
2025-11-14T00:00:00.000000Z,0.18005500733852386,0.18364499509334564,0.16339200735092163,0.16340099275112152,34744689
2025-11-15T00:00:00.000000Z,0.16340099275112152,0.1834309995174408,0.16340099275112152,0.17853300273418427,39245609
2025-11-16T00:00:00.000000Z,0.1785379946231842,0.18419100344181061,0.16911999881267548,0.17394199967384338,32064389
2025-11-17T00:00:00.000000Z,0.17394199967384338,0.18827299773693085,0.16709999740123749,0.17315900325775146,40872052
2025-11-18T00:00:00.000000Z,0.17315900325775146,0.17763499915599823,0.16464699804782867,0.17371800541877747,26627536
2025-11-19T00:00:00.000000Z,0.17371800541877747,0.18501299619674683,0.16817200183868408,0.17961800098419189,38969338
2025-11-20T00:00:00.000000Z,0.17962400615215302,0.19154900312423706,0.17002099752426147,0.17002099752426147,31996050
2025-11-21T00:00:00.000000Z,0.17001700401306152,0.17881099879741669,0.16312399506568909,0.17723299562931061,50888443
2025-11-22T00:00:00.000000Z,0.17723299562931061,0.20041300356388092,0.1749970018863678,0.19550199806690216,60898808
2025-11-23T00:00:00.000000Z,0.19551500678062439,0.20051500201225281,0.1893559992313385,0.19134999811649323,36527885
2025-11-24T00:00:00.000000Z,0.19134800136089325,0.21893000602722168,0.18948599696159363,0.20984800159931183,65931809
2025-11-25T00:00:00.000000Z,0.20984800159931183,0.21993200480937958,0.20555399358272552,0.21066200733184814,48367775
2025-11-26T00:00:00.000000Z,0.21066200733184814,0.22751800715923309,0.20561300218105316,0.22628900408744812,39027575
2025-11-27T00:00:00.000000Z,0.226282998919487,0.26337501406669617,0.22019900381565094,0.25996100902557373,92886649
2025-11-28T00:00:00.000000Z,0.25996100902557373,0.28924798965454102,0.2552419900894165,0.27302399277687073,147762645
2025-11-29T00:00:00.000000Z,0.27302101254463196,0.28153699636459351,0.25713199377059937,0.26759800314903259,59949157
2025-11-30T00:00:00.000000Z,0.26759600639343262,0.28816398978233337,0.26139199733734131,0.27444198727607727,71716884
2025-12-01T00:00:00.000000Z,0.27444198727607727,0.27447199821472168,0.24336199462413788,0.24356800317764282,87659405
2025-12-02T00:00:00.000000Z,0.24356499314308167,0.26339098811149597,0.2408130019903183,0.2408130019903183,54938813
2025-12-03T00:00:00.000000Z,0.24081499874591827,0.28308001160621643,0.23701399564743042,0.27099698781967163,101643511
2025-12-04T00:00:00.000000Z,0.27099698781967163,0.28012299537658691,0.26022899150848389,0.27502000331878662,48526172
2025-12-05T00:00:00.000000Z,0.27506101131439209,0.30079299211502075,0.24219200015068054,0.24429500102996826,83025948
2025-12-06T00:00:00.000000Z,0.24427700042724609,0.26647999882698059,0.24072399735450745,0.24776099622249603,50131518
2025-12-07T00:00:00.000000Z,0.24776400625705719,0.26442301273345947,0.24242499470710754,0.25321999192237854,30274850
2025-12-08T00:00:00.000000Z,0.25322100520133972,0.26840901374816895,0.24986299872398376,0.25601100921630859,32631422
2025-12-09T00:00:00.000000Z,0.25601300597190857,0.27586498856544495,0.25162899494171143,0.26825198531150818,38100993
2025-12-10T00:00:00.000000Z,0.2682729959487915,0.2749049961566925,0.25462201237678528,0.25532999634742737,36113644
2025-12-11T00:00:00.000000Z,0.25533100962638855,0.28689399361610413,0.24197399616241455,0.27978399395942688,58756224
2025-12-12T00:00:00.000000Z,0.27983200550079346,0.29266399145126343,0.27165800333023071,0.27933099865913391,58128864
2025-12-13T00:00:00.000000Z,0.27932599186897278,0.28649601340293884,0.276201993227005,0.27824100852012634,27767297
2025-12-14T00:00:00.000000Z,0.27824100852012634,0.28097298741340637,0.24680399894714355,0.24803000688552856,32062020
2025-12-15T00:00:00.000000Z,0.24803699553012848,0.25546300411224365,0.22343799471855164,0.22659100592136383,42579231
2025-12-16T00:00:00.000000Z,0.22659100592136383,0.23649699985980988,0.21785299479961395,0.22772300243377686,31669565
2025-12-17T00:00:00.000000Z,0.22772499918937683,0.23202499747276306,0.20995999872684479,0.2105100005865097,27253331
2025-12-18T00:00:00.000000Z,0.2105100005865097,0.22135600447654724,0.20893900096416473,0.21337200701236725,33510234
2025-12-19T00:00:00.000000Z,0.213360995054245,0.22260700166225433,0.20632599294185638,0.22239099442958832,24349032
2025-12-20T00:00:00.000000Z,0.22239099442958832,0.222694993019104,0.21698099374771118,0.21882599592208862,14006632
2025-12-21T00:00:00.000000Z,0.21882599592208862,0.21907900273799896,0.20186999440193176,0.20700299739837646,18515984
2025-12-22T00:00:00.000000Z,0.20700299739837646,0.21914899349212646,0.20609100162982941,0.2110150009393692,24687325
2025-12-23T00:00:00.000000Z,0.2110150009393692,0.22038300335407257,0.20599700510501862,0.20649400353431702,21731338
2025-12-24T00:00:00.000000Z,0.20649400353431702,0.22210599482059479,0.19892099499702454,0.22210599482059479,24477064
2025-12-25T00:00:00.000000Z,0.22211000323295593,0.22735700011253357,0.20698200166225433,0.20698800683021545,24587076
2025-12-26T00:00:00.000000Z,0.20698800683021545,0.22143000364303589,0.20587800443172455,0.21439599990844727,20458467
2025-12-27T00:00:00.000000Z,0.2144089937210083,0.223798006772995,0.21319599449634552,0.22248700261116028,16214447
2025-12-28T00:00:00.000000Z,0.22248299419879913,0.22381900250911713,0.21600699424743652,0.21954500675201416,12688462
2025-12-29T00:00:00.000000Z,0.21954500675201416,0.22533600032329559,0.20684100687503815,0.20722499489784241,22713811
2025-12-30T00:00:00.000000Z,0.20722499489784241,0.21770100295543671,0.20722100138664246,0.21438600122928619,18119647
2025-12-31T00:00:00.000000Z,0.21438199281692505,0.2144320011138916,0.2045930027961731,0.20642100274562836,16366149
2026-01-01T00:00:00.000000Z,0.20642200112342834,0.22162200510501862,0.20389999449253082,0.22140400111675262,18286922
2026-01-02T00:00:00.000000Z,0.22140400111675262,0.22578400373458862,0.21687500178813934,0.22381000220775604,17660857
2026-01-03T00:00:00.000000Z,0.22381000220775604,0.22411799430847168,0.2162960022687912,0.22106300294399261,11846449
2026-01-04T00:00:00.000000Z,0.22106300294399261,0.22399699687957764,0.21776099503040314,0.21930199861526489,12884939
2026-01-05T00:00:00.000000Z,0.2193010002374649,0.23576700687408447,0.21893799304962158,0.22806499898433685,27293172
2026-01-06T00:00:00.000000Z,0.228069007396698,0.23260100185871124,0.2176470011472702,0.22568100690841675,21181635
2026-01-07T00:00:00.000000Z,0.22567999362945557,0.23104700446128845,0.21036800742149353,0.2135310024023056,23026200
2026-01-08T00:00:00.000000Z,0.21352599561214447,0.21442399919033051,0.20502899587154388,0.20950700342655182,15901437
2026-01-09T00:00:00.000000Z,0.20950900018215179,0.21291300654411316,0.20649799704551697,0.20768700540065765,15935696
2026-01-10T00:00:00.000000Z,0.20769000053405762,0.20815199613571167,0.20220200717449188,0.20358799397945404,8760899
2026-01-11T00:00:00.000000Z,0.20358799397945404,0.20449300110340118,0.19417999684810638,0.19548200070858002,12237248
2026-01-12T00:00:00.000000Z,0.19547900557518005,0.19627699255943298,0.18807199597358704,0.19181899726390839,17063682
2026-01-13T00:00:00.000000Z,0.19181700050830841,0.20868200063705444,0.19133999943733215,0.20545899868011475,28436795
2026-01-14T00:00:00.000000Z,0.20545899868011475,0.20912300050258636,0.20196899771690369,0.20455799996852875,18559339
2026-01-15T00:00:00.000000Z,0.20455799996852875,0.20741100609302521,0.18983599543571472,0.19162699580192566,19603060
2026-01-16T00:00:00.000000Z,0.19162699580192566,0.1977120041847229,0.18796999752521515,0.19766199588775635,14292030
2026-01-17T00:00:00.000000Z,0.19766199588775635,0.21880300343036652,0.19481100142002106,0.20978599786758423,31237444
2026-01-18T00:00:00.000000Z,0.20978599786758423,0.21369500458240509,0.20271599292755127,0.2028069943189621,19423894
2026-01-19T00:00:00.000000Z,0.2028069943189621,0.21050900220870972,0.18910899758338928,0.20409999787807465,36902548
2026-01-20T00:00:00.000000Z,0.20409999787807465,0.21214300394058228,0.19017399847507477,0.19032000005245209,33608511
2026-01-21T00:00:00.000000Z,0.19032000005245209,0.19739699363708496,0.18210400640964508,0.18781700730323792,19521399
2026-01-22T00:00:00.000000Z,0.18782700598239899,0.19605499505996704,0.18277400732040405,0.18721100687980652,23995764
2026-01-23T00:00:00.000000Z,0.18721100687980652,0.19215300679206848,0.1812949925661087,0.18512600660324097,16248415
2026-01-24T00:00:00.000000Z,0.18512600660324097,0.18622900545597076,0.17858900129795074,0.17878299951553345,11258140
2026-01-25T00:00:00.000000Z,0.17878599464893341,0.18059200048446655,0.16324199736118317,0.16658000648021698,17313985
2026-01-26T00:00:00.000000Z,0.16658000648021698,0.17806500196456909,0.16590900719165802,0.17439599335193634,16734091
2026-01-27T00:00:00.000000Z,0.17439599335193634,0.17731699347496033,0.16805599629878998,0.17444300651550293,11594729
2026-01-28T00:00:00.000000Z,0.17444300651550293,0.17721900343894958,0.17119599878787994,0.17234799265861511,11728436
2026-01-29T00:00:00.000000Z,0.17235100269317627,0.17264600098133087,0.15212400257587433,0.15506400167942047,20465060
2026-01-30T00:00:00.000000Z,0.15506400167942047,0.15668000280857086,0.14482800662517548,0.14512600004673004,19719833
2026-01-31T00:00:00.000000Z,0.14509899914264679,0.14539100229740143,0.12044599652290344,0.12811300158500671,27541034
2026-02-01T00:00:00.000000Z,0.12811100482940674,0.13093100488185883,0.12243600189685822,0.12451700121164322,17259904
2026-02-02T00:00:00.000000Z,0.12451700121164322,0.12782600522041321,0.12111199647188187,0.12387000024318695,16263203
2026-02-03T00:00:00.000000Z,0.12387000024318695,0.12912599742412567,0.11464300006628036,0.11784400045871735,23741683
2026-02-04T00:00:00.000000Z,0.11784400045871735,0.12401600182056427,0.11706099659204483,0.12102299928665161,17456413
2026-02-05T00:00:00.000000Z,0.12102299928665161,0.12481400370597839,0.10621699690818787,0.10782600194215775,29334279
2026-02-06T00:00:00.000000Z,0.10781999677419662,0.12475199997425079,0.098503001034259796,0.12354200333356857,24863562
2026-02-07T00:00:00.000000Z,0.12354400008916855,0.1237030029296875,0.11727199703454971,0.12264300137758255,13728477
2026-02-08T00:00:00.000000Z,0.12264300137758255,0.12271100282669067,0.11790099740028381,0.11975499987602234,10342876
2026-02-09T00:00:00.000000Z,0.11975400149822235,0.13426700234413147,0.11967100203037262,0.12923400104045868,35255037
2026-02-10T00:00:00.000000Z,0.12923300266265869,0.13653199374675751,0.12678299844264984,0.13602100312709808,21833402
2026-02-11T00:00:00.000000Z,0.13600499927997589,0.1364859938621521,0.12771700322628021,0.13320399820804596,19528817
2026-02-12T00:00:00.000000Z,0.1332080066204071,0.13701200485229492,0.12725299596786499,0.12966500222682953,16307096
2026-02-13T00:00:00.000000Z,0.12966500222682953,0.13283100724220276,0.12690199911594391,0.13140900433063507,10984584
2026-02-14T00:00:00.000000Z,0.13140900433063507,0.13870500028133392,0.13093100488185883,0.13640299439430237,16265753
2026-02-15T00:00:00.000000Z,0.13640299439430237,0.13641500473022461,0.12803199887275696,0.12899899482727051,19267492
2026-02-16T00:00:00.000000Z,0.12899899482727051,0.13403099775314331,0.12620599567890167,0.12881499528884888,16089982
2026-02-17T00:00:00.000000Z,0.12881499528884888,0.13031800091266632,0.12558700144290924,0.12785300612449646,11739394
2026-02-18T00:00:00.000000Z,0.12785300612449646,0.12996099889278412,0.12200800329446793,0.12227699905633926,10220002
2026-02-19T00:00:00.000000Z,0.12227600067853928,0.12351799756288528,0.11834900081157684,0.11995700001716614,11114334
2026-02-20T00:00:00.000000Z,0.11995700001716614,0.12212000042200089,0.1171799972653389,0.12211599946022034,10670803
2026-02-21T00:00:00.000000Z,0.12211599946022034,0.12319499999284744,0.12045100331306458,0.12097900360822678,7878636
2026-02-22T00:00:00.000000Z,0.12097900360822678,0.12108799815177917,0.11622299998998642,0.11721500009298325,7791072
2026-02-23T00:00:00.000000Z,0.11721500009298325,0.12053100019693375,0.11113599687814713,0.11643099784851074,12818507
2026-02-24T00:00:00.000000Z,0.11642999947071075,0.11779399961233139,0.11358500272035599,0.11726599931716919,11317014
2026-02-25T00:00:00.000000Z,0.11726599931716919,0.12720599770545959,0.11720599979162216,0.12257999926805496,13578290
2026-02-26T00:00:00.000000Z,0.12258400022983551,0.12358599901199341,0.11154600232839584,0.11381100118160248,25302467
2026-02-27T00:00:00.000000Z,0.11381100118160248,0.1168769970536232,0.10554900020360947,0.10697499662637711,31990436
2026-02-28T00:00:00.000000Z,0.10697499662637711,0.10870800167322159,0.10252600163221359,0.10631600022315979,13633257
2026-03-01T00:00:00.000000Z,0.10631600022315979,0.10833299905061722,0.10048499703407288,0.10103199630975723,14438664
2026-03-02T00:00:00.000000Z,0.10103199630975723,0.10766500234603882,0.10103199630975723,0.10432899743318558,14336253
2026-03-03T00:00:00.000000Z,0.10432899743318558,0.10671799629926682,0.099313996732234955,0.10431499779224396,14855036
2026-03-04T00:00:00.000000Z,0.10431499779224396,0.10699900239706039,0.10189700126647949,0.10461299866437912,13610640
2026-03-05T00:00:00.000000Z,0.10461299866437912,0.10739099979400635,0.10109200328588486,0.10218100249767303,15093907
2026-03-06T00:00:00.000000Z,0.10218799859285355,0.10352200269699097,0.097901999950408936,0.098493002355098724,10418385
2026-03-07T00:00:00.000000Z,0.098486997187137604,0.10015799850225449,0.097470998764038086,0.097929999232292175,8762212
2026-03-08T00:00:00.000000Z,0.097929999232292175,0.098279997706413269,0.094641998410224915,0.095582000911235809,11040938
2026-03-09T00:00:00.000000Z,0.095582000911235809,0.098149999976158142,0.095316000282764435,0.09533199667930603,12614552
2026-03-10T00:00:00.000000Z,0.09533199667930603,0.09858500212430954,0.094742000102996826,0.095986999571323395,10349400
2026-03-11T00:00:00.000000Z,0.095986999571323395,0.09879700094461441,0.094993002712726593,0.097181998193264008,11547560
2026-03-12T00:00:00.000000Z,0.097181998193264008,0.097940996289253235,0.095925003290176392,0.097646996378898621,8858985
2026-03-13T00:00:00.000000Z,0.097646996378898621,0.10113599896430969,0.097332000732421875,0.097804002463817596,11115542
2026-03-14T00:00:00.000000Z,0.097804002463817596,0.10002800077199936,0.096759997308254242,0.098558999598026276,8280473
2026-03-15T00:00:00.000000Z,0.098558999598026276,0.10193800181150436,0.098523996770381927,0.10091400146484375,10448157
2026-03-16T00:00:00.000000Z,0.10091400146484375,0.10937300324440002,0.10084600001573563,0.10937000066041946,17904000
2026-03-17T00:00:00.000000Z,0.10937000066041946,0.10971400141716003,0.10634899884462357,0.10691799968481064,16740664
2026-03-18T00:00:00.000000Z,0.10691799968481064,0.10886900126934052,0.099703997373580933,0.10172300040721893,14106162
2026-03-19T00:00:00.000000Z,0.10172300040721893,0.10238800197839737,0.096271000802516937,0.098454996943473816,9852156
2026-03-20T00:00:00.000000Z,0.098454996943473816,0.099889002740383148,0.096534997224807739,0.097760997712612152,7768695
2026-03-21T00:00:00.000000Z,0.097760997712612152,0.097952000796794891,0.094356998801231384,0.09436500072479248,6324494
2026-03-22T00:00:00.000000Z,0.094370000064373016,0.094819001853466034,0.090953998267650604,0.091044001281261444,10396070
2026-03-23T00:00:00.000000Z,0.091044001281261444,0.098287999629974365,0.09064599871635437,0.097874000668525696,9634202
2026-03-24T00:00:00.000000Z,0.097874000668525696,0.1144459992647171,0.096469998359680176,0.10870400071144104,59298727
2026-03-25T00:00:00.000000Z,0.10870599746704102,0.11275900155305862,0.10618399828672409,0.10894899815320969,31515056
2026-03-26T00:00:00.000000Z,0.10894899815320969,0.11162800341844559,0.10028000175952911,0.10157699882984161,14324348
2026-03-27T00:00:00.000000Z,0.10157299786806107,0.10254400223493576,0.093376003205776215,0.093806996941566467,9733548
2026-03-28T00:00:00.000000Z,0.093806996941566467,0.096867002546787262,0.091986998915672302,0.093912996351718903,10991413
2026-03-29T00:00:00.000000Z,0.093912996351718903,0.094058997929096222,0.089805997908115387,0.091127999126911163,9401770
2026-03-30T00:00:00.000000Z,0.091127999126911163,0.097344003617763519,0.091127999126911163,0.095457002520561218,13859590
2026-03-31T00:00:00.000000Z,0.095444999635219574,0.096863001585006714,0.09335000067949295,0.09622800350189209,9557116
2026-04-01T00:00:00.000000Z,0.09622800350189209,0.10336100310087204,0.095806002616882324,0.099325001239776611,16827012
2026-04-02T00:00:00.000000Z,0.099325001239776611,0.10008099675178528,0.093135997653007507,0.094341002404689789,9161777
2026-04-03T00:00:00.000000Z,0.094341002404689789,0.097698003053665161,0.093534998595714569,0.095844000577926636,8425005
2026-04-04T00:00:00.000000Z,0.095844000577926636,0.095976002514362335,0.094278998672962189,0.095902003347873688,6240965
2026-04-05T00:00:00.000000Z,0.095902003347873688,0.096028000116348267,0.093413002789020538,0.095205999910831451,6388306
2026-04-06T00:00:00.000000Z,0.095205999910831451,0.10105200111865997,0.095181003212928772,0.1004209965467453,14217235
2026-04-07T00:00:00.000000Z,0.10041999816894531,0.10284899920225143,0.095888003706932068,0.10277599841356277,11823034
2026-04-08T00:00:00.000000Z,0.10277599841356277,0.10340099781751633,0.099035002291202545,0.099035002291202545,8685138
2026-04-09T00:00:00.000000Z,0.099046997725963593,0.10118900239467621,0.097779996693134308,0.099420003592967987,9302417
2026-04-10T00:00:00.000000Z,0.099416002631187439,0.10112500190734863,0.099009998142719269,0.099504001438617706,11115716
2026-04-11T00:00:00.000000Z,0.099504001438617706,0.099771000444889069,0.096758998930454254,0.098384998738765717,9287303
2026-04-12T00:00:00.000000Z,0.098384998738765717,0.098385997116565704,0.094935998320579529,0.095128998160362244,7965494
2026-04-13T00:00:00.000000Z,0.095128998160362244,0.098806999623775482,0.093630999326705933,0.098806999623775482,8600253
2026-04-14T00:00:00.000000Z,0.098806999623775482,0.098829001188278198,0.094970002770423889,0.09551200270652771,9531027
2026-04-15T00:00:00.000000Z,0.09551200270652771,0.09855400025844574,0.095374003052711487,0.097419999539852142,7890244
2026-04-16T00:00:00.000000Z,0.097419999539852142,0.10341300070285797,0.097070001065731049,0.10330100357532501,13466371
2026-04-17T00:00:00.000000Z,0.10330100357532501,0.10677299648523331,0.10136599838733673,0.10430300235748291,13552504
2026-04-18T00:00:00.000000Z,0.10430300235748291,0.10531599819660187,0.10027799755334854,0.10036999732255936,9733803
2026-04-19T00:00:00.000000Z,0.10036999732255936,0.10140000283718109,0.09707999974489212,0.097382001578807831,9052998
2026-04-20T00:00:00.000000Z,0.097382001578807831,0.10964900255203247,0.097382001578807831,0.10812599956989288,27614589
2026-04-21T00:00:00.000000Z,0.10812599956989288,0.10986600071191788,0.10252600163221359,0.10573200136423111,13743348
2026-04-22T00:00:00.000000Z,0.10573200136423111,0.10641899704933167,0.10238800197839737,0.10242599993944168,11272622
2026-04-23T00:00:00.000000Z,0.10242599993944168,0.10328199714422226,0.09964500367641449,0.10320600122213364,9937203
2026-04-24T00:00:00.000000Z,0.10320600122213364,0.1053289994597435,0.10241399705410004,0.10402300208806992,9632608
2026-04-25T00:00:00.000000Z,0.10402300208806992,0.10649099946022034,0.10284300148487091,0.10470899939537048,8520308
2026-04-26T00:00:00.000000Z,0.10470899939537048,0.10608799755573273,0.10417299717664719,0.1052979975938797,7599097
2026-04-27T00:00:00.000000Z,0.1052979975938797,0.10581099987030029,0.10162299871444702,0.10281600058078766,7784338
2026-04-28T00:00:00.000000Z,0.10281900316476822,0.10283300280570984,0.10018199682235718,0.10076200217008591,8218628
2026-04-29T00:00:00.000000Z,0.10076200217008591,0.10204199701547623,0.096984997391700745,0.097940996289253235,8773568
2026-04-30T00:00:00.000000Z,0.097940996289253235,0.098352998495101929,0.096252001821994781,0.096412003040313721,8335551
2026-05-01T00:00:00.000000Z,0.096412003040313721,0.09788300096988678,0.095953002572059631,0.097459003329277039,8207818
2026-05-02T00:00:00.000000Z,0.097459003329277039,0.097933001816272736,0.096619002521038055,0.097773998975753784,6727051
2026-05-03T00:00:00.000000Z,0.097773998975753784,0.11055599898099899,0.096502996981143951,0.10706800222396851,40858703
2026-05-04T00:00:00.000000Z,0.10709100216627121,0.1088780015707016,0.10276299715042114,0.10316800326108932,17536450
2026-05-05T00:00:00.000000Z,0.10316800326108932,0.11140900105237961,0.10315000265836716,0.10462299734354019,18227546
2026-05-06T00:00:00.000000Z,0.10462400317192078,0.10989599674940109,0.10425800085067749,0.10891299694776535,12370822
2026-05-07T00:00:00.000000Z,0.10891400277614594,0.10891400277614594,0.10452199727296829,0.105492003262043,13672057
2026-05-08T00:00:00.000000Z,0.105492003262043,0.11303900182247162,0.10459999740123749,0.11086200177669525,15030845
2026-05-09T00:00:00.000000Z,0.11086200177669525,0.11313900351524353,0.10757900029420853,0.10858900099992752,11296586
2026-05-10T00:00:00.000000Z,0.1085909977555275,0.11464399844408035,0.10763700306415558,0.11249099671840668,13285101
2026-05-11T00:00:00.000000Z,0.11249300092458725,0.1149120032787323,0.1100659966468811,0.11174499988555908,13654385
2026-05-12T00:00:00.000000Z,0.11174499988555908,0.11199299991130829,0.10697799921035767,0.10790199786424637,10277705
2026-05-13T00:00:00.000000Z,0.10790199786424637,0.11029499769210815,0.10399600118398666,0.10479500144720078,11060247
2026-05-14T00:00:00.000000Z,0.10479500144720078,0.10664799809455872,0.10296700149774551,0.10529399663209915,7901078
2026-05-15T00:00:00.000000Z,0.10529399663209915,0.10663300007581711,0.099577002227306366,0.10054100304841995,11320710
2026-05-16T00:00:00.000000Z,0.10054100304841995,0.1009799987077713,0.096745997667312622,0.098420999944210052,8728928
2026-05-17T00:00:00.000000Z,0.098420999944210052,0.098985999822616577,0.094985999166965485,0.095921002328395844,8098621
2026-05-18T00:00:00.000000Z,0.095921002328395844,0.097340002655982971,0.095048002898693085,0.097050003707408905,9072573
2026-05-19T00:00:00.000000Z,0.097050003707408905,0.099992997944355011,0.096611998975276947,0.099132999777793884,10267612
2026-05-20T00:00:00.000000Z,0.099132999777793884,0.099577002227306366,0.097473002970218658,0.098319999873638153,8019771
2026-05-21T00:00:00.000000Z,0.098319999873638153,0.099804997444152832,0.097456000745296478,0.098792999982833862,6798461
2026-05-22T00:00:00.000000Z,0.098792999982833862,0.10265100002288818,0.09682600200176239,0.097162999212741852,11436073
2026-05-23T00:00:00.000000Z,0.097168996930122375,0.10214100033044815,0.094873003661632538,0.1011279970407486,9285165
2026-05-24T00:00:00.000000Z,0.1011279970407486,0.10132800042629242,0.096724003553390503,0.098266996443271637,7635951
2026-05-25T00:00:00.000000Z,0.098268002271652222,0.10125599801540375,0.097860999405384064,0.099504001438617706,12238303
2026-05-26T00:00:00.000000Z,0.099504001438617706,0.099636003375053406,0.096201002597808838,0.097035996615886688,19642890
2026-05-27T00:00:00.000000Z,0.097035996615886688,0.10097499936819077,0.095854997634887695,0.10010699927806854,20223743
2026-05-28T00:00:00.000000Z,0.10010699927806854,0.11684300005435944,0.097595997154712677,0.11124599725008011,67585965
2026-05-29T00:00:00.000000Z,0.11124599725008011,0.12269700318574905,0.1054069995880127,0.11954999715089798,71271815
2026-05-30T00:00:00.000000Z,0.11955299973487854,0.12453600019216537,0.1139179989695549,0.11938899755477905,30547565
2026-05-31T00:00:00.000000Z,0.11938899755477905,0.12629100680351257,0.11573299765586853,0.11725699901580811,23606813
2026-06-01T00:00:00.000000Z,0.11725399643182755,0.12189900130033493,0.11111500114202499,0.11146099865436554,29553410
2026-06-02T00:00:00.000000Z,0.11146099865436554,0.11253400146961212,0.098825998604297638,0.10384999960660934,29894059
2026-06-03T00:00:00.000000Z,0.10384999960660934,0.10752899944782257,0.10172999650239944,0.10234100371599197,28106364
2026-06-04T00:00:00.000000Z,0.10234100371599197,0.10692600160837173,0.095645003020763397,0.09711100161075592,44561079
2026-06-05T00:00:00.000000Z,0.09711100161075592,0.097686998546123505,0.082537002861499786,0.084650002419948578,27384840
2026-06-06T00:00:00.000000Z,0.084650002419948578,0.086713001132011414,0.080684997141361237,0.082906000316143036,13445261
2026-06-07T00:00:00.000000Z,0.082906000316143036,0.087766997516155243,0.082905001938343048,0.086966998875141144,10998606
2026-06-08T00:00:00.000000Z,0.086966998875141144,0.097822003066539764,0.084964998066425323,0.095710001885890961,19927678
2026-06-09T00:00:00.000000Z,0.095710001885890961,0.097553998231887817,0.091911002993583679,0.093694999814033508,15767871
2026-06-10T00:00:00.000000Z,0.093694999814033508,0.095221996307373047,0.088986001908779144,0.091018997132778168,9442111
2026-06-11T00:00:00.000000Z,0.091018997132778168,0.093786001205444336,0.09058699756860733,0.092184998095035553,9883697
2026-06-12T00:00:00.000000Z,0.092184998095035553,0.092520996928215027,0.086874999105930328,0.087563998997211456,11576867
2026-06-13T00:00:00.000000Z,0.087563998997211456,0.089951001107692719,0.087563000619411469,0.089895002543926239,11194997
2026-06-14T00:00:00.000000Z,0.089904002845287323,0.091871000826358795,0.087231002748012543,0.091462001204490662,7588362
2026-06-15T00:00:00.000000Z,0.091462001204490662,0.095039002597332001,0.091242000460624695,0.091834999620914459,12624863
2026-06-16T00:00:00.000000Z,0.091834999620914459,0.092618003487586975,0.089316003024578094,0.090508997440338135,9826227
2026-06-17T00:00:00.000000Z,0.090508997440338135,0.09300599992275238,0.090103000402450562,0.091927997767925262,10603002
2026-06-18T00:00:00.000000Z,0.091927997767925262,0.092982999980449677,0.087814003229141235,0.090699002146720886,10429292
2026-06-19T00:00:00.000000Z,0.09072200208902359,0.091953001916408539,0.08698900043964386,0.087987996637821198,9022017
2026-06-20T00:00:00.000000Z,0.087994001805782318,0.089979998767375946,0.086960002779960632,0.089519999921321869,8666223
2026-06-21T00:00:00.000000Z,0.089519999921321869,0.090657003223896027,0.087697997689247131,0.087742000818252563,7180015
2026-06-22T00:00:00.000000Z,0.087742000818252563,0.093199998140335083,0.087714001536369324,0.089510999619960785,12831666
2026-06-23T00:00:00.000000Z,0.089510999619960785,0.090089000761508942,0.08549799770116806,0.089584998786449432,10038693
2026-06-24T00:00:00.000000Z,0.089584998786449432,0.090259000658988953,0.082221999764442444,0.086419999599456787,10454132
2026-06-25T00:00:00.000000Z,0.086419999599456787,0.086960002779960632,0.079957999289035797,0.083857998251914978,11686544
2026-06-26T00:00:00.000000Z,0.083857998251914978,0.088229000568389893,0.081344000995159149,0.084453001618385315,10901036
2026-06-27T00:00:00.000000Z,0.084453001618385315,0.085989996790885925,0.083540000021457672,0.083907999098300934,8428202
2026-06-28T00:00:00.000000Z,0.083907999098300934,0.085051000118255615,0.081978999078273773,0.082886002957820892,6972177
2026-06-29T00:00:00.000000Z,0.082886002957820892,0.08402000367641449,0.081592999398708344,0.082157999277114868,9525892
2026-06-30T00:00:00.000000Z,0.082157999277114868,0.082272998988628387,0.075828999280929565,0.077823996543884277,12914569
2026-07-01T00:00:00.000000Z,0.077823996543884277,0.0808119997382164,0.076962999999523163,0.079175002872943878,8375959
2026-07-02T00:00:00.000000Z,0.079175002872943878,0.081860996782779694,0.077684998512268066,0.080668002367019653,9753262
2026-07-03T00:00:00.000000Z,0.080668002367019653,0.085132002830505371,0.08050999790430069,0.084473997354507446,8432561
2026-07-04T00:00:00.000000Z,0.084473997354507446,0.086901001632213593,0.083497002720832825,0.086488001048564911,7380675
2026-07-05T00:00:00.000000Z,0.086488001048564911,0.092119000852108002,0.084647998213768005,0.090144999325275421,15014621
2026-07-06T00:00:00.000000Z,0.090144999325275421,0.090383999049663544,0.085401996970176697,0.088962003588676453,9277920
2026-07-07T00:00:00.000000Z,0.088962003588676453,0.089401997625827789,0.085707001388072968,0.085882000625133514,6252889
2026-07-08T00:00:00.000000Z,0.085882000625133514,0.086346998810768127,0.083167001605033875,0.084338001906871796,6274024
2026-07-09T00:00:00.000000Z,0.084338001906871796,0.086139999330043793,0.083112999796867371,0.085084997117519379,7091785
2026-07-10T00:00:00.000000Z,0.085084997117519379,0.087518997490406036,0.08495599776506424,0.086236000061035156,6811002
2026-07-11T00:00:00.000000Z,0.086236000061035156,0.087250001728534698,0.084936000406742096,0.085028000175952911,4547616
2026-07-12T00:00:00.000000Z,0.085017003118991852,0.085487000644207001,0.083002999424934387,0.083074003458023071,5143362
2026-07-13T00:00:00.000000Z,0.083074003458023071,0.083887003362178802,0.079827003180980682,0.080255001783370972,6692849
2026-07-14T00:00:00.000000Z,0.080255001783370972,0.081601999700069427,0.07903599739074707,0.081202000379562378,6810361
2026-07-15T00:00:00.000000Z,0.081203997135162354,0.082353003323078156,0.080445997416973114,0.081084996461868286,4460932
2026-07-16T00:00:00.000000Z,0.081084996461868286,0.081361003220081329,0.079176999628543854,0.079506002366542816,4392553
2026-07-17T00:00:00.000000Z,0.079506002366542816,0.08090200275182724,0.078327998518943787,0.079760000109672546,4359864
2026-07-18T00:00:00.000000Z,0.079760000109672546,0.080046996474266052,0.077298000454902649,0.078254997730255127,4618783
2026-07-19T00:00:00.000000Z,0.078254997730255127,0.078643999993801117,0.07715199887752533,0.077422000467777252,3457532
2026-07-20T00:00:00.000000Z,0.077422000467777252,0.078312002122402191,0.074983000755310059,0.076967000961303711,5261401
2026-07-21T00:00:00.000000Z,0.076967000961303711,0.080013997852802277,0.076775997877120972,0.079090997576713562,3615479
2026-07-22T00:00:00.000000Z,0.079090997576713562,0.080333001911640167,0.077947996556758881,0.078300997614860535,3763010
2026-07-23T00:00:00.000000Z,0.078300997614860535,0.078896999359130859,0.076768003404140472,0.077024996280670166,3977807
2026-07-24T00:00:00.000000Z,0.077024996280670166,0.078516997396945953,0.076306000351905823,0.076325997710227966,4123011
2026-07-25T00:00:00.000000Z,0.076325997710227966,0.076903998851776123,0.074542000889778137,0.07564699649810791,4178991
2026-07-26T00:00:00.000000Z,0.07564699649810791,0.077042996883392334,0.075110003352165222,0.076378002762794495,3529555
2026-07-27T00:00:00.000000Z,0.076379001140594482,0.076389998197555542,0.069923996925354004,0.070422999560832977,5461486
2026-07-28T00:00:00.000000Z,0.070422999560832977,0.070551998913288116,0.068879000842571259,0.069623999297618866,4516283
2026-07-29T00:00:00.000000Z,0.069623999297618866,0.070156998932361603,0.065774001181125641,0.065807998180389404,7504132
2026-07-30T00:00:00.000000Z,0.065808996558189392,0.067723996937274933,0.065003998577594757,0.065756998956203461,6124544
2026-07-31T00:00:00.000000Z,0.065756998956203461,0.066091001033782959,0.063984997570514679,0.064758002758026123,6375083
2026-08-01T00:00:00.000000Z,0.064745999872684479,0.066559001803398132,0.064369000494480133,0.06527400016784668,4528753
2026-08-02T00:00:00.000000Z,0.06527400016784668,0.067342996597290039,0.065116003155708313,0.06623300164937973,3501933
2026-08-03T00:00:00.000000Z,0.066234998404979706,0.067218996584415436,0.06454700231552124,0.066046997904777527,4971731
2026-08-04T00:00:00.000000Z,0.066050000488758087,0.066941000521183014,0.065077997744083405,0.065577000379562378,4368147
2026-08-05T00:00:00.000000Z,0.065577000379562378,0.069343000650405884,0.065476000308990479,0.066999003291130066,8843393
2026-08-06T00:00:00.000000Z,0.066999003291130066,0.067819997668266296,0.066248998045921326,0.066967003047466278,4220994
2026-08-07T00:00:00.000000Z,0.066965997219085693,0.068112999200820923,0.06689000129699707,0.067230001091957092,3827805
2026-08-08T00:00:00.000000Z,0.067230001091957092,0.067727997899055481,0.066955998539924622,0.067253999412059784,3543308
2026-08-09T00:00:00.000000Z,0.067253999412059784,0.068990997970104218,0.067149996757507324,0.067170999944210052,4542513
2026-08-10T00:00:00.000000Z,0.067172996699810028,0.067743003368377686,0.065883003175258636,0.066031999886035919,4796068
2026-08-11T00:00:00.000000Z,0.066033996641635895,0.066145002841949463,0.062530003488063812,0.062605001032352448,5971110
2026-08-12T00:00:00.000000Z,0.062600001692771912,0.063164003193378448,0.057617999613285065,0.058354001492261887,9543325
2026-08-13T00:00:00.000000Z,0.058348000049591064,0.059158999472856522,0.056949000805616379,0.057408001273870468,5810745
2026-08-14T00:00:00.000000Z,0.057413000613451004,0.057496000081300735,0.055286001414060593,0.056591998785734177,5324397
2026-08-15T00:00:00.000000Z,0.056591000407934189,0.059225998818874359,0.055805999785661697,0.058442998677492142,6017544
2026-08-16T00:00:00.000000Z,0.058442998677492142,0.061041999608278275,0.058053001761436462,0.059365998953580856,6783668
2026-08-17T00:00:00.000000Z,0.059365998953580856,0.060081999748945236,0.058194998651742935,0.058485999703407288,4033313
2026-08-18T00:00:00.000000Z,0.058485999703407288,0.059649001806974411,0.057360000908374786,0.059236001223325729,4595094
2026-08-19T00:00:00.000000Z,0.059236001223325729,0.06354600191116333,0.058655999600887299,0.06279899924993515,6189534
2026-08-20T00:00:00.000000Z,0.062798000872135162,0.06627800315618515,0.062006000429391861,0.06627800315618515,6017534
2026-08-21T00:00:00.000000Z,0.06627800315618515,0.071851998567581177,0.065732002258300781,0.071464002132415771,9349084
2026-08-22T00:00:00.000000Z,0.071466997265815735,0.079632997512817383,0.070666998624801636,0.071370996534824371,12294928
2026-08-23T00:00:00.000000Z,0.071372002363204956,0.072815999388694763,0.067487001419067383,0.071561999619007111,6949453
2026-08-24T00:00:00.000000Z,0.071566000580787659,0.071566000580787659,0.068411998450756073,0.068692997097969055,6562369
2026-08-25T00:00:00.000000Z,0.068695999681949615,0.071561999619007111,0.065880000591278076,0.066593997180461884,6563726
2026-08-26T00:00:00.000000Z,0.066593997180461884,0.068683996796607971,0.066008001565933228,0.068332001566886902,6028219
2026-08-27T00:00:00.000000Z,0.068351000547409058,0.070441998541355133,0.067091003060340881,0.069608002901077271,5585560
2026-08-28T00:00:00.000000Z,0.069608002901077271,0.072082996368408203,0.067487001419067383,0.068495996296405792,10094800
2026-08-29T00:00:00.000000Z,0.068495996296405792,0.068806000053882599,0.06721699982881546,0.067937999963760376,2082880
2026-08-30T00:00:00.000000Z,0.067937999963760376,0.070433996617794037,0.065828002989292145,0.066476002335548401,3327520
2026-08-31T00:00:00.000000Z,0.066476002335548401,0.069219000637531281,0.066476002335548401,0.068007998168468475,3318582
2026-09-01T00:00:00.000000Z,0.068008996546268463,0.070970997214317322,0.068007998168468475,0.069380000233650208,5086616
2026-09-03T00:00:00.000000Z,0.067581996321678162,0.067980796098709106,0.067203044891357422,0.067500002682209015,4683166
