timestamp_utc,Open,High,Low,Close,Volume
2020-06-11T00:00:00.000000Z,0.038855999708175659,0.078567996621131897,0.038750998675823212,0.055727001279592514,23544
2020-06-12T00:00:00.000000Z,0.055748000741004944,0.063758000731468201,0.04308599978685379,0.053068000823259354,12740
2020-06-13T00:00:00.000000Z,0.053079001605510712,0.054382000118494034,0.040943998843431473,0.046767000108957291,20434
2020-06-14T00:00:00.000000Z,0.046766001731157303,0.055298000574111938,0.044847998768091202,0.049426000565290451,17208
2020-06-15T00:00:00.000000Z,0.049430001527070999,0.05505799874663353,0.037572998553514481,0.051249999552965164,21152
2020-06-16T00:00:00.000000Z,0.051245998591184616,0.066446997225284576,0.036763999611139297,0.06084899976849556,23300
2020-06-17T00:00:00.000000Z,0.060841001570224762,0.097300000488758087,0.043285999447107315,0.097290001809597015,54573
2020-06-18T00:00:00.000000Z,0.097295001149177551,0.097342997789382935,0.055491998791694641,0.070845998823642731,60795
2020-06-19T00:00:00.000000Z,0.070872001349925995,0.080843999981880188,0.061893999576568604,0.079411998391151428,27135
2020-06-20T00:00:00.000000Z,0.0794529989361763,0.10459700226783752,0.069757997989654541,0.08760400116443634,74187
2020-06-21T00:00:00.000000Z,0.087564997375011444,0.09440699964761734,0.077494002878665924,0.086058996617794037,46506
2020-06-22T00:00:00.000000Z,0.086010001599788666,0.092868998646736145,0.074184000492095947,0.082671001553535461,49208
2020-06-23T00:00:00.000000Z,0.082690000534057617,0.087994001805782318,0.065554000437259674,0.086278997361660004,65752
2020-06-24T00:00:00.000000Z,0.086539000272750854,0.10052099823951721,0.074909001588821411,0.082569003105163574,51210
2020-06-25T00:00:00.000000Z,0.082581996917724609,0.090443000197410583,0.077035002410411835,0.090402998030185699,35561
2020-06-26T00:00:00.000000Z,0.089764997363090515,0.095073997974395752,0.07996000349521637,0.082823999226093292,41368
2020-06-27T00:00:00.000000Z,0.08284199982881546,0.090012997388839722,0.078387998044490814,0.084567002952098846,23941
2020-06-28T00:00:00.000000Z,0.084567002952098846,0.084660999476909637,0.072549000382423401,0.076104998588562012,27401
2020-06-29T00:00:00.000000Z,0.076104998588562012,0.084040001034736633,0.075862996280193329,0.083361998200416565,17559
2020-06-30T00:00:00.000000Z,0.083345003426074982,0.083723999559879303,0.070635996758937836,0.075791001319885254,18486
2020-07-01T00:00:00.000000Z,0.076148003339767456,0.090369999408721924,0.072191998362541199,0.084974996745586395,28672
2020-07-02T00:00:00.000000Z,0.085023999214172363,0.10055399686098099,0.077844999730587006,0.094024002552032471,63727
2020-07-03T00:00:00.000000Z,0.094043001532554626,0.099743999540805817,0.086292997002601624,0.092312999069690704,42611
2020-07-04T00:00:00.000000Z,0.092339999973773956,0.093841999769210815,0.083545997738838196,0.089011996984481812,32629
2020-07-05T00:00:00.000000Z,0.088997997343540192,0.092339999973773956,0.084190003573894501,0.085078999400138855,23115
2020-07-06T00:00:00.000000Z,0.085074000060558319,0.091744996607303619,0.082244999706745148,0.088872000575065613,20644
2020-07-07T00:00:00.000000Z,0.08886999636888504,0.094354003667831421,0.080673001706600189,0.087742000818252563,24461
2020-07-08T00:00:00.000000Z,0.087742000818252563,0.089541003108024597,0.076673001050949097,0.077382996678352356,35757
2020-07-09T00:00:00.000000Z,0.077403999865055084,0.082239001989364624,0.073627002537250519,0.079420998692512512,18515
2020-07-10T00:00:00.000000Z,0.079392999410629272,0.088783003389835358,0.070211000740528107,0.087738998234272003,30576
2020-07-11T00:00:00.000000Z,0.087738998234272003,0.087754003703594208,0.074700996279716492,0.080790996551513672,21435
2020-07-12T00:00:00.000000Z,0.080805003643035889,0.082566000521183014,0.075629003345966339,0.076695002615451813,14738
2020-07-13T00:00:00.000000Z,0.076695002615451813,0.079424001276493073,0.072966001927852631,0.076132997870445251,14423
2020-07-14T00:00:00.000000Z,0.076203003525733948,0.076399996876716614,0.064709000289440155,0.072370000183582306,24540
2020-07-15T00:00:00.000000Z,0.072370000183582306,0.074137002229690552,0.063882999122142792,0.069076001644134521,18280
2020-07-16T00:00:00.000000Z,0.06906600296497345,0.069943003356456757,0.061719998717308044,0.068080000579357147,18678
2020-07-17T00:00:00.000000Z,0.068071998655796051,0.069913998246192932,0.058182001113891602,0.059939000755548477,19073
2020-07-18T00:00:00.000000Z,0.059937998652458191,0.067533001303672791,0.056908998638391495,0.063308998942375183,11274
2020-07-19T00:00:00.000000Z,0.063304997980594635,0.074950002133846283,0.063304997980594635,0.074919998645782471,18281
2020-07-20T00:00:00.000000Z,0.074941001832485199,0.086733996868133545,0.068893998861312866,0.079565003514289856,30867
2020-07-21T00:00:00.000000Z,0.07877899706363678,0.084059000015258789,0.071094997227191925,0.076300002634525299,58917
2020-07-22T00:00:00.000000Z,0.076302997767925262,0.08849799633026123,0.070371001958847046,0.080090999603271484,56032
2020-07-23T00:00:00.000000Z,0.080090999603271484,0.096694000065326691,0.080090999603271484,0.094908997416496277,50634
2020-07-24T00:00:00.000000Z,0.094908997416496277,0.095569998025894165,0.079985000193119049,0.085005000233650208,80232
2020-07-25T00:00:00.000000Z,0.085017003118991852,0.095262996852397919,0.083504997193813324,0.092753000557422638,39711
2020-07-26T00:00:00.000000Z,0.093629002571105957,0.094926998019218445,0.083013996481895447,0.086223997175693512,32480
2020-07-27T00:00:00.000000Z,0.086223997175693512,0.089069999754428864,0.07949499785900116,0.0802450031042099,56375
2020-07-28T00:00:00.000000Z,0.08023100346326828,0.084334999322891235,0.078016996383666992,0.080342002213001251,25124
2020-07-29T00:00:00.000000Z,0.080352999269962311,0.084224000573158264,0.079245999455451965,0.081041000783443451,22841
2020-07-30T00:00:00.000000Z,0.081026002764701843,0.087261997163295746,0.070641003549098969,0.086205996572971344,47681
2020-07-31T00:00:00.000000Z,0.086205996572971344,0.086465999484062195,0.079044997692108154,0.084504999220371246,21161
2020-08-01T00:00:00.000000Z,0.08449999988079071,0.085221000015735626,0.07706800103187561,0.080674998462200165,32838
2020-08-02T00:00:00.000000Z,0.080769002437591553,0.084495000541210175,0.072166003286838531,0.078672997653484344,50242
2020-08-03T00:00:00.000000Z,0.078666999936103821,0.083493001759052277,0.072704002261161804,0.083493001759052277,31214
2020-08-04T00:00:00.000000Z,0.0834989994764328,0.085707999765872955,0.078914999961853027,0.082082003355026245,43118
2020-08-05T00:00:00.000000Z,0.082050003111362457,0.091130003333091736,0.081768997013568878,0.088114000856876373,66587
2020-08-06T00:00:00.000000Z,0.088114000856876373,0.091572001576423645,0.086073003709316254,0.089236997067928314,62151
2020-08-07T00:00:00.000000Z,0.08922799676656723,0.09134499728679657,0.083534002304077148,0.087107002735137939,58625
2020-08-08T00:00:00.000000Z,0.087117001414299011,0.090706996619701385,0.0848969966173172,0.086110003292560577,66997
2020-08-09T00:00:00.000000Z,0.086176000535488129,0.098430000245571136,0.086158998310565948,0.094440996646881104,65248
2020-08-10T00:00:00.000000Z,0.094440996646881104,0.12185999751091003,0.092166997492313385,0.10407300293445587,72183
2020-08-11T00:00:00.000000Z,0.10411400347948074,0.10846900194883347,0.093633003532886505,0.10457800328731537,95110
2020-08-12T00:00:00.000000Z,0.10462799668312073,0.13389100134372711,0.10154300183057785,0.12597900629043579,113640
2020-08-13T00:00:00.000000Z,0.12602099776268005,0.1351349949836731,0.11945799738168716,0.13219299912452698,110318
2020-08-14T00:00:00.000000Z,0.13217300176620483,0.13911299407482147,0.12269099801778793,0.13770200312137604,98785
2020-08-15T00:00:00.000000Z,0.13768699765205383,0.14082600176334381,0.12825900316238403,0.13932999968528748,95121
2020-08-16T00:00:00.000000Z,0.13938400149345398,0.1417199969291687,0.13562400639057159,0.13973900675773621,87271
2020-08-17T00:00:00.000000Z,0.13973900675773621,0.14148800075054169,0.12560300529003143,0.12564000487327576,140819
2020-08-18T00:00:00.000000Z,0.12569700181484222,0.13059000670909882,0.11405400186777115,0.11614400148391724,101919
2020-08-19T00:00:00.000000Z,0.11613400280475616,0.11841700226068497,0.11177299916744232,0.11274799704551697,71071
2020-08-20T00:00:00.000000Z,0.11274799704551697,0.13782499730587006,0.11273899674415588,0.13138200342655182,168429
2020-08-21T00:00:00.000000Z,0.13138200342655182,0.13163000345230103,0.11341799795627594,0.1229109987616539,120113
2020-08-22T00:00:00.000000Z,0.12293700128793716,0.15144200623035431,0.1187950000166893,0.14476099610328674,112238
2020-08-23T00:00:00.000000Z,0.14478300511837006,0.17700099945068359,0.13469700515270233,0.16414499282836914,144612
2020-08-24T00:00:00.000000Z,0.16414099931716919,0.17631000280380249,0.15106700360774994,0.1684190034866333,135611
2020-08-25T00:00:00.000000Z,0.16839000582695007,0.17405299842357635,0.15451599657535553,0.16799099743366241,176783
2020-08-26T00:00:00.000000Z,0.16783800721168518,0.19008299708366394,0.15249000489711761,0.1830269992351532,176325
2020-08-27T00:00:00.000000Z,0.18300199508666992,0.29055801033973694,0.17643900215625763,0.26990398764610291,477299
2020-08-28T00:00:00.000000Z,0.26988300681114197,0.28431299328804016,0.23791399598121643,0.26863101124763489,449309
2020-08-29T00:00:00.000000Z,0.26861301064491272,0.27847200632095337,0.23010499775409698,0.24825200438499451,315092
2020-08-30T00:00:00.000000Z,0.24805399775505066,0.2616020143032074,0.22202299535274506,0.23318199813365936,280082
2020-08-31T00:00:00.000000Z,0.2332720011472702,0.24423800408840179,0.21182699501514435,0.22321499884128571,319288
2020-09-01T00:00:00.000000Z,0.22318600118160248,0.24907000362873077,0.1997469961643219,0.22707700729370117,234083
2020-09-02T00:00:00.000000Z,0.2269899994134903,0.24048900604248047,0.19726300239562988,0.21188099682331085,210068
2020-09-03T00:00:00.000000Z,0.21184399724006653,0.24001799523830414,0.20496499538421631,0.21746900677680969,260334
2020-09-04T00:00:00.000000Z,0.21748200058937073,0.2224310040473938,0.17111599445343018,0.18245300650596619,220955
2020-09-05T00:00:00.000000Z,0.17843799293041229,0.19537200033664703,0.14166900515556335,0.15930800139904022,180667
2020-09-06T00:00:00.000000Z,0.15937699377536774,0.16346700489521027,0.12628400325775146,0.16108199954032898,179398
2020-09-07T00:00:00.000000Z,0.16116100549697876,0.16758599877357483,0.14582499861717224,0.14978399872779846,124146
2020-09-08T00:00:00.000000Z,0.14976799488067627,0.16439099609851837,0.14115799963474274,0.14980900287628174,110544
2020-09-09T00:00:00.000000Z,0.14985799789428711,0.18231700360774994,0.13971200585365295,0.17641499638557434,143565
2020-09-10T00:00:00.000000Z,0.17641499638557434,0.18177799880504608,0.16434599459171295,0.17360100150108337,136309
2020-09-11T00:00:00.000000Z,0.17359000444412231,0.19056700170040131,0.16544300317764282,0.18023599684238434,135410
2020-09-12T00:00:00.000000Z,0.18028600513935089,0.18307399749755859,0.16263100504875183,0.16766299307346344,121251
2020-09-13T00:00:00.000000Z,0.16772300004959106,0.17460200190544128,0.15491199493408203,0.16044899821281433,104062
2020-09-14T00:00:00.000000Z,0.16046799719333649,0.16493700444698334,0.1519940048456192,0.15606699883937836,109520
2020-09-15T00:00:00.000000Z,0.15606699883937836,0.16337800025939941,0.14642199873924255,0.15012800693511963,106444
2020-09-16T00:00:00.000000Z,0.1501690000295639,0.15025900304317474,0.12344100326299667,0.14029300212860107,157869
2020-09-17T00:00:00.000000Z,0.14029300212860107,0.14652200043201447,0.13906499743461609,0.1427299976348877,96382
2020-09-18T00:00:00.000000Z,0.1427299976348877,0.14375799894332886,0.1321370005607605,0.13334299623966217,86392
2020-09-19T00:00:00.000000Z,0.1333869993686676,0.13452400267124176,0.12020699679851532,0.13186900317668915,94573
2020-09-20T00:00:00.000000Z,0.13187800347805023,0.13763700425624847,0.1168920025229454,0.11744599789381027,77995
2020-09-21T00:00:00.000000Z,0.11744599789381027,0.13052299618721008,0.10951100289821625,0.1208299994468689,73696
2020-09-22T00:00:00.000000Z,0.12077400088310242,0.12133800238370895,0.10504200309514999,0.11287499964237213,84451
2020-09-23T00:00:00.000000Z,0.11066900193691254,0.11169599741697311,0.09681200236082077,0.10963000357151031,161169
2020-09-24T00:00:00.000000Z,0.10951799899339676,0.10954099893569946,0.099248997867107391,0.10344000160694122,125931
2020-09-25T00:00:00.000000Z,0.10951899737119675,0.1123260036110878,0.10351300239562988,0.11223100125789642,153437
2020-09-26T00:00:00.000000Z,0.11230400204658508,0.11757700145244598,0.10051000118255615,0.11446700245141983,145422
2020-09-27T00:00:00.000000Z,0.11446700245141983,0.12474899739027023,0.11309599876403809,0.1216759979724884,142532
2020-09-28T00:00:00.000000Z,0.1216759979724884,0.12219499796628952,0.091192997992038727,0.1098409965634346,169348
2020-09-29T00:00:00.000000Z,0.10853800177574158,0.12827800214290619,0.1084429994225502,0.12474899739027023,205948
2020-09-30T00:00:00.000000Z,0.12453299760818481,0.13655099272727966,0.12445800006389618,0.13392600417137146,169283
2020-10-01T00:00:00.000000Z,0.13414999842643738,0.15009500086307526,0.12712499499320984,0.13258400559425354,167073
2020-10-02T00:00:00.000000Z,0.13313700258731842,0.15091000497341156,0.1306460052728653,0.14128899574279785,161739
2020-10-03T00:00:00.000000Z,0.14095999300479889,0.15414400398731232,0.1409589946269989,0.1532289981842041,173446
2020-10-04T00:00:00.000000Z,0.15229199826717377,0.17010100185871124,0.14337900280952454,0.16298800706863403,196291
2020-10-05T00:00:00.000000Z,0.16324800252914429,0.17340399324893951,0.16197800636291504,0.17324499785900116,245495
2020-10-06T00:00:00.000000Z,0.1733819991350174,0.17390500009059906,0.16624799370765686,0.16763100028038025,252645
2020-10-07T00:00:00.000000Z,0.16733400523662567,0.17376400530338287,0.1475059986114502,0.1552170068025589,226020
2020-10-08T00:00:00.000000Z,0.15518400073051453,0.16829900443553925,0.15350900590419769,0.16088299453258514,173288
2020-10-09T00:00:00.000000Z,0.16011300683021545,0.18128299713134766,0.16010700166225433,0.17490899562835693,201235
2020-10-10T00:00:00.000000Z,0.17768299579620361,0.19237299263477325,0.17683799564838409,0.18094199895858765,205327
2020-10-11T00:00:00.000000Z,0.18093700706958771,0.1813109964132309,0.17159299552440643,0.17573200166225433,158140
2020-10-12T00:00:00.000000Z,0.17604300379753113,0.18058699369430542,0.17285799980163574,0.18058699369430542,185214
2020-10-13T00:00:00.000000Z,0.18058699369430542,0.18325899541378021,0.1668580025434494,0.17215199768543243,177018
2020-10-14T00:00:00.000000Z,0.17089700698852539,0.1761309951543808,0.1646990031003952,0.16616100072860718,188207
2020-10-15T00:00:00.000000Z,0.16642199456691742,0.16848799586296082,0.16011199355125427,0.16335299611091614,168646
2020-10-16T00:00:00.000000Z,0.16254200041294098,0.1639460027217865,0.14690500497817993,0.15429799258708954,191104
2020-10-17T00:00:00.000000Z,0.15411099791526794,0.1569720059633255,0.14058400690555573,0.15021799504756927,135089
2020-10-18T00:00:00.000000Z,0.14979599416255951,0.15101400017738342,0.11924400180578232,0.13283400237560272,155293
2020-10-19T00:00:00.000000Z,0.13263200223445892,0.15688100457191467,0.1235010027885437,0.13786600530147552,215343
2020-10-20T00:00:00.000000Z,0.13713599741458893,0.14153799414634705,0.13118599355220795,0.13932700455188751,114466
2020-10-21T00:00:00.000000Z,0.13913899660110474,0.13950900733470917,0.12913499772548676,0.13398799300193787,119812
2020-10-22T00:00:00.000000Z,0.13271699845790863,0.22954699397087097,0.11311999708414078,0.13087600469589233,82295
2020-10-23T00:00:00.000000Z,0.13054999709129333,0.13293799757957458,0.10586600005626678,0.12022099643945694,139933
2020-10-24T00:00:00.000000Z,0.12022200226783752,0.12870399653911591,0.11741799861192703,0.1243010014295578,99365
2020-10-25T00:00:00.000000Z,0.1243010014295578,0.12563799321651459,0.11232899874448776,0.11941400170326233,133148
2020-10-26T00:00:00.000000Z,0.11941400170326233,0.12672099471092224,0.10859400033950806,0.12268900126218796,97243
2020-10-27T00:00:00.000000Z,0.12269099801778793,0.12990400195121765,0.10001599788665771,0.10423800349235535,21324
2020-10-28T00:00:00.000000Z,0.10423900187015533,0.12616600096225739,0.10378500074148178,0.10580500215291977,80857
2020-10-29T00:00:00.000000Z,0.10580500215291977,0.12283399701118469,0.10429800301790237,0.10492400079965591,76494
2020-10-30T00:00:00.000000Z,0.10492400079965591,0.11557400226593018,0.10431099683046341,0.1136540025472641,92188
2020-10-31T00:00:00.000000Z,0.1136540025472641,0.11685600131750107,0.10836700350046158,0.11567900329828262,112411
2020-11-01T00:00:00.000000Z,0.11567900329828262,0.11652100086212158,0.10372199863195419,0.10393799841403961,70882
2020-11-02T00:00:00.000000Z,0.10393799841403961,0.11703599989414215,0.10225900262594223,0.11098299920558929,82104
2020-11-03T00:00:00.000000Z,0.11098299920558929,0.11403200030326843,0.092423997819423676,0.092834003269672394,83200
2020-11-04T00:00:00.000000Z,0.092834003269672394,0.097612001001834869,0.087886996567249298,0.092522002756595612,70128
2020-11-05T00:00:00.000000Z,0.092524997889995575,0.096501998603343964,0.082891002297401428,0.089325003325939178,18137
2020-11-06T00:00:00.000000Z,0.089327998459339142,0.096224002540111542,0.085507996380329132,0.093041002750396729,14673
2020-11-07T00:00:00.000000Z,0.093045003712177277,0.1111920028924942,0.0822720006108284,0.092061996459960938,19364
2020-11-08T00:00:00.000000Z,0.09208100289106369,0.10575400292873383,0.091775998473167419,0.10447700321674347,7174
2020-11-09T00:00:00.000000Z,0.10447800159454346,0.10696999728679657,0.097964003682136536,0.097964003682136536,8795
2020-11-10T00:00:00.000000Z,0.097962997853755951,0.11081100255250931,0.09500499814748764,0.11063200235366821,18324
2020-11-11T00:00:00.000000Z,0.11060699820518494,0.11819200217723846,0.10311300307512283,0.10681299865245819,24390
2020-11-12T00:00:00.000000Z,0.10681500285863876,0.11888100206851959,0.10504300147294998,0.11516100168228149,25116
2020-11-13T00:00:00.000000Z,0.1151449978351593,0.1181740015745163,0.10422399640083313,0.11518800258636475,27428
2020-11-14T00:00:00.000000Z,0.11519300192594528,0.12609100341796875,0.11214999854564667,0.11948999762535095,35165
2020-11-15T00:00:00.000000Z,0.11949200183153152,0.12427300214767456,0.11415199935436249,0.1189119964838028,41376
2020-11-16T00:00:00.000000Z,0.11891400068998337,0.12427199631929398,0.11657600104808807,0.11701200157403946,48166
2020-11-17T00:00:00.000000Z,0.11715299636125565,0.12291800230741501,0.11704099923372269,0.12272799760103226,54795
2020-11-18T00:00:00.000000Z,0.12273000180721283,0.12283000349998474,0.11229600012302399,0.11816299706697464,52751
2020-11-19T00:00:00.000000Z,0.11816900223493576,0.11865200102329254,0.1064469963312149,0.11314299702644348,98911
2020-11-20T00:00:00.000000Z,0.11314199864864349,0.11422199755907059,0.10256099700927734,0.10772600024938583,86186
2020-11-21T00:00:00.000000Z,0.10772500187158585,0.10986900329589844,0.083417996764183044,0.10691200196743011,96242
2020-11-22T00:00:00.000000Z,0.10691200196743011,0.10900100320577621,0.09142400324344635,0.1037369966506958,82297
2020-11-23T00:00:00.000000Z,0.10373599827289581,0.10478799790143967,0.091508001089096069,0.096905000507831573,79391
2020-11-24T00:00:00.000000Z,0.096919000148773193,0.10813499987125397,0.091541998088359833,0.10229600220918655,61824
2020-11-25T00:00:00.000000Z,0.10229600220918655,0.12776100635528564,0.10144100338220596,0.12465599924325943,53893
2020-11-26T00:00:00.000000Z,0.12466300278902054,0.12511299550533295,0.10929899662733078,0.11085300147533417,13552
2020-11-27T00:00:00.000000Z,0.11086799949407578,0.11282800137996674,0.10086999833583832,0.1127609983086586,7498
2020-11-28T00:00:00.000000Z,0.11276300251483917,0.11285100132226944,0.11152800172567368,0.11217799782752991,5693
2020-11-29T00:00:00.000000Z,0.11217900365591049,0.12070800364017487,0.10916099697351456,0.11016000062227249,10845
2020-11-30T00:00:00.000000Z,0.1101590022444725,0.12133699655532837,0.1101590022444725,0.1212569996714592,9420
2020-12-01T00:00:00.000000Z,0.1212569996714592,0.13378199934959412,0.11931599676609039,0.13378199934959412,21924
2020-12-02T00:00:00.000000Z,0.13378499448299408,0.1500220000743866,0.12718500196933746,0.14980700612068176,21884
2020-12-03T00:00:00.000000Z,0.14981000125408173,0.15540400147438049,0.13224199414253235,0.14939500391483307,23059
2020-12-04T00:00:00.000000Z,0.13221399486064911,0.15770900249481201,0.12460999935865402,0.15475699305534363,8758
2020-12-05T00:00:00.000000Z,0.15457999706268311,0.18920400738716125,0.12579399347305298,0.18273499608039856,49813
2020-12-06T00:00:00.000000Z,0.18273499608039856,0.19345399737358093,0.13036400079727173,0.1650020033121109,57319
2020-12-07T00:00:00.000000Z,0.16500599682331085,0.17163200676441193,0.13833500444889069,0.15999199450016022,52242
2020-12-08T00:00:00.000000Z,0.15998899936676025,0.16649499535560608,0.13255099952220917,0.137704998254776,27599
2020-12-09T00:00:00.000000Z,0.14669500291347504,0.16509699821472168,0.13767799735069275,0.14117799699306488,26675
2020-12-10T00:00:00.000000Z,0.14117200672626495,0.14755800366401672,0.14095099270343781,0.14742699265480042,9937
2020-12-11T00:00:00.000000Z,0.14743100106716156,0.14743100106716156,0.14483800530433655,0.14504699409008026,11909
2020-12-12T00:00:00.000000Z,0.14504200220108032,0.14550299942493439,0.13967999815940857,0.14096799492835999,9124
2020-12-13T00:00:00.000000Z,0.14096499979496002,0.15245300531387329,0.14059999585151672,0.15198299288749695,11615
2020-12-14T00:00:00.000000Z,0.15197700262069702,0.1628510057926178,0.15076999366283417,0.1628510057926178,7431
2020-12-15T00:00:00.000000Z,0.16284200549125671,0.16284200549125671,0.13760800659656525,0.13765899837017059,27277
2020-12-16T00:00:00.000000Z,0.13765500485897064,0.14775300025939941,0.12353400141000748,0.1320510059595108,15401
2020-12-17T00:00:00.000000Z,0.13205699622631073,0.13209199905395508,0.12472400069236755,0.13067500293254852,8948
2020-12-18T00:00:00.000000Z,0.13066600263118744,0.13576400279998779,0.11554300040006638,0.13014499843120575,14556
2020-12-19T00:00:00.000000Z,0.13014499843120575,0.13070100545883179,0.11726299673318863,0.11992999911308289,26344
2020-12-20T00:00:00.000000Z,0.11993300169706345,0.13187900185585022,0.11889000236988068,0.12200299650430679,13087
2020-12-21T00:00:00.000000Z,0.12199299782514572,0.13481500744819641,0.11391600221395493,0.11392299830913544,23435
2020-12-22T00:00:00.000000Z,0.11381900310516357,0.12447299808263779,0.10246200114488602,0.11884099990129471,24833
2020-12-23T00:00:00.000000Z,0.11883199959993362,0.12273400276899338,0.11264999955892563,0.11465799808502197,14030
2020-12-24T00:00:00.000000Z,0.11465399712324142,0.11652000248432159,0.10010299831628799,0.10431300103664398,11332
2020-12-25T00:00:00.000000Z,0.10431399941444397,0.11770199984312057,0.10431399941444397,0.11710099875926971,8218
2020-12-26T00:00:00.000000Z,0.11709900200366974,0.12130499631166458,0.11413200199604034,0.11531300097703934,7475
2020-12-27T00:00:00.000000Z,0.11531499773263931,0.12065800279378891,0.11375600099563599,0.11669500172138214,13538
2020-12-28T00:00:00.000000Z,0.11669199913740158,0.12573300302028656,0.11223000288009644,0.11578299850225449,6020
2020-12-29T00:00:00.000000Z,0.11577899754047394,0.12072400003671646,0.10182899981737137,0.10419700294733047,25642
2020-12-30T00:00:00.000000Z,0.1041949987411499,0.10781200230121613,0.095779001712799072,0.10314200073480606,1385
2020-12-31T00:00:00.000000Z,0.10313700139522552,0.10745800286531448,0.10196399688720703,0.10538999736309052,15397
2021-01-01T00:00:00.000000Z,0.10538700222969055,0.10832799971103668,0.099101997911930084,0.10227400064468384,8220
2021-01-02T00:00:00.000000Z,0.1022770032286644,0.10613200068473816,0.097755998373031616,0.09849800169467926,8719
2021-01-03T00:00:00.000000Z,0.098514996469020844,0.10900899767875671,0.096028000116348267,0.10138200223445892,10515
2021-01-04T00:00:00.000000Z,0.10141099989414215,0.1053989976644516,0.099071003496646881,0.10430499911308289,5166
2021-01-05T00:00:00.000000Z,0.10431399941444397,0.10930000245571136,0.099588997662067413,0.10906899720430374,23719
2021-01-06T00:00:00.000000Z,0.10907299816608429,0.10912600159645081,0.08899100124835968,0.098645001649856567,19523
2021-01-07T00:00:00.000000Z,0.09863000363111496,0.11529300361871719,0.096901997923851013,0.10877899825572968,7322
2021-01-08T00:00:00.000000Z,0.10878600180149078,0.10879699885845184,0.093217998743057251,0.096074000000953674,12948
2021-01-09T00:00:00.000000Z,0.096086002886295319,0.10680799931287766,0.096022002398967743,0.10478899627923965,6583
2021-01-10T00:00:00.000000Z,0.10479500144720078,0.10808400064706802,0.096832998096942902,0.099529996514320374,12425
2021-01-11T00:00:00.000000Z,0.099528998136520386,0.10311499983072281,0.087090000510215759,0.10311199724674225,10152
2021-01-12T00:00:00.000000Z,0.10312599688768387,0.10313700139522552,0.088775999844074249,0.095131002366542816,7145
2021-01-13T00:00:00.000000Z,0.095137998461723328,0.10312999784946442,0.090173996984958649,0.092625997960567474,3481
2021-01-14T00:00:00.000000Z,0.092626996338367462,0.10542599856853485,0.089334003627300262,0.099279001355171204,6284
2021-01-15T00:00:00.000000Z,0.099276997148990631,0.10052099823951721,0.097502999007701874,0.098925001919269562,2504
2021-01-16T00:00:00.000000Z,0.09892600029706955,0.10655800253152847,0.090565003454685211,0.10345300287008286,5227
2021-01-17T00:00:00.000000Z,0.10345199704170227,0.10509300231933594,0.093166999518871307,0.097012996673583984,14374
2021-01-18T00:00:00.000000Z,0.097010999917984009,0.10729099810123444,0.095205999910831451,0.09950699657201767,21212
2021-01-19T00:00:00.000000Z,0.099496997892856598,0.10745900124311447,0.093359000980854034,0.0944100022315979,9532
2021-01-20T00:00:00.000000Z,0.094401001930236816,0.10265900194644928,0.088919997215270996,0.093912996351718903,19017
2021-01-21T00:00:00.000000Z,0.093893997371196747,0.09921099990606308,0.087869003415107727,0.095841996371746063,6189
2021-01-22T00:00:00.000000Z,0.095817998051643372,0.10607200115919113,0.08988499641418457,0.1030300036072731,21596
2021-01-23T00:00:00.000000Z,0.10303500294685364,0.10840100049972534,0.09783799946308136,0.10734599828720093,14808
2021-01-24T00:00:00.000000Z,0.10734599828720093,0.10736600309610367,0.095879003405570984,0.10102999955415726,6009
2021-01-25T00:00:00.000000Z,0.10102599859237671,0.11473699659109116,0.096863999962806702,0.11284500360488892,11433
2021-01-26T00:00:00.000000Z,0.11285600066184998,0.11424499750137329,0.10183200240135193,0.1030919998884201,11542
2021-01-27T00:00:00.000000Z,0.10308700054883957,0.11034300178289413,0.095835000276565552,0.100491002202034,14589
2021-01-28T00:00:00.000000Z,0.100491002202034,0.10927200317382812,0.094853997230529785,0.10898900032043457,17401
2021-01-29T00:00:00.000000Z,0.10640399903059006,0.12371300160884857,0.1045679971575737,0.11711999773979187,32075
2021-01-30T00:00:00.000000Z,0.11711400002241135,0.11778499931097031,0.089019998908042908,0.099577002227306366,37780
2021-01-31T00:00:00.000000Z,0.099575996398925781,0.11450199782848358,0.093699000775814056,0.10393700003623962,38272
2021-02-01T00:00:00.000000Z,0.10393600165843964,0.11237800121307373,0.092430002987384796,0.10739400237798691,20566
2021-02-02T00:00:00.000000Z,0.10739199817180634,0.12187500298023224,0.10739199817180634,0.11887399852275848,20753
2021-02-03T00:00:00.000000Z,0.11887499690055847,0.12786200642585754,0.1149279996752739,0.12689100205898285,17752
2021-02-04T00:00:00.000000Z,0.12689200043678284,0.16663500666618347,0.11463599652051926,0.15872299671173096,36351
2021-02-05T00:00:00.000000Z,0.14418800175189972,0.1846420019865036,0.12331199645996094,0.14421400427818298,123455
2021-02-06T00:00:00.000000Z,0.14423400163650513,0.15607400238513947,0.10095199942588806,0.13228200376033783,5960
2021-02-07T00:00:00.000000Z,0.13239100575447083,0.15840800106525421,0.12687300145626068,0.14307099580764771,67673
2021-02-08T00:00:00.000000Z,0.14306999742984772,0.15111100673675537,0.11866399645805359,0.13925999402999878,47895
2021-02-09T00:00:00.000000Z,0.13927499949932098,0.1573760062456131,0.13919000327587128,0.15207700431346893,26918
2021-02-10T00:00:00.000000Z,0.15208500623703003,0.17125199735164642,0.1483989953994751,0.15341100096702576,31392
2021-02-11T00:00:00.000000Z,0.15340699255466461,0.16607199609279633,0.14038300514221191,0.1584089994430542,48473
2021-02-12T00:00:00.000000Z,0.15840600430965424,0.18614499270915985,0.15623000264167786,0.16994999349117279,37657
2021-02-13T00:00:00.000000Z,0.16994699835777283,0.18106000125408173,0.16050100326538086,0.16180799901485443,53349
2021-02-14T00:00:00.000000Z,0.16180899739265442,0.20886799693107605,0.16169899702072144,0.17416200041770935,67164
2021-02-15T00:00:00.000000Z,0.17415399849414825,0.21347500383853912,0.17200799286365509,0.20060400664806366,116719
2021-02-16T00:00:00.000000Z,0.20061199367046356,0.29742300510406494,0.19259800016880035,0.29742300510406494,226977
2021-02-17T00:00:00.000000Z,0.29737600684165955,0.32623198628425598,0.26997500658035278,0.30639401078224182,9541
2021-02-18T00:00:00.000000Z,0.30672800540924072,0.32496601343154907,0.2704710066318512,0.29725000262260437,42509
2021-02-19T00:00:00.000000Z,0.29724299907684326,0.30647298693656921,0.22895500063896179,0.23305299878120422,76246
2021-02-20T00:00:00.000000Z,0.23305399715900421,0.30151000618934631,0.20637799799442291,0.22894799709320068,73802
2021-02-21T00:00:00.000000Z,0.22894400358200073,0.28819000720977783,0.21744400262832642,0.24369899928569794,28931
2021-02-22T00:00:00.000000Z,0.24369999766349792,0.31995001435279846,0.2198369950056076,0.3108769953250885,207468
2021-02-23T00:00:00.000000Z,0.31086400151252747,0.3186500072479248,0.26102900505065918,0.26277598738670349,101142
2021-02-24T00:00:00.000000Z,0.26278400421142578,0.32854399085044861,0.25426399707794189,0.2674039900302887,27299
2021-02-25T00:00:00.000000Z,0.26741600036621094,0.30123800039291382,0.24897800385951996,0.24902600049972534,88803
2021-02-26T00:00:00.000000Z,0.24903599917888641,0.27825799584388733,0.20858600735664368,0.20883400738239288,55919
2021-02-27T00:00:00.000000Z,0.20884899795055389,0.25494098663330078,0.20884899795055389,0.25039499998092651,30872
2021-02-28T00:00:00.000000Z,0.2503809928894043,0.25092700123786926,0.18259599804878235,0.21445100009441376,81147
2021-03-01T00:00:00.000000Z,0.21445199847221375,0.26867899298667908,0.18577499687671661,0.23325200378894806,72830
2021-03-02T00:00:00.000000Z,0.23323699831962585,0.24723899364471436,0.22621600329875946,0.23892399668693542,9475
2021-03-03T00:00:00.000000Z,0.23893000185489655,0.25878798961639404,0.22204700112342834,0.24872000515460968,3394
2021-03-04T00:00:00.000000Z,0.24872100353240967,0.28479400277137756,0.23302100598812103,0.24250799417495728,30027
2021-03-05T00:00:00.000000Z,0.26869699358940125,0.29930898547172546,0.24289700388908386,0.29096499085426331,21682
2021-03-06T00:00:00.000000Z,0.29096499085426331,0.30059298872947693,0.26319798827171326,0.29183700680732727,25945
2021-03-07T00:00:00.000000Z,0.29183700680732727,0.33872100710868835,0.28385499119758606,0.3174079954624176,30899
2021-03-08T00:00:00.000000Z,0.31735199689865112,0.36080598831176758,0.30068200826644897,0.36039999127388,145371
2021-03-09T00:00:00.000000Z,0.36040401458740234,0.36199399828910828,0.29983800649642944,0.34800300002098083,279400
2021-03-10T00:00:00.000000Z,0.348021000623703,0.3481920063495636,0.30609598755836487,0.3175869882106781,235421
2021-03-11T00:00:00.000000Z,0.31753000617027283,0.38984000682830811,0.3080269992351532,0.38675001263618469,185978
2021-03-12T00:00:00.000000Z,0.38676199316978455,0.42137300968170166,0.35536301136016846,0.40733599662780762,241763
2021-03-13T00:00:00.000000Z,0.40729799866676331,0.44495099782943726,0.3992609977722168,0.41872400045394897,202847
2021-03-14T00:00:00.000000Z,0.41868698596954346,0.42040100693702698,0.35218200087547302,0.37349098920822144,281473
2021-03-15T00:00:00.000000Z,0.37343999743461609,0.47355300188064575,0.3577829897403717,0.44719401001930237,320695
2021-03-16T00:00:00.000000Z,0.44724398851394653,0.59253197908401489,0.41145598888397217,0.53722798824310303,1212504
2021-03-17T00:00:00.000000Z,0.53731298446655273,0.90011298656463623,0.45475500822067261,0.8546299934387207,5600986
2021-03-18T00:00:00.000000Z,0.85270297527313232,0.8889470100402832,0.6692730188369751,0.68101698160171509,2381634
2021-03-19T00:00:00.000000Z,0.68103402853012085,0.74194198846817017,0.65726697444915771,0.68968600034713745,2621670
2021-03-20T00:00:00.000000Z,0.68970102071762085,0.77288800477981567,0.68712097406387329,0.741690993309021,2566648
2021-03-21T00:00:00.000000Z,0.74126702547073364,0.76426202058792114,0.68205797672271729,0.70500200986862183,2951124
2021-03-22T00:00:00.000000Z,0.70560598373413086,0.72657698392868042,0.67450499534606934,0.67737698554992676,2093774
2021-03-23T00:00:00.000000Z,0.67737597227096558,0.83821499347686768,0.66737097501754761,0.77885597944259644,4589030
2021-03-24T00:00:00.000000Z,0.77876102924346924,1.06414794921875,0.76318001747131348,0.9155229926109314,5776889
2021-03-25T00:00:00.000000Z,0.91417199373245239,1.8125189542770386,0.89105302095413208,1.2293829917907715,153009054
2021-03-26T00:00:00.000000Z,1.2394809722900391,1.7784769535064697,1.2394809722900391,1.5126789808273315,58092272
2021-03-27T00:00:00.000000Z,1.5083370208740234,2.6423289775848389,1.465656042098999,2.4985549449920654,112689510
2021-03-28T00:00:00.000000Z,2.5034239292144775,2.6821269989013672,1.9810400009155273,2.1306378841400146,75084064
2021-03-29T00:00:00.000000Z,2.1272640228271484,2.2173318862915039,1.8301719427108765,1.8389190435409546,35279303
2021-03-30T00:00:00.000000Z,1.8412909507751465,1.9219290018081665,1.5675070285797119,1.6389939785003662,30898993
2021-03-31T00:00:00.000000Z,1.6309020519256592,1.9590350389480591,1.5041840076446533,1.8675390481948853,45047290
2021-04-01T00:00:00.000000Z,1.8653700351715088,1.8653700351715088,1.5591620206832886,1.5607119798660278,20597840
2021-04-02T00:00:00.000000Z,1.5590460300445557,1.7708690166473389,1.5518720149993896,1.6097860336303711,16395656
2021-04-03T00:00:00.000000Z,1.6127259731292725,1.7506320476531982,1.5557880401611328,1.5557880401611328,12522880
2021-04-04T00:00:00.000000Z,1.5534100532531738,1.6772290468215942,1.4941560029983521,1.4941560029983521,13016486
2021-04-05T00:00:00.000000Z,1.4944210052490234,1.5774300098419189,1.2550309896469116,1.3941930532455444,27299395
2021-04-06T00:00:00.000000Z,1.3977340459823608,1.4383900165557861,1.2954180240631104,1.3822749853134155,16871541
2021-04-07T00:00:00.000000Z,1.3829629421234131,1.5113650560379028,1.2608519792556763,1.3555409908294678,20375043
2021-04-08T00:00:00.000000Z,1.3553849458694458,1.6747130155563354,1.3398029804229736,1.575950026512146,22154067
2021-04-09T00:00:00.000000Z,1.5787279605865479,1.9792530536651611,1.5213960409164429,1.8653889894485474,35796997
2021-04-10T00:00:00.000000Z,1.8656920194625854,1.9773169755935669,1.6740349531173706,1.7544729709625244,28397573
2021-04-11T00:00:00.000000Z,1.7553540468215942,1.8464599847793579,1.6889950037002563,1.7309869527816772,14604019
2021-04-12T00:00:00.000000Z,1.7316240072250366,1.7513519525527954,1.5902520418167114,1.6482199430465698,10903698
2021-04-13T00:00:00.000000Z,1.6504950523376465,1.6901999711990356,1.51186203956604,1.51186203956604,9416724
2021-04-14T00:00:00.000000Z,1.5097219944000244,1.5606499910354614,1.4657820463180542,1.530845046043396,11471397
2021-04-15T00:00:00.000000Z,1.531453013420105,1.6354149580001831,1.4854309558868408,1.5417430400848389,10067322
2021-04-16T00:00:00.000000Z,1.5384080410003662,1.559033989906311,1.4049659967422485,1.4279530048370361,11743256
2021-04-17T00:00:00.000000Z,1.4280329942703247,1.4779369831085205,1.3980129957199097,1.4182699918746948,9061959
2021-04-18T00:00:00.000000Z,1.4182369709014893,1.4195109605789185,1.0423229932785034,1.3302509784698486,20954299
2021-04-19T00:00:00.000000Z,1.3300540447235107,1.3320159912109375,1.1626449823379517,1.2457929849624634,12057861
2021-04-20T00:00:00.000000Z,1.2468489408493042,1.2779990434646606,1.0917459726333618,1.2249879837036133,13643776
2021-04-21T00:00:00.000000Z,1.2217869758605957,1.3282289505004883,1.1650969982147217,1.1885700225830078,10732606
2021-04-22T00:00:00.000000Z,1.1911250352859497,1.1992089748382568,0.95757198333740234,0.97570997476577759,13486020
2021-04-23T00:00:00.000000Z,0.97420799732208252,0.97666901350021362,0.7519339919090271,0.93307101726531982,15075838
2021-04-24T00:00:00.000000Z,0.931846022605896,0.93364101648330688,0.81615400314331055,0.84624797105789185,8052151
2021-04-25T00:00:00.000000Z,0.84410500526428223,0.90448898077011108,0.81402498483657837,0.8376389741897583,6480447
2021-04-26T00:00:00.000000Z,0.83676499128341675,1.0388940572738647,0.83676499128341675,1.0038470029830933,10718096
2021-04-27T00:00:00.000000Z,1.0041290521621704,1.0878369808197021,0.96256697177886963,0.99792301654815674,10630209
2021-04-28T00:00:00.000000Z,0.99678802490234375,1.0791430473327637,0.95366901159286499,1.0031110048294067,11157349
2021-04-29T00:00:00.000000Z,1.0059729814529419,1.1316269636154175,0.98578202724456787,1.1014679670333862,18205719
2021-04-30T00:00:00.000000Z,1.1014519929885864,1.1402209997177124,1.0576670169830322,1.0819859504699707,10091343
2021-05-01T00:00:00.000000Z,1.0809179544448853,1.1466480493545532,1.0625710487365723,1.0975589752197266,8576733
2021-05-02T00:00:00.000000Z,1.0974849462509155,1.0974849462509155,1.0072940587997437,1.0134309530258179,6107643
2021-05-03T00:00:00.000000Z,1.013808012008667,1.0576440095901489,0.98175197839736938,1.0031919479370117,6927218
2021-05-04T00:00:00.000000Z,1.0032390356063843,1.0032390356063843,0.8672029972076416,0.90261298418045044,8386191
2021-05-05T00:00:00.000000Z,0.90029197931289673,0.94450998306274414,0.87054097652435303,0.90908700227737427,7716708
2021-05-06T00:00:00.000000Z,0.91001898050308228,1.0017789602279663,0.89216697216033936,0.90491998195648193,11914166
2021-05-07T00:00:00.000000Z,0.90514802932739258,0.98101997375488281,0.8548009991645813,0.92492198944091797,8746783
2021-05-08T00:00:00.000000Z,0.92509901523590088,0.95408201217651367,0.82154601812362671,0.84577697515487671,8021831
2021-05-09T00:00:00.000000Z,0.84654897451400757,0.87453299760818481,0.78436100482940674,0.84982097148895264,7934242
2021-05-10T00:00:00.000000Z,0.84841501712799072,0.88134300708770752,0.75250101089477539,0.76703000068664551,14922402
2021-05-11T00:00:00.000000Z,0.76844900846481323,0.8233569860458374,0.76251298189163208,0.78812402486801147,8177481
2021-05-12T00:00:00.000000Z,0.78891801834106445,0.83089900016784668,0.70349997282028198,0.70349997282028198,8924310
2021-05-13T00:00:00.000000Z,0.70123600959777832,0.75266999006271362,0.62955999374389648,0.66716599464416504,13970042
2021-05-14T00:00:00.000000Z,0.66724598407745361,0.8829200267791748,0.66724598407745361,0.84705698490142822,9553282
2021-05-15T00:00:00.000000Z,0.84743201732635498,0.96075302362442017,0.77635002136230469,0.87018799781799316,21249668
2021-05-16T00:00:00.000000Z,0.86965000629425049,1.0872780084609985,0.84134399890899658,0.96795201301574707,36038489
2021-05-17T00:00:00.000000Z,0.96700400114059448,1.1968040466308594,0.85063499212265015,1.1735630035400391,34451284
2021-05-18T00:00:00.000000Z,1.1743570566177368,1.3692100048065186,1.014564037322998,1.2451440095901489,47467307
2021-05-19T00:00:00.000000Z,1.2459440231323242,1.2730900049209595,0.64470398426055908,0.80984300374984741,38748106
2021-05-20T00:00:00.000000Z,0.78917300701141357,0.98101097345352173,0.70578199625015259,0.90911799669265747,19466415
2021-05-21T00:00:00.000000Z,0.91387999057769775,1.0285120010375977,0.65660697221755981,0.73752897977828979,19601590
2021-05-22T00:00:00.000000Z,0.73791897296905518,0.76575201749801636,0.65509098768234253,0.70209300518035889,12719795
2021-05-23T00:00:00.000000Z,0.70196002721786499,0.71457302570343018,0.43323200941085815,0.52262300252914429,12802124
2021-05-24T00:00:00.000000Z,0.52402502298355103,0.69880801439285278,0.52208602428436279,0.68490201234817505,11122191
2021-05-25T00:00:00.000000Z,0.68576502799987793,0.70592200756072998,0.58538597822189331,0.65407198667526245,10513478
2021-05-26T00:00:00.000000Z,0.65478897094726562,0.76856601238250732,0.63692200183868408,0.75333201885223389,7483417
2021-05-27T00:00:00.000000Z,0.75495600700378418,0.90731698274612427,0.66358602046966553,0.90731698274612427,13444856
2021-05-28T00:00:00.000000Z,0.90599000453948975,0.90599000453948975,0.72081702947616577,0.75417602062225342,11540915
2021-05-29T00:00:00.000000Z,0.75528901815414429,0.78061699867248535,0.69111901521682739,0.72487801313400269,4856344
2021-05-30T00:00:00.000000Z,0.72185498476028442,0.75415897369384766,0.65218400955200195,0.75144797563552856,3732236
2021-05-31T00:00:00.000000Z,0.7518879771232605,0.77384001016616821,0.68751901388168335,0.77082401514053345,3608373
2021-06-01T00:00:00.000000Z,0.77163201570510864,0.84088397026062012,0.73938202857971191,0.77723598480224609,5791429
2021-06-02T00:00:00.000000Z,0.77861899137496948,0.79764997959136963,0.75794500112533569,0.76412498950958252,3498134
2021-06-03T00:00:00.000000Z,0.76315999031066895,0.77031201124191284,0.70246297121047974,0.74466401338577271,4947003
2021-06-04T00:00:00.000000Z,0.74463701248168945,0.74757599830627441,0.6568940281867981,0.67027497291564941,3189303
2021-06-05T00:00:00.000000Z,0.670166015625,0.70163100957870483,0.58972698450088501,0.59719902276992798,5268838
2021-06-06T00:00:00.000000Z,0.59754902124404907,0.61388397216796875,0.59214597940444946,0.60132002830505371,1579567
2021-06-07T00:00:00.000000Z,0.60132598876953125,0.62324798107147217,0.55360502004623413,0.56009399890899658,3126915
2021-06-08T00:00:00.000000Z,0.56056398153305054,0.56241101026535034,0.46041300892829895,0.49626299738883972,6054608
2021-06-09T00:00:00.000000Z,0.49614799022674561,0.52103102207183838,0.4668940007686615,0.50126701593399048,3311248
2021-06-10T00:00:00.000000Z,0.50138497352600098,0.51060199737548828,0.48493900895118713,0.49871501326560974,2025911
2021-06-11T00:00:00.000000Z,0.50152897834777832,0.5677260160446167,0.4998210072517395,0.51926600933074951,4436423
2021-06-12T00:00:00.000000Z,0.51986598968505859,0.52388602495193481,0.4397909939289093,0.45741099119186401,3732644
2021-06-13T00:00:00.000000Z,0.45759299397468567,0.47358700633049011,0.43329900503158569,0.47358700633049011,1885663
2021-06-14T00:00:00.000000Z,0.4736270010471344,0.48353001475334167,0.45950400829315186,0.47336000204086304,1813502
2021-06-15T00:00:00.000000Z,0.47644099593162537,0.55371701717376709,0.47429001331329346,0.49880498647689819,2228495
2021-06-16T00:00:00.000000Z,0.54186898469924927,0.56514602899551392,0.49529799818992615,0.55970102548599243,3474730
2021-06-17T00:00:00.000000Z,0.56074297428131104,0.5731930136680603,0.51645302772521973,0.54854702949523926,3162566
2021-06-18T00:00:00.000000Z,0.54853999614715576,0.54853999614715576,0.48877799510955811,0.50988000631332397,2601325
2021-06-19T00:00:00.000000Z,0.5095900297164917,0.75429201126098633,0.4955730140209198,0.6828569769859314,12779036
2021-06-20T00:00:00.000000Z,0.68295502662658691,0.72402000427246094,0.54508799314498901,0.57723402976989746,17893478
2021-06-21T00:00:00.000000Z,0.57639801502227783,0.577239990234375,0.41801899671554565,0.41801899671554565,5434283
2021-06-22T00:00:00.000000Z,0.41804999113082886,0.44793900847434998,0.34909498691558838,0.39670100808143616,4121645
2021-06-23T00:00:00.000000Z,0.39751198887825012,0.48586300015449524,0.38363900780677795,0.44002500176429749,3203086
2021-06-24T00:00:00.000000Z,0.47145900130271912,0.48017901182174683,0.44251099228858948,0.48013299703598022,2129966
2021-06-25T00:00:00.000000Z,0.48034998774528503,0.48994499444961548,0.44703999161720276,0.4648909866809845,3081968
2021-06-26T00:00:00.000000Z,0.46439900994300842,0.46439900994300842,0.42052298784255981,0.43569201231002808,2395450
2021-06-27T00:00:00.000000Z,0.43568098545074463,0.45218300819396973,0.42550599575042725,0.4509899914264679,1541535
2021-06-28T00:00:00.000000Z,0.45108699798583984,0.47803699970245361,0.44258901476860046,0.47803699970245361,2215161
2021-06-29T00:00:00.000000Z,0.47861200571060181,0.52276301383972168,0.47024399042129517,0.50121498107910156,2344151
2021-06-30T00:00:00.000000Z,0.49997198581695557,0.49997198581695557,0.47174200415611267,0.48796701431274414,1821170
2021-07-01T00:00:00.000000Z,0.48807099461555481,0.4952009916305542,0.46570700407028198,0.46824800968170166,1297403
2021-07-02T00:00:00.000000Z,0.46831199526786804,0.47160598635673523,0.44604900479316711,0.46254599094390869,1145201
2021-07-03T00:00:00.000000Z,0.46312999725341797,0.4867820143699646,0.46312999725341797,0.47870999574661255,915359
2021-07-04T00:00:00.000000Z,0.47840899229049683,0.50096398591995239,0.47440099716186523,0.48927900195121765,1007396
2021-07-05T00:00:00.000000Z,0.48930498957633972,0.49843299388885498,0.46448901295661926,0.49281400442123413,1177141
2021-07-06T00:00:00.000000Z,0.49250298738479614,0.59181100130081177,0.4774709939956665,0.56173700094223022,3997320
2021-07-07T00:00:00.000000Z,0.56309199333190918,0.64621901512145996,0.55260199308395386,0.61761701107025146,4509434
2021-07-08T00:00:00.000000Z,0.61771297454833984,0.66326498985290527,0.53997999429702759,0.62851399183273315,7672946
2021-07-09T00:00:00.000000Z,0.62857097387313843,0.65098202228546143,0.59522402286529541,0.61782199144363403,3791411
2021-07-10T00:00:00.000000Z,0.61755502223968506,0.63638198375701904,0.59794598817825317,0.6074410080909729,2116503
2021-07-11T00:00:00.000000Z,0.60698199272155762,0.61728000640869141,0.59866702556610107,0.60247302055358887,1258629
2021-07-12T00:00:00.000000Z,0.60402798652648926,0.60609400272369385,0.58803397417068481,0.59650301933288574,1047823
2021-07-13T00:00:00.000000Z,0.59650999307632446,0.66064202785491943,0.59459799528121948,0.60400599241256714,3131623
2021-07-14T00:00:00.000000Z,0.60406899452209473,0.71515399217605591,0.59433102607727051,0.6961820125579834,3511713
2021-07-15T00:00:00.000000Z,0.69600999355316162,0.73947799205780029,0.66735297441482544,0.66741901636123657,5937027
2021-07-16T00:00:00.000000Z,0.66864097118377686,0.67227798700332642,0.6180490255355835,0.62683200836181641,1845229
2021-07-17T00:00:00.000000Z,0.62679702043533325,0.7073739767074585,0.62625199556350708,0.69937598705291748,2280946
2021-07-18T00:00:00.000000Z,0.69928401708602905,0.69930797815322876,0.64238202571868896,0.64382702112197876,1631219
2021-07-19T00:00:00.000000Z,0.64376598596572876,0.65123701095581055,0.57343202829360962,0.60814201831817627,2403909
2021-07-20T00:00:00.000000Z,0.60849297046661377,0.63950198888778687,0.56205099821090698,0.60293102264404297,4807092
2021-07-21T00:00:00.000000Z,0.60206097364425659,0.64944100379943848,0.59268498420715332,0.63358002901077271,1955928
2021-07-22T00:00:00.000000Z,0.63366001844406128,0.65124297142028809,0.62903302907943726,0.65124297142028809,1590557
2021-07-23T00:00:00.000000Z,0.65122300386428833,0.73461800813674927,0.64733898639678955,0.73461800813674927,3175606
2021-07-24T00:00:00.000000Z,0.73409998416900635,0.81324100494384766,0.73070400953292847,0.75160902738571167,6307209
2021-07-25T00:00:00.000000Z,0.75169199705123901,0.8075370192527771,0.72451001405715942,0.8075370192527771,3442359
2021-07-26T00:00:00.000000Z,0.80760097503662109,0.82219702005386353,0.75115799903869629,0.75156998634338379,3480033
2021-07-27T00:00:00.000000Z,0.75850600004196167,0.76938802003860474,0.73141598701477051,0.76334100961685181,2950259
2021-07-28T00:00:00.000000Z,0.76279997825622559,0.7633969783782959,0.74296802282333374,0.75401997566223145,1931645
2021-07-29T00:00:00.000000Z,0.75401300191879272,0.75636500120162964,0.71646797657012939,0.7297319769859314,2342317
2021-07-30T00:00:00.000000Z,0.72966998815536499,0.73447698354721069,0.68299299478530884,0.69951397180557251,2429145
2021-07-31T00:00:00.000000Z,0.69879502058029175,0.70685601234436035,0.68872600793838501,0.68892300128936768,1245520
2021-08-01T00:00:00.000000Z,0.68897902965545654,0.69387197494506836,0.64111697673797607,0.64111697673797607,2047016
2021-08-02T00:00:00.000000Z,0.63933801651000977,0.65816801786422729,0.63132601976394653,0.65019702911376953,1528918
2021-08-03T00:00:00.000000Z,0.65029501914978027,1.0807290077209473,0.64743602275848389,0.93281400203704834,21790620
2021-08-04T00:00:00.000000Z,0.93083101511001587,1.1953500509262085,0.89163100719451904,1.0290689468383789,22645191
2021-08-05T00:00:00.000000Z,1.0225470066070557,1.1540770530700684,0.95234298706054688,1.1318650245666504,12318795
2021-08-06T00:00:00.000000Z,1.1340210437774658,1.1868900060653687,1.0899490118026733,1.0986449718475342,7172563
2021-08-07T00:00:00.000000Z,1.0984150171279907,1.142503023147583,0.96761298179626465,1.0655150413513184,10070352
2021-08-08T00:00:00.000000Z,1.0638840198516846,1.074273943901062,0.99079400300979614,1.0399990081787109,4516642
2021-08-09T00:00:00.000000Z,1.0401560068130493,1.1735069751739502,0.90185701847076416,0.90461498498916626,13516032
2021-08-10T00:00:00.000000Z,0.91136699914932251,0.93896001577377319,0.83438897132873535,0.8602060079574585,8088842
2021-08-11T00:00:00.000000Z,0.86022001504898071,0.94107997417449951,0.85258001089096069,0.90988200902938843,4972147
2021-08-12T00:00:00.000000Z,0.90731298923492432,0.9119269847869873,0.80863100290298462,0.84981197118759155,4394230
2021-08-13T00:00:00.000000Z,0.85001599788665771,0.94185400009155273,0.84178900718688965,0.93516999483108521,5106150
2021-08-14T00:00:00.000000Z,0.93510401248931885,0.93610900640487671,0.87242299318313599,0.89055997133255005,2861628
2021-08-15T00:00:00.000000Z,0.89067202806472778,1.0697829723358154,0.8880159854888916,0.97768700122833252,9087199
2021-08-16T00:00:00.000000Z,0.97787898778915405,1.3058129549026489,0.96517497301101685,1.2701640129089355,25140204
2021-08-17T00:00:00.000000Z,1.2733529806137085,1.2772409915924072,1.0885050296783447,1.1622970104217529,11363485
2021-08-18T00:00:00.000000Z,1.1649680137634277,1.3783359527587891,1.0875400304794312,1.2727440595626831,14080525
2021-08-19T00:00:00.000000Z,1.2725449800491333,1.3000589609146118,1.1801429986953735,1.2885279655456543,8972782
2021-08-20T00:00:00.000000Z,1.2885940074920654,1.3913999795913696,1.2804199457168579,1.322111964225769,7683779
2021-08-21T00:00:00.000000Z,1.3256440162658691,1.3313189744949341,1.2830970287322998,1.324599027633667,4251341
2021-08-22T00:00:00.000000Z,1.323559045791626,1.5951340198516846,1.3191709518432617,1.5900039672851562,12906574
2021-08-23T00:00:00.000000Z,1.5910940170288086,1.5954179763793945,1.4248019456863403,1.4646350145339966,8885278
2021-08-24T00:00:00.000000Z,1.4570540189743042,1.4620020389556885,1.1315020322799683,1.17923903465271,12048114
2021-08-25T00:00:00.000000Z,1.1791230440139771,1.2935129404067993,1.1362030506134033,1.265578031539917,6926185
2021-08-26T00:00:00.000000Z,1.2658170461654663,1.3376729488372803,1.1825239658355713,1.1829520463943481,8120557
2021-08-27T00:00:00.000000Z,1.1846489906311035,1.3583710193634033,1.1496340036392212,1.3326770067214966,6824111
2021-08-28T00:00:00.000000Z,1.3328590393066406,1.3351320028305054,1.2253119945526123,1.2649840116500854,4445777
2021-08-29T00:00:00.000000Z,1.263340950012207,1.3240920305252075,1.2052390575408936,1.2193340063095093,3998987
2021-08-30T00:00:00.000000Z,1.2193950414657593,1.2555880546569824,1.1831140518188477,1.1914939880371094,3833813
2021-08-31T00:00:00.000000Z,1.1930550336837769,1.4876610040664673,1.1588649749755859,1.3764419555664062,10006935
2021-09-01T00:00:00.000000Z,1.3768219947814941,1.4847849607467651,1.3305530548095703,1.4601609706878662,7091275
2021-09-02T00:00:00.000000Z,1.4594019651412964,1.4594019651412964,1.2953499555587769,1.3108750581741333,5656634
2021-09-03T00:00:00.000000Z,1.3108589649200439,1.3576350212097168,1.2477099895477295,1.3027329444885254,5798096
2021-09-04T00:00:00.000000Z,1.3027759790420532,1.3317849636077881,1.2641099691390991,1.2681540250778198,2199997
2021-09-05T00:00:00.000000Z,1.2679710388183594,1.327955961227417,1.2669579982757568,1.2868709564208984,2801478
2021-09-06T00:00:00.000000Z,1.2866499423980713,1.3123470544815063,1.2251130342483521,1.2256419658660889,3991467
2021-09-07T00:00:00.000000Z,1.2256200313568115,1.2794100046157837,0.93817597627639771,1.144976019859314,6749415
2021-09-08T00:00:00.000000Z,1.1447650194168091,1.2677919864654541,1.0531549453735352,1.2656370401382446,6406616
2021-09-09T00:00:00.000000Z,1.2540650367736816,1.2747390270233154,1.2056529521942139,1.2550909519195557,4662561
2021-09-10T00:00:00.000000Z,1.2551460266113281,1.2653919458389282,1.1112099885940552,1.1276869773864746,4447930
2021-09-11T00:00:00.000000Z,1.1278059482574463,1.2743649482727051,1.1278059482574463,1.2027109861373901,4296150
2021-09-12T00:00:00.000000Z,1.204990029335022,1.2403229475021362,1.1607420444488525,1.1768720149993896,3240833
2021-09-13T00:00:00.000000Z,1.1759879589080811,1.1866040229797363,1.0752439498901367,1.1241170167922974,3915510
2021-09-14T00:00:00.000000Z,1.1239819526672363,1.2284380197525024,1.1162370443344116,1.1866699457168579,3161365
2021-09-15T00:00:00.000000Z,1.1866409778594971,1.2636539936065674,1.1853619813919067,1.2332680225372314,2709213
2021-09-16T00:00:00.000000Z,1.2335259914398193,1.2368340492248535,1.1450510025024414,1.1664570569992065,3699822
2021-09-17T00:00:00.000000Z,1.1665899753570557,1.1725159883499146,1.0963070392608643,1.1030149459838867,3039986
2021-09-18T00:00:00.000000Z,1.1054569482803345,1.1884009838104248,1.09517502784729,1.1128660440444946,3565297
2021-09-19T00:00:00.000000Z,1.1134159564971924,1.2228200435638428,1.096418023109436,1.1416729688644409,6551125
2021-09-20T00:00:00.000000Z,1.1412160396575928,1.1582210063934326,0.90868997573852539,0.91596198081970215,6550170
2021-09-21T00:00:00.000000Z,0.91769599914550781,1.0281859636306763,0.87670302391052246,0.88899099826812744,5459920
2021-09-22T00:00:00.000000Z,0.88897699117660522,0.99729299545288086,0.8606640100479126,0.97702699899673462,5093763
2021-09-23T00:00:00.000000Z,0.97704702615737915,1.0216269493103027,0.96046000719070435,1.0078099966049194,3240871
2021-09-24T00:00:00.000000Z,1.007599949836731,1.0098170042037964,0.83379101753234863,0.9037889838218689,5114257
2021-09-25T00:00:00.000000Z,0.90739601850509644,0.91030400991439819,0.84646701812744141,0.85487902164459229,3612767
2021-09-26T00:00:00.000000Z,0.85602802038192749,1.0130219459533691,0.6734200119972229,0.94633501768112183,11317573
2021-09-27T00:00:00.000000Z,0.94322097301483154,0.97941499948501587,0.90259897708892822,0.91422802209854126,5509217
2021-09-28T00:00:00.000000Z,0.91417402029037476,0.93929797410964966,0.85152101516723633,0.85205197334289551,4233112
2021-09-29T00:00:00.000000Z,0.85191702842712402,0.91438698768615723,0.81767898797988892,0.86900699138641357,4223502
2021-09-30T00:00:00.000000Z,0.86899900436401367,0.8901439905166626,0.82665097713470459,0.83915197849273682,3890979
2021-10-01T00:00:00.000000Z,0.83891600370407104,0.92794102430343628,0.80967497825622559,0.92526400089263916,4637852
2021-10-02T00:00:00.000000Z,0.92530202865600586,0.98873698711395264,0.91201102733612061,0.92740797996520996,4279351
2021-10-03T00:00:00.000000Z,0.93193697929382324,0.96608597040176392,0.90582799911499023,0.9327080249786377,3023979
2021-10-04T00:00:00.000000Z,0.93272799253463745,0.93519401550292969,0.8887779712677002,0.90023297071456909,3068824
2021-10-05T00:00:00.000000Z,0.90161401033401489,0.90411800146102905,0.87387102842330933,0.88795101642608643,3040121
2021-10-06T00:00:00.000000Z,0.88788199424743652,0.91901099681854248,0.84424102306365967,0.89321601390838623,3485212
2021-10-07T00:00:00.000000Z,0.8928220272064209,1.0815520286560059,0.87245601415634155,0.98932898044586182,6084705
2021-10-08T00:00:00.000000Z,0.98904997110366821,1.0079209804534912,0.94752699136734009,0.97277897596359253,2612449
2021-10-09T00:00:00.000000Z,0.9728429913520813,0.98493599891662598,0.92075002193450928,0.92415100336074829,1938312
2021-10-10T00:00:00.000000Z,0.92369002103805542,0.95416098833084106,0.90396499633789062,0.9409559965133667,2655608
2021-10-11T00:00:00.000000Z,0.94096499681472778,0.98097497224807739,0.94071298837661743,0.95311200618743896,2403322
2021-10-12T00:00:00.000000Z,0.95260798931121826,0.95293897390365601,0.87943899631500244,0.91364097595214844,4653622
2021-10-13T00:00:00.000000Z,0.9144279956817627,0.92193299531936646,0.85396599769592285,0.8980720043182373,3144961
2021-10-14T00:00:00.000000Z,0.898048996925354,0.9174879789352417,0.88423699140548706,0.88884299993515015,2687480
2021-10-15T00:00:00.000000Z,0.88852900266647339,0.91535800695419312,0.87228798866271973,0.91535800695419312,2870965
2021-10-16T00:00:00.000000Z,0.91542702913284302,1.1581170558929443,0.90082699060440063,1.0771709680557251,11875666
2021-10-17T00:00:00.000000Z,1.0767979621887207,1.1830270290374756,1.0688480138778687,1.1036800146102905,11967787
2021-10-18T00:00:00.000000Z,1.1039600372314453,1.1629430055618286,1.0587279796600342,1.1497559547424316,5180347
2021-10-19T00:00:00.000000Z,1.1497199535369873,1.1837650537490845,1.0532989501953125,1.1150230169296265,7388776
2021-10-20T00:00:00.000000Z,1.1149179935455322,1.1369270086288452,1.0665570497512817,1.0726369619369507,3818152
2021-10-21T00:00:00.000000Z,1.0725100040435791,1.1457719802856445,0.98174601793289185,1.0712310075759888,7136120
2021-10-22T00:00:00.000000Z,1.0711419582366943,1.0908770561218262,1.0025240182876587,1.0034970045089722,3080023
2021-10-23T00:00:00.000000Z,1.004565954208374,1.0353089570999146,0.96283698081970215,0.96345698833465576,1356959
2021-10-24T00:00:00.000000Z,0.96347701549530029,0.97835898399353027,0.94929099082946777,0.96094799041748047,1527189
2021-10-25T00:00:00.000000Z,0.95934802293777466,0.96054297685623169,0.87890201807022095,0.8936229944229126,3481262
2021-10-26T00:00:00.000000Z,0.89506101608276367,0.93356698751449585,0.8945540189743042,0.89496797323226929,2841962
2021-10-27T00:00:00.000000Z,0.89500200748443604,1.1210000514984131,0.85353702306747437,0.95534098148345947,8941645
2021-10-28T00:00:00.000000Z,0.95548999309539795,1.0887110233306885,0.92089897394180298,1.0626510381698608,4200296
2021-10-29T00:00:00.000000Z,1.0612130165100098,1.0823980569839478,1.0317929983139038,1.0686379671096802,2583780
2021-10-30T00:00:00.000000Z,1.068498969078064,1.0770339965820312,0.9600679874420166,1.050475001335144,5654038
2021-10-31T00:00:00.000000Z,1.0496699810028076,1.1692739725112915,1.037166953086853,1.0529869794845581,7395898
2021-11-01T00:00:00.000000Z,1.0529730319976807,1.0755050182342529,0.96476602554321289,0.99318301677703857,3379685
2021-11-02T00:00:00.000000Z,0.99254399538040161,1.4559129476547241,0.9905400276184082,1.4065150022506714,27424045
2021-11-03T00:00:00.000000Z,1.4041359424591064,1.438230037689209,1.2629719972610474,1.3941049575805664,16750247
2021-11-04T00:00:00.000000Z,1.3989659547805786,1.5342069864273071,1.2522649765014648,1.3657879829406738,13041089
2021-11-05T00:00:00.000000Z,1.3656090497970581,1.4450750350952148,1.2766300439834595,1.4237140417098999,7160278
2021-11-06T00:00:00.000000Z,1.425089955329895,1.5460929870605469,1.3385070562362671,1.5460929870605469,6604760
2021-11-07T00:00:00.000000Z,1.5459140539169312,2.0830140113830566,1.4330840110778809,2.0784509181976318,28657739
2021-11-08T00:00:00.000000Z,2.084036111831665,2.4898250102996826,1.8488099575042725,2.073915958404541,43250556
2021-11-09T00:00:00.000000Z,2.0736310482025146,2.2948329448699951,1.8419569730758667,2.1082689762115479,24306297
2021-11-10T00:00:00.000000Z,2.1147758960723877,2.3485429286956787,1.9061100482940674,2.1486990451812744,21768843
2021-11-11T00:00:00.000000Z,2.1498279571533203,3.7629880905151367,2.115185022354126,2.861875057220459,90802293
2021-11-12T00:00:00.000000Z,2.8599529266357422,3.4428379535675049,2.6881179809570312,3.027864933013916,70196581
2021-11-13T00:00:00.000000Z,3.0349709987640381,3.6026821136474609,2.7702550888061523,3.3969171047210693,53907381
2021-11-14T00:00:00.000000Z,3.3933980464935303,4.2531108856201172,3.1841089725494385,4.0326089859008789,57652500
2021-11-15T00:00:00.000000Z,4.003087043762207,4.9971227645874023,3.8848910331726074,4.5878992080688477,81526073
2021-11-16T00:00:00.000000Z,4.595670223236084,6.2177457809448242,3.8931739330291748,4.1572918891906738,100821777
2021-11-17T00:00:00.000000Z,4.1479988098144531,5.732597827911377,3.9381659030914307,5.4366569519042969,99229289
2021-11-18T00:00:00.000000Z,5.4324860572814941,6.353212833404541,4.7998828887939453,6.1299328804016113,121357498
2021-11-19T00:00:00.000000Z,6.1256752014160156,7.1315679550170898,5.2773818969726562,6.7662529945373535,106297055
2021-11-20T00:00:00.000000Z,6.7608461380004883,8.4269580841064453,6.675835132598877,7.7782292366027832,100462545
2021-11-21T00:00:00.000000Z,7.7982277870178223,8.760767936706543,6.3830242156982422,6.3954591751098633,129362421
2021-11-22T00:00:00.000000Z,6.381554126739502,7.9245338439941406,6.065241813659668,6.3878707885742188,126940849
2021-11-23T00:00:00.000000Z,6.3959331512451172,7.5787720680236816,6.227759838104248,7.0913810729980469,83867551
2021-11-24T00:00:00.000000Z,7.0384111404418945,7.0935959815979004,6.1637201309204102,6.2928881645202637,84690950
2021-11-25T00:00:00.000000Z,6.5900988578796387,7.4902701377868652,6.2482609748840332,6.7443628311157227,83680803
2021-11-26T00:00:00.000000Z,6.512598991394043,6.8155951499938965,5.5218892097473145,6.1049270629882812,77487940
2021-11-27T00:00:00.000000Z,6.1032171249389648,7.910365104675293,6.0343761444091797,7.4420719146728516,292467313
2021-11-28T00:00:00.000000Z,7.4693479537963867,7.8068728446960449,6.122319221496582,6.9376931190490723,109007717
2021-11-29T00:00:00.000000Z,6.9480819702148438,7.2169628143310547,6.349459171295166,6.7811989784240723,69603612
2021-11-30T00:00:00.000000Z,6.799342155456543,6.8232622146606445,6.179664134979248,6.2725830078125,48733143
2021-12-01T00:00:00.000000Z,6.2651128768920898,6.3599400520324707,5.1580891609191895,5.4104089736938477,102676312
2021-12-02T00:00:00.000000Z,5.3868789672851562,5.7125129699707031,4.9409332275390625,5.5995149612426758,71871403
2021-12-03T00:00:00.000000Z,5.6058478355407715,6.7549171447753906,4.8516049385070801,5.1118879318237305,115719913
2021-12-04T00:00:00.000000Z,5.1115241050720215,6.0219449996948242,3.9524281024932861,5.2783432006835938,131171307
2021-12-05T00:00:00.000000Z,5.2669987678527832,5.715911865234375,4.3888020515441895,4.8364458084106445,65515110
2021-12-06T00:00:00.000000Z,4.854468822479248,4.9802298545837402,3.9034850597381592,4.915712833404541,101854681
2021-12-07T00:00:00.000000Z,4.9176859855651855,5.0751791000366211,4.4230961799621582,4.469386100769043,39195582
2021-12-08T00:00:00.000000Z,4.4746389389038086,4.6267337799072266,4.2201251983642578,4.2477397918701172,29946358
2021-12-09T00:00:00.000000Z,4.2458920478820801,4.4227151870727539,3.9047279357910156,3.9047279357910156,39427798
2021-12-10T00:00:00.000000Z,3.908113956451416,4.0953822135925293,3.5001089572906494,3.5095319747924805,37982173
2021-12-11T00:00:00.000000Z,3.509242057800293,3.825822114944458,3.4404149055480957,3.7911279201507568,25213942
2021-12-12T00:00:00.000000Z,3.7951018810272217,5.4216799736022949,3.7712841033935547,4.9746689796447754,161256314
2021-12-13T00:00:00.000000Z,4.9781198501586914,5.0971260070800781,3.8340299129486084,4.0041141510009766,92387246
2021-12-14T00:00:00.000000Z,4.0561261177062988,4.3528518676757812,3.7184360027313232,4.0865650177001953,52879149
2021-12-15T00:00:00.000000Z,4.0867748260498047,4.608792781829834,3.8019499778747559,4.2485132217407227,56433766
2021-12-16T00:00:00.000000Z,4.2458910942077637,4.838231086730957,4.1295309066772461,4.2954177856445312,52068251
2021-12-17T00:00:00.000000Z,4.2900710105895996,4.4452619552612305,3.9156019687652588,4.1785478591918945,25987215
2021-12-18T00:00:00.000000Z,4.1666641235351562,4.8177990913391113,4.0540308952331543,4.5136599540710449,36208044
2021-12-19T00:00:00.000000Z,4.5131502151489258,4.9660987854003906,4.2978191375732422,4.6626482009887695,38426794
2021-12-20T00:00:00.000000Z,4.6876220703125,4.8259849548339844,4.1635990142822266,4.476768970489502,35109720
2021-12-21T00:00:00.000000Z,4.4731359481811523,6.29718017578125,4.3508539199829102,5.5179657936096191,156103587
2021-12-22T00:00:00.000000Z,5.5085959434509277,6.4907779693603516,5.5085959434509277,5.7271218299865723,119360408
2021-12-23T00:00:00.000000Z,5.7191991806030273,6.3407721519470215,5.6025080680847168,6.1424479484558105,66454910
2021-12-24T00:00:00.000000Z,6.1227560043334961,6.6588687896728516,5.5152978897094727,5.5646991729736328,55741230
2021-12-25T00:00:00.000000Z,5.5714831352233887,5.9158592224121094,5.5557699203491211,5.6147217750549316,29958857
2021-12-26T00:00:00.000000Z,5.610501766204834,5.6836409568786621,5.1343731880187988,5.415769100189209,34666809
2021-12-27T00:00:00.000000Z,5.4236850738525391,5.7351341247558594,5.1471519470214844,5.1548748016357422,37266544
2021-12-28T00:00:00.000000Z,5.1562848091125488,5.3494129180908203,4.713068962097168,4.8973598480224609,41027442
2021-12-29T00:00:00.000000Z,4.9133419990539551,5.0193209648132324,4.5191078186035156,4.6234898567199707,37052038
2021-12-30T00:00:00.000000Z,4.6236381530761719,4.9050168991088867,4.5203490257263184,4.6150660514831543,34186101
2021-12-31T00:00:00.000000Z,4.6145877838134766,5.0816311836242676,4.5353689193725586,4.61114501953125,28438584
2022-01-01T00:00:00.000000Z,4.6115479469299316,4.800382137298584,4.4244771003723145,4.784492015838623,22539288
2022-01-02T00:00:00.000000Z,4.7841558456420898,4.8532109260559082,4.5328168869018555,4.5800800323486328,16763767
2022-01-03T00:00:00.000000Z,4.5800461769104004,5.3828229904174805,4.5199928283691406,5.2768330574035645,72118287
2022-01-04T00:00:00.000000Z,5.2753682136535645,5.442389965057373,4.7839250564575195,4.8110389709472656,70277446
2022-01-05T00:00:00.000000Z,4.8110132217407227,5.1115422248840332,4.042661190032959,4.2762598991394043,80870240
2022-01-06T00:00:00.000000Z,4.2766327857971191,4.3647708892822266,4.0705571174621582,4.1691431999206543,81925975
2022-01-07T00:00:00.000000Z,4.1688418388366699,4.1728639602661133,3.6722579002380371,3.6933910846710205,64924173
2022-01-08T00:00:00.000000Z,3.6930360794067383,3.8428380489349365,3.4253380298614502,3.5836539268493652,44190220
2022-01-09T00:00:00.000000Z,3.5831830501556396,3.9773030281066895,3.4765870571136475,3.7608480453491211,51573338
2022-01-10T00:00:00.000000Z,3.7601139545440674,3.7660179138183594,3.2356600761413574,3.49851393699646,37463304
2022-01-11T00:00:00.000000Z,3.4982340335845947,3.5906651020050049,3.2543609142303467,3.4619901180267334,43299462
2022-01-12T00:00:00.000000Z,3.4703021049499512,3.9941840171813965,3.4285819530487061,3.9691870212554932,56772695
2022-01-13T00:00:00.000000Z,3.9695560932159424,4.0635509490966797,3.5433940887451172,3.5584640502929688,52668208
2022-01-14T00:00:00.000000Z,3.5569419860839844,3.6120619773864746,3.320044994354248,3.5317859649658203,39240450
2022-01-15T00:00:00.000000Z,3.5321049690246582,3.7715160846710205,3.4751520156860352,3.6421189308166504,24610032
2022-01-16T00:00:00.000000Z,3.6423099040985107,3.7545270919799805,3.5479409694671631,3.5935471057891846,22835430
2022-01-17T00:00:00.000000Z,3.5938849449157715,3.6172249317169189,3.1417930126190186,3.210719108581543,30823239
2022-01-18T00:00:00.000000Z,3.208345890045166,3.2940170764923096,2.8859028816223145,2.9948790073394775,43883037
2022-01-19T00:00:00.000000Z,2.9955339431762695,3.1452600955963135,2.7764840126037598,2.9742629528045654,40114893
2022-01-20T00:00:00.000000Z,2.9747629165649414,3.35048508644104,2.8276679515838623,2.8293180465698242,29674160
2022-01-21T00:00:00.000000Z,2.8297660350799561,2.8939619064331055,2.2855410575866699,2.4047510623931885,66518136
2022-01-22T00:00:00.000000Z,2.4065220355987549,2.4914119243621826,1.9824199676513672,2.1325309276580811,40554379
2022-01-23T00:00:00.000000Z,2.1338469982147217,2.3717639446258545,2.1065249443054199,2.2396090030670166,25901149
2022-01-24T00:00:00.000000Z,2.2433419227600098,2.3273789882659912,1.810588002204895,2.286329984664917,38830191
2022-01-25T00:00:00.000000Z,2.2851219177246094,2.4195449352264404,2.1993439197540283,2.3055698871612549,36723894
2022-01-26T00:00:00.000000Z,2.3055179119110107,2.6173760890960693,2.2557270526885986,2.4872140884399414,44421057
2022-01-27T00:00:00.000000Z,2.4872219562530518,2.6091570854187012,2.3949630260467529,2.4871969223022461,37088167
2022-01-28T00:00:00.000000Z,2.4866960048675537,2.8457379341125488,2.4300820827484131,2.8335011005401611,31350337
2022-01-29T00:00:00.000000Z,2.8340640068054199,3.2328829765319824,2.8340640068054199,3.1856539249420166,73346652
2022-01-30T00:00:00.000000Z,3.1874239444732666,3.7482659816741943,2.9551749229431152,3.0743908882141113,82559816
2022-01-31T00:00:00.000000Z,3.0766360759735107,3.6502048969268799,2.860814094543457,3.4986169338226318,89026443
2022-02-01T00:00:00.000000Z,3.5016400814056396,3.9877068996429443,3.4334108829498291,3.7366011142730713,94799565
2022-02-02T00:00:00.000000Z,3.735645055770874,4.1663022041320801,3.2685918807983398,3.2704899311065674,141876892
2022-02-03T00:00:00.000000Z,3.2676498889923096,3.4795091152191162,3.1840360164642334,3.3347721099853516,100359558
2022-02-04T00:00:00.000000Z,3.3388640880584717,3.6464650630950928,3.2512400150299072,3.6102540493011475,88261466
2022-02-05T00:00:00.000000Z,3.61136794090271,3.9931271076202393,3.5040950775146484,3.7085208892822266,86111275
2022-02-06T00:00:00.000000Z,3.7060658931732178,3.8396849632263184,3.4399371147155762,3.6012260913848877,55278484
2022-02-07T00:00:00.000000Z,3.5955250263214111,3.8433709144592285,3.46543288230896,3.6269040107727051,65065646
2022-02-08T00:00:00.000000Z,3.6348628997802734,3.7381711006164551,3.2135219573974609,3.39913010597229,56456132
2022-02-09T00:00:00.000000Z,3.395366907119751,3.4774289131164551,3.215540885925293,3.320235013961792,50154534
2022-02-10T00:00:00.000000Z,3.3207499980926514,3.4615659713745117,3.0401420593261719,3.0708041191101074,76995461
2022-02-11T00:00:00.000000Z,3.0709640979766846,3.148392915725708,2.6153509616851807,2.6739120483398438,64931852
2022-02-12T00:00:00.000000Z,2.6739780902862549,2.7730069160461426,2.5434420108795166,2.6935150623321533,55161927
2022-02-13T00:00:00.000000Z,2.6939671039581299,2.9547410011291504,2.5785489082336426,2.5902469158172607,61132036
2022-02-14T00:00:00.000000Z,2.5820510387420654,2.8844599723815918,2.541572093963623,2.8410871028900146,51242342
2022-02-15T00:00:00.000000Z,2.8410758972167969,3.2631680965423584,2.8358709812164307,3.2439219951629639,74909920
2022-02-16T00:00:00.000000Z,3.2438180446624756,3.5102660655975342,3.0066859722137451,3.2055668830871582,116540524
2022-02-17T00:00:00.000000Z,3.2000820636749268,3.3338699340820312,2.7385249137878418,2.7941229343414307,59427081
2022-02-18T00:00:00.000000Z,2.7948999404907227,2.975193977355957,2.6859970092773438,2.7008659839630127,45840791
2022-02-19T00:00:00.000000Z,2.6995298862457275,2.7796800136566162,2.5379490852355957,2.6163020133972168,23860265
2022-02-20T00:00:00.000000Z,2.6160290241241455,2.6166439056396484,2.3594200611114502,2.4651150703430176,29154265
2022-02-21T00:00:00.000000Z,2.4649078845977783,2.8616950511932373,2.3593950271606445,2.3690280914306641,68722928
2022-02-22T00:00:00.000000Z,2.3676259517669678,2.4943621158599854,2.2250180244445801,2.4615631103515625,48033895
2022-02-23T00:00:00.000000Z,2.4619019031524658,2.6258881092071533,2.3604691028594971,2.3604691028594971,50994529
2022-02-24T00:00:00.000000Z,2.3561420440673828,2.3716878890991211,2.0073890686035156,2.3398098945617676,96893096
2022-02-25T00:00:00.000000Z,2.3410580158233643,2.5845301151275635,2.3277978897094727,2.5845301151275635,70380926
2022-02-26T00:00:00.000000Z,2.5850911140441895,2.7107360363006592,2.4514520168304443,2.4580259323120117,34187699
2022-02-27T00:00:00.000000Z,2.4577350616455078,2.5374140739440918,2.3373799324035645,2.38201904296875,43611877
2022-02-28T00:00:00.000000Z,2.3818631172180176,2.6791479587554932,2.362562894821167,2.677095890045166,37425103
2022-03-01T00:00:00.000000Z,2.6777551174163818,2.9836769104003906,2.5399210453033447,2.9764370918273926,75713169
2022-03-02T00:00:00.000000Z,2.9773941040039062,3.3109860420227051,2.869873046875,2.8957309722900391,127942501
2022-03-03T00:00:00.000000Z,2.8959169387817383,2.9110620021820068,2.6961450576782227,2.7463140487670898,57137167
2022-03-04T00:00:00.000000Z,2.7493700981140137,2.7532050609588623,2.4892210960388184,2.5009109973907471,42716095
2022-03-05T00:00:00.000000Z,2.5017910003662109,2.6904358863830566,2.479388952255249,2.6206860542297363,30371925
2022-03-06T00:00:00.000000Z,2.6207830905914307,2.6390221118927002,2.4866230487823486,2.531775951385498,24728735
2022-03-07T00:00:00.000000Z,2.5323400497436523,2.5863571166992188,2.4202830791473389,2.488163948059082,32457000
2022-03-08T00:00:00.000000Z,2.4878768920898438,2.5548069477081299,2.4423949718475342,2.50496506690979,21806958
2022-03-09T00:00:00.000000Z,2.5047070980072021,2.7533888816833496,2.5046830177307129,2.6499059200286865,37108455
2022-03-10T00:00:00.000000Z,2.6494209766387939,2.6513800621032715,2.4849638938903809,2.51350998878479,26255260
2022-03-11T00:00:00.000000Z,2.5151898860931396,2.5521180629730225,2.3591539859771729,2.3859059810638428,26547541
2022-03-12T00:00:00.000000Z,2.3856379985809326,2.4136579036712646,2.3586978912353516,2.358975887298584,9432454
2022-03-13T00:00:00.000000Z,2.357780933380127,2.3986489772796631,2.250870943069458,2.2603890895843506,16318256
2022-03-14T00:00:00.000000Z,2.262382984161377,2.3216419219970703,2.2493860721588135,2.3193199634552002,10841763
2022-03-15T00:00:00.000000Z,2.3192760944366455,2.3532569408416748,2.2477819919586182,2.3299179077148438,15123896
2022-03-16T00:00:00.000000Z,2.3300180435180664,2.5223729610443115,2.2741479873657227,2.4963018894195557,37382658
2022-03-17T00:00:00.000000Z,2.4963779449462891,2.5732100009918213,2.4182391166687012,2.4199950695037842,17107830
2022-03-18T00:00:00.000000Z,2.4198360443115234,2.5687029361724854,2.3608660697937012,2.5524420738220215,48847043
2022-03-19T00:00:00.000000Z,2.5524120330810547,3.0204451084136963,2.539323091506958,2.6908009052276611,66422903
2022-03-20T00:00:00.000000Z,2.695868968963623,2.7674689292907715,2.523935079574585,2.6058928966522217,22725593
2022-03-21T00:00:00.000000Z,2.6060628890991211,2.7366969585418701,2.5477170944213867,2.6635029315948486,21017143
2022-03-22T00:00:00.000000Z,2.6627480983734131,2.8976340293884277,2.6292068958282471,2.8142430782318115,34681453
2022-03-23T00:00:00.000000Z,2.8145129680633545,2.8656799793243408,2.72365403175354,2.8111820220947266,24027844
2022-03-24T00:00:00.000000Z,2.8109109401702881,2.9424428939819336,2.7994189262390137,2.8414750099182129,27636825
2022-03-25T00:00:00.000000Z,2.8413031101226807,2.9129199981689453,2.7428989410400391,2.745560884475708,18925897
2022-03-26T00:00:00.000000Z,2.7456469535827637,2.7456469535827637,2.6504380702972412,2.7070319652557373,13131748
2022-03-27T00:00:00.000000Z,2.7080121040344238,2.81113600730896,2.620974063873291,2.8010070323944092,19308014
2022-03-28T00:00:00.000000Z,2.802393913269043,3.1051619052886963,2.7709100246429443,2.9385709762573242,41070191
2022-03-29T00:00:00.000000Z,2.9377310276031494,3.1259078979492188,2.8646249771118164,2.9376740455627441,25655326
2022-03-30T00:00:00.000000Z,2.9375789165496826,3.0363419055938721,2.8558011054992676,3.0006198883056641,16839404
2022-03-31T00:00:00.000000Z,3.0014801025390625,3.2510290145874023,2.9118139743804932,2.9250419139862061,38491459
2022-04-01T00:00:00.000000Z,2.9260210990905762,3.0884630680084229,2.8206551074981689,2.9521749019622803,29435962
2022-04-02T00:00:00.000000Z,2.9525659084320068,3.2357199192047119,2.9432098865509033,3.0494229793548584,37037400
2022-04-03T00:00:00.000000Z,3.0485599040985107,3.1564640998840332,3.0167539119720459,3.0575239658355713,20954750
2022-04-04T00:00:00.000000Z,3.0577669143676758,3.058711051940918,2.7400391101837158,2.9046769142150879,28841660
2022-04-05T00:00:00.000000Z,2.9052619934082031,2.9742739200592041,2.7842950820922852,2.8086249828338623,19948004
2022-04-06T00:00:00.000000Z,2.8085839748382568,2.8085839748382568,2.4981319904327393,2.4981319904327393,25473018
2022-04-07T00:00:00.000000Z,2.4984009265899658,2.6425280570983887,2.473607063293457,2.5879600048065186,19266029
2022-04-08T00:00:00.000000Z,2.5881938934326172,2.606558084487915,2.4272871017456055,2.4364709854125977,23508215
2022-04-09T00:00:00.000000Z,2.4371581077575684,2.5082950592041016,2.4062530994415283,2.5073630809783936,10032290
2022-04-10T00:00:00.000000Z,2.5075430870056152,2.5696980953216553,2.4518630504608154,2.4676880836486816,8418565
2022-04-11T00:00:00.000000Z,2.4668869972229004,2.4668869972229004,2.0057439804077148,2.0719499588012695,27590555
2022-04-12T00:00:00.000000Z,2.0720160007476807,2.1504170894622803,1.9997320175170898,2.0506200790405273,34213054
2022-04-13T00:00:00.000000Z,2.0507180690765381,2.1135489940643311,2.0073330402374268,2.1086831092834473,19034126
2022-04-14T00:00:00.000000Z,2.108457088470459,2.1269180774688721,1.9730139970779419,2.0128939151763916,19333539
2022-04-15T00:00:00.000000Z,2.0131640434265137,2.0609500408172607,2.0077030658721924,2.0342609882354736,9046648
2022-04-16T00:00:00.000000Z,2.034358024597168,2.0438849925994873,2.0069639682769775,2.0069639682769775,6770034
2022-04-17T00:00:00.000000Z,2.0070180892944336,2.0454370975494385,1.98534095287323,2.0059659481048584,11172354
2022-04-18T00:00:00.000000Z,2.0058250427246094,2.0355908870697021,1.8838000297546387,2.0060160160064697,23263853
2022-04-19T00:00:00.000000Z,2.0060939788818359,2.167435884475708,2.005079984664917,2.1433858871459961,30579355
2022-04-20T00:00:00.000000Z,2.143794059753418,2.1994719505310059,2.0343480110168457,2.0529038906097412,21132561
2022-04-21T00:00:00.000000Z,2.0529959201812744,2.1170859336853027,1.9142470359802246,1.9157849550247192,16374691
2022-04-22T00:00:00.000000Z,1.9154109954833984,1.9677269458770752,1.8551989793777466,1.9314370155334473,16559155
2022-04-23T00:00:00.000000Z,1.9314500093460083,1.9332380294799805,1.854004979133606,1.8640880584716797,10007159
2022-04-24T00:00:00.000000Z,1.8634990453720093,1.8814409971237183,1.7764960527420044,1.7765979766845703,9421478
2022-04-25T00:00:00.000000Z,1.7763409614562988,1.7904859781265259,1.5732979774475098,1.7353030443191528,22877660
2022-04-26T00:00:00.000000Z,1.7344119548797607,1.743772029876709,1.492825984954834,1.4994000196456909,21415650
2022-04-27T00:00:00.000000Z,1.4996349811553955,1.5532070398330688,1.4412089586257935,1.4851579666137695,11916870
2022-04-28T00:00:00.000000Z,1.4845119714736938,1.6130729913711548,1.4815820455551147,1.5658819675445557,18645420
2022-04-29T00:00:00.000000Z,1.5657809972763062,1.5947459936141968,1.3740559816360474,1.3930569887161255,13395188
2022-04-30T00:00:00.000000Z,1.3930259943008423,1.4184490442276001,1.2043620347976685,1.2124710083007812,9368049
2022-05-01T00:00:00.000000Z,1.212399959564209,1.7543209791183472,1.212399959564209,1.5968689918518066,93451449
2022-05-02T00:00:00.000000Z,1.5965379476547241,1.8780210018157959,1.5268319845199585,1.7011760473251343,82454115
2022-05-03T00:00:00.000000Z,1.70061194896698,1.7571209669113159,1.4817119836807251,1.4944709539413452,31148830
2022-05-04T00:00:00.000000Z,1.4951900243759155,1.793910026550293,1.4930369853973389,1.7371360063552856,36545060
2022-05-05T00:00:00.000000Z,1.737002968788147,1.8761860132217407,1.4916180372238159,1.6093469858169556,39305947
2022-05-06T00:00:00.000000Z,1.6090199947357178,1.6132700443267822,1.4693330526351929,1.5096930265426636,31623231
2022-05-07T00:00:00.000000Z,1.5097370147705078,1.510301947593689,1.3070399761199951,1.3397550582885742,19582342
2022-05-08T00:00:00.000000Z,1.3396940231323242,1.3589129447937012,1.2838890552520752,1.2929040193557739,15946785
2022-05-09T00:00:00.000000Z,1.2927960157394409,1.31740403175354,1.0701750516891479,1.1404769420623779,32591105
2022-05-10T00:00:00.000000Z,1.1359189748764038,1.2589759826660156,1.0700260400772095,1.1640249490737915,36047321
2022-05-11T00:00:00.000000Z,1.1640479564666748,1.1890369653701782,0.7238839864730835,0.8070330023765564,34668480
2022-05-12T00:00:00.000000Z,0.8067619800567627,0.85531401634216309,0.61490797996520996,0.78874200582504272,30794593
2022-05-13T00:00:00.000000Z,0.78806197643280029,1.0773600339889526,0.78479200601577759,0.8569520115852356,23268795
2022-05-14T00:00:00.000000Z,0.85702300071716309,0.90209197998046875,0.7524380087852478,0.85913598537445068,13268223
2022-05-15T00:00:00.000000Z,0.85920202732086182,0.94480997323989868,0.80130302906036377,0.9447600245475769,14919995
2022-05-16T00:00:00.000000Z,0.94525599479675293,1.0326679944992065,0.83885997533798218,0.96266299486160278,26682659
2022-05-17T00:00:00.000000Z,0.96250897645950317,1.0994340181350708,0.91343098878860474,0.98173797130584717,22743911
2022-05-18T00:00:00.000000Z,0.98179197311401367,0.99431997537612915,0.82635700702667236,0.82635700702667236,12642346
2022-05-19T00:00:00.000000Z,0.82624298334121704,0.93173199892044067,0.81995701789855957,0.92490100860595703,12096326
2022-05-20T00:00:00.000000Z,0.92536002397537231,0.94060301780700684,0.85558700561523438,0.87246698141098022,11541052
2022-05-21T00:00:00.000000Z,0.87267202138900757,0.92718702554702759,0.8600040078163147,0.89563500881195068,6696931
2022-05-22T00:00:00.000000Z,0.89552497863769531,0.93663597106933594,0.87146997451782227,0.90252798795700073,7751766
2022-05-23T00:00:00.000000Z,0.90229201316833496,0.95504099130630493,0.85480499267578125,0.8565409779548645,12620109
2022-05-24T00:00:00.000000Z,0.85655897855758667,0.91259098052978516,0.83154201507568359,0.91184002161026001,11081388
2022-05-25T00:00:00.000000Z,0.91154402494430542,0.92700302600860596,0.865742027759552,0.865742027759552,8843584
2022-05-26T00:00:00.000000Z,0.86598598957061768,0.88005697727203369,0.7479889988899231,0.7479889988899231,11715196
2022-05-27T00:00:00.000000Z,0.74788099527359009,0.76492202281951904,0.68182700872421265,0.69429600238800049,12059510
2022-05-28T00:00:00.000000Z,0.71954602003097534,0.72671502828598022,0.68882697820663452,0.71130901575088501,5402469
2022-05-29T00:00:00.000000Z,0.71122598648071289,0.72148001194000244,0.68322998285293579,0.71257597208023071,5712809
2022-05-30T00:00:00.000000Z,0.71244502067565918,0.86481302976608276,0.70836299657821655,0.83971500396728516,15904691
2022-05-31T00:00:00.000000Z,0.83978497982025146,0.90347099304199219,0.79454201459884644,0.85146898031234741,33564657
2022-06-01T00:00:00.000000Z,0.85132700204849243,0.85277199745178223,0.72664302587509155,0.74498498439788818,20605821
2022-06-02T00:00:00.000000Z,0.74405401945114136,0.77335101366043091,0.72690200805664062,0.77136099338531494,8221517
2022-06-03T00:00:00.000000Z,0.77134400606155396,0.77134400606155396,0.70740401744842529,0.71400898694992065,7876445
2022-06-04T00:00:00.000000Z,0.71416497230529785,0.72933602333068848,0.69651597738265991,0.72329097986221313,5085974
2022-06-05T00:00:00.000000Z,0.72302097082138062,0.72561299800872803,0.68588602542877197,0.71788901090621948,5409914
2022-06-06T00:00:00.000000Z,0.71790498495101929,0.7901960015296936,0.68496799468994141,0.7098730206489563,14317572
2022-06-07T00:00:00.000000Z,0.70994502305984497,0.74420398473739624,0.65502899885177612,0.7063249945640564,11544388
2022-06-08T00:00:00.000000Z,0.70554602146148682,0.71899700164794922,0.68349498510360718,0.6844480037689209,5489053
2022-06-09T00:00:00.000000Z,0.68437701463699341,0.71432697772979736,0.67260199785232544,0.69185799360275269,43067335
2022-06-10T00:00:00.000000Z,0.69202297925949097,0.70550799369812012,0.61436402797698975,0.61945801973342896,10300927
2022-06-11T00:00:00.000000Z,0.61952000856399536,0.63332700729370117,0.55036002397537231,0.5603330135345459,7207366
2022-06-12T00:00:00.000000Z,0.56031697988510132,0.57635599374771118,0.49699598550796509,0.51034700870513916,9305963
2022-06-13T00:00:00.000000Z,0.51006901264190674,0.54706299304962158,0.36305901408195496,0.40117999911308289,31056298
2022-06-14T00:00:00.000000Z,0.40104800462722778,0.44471099972724915,0.3638719916343689,0.38561698794364929,16850615
2022-06-15T00:00:00.000000Z,0.38544699549674988,0.42196598649024963,0.32703998684883118,0.40997800230979919,18255432
2022-06-16T00:00:00.000000Z,0.40984800457954407,0.41608300805091858,0.33412700891494751,0.33919501304626465,11532228
2022-06-17T00:00:00.000000Z,0.33922600746154785,0.36743000149726868,0.33817300200462341,0.34581199288368225,7624501
2022-06-18T00:00:00.000000Z,0.34577599167823792,0.35949298739433289,0.27739301323890686,0.32430300116539001,9606897
2022-06-19T00:00:00.000000Z,0.32415100932121277,0.53503501415252686,0.29837599396705627,0.43182200193405151,54258627
2022-06-20T00:00:00.000000Z,0.43110799789428711,0.53202700614929199,0.42430299520492554,0.43468698859214783,87371308
2022-06-21T00:00:00.000000Z,0.43474099040031433,0.49435499310493469,0.41846498847007751,0.43784201145172119,30942092
2022-06-22T00:00:00.000000Z,0.43787899613380432,0.53959000110626221,0.41661998629570007,0.49298501014709473,40172983
2022-06-23T00:00:00.000000Z,0.49307200312614441,0.6124500036239624,0.49276399612426758,0.55541002750396729,56624308
2022-06-24T00:00:00.000000Z,0.55529099702835083,0.61381697654724121,0.54375898838043213,0.55866599082946777,35701099
2022-06-25T00:00:00.000000Z,0.55864602327346802,0.57345700263977051,0.51544100046157837,0.54040098190307617,16182665
2022-06-26T00:00:00.000000Z,0.54051601886749268,0.55200397968292236,0.47928398847579956,0.47928398847579956,13327234
2022-06-27T00:00:00.000000Z,0.47940400242805481,0.52741199731826782,0.47620698809623718,0.48391100764274597,14694822
2022-06-28T00:00:00.000000Z,0.48371699452400208,0.68493098020553589,0.48320698738098145,0.60529899597167969,84401214
2022-06-29T00:00:00.000000Z,0.60569101572036743,0.62787497043609619,0.55661201477050781,0.58280098438262939,43042636
2022-06-30T00:00:00.000000Z,0.58280402421951294,0.58423000574111938,0.48937401175498962,0.52810001373291016,18318148
2022-07-01T00:00:00.000000Z,0.52882802486419678,0.54243999719619751,0.48170700669288635,0.48827698826789856,16413824
2022-07-02T00:00:00.000000Z,0.48842999339103699,0.56047797203063965,0.45888799428939819,0.51094400882720947,21083129
2022-07-03T00:00:00.000000Z,0.51091700792312622,0.52260100841522217,0.49401500821113586,0.51110601425170898,18837338
2022-07-04T00:00:00.000000Z,0.51105302572250366,0.52914202213287354,0.48859500885009766,0.5281519889831543,15666727
2022-07-05T00:00:00.000000Z,0.52752697467803955,0.52752697467803955,0.48242801427841187,0.50238299369812012,15925202
2022-07-06T00:00:00.000000Z,0.50236701965332031,0.52193301916122437,0.49221700429916382,0.51505798101425171,12657524
2022-07-07T00:00:00.000000Z,0.51506602764129639,0.57462102174758911,0.50683397054672241,0.54844397306442261,23268056
2022-07-08T00:00:00.000000Z,0.54913699626922607,0.56422799825668335,0.50856298208236694,0.51968002319335938,16988160
2022-07-09T00:00:00.000000Z,0.51921302080154419,0.53341197967529297,0.5135040283203125,0.52174502611160278,10173612
2022-07-10T00:00:00.000000Z,0.52179402112960815,0.52506297826766968,0.49075499176979065,0.5003809928894043,10391996
2022-07-11T00:00:00.000000Z,0.50039702653884888,0.52753597497940063,0.48407399654388428,0.49724099040031433,14551818
2022-07-12T00:00:00.000000Z,0.49700799584388733,0.50413697957992554,0.46529999375343323,0.465364009141922,8961339
2022-07-13T00:00:00.000000Z,0.46514898538589478,0.4995180070400238,0.43766400218009949,0.4995180070400238,10651042
2022-07-14T00:00:00.000000Z,0.49947899580001831,0.50760698318481445,0.47172299027442932,0.50678801536560059,9881820
2022-07-15T00:00:00.000000Z,0.50674301385879517,0.54359698295593262,0.49224299192428589,0.52036499977111816,11114761
2022-07-16T00:00:00.000000Z,0.52024197578430176,0.53804498910903931,0.49984699487686157,0.52898597717285156,8884040
2022-07-17T00:00:00.000000Z,0.52895098924636841,0.54817497730255127,0.51047199964523315,0.51484400033950806,8201589
2022-07-18T00:00:00.000000Z,0.51488798856735229,0.59555697441101074,0.51471197605133057,0.58682101964950562,15107246
2022-07-19T00:00:00.000000Z,0.58670300245285034,0.65390700101852417,0.55565500259399414,0.61987900733947754,28764205
2022-07-20T00:00:00.000000Z,0.61990100145339966,0.63551998138427734,0.55729001760482788,0.56034499406814575,19369779
2022-07-21T00:00:00.000000Z,0.56014102697372437,0.58011698722839355,0.53979998826980591,0.56644099950790405,10246010
2022-07-22T00:00:00.000000Z,0.56639200448989868,0.59868299961090088,0.54603499174118042,0.54711002111434937,12638222
2022-07-23T00:00:00.000000Z,0.54704099893569946,0.58455997705459595,0.54242599010467529,0.5640140175819397,16077346
2022-07-24T00:00:00.000000Z,0.56389600038528442,0.64570099115371704,0.55937498807907104,0.60518699884414673,45330628
2022-07-25T00:00:00.000000Z,0.60518699884414673,0.60542398691177368,0.55685597658157349,0.55685597658157349,19134916
2022-07-26T00:00:00.000000Z,0.55649000406265259,0.55649000406265259,0.51215898990631104,0.5380520224571228,11215449
2022-07-27T00:00:00.000000Z,0.53810101747512817,0.5843619704246521,0.52851897478103638,0.5773090124130249,16189907
2022-07-28T00:00:00.000000Z,0.57739001512527466,0.62090599536895752,0.57253801822662354,0.59703999757766724,17381862
2022-07-29T00:00:00.000000Z,0.59704899787902832,0.63825500011444092,0.57790100574493408,0.60613501071929932,19429336
2022-07-30T00:00:00.000000Z,0.60609197616577148,0.64241200685501099,0.59571200609207153,0.59870302677154541,12418913
2022-07-31T00:00:00.000000Z,0.59867697954177856,0.83215498924255371,0.59765899181365967,0.72820901870727539,100500776
2022-08-01T00:00:00.000000Z,0.72795397043228149,0.75585997104644775,0.66013401746749878,0.70934599637985229,30848689
2022-08-02T00:00:00.000000Z,0.70901799201965332,0.71919500827789307,0.63519001007080078,0.68658697605133057,20729190
2022-08-03T00:00:00.000000Z,0.68642902374267578,0.75233197212219238,0.66615802049636841,0.70583599805831909,18345478
2022-08-04T00:00:00.000000Z,0.70594501495361328,0.72372198104858398,0.66736799478530884,0.68417799472808838,12926797
2022-08-05T00:00:00.000000Z,0.68378698825836182,0.79813498258590698,0.68362700939178467,0.76442301273345947,31418202
2022-08-06T00:00:00.000000Z,0.76441800594329834,0.76632702350616455,0.72699302434921265,0.73165297508239746,12220991
2022-08-07T00:00:00.000000Z,0.73126000165939331,0.76248502731323242,0.7140120267868042,0.74367398023605347,11375097
2022-08-08T00:00:00.000000Z,0.74363100528717041,0.8242030143737793,0.74285602569580078,0.7629539966583252,20270922
2022-08-09T00:00:00.000000Z,0.76306802034378052,0.7658810019493103,0.69609302282333374,0.70726197957992554,15547870
2022-08-10T00:00:00.000000Z,0.70729601383209229,0.77024900913238525,0.6792529821395874,0.72371900081634521,21053691
2022-08-11T00:00:00.000000Z,0.7238839864730835,0.75312697887420654,0.69760602712631226,0.70516300201416016,16799658
2022-08-12T00:00:00.000000Z,0.70514702796936035,0.72756797075271606,0.69439500570297241,0.72715598344802856,10889303
2022-08-13T00:00:00.000000Z,0.72728002071380615,0.79272502660751343,0.71869999170303345,0.78730297088623047,22921686
2022-08-14T00:00:00.000000Z,0.78760397434234619,0.79093897342681885,0.72058600187301636,0.72323602437973022,18892757
2022-08-15T00:00:00.000000Z,0.72314900159835815,0.74091500043869019,0.67812901735305786,0.68753999471664429,12996959
2022-08-16T00:00:00.000000Z,0.68723797798156738,0.69749397039413452,0.65902900695800781,0.66735798120498657,9824858
2022-08-17T00:00:00.000000Z,0.66734302043914795,0.70704102516174316,0.62717902660369873,0.64145100116729736,15226450
2022-08-18T00:00:00.000000Z,0.64142000675201416,0.65638798475265503,0.60816401243209839,0.61259102821350098,10250061
2022-08-19T00:00:00.000000Z,0.61247199773788452,0.61247199773788452,0.55105102062225342,0.55269002914428711,12773219
2022-08-20T00:00:00.000000Z,0.55263698101043701,0.57076901197433472,0.53103899955749512,0.54465299844741821,8292117
2022-08-21T00:00:00.000000Z,0.54456400871276855,0.68363398313522339,0.54324197769165039,0.61066699028015137,44765820
2022-08-22T00:00:00.000000Z,0.60962897539138794,0.63747000694274902,0.58991801738739014,0.60913902521133423,24725911
2022-08-23T00:00:00.000000Z,0.60947400331497192,0.61657297611236572,0.58301001787185669,0.60378098487854004,14048307
2022-08-24T00:00:00.000000Z,0.6037449836730957,0.61035197973251343,0.57105302810668945,0.58048701286315918,13171060
2022-08-25T00:00:00.000000Z,0.58029597997665405,0.59936797618865967,0.5724790096282959,0.57641398906707764,8689209
2022-08-26T00:00:00.000000Z,0.57581800222396851,0.57896500825881958,0.50592297315597534,0.51425397396087646,14355113
2022-08-27T00:00:00.000000Z,0.51463800668716431,0.56098002195358276,0.49523699283599854,0.51707100868225098,16409526
2022-08-28T00:00:00.000000Z,0.51705300807952881,0.56457501649856567,0.50601202249526978,0.50601202249526978,18731500
2022-08-29T00:00:00.000000Z,0.50595897436141968,0.54846698045730591,0.50595897436141968,0.54431998729705811,17073202
2022-08-30T00:00:00.000000Z,0.54435902833938599,0.54764401912689209,0.5089079737663269,0.52214699983596802,9622150
2022-08-31T00:00:00.000000Z,0.52229398488998413,0.54025000333786011,0.51311802864074707,0.51396697759628296,7564386
2022-09-01T00:00:00.000000Z,0.51389098167419434,0.52378398180007935,0.50046998262405396,0.52335500717163086,6454746
2022-09-02T00:00:00.000000Z,0.52314299345016479,0.53943401575088501,0.50958400964736938,0.52030599117279053,9301721
2022-09-03T00:00:00.000000Z,0.52031302452087402,0.52105498313903809,0.50171798467636108,0.50921398401260376,4426977
2022-09-04T00:00:00.000000Z,0.50929099321365356,0.51856499910354614,0.49784299731254578,0.51650500297546387,4796504
2022-09-05T00:00:00.000000Z,0.51651298999786377,0.52009201049804688,0.48487201333045959,0.5002179741859436,10377458
2022-09-06T00:00:00.000000Z,0.50013899803161621,0.50726902484893799,0.46925699710845947,0.46978899836540222,9924324
2022-09-07T00:00:00.000000Z,0.46981900930404663,0.51775801181793213,0.45962399244308472,0.50709998607635498,14393656
2022-09-08T00:00:00.000000Z,0.50711697340011597,0.62204700708389282,0.49125000834465027,0.55087298154830933,44263476
2022-09-09T00:00:00.000000Z,0.55051100254058838,0.56902998685836792,0.53581798076629639,0.56426900625228882,19865815
2022-09-10T00:00:00.000000Z,0.5642390251159668,0.62756597995758057,0.56006002426147461,0.58223897218704224,24590018
2022-09-11T00:00:00.000000Z,0.5820620059967041,0.60019797086715698,0.55305999517440796,0.5636410117149353,13357205
2022-09-12T00:00:00.000000Z,0.56367200613021851,0.5831030011177063,0.54004299640655518,0.56900602579116821,12824708
2022-09-13T00:00:00.000000Z,0.56894099712371826,0.56912702322006226,0.50552201271057129,0.51339900493621826,10709748
2022-09-14T00:00:00.000000Z,0.50878500938415527,0.52786797285079956,0.50552201271057129,0.51486402750015259,9185225
2022-09-15T00:00:00.000000Z,0.51481598615646362,0.51736897230148315,0.49065399169921875,0.49925398826599121,7395546
2022-09-16T00:00:00.000000Z,0.49925699830055237,0.49997898936271667,0.42037400603294373,0.46281599998474121,27122539
2022-09-17T00:00:00.000000Z,0.46270498633384705,0.48695498704910278,0.45747500658035278,0.48244199156761169,17455988
2022-09-18T00:00:00.000000Z,0.48245099186897278,0.48245099186897278,0.43141299486160278,0.43782898783683777,8077416
2022-09-19T00:00:00.000000Z,0.43797799944877625,0.47293001413345337,0.42919701337814331,0.45066100358963013,14529934
2022-09-20T00:00:00.000000Z,0.45064899325370789,0.4908129870891571,0.44486498832702637,0.4606499969959259,21589578
2022-09-21T00:00:00.000000Z,0.46061399579048157,0.48525300621986389,0.44975200295448303,0.45993199944496155,20244270
2022-09-22T00:00:00.000000Z,0.4593760073184967,0.47508001327514648,0.45741701126098633,0.47365099191665649,8638071
2022-09-23T00:00:00.000000Z,0.4736030101776123,0.48756301403045654,0.46340501308441162,0.48071101307868958,9006337
2022-09-24T00:00:00.000000Z,0.48042801022529602,0.48317700624465942,0.45829200744628906,0.45829200744628906,5919873
2022-09-25T00:00:00.000000Z,0.45823699235916138,0.47922599315643311,0.45823699235916138,0.46138599514961243,5453370
2022-09-26T00:00:00.000000Z,0.46154001355171204,0.49300798773765564,0.45842200517654419,0.48579201102256775,11567257
2022-09-27T00:00:00.000000Z,0.48579800128936768,0.50096702575683594,0.47214299440383911,0.47755798697471619,9406194
2022-09-28T00:00:00.000000Z,0.4774479866027832,0.47933799028396606,0.45837798714637756,0.47423601150512695,6627439
2022-09-29T00:00:00.000000Z,0.47427600622177124,0.47680801153182983,0.45989900827407837,0.46729099750518799,5601721
2022-09-30T00:00:00.000000Z,0.46735000610351562,0.47138500213623047,0.45906800031661987,0.46129000186920166,7322713
2022-10-01T00:00:00.000000Z,0.46125298738479614,0.46465900540351868,0.45388498902320862,0.46041598916053772,3360392
2022-10-02T00:00:00.000000Z,0.46039900183677673,0.46746501326560974,0.44957900047302246,0.45131298899650574,4379117
2022-10-03T00:00:00.000000Z,0.45137500762939453,0.45920699834823608,0.44564598798751831,0.45815101265907288,5779690
2022-10-04T00:00:00.000000Z,0.45814400911331177,0.57858699560165405,0.455361008644104,0.51164400577545166,90356081
2022-10-05T00:00:00.000000Z,0.51338297128677368,0.53434401750564575,0.4855949878692627,0.49255099892616272,34601041
2022-10-06T00:00:00.000000Z,0.49245598912239075,0.50143998861312866,0.47654300928115845,0.47824499011039734,9383322
2022-10-07T00:00:00.000000Z,0.47832199931144714,0.48157998919487,0.46424299478530884,0.46920698881149292,6798686
2022-10-08T00:00:00.000000Z,0.46926599740982056,0.4696199893951416,0.4516269862651825,0.45550799369812012,5606677
2022-10-09T00:00:00.000000Z,0.45550701022148132,0.47987401485443115,0.45524400472640991,0.46566399931907654,10740802
2022-10-10T00:00:00.000000Z,0.46553000807762146,0.46729499101638794,0.4496690034866333,0.4496690034866333,7165433
2022-10-11T00:00:00.000000Z,0.44970101118087769,0.44970101118087769,0.42247399687767029,0.42258000373840332,9446226
2022-10-12T00:00:00.000000Z,0.42266800999641418,0.42785298824310303,0.41212999820709229,0.41545799374580383,6973522
2022-10-13T00:00:00.000000Z,0.41549199819564819,0.41625300049781799,0.3720490038394928,0.41088300943374634,14475813
2022-10-14T00:00:00.000000Z,0.41086301207542419,0.42662999033927917,0.39760699868202209,0.39942198991775513,8936430
2022-10-15T00:00:00.000000Z,0.39940398931503296,0.43159699440002441,0.39162099361419678,0.4132780134677887,15059906
2022-10-16T00:00:00.000000Z,0.41328799724578857,0.45401999354362488,0.41328799724578857,0.43358901143074036,28338039
2022-10-17T00:00:00.000000Z,0.43359300494194031,0.43991801142692566,0.42346999049186707,0.42604300379753113,8447679
2022-10-18T00:00:00.000000Z,0.42608898878097534,0.43029001355171204,0.41042399406433105,0.424562007188797,7651119
2022-10-19T00:00:00.000000Z,0.42455199360847473,0.44376400113105774,0.41557401418685913,0.42369499802589417,14159581
2022-10-20T00:00:00.000000Z,0.42372000217437744,0.45577201247215271,0.41865700483322144,0.42053401470184326,20309587
2022-10-21T00:00:00.000000Z,0.42056301236152649,0.43643701076507568,0.40753999352455139,0.43473899364471436,9541271
2022-10-22T00:00:00.000000Z,0.43477499485015869,0.505715012550354,0.43465700745582581,0.45031899213790894,25260928
2022-10-23T00:00:00.000000Z,0.45035499334335327,0.49349299073219299,0.45022198557853699,0.47192201018333435,25570916
2022-10-24T00:00:00.000000Z,0.47206300497055054,0.52878999710083008,0.47193700075149536,0.51403802633285522,38780386
2022-10-25T00:00:00.000000Z,0.51404798030853271,0.53794300556182861,0.50358700752258301,0.52976101636886597,22391429
2022-10-26T00:00:00.000000Z,0.52894002199172974,0.55459302663803101,0.52123397588729858,0.53139001131057739,15324032
2022-10-27T00:00:00.000000Z,0.53132998943328857,0.53804701566696167,0.49430298805236816,0.50818997621536255,10296338
2022-10-28T00:00:00.000000Z,0.50794798135757446,0.55597800016403198,0.50286400318145752,0.54696500301361084,14858262
2022-10-29T00:00:00.000000Z,0.54698199033737183,0.56288599967956543,0.53562897443771362,0.54629099369049072,12614213
2022-10-30T00:00:00.000000Z,0.54631501436233521,0.57068097591400146,0.53755199909210205,0.5665619969367981,15262951
2022-10-31T00:00:00.000000Z,0.56647801399230957,0.61742901802062988,0.56647801399230957,0.60007697343826294,25128264
2022-11-01T00:00:00.000000Z,0.60155600309371948,0.67266899347305298,0.58962702751159668,0.66118800640106201,34997457
2022-11-02T00:00:00.000000Z,0.66123700141906738,0.93382298946380615,0.66123497486114502,0.77772402763366699,194389601
2022-11-03T00:00:00.000000Z,0.77725702524185181,0.87913298606872559,0.73861801624298096,0.74343901872634888,81925139
2022-11-04T00:00:00.000000Z,0.74334299564361572,0.79135197401046753,0.69974297285079956,0.74570602178573608,39194873
2022-11-05T00:00:00.000000Z,0.74527901411056519,0.94466400146484375,0.73669600486755371,0.91208702325820923,136724364
2022-11-06T00:00:00.000000Z,0.91205900907516479,1.1419060230255127,0.89508801698684692,0.91480600833892822,216648772
2022-11-07T00:00:00.000000Z,0.91635000705718994,0.97370201349258423,0.76982098817825317,0.796284019947052,92154483
2022-11-08T00:00:00.000000Z,0.79821699857711792,0.804298996925354,0.54289597272872925,0.60195201635360718,90024144
2022-11-09T00:00:00.000000Z,0.60179901123046875,0.60399097204208374,0.39651298522949219,0.43465200066566467,58858719
2022-11-10T00:00:00.000000Z,0.43453800678253174,0.70128798484802246,0.42812100052833557,0.59094101190567017,98127405
2022-11-11T00:00:00.000000Z,0.59089899063110352,0.63754600286483765,0.51597899198532104,0.54628497362136841,59298452
2022-11-12T00:00:00.000000Z,0.54612898826599121,0.54612898826599121,0.48615801334381104,0.50183498859405518,25176540
2022-11-13T00:00:00.000000Z,0.50201398134231567,0.58816397190093994,0.4793660044670105,0.4793660044670105,34185653
2022-11-14T00:00:00.000000Z,0.47895500063896179,0.5214189887046814,0.46389299631118774,0.50220698118209839,21112328
2022-11-15T00:00:00.000000Z,0.5019109845161438,0.51688301563262939,0.48913401365280151,0.49187499284744263,14122140
2022-11-16T00:00:00.000000Z,0.49198698997497559,0.51189500093460083,0.47190099954605103,0.47778099775314331,13789785
2022-11-17T00:00:00.000000Z,0.47788000106811523,0.48921799659729004,0.47170698642730713,0.47454500198364258,11063845
2022-11-18T00:00:00.000000Z,0.474590003490448,0.48949098587036133,0.47116899490356445,0.47765800356864929,8961113
2022-11-19T00:00:00.000000Z,0.47759699821472168,0.47796300053596497,0.45873299241065979,0.46579399704933167,9011887
2022-11-20T00:00:00.000000Z,0.46578401327133179,0.49133700132369995,0.43323001265525818,0.43352699279785156,13286296
2022-11-21T00:00:00.000000Z,0.4340679943561554,0.44185701012611389,0.40958398580551147,0.41890498995780945,12111632
2022-11-22T00:00:00.000000Z,0.41879498958587646,0.43231898546218872,0.40300199389457703,0.42913401126861572,10033257
2022-11-23T00:00:00.000000Z,0.42907199263572693,0.46774899959564209,0.42900100350379944,0.46688500046730042,15602702
2022-11-24T00:00:00.000000Z,0.46696299314498901,0.47585898637771606,0.44304400682449341,0.45086398720741272,9867748
2022-11-25T00:00:00.000000Z,0.45096099376678467,0.45899000763893127,0.43255600333213806,0.44503098726272583,7965257
2022-11-26T00:00:00.000000Z,0.44503998756408691,0.52755999565124512,0.44503998756408691,0.50579601526260376,31359153
2022-11-27T00:00:00.000000Z,0.50606000423431396,0.56176799535751343,0.50407600402832031,0.5086519718170166,38130885
2022-11-28T00:00:00.000000Z,0.50858598947525024,0.50942397117614746,0.46761599183082581,0.46915501356124878,14354859
2022-11-29T00:00:00.000000Z,0.46926099061965942,0.49042999744415283,0.45728000998497009,0.47480499744415283,15732292
2022-11-30T00:00:00.000000Z,0.47481399774551392,0.49775999784469604,0.47109699249267578,0.49224498867988586,15826423
2022-12-01T00:00:00.000000Z,0.49227398633956909,0.49346500635147095,0.47674399614334106,0.47676199674606323,9290928
2022-12-02T00:00:00.000000Z,0.47656598687171936,0.48926401138305664,0.47400400042533875,0.48322999477386475,7594269
2022-12-03T00:00:00.000000Z,0.48309999704360962,0.52102500200271606,0.48285499215126038,0.5138239860534668,17923404
2022-12-04T00:00:00.000000Z,0.51366400718688965,0.54061800241470337,0.5026249885559082,0.51446902751922607,17999912
2022-12-05T00:00:00.000000Z,0.51419401168823242,0.53118199110031128,0.48794201016426086,0.49212700128555298,16591245
2022-12-06T00:00:00.000000Z,0.49213498830795288,0.51849997043609619,0.48218399286270142,0.51629102230072021,10879471
2022-12-07T00:00:00.000000Z,0.5163080096244812,0.52249598503112793,0.4888480007648468,0.50325900316238403,15942367
2022-12-08T00:00:00.000000Z,0.50329601764678955,0.53026497364044189,0.49201899766921997,0.53026497364044189,16634872
2022-12-09T00:00:00.000000Z,0.53025400638580322,0.54421901702880859,0.50814002752304077,0.51699298620223999,14094481
2022-12-10T00:00:00.000000Z,0.51702302694320679,0.52262198925018311,0.50568300485610962,0.52107101678848267,12772862
2022-12-11T00:00:00.000000Z,0.52089601755142212,0.52340197563171387,0.49887201189994812,0.50013601779937744,7269808
2022-12-12T00:00:00.000000Z,0.50013697147369385,0.50813102722167969,0.48864498734474182,0.50741899013519287,10200309
2022-12-13T00:00:00.000000Z,0.50735598802566528,0.5333629846572876,0.49175199866294861,0.51771098375320435,19648524
2022-12-14T00:00:00.000000Z,0.51768499612808228,0.52309298515319824,0.50025999546051025,0.50203502178192139,9677026
2022-12-15T00:00:00.000000Z,0.50195997953414917,0.50495100021362305,0.49303799867630005,0.49705898761749268,6449398
2022-12-16T00:00:00.000000Z,0.49704799056053162,0.5084189772605896,0.43261399865150452,0.43442699313163757,11448223
2022-12-17T00:00:00.000000Z,0.43520501255989075,0.45144298672676086,0.4318070113658905,0.44847598671913147,6739605
2022-12-18T00:00:00.000000Z,0.44850501418113708,0.45037698745727539,0.44191598892211914,0.45006498694419861,3878799
2022-12-19T00:00:00.000000Z,0.44998198747634888,0.45163899660110474,0.41085401177406311,0.41979900002479553,6465174
2022-12-20T00:00:00.000000Z,0.41980400681495667,0.43872800469398499,0.41827699542045593,0.43226099014282227,5655400
2022-12-21T00:00:00.000000Z,0.43223199248313904,0.43258199095726013,0.41265299916267395,0.41427001357078552,5727506
2022-12-22T00:00:00.000000Z,0.41429400444030762,0.44317001104354858,0.41292798519134521,0.42692801356315613,8235427
2022-12-23T00:00:00.000000Z,0.42692199349403381,0.44701799750328064,0.42692199349403381,0.42870199680328369,8212879
2022-12-24T00:00:00.000000Z,0.4287630021572113,0.43026399612426758,0.42432400584220886,0.42443099617958069,3903834
2022-12-25T00:00:00.000000Z,0.42441600561141968,0.42662200331687927,0.41098299622535706,0.41256800293922424,4757524
2022-12-26T00:00:00.000000Z,0.41248598694801331,0.41903498768806458,0.41208198666572571,0.41810101270675659,4140942
2022-12-27T00:00:00.000000Z,0.41805899143218994,0.42142099142074585,0.41012799739837646,0.41762900352478027,4964103
2022-12-28T00:00:00.000000Z,0.41754999756813049,0.45490500330924988,0.40691900253295898,0.42379501461982727,15283208
2022-12-29T00:00:00.000000Z,0.42380300164222717,0.43569400906562805,0.40478000044822693,0.40515199303627014,8417238
2022-12-30T00:00:00.000000Z,0.40516701340675354,0.40977200865745544,0.39906901121139526,0.40577399730682373,16295505
2022-12-31T00:00:00.000000Z,0.40573599934577942,0.41154000163078308,0.40102800726890564,0.40245199203491211,21178864
2023-01-02T00:00:00.000000Z,0.40413400530815125,0.41589298844337463,0.40295800566673279,0.41403299570083618,20867489
2023-01-03T00:00:00.000000Z,0.41379201412200928,0.41788899898529053,0.4054189920425415,0.4091469943523407,21704944
2023-01-04T00:00:00.000000Z,0.4091469943523407,0.42215201258659363,0.40281000733375549,0.41454499959945679,24763323
2023-01-05T00:00:00.000000Z,0.41444098949432373,0.43221199512481689,0.40946999192237854,0.41914400458335876,18758374
2023-01-06T00:00:00.000000Z,0.41922199726104736,0.42058199644088745,0.40495899319648743,0.41887998580932617,8829072
2023-01-07T00:00:00.000000Z,0.41882100701332092,0.43062201142311096,0.41116899251937866,0.41175100207328796,12175771
2023-01-08T00:00:00.000000Z,0.41169100999832153,0.43386200070381165,0.40871700644493103,0.43386200070381165,10918157
2023-01-09T00:00:00.000000Z,0.43377599120140076,0.45707100629806519,0.42903101444244385,0.44643598794937134,17266867
2023-01-10T00:00:00.000000Z,0.4464229941368103,0.46485200524330139,0.43728300929069519,0.45138299465179443,14419865
2023-01-11T00:00:00.000000Z,0.45125299692153931,0.45873099565505981,0.43623098731040955,0.4501039981842041,11579275
2023-01-12T00:00:00.000000Z,0.45754998922348022,0.47340101003646851,0.43794000148773193,0.45685699582099915,21234768
2023-01-13T00:00:00.000000Z,0.45687100291252136,0.54961299896240234,0.4557960033416748,0.54228699207305908,65488612
2023-01-14T00:00:00.000000Z,0.54201602935791016,0.59574300050735474,0.5205339789390564,0.55901497602462769,49735717
2023-01-15T00:00:00.000000Z,0.55849701166152954,0.60187000036239624,0.51613801717758179,0.5670819878578186,35778389
2023-01-16T00:00:00.000000Z,0.56715500354766846,0.62556600570678711,0.56516802310943604,0.61241501569747925,44094376
2023-01-17T00:00:00.000000Z,0.61252599954605103,0.6129639744758606,0.57781302928924561,0.57781302928924561,30112960
2023-01-18T00:00:00.000000Z,0.5778849720954895,0.59480398893356323,0.52594399452209473,0.53524100780487061,32800828
2023-01-19T00:00:00.000000Z,0.53539097309112549,0.57014298439025879,0.53180301189422607,0.56858599185943604,21709857
2023-01-20T00:00:00.000000Z,0.56839102506637573,0.73076999187469482,0.55987602472305298,0.70282697677612305,62602336
2023-01-21T00:00:00.000000Z,0.70238798856735229,0.7371019721031189,0.67284601926803589,0.67301100492477417,47137935
2023-01-22T00:00:00.000000Z,0.67264699935913086,0.71053802967071533,0.65099900960922241,0.68952101469039917,43777036
2023-01-23T00:00:00.000000Z,0.68956798315048218,0.88913100957870483,0.68369799852371216,0.86621397733688354,107983340
2023-01-24T00:00:00.000000Z,0.8639410138130188,0.88031202554702759,0.77184200286865234,0.77944797277450562,57564335
2023-01-25T00:00:00.000000Z,0.77846598625183105,0.93434000015258789,0.77308201789855957,0.87706702947616577,78248100
2023-01-26T00:00:00.000000Z,0.87483900785446167,0.92824399471282959,0.85638302564620972,0.87785899639129639,63000724
2023-01-27T00:00:00.000000Z,0.88255000114440918,0.89296400547027588,0.81432002782821655,0.86448198556900024,53016265
2023-01-28T00:00:00.000000Z,0.86490797996520996,1.3122730255126953,0.85986697673797607,1.1959919929504395,248769997
2023-01-29T00:00:00.000000Z,1.1940649747848511,1.4262599945068359,1.1590189933776855,1.2872500419616699,246633430
2023-01-30T00:00:00.000000Z,1.2868789434432983,1.3164099454879761,1.1563400030136108,1.206186056137085,114320572
2023-01-31T00:00:00.000000Z,1.2061519622802734,1.4853630065917969,1.1715799570083618,1.4105989933013916,222087059
2023-02-01T00:00:00.000000Z,1.4101049900054932,1.6515569686889648,1.3388140201568604,1.53398597240448,242943219
2023-02-02T00:00:00.000000Z,1.5332050323486328,1.779481053352356,1.5122300386428833,1.7085180282592773,196699483
2023-02-03T00:00:00.000000Z,1.7084749937057495,1.7327150106430054,1.5415799617767334,1.6977200508117676,216226333
2023-02-04T00:00:00.000000Z,1.6976430416107178,1.7518999576568604,1.6391899585723877,1.6683559417724609,155081639
2023-02-05T00:00:00.000000Z,1.6678309440612793,1.861096978187561,1.6367499828338623,1.7653379440307617,265057745
2023-02-06T00:00:00.000000Z,1.7643680572509766,1.9907239675521851,1.7345459461212158,1.8685640096664429,261163300
2023-02-07T00:00:00.000000Z,1.8685170412063599,2.1826810836791992,1.8294680118560791,2.1353540420532227,238408700
2023-02-08T00:00:00.000000Z,2.1353859901428223,2.14426589012146,1.6286870241165161,1.7524789571762085,243641521
2023-02-09T00:00:00.000000Z,1.7544269561767578,1.7881669998168945,1.3047549724578857,1.3630050420761108,302439175
2023-02-10T00:00:00.000000Z,1.3652650117874146,1.5061130523681641,1.3287160396575928,1.4802160263061523,223448939
2023-02-11T00:00:00.000000Z,1.4804019927978516,1.4804019927978516,1.3628439903259277,1.4438389539718628,104317402
2023-02-12T00:00:00.000000Z,1.4435900449752808,1.6776059865951538,1.4034149646759033,1.5497640371322632,184415703
2023-02-13T00:00:00.000000Z,1.5495599508285522,1.6470420360565186,1.4041550159454346,1.5001150369644165,211960984
2023-02-14T00:00:00.000000Z,1.5016410350799561,1.7652250528335571,1.450767993927002,1.7140270471572876,213285432
2023-02-15T00:00:00.000000Z,1.714419960975647,2.0771410465240479,1.6962610483169556,2.0050210952758789,241940828
2023-02-16T00:00:00.000000Z,2.0046839714050293,2.1287469863891602,1.7034690380096436,1.7660870552062988,271151023
2023-02-17T00:00:00.000000Z,1.7668579816818237,1.9826699495315552,1.7525479793548584,1.8571029901504517,219754795
2023-02-18T00:00:00.000000Z,1.8573759794235229,1.9215129613876343,1.7912379503250122,1.8513790369033813,101386623
2023-02-19T00:00:00.000000Z,1.8515490293502808,1.8644930124282837,1.6981710195541382,1.7099900245666504,93889187
2023-02-20T00:00:00.000000Z,1.7127820253372192,1.7450380325317383,1.6137609481811523,1.7129960060119629,158724559
2023-02-21T00:00:00.000000Z,1.7134389877319336,1.8560980558395386,1.6550489664077759,1.702409029006958,121379205
2023-02-22T00:00:00.000000Z,1.7026209831237793,1.704833984375,1.5211869478225708,1.6237519979476929,102731728
2023-02-23T00:00:00.000000Z,1.6235979795455933,1.6958780288696289,1.554015040397644,1.5746170282363892,92754006
2023-02-24T00:00:00.000000Z,1.574504017829895,1.6777299642562866,1.4043179750442505,1.4551680088043213,124166198
2023-02-25T00:00:00.000000Z,1.4550620317459106,1.4690879583358765,1.3207290172576904,1.4062639474868774,61700511
2023-02-26T00:00:00.000000Z,1.4061559438705444,1.566491961479187,1.3866430521011353,1.5327039957046509,72049396
2023-02-27T00:00:00.000000Z,1.5326529741287231,1.5651739835739136,1.446444034576416,1.4763480424880981,80350771
2023-02-28T00:00:00.000000Z,1.4762569665908813,1.6236989498138428,1.4509010314941406,1.4559409618377686,109896179
2023-03-01T00:00:00.000000Z,1.4559249877929688,1.5601069927215576,1.4388769865036011,1.5600850582122803,81677607
2023-03-02T00:00:00.000000Z,1.5598989725112915,1.5784330368041992,1.4195870161056519,1.5277359485626221,69704040
2023-03-03T00:00:00.000000Z,1.5278290510177612,1.5329760313034058,1.3213410377502441,1.3570350408554077,84445786
2023-03-04T00:00:00.000000Z,1.3569320440292358,1.369143009185791,1.1801459789276123,1.2383229732513428,96057719
2023-03-05T00:00:00.000000Z,1.2393079996109009,1.276386022567749,1.1854070425033569,1.1976469755172729,53621106
2023-03-06T00:00:00.000000Z,1.1978750228881836,1.2339179515838623,1.1670440435409546,1.2116179466247559,49837601
2023-03-07T00:00:00.000000Z,1.2122060060501099,1.2815209627151489,1.1465140581130981,1.179502010345459,66590077
2023-03-08T00:00:00.000000Z,1.1794250011444092,1.1887639760971069,1.0527149438858032,1.0716010332107544,62067193
2023-03-09T00:00:00.000000Z,1.0716749429702759,1.1692090034484863,0.99714499711990356,1.0382850170135498,77878427
2023-03-10T00:00:00.000000Z,1.0405980348587036,1.0730999708175659,0.90111500024795532,1.0589699745178223,95362898
2023-03-11T00:00:00.000000Z,1.0599520206451416,1.0927510261535645,0.92786997556686401,0.98528897762298584,68080416
2023-03-12T00:00:00.000000Z,0.98523199558258057,1.2851370573043823,0.9650229811668396,1.2492949962615967,90595481
2023-03-13T00:00:00.000000Z,1.2489049434661865,1.3887159824371338,1.1552029848098755,1.2845950126647949,189785314
2023-03-14T00:00:00.000000Z,1.2844779491424561,1.4617040157318115,1.2342660427093506,1.3872740268707275,168730100
2023-03-15T00:00:00.000000Z,1.3877379894256592,1.5082739591598511,1.1819969415664673,1.2539850473403931,139295536
2023-03-16T00:00:00.000000Z,1.2548869848251343,1.3762010335922241,1.2419600486755371,1.3479640483856201,78096385
2023-03-17T00:00:00.000000Z,1.3476660251617432,1.5257530212402344,1.3156280517578125,1.5253889560699463,79814622
2023-03-18T00:00:00.000000Z,1.5269509553909302,1.5959140062332153,1.4382400512695312,1.458556056022644,90740828
2023-03-19T00:00:00.000000Z,1.458812952041626,1.5777779817581177,1.4142060279846191,1.4775160551071167,76674314
2023-03-20T00:00:00.000000Z,1.4769530296325684,1.4818700551986694,1.3393640518188477,1.3429950475692749,74815577
2023-03-21T00:00:00.000000Z,1.3417860269546509,1.3905520439147949,1.278730034828186,1.3452860116958618,62702387
2023-03-22T00:00:00.000000Z,1.3445949554443359,1.4788360595703125,1.2997050285339355,1.3789030313491821,121925222
2023-03-23T00:00:00.000000Z,1.3785279989242554,1.403704047203064,1.3179659843444824,1.3327360153198242,71393678
2023-03-24T00:00:00.000000Z,1.3324249982833862,1.3443809747695923,1.1946660280227661,1.2159980535507202,55242616
2023-03-25T00:00:00.000000Z,1.2158600091934204,1.2322839498519897,1.1349020004272461,1.1533190011978149,35640164
2023-03-26T00:00:00.000000Z,1.153162956237793,1.255702018737793,1.1392149925231934,1.2323240041732788,36794211
2023-03-27T00:00:00.000000Z,1.2325390577316284,1.2325630187988281,1.106084942817688,1.150954008102417,36959712
2023-03-28T00:00:00.000000Z,1.1509350538253784,1.1867660284042358,1.0923490524291992,1.1802090406417847,40093000
2023-03-29T00:00:00.000000Z,1.1800110340118408,1.3094780445098877,1.1713869571685791,1.2937049865722656,56261008
2023-03-30T00:00:00.000000Z,1.2935030460357666,1.3071240186691284,1.2209769487380981,1.2607769966125488,59143959
2023-03-31T00:00:00.000000Z,1.2607589960098267,1.3838009834289551,1.2124979496002197,1.3739360570907593,64353178
2023-04-01T00:00:00.000000Z,1.373960018157959,1.3761980533599854,1.3061889410018921,1.3072570562362671,40726075
2023-04-02T00:00:00.000000Z,1.3475680351257324,1.3608620166778564,1.251338005065918,1.2764919996261597,32380374
2023-04-03T00:00:00.000000Z,1.2764279842376709,1.3467999696731567,1.2321790456771851,1.2922860383987427,47474317
2023-04-04T00:00:00.000000Z,1.2921550273895264,1.3673310279846191,1.2743979692459106,1.3306499719619751,43778273
2023-04-05T00:00:00.000000Z,1.3307579755783081,1.3910059928894043,1.3104619979858398,1.3422960042953491,47269846
2023-04-06T00:00:00.000000Z,1.3425010442733765,1.3425010442733765,1.2750710248947144,1.3036799430847168,28385803
2023-04-07T00:00:00.000000Z,1.3040000200271606,1.3178119659423828,1.270516037940979,1.3029550313949585,25076324
2023-04-08T00:00:00.000000Z,1.3027960062026978,1.3084559440612793,1.2619260549545288,1.2714070081710815,20014382
2023-04-09T00:00:00.000000Z,1.2715100049972534,1.3121000528335571,1.2504990100860596,1.3077199459075928,21700245
2023-04-10T00:00:00.000000Z,1.3077089786529541,1.4806369543075562,1.2929940223693848,1.4724509716033936,72214620
2023-04-11T00:00:00.000000Z,1.4721579551696777,1.6879940032958984,1.4674580097198486,1.5796489715576172,184486120
2023-04-12T00:00:00.000000Z,1.5798729658126831,1.6777629852294922,1.5374300479888916,1.5726820230484009,131806269
2023-04-13T00:00:00.000000Z,1.5982099771499634,1.6769930124282837,1.5590920448303223,1.6044449806213379,85655429
2023-04-14T00:00:00.000000Z,1.6042309999465942,1.778594970703125,1.6015080213546753,1.7368400096893311,173084733
2023-04-15T00:00:00.000000Z,1.7369320392608643,1.7628380060195923,1.6642869710922241,1.6735049486160278,80174384
2023-04-16T00:00:00.000000Z,1.6734470129013062,1.783018946647644,1.6583470106124878,1.7741719484329224,89820628
2023-04-17T00:00:00.000000Z,1.7738829851150513,2.0747449398040771,1.7314480543136597,1.9747550487518311,277518966
2023-04-18T00:00:00.000000Z,1.9764460325241089,2.1193850040435791,1.95306396484375,2.0278201103210449,163473788
2023-04-19T00:00:00.000000Z,2.0272789001464844,2.0457808971405029,1.8405489921569824,1.9266879558563232,184827270
2023-04-20T00:00:00.000000Z,1.9283000230789185,2.1816589832305908,1.8820099830627441,1.8995330333709717,303378409
2023-04-21T00:00:00.000000Z,1.8995130062103271,1.9396589994430542,1.6285979747772217,1.6369830369949341,201571918
2023-04-22T00:00:00.000000Z,1.6365300416946411,1.8426979780197144,1.6285719871520996,1.8141440153121948,128906908
2023-04-23T00:00:00.000000Z,1.8146200180053711,1.8146200180053711,1.6397130489349365,1.7048380374908447,87440516
2023-04-24T00:00:00.000000Z,1.7050850391387939,1.827597975730896,1.690546989440918,1.7754089832305908,134520243
2023-04-25T00:00:00.000000Z,1.7748559713363647,2.0342700481414795,1.752079963684082,2.0220611095428467,187659103
2023-04-26T00:00:00.000000Z,2.0218539237976074,2.4254300594329834,2.0110809803009033,2.2941789627075195,462058311
2023-04-27T00:00:00.000000Z,2.2943110466003418,2.3894100189208984,2.2280189990997314,2.3405110836029053,253680462
2023-04-28T00:00:00.000000Z,2.3401839733123779,2.5757639408111572,2.3330049514770508,2.3723399639129639,298331196
2023-04-29T00:00:00.000000Z,2.3710169792175293,2.4830279350280762,2.3509490489959717,2.372236967086792,134015195
2023-04-30T00:00:00.000000Z,2.3727951049804688,2.5451159477233887,2.3506250381469727,2.3945050239562988,183683170
2023-05-01T00:00:00.000000Z,2.3941860198974609,2.4445300102233887,2.1971330642700195,2.207036018371582,212956267
2023-05-02T00:00:00.000000Z,2.2071840763092041,2.2611629962921143,2.0651230812072754,2.0713150501251221,212549410
2023-05-03T00:00:00.000000Z,2.0711209774017334,2.3217639923095703,2.029059886932373,2.283315896987915,213223189
2023-05-04T00:00:00.000000Z,2.2834010124206543,2.3126571178436279,2.1916580200195312,2.2137820720672607,159571425
2023-05-05T00:00:00.000000Z,2.2137761116027832,2.2561080455780029,2.1393311023712158,2.1873369216918945,181232295
2023-05-06T00:00:00.000000Z,2.1875309944152832,2.2086489200592041,2.0337250232696533,2.0816380977630615,102060044
2023-05-07T00:00:00.000000Z,2.0818688869476318,2.2350509166717529,2.0395541191101074,2.1319570541381836,122284020
2023-05-08T00:00:00.000000Z,2.1303980350494385,2.1536269187927246,1.8150310516357422,1.8624869585037231,165909350
2023-05-09T00:00:00.000000Z,1.8624110221862793,1.8770610094070435,1.7071830034255981,1.74434494972229,123255098
2023-05-10T00:00:00.000000Z,1.7443770170211792,1.9364049434661865,1.6899440288543701,1.8332420587539673,188047965
2023-05-11T00:00:00.000000Z,1.83343505859375,1.83343505859375,1.6359070539474487,1.7128620147705078,118048152
2023-05-12T00:00:00.000000Z,1.7127770185470581,1.8112319707870483,1.665753960609436,1.8111740350723267,110171527
2023-05-13T00:00:00.000000Z,1.8118360042572021,1.8822790384292603,1.7781469821929932,1.8357340097427368,80579134
2023-05-14T00:00:00.000000Z,1.8356759548187256,1.8914179801940918,1.7867599725723267,1.8274209499359131,61164352
2023-05-15T00:00:00.000000Z,1.8272609710693359,1.8921960592269897,1.796718955039978,1.8030450344085693,61849520
2023-05-16T00:00:00.000000Z,1.8029160499572754,1.9838160276412964,1.7794070243835449,1.9298039674758911,109845776
2023-05-17T00:00:00.000000Z,1.9303270578384399,2.3482139110565186,1.9202860593795776,2.2940099239349365,241200074
2023-05-18T00:00:00.000000Z,2.2937390804290771,2.4994649887084961,2.2599449157714844,2.3985669612884521,307984827
2023-05-19T00:00:00.000000Z,2.3983960151672363,2.4504289627075195,2.3173239231109619,2.318871021270752,180465831
2023-05-20T00:00:00.000000Z,2.3187329769134521,2.4172189235687256,2.2701408863067627,2.3495590686798096,128663606
2023-05-21T00:00:00.000000Z,2.3496389389038086,2.7225420475006104,2.3365240097045898,2.4668838977813721,369331856
2023-05-22T00:00:00.000000Z,2.4668509960174561,2.5066781044006348,2.3429598808288574,2.4472270011901855,173755913
2023-05-23T00:00:00.000000Z,2.4479520320892334,2.7881100177764893,2.4070820808410645,2.7194890975952148,255327893
2023-05-24T00:00:00.000000Z,2.719710111618042,2.7521929740905762,2.4177711009979248,2.6394848823547363,290105865
2023-05-25T00:00:00.000000Z,2.6392340660095215,2.8907740116119385,2.5413599014282227,2.7039189338684082,340287449
2023-05-26T00:00:00.000000Z,2.7035999298095703,2.8627440929412842,2.6613790988922119,2.7283940315246582,234325064
2023-05-27T00:00:00.000000Z,2.7287049293518066,2.7837839126586914,2.6045339107513428,2.6419060230255127,137372895
2023-05-28T00:00:00.000000Z,2.6422030925750732,2.8022201061248779,2.6077220439910889,2.7471039295196533,141995166
2023-05-29T00:00:00.000000Z,2.7464780807495117,2.7642419338226318,2.4942820072174072,2.5463769435882568,172586708
2023-05-30T00:00:00.000000Z,2.5460469722747803,2.6817491054534912,2.4796440601348877,2.5724890232086182,153487596
2023-05-31T00:00:00.000000Z,2.5727438926696777,2.6220259666442871,2.4315869808197021,2.527292013168335,121045852
2023-06-01T00:00:00.000000Z,2.5270218849182129,2.6111500263214111,2.4415938854217529,2.4937698841094971,122857785
2023-06-02T00:00:00.000000Z,2.4940109252929688,2.6379449367523193,2.4671640396118164,2.5705349445343018,124533025
2023-06-03T00:00:00.000000Z,2.5707941055297852,2.6349079608917236,2.5433320999145508,2.607050895690918,83058000
2023-06-04T00:00:00.000000Z,2.6070220470428467,2.7601699829101562,2.578542947769165,2.6588139533996582,151822121
2023-06-05T00:00:00.000000Z,2.659229040145874,2.7064979076385498,2.2479140758514404,2.2891550064086914,293968907
2023-06-06T00:00:00.000000Z,2.2881538867950439,2.4524691104888916,2.179826021194458,2.4158260822296143,215923271
2023-06-07T00:00:00.000000Z,2.4159300327301025,2.4247629642486572,2.1705689430236816,2.2210030555725098,149746893
2023-06-08T00:00:00.000000Z,2.2210140228271484,2.2811989784240723,2.1524450778961182,2.2742600440979004,108060634
2023-06-09T00:00:00.000000Z,2.2738640308380127,2.3809669017791748,2.2093551158905029,2.2918999195098877,111122278
2023-06-10T00:00:00.000000Z,2.2921779155731201,2.2924931049346924,1.8312710523605347,1.9016749858856201,198183057
2023-06-11T00:00:00.000000Z,1.9017200469970703,2.0478100776672363,1.8784420490264893,1.9566110372543335,102798947
2023-06-12T00:00:00.000000Z,1.9565379619598389,1.9604599475860596,1.8867700099945068,1.937654972076416,88143273
2023-06-13T00:00:00.000000Z,1.9374810457229614,2.0112810134887695,1.9025009870529175,1.9267480373382568,96988488
2023-06-14T00:00:00.000000Z,1.9267450571060181,1.9694980382919312,1.806128978729248,1.8152840137481689,70651959
2023-06-15T00:00:00.000000Z,1.815371036529541,1.8877509832382202,1.7252980470657349,1.8749489784240723,75781985
2023-06-16T00:00:00.000000Z,1.874824047088623,1.9314759969711304,1.8026959896087646,1.9212980270385742,60514791
2023-06-17T00:00:00.000000Z,1.9214320182800293,2.1142570972442627,1.9048459529876709,2.0884881019592285,87032911
2023-06-18T00:00:00.000000Z,2.0883231163024902,2.0968279838562012,1.9732639789581299,1.9735349416732788,69867300
2023-06-19T00:00:00.000000Z,1.9729679822921753,2.0582749843597412,1.9388159513473511,2.0566310882568359,60854266
2023-06-20T00:00:00.000000Z,2.0567948818206787,2.0833239555358887,1.9442460536956787,2.0801360607147217,79499216
2023-06-21T00:00:00.000000Z,2.0799620151519775,2.365231990814209,2.0788218975067139,2.2860920429229736,154949668
2023-06-22T00:00:00.000000Z,2.2860870361328125,2.3466289043426514,2.1518421173095703,2.1518421173095703,96632559
2023-06-23T00:00:00.000000Z,2.1516070365905762,2.2578771114349365,2.1108620166778564,2.1690459251403809,90814627
2023-06-24T00:00:00.000000Z,2.1690409183502197,2.1756350994110107,2.006572961807251,2.0471260547637939,70857417
2023-06-25T00:00:00.000000Z,2.0471630096435547,2.120358943939209,2.0305829048156738,2.0664799213409424,51125554
2023-06-26T00:00:00.000000Z,2.0662100315093994,2.1193690299987793,2.0070140361785889,2.0398468971252441,56506396
2023-06-27T00:00:00.000000Z,2.0400140285491943,2.1143269538879395,2.0316019058227539,2.0619978904724121,49690782
2023-06-28T00:00:00.000000Z,2.0620460510253906,2.0620460510253906,1.8874809741973877,1.9194879531860352,59157797
2023-06-29T00:00:00.000000Z,1.9195200204849243,2.0243151187896729,1.9106390476226807,1.9817570447921753,47987314
2023-06-30T00:00:00.000000Z,1.9815870523452759,2.0911030769348145,1.9162390232086182,2.0362141132354736,85717036
2023-07-01T00:00:00.000000Z,2.0362539291381836,2.0870718955993652,2.034480094909668,2.058372974395752,39543897
2023-07-02T00:00:00.000000Z,2.058419942855835,2.0613119602203369,2.002410888671875,2.0254058837890625,37367613
2023-07-03T00:00:00.000000Z,2.0252540111541748,2.1599550247192383,2.0127429962158203,2.1555469036102295,66228798
2023-07-04T00:00:00.000000Z,2.1554689407348633,2.2284479141235352,2.0727410316467285,2.0774180889129639,69003721
2023-07-05T00:00:00.000000Z,2.077631950378418,2.0963790416717529,1.949409008026123,1.9651110172271729,49906167
2023-07-06T00:00:00.000000Z,1.9650230407714844,2.0736238956451416,1.9153929948806763,1.9183180332183838,46119135
2023-07-07T00:00:00.000000Z,1.9182389974594116,1.9642059803009033,1.9001350402832031,1.9484289884567261,30095860
2023-07-08T00:00:00.000000Z,1.9482849836349487,1.9862250089645386,1.9144589900970459,1.9452910423278809,21851289
2023-07-09T00:00:00.000000Z,1.9451119899749756,1.9720619916915894,1.9211989641189575,1.9244430065155029,19153219
2023-07-10T00:00:00.000000Z,1.9245760440826416,1.9558119773864746,1.8534239530563354,1.9094380140304565,31928713
2023-07-11T00:00:00.000000Z,1.90972900390625,2.0086479187011719,1.8956149816513062,1.9938089847564697,29939552
2023-07-12T00:00:00.000000Z,1.9937870502471924,2.0377779006958008,1.9248059988021851,1.9368280172348022,35649402
2023-07-13T00:00:00.000000Z,1.9369800090789795,2.1404979228973389,1.9139930009841919,2.1394529342651367,64901900
2023-07-14T00:00:00.000000Z,2.1391110420227051,2.2305529117584229,1.9849040508270264,2.032538890838623,84966135
2023-07-15T00:00:00.000000Z,2.0325579643249512,2.0558409690856934,1.985416054725647,2.0250589847564697,27385503
2023-07-16T00:00:00.000000Z,2.0250599384307861,2.0385880470275879,1.9419349431991577,1.9470870494842529,25042955
2023-07-17T00:00:00.000000Z,1.9464839696884155,1.9873030185699463,1.9042799472808838,1.9668760299682617,33780220
2023-07-18T00:00:00.000000Z,1.9668300151824951,2.0080099105834961,1.8666549921035767,1.8785990476608276,33969499
2023-07-19T00:00:00.000000Z,1.8789360523223877,1.9177409410476685,1.8466999530792236,1.8731980323791504,34772048
2023-07-20T00:00:00.000000Z,1.8724989891052246,1.9134680032730103,1.8434610366821289,1.867885947227478,31747359
2023-07-21T00:00:00.000000Z,1.8681600093841553,1.9140280485153198,1.8594980239868164,1.8851070404052734,19520792
2023-07-22T00:00:00.000000Z,1.8850699663162231,1.897737979888916,1.8137749433517456,1.829414963722229,16874076
2023-07-23T00:00:00.000000Z,1.8295270204544067,1.8840570449829102,1.8162120580673218,1.8562890291213989,15392173
2023-07-24T00:00:00.000000Z,1.8562929630279541,1.8615750074386597,1.7268359661102295,1.7485079765319824,32717709
2023-07-25T00:00:00.000000Z,1.7484999895095825,1.8101860284805298,1.7478129863739014,1.7718559503555298,23260998
2023-07-26T00:00:00.000000Z,1.7717299461364746,1.7857320308685303,1.7296090126037598,1.7622790336608887,23176854
2023-07-27T00:00:00.000000Z,1.762194037437439,1.8051439523696899,1.7445050477981567,1.7666440010070801,23077592
2023-07-28T00:00:00.000000Z,1.7666260004043579,1.8181869983673096,1.7616709470748901,1.8080379962921143,18273702
2023-07-29T00:00:00.000000Z,1.8077989816665649,1.8250249624252319,1.7882460355758667,1.8077980279922485,12093731
2023-07-30T00:00:00.000000Z,1.8079930543899536,1.8149210214614868,1.7611039876937866,1.7861670255661011,17662102
2023-07-31T00:00:00.000000Z,1.7862169742584229,1.815142035484314,1.7379189729690552,1.7502050399780273,20826152
2023-08-01T00:00:00.000000Z,1.7502349615097046,1.7900259494781494,1.7125990390777588,1.7899210453033447,20979434
2023-08-02T00:00:00.000000Z,1.7898950576782227,1.8025549650192261,1.7567629814147949,1.7627500295639038,19227696
2023-08-03T00:00:00.000000Z,1.7627600431442261,1.7853909730911255,1.742110013961792,1.7657209634780884,14110179
2023-08-04T00:00:00.000000Z,1.7652980089187622,1.779526948928833,1.7172019481658936,1.7299100160598755,14790868
2023-08-05T00:00:00.000000Z,1.7299000024795532,1.7299000024795532,1.6078929901123047,1.6180369853973389,32984617
2023-08-06T00:00:00.000000Z,1.6181190013885498,1.6733909845352173,1.6132980585098267,1.6253509521484375,22259556
2023-08-07T00:00:00.000000Z,1.6253550052642822,1.657101035118103,1.547355055809021,1.5931509733200073,29872105
2023-08-08T00:00:00.000000Z,1.5931030511856079,1.6457600593566895,1.5736210346221924,1.630005955696106,23104340
2023-08-09T00:00:00.000000Z,1.6300430297851562,1.7098590135574341,1.6294319629669189,1.6645029783248901,26036791
2023-08-10T00:00:00.000000Z,1.6640679836273193,1.730707049369812,1.6611969470977783,1.6862269639968872,33766092
2023-08-11T00:00:00.000000Z,1.6862620115280151,1.7156729698181152,1.6642559766769409,1.6781539916992188,16184686
2023-08-12T00:00:00.000000Z,1.6780469417572021,1.6980739831924438,1.6674849987030029,1.6725519895553589,10827049
2023-08-13T00:00:00.000000Z,1.6722429990768433,1.691897988319397,1.6450190544128418,1.6540249586105347,13446029
2023-08-14T00:00:00.000000Z,1.6539280414581299,1.7594640254974365,1.6438549757003784,1.7180759906768799,28369341
2023-08-15T00:00:00.000000Z,1.7180880308151245,1.736253023147583,1.6142569780349731,1.6251480579376221,25722599
2023-08-16T00:00:00.000000Z,1.6251239776611328,1.6278339624404907,1.5424360036849976,1.5692780017852783,30687781
2023-08-17T00:00:00.000000Z,1.5693299770355225,1.6049690246582031,1.3197979927062988,1.4417929649353027,44158047
2023-08-18T00:00:00.000000Z,1.4421889781951904,1.4620850086212158,1.4049550294876099,1.4213199615478516,27916625
2023-08-19T00:00:00.000000Z,1.421720027923584,1.4439990520477295,1.4030280113220215,1.4184459447860718,19309401
2023-08-20T00:00:00.000000Z,1.4184989929199219,1.4463069438934326,1.411687970161438,1.4317560195922852,14054321
2023-08-21T00:00:00.000000Z,1.4315849542617798,1.4415129423141479,1.3438210487365723,1.3871170282363892,21590167
2023-08-22T00:00:00.000000Z,1.3873510360717773,1.4111850261688232,1.3451850414276123,1.3873369693756104,21079836
2023-08-23T00:00:00.000000Z,1.3874599933624268,1.4767899513244629,1.3609139919281006,1.4524860382080078,31173715
2023-08-24T00:00:00.000000Z,1.4542280435562134,1.5429600477218628,1.4412109851837158,1.4631220102310181,46973205
2023-08-25T00:00:00.000000Z,1.4631949663162231,1.4861700534820557,1.4286500215530396,1.4739619493484497,25652189
2023-08-26T00:00:00.000000Z,1.474120020866394,1.4974340200424194,1.4197299480438232,1.4233789443969727,14345684
2023-08-27T00:00:00.000000Z,1.4232699871063232,1.4298510551452637,1.3993120193481445,1.4131790399551392,12812016
2023-08-28T00:00:00.000000Z,1.4131759405136108,1.4179699420928955,1.3751850128173828,1.4015690088272095,15553964
2023-08-29T00:00:00.000000Z,1.4017289876937866,1.4922460317611694,1.3640240430831909,1.4782439470291138,28877230
2023-08-30T00:00:00.000000Z,1.4783279895782471,1.4916280508041382,1.425853967666626,1.4471570253372192,20788606
2023-08-31T00:00:00.000000Z,1.4470670223236084,1.4510489702224731,1.3511070013046265,1.3727790117263794,22054407
2023-09-01T00:00:00.000000Z,1.3721410036087036,1.3805409669876099,1.301563024520874,1.3407659530639648,19173430
2023-09-02T00:00:00.000000Z,1.3406829833984375,1.3439619541168213,1.3150700330734253,1.3386939764022827,11204296
2023-09-03T00:00:00.000000Z,1.3388079404830933,1.3613400459289551,1.331989049911499,1.3588420152664185,11884459
2023-09-04T00:00:00.000000Z,1.3588340282440186,1.3954670429229736,1.3355280160903931,1.3514809608459473,15007818
2023-09-05T00:00:00.000000Z,1.351714015007019,1.367563009262085,1.3358869552612305,1.3599029779434204,11484190
2023-09-06T00:00:00.000000Z,1.359948992729187,1.3979200124740601,1.3535209894180298,1.397568941116333,13631083
2023-09-07T00:00:00.000000Z,1.39764404296875,1.4821449518203735,1.3894660472869873,1.4821449518203735,36808302
2023-09-08T00:00:00.000000Z,1.4821779727935791,1.5083659887313843,1.4325350522994995,1.455778956413269,23133000
2023-09-09T00:00:00.000000Z,1.4559270143508911,1.4970099925994873,1.4426350593566895,1.4970099925994873,12684866
2023-09-10T00:00:00.000000Z,1.4971389770507812,1.5220479965209961,1.4471379518508911,1.4791009426116943,25794208
2023-09-11T00:00:00.000000Z,1.4790760278701782,1.5187250375747681,1.3909670114517212,1.4535930156707764,31292472
2023-09-12T00:00:00.000000Z,1.4532109498977661,1.5734020471572876,1.4523669481277466,1.5026309490203857,42762553
2023-09-13T00:00:00.000000Z,1.5026390552520752,1.5466209650039673,1.4653170108795166,1.5239230394363403,25587278
2023-09-14T00:00:00.000000Z,1.5236519575119019,1.5647419691085815,1.5062680244445801,1.5341130495071411,20192069
2023-09-15T00:00:00.000000Z,1.5341789722442627,1.6109110116958618,1.5164560079574585,1.6053359508514404,23387422
2023-09-16T00:00:00.000000Z,1.6056070327758789,1.6268769502639771,1.5774580240249634,1.6177610158920288,18650713
2023-09-17T00:00:00.000000Z,1.6176630258560181,1.6176630258560181,1.5498989820480347,1.5672049522399902,16344108
2023-09-18T00:00:00.000000Z,1.5687589645385742,1.6334259510040283,1.5404800176620483,1.5699640512466431,28979293
2023-09-19T00:00:00.000000Z,1.5701409578323364,1.6258540153503418,1.5617450475692749,1.6033049821853638,21356878
2023-09-20T00:00:00.000000Z,1.6033220291137695,1.6253349781036377,1.5816789865493774,1.6240700483322144,18320934
2023-09-21T00:00:00.000000Z,1.6240290403366089,1.6591930389404297,1.5954010486602783,1.6011569499969482,31421684
2023-09-22T00:00:00.000000Z,1.6011420488357544,1.649528980255127,1.5763599872589111,1.6034220457077026,30553358
2023-09-23T00:00:00.000000Z,1.6034059524536133,1.6118329763412476,1.5470019578933716,1.5697640180587769,14876262
2023-09-24T00:00:00.000000Z,1.5698330402374268,1.5732690095901489,1.540518045425415,1.5513240098953247,12472077
2023-09-25T00:00:00.000000Z,1.5513440370559692,1.5646369457244873,1.4850929975509644,1.4882080554962158,21454748
2023-09-26T00:00:00.000000Z,1.4881269931793213,1.5125980377197266,1.4673370122909546,1.4876459836959839,16820071
2023-09-27T00:00:00.000000Z,1.4875080585479736,1.5128439664840698,1.469480037689209,1.4824539422988892,16130774
2023-09-28T00:00:00.000000Z,1.4822920560836792,1.5475879907608032,1.4822920560836792,1.5211739540100098,17146017
2023-09-29T00:00:00.000000Z,1.52128005027771,1.5499939918518066,1.5125060081481934,1.5392659902572632,12842757
2023-09-30T00:00:00.000000Z,1.539126992225647,1.5500080585479736,1.5202120542526245,1.5352139472961426,11362100
2023-10-01T00:00:00.000000Z,1.5352959632873535,1.7152409553527832,1.5340750217437744,1.692842960357666,29184379
2023-10-02T00:00:00.000000Z,1.6927709579467773,1.7968159914016724,1.6827969551086426,1.6947970390319824,50556557
2023-10-03T00:00:00.000000Z,1.6946549415588379,1.7818449735641479,1.6588089466094971,1.667212963104248,33314190
2023-10-04T00:00:00.000000Z,1.6671769618988037,1.7414870262145996,1.624642014503479,1.7253700494766235,28076314
2023-10-05T00:00:00.000000Z,1.7250759601593018,1.755452036857605,1.6713429689407349,1.7282650470733643,31623238
2023-10-06T00:00:00.000000Z,1.728335976600647,1.8415969610214233,1.7211689949035645,1.8252110481262207,38313715
2023-10-07T00:00:00.000000Z,1.8251529932022095,1.8892530202865601,1.7978349924087524,1.8331179618835449,43021510
2023-10-08T00:00:00.000000Z,1.8332849740982056,1.8575509786605835,1.8145430088043213,1.8336629867553711,27031729
2023-10-09T00:00:00.000000Z,1.8334660530090332,1.8460489511489868,1.7364959716796875,1.7622230052947998,42218438
2023-10-10T00:00:00.000000Z,1.7621209621429443,1.8151780366897583,1.7069989442825317,1.7948379516601562,33126932
2023-10-11T00:00:00.000000Z,1.7949069738388062,1.844264030456543,1.7503010034561157,1.7939749956130981,45134642
2023-10-12T00:00:00.000000Z,1.7939499616622925,1.8042730093002319,1.7157919406890869,1.722836971282959,33835465
2023-10-13T00:00:00.000000Z,1.7227610349655151,1.7748199701309204,1.7141809463500977,1.7477929592132568,28049136
2023-10-14T00:00:00.000000Z,1.748028039932251,1.7643539905548096,1.7220350503921509,1.7381500005722046,16056020
2023-10-15T00:00:00.000000Z,1.7382199764251709,1.7597179412841797,1.7123810052871704,1.7300310134887695,17261426
2023-10-16T00:00:00.000000Z,1.7300349473953247,1.9748859405517578,1.7253110408782959,1.838636040687561,77630294
2023-10-17T00:00:00.000000Z,1.8383970260620117,1.9120850563049316,1.8337110280990601,1.8705990314483643,41671647
2023-10-18T00:00:00.000000Z,1.8705589771270752,1.9492089748382568,1.8691730499267578,1.929656982421875,38174462
2023-10-19T00:00:00.000000Z,1.9296979904174805,1.9716700315475464,1.8992530107498169,1.9267810583114624,37735082
2023-10-20T00:00:00.000000Z,1.9270520210266113,1.9938290119171143,1.924839973449707,1.9601819515228271,32508018
2023-10-21T00:00:00.000000Z,1.9601509571075439,2.0249500274658203,1.9436370134353638,1.9792710542678833,35611290
2023-10-22T00:00:00.000000Z,1.9793549776077271,2.0424048900604248,1.9287350177764893,1.9596129655838013,32179379
2023-10-23T00:00:00.000000Z,1.9712810516357422,2.1387279033660889,1.9633840322494507,2.0877621173858643,60988796
2023-10-24T00:00:00.000000Z,2.0875239372253418,2.1845879554748535,2.0333199501037598,2.0393900871276855,66182144
2023-10-25T00:00:00.000000Z,2.0391950607299805,2.1234889030456543,2.0123369693756104,2.074044942855835,54670486
2023-10-26T00:00:00.000000Z,2.074462890625,2.1891500949859619,2.0741798877716064,2.1550960540771484,58519811
2023-10-27T00:00:00.000000Z,2.1547811031341553,2.2686069011688232,2.1117630004882812,2.2655339241027832,66110151
2023-10-28T00:00:00.000000Z,2.2651979923248291,2.4588909149169922,2.2565910816192627,2.3986880779266357,84173023
2023-10-29T00:00:00.000000Z,2.398547887802124,2.6422948837280273,2.3849349021911621,2.5520179271697998,93136309
2023-10-30T00:00:00.000000Z,2.551814079284668,2.6757709980010986,2.4410669803619385,2.4884979724884033,92152174
2023-10-31T00:00:00.000000Z,2.4885408878326416,2.5574080944061279,2.3042130470275879,2.3875300884246826,99386492
2023-11-01T00:00:00.000000Z,2.3870530128479004,2.4581360816955566,2.2629001140594482,2.4100608825683594,90702280
2023-11-02T00:00:00.000000Z,2.4111549854278564,2.5442039966583252,2.2296919822692871,2.2427909374237061,78434826
2023-11-03T00:00:00.000000Z,2.2429389953613281,2.3011729717254639,2.1404330730438232,2.2771749496459961,63330512
2023-11-04T00:00:00.000000Z,2.2775900363922119,2.3719348907470703,2.2392261028289795,2.3292040824890137,42120871
2023-11-05T00:00:00.000000Z,2.3289070129394531,2.4159030914306641,2.3104679584503174,2.3728768825531006,53702532
2023-11-06T00:00:00.000000Z,2.3729429244995117,2.4911599159240723,2.3595080375671387,2.4649488925933838,74370532
2023-11-07T00:00:00.000000Z,2.4647929668426514,2.4993960857391357,2.2591331005096436,2.3391079902648926,64486767
2023-11-08T00:00:00.000000Z,2.338871955871582,2.4273290634155273,2.3071930408477783,2.3351180553436279,48939029
2023-11-09T00:00:00.000000Z,2.3348109722137451,2.4736819267272949,2.1363940238952637,2.2839128971099854,118862269
2023-11-10T00:00:00.000000Z,2.2838680744171143,2.4243431091308594,2.2100789546966553,2.4243431091308594,70624875
2023-11-11T00:00:00.000000Z,2.4260640144348145,2.596052885055542,2.3091959953308105,2.4977080821990967,114767930
2023-11-12T00:00:00.000000Z,2.4989058971405029,2.5398740768432617,2.3697359561920166,2.4099678993225098,75831317
2023-11-13T00:00:00.000000Z,2.4102239608764648,2.5216391086578369,2.305898904800415,2.3110630512237549,93131900
2023-11-14T00:00:00.000000Z,2.3100569248199463,2.3100569248199463,2.1418960094451904,2.2512989044189453,80082267
2023-11-15T00:00:00.000000Z,2.2516169548034668,2.8552210330963135,2.2208609580993652,2.8336930274963379,256908151
2023-11-16T00:00:00.000000Z,2.8355450630187988,3.3258519172668457,2.814939022064209,3.0147891044616699,411205835
2023-11-17T00:00:00.000000Z,3.0144789218902588,3.1495320796966553,2.7791430950164795,3.0431571006774902,186024779
2023-11-18T00:00:00.000000Z,3.0441479682922363,3.4861729145050049,2.8806650638580322,3.3872199058532715,275328418
2023-11-19T00:00:00.000000Z,3.3875439167022705,3.6244680881500244,3.3006200790405273,3.3705348968505859,168425323
2023-11-20T00:00:00.000000Z,3.3705179691314697,3.7058069705963135,3.2542839050292969,3.4074709415435791,183973424
2023-11-21T00:00:00.000000Z,3.4078330993652344,3.5352621078491211,3.07977294921875,3.0890700817108154,194324683
2023-11-22T00:00:00.000000Z,3.0878820419311523,3.4529249668121338,3.0501461029052734,3.3513400554656982,140459803
2023-11-23T00:00:00.000000Z,3.3510730266571045,3.4473650455474854,3.204679012298584,3.2161068916320801,75601555
2023-11-24T00:00:00.000000Z,3.2171430587768555,3.5545599460601807,3.2171430587768555,3.3866190910339355,113950376
2023-11-25T00:00:00.000000Z,3.3868279457092285,3.5492510795593262,3.367063045501709,3.4629440307617188,69538250
2023-11-26T00:00:00.000000Z,3.4631218910217285,3.4700770378112793,3.2448630332946777,3.316093921661377,67324676
2023-11-27T00:00:00.000000Z,3.3148729801177979,3.3358099460601807,3.1028530597686768,3.1688508987426758,75562068
2023-11-28T00:00:00.000000Z,3.1684188842773438,3.3514029979705811,3.0807259082794189,3.3067460060119629,93738532
2023-11-29T00:00:00.000000Z,3.3072841167449951,3.3783440589904785,3.1915240287780762,3.2394030094146729,73990405
2023-11-30T00:00:00.000000Z,3.239326000213623,3.4916470050811768,3.2189230918884277,3.4314620494842529,104916914
2023-12-01T00:00:00.000000Z,3.4316198825836182,3.6185660362243652,3.4199960231781006,3.5511050224304199,79895611
2023-12-02T00:00:00.000000Z,3.551332950592041,3.6401240825653076,3.4851460456848145,3.6380949020385742,71548594
2023-12-03T00:00:00.000000Z,3.6382889747619629,3.9288671016693115,3.5570418834686279,3.8678948879241943,117079955
2023-12-04T00:00:00.000000Z,3.869020938873291,4.0028171539306641,3.6473939418792725,3.7329909801483154,202970160
2023-12-05T00:00:00.000000Z,3.7332119941711426,3.7453739643096924,3.5049800872802734,3.6776580810546875,111237163
2023-12-06T00:00:00.000000Z,3.6786720752716064,3.8997809886932373,3.6267390251159668,3.6375560760498047,150215608
2023-12-07T00:00:00.000000Z,3.6395630836486816,3.7525589466094971,3.5559940338134766,3.642949104309082,98486319
2023-12-08T00:00:00.000000Z,3.6431970596313477,4.066411018371582,3.6043369770050049,3.8682279586791992,137967679
2023-12-09T00:00:00.000000Z,3.8671638965606689,3.9298660755157471,3.6791400909423828,3.716123104095459,107858496
2023-12-10T00:00:00.000000Z,3.7195730209350586,3.8471119403839111,3.700747013092041,3.7913908958435059,80247174
2023-12-11T00:00:00.000000Z,3.7918720245361328,3.9377100467681885,3.4673540592193604,3.9221599102020264,193611841
2023-12-12T00:00:00.000000Z,3.9219400882720947,4.2242889404296875,3.9172060489654541,4.1741428375244141,239028257
2023-12-13T00:00:00.000000Z,4.172152042388916,4.3249359130859375,3.8879868984222412,4.1411561965942383,197913785
2023-12-14T00:00:00.000000Z,4.1412591934204102,4.8768868446350098,4.1394100189208984,4.5973701477050781,264604591
2023-12-15T00:00:00.000000Z,4.5972061157226562,4.7230410575866699,4.3523931503295898,4.3578782081604004,150602482
2023-12-16T00:00:00.000000Z,4.3578782081604004,4.8329148292541504,4.3578782081604004,4.4086079597473145,127685301
2023-12-17T00:00:00.000000Z,4.411952018737793,4.4253249168395996,4.1803469657897949,4.2083339691162109,93238572
2023-12-18T00:00:00.000000Z,4.2075810432434082,4.4437580108642578,3.9458990097045898,4.4147281646728516,135429809
2023-12-19T00:00:00.000000Z,4.415499210357666,4.5270318984985352,4.1755118370056152,4.1979632377624512,114414565
2023-12-20T00:00:00.000000Z,4.1975312232971191,4.5981359481811523,4.1473240852355957,4.4708938598632812,125487499
2023-12-21T00:00:00.000000Z,4.4746417999267578,4.5478382110595703,4.2344160079956055,4.3012919425964355,117152806
2023-12-22T00:00:00.000000Z,4.3019700050354004,4.5355820655822754,4.2835531234741211,4.477017879486084,122659705
2023-12-23T00:00:00.000000Z,4.4770097732543945,4.9706621170043945,4.2999539375305176,4.7886028289794922,178905266
2023-12-24T00:00:00.000000Z,4.7891941070556641,4.8457307815551758,4.5452570915222168,4.612152099609375,127085382
2023-12-25T00:00:00.000000Z,4.6124639511108398,4.7607412338256836,4.5492968559265137,4.6298189163208008,87792419
2023-12-26T00:00:00.000000Z,4.6295881271362305,5.2627720832824707,4.5875630378723145,5.1909627914428711,289229351
2023-12-27T00:00:00.000000Z,5.1901440620422363,5.2578639984130859,4.876093864440918,4.9897580146789551,176252485
2023-12-28T00:00:00.000000Z,4.990203857421875,5.0098528861999512,4.5254068374633789,4.56756591796875,141649006
2023-12-29T00:00:00.000000Z,4.5665230751037598,4.78662109375,4.4606490135192871,4.6060619354248047,124545264
2023-12-30T00:00:00.000000Z,4.6063871383666992,4.7481341361999512,4.4894561767578125,4.5582270622253418,69930231
2023-12-31T00:00:00.000000Z,4.5556459426879883,4.6598677635192871,4.4410400390625,4.4639019966125488,70664121
2024-01-01T00:00:00.000000Z,4.4681391716003418,4.8162059783935547,4.4352331161499023,4.7459759712219238,83983399
2024-01-02T00:00:00.000000Z,4.7462787628173828,5.0694370269775391,4.6510190963745117,4.6598119735717773,114712789
2024-01-03T00:00:00.000000Z,4.6597151756286621,4.7755560874938965,4.0088229179382324,4.4185628890991211,163657735
2024-01-04T00:00:00.000000Z,4.4188442230224609,4.6385059356689453,4.3435931205749512,4.4015359878540039,99348548
2024-01-05T00:00:00.000000Z,4.3996801376342773,4.4141740798950195,3.9003329277038574,3.9934079647064209,140514793
2024-01-06T00:00:00.000000Z,3.9958090782165527,4.0074610710144043,3.7091729640960693,3.8063371181488037,82471075
2024-01-07T00:00:00.000000Z,3.8065650463104248,3.8759210109710693,3.5907590389251709,3.62369704246521,68729823
2024-01-08T00:00:00.000000Z,3.6261799335479736,4.1246299743652344,3.4026939868927002,4.0551748275756836,178933923
2024-01-09T00:00:00.000000Z,4.0564870834350586,4.1753730773925781,3.74881911277771,3.8693840503692627,134948534
2024-01-10T00:00:00.000000Z,3.8689019680023193,4.350487232208252,3.6694400310516357,4.2253198623657227,142764337
2024-01-11T00:00:00.000000Z,4.2269091606140137,4.3951458930969238,4.0348529815673828,4.0771770477294922,131051061
2024-01-12T00:00:00.000000Z,4.0752110481262207,4.0808358192443848,3.7161769866943359,3.8241150379180908,115215951
2024-01-13T00:00:00.000000Z,3.8241150379180908,3.9246630668640137,3.7105059623718262,3.8879830837249756,48781108
2024-01-14T00:00:00.000000Z,3.8880488872528076,3.9335811138153076,3.7682011127471924,3.7682011127471924,53831939
2024-01-15T00:00:00.000000Z,3.7679030895233154,3.8936269283294678,3.7276310920715332,3.7658851146697998,49722245
2024-01-16T00:00:00.000000Z,3.7644829750061035,4.0768218040466309,3.723114013671875,3.9678719043731689,84277732
2024-01-17T00:00:00.000000Z,3.967681884765625,4.3542699813842773,3.967681884765625,4.1899027824401855,164488323
2024-01-18T00:00:00.000000Z,4.1895279884338379,4.358950138092041,3.9515230655670166,4.3034501075744629,147070657
2024-01-19T00:00:00.000000Z,4.304110050201416,4.3257880210876465,3.8245120048522949,4.1224517822265625,167487939
2024-01-20T00:00:00.000000Z,4.1218438148498535,4.1484718322753906,3.9190590381622314,4.000330924987793,58854043
2024-01-21T00:00:00.000000Z,4.0005397796630859,4.0601611137390137,3.9348239898681641,3.9801130294799805,44711668
2024-01-22T00:00:00.000000Z,3.9801900386810303,3.9939839839935303,3.7330179214477539,3.7422330379486084,68886493
2024-01-23T00:00:00.000000Z,3.7422330379486084,3.8958039283752441,3.5222909450531006,3.739016056060791,97163045
2024-01-24T00:00:00.000000Z,3.7400729656219482,3.8886768817901611,3.6498830318450928,3.8525209426879883,64703236
2024-01-25T00:00:00.000000Z,3.8525500297546387,3.9040839672088623,3.6680939197540283,3.7132329940795898,55014913
2024-01-26T00:00:00.000000Z,3.7128698825836182,4.0280399322509766,3.6621189117431641,3.919666051864624,69640408
2024-01-27T00:00:00.000000Z,3.9203300476074219,4.0958709716796875,3.886491060256958,4.0799918174743652,50488285
2024-01-28T00:00:00.000000Z,4.0804109573364258,4.2606887817382812,3.9443700313568115,3.9741630554199219,88297676
2024-01-29T00:00:00.000000Z,3.9741110801696777,4.3576860427856445,3.945173978805542,4.2852587699890137,96666565
2024-01-30T00:00:00.000000Z,4.2852587699890137,4.8251252174377441,4.2538590431213379,4.604896068572998,209460572
2024-01-31T00:00:00.000000Z,4.6063179969787598,4.7168879508972168,4.2925000190734863,4.3270969390869141,158204541
2024-02-01T00:00:00.000000Z,4.3270168304443359,4.821134090423584,4.2695422172546387,4.6021947860717773,163382392
2024-02-02T00:00:00.000000Z,4.6021089553833008,4.7671117782592773,4.5344161987304688,4.5866789817810059,102725985
2024-02-03T00:00:00.000000Z,4.586266040802002,5.0129489898681641,4.5837922096252441,4.7175388336181641,132562565
2024-02-04T00:00:00.000000Z,4.7184281349182129,4.9918198585510254,4.6409168243408203,4.6488351821899414,127664201
2024-02-05T00:00:00.000000Z,4.645449161529541,4.6564512252807617,4.3112502098083496,4.3955979347229004,136712656
2024-02-06T00:00:00.000000Z,4.396461009979248,4.4885458946228027,4.2680730819702148,4.2680730819702148,73888682
2024-02-07T00:00:00.000000Z,4.2676548957824707,4.5856890678405762,4.2616472244262695,4.4647159576416016,69299059
2024-02-08T00:00:00.000000Z,4.4650368690490723,4.5702857971191406,4.400144100189209,4.4330601692199707,63733920
2024-02-09T00:00:00.000000Z,4.4335331916809082,4.7347922325134277,4.4335331916809082,4.7053670883178711,92222835
2024-02-10T00:00:00.000000Z,4.7056307792663574,4.8054690361022949,4.5964927673339844,4.6585941314697266,76918219
2024-02-11T00:00:00.000000Z,4.6584582328796387,4.7899060249328613,4.5884690284729004,4.6265950202941895,56617991
2024-02-12T00:00:00.000000Z,4.624359130859375,4.8024258613586426,4.4505710601806641,4.8024258613586426,78237662
2024-02-13T00:00:00.000000Z,4.8024311065673828,5.1311101913452148,4.7399678230285645,4.8980860710144043,191548631
2024-02-14T00:00:00.000000Z,4.898165225982666,5.100132942199707,4.8566431999206543,5.0065741539001465,132031854
2024-02-15T00:00:00.000000Z,5.0070490837097168,5.3467302322387695,4.8119010925292969,5.3090882301330566,202837922
2024-02-16T00:00:00.000000Z,5.3062901496887207,5.6776599884033203,5.204442024230957,5.2931628227233887,272152948
2024-02-17T00:00:00.000000Z,5.2930102348327637,5.7356839179992676,5.0722651481628418,5.6780300140380859,189147506
2024-02-18T00:00:00.000000Z,5.676328182220459,5.8861021995544434,5.5081348419189453,5.843574047088623,188726751
2024-02-19T00:00:00.000000Z,5.8479790687561035,6.4041872024536133,5.8479790687561035,6.3457112312316895,278673116
2024-02-20T00:00:00.000000Z,6.3460860252380371,6.498572826385498,5.8096799850463867,6.4864468574523926,244079652
2024-02-21T00:00:00.000000Z,6.4845027923583984,6.9883208274841309,5.9255309104919434,6.9157037734985352,335190827
2024-02-22T00:00:00.000000Z,6.9162530899047852,7.8188400268554688,6.7580809593200684,7.3836731910705566,484197929
2024-02-23T00:00:00.000000Z,7.3817710876464844,8.0690670013427734,7.1473078727722168,7.3540911674499512,432734837
2024-02-24T00:00:00.000000Z,7.3556399345397949,7.5655522346496582,6.8901982307434082,7.219275951385498,265490470
2024-02-25T00:00:00.000000Z,7.2196111679077148,7.7269201278686523,7.1377968788146973,7.2088098526000977,230342743
2024-02-26T00:00:00.000000Z,7.2070198059082031,7.6686840057373047,7.0657238960266113,7.5958142280578613,242215929
2024-02-27T00:00:00.000000Z,7.5962071418762207,7.6369600296020508,7.1097030639648438,7.1973199844360352,204158404
2024-02-28T00:00:00.000000Z,7.1963610649108887,8.0678920745849609,7.010441780090332,8.0041933059692383,454906013
2024-02-29T00:00:00.000000Z,8.0112056732177734,8.2561893463134766,7.2752008438110352,7.5083150863647461,316474029
2024-03-01T00:00:00.000000Z,7.5071830749511719,8.2184076309204102,7.4269309043884277,7.8762540817260742,353171041
2024-03-02T00:00:00.000000Z,7.8750958442687988,7.9671730995178223,7.5275750160217285,7.6506681442260742,202862153
2024-03-03T00:00:00.000000Z,7.6499018669128418,8.0546016693115234,7.4439167976379395,7.5609478950500488,251874778
2024-03-04T00:00:00.000000Z,7.5604491233825684,7.666344165802002,7.1778969764709473,7.3754220008850098,248600328
2024-03-05T00:00:00.000000Z,7.3746471405029297,7.4489660263061523,5.9105958938598633,6.898859977722168,383665684
2024-03-06T00:00:00.000000Z,6.8989191055297852,9.7550086975097656,6.5952258110046387,9.3102483749389648,871568692
2024-03-07T00:00:00.000000Z,9.309199333190918,10.765129089355469,9.2571840286254883,10.020926475524902,826246691
2024-03-08T00:00:00.000000Z,10.019445419311523,11.000017166137695,9.5092201232910156,10.473992347717285,611413951
2024-03-09T00:00:00.000000Z,10.473992347717285,12.728541374206543,10.320406913757324,12.337565422058105,808965371
2024-03-10T00:00:00.000000Z,12.338227272033691,12.529547691345215,11.190765380859375,11.361845970153809,462968182
2024-03-11T00:00:00.000000Z,11.361735343933105,12.666677474975586,10.979132652282715,11.476539611816406,608135802
2024-03-12T00:00:00.000000Z,11.476539611816406,11.715071678161621,10.817557334899902,11.399665832519531,470391092
2024-03-13T00:00:00.000000Z,11.399665832519531,11.752714157104492,11.040148735046387,11.355114936828613,329951082
2024-03-14T00:00:00.000000Z,11.355114936828613,11.909297943115234,10.727634429931641,11.8729248046875,460905993
2024-03-15T00:00:00.000000Z,11.872900009155273,11.951153755187988,10.07392692565918,11.06905460357666,553318361
2024-03-16T00:00:00.000000Z,11.06905460357666,11.866442680358887,9.9559698104858398,10.300930976867676,486536158
2024-03-17T00:00:00.000000Z,10.300930976867676,13.596116065979004,10.209321022033691,13.149740219116211,1080505015
2024-03-18T00:00:00.000000Z,13.149740219116211,13.466601371765137,11.645359992980957,11.747814178466797,766112102
2024-03-19T00:00:00.000000Z,11.747814178466797,11.818071365356445,10.356040954589844,10.66127872467041,691429545
2024-03-20T00:00:00.000000Z,10.66127872467041,12.255814552307129,10.456669807434082,11.698086738586426,685510777
2024-03-21T00:00:00.000000Z,11.698086738586426,11.698192596435547,10.673534393310547,10.759538650512695,420315223
2024-03-22T00:00:00.000000Z,10.759581565856934,11.352092742919922,10.370468139648438,10.663119316101074,341449206
2024-03-23T00:00:00.000000Z,10.663119316101074,11.026235580444336,10.46926212310791,10.670997619628906,184059348
2024-03-24T00:00:00.000000Z,10.670997619628906,11.084357261657715,10.457386016845703,10.91132640838623,160707830
2024-03-25T00:00:00.000000Z,10.91132640838623,11.367672920227051,10.80388069152832,11.028297424316406,270940979
2024-03-26T00:00:00.000000Z,11.028297424316406,11.731804847717285,10.858838081359863,11.109232902526855,292274984
2024-03-27T00:00:00.000000Z,11.109232902526855,11.98731517791748,10.645288467407227,11.261822700500488,458134171
2024-03-28T00:00:00.000000Z,11.261842727661133,11.719057083129883,10.911584854125977,11.161237716674805,284534140
2024-03-29T00:00:00.000000Z,11.161237716674805,11.212053298950195,10.842123985290527,10.959593772888184,196593046
2024-03-30T00:00:00.000000Z,10.959588050842285,11.046224594116211,10.688214302062988,10.698881149291992,164257449
2024-03-31T00:00:00.000000Z,10.698881149291992,10.902426719665527,10.440876007080078,10.658357620239258,179246231
2024-04-01T00:00:00.000000Z,10.658348083496094,10.677290916442871,9.7009143829345703,10.068490028381348,246422264
2024-04-02T00:00:00.000000Z,10.068455696105957,10.076625823974609,9.0893592834472656,9.4362001419067383,269042875
2024-04-03T00:00:00.000000Z,9.4362001419067383,9.8849754333496094,9.1501016616821289,9.3764553070068359,217264433
2024-04-04T00:00:00.000000Z,9.3763742446899414,9.8933219909667969,9.2353477478027344,9.6110305786132812,177959835
2024-04-05T00:00:00.000000Z,9.6107006072998047,9.6349096298217773,8.7846794128417969,9.2360334396362305,174952478
2024-04-06T00:00:00.000000Z,9.2360334396362305,9.6876983642578125,9.168787956237793,9.5453968048095703,111846810
2024-04-07T00:00:00.000000Z,9.5453968048095703,9.8577709197998047,9.5133438110351562,9.7640790939331055,106610093
2024-04-08T00:00:00.000000Z,9.7640790939331055,10.390957832336426,9.5069599151611328,10.312536239624023,156468860
2024-04-09T00:00:00.000000Z,10.312536239624023,10.526778221130371,9.3233318328857422,9.4128637313842773,175046746
2024-04-10T00:00:00.000000Z,9.4128999710083008,9.4570169448852539,8.8319206237792969,9.2242441177368164,143975580
2024-04-11T00:00:00.000000Z,9.2242441177368164,9.4224271774291992,8.8083438873291016,9.0418901443481445,143897842
2024-04-12T00:00:00.000000Z,9.0418901443481445,9.2282810211181641,6.8308200836181641,8.2129592895507812,367549535
2024-04-13T00:00:00.000000Z,8.2120428085327148,8.3524255752563477,6.3764128684997559,7.4877300262451172,441539723
2024-04-14T00:00:00.000000Z,7.4877300262451172,9.0006570816040039,7.1646270751953125,8.9549083709716797,417391215
2024-04-15T00:00:00.000000Z,8.9562349319458008,9.4708156585693359,8.0447731018066406,8.2906904220581055,440344656
2024-04-16T00:00:00.000000Z,8.2904329299926758,8.5766410827636719,7.7665882110595703,8.2705516815185547,304846439
2024-04-17T00:00:00.000000Z,8.2705354690551758,8.3122596740722656,7.4676342010498047,7.6584348678588867,268607001
2024-04-18T00:00:00.000000Z,7.6584482192993164,8.0852069854736328,7.4699091911315918,7.9019007682800293,168456615
2024-04-19T00:00:00.000000Z,7.9019007682800293,8.276824951171875,7.1631579399108887,7.9196710586547852,263237708
2024-04-20T00:00:00.000000Z,7.9196290969848633,9.0613279342651367,7.7989559173583984,8.9684658050537109,161139633
2024-04-21T00:00:00.000000Z,8.9684658050537109,9.2605886459350586,8.7141828536987305,9.0934982299804688,164117321
2024-04-22T00:00:00.000000Z,9.0933780670166016,9.4554262161254883,8.9669399261474609,9.270233154296875,198400720
2024-04-23T00:00:00.000000Z,9.270233154296875,9.7133293151855469,8.8950490951538086,8.9955148696899414,209210004
2024-04-24T00:00:00.000000Z,8.9955148696899414,9.3403491973876953,8.3529424667358398,8.4762287139892578,203586511
2024-04-25T00:00:00.000000Z,8.4764060974121094,8.8532114028930664,8.2480459213256836,8.6249818801879883,152902407
2024-04-26T00:00:00.000000Z,8.6249818801879883,8.6851263046264648,8.0723867416381836,8.1269826889038086,133079560
2024-04-27T00:00:00.000000Z,8.1269826889038086,8.2157392501831055,7.758063793182373,8.0721864700317383,186894679
2024-04-28T00:00:00.000000Z,8.0721864700317383,8.3964977264404297,7.8865132331848145,7.9559268951416016,162531624
2024-04-29T00:00:00.000000Z,7.9559268951416016,8.0794477462768555,7.5998468399047852,7.8848118782043457,120468213
2024-04-30T00:00:00.000000Z,7.884850025177002,7.9903240203857422,7.0173211097717285,7.351409912109375,161794483
2024-05-01T00:00:00.000000Z,7.3513917922973633,7.8262319564819336,6.9001522064208984,7.658843994140625,225058597
2024-05-02T00:00:00.000000Z,7.658843994140625,7.9382228851318359,7.3182578086853027,7.8315777778625488,144265262
2024-05-03T00:00:00.000000Z,7.8315777778625488,8.3851537704467773,7.6428141593933105,8.242426872253418,146739872
2024-05-04T00:00:00.000000Z,8.2423925399780273,9.0828094482421875,8.2417125701904297,8.948328971862793,244358512
2024-05-05T00:00:00.000000Z,8.9483261108398438,9.992548942565918,8.7879877090454102,9.872990608215332,350060919
2024-05-06T00:00:00.000000Z,9.8729839324951172,10.142888069152832,9.5970945358276367,9.9462642669677734,371432436
2024-05-07T00:00:00.000000Z,9.9462642669677734,10.840872764587402,9.9459562301635742,10.326770782470703,491634696
2024-05-08T00:00:00.000000Z,10.326804161071777,10.541699409484863,9.4375715255737305,9.8792638778686523,403158062
2024-05-09T00:00:00.000000Z,9.8792638778686523,11.314362525939941,9.8749828338623047,10.836725234985352,594461901
2024-05-10T00:00:00.000000Z,10.836725234985352,11.569718360900879,10.768158912658691,10.967300415039062,516224852
2024-05-11T00:00:00.000000Z,10.967300415039062,11.26240062713623,10.639290809631348,10.945088386535645,250215492
2024-05-12T00:00:00.000000Z,10.945077896118164,11.088647842407227,10.779647827148438,10.81902027130127,172172729
2024-05-13T00:00:00.000000Z,10.81902027130127,11.463232040405273,10.29033088684082,11.245508193969727,450954870
2024-05-14T00:00:00.000000Z,11.245508193969727,11.379076957702637,9.8431329727172852,10.047891616821289,616693313
2024-05-15T00:00:00.000000Z,10.048002243041992,11.11573314666748,9.7986545562744141,10.630765914916992,668693607
2024-05-16T00:00:00.000000Z,10.63242244720459,10.77983283996582,9.860630989074707,10.051285743713379,411648378
2024-05-17T00:00:00.000000Z,10.051285743713379,10.367458343505859,9.9214649200439453,10.087978363037109,300857080
2024-05-18T00:00:00.000000Z,10.087978363037109,10.360360145568848,9.8325214385986328,10.344453811645508,208352417
2024-05-19T00:00:00.000000Z,10.344430923461914,10.634548187255859,10.032526969909668,10.052556991577148,312273592
2024-05-20T00:00:00.000000Z,10.052556991577148,10.895110130310059,9.8466548919677734,10.879841804504395,427036666
2024-05-21T00:00:00.000000Z,10.879709243774414,11.244264602661133,10.6329345703125,11.205838203430176,452994470
2024-05-22T00:00:00.000000Z,11.205838203430176,11.818341255187988,10.631734848022461,10.653103828430176,773333149
2024-05-23T00:00:00.000000Z,10.653103828430176,10.77149486541748,9.882227897644043,10.232274055480957,572017324
2024-05-24T00:00:00.000000Z,10.232274055480957,10.306855201721191,9.7916746139526367,10.113491058349609,234472482
2024-05-25T00:00:00.000000Z,10.113511085510254,10.436878204345703,10.043728828430176,10.085446357727051,165334251
2024-05-26T00:00:00.000000Z,10.085446357727051,10.167421340942383,9.8825082778930664,9.9798879623413086,142590966
2024-05-27T00:00:00.000000Z,9.9798879623413086,10.356912612915039,9.9752626419067383,10.149585723876953,214641443
2024-05-28T00:00:00.000000Z,10.149585723876953,10.243026733398438,9.8951711654663086,10.22331428527832,241204441
2024-05-29T00:00:00.000000Z,10.22331428527832,10.61205005645752,10.104708671569824,10.275286674499512,389602826
2024-05-30T00:00:00.000000Z,10.275291442871094,10.575771331787109,9.9979524612426758,10.022397041320801,289708324
2024-05-31T00:00:00.000000Z,10.022397041320801,10.260951995849609,9.8245229721069336,10.124439239501953,234438349
2024-06-01T00:00:00.000000Z,10.124439239501953,10.137264251708984,9.9758892059326172,10.040284156799316,87583365
2024-06-02T00:00:00.000000Z,10.040284156799316,10.094078063964844,9.7684249877929688,9.9248428344726562,126811900
2024-06-03T00:00:00.000000Z,9.9248428344726562,10.142473220825195,9.8199882507324219,10.006152153015137,159179654
2024-06-04T00:00:00.000000Z,10.006152153015137,10.429707527160645,9.9805421829223633,10.337048530578613,252674441
2024-06-05T00:00:00.000000Z,10.337048530578613,10.77001953125,10.312617301940918,10.703509330749512,213926358
2024-06-06T00:00:00.000000Z,10.703509330749512,10.874567985534668,10.337860107421875,10.380135536193848,184567193
2024-06-07T00:00:00.000000Z,10.380011558532715,10.468439102172852,8.5913505554199219,9.5798797607421875,348055424
2024-06-08T00:00:00.000000Z,9.5774745941162109,9.7098455429077148,9.02685546875,9.1444387435913086,195866208
2024-06-09T00:00:00.000000Z,9.1415395736694336,9.2418127059936523,8.9471397399902344,9.2044410705566406,114410108
2024-06-10T00:00:00.000000Z,9.2058849334716797,9.3237390518188477,8.6070346832275391,8.6375532150268555,255408650
2024-06-11T00:00:00.000000Z,8.6367864608764648,8.6538562774658203,8.0168037414550781,8.1962003707885742,208984082
2024-06-12T00:00:00.000000Z,8.1964988708496094,9.4562950134277344,8.0107107162475586,9.2659111022949219,319538946
2024-06-13T00:00:00.000000Z,9.2659511566162109,9.2794294357299805,8.2613649368286133,8.3117132186889648,195075666
2024-06-14T00:00:00.000000Z,8.3117647171020508,8.4389533996582031,7.6708779335021973,7.94940185546875,179268660
2024-06-15T00:00:00.000000Z,7.9473180770874023,8.1677751541137695,7.8988251686096191,7.9309391975402832,74845288
2024-06-16T00:00:00.000000Z,7.9320101737976074,8.4833841323852539,7.7598481178283691,8.3918523788452148,103240488
2024-06-17T00:00:00.000000Z,8.392359733581543,8.4676837921142578,7.4777889251708984,7.7177839279174805,223609208
2024-06-18T00:00:00.000000Z,7.7162961959838867,7.7238101959228516,6.7766590118408203,7.4120907783508301,308649344
2024-06-19T00:00:00.000000Z,7.4116530418395996,7.9471249580383301,7.3175902366638184,7.7208538055419922,211890204
2024-06-20T00:00:00.000000Z,7.7208538055419922,8.2617387771606445,7.5286178588867188,7.5533318519592285,233631641
2024-06-21T00:00:00.000000Z,7.5548148155212402,7.6515059471130371,7.3288049697875977,7.484611988067627,153397311
2024-06-22T00:00:00.000000Z,7.4870901107788086,7.657163143157959,7.3276968002319336,7.3496499061584473,99948845
2024-06-23T00:00:00.000000Z,7.3475742340087891,7.4677639007568359,6.9766860008239746,7.020747184753418,96416239
2024-06-24T00:00:00.000000Z,7.0200867652893066,7.5714421272277832,6.7612781524658203,7.535254955291748,238540443
2024-06-25T00:00:00.000000Z,7.5356888771057129,7.9121708869934082,7.4768180847167969,7.6652817726135254,153825250
2024-06-26T00:00:00.000000Z,7.6650419235229492,7.800015926361084,7.3807520866394043,7.4372892379760742,125916640
2024-06-27T00:00:00.000000Z,7.4370269775390625,7.888984203338623,7.2646489143371582,7.7213277816772461,139682257
2024-06-28T00:00:00.000000Z,7.7221589088439941,7.8327159881591797,7.3093838691711426,7.3577389717102051,114139131
2024-06-29T00:00:00.000000Z,7.3579912185668945,7.4516458511352539,7.1522297859191895,7.1522297859191895,55602150
2024-06-30T00:00:00.000000Z,7.1521129608154297,7.7409381866455078,7.082183837890625,7.6787848472595215,101402290
2024-07-01T00:00:00.000000Z,7.677833080291748,7.934657096862793,7.4690508842468262,7.5351829528808594,126444671
2024-07-02T00:00:00.000000Z,7.534060001373291,7.7663850784301758,7.4714689254760742,7.6431717872619629,104899235
2024-07-03T00:00:00.000000Z,7.6441597938537598,7.7112841606140137,6.9856672286987305,7.0483517646789551,143995940
2024-07-04T00:00:00.000000Z,7.0468478202819824,7.1771469116210938,6.5248298645019531,6.5604028701782227,224454517
2024-07-05T00:00:00.000000Z,6.5557827949523926,6.6647248268127441,5.7755899429321289,6.3725271224975586,337776104
2024-07-06T00:00:00.000000Z,6.3741707801818848,7.0459442138671875,6.3491511344909668,7.0051250457763672,146352985
2024-07-07T00:00:00.000000Z,7.0013370513916016,7.0013370513916016,6.3353829383850098,6.3559188842773438,126762785
2024-07-08T00:00:00.000000Z,6.3562750816345215,6.7828869819641113,6.0761871337890625,6.3605351448059082,190069813
2024-07-09T00:00:00.000000Z,6.3606300354003906,6.5180630683898926,6.2574667930603027,6.4631538391113281,134796004
2024-07-10T00:00:00.000000Z,6.4639058113098145,6.8946380615234375,6.3459181785583496,6.4988770484924316,143810512
2024-07-11T00:00:00.000000Z,6.4986448287963867,6.6513638496398926,5.9659261703491211,5.9941849708557129,174476032
2024-07-12T00:00:00.000000Z,5.9927911758422852,6.2194929122924805,5.6998810768127441,6.1157717704772949,167025646
2024-07-13T00:00:00.000000Z,6.1163468360900879,6.2365221977233887,5.9613041877746582,6.0220808982849121,83929080
2024-07-14T00:00:00.000000Z,6.0195889472961426,6.2586398124694824,6.009331226348877,6.1821408271789551,102131649
2024-07-15T00:00:00.000000Z,6.1846508979797363,6.7643208503723145,6.1425871849060059,6.7428450584411621,285250189
2024-07-16T00:00:00.000000Z,6.7387938499450684,6.8069682121276855,6.3079390525817871,6.6103849411010742,251840327
2024-07-17T00:00:00.000000Z,6.6045308113098145,7.0439977645874023,6.4394898414611816,6.7104310989379883,190139714
2024-07-18T00:00:00.000000Z,6.7072691917419434,6.9940581321716309,6.2718777656555176,6.4383378028869629,128713740
2024-07-19T00:00:00.000000Z,6.4388737678527832,6.7548379898071289,6.3439807891845703,6.6574068069458008,86873987
2024-07-20T00:00:00.000000Z,6.6573781967163086,7.0076031684875488,6.5632510185241699,7.0065817832946777,77253218
2024-07-21T00:00:00.000000Z,7.0065817832946777,7.2432098388671875,6.7722458839416504,7.1689600944519043,96426419
2024-07-22T00:00:00.000000Z,7.1689600944519043,7.1771879196166992,6.7293038368225098,6.7347230911254883,66460353
2024-07-23T00:00:00.000000Z,6.7347230911254883,6.8228597640991211,6.7347230911254883,6.7937088012695312,33396449
2024-07-24T00:00:00.000000Z,6.793485164642334,6.8161959648132324,6.781163215637207,6.7873167991638184,31806589
2024-07-25T00:00:00.000000Z,6.7873148918151855,6.7900838851928711,6.5442681312561035,6.6095800399780273,10613959
2024-07-26T00:00:00.000000Z,6.6095800399780273,6.9863529205322266,6.4999752044677734,6.7999868392944336,73169619
2024-07-27T00:00:00.000000Z,6.7999868392944336,6.8321127891540527,6.4641761779785156,6.519780158996582,60956193
2024-07-28T00:00:00.000000Z,6.519780158996582,6.5560507774353027,6.2710061073303223,6.3679251670837402,33487738
2024-07-29T00:00:00.000000Z,6.3679251670837402,6.6382989883422852,6.163276195526123,6.1675472259521484,46097714
2024-07-30T00:00:00.000000Z,6.1675472259521484,6.2868719100952148,5.9487228393554688,6.0210981369018555,35813274
2024-07-31T00:00:00.000000Z,6.0221171379089355,6.1686711311340332,5.7045960426330566,5.7485418319702148,46875265
2024-08-01T00:00:00.000000Z,5.7485418319702148,5.87982177734375,5.1190152168273926,5.607421875,86987987
2024-08-02T00:00:00.000000Z,5.607421875,5.6378970146179199,4.8542637825012207,4.93414306640625,60128970
2024-08-03T00:00:00.000000Z,4.93414306640625,5.3105449676513672,4.7659330368041992,4.9446568489074707,64126975
2024-08-04T00:00:00.000000Z,4.9446568489074707,5.0668129920959473,4.359464168548584,4.5300459861755371,60082943
2024-08-05T00:00:00.000000Z,4.5300459861755371,4.577765941619873,3.4550330638885498,4.1382431983947754,162537092
2024-08-06T00:00:00.000000Z,4.1383118629455566,4.8556489944458008,4.1330127716064453,4.6646671295166016,91393923
2024-08-07T00:00:00.000000Z,4.665381908416748,4.9686999320983887,4.3164629936218262,4.3706440925598145,77370507
2024-08-08T00:00:00.000000Z,4.3706860542297363,5.0706691741943359,4.2891430854797363,5.0402579307556152,89410907
2024-08-09T00:00:00.000000Z,5.0402579307556152,5.1193161010742188,4.8162541389465332,4.8634991645812988,59135088
2024-08-10T00:00:00.000000Z,4.8631658554077148,4.9488048553466797,4.755681037902832,4.8981499671936035,30668139
2024-08-11T00:00:00.000000Z,4.898158073425293,5.1086821556091309,4.4774818420410156,4.4859218597412109,46903014
2024-08-12T00:00:00.000000Z,4.4859218597412109,4.758613109588623,4.4433951377868652,4.711327075958252,44839212
2024-08-13T00:00:00.000000Z,4.711327075958252,4.8727178573608398,4.5367832183837891,4.8288679122924805,40786889
2024-08-14T00:00:00.000000Z,4.8288679122924805,4.9468789100646973,4.6547398567199707,4.7087078094482422,45337398
2024-08-15T00:00:00.000000Z,4.7087078094482422,4.7516369819641113,4.4823570251464844,4.5487451553344727,47702712
2024-08-16T00:00:00.000000Z,4.5487451553344727,4.6177730560302734,4.3184638023376465,4.5112490653991699,34399581
2024-08-17T00:00:00.000000Z,4.510962963104248,4.5580267906188965,4.4021058082580566,4.5128979682922363,24426666
2024-08-18T00:00:00.000000Z,4.5128979682922363,4.6245980262756348,4.4753608703613281,4.5101261138916016,29393555
2024-08-19T00:00:00.000000Z,4.5097451210021973,4.6071910858154297,4.323112964630127,4.6071910858154297,36942951
2024-08-20T00:00:00.000000Z,4.6069159507751465,4.689967155456543,4.3884220123291016,4.5173239707946777,42984765
2024-08-21T00:00:00.000000Z,4.4962658882141113,4.8498678207397461,4.4157438278198242,4.7774257659912109,38226690
2024-08-22T00:00:00.000000Z,4.7774257659912109,5.0874948501586914,4.719505786895752,5.0493240356445312,58398866
2024-08-23T00:00:00.000000Z,5.0493240356445312,5.7582669258117676,5.0492677688598633,5.5969228744506836,83015046
2024-08-24T00:00:00.000000Z,5.5969228744506836,6.3665628433227539,5.4573798179626465,6.2064628601074219,102720303
2024-08-25T00:00:00.000000Z,6.2064628601074219,6.4894118309020996,6.1022357940673828,6.3277401924133301,106230938
2024-08-26T00:00:00.000000Z,6.3277401924133301,6.4090151786804199,5.9885220527648926,6.1657199859619141,88262186
2024-08-27T00:00:00.000000Z,6.1654601097106934,6.5771269798278809,5.6036877632141113,5.7324748039245605,131189359
2024-08-28T00:00:00.000000Z,5.7324748039245605,6.1231632232666016,5.4700112342834473,5.5220980644226074,148754728
2024-08-29T00:00:00.000000Z,5.5220980644226074,5.8023090362548828,5.1911449432373047,5.2445330619812012,98746921
2024-08-30T00:00:00.000000Z,5.2445330619812012,5.3105177879333496,4.9239501953125,5.2436890602111816,62413635
2024-08-31T00:00:00.000000Z,5.2436890602111816,5.3303098678588867,4.9612960815429688,5.0000238418579102,36366667
2024-09-01T00:00:00.000000Z,5.0000238418579102,5.1524868011474609,4.8331828117370605,4.839439868927002,58616036
2024-09-02T00:00:00.000000Z,4.8389739990234375,5.1387901306152344,4.7908759117126465,5.0890851020812988,65230104
2024-09-03T00:00:00.000000Z,5.089165210723877,5.1944661140441895,4.7109432220458984,4.7109432220458984,51000310
2024-09-04T00:00:00.000000Z,4.7109432220458984,5.042604923248291,4.558347225189209,4.9246549606323242,60585559
2024-09-05T00:00:00.000000Z,4.9244651794433594,4.9537701606750488,4.6348881721496582,4.6821069717407227,53269260
2024-09-06T00:00:00.000000Z,4.6821069717407227,4.9276437759399414,4.4796929359436035,4.6801190376281738,66286591
2024-09-07T00:00:00.000000Z,4.6801190376281738,4.8850698471069336,4.6778807640075684,4.7198138236999512,33961879
2024-09-08T00:00:00.000000Z,4.7198138236999512,4.9359688758850098,4.7133550643920898,4.8682360649108887,36622160
2024-09-09T00:00:00.000000Z,4.8682360649108887,5.222412109375,4.8023591041564941,5.1624422073364258,74537779
2024-09-10T00:00:00.000000Z,5.1624422073364258,5.3265647888183594,5.0094590187072754,5.274075984954834,73295135
2024-09-11T00:00:00.000000Z,5.274075984954834,5.2794208526611328,4.8253540992736816,5.0953669548034668,79419559
2024-09-12T00:00:00.000000Z,5.0953669548034668,5.3175621032714844,5.0898489952087402,5.2451381683349609,77919319
2024-09-13T00:00:00.000000Z,5.2451381683349609,5.3060369491577148,5.0092349052429199,5.2400531768798828,75093614
2024-09-14T00:00:00.000000Z,5.2402429580688477,5.3761510848999023,5.1977767944335938,5.2355751991271973,46638200
2024-09-15T00:00:00.000000Z,5.2355751991271973,5.276069164276123,4.9267091751098633,4.9524798393249512,152457102
2024-09-16T00:00:00.000000Z,4.9524798393249512,4.9909930229187012,4.6832318305969238,4.743621826171875,209873842
2024-09-17T00:00:00.000000Z,4.743621826171875,4.9523911476135254,4.6624650955200195,4.7629079818725586,258154942
2024-09-18T00:00:00.000000Z,4.7643651962280273,4.9762110710144043,4.6075282096862793,4.9741988182067871,239180053
2024-09-19T00:00:00.000000Z,4.9741988182067871,5.2742080688476562,4.9741988182067871,5.1269469261169434,294095678
2024-09-20T00:00:00.000000Z,5.1269469261169434,5.4437799453735352,5.0509519577026367,5.2760519981384277,285814744
2024-09-21T00:00:00.000000Z,5.276008129119873,5.6338768005371094,5.1688661575317383,5.6167440414428711,195557635
2024-09-22T00:00:00.000000Z,5.6167440414428711,5.7261590957641602,5.4024028778076172,5.6391267776489258,296472007
2024-09-23T00:00:00.000000Z,5.6391267776489258,6.3086948394775391,5.5255517959594727,6.2173151969909668,504553924
2024-09-24T00:00:00.000000Z,6.2173151969909668,6.3057441711425781,5.9833898544311523,6.2620611190795898,322232714
2024-09-25T00:00:00.000000Z,6.2620611190795898,6.285952091217041,5.8981227874755859,5.9174098968505859,296400007
2024-09-26T00:00:00.000000Z,5.9174098968505859,6.4912381172180176,5.8461151123046875,6.3176989555358887,375585940
2024-09-27T00:00:00.000000Z,6.3176989555358887,6.8008790016174316,6.2853879928588867,6.7061991691589355,375434397
2024-09-28T00:00:00.000000Z,6.7060332298278809,6.7778801918029785,6.4003472328186035,6.5430178642272949,225422877
2024-09-29T00:00:00.000000Z,6.5429701805114746,6.8102669715881348,6.3511371612548828,6.6794528961181641,236874439
2024-09-30T00:00:00.000000Z,6.6794528961181641,6.7671627998352051,6.34564208984375,6.4468259811401367,372709578
2024-10-01T00:00:00.000000Z,6.4468259811401367,6.6976618766784668,5.6444602012634277,5.8125691413879395,539661136
2024-10-02T00:00:00.000000Z,5.8125691413879395,6.0569171905517578,5.371647834777832,5.438621997833252,417736998
2024-10-03T00:00:00.000000Z,5.438621997833252,5.6115617752075195,5.0479698181152344,5.2483057975769043,312839942
2024-10-04T00:00:00.000000Z,5.2483057975769043,5.8700661659240723,5.2317628860473633,5.6781930923461914,324921580
2024-10-05T00:00:00.000000Z,5.6781930923461914,5.7753071784973145,5.362494945526123,5.4439592361450195,182373516
2024-10-06T00:00:00.000000Z,5.4439592361450195,5.6144537925720215,5.3134078979492188,5.4362931251525879,254242303
2024-10-07T00:00:00.000000Z,5.4362931251525879,5.6639461517333984,5.247887134552002,5.2496848106384277,355888960
2024-10-08T00:00:00.000000Z,5.2513518333435059,5.3692588806152344,5.1673998832702637,5.3516130447387695,243078577
2024-10-09T00:00:00.000000Z,5.3519530296325684,5.421875,5.0053668022155762,5.0675511360168457,211621552
2024-10-10T00:00:00.000000Z,5.0675511360168457,5.1975789070129395,4.9148340225219727,5.0811309814453125,209117219
2024-10-11T00:00:00.000000Z,5.0811309814453125,5.4340848922729492,5.0506868362426758,5.3862218856811523,188162658
2024-10-12T00:00:00.000000Z,5.3862218856811523,5.5991320610046387,5.3858108520507812,5.4492888450622559,187959428
2024-10-13T00:00:00.000000Z,5.4492888450622559,5.4738831520080566,5.1874780654907227,5.379788875579834,180348407
2024-10-14T00:00:00.000000Z,5.379788875579834,5.7246689796447754,5.3436498641967773,5.5827031135559082,289137152
2024-10-15T00:00:00.000000Z,5.5827031135559082,5.7577438354492188,5.3566770553588867,5.48095703125,375091393
2024-10-16T00:00:00.000000Z,5.48095703125,5.5513558387756348,5.2897500991821289,5.3749370574951172,225758057
2024-10-17T00:00:00.000000Z,5.3749370574951172,5.4119510650634766,5.1181812286376953,5.2144222259521484,172095091
2024-10-18T00:00:00.000000Z,5.2144222259521484,5.4472541809082031,5.1821470260620117,5.4078531265258789,147796379
2024-10-19T00:00:00.000000Z,5.4077110290527344,5.4723258018493652,5.2905311584472656,5.3627362251281738,123389333
2024-10-20T00:00:00.000000Z,5.3627362251281738,5.5471949577331543,5.2659401893615723,5.505958080291748,149793366
2024-10-21T00:00:00.000000Z,5.505958080291748,5.5873079299926758,5.2191028594970703,5.2407917976379395,179966401
2024-10-22T00:00:00.000000Z,5.2407917976379395,5.3306608200073242,5.1110868453979492,5.2079629898071289,169952561
2024-10-23T00:00:00.000000Z,5.2079629898071289,5.2198982238769531,4.9394021034240723,5.0772600173950195,170492201
2024-10-24T00:00:00.000000Z,5.1018738746643066,5.2762479782104492,5.0546650886535645,5.1996488571166992,157942208
2024-10-25T00:00:00.000000Z,5.1996488571166992,5.2275872230529785,4.4457921981811523,4.6191020011901855,190338745
2024-10-26T00:00:00.000000Z,4.6188907623291016,4.8529248237609863,4.5488262176513672,4.788599967956543,234198526
2024-10-27T00:00:00.000000Z,4.788599967956543,4.9392251968383789,4.7636909484863281,4.8666858673095703,102924021
2024-10-28T00:00:00.000000Z,4.8666858673095703,4.9808001518249512,4.6547508239746094,4.911229133605957,188272661
2024-10-29T00:00:00.000000Z,4.911229133605957,5.2021050453186035,4.8969559669494629,5.1467180252075195,217041019
2024-10-30T00:00:00.000000Z,5.1466741561889648,5.1469998359680176,4.9529128074645996,4.9804410934448242,161622987
2024-10-31T00:00:00.000000Z,4.9804410934448242,4.9949178695678711,4.6719298362731934,4.771665096282959,164605404
2024-11-01T00:00:00.000000Z,4.771665096282959,4.9535808563232422,4.6317949295043945,4.6961870193481445,165607966
2024-11-02T00:00:00.000000Z,4.6961870193481445,4.7339301109313965,4.5377960205078125,4.5930690765380859,107508473
2024-11-03T00:00:00.000000Z,4.5930690765380859,4.6111302375793457,4.2039308547973633,4.448552131652832,183192483
2024-11-04T00:00:00.000000Z,4.448552131652832,4.4989418983459473,4.1262688636779785,4.2159280776977539,180426623
2024-11-05T00:00:00.000000Z,4.2159280776977539,4.5381708145141602,4.2154598236083984,4.4209208488464355,157595066
2024-11-06T00:00:00.000000Z,4.4204721450805664,5.1435441970825195,4.4200348854064941,5.0603909492492676,416108912
2024-11-07T00:00:00.000000Z,5.0603909492492676,5.2524027824401855,4.9315061569213867,5.0304989814758301,242883846
2024-11-08T00:00:00.000000Z,5.0304989814758301,5.130986213684082,4.8049578666687012,4.977470874786377,216492749
2024-11-09T00:00:00.000000Z,4.9773869514465332,5.402885913848877,4.8746910095214844,5.3251171112060547,250310296
2024-11-10T00:00:00.000000Z,5.3249878883361816,5.949364185333252,5.265164852142334,5.6523609161376953,642309479
2024-11-11T00:00:00.000000Z,5.6522312164306641,7.0616030693054199,5.6373500823974609,6.9302558898925781,1349621321
2024-11-12T00:00:00.000000Z,6.9302558898925781,7.5524802207946777,6.5497708320617676,7.2160658836364746,2147453247
2024-11-13T00:00:00.000000Z,7.2160658836364746,7.4818120002746582,6.3659992218017578,7.0160250663757324,1413625939
2024-11-14T00:00:00.000000Z,7.0160250663757324,7.2368922233581543,6.5147957801818848,6.573671817779541,930513625
2024-11-15T00:00:00.000000Z,6.573671817779541,7.1081428527832031,6.383087158203125,7.0770378112792969,699285131
2024-11-16T00:00:00.000000Z,6.9247369766235352,7.4505500793457031,6.7816929817199707,7.0481672286987305,686716038
2024-11-17T00:00:00.000000Z,7.047846794128418,7.3280549049377441,6.6508688926696777,7.1166319847106934,777880421
2024-11-18T00:00:00.000000Z,7.1166319847106934,8.0837526321411133,7.0678629875183105,7.6756558418273926,1482455468
2024-11-19T00:00:00.000000Z,7.6756558418273926,8.2975034713745117,7.4088277816772461,7.8899970054626465,1120283996
2024-11-20T00:00:00.000000Z,7.8899970054626465,8.2041110992431641,7.3594517707824707,7.3633708953857422,987549222
2024-11-21T00:00:00.000000Z,7.3632488250732422,7.6291708946228027,7.0902810096740723,7.3636322021484375,1015170685
2024-11-22T00:00:00.000000Z,7.3639430999755859,7.574193000793457,7.022219181060791,7.574193000793457,755160067
2024-11-23T00:00:00.000000Z,7.574193000793457,8.1959028244018555,7.5228781700134277,7.6746687889099121,1090022839
2024-11-24T00:00:00.000000Z,7.6746687889099121,8.1192502975463867,7.2887430191040039,8.0476112365722656,1088815760
2024-11-25T00:00:00.000000Z,8.0476112365722656,8.2548379898071289,7.3608918190002441,7.5061631202697754,1102629343
2024-11-26T00:00:00.000000Z,7.5060758590698242,7.7456159591674805,7.1277751922607422,7.4348158836364746,768299545
2024-11-27T00:00:00.000000Z,7.4349589347839355,7.9914760589599609,7.3379421234130859,7.9224162101745605,587724146
2024-11-28T00:00:00.000000Z,7.922980785369873,8.762598991394043,7.922274112701416,8.5617742538452148,1246984981
2024-11-29T00:00:00.000000Z,8.5617742538452148,8.9762868881225586,8.3729934692382812,8.7509784698486328,874393909
2024-11-30T00:00:00.000000Z,8.7509784698486328,9.1303958892822266,8.6663742065429688,8.8826322555541992,761517904
2024-12-01T00:00:00.000000Z,8.8826322555541992,8.9458093643188477,8.6442317962646484,8.7192964553833008,568456512
2024-12-02T00:00:00.000000Z,8.7192964553833008,8.8304119110107422,8.147648811340332,8.7302722930908203,1088307755
2024-12-03T00:00:00.000000Z,8.7288789749145508,9.2645425796508789,8.3188333511352539,8.9351520538330078,1383489126
2024-12-04T00:00:00.000000Z,8.9351520538330078,9.106842041015625,8.5109033584594727,8.6794939041137695,1089945702
2024-12-05T00:00:00.000000Z,8.6794939041137695,11.62183952331543,8.2104568481445312,9.9579811096191406,5138268866
2024-12-06T00:00:00.000000Z,10.09891414642334,11.000664710998535,9.8493375778198242,10.479125022888184,2498860727
2024-12-07T00:00:00.000000Z,10.478386878967285,10.556510925292969,10.202216148376465,10.286931991577148,704089484
2024-12-08T00:00:00.000000Z,10.447308540344238,10.518006324768066,9.9815454483032227,10.281693458557129,612672370
2024-12-09T00:00:00.000000Z,10.287417411804199,10.287441253662109,8.0180845260620117,8.9541244506835938,1712745778
2024-12-10T00:00:00.000000Z,8.9541244506835938,9.0697832107543945,8.1046133041381836,8.7461385726928711,1493364487
2024-12-11T00:00:00.000000Z,8.7461385726928711,9.9850006103515625,8.3942079544067383,9.6180763244628906,1067943152
2024-12-12T00:00:00.000000Z,9.6180763244628906,10.08668327331543,9.3828973770141602,9.4955825805664062,795573770
2024-12-13T00:00:00.000000Z,9.4964733123779297,9.6097583770751953,9.1231479644775391,9.416010856628418,630108041
2024-12-14T00:00:00.000000Z,9.416010856628418,9.5164594650268555,8.8268632888793945,9.0734891891479492,453740953
2024-12-15T00:00:00.000000Z,9.0734891891479492,9.3692283630371094,8.8493194580078125,9.3116245269775391,412835336
2024-12-16T00:00:00.000000Z,9.3101968765258789,9.676518440246582,8.8011722564697266,8.90985107421875,707002740
2024-12-17T00:00:00.000000Z,8.90985107421875,9.0431194305419922,8.434575080871582,8.5190792083740234,554372875
2024-12-18T00:00:00.000000Z,8.518956184387207,8.5821018218994141,7.7672171592712402,7.7795319557189941,814493962
2024-12-19T00:00:00.000000Z,7.7794780731201172,8.0043163299560547,6.9035859107971191,7.2585268020629883,994471412
2024-12-20T00:00:00.000000Z,7.2592658996582031,7.4847159385681152,6.0988478660583496,7.370978832244873,1199295885
2024-12-21T00:00:00.000000Z,7.370978832244873,8.0384235382080078,6.9829320907592773,7.1064071655273438,655714455
2024-12-22T00:00:00.000000Z,7.1064071655273438,7.3605818748474121,6.8377141952514648,7.0238652229309082,429004373
2024-12-23T00:00:00.000000Z,7.0238652229309082,7.7451567649841309,6.885796070098877,7.6323790550231934,542428009
2024-12-24T00:00:00.000000Z,7.6323790550231934,7.9809331893920898,7.5178728103637695,7.8206319808959961,492596168
2024-12-25T00:00:00.000000Z,7.820404052734375,7.8372979164123535,7.4470248222351074,7.5501232147216797,329080378
2024-12-26T00:00:00.000000Z,7.5501232147216797,7.6486592292785645,7.0091381072998047,7.1058821678161621,321590317
2024-12-27T00:00:00.000000Z,7.1058359146118164,7.5060391426086426,6.9535861015319824,6.9883379936218262,367469136
2024-12-28T00:00:00.000000Z,6.9883379936218262,7.2123942375183105,6.8288898468017578,7.1413531303405762,278394355
2024-12-29T00:00:00.000000Z,7.1413531303405762,7.1645441055297852,6.7507109642028809,6.8383750915527344,247991414
2024-12-30T00:00:00.000000Z,6.8383550643920898,7.0833001136779785,6.625913143157959,6.8309531211853027,371953000
2024-12-31T00:00:00.000000Z,6.8309531211853027,7.1067180633544922,6.6868081092834473,6.7825798988342285,279387984
2025-01-01T00:00:00.000000Z,6.7825798988342285,7.2349858283996582,6.6348700523376465,7.1713151931762695,260318273
2025-01-02T00:00:00.000000Z,7.1713151931762695,7.8598461151123047,7.153223991394043,7.6247010231018066,475751826
2025-01-03T00:00:00.000000Z,7.6247239112854004,8.1243524551391602,7.4769740104675293,8.0497932434082031,424120729
2025-01-04T00:00:00.000000Z,8.0497932434082031,8.2375297546386719,7.9297728538513184,8.0626087188720703,365242384
2025-01-05T00:00:00.000000Z,8.0626087188720703,8.439814567565918,7.9329490661621094,8.2917194366455078,338160332
2025-01-06T00:00:00.000000Z,8.2917194366455078,9.0137157440185547,8.1006011962890625,8.8889360427856445,827474674
2025-01-07T00:00:00.000000Z,8.8889398574829102,8.9123868942260742,8.0501737594604492,8.1213512420654297,753257970
2025-01-08T00:00:00.000000Z,8.1213512420654297,8.2404270172119141,7.155601978302002,7.5676898956298828,763389854
2025-01-09T00:00:00.000000Z,7.5676898956298828,7.6279230117797852,6.9125561714172363,7.0281162261962891,587754940
2025-01-10T00:00:00.000000Z,7.0281162261962891,7.655311107635498,7.0281162261962891,7.2913351058959961,706613767
2025-01-11T00:00:00.000000Z,7.2913351058959961,7.523921012878418,7.0778632164001465,7.3467178344726562,304941747
2025-01-12T00:00:00.000000Z,7.3467178344726562,7.3692078590393066,7.0174388885498047,7.1163787841796875,238868669
2025-01-13T00:00:00.000000Z,7.1163787841796875,7.3039979934692383,6.4005727767944336,6.9699468612670898,539498804
2025-01-14T00:00:00.000000Z,6.9700679779052734,7.2690291404724121,6.8854222297668457,7.0217971801757812,345784148
2025-01-15T00:00:00.000000Z,7.0217971801757812,7.6689610481262207,6.7706561088562012,7.6686611175537109,469696165
2025-01-16T00:00:00.000000Z,7.6692337989807129,7.6854038238525391,7.2873101234436035,7.4337410926818848,496403281
2025-01-17T00:00:00.000000Z,7.486565113067627,8.0389022827148438,7.4608931541442871,7.9917559623718262,467180813
2025-01-18T00:00:00.000000Z,7.9691910743713379,8.1203441619873047,7.3125319480895996,7.4745221138000488,603817338
2025-01-19T00:00:00.000000Z,7.4745221138000488,7.6223578453063965,6.5813488960266113,6.6771440505981445,713828547
2025-01-20T00:00:00.000000Z,6.6765789985656738,7.4289741516113281,6.4738979339599609,6.7342357635498047,253579278
2025-01-21T00:00:00.000000Z,6.7342357635498047,7.3600621223449707,6.452085018157959,7.2376022338867188,143721192
2025-01-22T00:00:00.000000Z,7.2376022338867188,7.294888973236084,7.0249271392822266,7.034055233001709,100277292
2025-01-23T00:00:00.000000Z,7.0339140892028809,7.0894179344177246,6.7406501770019531,7.0559039115905762,114205483
2025-01-24T00:00:00.000000Z,7.0557808876037598,7.2545051574707031,6.7931370735168457,6.8791952133178711,83790773
2025-01-25T00:00:00.000000Z,6.8793201446533203,7.0375971794128418,6.7307958602905273,6.9648981094360352,56480268
2025-01-26T00:00:00.000000Z,6.9648981094360352,7.1614060401916504,6.7405281066894531,6.7432560920715332,65670983
2025-01-27T00:00:00.000000Z,6.7432560920715332,6.7644438743591309,5.8225340843200684,6.216090202331543,190166346
2025-01-28T00:00:00.000000Z,6.2165131568908691,6.3176679611206055,5.4657130241394043,5.5478720664978027,113230928
2025-01-29T00:00:00.000000Z,5.5478720664978027,5.9577832221984863,5.3177719116210938,5.4811739921569824,145859022
2025-01-30T00:00:00.000000Z,5.4814019203186035,6.0328707695007324,5.4248929023742676,5.8785390853881836,97364643
2025-01-31T00:00:00.000000Z,5.877957820892334,6.1867380142211914,5.7631092071533203,5.8476080894470215,89334707
2025-02-01T00:00:00.000000Z,5.8475399017333984,6.0221481323242188,5.336205005645752,5.3967390060424805,83960843
2025-02-02T00:00:00.000000Z,5.3965091705322266,5.487332820892334,4.4904599189758301,4.6836061477661133,180328168
2025-02-03T00:00:00.000000Z,4.6846117973327637,5.2155570983886719,3.5259320735931396,5.0507001876831055,366683182
2025-02-04T00:00:00.000000Z,5.0507001876831055,5.0713338851928711,4.4677410125732422,4.6265449523925781,153529851
2025-02-05T00:00:00.000000Z,4.6265449523925781,4.7483100891113281,4.417820930480957,4.4633049964904785,78531079
2025-02-06T00:00:00.000000Z,4.463493824005127,4.6359930038452148,4.1554899215698242,4.1944370269775391,93006645
2025-02-07T00:00:00.000000Z,4.1943597793579102,4.553034782409668,3.9970049858093262,4.1366429328918457,92370617
2025-02-08T00:00:00.000000Z,4.1366429328918457,4.2925162315368652,4.0153360366821289,4.2648887634277344,53992028
2025-02-09T00:00:00.000000Z,4.2648887634277344,4.4254369735717773,4.0211811065673828,4.2501077651977539,65790828
2025-02-10T00:00:00.000000Z,4.2501077651977539,4.5286059379577637,4.1056008338928223,4.4539089202880859,65336223
2025-02-11T00:00:00.000000Z,4.4539089202880859,4.7696151733398438,4.3709588050842285,4.4547848701477051,77300204
2025-02-12T00:00:00.000000Z,4.4547848701477051,4.7199511528015137,4.2382898330688477,4.6320199966430664,93887906
2025-02-13T00:00:00.000000Z,4.6320199966430664,4.7237710952758789,4.3692731857299805,4.50323486328125,60492092
2025-02-14T00:00:00.000000Z,4.5031418800354004,4.826420783996582,4.5000171661376953,4.7330818176269531,73292136
2025-02-15T00:00:00.000000Z,4.7330818176269531,4.8258228302001953,4.517998218536377,4.5749211311340332,46895300
2025-02-16T00:00:00.000000Z,4.5749211311340332,4.6010990142822266,4.4604911804199219,4.4761319160461426,47018756
2025-02-17T00:00:00.000000Z,4.4760451316833496,4.6714348793029785,4.2846169471740723,4.3778419494628906,67537993
2025-02-18T00:00:00.000000Z,4.3778419494628906,4.3946108818054199,3.9681520462036133,4.1717357635498047,69746736
2025-02-19T00:00:00.000000Z,4.1717357635498047,4.2798957824707031,4.0912208557128906,4.2446689605712891,45489075
2025-02-20T00:00:00.000000Z,4.2445259094238281,4.4567408561706543,4.2128429412841797,4.444429874420166,54594257
2025-02-21T00:00:00.000000Z,4.4444179534912109,4.627655029296875,4.0559868812561035,4.1665329933166504,89549487
2025-02-22T00:00:00.000000Z,4.1643428802490234,4.3769187927246094,4.1393170356750488,4.2694230079650879,53748167
2025-02-23T00:00:00.000000Z,4.2694230079650879,4.3010029792785645,4.097571849822998,4.1633949279785156,40214735
2025-02-24T00:00:00.000000Z,4.1633949279785156,4.2024412155151367,3.6226639747619629,3.6320130825042725,92121407
2025-02-25T00:00:00.000000Z,3.6321079730987549,3.7378029823303223,3.3679189682006836,3.6606349945068359,125101071
2025-02-26T00:00:00.000000Z,3.6606969833374023,3.8571040630340576,3.5821421146392822,3.7512109279632568,92607191
2025-02-27T00:00:00.000000Z,3.7512838840484619,3.893902063369751,3.6262180805206299,3.7316091060638428,55699143
2025-02-28T00:00:00.000000Z,3.7315919399261475,3.8473339080810547,3.4269840717315674,3.8186171054840088,97071021
2025-03-01T00:00:00.000000Z,3.8185648918151855,3.8757491111755371,3.6708269119262695,3.8025341033935547,43869500
2025-03-02T00:00:00.000000Z,3.8025341033935547,4.459108829498291,3.7244620323181152,4.4226360321044922,112760047
2025-03-03T00:00:00.000000Z,4.4225969314575195,4.4718289375305176,3.7087879180908203,3.7193529605865479,110102023
2025-03-04T00:00:00.000000Z,3.7193529605865479,3.7198441028594971,3.2736940383911133,3.5345919132232666,117300606
2025-03-05T00:00:00.000000Z,3.5345919132232666,3.7877950668334961,3.4733788967132568,3.7268719673156738,65327860
2025-03-06T00:00:00.000000Z,3.726902961730957,4.1682348251342773,3.6893930435180664,3.8127310276031494,111562101
2025-03-07T00:00:00.000000Z,3.8127310276031494,3.8474979400634766,3.5630090236663818,3.5842909812927246,99215832
2025-03-08T00:00:00.000000Z,3.5842909812927246,3.6086580753326416,3.4429090023040771,3.4914290904998779,40072231
2025-03-09T00:00:00.000000Z,3.4914350509643555,3.5207400321960449,3.0066049098968506,3.0257649421691895,66358763
2025-03-10T00:00:00.000000Z,3.025723934173584,3.2174708843231201,2.6550989151000977,2.7394609451293945,100189531
2025-03-11T00:00:00.000000Z,2.7402129173278809,3.0480110645294189,2.5425169467926025,2.9509809017181396,103689322
2025-03-12T00:00:00.000000Z,2.9509809017181396,3.1680710315704346,2.8549079895019531,3.0789721012115479,101429425
2025-03-13T00:00:00.000000Z,3.0789721012115479,3.1166141033172607,2.8435170650482178,2.9606690406799316,62965227
2025-03-14T00:00:00.000000Z,2.9606690406799316,3.2222790718078613,2.9482901096343994,3.1578729152679443,57993743
2025-03-15T00:00:00.000000Z,3.1578609943389893,3.3286819458007812,3.1565279960632324,3.2610061168670654,40350882
2025-03-16T00:00:00.000000Z,3.2612109184265137,3.2872331142425537,3.0735280513763428,3.1118299961090088,41560368
2025-03-17T00:00:00.000000Z,3.1118149757385254,3.3200290203094482,3.1093440055847168,3.2266891002655029,50722112
2025-03-18T00:00:00.000000Z,3.226715087890625,3.2468481063842773,3.0660040378570557,3.2349779605865479,48124243
2025-03-19T00:00:00.000000Z,3.2347450256347656,3.4321620464324951,3.2069580554962158,3.428041934967041,81205121
2025-03-20T00:00:00.000000Z,3.4277279376983643,3.4624879360198975,3.2248280048370361,3.322504997253418,49877940
2025-03-21T00:00:00.000000Z,3.3224968910217285,3.3259990215301514,3.1463398933410645,3.2096381187438965,42835208
2025-03-22T00:00:00.000000Z,3.2096381187438965,3.3657219409942627,3.2094299793243408,3.3164908885955811,37487375
2025-03-23T00:00:00.000000Z,3.3164908885955811,3.4586029052734375,3.2839829921722412,3.4585320949554443,39137261
2025-03-24T00:00:00.000000Z,3.4585258960723877,3.9554100036621094,3.4585061073303223,3.7834360599517822,125664066
2025-03-25T00:00:00.000000Z,3.7834360599517822,4.1343121528625488,3.7534780502319336,4.0419597625732422,95830091
2025-03-26T00:00:00.000000Z,4.0419268608093262,4.2008447647094727,3.8973829746246338,3.9207010269165039,88882603
2025-03-27T00:00:00.000000Z,3.9207010269165039,4.0363020896911621,3.8756210803985596,3.9213309288024902,61455289
2025-03-28T00:00:00.000000Z,3.9213230609893799,3.9746448993682861,3.5917758941650391,3.7255449295043945,86556566
2025-03-29T00:00:00.000000Z,3.7253420352935791,3.81101393699646,3.4585170745849609,3.5036859512329102,56887631
2025-03-30T00:00:00.000000Z,3.5036489963531494,3.6066169738769531,3.3906118869781494,3.4114179611206055,54056156
2025-03-31T00:00:00.000000Z,3.4114060401916504,3.5524768829345703,3.2944469451904297,3.4066529273986816,79084173
2025-04-01T00:00:00.000000Z,3.406635046005249,3.7844130992889404,3.386544942855835,3.6968560218811035,85257019
2025-04-02T00:00:00.000000Z,3.6973779201507568,3.8043251037597656,3.2733869552612305,3.3195428848266602,143630441
2025-04-03T00:00:00.000000Z,3.3185989856719971,3.4139659404754639,3.0899031162261963,3.2910449504852295,93567331
2025-04-04T00:00:00.000000Z,3.2910449504852295,3.3240609169006348,3.1136150360107422,3.2309169769287109,89792386
2025-04-05T00:00:00.000000Z,3.2307178974151611,3.2517199516296387,3.1023249626159668,3.1669080257415771,34264624
2025-04-06T00:00:00.000000Z,3.1668910980224609,3.176767110824585,2.7242701053619385,2.7773339748382568,81757313
2025-04-07T00:00:00.000000Z,2.777230978012085,3.027230978012085,2.5302109718322754,2.9610710144042969,179297696
2025-04-08T00:00:00.000000Z,2.9610428810119629,3.1686129570007324,2.8031599521636963,2.8209168910980225,108532293
2025-04-09T00:00:00.000000Z,2.8209168910980225,3.4712879657745361,2.7229249477386475,3.3809518814086914,185041671
2025-04-10T00:00:00.000000Z,3.3809599876403809,3.4669160842895508,3.2390809059143066,3.4619960784912109,124418308
2025-04-11T00:00:00.000000Z,3.4621989727020264,3.807513952255249,3.4611990451812744,3.7209110260009766,146672460
2025-04-12T00:00:00.000000Z,3.7207729816436768,3.9788498878479004,3.7112019062042236,3.9538869857788086,98401010
2025-04-13T00:00:00.000000Z,3.9538869857788086,4.0590090751647949,3.7010788917541504,3.7695059776306152,84649335
2025-04-14T00:00:00.000000Z,3.769521951675415,4.0017099380493164,3.7690949440002441,3.9312360286712646,117267875
2025-04-15T00:00:00.000000Z,3.9312360286712646,4.0289921760559082,3.7252330780029297,3.7254540920257568,98580106
2025-04-16T00:00:00.000000Z,3.7254810333251953,3.7851419448852539,3.5910670757293701,3.6370260715484619,102666597
2025-04-17T00:00:00.000000Z,3.6371290683746338,4.0949292182922363,3.6309659481048584,4.0154790878295898,103317818
2025-04-18T00:00:00.000000Z,4.0154790878295898,4.0865111351013184,3.8885650634765625,3.8970019817352295,61115052
2025-04-19T00:00:00.000000Z,3.8970019817352295,4.2605090141296387,3.8910629749298096,4.223362922668457,71034801
2025-04-20T00:00:00.000000Z,4.223419189453125,4.464451789855957,4.2118701934814453,4.3475198745727539,112471021
2025-04-21T00:00:00.000000Z,4.3475198745727539,4.6629390716552734,4.2215142250061035,4.3845391273498535,111586872
2025-04-22T00:00:00.000000Z,4.3845028877258301,4.5858798027038574,4.3230071067810059,4.5080580711364746,107358650
2025-04-23T00:00:00.000000Z,4.5080270767211914,4.7737030982971191,4.4590821266174316,4.4802632331848145,139969133
2025-04-24T00:00:00.000000Z,4.4802632331848145,4.7271380424499512,4.2658319473266602,4.4867391586303711,128733000
2025-04-25T00:00:00.000000Z,4.4867391586303711,4.6174750328063965,4.375798225402832,4.4188599586486816,111048096
2025-04-26T00:00:00.000000Z,4.4189810752868652,4.6155490875244141,4.3417000770568848,4.5064010620117188,70545692
2025-04-27T00:00:00.000000Z,4.506476879119873,4.5265579223632812,4.2458667755126953,4.2645401954650879,61082473
2025-04-28T00:00:00.000000Z,4.2646021842956543,4.4989299774169922,4.1175298690795898,4.4561028480529785,77718274
2025-04-29T00:00:00.000000Z,4.4561619758605957,4.5752220153808594,4.3953518867492676,4.4429688453674316,71355676
2025-04-30T00:00:00.000000Z,4.4429688453674316,4.5576448440551758,4.1428780555725098,4.4614200592041016,78714234
2025-05-01T00:00:00.000000Z,4.4614200592041016,4.7225298881530762,4.4600119590759277,4.6262807846069336,88333888
2025-05-02T00:00:00.000000Z,4.6263890266418457,4.891049861907959,4.5222940444946289,4.8494758605957031,96041656
2025-05-03T00:00:00.000000Z,4.8494482040405273,4.8494482040405273,4.5646748542785645,4.5848569869995117,55146265
2025-05-04T00:00:00.000000Z,4.5848569869995117,4.6205630302429199,4.2651481628417969,4.3012328147888184,65752871
2025-05-05T00:00:00.000000Z,4.3011617660522461,4.4874920845031738,4.2512779235839844,4.3778009414672852,69513365
2025-05-06T00:00:00.000000Z,4.3778009414672852,4.4405522346496582,4.1136751174926758,4.3122491836547852,75930985
2025-05-07T00:00:00.000000Z,4.3119277954101562,4.4307270050048828,4.0454039573669434,4.2075791358947754,83297420
2025-05-08T00:00:00.000000Z,4.2076001167297363,4.7611441612243652,4.1975541114807129,4.7052221298217773,106948899
2025-05-09T00:00:00.000000Z,4.7052221298217773,5.0719318389892578,4.6700401306152344,4.9828572273254395,131673223
2025-05-10T00:00:00.000000Z,4.9829702377319336,5.5104379653930664,4.914790153503418,5.4776091575622559,115874198
2025-05-11T00:00:00.000000Z,5.4775638580322266,5.5000128746032715,5.0569181442260742,5.2034511566162109,103412573
2025-05-12T00:00:00.000000Z,5.2034788131713867,5.4992508888244629,4.9034409523010254,5.1709871292114258,151995866
2025-05-13T00:00:00.000000Z,5.1709871292114258,5.4302301406860352,4.8690347671508789,5.3168339729309082,102421140
2025-05-14T00:00:00.000000Z,5.3168339729309082,5.3654289245605469,5.0422539710998535,5.1053390502929688,86433585
2025-05-15T00:00:00.000000Z,5.1053071022033691,5.1483049392700195,4.6651110649108887,4.7540688514709473,112257496
2025-05-16T00:00:00.000000Z,4.7540950775146484,4.9490079879760742,4.594092845916748,4.6375231742858887,81105419
2025-05-17T00:00:00.000000Z,4.6375231742858887,4.6375231742858887,4.437047004699707,4.5308890342712402,70184678
2025-05-18T00:00:00.000000Z,4.5308890342712402,4.8362760543823242,4.3911237716674805,4.6872220039367676,76646907
2025-05-19T00:00:00.000000Z,4.6869029998779297,4.715299129486084,4.315371036529541,4.5774521827697754,69879665
2025-05-20T00:00:00.000000Z,4.5774521827697754,4.7624449729919434,4.5058760643005371,4.643305778503418,69533923
2025-05-21T00:00:00.000000Z,4.6432480812072754,4.8934907913208008,4.580254077911377,4.7783541679382324,91402828
2025-05-22T00:00:00.000000Z,4.7785501480102539,5.2243709564208984,4.7782020568847656,5.1646637916564941,104805099
2025-05-23T00:00:00.000000Z,5.1644301414489746,5.3354659080505371,4.6363139152526855,4.6602458953857422,137197056
2025-05-24T00:00:00.000000Z,4.6601390838623047,4.8222432136535645,4.634613037109375,4.6915111541748047,57163578
2025-05-25T00:00:00.000000Z,4.6913981437683105,4.7809910774230957,4.4752750396728516,4.7808232307434082,63698995
2025-05-26T00:00:00.000000Z,4.7807188034057617,4.9627962112426758,4.6791739463806152,4.7405500411987305,78891178
2025-05-27T00:00:00.000000Z,4.7405190467834473,4.9145340919494629,4.5578022003173828,4.5638461112976074,100593327
2025-05-28T00:00:00.000000Z,4.5640740394592285,4.5640788078308105,4.3138699531555176,4.4464812278747559,208077323
2025-05-29T00:00:00.000000Z,4.4464812278747559,4.5315151214599609,4.1804728507995605,4.2012357711791992,94165815
2025-05-30T00:00:00.000000Z,4.2020759582519531,4.232886791229248,3.781498908996582,3.8025720119476318,119448998
2025-05-31T00:00:00.000000Z,3.8028810024261475,3.929224967956543,3.6407179832458496,3.8818049430847168,81453393
2025-06-01T00:00:00.000000Z,3.8818049430847168,3.984428882598877,3.7830600738525391,3.923954963684082,71492951
2025-06-02T00:00:00.000000Z,3.9239890575408936,4.0059537887573242,3.787276029586792,3.959636926651001,54725024
2025-06-03T00:00:00.000000Z,3.959636926651001,4.1466131210327148,3.8633160591125488,3.8679869174957275,76740729
2025-06-04T00:00:00.000000Z,3.8679869174957275,4.0142288208007812,3.7236590385437012,3.7483038902282715,62841002
2025-06-05T00:00:00.000000Z,3.7483038902282715,3.8474330902099609,3.4832370281219482,3.5581998825073242,74962605
2025-06-06T00:00:00.000000Z,3.5581710338592529,3.8516559600830078,3.5345621109008789,3.7593569755554199,56734502
2025-06-07T00:00:00.000000Z,3.7593569755554199,3.9345159530639648,3.7504699230194092,3.8771240711212158,39667628
2025-06-08T00:00:00.000000Z,3.8770320415496826,3.927203893661499,3.7919681072235107,3.8530139923095703,39840860
2025-06-09T00:00:00.000000Z,3.8530139923095703,4.0663509368896484,3.7952790260314941,4.0617990493774414,66240424
2025-06-10T00:00:00.000000Z,4.0620150566101074,4.1835780143737793,3.9580891132354736,4.1616239547729492,94868561
2025-06-11T00:00:00.000000Z,4.1616239547729492,4.1688008308410645,3.8219859600067139,3.8621900081634521,97039488
2025-06-12T00:00:00.000000Z,3.8621900081634521,3.8624989986419678,3.5376830101013184,3.5475990772247314,111148258
2025-06-13T00:00:00.000000Z,3.5475990772247314,3.5476620197296143,3.2880020141601562,3.4525959491729736,124752693
2025-06-14T00:00:00.000000Z,3.452625036239624,3.4801650047302246,3.3086960315704346,3.383173942565918,47982957
2025-06-15T00:00:00.000000Z,3.383173942565918,3.4856019020080566,3.3579649925231934,3.4644439220428467,50475386
2025-06-16T00:00:00.000000Z,3.4644439220428467,3.6245310306549072,3.414525032043457,3.414525032043457,74371874
2025-06-17T00:00:00.000000Z,3.4145219326019287,3.4736530780792236,3.1640501022338867,3.220750093460083,93355625
2025-06-18T00:00:00.000000Z,3.220750093460083,3.2969720363616943,3.0674600601196289,3.2553908824920654,74159253
2025-06-19T00:00:00.000000Z,3.2558529376983643,3.312964916229248,3.1578240394592285,3.1780540943145752,54705020
2025-06-20T00:00:00.000000Z,3.1780679225921631,3.2295660972595215,2.9655330181121826,3.059096097946167,67234840
2025-06-21T00:00:00.000000Z,3.0590620040893555,3.1023209095001221,2.8440539836883545,2.9385859966278076,66452176
2025-06-22T00:00:00.000000Z,2.9379620552062988,2.9974370002746582,2.6208360195159912,2.7955400943756104,112024204
2025-06-23T00:00:00.000000Z,2.7955400943756104,3.2224020957946777,2.7389349937438965,3.2164978981018066,118917992
2025-06-24T00:00:00.000000Z,3.2164978981018066,3.3484530448913574,3.1710069179534912,3.1993598937988281,107078863
2025-06-25T00:00:00.000000Z,3.1991350650787354,3.276648998260498,3.0667209625244141,3.0939769744873047,84564705
2025-06-26T00:00:00.000000Z,3.0939769744873047,3.1830589771270752,2.9506890773773193,2.9794139862060547,68878722
2025-06-27T00:00:00.000000Z,2.9794139862060547,3.2585549354553223,2.9575700759887695,3.1240880489349365,84126938
2025-06-28T00:00:00.000000Z,3.1240880489349365,3.2571589946746826,3.1238949298858643,3.239919900894165,47530732
2025-06-29T00:00:00.000000Z,3.239919900894165,3.4296469688415527,3.1902809143066406,3.377371072769165,57067249
2025-06-30T00:00:00.000000Z,3.3773291110992432,3.3981831073760986,3.1467049121856689,3.2141849994659424,70273680
2025-07-01T00:00:00.000000Z,3.2141849994659424,3.2171809673309326,3.0368199348449707,3.0731179714202881,50360557
2025-07-02T00:00:00.000000Z,3.0731179714202881,3.3506400585174561,3.0434300899505615,3.2752020359039307,77450500
2025-07-03T00:00:00.000000Z,3.275054931640625,3.4225389957427979,3.2489440441131592,3.3039989471435547,76410071
2025-07-04T00:00:00.000000Z,3.3039441108703613,3.3385379314422607,3.095426082611084,3.1510229110717773,54396467
2025-07-05T00:00:00.000000Z,3.1510229110717773,3.1788570880889893,3.1125919818878174,3.1675739288330078,35659984
2025-07-06T00:00:00.000000Z,3.1675739288330078,3.2739489078521729,3.1416609287261963,3.2280130386352539,38978120
2025-07-07T00:00:00.000000Z,3.2280130386352539,3.2680580615997314,3.1166660785675049,3.1558260917663574,41719876
2025-07-08T00:00:00.000000Z,3.1558260917663574,3.2252449989318848,3.1109569072723389,3.2031760215759277,49307230
2025-07-09T00:00:00.000000Z,3.2031760215759277,3.3820419311523438,3.1856679916381836,3.358673095703125,71015630
2025-07-10T00:00:00.000000Z,3.358673095703125,3.6797881126403809,3.3264129161834717,3.6667370796203613,110392474
2025-07-11T00:00:00.000000Z,3.6667370796203613,3.8833041191101074,3.5755059719085693,3.6489460468292236,152645664
2025-07-12T00:00:00.000000Z,3.6489460468292236,3.7143828868865967,3.4794790744781494,3.5974628925323486,77593887
2025-07-13T00:00:00.000000Z,3.5974628925323486,3.8418500423431396,3.5954630374908447,3.7679378986358643,79980218
2025-07-14T00:00:00.000000Z,3.7679660320281982,3.93035888671875,3.6896889209747314,3.7743320465087891,121993931
2025-07-15T00:00:00.000000Z,3.7743320465087891,3.9201149940490723,3.6335899829864502,3.916388988494873,110042867
2025-07-16T00:00:00.000000Z,3.9163579940795898,4.141106128692627,3.7982299327850342,4.0282177925109863,125853138
2025-07-17T00:00:00.000000Z,4.0282177925109863,4.2016878128051758,3.9203019142150879,4.1693692207336426,132528482
2025-07-18T00:00:00.000000Z,4.1689901351928711,4.3825497627258301,3.9374821186065674,4.0475611686706543,133692700
2025-07-19T00:00:00.000000Z,4.0476059913635254,4.2194170951843262,3.9530010223388672,4.1715860366821289,72767268
2025-07-20T00:00:00.000000Z,4.1715860366821289,4.5038309097290039,4.1393527984619141,4.3546462059020996,122491896
2025-07-21T00:00:00.000000Z,4.3546462059020996,4.7071747779846191,4.2783322334289551,4.5805659294128418,144170999
2025-07-22T00:00:00.000000Z,4.5805659294128418,4.6258969306945801,4.2870888710021973,4.5907092094421387,148702484
2025-07-23T00:00:00.000000Z,4.5906820297241211,4.5938239097595215,4.028724193572998,4.1546950340270996,130443986
2025-07-24T00:00:00.000000Z,4.1546950340270996,4.2243838310241699,3.846606969833374,4.0524148941040039,123238214
2025-07-25T00:00:00.000000Z,4.0524148941040039,4.2077980041503906,3.9129540920257568,4.207554817199707,98623850
2025-07-26T00:00:00.000000Z,4.2074980735778809,4.2842187881469727,4.1944208145141602,4.2148418426513672,59528479
2025-07-27T00:00:00.000000Z,4.2148418426513672,4.3752179145812988,4.2078619003295898,4.3299589157104492,59552351
2025-07-28T00:00:00.000000Z,4.3299589157104492,4.4341249465942383,4.03338623046875,4.0479311943054199,88012589
2025-07-29T00:00:00.000000Z,4.0479922294616699,4.2013959884643555,3.8573811054229736,3.932866096496582,82839484
2025-07-30T00:00:00.000000Z,3.932866096496582,3.9334399700164795,3.6577239036560059,3.8731069564819336,89027283
2025-07-31T00:00:00.000000Z,3.873136043548584,4.0478987693786621,3.7082879543304443,3.7306749820709229,77672417
2025-08-01T00:00:00.000000Z,3.7300739288330078,3.7300739288330078,3.4352550506591797,3.5361061096191406,114868517
2025-08-02T00:00:00.000000Z,3.5361061096191406,3.5957510471343994,3.3513879776000977,3.4154500961303711,58386930
2025-08-03T00:00:00.000000Z,3.4154500961303711,3.5931730270385742,3.3840160369873047,3.5750110149383545,50569356
2025-08-04T00:00:00.000000Z,3.5750019550323486,3.7194750308990479,3.5353178977966309,3.6983070373535156,58634727
2025-08-05T00:00:00.000000Z,3.6983070373535156,3.7106521129608154,3.4458389282226562,3.5332119464874268,61228161
2025-08-06T00:00:00.000000Z,3.5332119464874268,3.6337630748748779,3.4331159591674805,3.5952730178833008,47997799
2025-08-07T00:00:00.000000Z,3.5952730178833008,3.7963991165161133,3.5661509037017822,3.796051025390625,64733778
2025-08-08T00:00:00.000000Z,3.7960820198059082,3.9401669502258301,3.7706239223480225,3.8561069965362549,80046741
2025-08-09T00:00:00.000000Z,3.8560750484466553,4.0476670265197754,3.8478989601135254,3.9779520034790039,65992433
2025-08-10T00:00:00.000000Z,3.977924108505249,4.0647587776184082,3.8213489055633545,3.9513919353485107,67667081
2025-08-11T00:00:00.000000Z,3.9513919353485107,4.0541539192199707,3.7022120952606201,3.7514140605926514,82724784
2025-08-12T00:00:00.000000Z,3.7514140605926514,4.1075539588928223,3.7015719413757324,4.0531468391418457,93904626
2025-08-13T00:00:00.000000Z,4.0531468391418457,4.2607388496398926,4.011052131652832,4.177793025970459,116836918
2025-08-14T00:00:00.000000Z,4.177793025970459,4.2095651626586914,3.7380499839782715,3.8306410312652588,141669467
2025-08-15T00:00:00.000000Z,3.8306410312652588,3.9730319976806641,3.7177939414978027,3.85093092918396,85815810
2025-08-16T00:00:00.000000Z,3.85093092918396,3.9506819248199463,3.8307220935821533,3.9324009418487549,52823145
2025-08-17T00:00:00.000000Z,3.9324009418487549,4.0997939109802246,3.9223260879516602,3.9512081146240234,55374709
2025-08-18T00:00:00.000000Z,3.9512081146240234,3.9513258934020996,3.7049870491027832,3.7468910217285156,81466688
2025-08-19T00:00:00.000000Z,3.7468910217285156,3.7882239818572998,3.5355639457702637,3.5385260581970215,70649822
2025-08-20T00:00:00.000000Z,3.5385560989379883,3.7241919040679932,3.5184290409088135,3.6803109645843506,64954369
2025-08-21T00:00:00.000000Z,3.6803109645843506,3.6984970569610596,3.5154058933258057,3.538593053817749,44686517
2025-08-22T00:00:00.000000Z,3.538593053817749,3.9318540096282959,3.4111669063568115,3.8804829120635986,100456103
2025-08-23T00:00:00.000000Z,3.8804829120635986,3.9023630619049072,3.7386279106140137,3.8373019695281982,56206080
2025-08-24T00:00:00.000000Z,3.8373019695281982,3.9359040260314941,3.6588010787963867,3.7524540424346924,79347067
2025-08-25T00:00:00.000000Z,3.7524540424346924,3.8014070987701416,3.3752250671386719,3.3994650840759277,96446887
2025-08-26T00:00:00.000000Z,3.3993771076202393,3.6395549774169922,3.3740479946136475,3.5860080718994141,71135265
2025-08-27T00:00:00.000000Z,3.5860080718994141,3.6843960285186768,3.5492379665374756,3.5649659633636475,78311842
2025-08-28T00:00:00.000000Z,3.5649659633636475,3.7088100910186768,3.5479440689086914,3.6617879867553711,61435746
2025-08-29T00:00:00.000000Z,3.6616590023040771,3.6961541175842285,3.3770749568939209,3.4626290798187256,80453594
2025-08-30T00:00:00.000000Z,3.4626290798187256,3.5247659683227539,3.3906769752502441,3.486583948135376,42512905
2025-08-31T00:00:00.000000Z,3.486583948135376,3.5398149490356445,3.4183070659637451,3.4221909046173096,37347295
2025-09-01T00:00:00.000000Z,3.4221909046173096,3.4829850196838379,3.248629093170166,3.3237719535827637,61087237
2025-09-02T00:00:00.000000Z,3.3238000869750977,3.4718871116638184,3.3135230541229248,3.4568450450897217,51716057
2025-09-03T00:00:00.000000Z,3.4568159580230713,3.5172710418701172,3.4066240787506104,3.4807670116424561,44508973
2025-09-04T00:00:00.000000Z,3.4807670116424561,3.4978959560394287,3.3226640224456787,3.3639829158782959,40587847
2025-09-05T00:00:00.000000Z,3.363922119140625,3.5266110897064209,3.3613710403442383,3.4599359035491943,54269260
2025-09-06T00:00:00.000000Z,3.4599359035491943,3.4825479984283447,3.3950541019439697,3.4131870269775391,28602337
2025-09-07T00:00:00.000000Z,3.4131870269775391,3.5056300163269043,3.4086010456085205,3.4764599800109863,30771220
2025-09-08T00:00:00.000000Z,3.4764599800109863,3.7389900684356689,3.4713380336761475,3.7082669734954834,74383776
2025-09-09T00:00:00.000000Z,3.7082669734954834,4.0354251861572266,3.7082669734954834,3.7901780605316162,140733895
2025-09-10T00:00:00.000000Z,3.7901780605316162,3.9573860168457031,3.7607910633087158,3.9255430698394775,79887999
2025-09-11T00:00:00.000000Z,3.9255430698394775,4.0116620063781738,3.8911139965057373,3.9942049980163574,69422407
2025-09-12T00:00:00.000000Z,3.9942309856414795,4.0621957778930664,3.9079968929290771,4.0301990509033203,73906299
2025-09-13T00:00:00.000000Z,4.0301990509033203,4.1407380104064941,3.9590849876403809,4.058265209197998,68538773
2025-09-14T00:00:00.000000Z,4.0582032203674316,4.0591530799865723,3.852808952331543,3.9023370742797852,54514403
2025-09-15T00:00:00.000000Z,3.9023370742797852,3.9778299331665039,3.6853959560394287,3.7877559661865234,67892756
2025-09-16T00:00:00.000000Z,3.7878201007843018,3.9041769504547119,3.7422409057617188,3.8746919631958008,54402798
2025-09-17T00:00:00.000000Z,3.8746919631958008,4.0298681259155273,3.775223970413208,4.001039981842041,72114840
2025-09-18T00:00:00.000000Z,4.001039981842041,4.1279821395874023,3.9504420757293701,4.0901122093200684,72189547
2025-09-19T00:00:00.000000Z,4.0900788307189941,4.1596860885620117,3.8852469921112061,3.9119319915771484,66528358
2025-09-20T00:00:00.000000Z,3.9119319915771484,4.0235910415649414,3.8754830360412598,3.9835870265960693,49413547
2025-09-21T00:00:00.000000Z,3.9835870265960693,4.0410380363464355,3.9061939716339111,3.92221999168396,50273481
2025-09-22T00:00:00.000000Z,3.9221899509429932,3.9708600044250488,3.5951910018920898,3.6712360382080078,111868475
2025-09-23T00:00:00.000000Z,3.6712360382080078,3.6873650550842285,3.5447759628295898,3.5950469970703125,66760094
2025-09-24T00:00:00.000000Z,3.5950469970703125,3.6959960460662842,3.5152270793914795,3.6379780769348145,52284635
2025-09-25T00:00:00.000000Z,3.6379780769348145,3.6401159763336182,3.32098388671875,3.3360099792480469,83537847
2025-09-26T00:00:00.000000Z,3.3360099792480469,3.492189884185791,3.3107750415802002,3.4456241130828857,58660435
2025-09-27T00:00:00.000000Z,3.4456241130828857,3.4456241130828857,3.3666219711303711,3.3817849159240723,28753795
2025-09-28T00:00:00.000000Z,3.3817849159240723,3.472606897354126,3.2607541084289551,3.4497818946838379,50368581
2025-09-29T00:00:00.000000Z,3.4497818946838379,3.4828510284423828,3.3546609878540039,3.4125139713287354,52684996
2025-09-30T00:00:00.000000Z,3.4124870300292969,3.4192070960998535,3.2411630153656006,3.33479905128479,54653648
2025-10-01T00:00:00.000000Z,3.33479905128479,3.54911208152771,3.2997419834136963,3.5488619804382324,64354662
2025-10-02T00:00:00.000000Z,3.5487699508666992,3.7086079120635986,3.5308489799499512,3.6512351036071777,72885496
2025-10-03T00:00:00.000000Z,3.6512351036071777,3.7360479831695557,3.5384359359741211,3.6116340160369873,74806129
2025-10-04T00:00:00.000000Z,3.6116340160369873,3.6118080615997314,3.4305028915405273,3.5015809535980225,53675421
2025-10-05T00:00:00.000000Z,3.5015759468078613,3.6440138816833496,3.4547739028930664,3.4838199615478516,62932913
2025-10-06T00:00:00.000000Z,3.4838199615478516,3.665877103805542,3.4592909812927246,3.5983219146728516,63635683
2025-10-07T00:00:00.000000Z,3.5983219146728516,3.611609935760498,3.3621571063995361,3.3687460422515869,76458936
2025-10-08T00:00:00.000000Z,3.3687739372253418,3.4360649585723877,3.3320178985595703,3.3516340255737305,64731145
2025-10-09T00:00:00.000000Z,3.3516340255737305,3.3616409301757812,3.193511962890625,3.2420539855957031,82868906
2025-10-10T00:00:00.000000Z,3.242042064666748,3.335158109664917,0.71571898460388184,2.2774999141693115,229069371
2025-10-11T00:00:00.000000Z,2.2775321006774902,2.6413249969482422,2.2775321006774902,2.367933988571167,152686203
2025-10-12T00:00:00.000000Z,2.367933988571167,2.7945189476013184,2.3119609355926514,2.7390480041503906,84279916
2025-10-13T00:00:00.000000Z,2.7388510704040527,3.0796370506286621,2.7108759880065918,3.0524559020996094,136203898
2025-10-14T00:00:00.000000Z,3.0526819229125977,3.059628963470459,2.6892518997192383,2.8547670841217041,106041582
2025-10-15T00:00:00.000000Z,2.8547670841217041,2.9111289978027344,2.6458320617675781,2.6813509464263916,60507068
2025-10-16T00:00:00.000000Z,2.6813509464263916,2.7574319839477539,2.5060839653015137,2.5235579013824463,68169908
2025-10-17T00:00:00.000000Z,2.5235309600830078,2.5590050220489502,2.3083550930023193,2.4525840282440186,78248522
2025-10-18T00:00:00.000000Z,2.4525840282440186,2.5188760757446289,2.4299979209899902,2.4798979759216309,32397658
2025-10-19T00:00:00.000000Z,2.4798979759216309,2.5876491069793701,2.4269189834594727,2.5307281017303467,44958389
2025-10-20T00:00:00.000000Z,2.53078293800354,2.6518580913543701,2.4727160930633545,2.5682530403137207,45355362
2025-10-21T00:00:00.000000Z,2.5681068897247314,2.694936990737915,2.4422049522399902,2.4705948829650879,56794603
2025-10-22T00:00:00.000000Z,2.4705660343170166,2.5082180500030518,2.3318018913269043,2.385545015335083,49238927
2025-10-23T00:00:00.000000Z,2.385545015335083,2.5060639381408691,2.3744630813598633,2.4604799747467041,48555848
2025-10-24T00:00:00.000000Z,2.4604799747467041,2.5165979862213135,2.4016211032867432,2.4658350944519043,45398028
2025-10-25T00:00:00.000000Z,2.4658350944519043,2.4981920719146729,2.4016048908233643,2.4732639789581299,39426101
2025-10-26T00:00:00.000000Z,2.4732639789581299,2.5910000801086426,2.4282310009002686,2.5757889747619629,48924782
2025-10-27T00:00:00.000000Z,2.5757598876953125,2.6225459575653076,2.4788210391998291,2.49822998046875,57716513
2025-10-28T00:00:00.000000Z,2.49822998046875,2.5720028877258301,2.3986918926239014,2.4278900623321533,51836339
2025-10-29T00:00:00.000000Z,2.4278900623321533,2.4851489067077637,2.3674631118774414,2.3902709484100342,61111130
2025-10-30T00:00:00.000000Z,2.3902709484100342,2.4290869235992432,2.161931037902832,2.2330570220947266,63985062
2025-10-31T00:00:00.000000Z,2.2330060005187988,2.3002049922943115,2.1981360912322998,2.22782301902771,40863964
2025-11-01T00:00:00.000000Z,2.22782301902771,2.3504230976104736,2.2029008865356445,2.3293600082397461,47060365
2025-11-02T00:00:00.000000Z,2.3292179107666016,2.3637609481811523,2.2170939445495605,2.2945499420166016,40042400
2025-11-03T00:00:00.000000Z,2.2945499420166016,2.2945499420166016,1.9568749666213989,2.0002059936523438,74009098
2025-11-04T00:00:00.000000Z,2.0001809597015381,2.0422360897064209,1.7500489950180054,1.8657029867172241,91032284
2025-11-05T00:00:00.000000Z,1.8656760454177856,2.0302729606628418,1.744297981262207,2.0247941017150879,64154773
2025-11-06T00:00:00.000000Z,2.0247650146484375,2.0248010158538818,1.8721330165863037,1.9385319948196411,47370884
2025-11-07T00:00:00.000000Z,1.9385889768600464,2.8838710784912109,1.9382879734039307,2.4369440078735352,270085888
2025-11-08T00:00:00.000000Z,2.4369699954986572,2.4869890213012695,2.261850118637085,2.316817045211792,128762934
2025-11-09T00:00:00.000000Z,2.3169229030609131,2.4789960384368896,2.1903419494628906,2.406135082244873,87306401
2025-11-10T00:00:00.000000Z,2.4061069488525391,2.7437310218811035,2.3887300491333008,2.5195720195770264,153691619
2025-11-11T00:00:00.000000Z,2.5196850299835205,2.5283050537109375,2.3167479038238525,2.3211588859558105,78391845
2025-11-12T00:00:00.000000Z,2.3211100101470947,2.6097040176391602,2.2774620056152344,2.3209559917449951,106996097
2025-11-13T00:00:00.000000Z,2.3209800720214844,2.490027904510498,2.1797380447387695,2.3362710475921631,97291579
2025-11-14T00:00:00.000000Z,2.3365299701690674,2.3382630348205566,2.0593109130859375,2.0922648906707764,87947761
2025-11-15T00:00:00.000000Z,2.0922648906707764,2.2335770130157471,2.0768320560455322,2.1348650455474854,50169101
2025-11-16T00:00:00.000000Z,2.1348650455474854,2.1743850708007812,1.9662439823150635,2.015125036239624,65158000
2025-11-17T00:00:00.000000Z,2.0151000022888184,2.0766379833221436,1.9024950265884399,1.9301789999008179,68092490
2025-11-18T00:00:00.000000Z,1.9303849935531616,2.149885892868042,1.8944940567016602,2.0639259815216064,80593488
2025-11-19T00:00:00.000000Z,2.0639259815216064,2.0915839672088623,1.8952649831771851,2.0349199771881104,67942052
2025-11-20T00:00:00.000000Z,2.0349199771881104,2.1094799041748047,1.8788180351257324,1.9025709629058838,70704093
2025-11-21T00:00:00.000000Z,1.9021990299224854,1.9224250316619873,1.6384190320968628,1.6895910501480103,97334330
2025-11-22T00:00:00.000000Z,1.6895910501480103,1.7396320104598999,1.643280029296875,1.7332899570465088,46876484
2025-11-23T00:00:00.000000Z,1.7333790063858032,1.7701209783554077,1.7108080387115479,1.7127890586853027,44836083
2025-11-24T00:00:00.000000Z,1.7128139734268188,1.8543239831924438,1.6824779510498047,1.8364119529724121,52601763
2025-11-25T00:00:00.000000Z,1.8363080024719238,1.8513400554656982,1.7423720359802246,1.8170499801635742,46225672
2025-11-26T00:00:00.000000Z,1.8170499801635742,1.8431459665298462,1.747001051902771,1.8259439468383789,37890638
2025-11-27T00:00:00.000000Z,1.8259439468383789,1.8452340364456177,1.7723469734191895,1.7944109439849854,45868127
2025-11-28T00:00:00.000000Z,1.7944129705429077,1.8826459646224976,1.7541029453277588,1.7962759733200073,42911852
2025-11-29T00:00:00.000000Z,1.7962759733200073,1.801880955696106,1.7516839504241943,1.7643849849700928,20999963
2025-11-30T00:00:00.000000Z,1.764320969581604,1.7893520593643188,1.7156100273132324,1.7156100273132324,25596546
2025-12-01T00:00:00.000000Z,1.7156100273132324,1.7156100273132324,1.5182310342788696,1.5659290552139282,48306111
2025-12-02T00:00:00.000000Z,1.5659290552139282,1.7624529600143433,1.5549860000610352,1.7106460332870483,37619945
2025-12-03T00:00:00.000000Z,1.7106460332870483,1.7770730257034302,1.7027020454406738,1.7583069801330566,38559273
2025-12-04T00:00:00.000000Z,1.7578059434890747,1.7872289419174194,1.6827499866485596,1.7122739553451538,31313618
2025-12-05T00:00:00.000000Z,1.7122739553451538,1.7218680381774902,1.5810329914093018,1.6072119474411011,35917137
2025-12-06T00:00:00.000000Z,1.6072119474411011,1.6246809959411621,1.5906280279159546,1.6015130281448364,22024954
2025-12-07T00:00:00.000000Z,1.6014529466629028,1.6503889560699463,1.5384069681167603,1.5778059959411621,33739624
2025-12-08T00:00:00.000000Z,1.5778809785842896,1.6674150228500366,1.5698230266571045,1.6376559734344482,36808614
2025-12-09T00:00:00.000000Z,1.637660026550293,1.7771400213241577,1.6131830215454102,1.7033979892730713,50279699
2025-12-10T00:00:00.000000Z,1.7033979892730713,1.7455370426177979,1.6379599571228027,1.6471140384674072,44399186
2025-12-11T00:00:00.000000Z,1.647104024887085,1.647104024887085,1.555359959602356,1.6072150468826294,37671735
2025-12-12T00:00:00.000000Z,1.6072150468826294,1.6333839893341064,1.5169320106506348,1.5485680103302002,33395568
2025-12-13T00:00:00.000000Z,1.5485680103302002,1.5684390068054199,1.5418150424957275,1.5532350540161133,20314794
2025-12-14T00:00:00.000000Z,1.5532920360565186,1.5566140413284302,1.4682029485702515,1.4791320562362671,25888982
2025-12-15T00:00:00.000000Z,1.4791330099105835,1.5248880386352539,1.3655719757080078,1.406702995300293,37617365
2025-12-16T00:00:00.000000Z,1.4067050218582153,1.4383050203323364,1.3802100419998169,1.4006719589233398,29690715
2025-12-17T00:00:00.000000Z,1.4006969928741455,1.4329860210418701,1.2910029888153076,1.2915760278701782,31721920
2025-12-18T00:00:00.000000Z,1.2915760278701782,1.3322770595550537,1.1932179927825928,1.2099080085754395,32812045
2025-12-19T00:00:00.000000Z,1.2099080085754395,1.3577539920806885,1.180927038192749,1.3130370378494263,38029204
2025-12-20T00:00:00.000000Z,1.3130370378494263,1.3130409717559814,1.2777359485626221,1.2886940240859985,21751616
2025-12-21T00:00:00.000000Z,1.2886940240859985,1.2988250255584717,1.2367240190505981,1.2704429626464844,19800729
2025-12-22T00:00:00.000000Z,1.2704429626464844,1.3471280336380005,1.2616070508956909,1.2851899862289429,35673612
2025-12-23T00:00:00.000000Z,1.2851899862289429,1.2968159914016724,1.241940975189209,1.2745909690856934,22163332
2025-12-24T00:00:00.000000Z,1.2745909690856934,1.2868499755859375,1.2223659753799438,1.2606559991836548,23448282
2025-12-25T00:00:00.000000Z,1.2606559991836548,1.2922370433807373,1.2285469770431519,1.2300560474395752,21416635
2025-12-26T00:00:00.000000Z,1.2300859689712524,1.2937040328979492,1.2263610363006592,1.270751953125,20355517
2025-12-27T00:00:00.000000Z,1.2707819938659668,1.344620943069458,1.2694929838180542,1.3333189487457275,20740324
2025-12-28T00:00:00.000000Z,1.3333489894866943,1.3412729501724243,1.3030380010604858,1.320531964302063,19510199
2025-12-29T00:00:00.000000Z,1.320531964302063,1.3679569959640503,1.2934620380401611,1.2946070432662964,26507924
2025-12-30T00:00:00.000000Z,1.2946070432662964,1.3117280006408691,1.2873259782791138,1.2985329627990723,21963860
2025-12-31T00:00:00.000000Z,1.2985329627990723,1.3028130531311035,1.2813730239868164,1.2842090129852295,25338294
2026-01-01T00:00:00.000000Z,1.2842090129852295,1.3795690536499023,1.2817399501800537,1.378972053527832,24391489
2026-01-02T00:00:00.000000Z,1.378972053527832,1.5623869895935059,1.378972053527832,1.5141359567642212,95517204
2026-01-03T00:00:00.000000Z,1.5141359567642212,1.8718559741973877,1.4934519529342651,1.8521610498428345,100561178
2026-01-04T00:00:00.000000Z,1.8518929481506348,2.0071620941162109,1.763672947883606,1.9888659715652466,139034707
2026-01-05T00:00:00.000000Z,1.9888930320739746,2.2906429767608643,1.9471069574356079,2.2150299549102783,194529715
2026-01-06T00:00:00.000000Z,2.2150299549102783,2.5621259212493896,2.1788079738616943,2.3783318996429443,283240852
2026-01-07T00:00:00.000000Z,2.3783590793609619,2.4469089508056641,2.235274076461792,2.2462339401245117,121897251
2026-01-08T00:00:00.000000Z,2.2461979389190674,2.3300011157989502,2.0749609470367432,2.1652328968048096,132573719
2026-01-09T00:00:00.000000Z,2.1652019023895264,2.4291191101074219,2.1255838871002197,2.3382918834686279,126720373
2026-01-10T00:00:00.000000Z,2.3382461071014404,2.3688819408416748,2.2367639541625977,2.2798449993133545,73401023
2026-01-11T00:00:00.000000Z,2.2798449993133545,2.7003340721130371,2.2727789878845215,2.5888140201568604,204561536
2026-01-12T00:00:00.000000Z,2.5887899398803711,2.6389870643615723,2.3473320007324219,2.3715500831604004,145651104
2026-01-13T00:00:00.000000Z,2.3714830875396729,2.4421730041503906,2.3322679996490479,2.358583927154541,115675221
2026-01-14T00:00:00.000000Z,2.358583927154541,2.4377949237823486,2.2618179321289062,2.2619171142578125,132639928
2026-01-15T00:00:00.000000Z,2.2619640827178955,2.3342900276184082,2.1707820892333984,2.2201011180877686,87479566
2026-01-16T00:00:00.000000Z,2.2201290130615234,2.2834699153900146,2.1605930328369141,2.2386219501495361,52767305
2026-01-17T00:00:00.000000Z,2.2385909557342529,2.2950429916381836,2.1921119689941406,2.2035329341888428,47087665
2026-01-18T00:00:00.000000Z,2.2035849094390869,2.2245960235595703,2.0744900703430176,2.0759940147399902,47620782
2026-01-19T00:00:00.000000Z,2.0759940147399902,2.1422851085662842,1.9392650127410889,2.0749070644378662,94900533
2026-01-20T00:00:00.000000Z,2.074908971786499,2.0763120651245117,1.9020539522171021,1.9035229682922363,60523513
2026-01-21T00:00:00.000000Z,1.9035229682922363,2.1382889747619629,1.8882869482040405,1.976606011390686,126436767
2026-01-22T00:00:00.000000Z,1.9766600131988525,2.1039481163024902,1.9721399545669556,2.0256218910217285,94403699
2026-01-23T00:00:00.000000Z,2.0256218910217285,2.1090590953826904,2.0066690444946289,2.0205550193786621,80201858
2026-01-24T00:00:00.000000Z,2.0206470489501953,2.0300250053405762,1.9856159687042236,2.0123300552368164,28985074
2026-01-25T00:00:00.000000Z,2.0123400688171387,2.0147190093994141,1.8276280164718628,1.8729380369186401,59018082
2026-01-26T00:00:00.000000Z,1.8729380369186401,1.9698430299758911,1.8600200414657593,1.898419976234436,52253571
2026-01-27T00:00:00.000000Z,1.8984500169754028,1.9131369590759277,1.7966599464416504,1.8631670475006104,55266862
2026-01-28T00:00:00.000000Z,1.8631939888000488,2.0009980201721191,1.8478560447692871,1.9692800045013428,74529123
2026-01-29T00:00:00.000000Z,1.9692800045013428,1.9733250141143799,1.7168090343475342,1.7520610094070435,95141708
2026-01-30T00:00:00.000000Z,1.7520610094070435,1.7520610094070435,1.6339349746704102,1.677183985710144,76764720
2026-01-31T00:00:00.000000Z,1.677183985710144,1.7230240106582642,1.4361840486526489,1.5496649742126465,99482131
2026-02-01T00:00:00.000000Z,1.5496649742126465,1.5963519811630249,1.4716219902038574,1.4982750415802002,53864958
2026-02-02T00:00:00.000000Z,1.4981659650802612,1.6522070169448853,1.4586989879608154,1.587689995765686,70596903
2026-02-03T00:00:00.000000Z,1.587689995765686,1.6373050212860107,1.4797730445861816,1.5418779850006104,68584622
2026-02-04T00:00:00.000000Z,1.5418779850006104,1.5902990102767944,1.4822460412979126,1.5065710544586182,58287775
2026-02-05T00:00:00.000000Z,1.5065710544586182,1.514011025428772,1.2490969896316528,1.2490969896316528,93291479
2026-02-06T00:00:00.000000Z,1.2491220235824585,1.5026639699935913,1.1464780569076538,1.4334579706192017,111329492
2026-02-07T00:00:00.000000Z,1.4334579706192017,1.4334579706192017,1.3260129690170288,1.3776329755783081,58119434
2026-02-08T00:00:00.000000Z,1.3775990009307861,1.4055759906768799,1.3357399702072144,1.3511940240859985,30739151
2026-02-09T00:00:00.000000Z,1.3511509895324707,1.3813149929046631,1.290276050567627,1.3533550500869751,37866632
2026-02-10T00:00:00.000000Z,1.3533550500869751,1.3652709722518921,1.2863550186157227,1.2977579832077026,26609877
2026-02-11T00:00:00.000000Z,1.2977319955825806,1.3235399723052979,1.2401620149612427,1.2716749906539917,43053596
2026-02-12T00:00:00.000000Z,1.2716749906539917,1.3443360328674316,1.266044020652771,1.3103979825973511,36436560
2026-02-13T00:00:00.000000Z,1.3103979825973511,1.3926889896392822,1.2741949558258057,1.3761680126190186,36698864
2026-02-14T00:00:00.000000Z,1.376194953918457,1.5457470417022705,1.3715039491653442,1.5112459659576416,53196279
2026-02-15T00:00:00.000000Z,1.5112390518188477,1.5222940444946289,1.388653039932251,1.4340610504150391,43508583
2026-02-16T00:00:00.000000Z,1.4340610504150391,1.4901679754257202,1.4157789945602417,1.4516810178756714,37367992
2026-02-17T00:00:00.000000Z,1.4516810178756714,1.4868240356445312,1.4233230352401733,1.447100043296814,36161496
2026-02-18T00:00:00.000000Z,1.447100043296814,1.4817379713058472,1.401731014251709,1.4181510210037231,32670764
2026-02-19T00:00:00.000000Z,1.4181510210037231,1.4882359504699707,1.3582390546798706,1.3996930122375488,45411545
2026-02-20T00:00:00.000000Z,1.3996930122375488,1.524232029914856,1.3989930152893066,1.5061609745025635,62646532
2026-02-21T00:00:00.000000Z,1.5061310529708862,1.5382239818572998,1.4600199460983276,1.4611150026321411,30064051
2026-02-22T00:00:00.000000Z,1.4611150026321411,1.4611929655075073,1.3893280029296875,1.4131879806518555,26847002
2026-02-23T00:00:00.000000Z,1.4131879806518555,1.4287949800491333,1.3560160398483276,1.3808540105819702,39729024
2026-02-24T00:00:00.000000Z,1.3808540105819702,1.4023629426956177,1.3332810401916504,1.3576149940490723,32891964
2026-02-25T00:00:00.000000Z,1.3576710224151611,1.5466059446334839,1.3468450307846069,1.4883350133895874,54159364
2026-02-26T00:00:00.000000Z,1.4882199764251709,1.4993729591369629,1.4027010202407837,1.4364709854125977,44064613
2026-02-27T00:00:00.000000Z,1.4364709854125977,1.4975199699401855,1.3940650224685669,1.4155479669570923,34547832
2026-02-28T00:00:00.000000Z,1.4155720472335815,1.4257570505142212,1.3009289503097534,1.406108021736145,47238870
2026-03-01T00:00:00.000000Z,1.406108021736145,1.4588639736175537,1.3142629861831665,1.33788001537323,39718190
2026-03-02T00:00:00.000000Z,1.33788001537323,1.4338350296020508,1.3301800489425659,1.3640409708023071,49187737
2026-03-03T00:00:00.000000Z,1.3643330335617065,1.3664109706878662,1.3141460418701172,1.3414299488067627,39081547
2026-03-04T00:00:00.000000Z,1.3414299488067627,1.4515199661254883,1.3162909746170044,1.4130369424819946,57071644
2026-03-05T00:00:00.000000Z,1.4130369424819946,1.4164340496063232,1.3374559879302979,1.3962149620056152,46588571
2026-03-06T00:00:00.000000Z,1.3962149620056152,1.4201769828796387,1.3355170488357544,1.3515770435333252,33618261
2026-03-07T00:00:00.000000Z,1.3515770435333252,1.3991279602050781,1.3350540399551392,1.3603689670562744,28528441
2026-03-08T00:00:00.000000Z,1.3603700399398804,1.3973729610443115,1.3447510004043579,1.3526970148086548,34509981
2026-03-09T00:00:00.000000Z,1.3526970148086548,1.4170149564743042,1.3514569997787476,1.392117977142334,35656011
2026-03-10T00:00:00.000000Z,1.392117977142334,1.5902739763259888,1.392117977142334,1.4713809490203857,77410556
2026-03-11T00:00:00.000000Z,1.4713809490203857,1.5748549699783325,1.4580229520797729,1.5294280052185059,55426883
2026-03-12T00:00:00.000000Z,1.5294280052185059,1.6961139440536499,1.4926279783248901,1.6890829801559448,80186315
2026-03-13T00:00:00.000000Z,1.6892880201339722,1.9377520084381104,1.6760610342025757,1.795274019241333,239131315
2026-03-14T00:00:00.000000Z,1.795274019241333,1.8968000411987305,1.7415670156478882,1.8953440189361572,73786129
2026-03-15T00:00:00.000000Z,1.8954830169677734,1.9412080049514771,1.8098390102386475,1.8956389427185059,107915519
2026-03-16T00:00:00.000000Z,1.8956639766693115,1.9842900037765503,1.8292980194091797,1.9359910488128662,99748738
2026-03-17T00:00:00.000000Z,1.9359320402145386,1.9424020051956177,1.7865289449691772,1.8026529550552368,75643425
2026-03-18T00:00:00.000000Z,1.8026750087738037,1.8457759618759155,1.6997729539871216,1.7506239414215088,63030882
2026-03-19T00:00:00.000000Z,1.7506239414215088,1.7555450201034546,1.6280670166015625,1.6795309782028198,51231876
2026-03-20T00:00:00.000000Z,1.6795589923858643,1.8071509599685669,1.6759430170059204,1.7111819982528687,64422121
2026-03-21T00:00:00.000000Z,1.7111999988555908,1.7237299680709839,1.6469969749450684,1.6483169794082642,26949638
2026-03-22T00:00:00.000000Z,1.6485830545425415,1.6873749494552612,1.6025069952011108,1.610247015953064,38159890
2026-03-23T00:00:00.000000Z,1.6102639436721802,1.7074450254440308,1.573917031288147,1.687425971031189,80533718
2026-03-24T00:00:00.000000Z,1.687425971031189,1.7960059642791748,1.6821620464324951,1.7454019784927368,99189600
2026-03-25T00:00:00.000000Z,1.7453670501708984,1.9039429426193237,1.7440210580825806,1.8575799465179443,107827851
2026-03-26T00:00:00.000000Z,1.8575799465179443,1.874798059463501,1.7389049530029297,1.7667570114135742,57108035
2026-03-27T00:00:00.000000Z,1.7667570114135742,1.8211280107498169,1.6389919519424438,1.6582969427108765,54053111
2026-03-28T00:00:00.000000Z,1.6582969427108765,1.7316230535507202,1.619359016418457,1.6530519723892212,44560280
2026-03-29T00:00:00.000000Z,1.6530519723892212,1.6870399713516235,1.613271951675415,1.6489889621734619,28608250
2026-03-30T00:00:00.000000Z,1.6489260196685791,1.7595629692077637,1.6489260196685791,1.6815929412841797,49228108
2026-03-31T00:00:00.000000Z,1.6815929412841797,1.744657039642334,1.6605720520019531,1.7380310297012329,44257004
2026-04-01T00:00:00.000000Z,1.7381130456924438,1.8312439918518066,1.7379850149154663,1.7613810300827026,58767823
2026-04-02T00:00:00.000000Z,1.7613810300827026,1.8889449834823608,1.702180027961731,1.8673770427703857,74448943
2026-04-03T00:00:00.000000Z,1.8673770427703857,1.9613460302352905,1.8463660478591919,1.9396680593490601,76429347
2026-04-04T00:00:00.000000Z,1.9396680593490601,1.9424409866333008,1.8630269765853882,1.8753030300140381,35586251
2026-04-05T00:00:00.000000Z,1.8753639459609985,1.9075930118560791,1.8249679803848267,1.8989139795303345,39060941
2026-04-06T00:00:00.000000Z,1.8989690542221069,1.9954979419708252,1.8523809909820557,1.8629419803619385,70371475
2026-04-07T00:00:00.000000Z,1.8629419803619385,2.1116631031036377,1.8492779731750488,2.0554618835449219,76559620
2026-04-08T00:00:00.000000Z,2.0554618835449219,2.1181049346923828,1.9938169717788696,1.9995239973068237,85295056
2026-04-09T00:00:00.000000Z,1.9995739459991455,2.1037139892578125,1.9784209728240967,2.0403859615325928,59911603
2026-04-10T00:00:00.000000Z,2.0405869483947754,2.0641779899597168,1.993306040763855,2.0066449642181396,65972141
2026-04-11T00:00:00.000000Z,2.0066790580749512,2.0777320861816406,1.9742660522460938,2.0164809226989746,53535093
2026-04-12T00:00:00.000000Z,2.0164790153503418,2.0182609558105469,1.8720519542694092,1.8855379819869995,63916583
2026-04-13T00:00:00.000000Z,1.8855890035629272,1.9381699562072754,1.8495850563049316,1.923524022102356,72676772
2026-04-14T00:00:00.000000Z,1.9234919548034668,1.9383729696273804,1.8234080076217651,1.8332550525665283,72137105
2026-04-15T00:00:00.000000Z,1.8332550525665283,1.9106040000915527,1.8261070251464844,1.8855170011520386,77774721
2026-04-16T00:00:00.000000Z,1.8855040073394775,1.9040789604187012,1.8107509613037109,1.8756500482559204,101486705
2026-04-17T00:00:00.000000Z,1.8756190538406372,1.961156964302063,1.8355239629745483,1.8678220510482788,108842101
2026-04-18T00:00:00.000000Z,1.8678239583969116,1.878093957901001,1.7761240005493164,1.7794159650802612,79504845
2026-04-19T00:00:00.000000Z,1.7794159650802612,1.8123780488967896,1.7204999923706055,1.7271360158920288,72662451
2026-04-20T00:00:00.000000Z,1.7271360158920288,1.7978349924087524,1.7270139455795288,1.7907739877700806,70506438
2026-04-21T00:00:00.000000Z,1.7907609939575195,1.8119230270385742,1.7513519525527954,1.7930910587310791,66618440
2026-04-22T00:00:00.000000Z,1.7930910587310791,1.8690969944000244,1.7892060279846191,1.8124159574508667,64243167
2026-04-23T00:00:00.000000Z,1.8123799562454224,1.8224090337753296,1.7711440324783325,1.8062020540237427,50379013
2026-04-24T00:00:00.000000Z,1.8062020540237427,1.8251980543136597,1.7829270362854004,1.7918989658355713,36187525
2026-04-25T00:00:00.000000Z,1.7919249534606934,1.8218029737472534,1.772475004196167,1.8049169778823853,30297044
2026-04-26T00:00:00.000000Z,1.8049449920654297,1.8461320400238037,1.7945460081100464,1.8242579698562622,38581219
2026-04-27T00:00:00.000000Z,1.8242590427398682,1.8635439872741699,1.746940016746521,1.7895499467849731,46456660
2026-04-28T00:00:00.000000Z,1.7895530462265015,1.7895530462265015,1.7367949485778809,1.7448869943618774,29436246
2026-04-29T00:00:00.000000Z,1.7448869943618774,1.7934199571609497,1.6636639833450317,1.7161270380020142,45687887
2026-04-30T00:00:00.000000Z,1.7161270380020142,1.7165650129318237,1.6665960550308228,1.676226019859314,28062230
2026-05-01T00:00:00.000000Z,1.6761430501937866,1.7243169546127319,1.672544002532959,1.701990008354187,33481302
2026-05-02T00:00:00.000000Z,1.701990008354187,1.8034119606018066,1.699167013168335,1.782446026802063,29722413
2026-05-03T00:00:00.000000Z,1.782446026802063,1.8579790592193604,1.7576630115509033,1.8261040449142456,45181236
2026-05-04T00:00:00.000000Z,1.8261040449142456,1.8949160575866699,1.8100579977035522,1.8201830387115479,58807706
2026-05-05T00:00:00.000000Z,1.8201830387115479,1.9174289703369141,1.8167639970779419,1.8935409784317017,58808134
2026-05-06T00:00:00.000000Z,1.8935409784317017,1.9927929639816284,1.8822029829025269,1.9587210416793823,89148308
2026-05-07T00:00:00.000000Z,1.9587509632110596,2.0260689258575439,1.9054470062255859,1.9471440315246582,71799575
2026-05-08T00:00:00.000000Z,1.9471440315246582,2.0642039775848389,1.9350500106811523,2.0503098964691162,80778403
2026-05-09T00:00:00.000000Z,2.0503950119018555,2.0818150043487549,1.9789090156555176,2.0020139217376709,60890085
2026-05-10T00:00:00.000000Z,2.0020139217376709,2.079246997833252,1.9783480167388916,2.0149600505828857,82357010
2026-05-11T00:00:00.000000Z,2.0149600505828857,2.0183939933776855,1.9431259632110596,1.9603869915008545,75996644
2026-05-12T00:00:00.000000Z,1.9603869915008545,1.96042799949646,1.8517680168151855,1.9038679599761963,83774222
2026-05-13T00:00:00.000000Z,1.9038679599761963,1.9535139799118042,1.8245810270309448,1.8731340169906616,75145378
2026-05-14T00:00:00.000000Z,1.8731340169906616,1.9451689720153809,1.8349109888076782,1.8984090089797974,50058908
2026-05-15T00:00:00.000000Z,1.8984090089797974,1.9318870306015015,1.8030279874801636,1.8799879550933838,46473188
2026-05-16T00:00:00.000000Z,1.879984974861145,1.9194680452346802,1.7871899604797363,1.8274680376052856,39834621
2026-05-17T00:00:00.000000Z,1.8274680376052856,1.8500100374221802,1.7483969926834106,1.7927409410476685,31376551
2026-05-18T00:00:00.000000Z,1.7927149534225464,1.8233339786529541,1.734423041343689,1.8167630434036255,38192751
2026-05-19T00:00:00.000000Z,1.8167630434036255,1.8553010225296021,1.7846859693527222,1.8188489675521851,35112118
2026-05-20T00:00:00.000000Z,1.8188489675521851,1.9455569982528687,1.8027369976043701,1.9036270380020142,46565680
2026-05-21T00:00:00.000000Z,1.9036270380020142,1.9616080522537231,1.8879760503768921,1.9337940216064453,49459223
2026-05-22T00:00:00.000000Z,1.9337940216064453,2.096621036529541,1.8400349617004395,1.8448200225830078,117759111
2026-05-23T00:00:00.000000Z,1.8448460102081299,1.9765139818191528,1.7729179859161377,1.9389909505844116,76646294
2026-05-24T00:00:00.000000Z,1.9389909505844116,2.0221691131591797,1.911404013633728,2.0193469524383545,69965878
2026-05-25T00:00:00.000000Z,2.0190050601959229,2.2711489200592041,1.9740780591964722,2.1793780326843262,161815415
2026-05-26T00:00:00.000000Z,2.1795089244842529,2.4305710792541504,2.14192795753479,2.2931549549102783,235446129
2026-05-27T00:00:00.000000Z,2.2929880619049072,2.3407599925994873,2.1145129203796387,2.1327219009399414,125564910
2026-05-28T00:00:00.000000Z,2.1324179172515869,2.1326370239257812,1.9352209568023682,1.9970049858093262,102562930
2026-05-29T00:00:00.000000Z,1.9969810247421265,2.0914649963378906,1.947024941444397,1.9655539989471436,119682662
2026-05-30T00:00:00.000000Z,1.9655090570449829,2.1435019969940186,1.9377659559249878,2.1049129962921143,127227699
2026-05-31T00:00:00.000000Z,2.1048650741577148,2.1451530456542969,2.0059289932250977,2.0833640098571777,68153084
2026-06-01T00:00:00.000000Z,2.0833690166473389,2.1572470664978027,1.9569799900054932,2.1158430576324463,113975111
2026-06-02T00:00:00.000000Z,2.1158978939056396,2.2466270923614502,1.9988000392913818,2.0374259948730469,156920991
2026-06-03T00:00:00.000000Z,2.0374789237976074,2.2594590187072754,2.0332069396972656,2.1520318984985352,162058206
2026-06-04T00:00:00.000000Z,2.1520071029663086,2.2037210464477539,1.8280190229415894,1.8802069425582886,149243022
2026-06-05T00:00:00.000000Z,1.8799430131912231,1.8816970586776733,1.5660029649734497,1.6770689487457275,117015541
2026-06-06T00:00:00.000000Z,1.6772719621658325,1.6964130401611328,1.5557589530944824,1.5970569849014282,44313674
2026-06-07T00:00:00.000000Z,1.5970139503479004,1.7200100421905518,1.5951360464096069,1.6763459444046021,60234035
2026-06-08T00:00:00.000000Z,1.6763459444046021,1.6951659917831421,1.6252930164337158,1.6395419836044312,58661581
2026-06-09T00:00:00.000000Z,1.6395570039749146,1.6573480367660522,1.5717320442199707,1.6135040521621704,44492531
2026-06-10T00:00:00.000000Z,1.6135040521621704,1.6219730377197266,1.4823780059814453,1.5159709453582764,46202201
2026-06-11T00:00:00.000000Z,1.5159709453582764,1.6690419912338257,1.5150799751281738,1.6320610046386719,42638990
2026-06-12T00:00:00.000000Z,1.6320619583129883,1.7040040493011475,1.607943058013916,1.6534450054168701,38893417
2026-06-13T00:00:00.000000Z,1.6534559726715088,1.810399055480957,1.6524449586868286,1.7718720436096191,57820611
2026-06-14T00:00:00.000000Z,1.7718720436096191,1.8088400363922119,1.7086379528045654,1.8023849725723267,43810091
2026-06-15T00:00:00.000000Z,1.8023849725723267,1.8664289712905884,1.7785550355911255,1.7912570238113403,53468248
2026-06-16T00:00:00.000000Z,1.7912570238113403,1.822780966758728,1.7096379995346069,1.7270900011062622,39031092
2026-06-17T00:00:00.000000Z,1.7271159887313843,1.7646880149841309,1.6620969772338867,1.6916170120239258,42660581
2026-06-18T00:00:00.000000Z,1.6916170120239258,1.7332899570465088,1.6233489513397217,1.6763260364532471,39424061
2026-06-19T00:00:00.000000Z,1.6763260364532471,1.7599480152130127,1.6523449420928955,1.757390022277832,42390099
2026-06-20T00:00:00.000000Z,1.7574670314788818,1.7673530578613281,1.7033059597015381,1.717913031578064,27207943
2026-06-21T00:00:00.000000Z,1.717913031578064,1.7194479703903198,1.652197003364563,1.6522870063781738,29328899
2026-06-22T00:00:00.000000Z,1.6522870063781738,1.7140170335769653,1.6241500377655029,1.6301369667053223,27975425
2026-06-23T00:00:00.000000Z,1.630107045173645,1.6302930116653442,1.5333160161972046,1.5833389759063721,32036808
2026-06-24T00:00:00.000000Z,1.5833380222320557,1.6150039434432983,1.4905719757080078,1.5736409425735474,45184295
2026-06-25T00:00:00.000000Z,1.5740089416503906,1.5853079557418823,1.4613430500030518,1.5185929536819458,39997343
2026-06-26T00:00:00.000000Z,1.5185730457305908,1.5704859495162964,1.4555239677429199,1.5676330327987671,32590029
2026-06-27T00:00:00.000000Z,1.567924976348877,1.6340750455856323,1.5570579767227173,1.5576159954071045,29867341
2026-06-28T00:00:00.000000Z,1.5576399564743042,1.5760780572891235,1.5158710479736328,1.5428129434585571,20581154
2026-06-29T00:00:00.000000Z,1.5427889823913574,1.601222038269043,1.5140219926834106,1.5585850477218628,30129137
2026-06-30T00:00:00.000000Z,1.5585850477218628,1.5795689821243286,1.4902249574661255,1.5075989961624146,26917881
2026-07-01T00:00:00.000000Z,1.5075860023498535,1.5507940053939819,1.4796010255813599,1.5010069608688354,31251776
2026-07-02T00:00:00.000000Z,1.5010069608688354,1.6228510141372681,1.4944560527801514,1.588994026184082,34791910
2026-07-03T00:00:00.000000Z,1.5890029668807983,1.6246800422668457,1.5889209508895874,1.6097619533538818,26536794
2026-07-04T00:00:00.000000Z,1.6097650527954102,1.6344050168991089,1.5773290395736694,1.6086519956588745,25869176
2026-07-05T00:00:00.000000Z,1.608644962310791,1.622791051864624,1.5729160308837891,1.6153889894485474,19108617
2026-07-06T00:00:00.000000Z,1.6153889894485474,1.627985954284668,1.5530359745025635,1.6148389577865601,27505066
2026-07-07T00:00:00.000000Z,1.6148630380630493,1.6316250562667847,1.5619670152664185,1.5620789527893066,26333746
2026-07-08T00:00:00.000000Z,1.5620789527893066,1.5702979564666748,1.5113060474395752,1.5366890430450439,20530838
2026-07-09T00:00:00.000000Z,1.5366890430450439,1.5646419525146484,1.5271470546722412,1.5530509948730469,14693491
2026-07-10T00:00:00.000000Z,1.5530400276184082,1.580265998840332,1.5422929525375366,1.5674450397491455,15418703
2026-07-11T00:00:00.000000Z,1.5674400329589844,1.586480975151062,1.5455689430236816,1.5457329750061035,17918486
2026-07-12T00:00:00.000000Z,1.5457329750061035,1.5592950582504272,1.5273560285568237,1.5275030136108398,13622481
2026-07-13T00:00:00.000000Z,1.5275030136108398,1.5478399991989136,1.4727059602737427,1.4878840446472168,17806393
2026-07-14T00:00:00.000000Z,1.4878439903259277,1.5243090391159058,1.4757659435272217,1.5241730213165283,18795982
2026-07-15T00:00:00.000000Z,1.524183988571167,1.5531699657440186,1.5128430128097534,1.5254280567169189,17411441
2026-07-16T00:00:00.000000Z,1.5254230499267578,1.5371639728546143,1.4675170183181763,1.4738940000534058,17424737
2026-07-17T00:00:00.000000Z,1.4738940000534058,1.490746021270752,1.4472060203552246,1.475970983505249,16443124
2026-07-18T00:00:00.000000Z,1.4759650230407715,1.4810270071029663,1.4559570550918579,1.480294942855835,9689795
2026-07-19T00:00:00.000000Z,1.4802969694137573,1.4898819923400879,1.471932053565979,1.4800349473953247,11791545
2026-07-20T00:00:00.000000Z,1.4800059795379639,1.5200289487838745,1.4701670408248901,1.5165859460830688,18952835
2026-07-21T00:00:00.000000Z,1.5165940523147583,1.5625649690628052,1.5159130096435547,1.534762978553772,20176280
2026-07-22T00:00:00.000000Z,1.534762978553772,1.5359179973602295,1.5001189708709717,1.5086649656295776,15124315
2026-07-23T00:00:00.000000Z,1.5086649656295776,1.5164229869842529,1.4706970453262329,1.4727640151977539,15475221
2026-07-24T00:00:00.000000Z,1.4727640151977539,1.4959379434585571,1.4470119476318359,1.4556269645690918,16118468
2026-07-25T00:00:00.000000Z,1.4556289911270142,1.4676239490509033,1.4391200542449951,1.4631439447402954,12365430
2026-07-26T00:00:00.000000Z,1.4631439447402954,1.4901759624481201,1.4618819952011108,1.4861340522766113,15380168
2026-07-27T00:00:00.000000Z,1.4860450029373169,1.4916379451751709,1.4099099636077881,1.4115519523620605,18284418
2026-07-28T00:00:00.000000Z,1.4115309715270996,1.4323509931564331,1.3915749788284302,1.4206260442733765,18164492
2026-07-29T00:00:00.000000Z,1.4206399917602539,1.4264839887619019,1.3705309629440308,1.3976739645004272,15983158
2026-07-30T00:00:00.000000Z,1.3976850509643555,1.4274660348892212,1.3864370584487915,1.4149199724197388,13437952
2026-07-31T00:00:00.000000Z,1.4149379730224609,1.422961950302124,1.3638360500335693,1.3714090585708618,16683798
2026-08-01T00:00:00.000000Z,1.3713799715042114,1.3916029930114746,1.3434469699859619,1.3495620489120483,11434479
2026-08-02T00:00:00.000000Z,1.3495769500732422,1.3858540058135986,1.3495149612426758,1.3826960325241089,10524449
2026-08-03T00:00:00.000000Z,1.3826990127563477,1.3838939666748047,1.3469270467758179,1.3594330549240112,12117097
2026-08-04T00:00:00.000000Z,1.3594330549240112,1.369331955909729,1.3339060544967651,1.3402739763259888,18834503
2026-08-05T00:00:00.000000Z,1.3406779766082764,1.3639949560165405,1.3205469846725464,1.3245730400085449,15348509
2026-08-06T00:00:00.000000Z,1.3245730400085449,1.3524559736251831,1.3154449462890625,1.3367149829864502,14808352
2026-08-07T00:00:00.000000Z,1.3367090225219727,1.3493939638137817,1.3083120584487915,1.3120399713516235,12851780
2026-08-08T00:00:00.000000Z,1.3120399713516235,1.3313360214233398,1.3071949481964111,1.3220499753952026,8889937
2026-08-09T00:00:00.000000Z,1.3220499753952026,1.3408639430999756,1.2985939979553223,1.2988259792327881,12490427
2026-08-10T00:00:00.000000Z,1.2989180088043213,1.3090770244598389,1.2568459510803223,1.2589180469512939,25710792
2026-08-11T00:00:00.000000Z,1.2589219808578491,1.2671040296554565,1.2285380363464355,1.2631850242614746,33738921
2026-08-12T00:00:00.000000Z,1.2632379531860352,1.2778209447860718,1.2359349727630615,1.2526810169219971,18659069
2026-08-13T00:00:00.000000Z,1.2526810169219971,1.2739440202713013,1.2476019859313965,1.257565975189209,14157581
2026-08-14T00:00:00.000000Z,1.257565975189209,1.2643400430679321,1.2396279573440552,1.2609699964523315,12983716
2026-08-15T00:00:00.000000Z,1.2609699964523315,1.282027006149292,1.2608669996261597,1.2632399797439575,9582422
2026-08-16T00:00:00.000000Z,1.2632399797439575,1.2710909843444824,1.2437080144882202,1.2538729906082153,8643830
2026-08-17T00:00:00.000000Z,1.2538739442825317,1.2763710021972656,1.2522139549255371,1.2730599641799927,11314880
2026-08-18T00:00:00.000000Z,1.2730599641799927,1.274461030960083,1.2469470500946045,1.2615230083465576,11969813
2026-08-19T00:00:00.000000Z,1.2615280151367188,1.400001049041748,1.2556380033493042,1.369629979133606,32607029
2026-08-20T00:00:00.000000Z,1.3696550130844116,1.4249750375747681,1.3552589416503906,1.4038130044937134,34809191
2026-08-21T00:00:00.000000Z,1.4038209915161133,1.5346449613571167,1.3969089984893799,1.5240349769592285,50721650
2026-08-22T00:00:00.000000Z,1.5240349769592285,1.6337490081787109,1.4350689649581909,1.4628520011901855,51973215
2026-08-23T00:00:00.000000Z,1.4628520011901855,1.5400509834289551,1.3831820487976074,1.5151100158691406,37664429
2026-08-24T00:00:00.000000Z,1.5150929689407349,1.5536999702453613,1.45802903175354,1.4847730398178101,41513768
2026-08-25T00:00:00.000000Z,1.484760046005249,1.5716149806976318,1.4810320138931274,1.5003559589385986,49250906
2026-08-26T00:00:00.000000Z,1.5003609657287598,1.5374200344085693,1.467007040977478,1.5360109806060791,28398048
2026-08-27T00:00:00.000000Z,1.5359690189361572,1.5820620059967041,1.4984259605407715,1.5333110094070435,37766939
2026-08-28T00:00:00.000000Z,1.5333019495010376,1.5500639677047729,1.4311889410018921,1.4462389945983887,28011390
2026-08-29T00:00:00.000000Z,1.4462430477142334,1.4734189510345459,1.4071669578552246,1.4564919471740723,16305794
2026-08-30T00:00:00.000000Z,1.4564919471740723,1.4789689779281616,1.3861910104751587,1.4004709720611572,19724643
2026-08-31T00:00:00.000000Z,1.4004839658737183,1.4279650449752808,1.3842159509658813,1.4236810207366943,14578927
2026-09-01T00:00:00.000000Z,1.4236910343170166,1.4638299942016602,1.4105930328369141,1.422821044921875,20481044
2026-09-02T00:00:00.000000Z,1.4228190183639526,1.440392017364502,1.3889820575714111,1.4090850353240967,14735522
2026-09-03T00:00:00.000000Z,1.4090850353240967,1.4910269975662231,1.4012880325317383,1.4713740348815918,21600401
2026-09-04T00:00:00.000000Z,1.4714009761810303,1.4792829751968384,1.4083529710769653,1.4275319576263428,18846143
2026-09-05T00:00:00.000000Z,1.4275350570678711,1.4961069822311401,1.4254679679870605,1.4653780460357666,24912637
2026-09-06T00:00:00.000000Z,1.4653860330581665,1.5734009742736816,1.4653609991073608,1.5607130527496338,46577322
2026-09-07T00:00:00.000000Z,1.5607370138168335,1.5697050094604492,1.5096219778060913,1.5462310314178467,33902284
2026-09-08T00:00:00.000000Z,1.546233057975769,1.5996700525283813,1.4824039936065674,1.5046420097351074,35909977
2026-09-09T00:00:00.000000Z,1.5046420097351074,1.5666979551315308,1.4501689672470093,1.4689979553222656,35989757
2026-09-10T00:00:00.000000Z,1.4690150022506714,1.4690170288085938,1.3845549821853638,1.3956539630889893,27668582
2026-09-11T00:00:00.000000Z,1.395643949508667,1.4547790288925171,1.3579989671707153,1.3894209861755371,30730609
2026-09-12T00:00:00.000000Z,1.3894679546356201,1.4029810428619385,1.3782910108566284,1.3824059963226318,11362713
2026-09-13T00:00:00.000000Z,1.3824059963226318,1.4076709747314453,1.3606339693069458,1.3652909994125366,15189402
2026-09-14T00:00:00.000000Z,1.3653119802474976,1.4120709896087646,1.3652729988098145,1.3821929693222046,20517915
2026-09-15T00:00:00.000000Z,1.3821870088577271,1.3870550394058228,1.2958279848098755,1.3197330236434937,25780011
2026-09-16T00:00:00.000000Z,1.3197309970855713,1.3689359426498413,1.2867889404296875,1.3667969703674316,22869846
2026-09-17T00:00:00.000000Z,1.3667680025100708,1.4384139776229858,1.3615009784698486,1.436581015586853,26438099
2026-09-18T00:00:00.000000Z,1.4365689754486084,1.5577199459075928,1.4363549947738647,1.5455160140991211,51972602
2026-09-19T00:00:00.000000Z,1.5455360412597656,1.6251289844512939,1.5344870090484619,1.5758680105209351,48043391
2026-09-20T00:00:00.000000Z,1.5758949518203735,1.7507879734039307,1.5064339637756348,1.732367992401123,83686109
2026-09-21T00:00:00.000000Z,1.7323800325393677,1.8764760494232178,1.6770880222320557,1.8730449676513672,95019317
2026-09-22T00:00:00.000000Z,1.873054027557373,1.9001849889755249,1.7858860492706299,1.8487919569015503,59153845
2026-09-23T00:00:00.000000Z,1.8488399982452393,1.8782869577407837,1.6972349882125854,1.7282650470733643,53745295
2026-09-24T00:00:00.000000Z,1.7282619476318359,1.8942140340805054,1.7270710468292236,1.8566279411315918,55360352
2026-09-25T00:00:00.000000Z,1.854200005531311,1.9807000160217285,1.8215999603271484,1.9467999935150146,26708524
2026-09-26T00:00:00.000000Z,1.9470891952514648,1.9501247406005859,1.9071983098983765,1.9055999517440796,69401392
