timestamp_utc,Open,High,Low,Close,Volume
2019-03-14T00:00:00.000000Z,6.4397149085998535,6.6399431228637695,6.3539628982543945,6.526641845703125,7318172
2019-03-15T00:00:00.000000Z,6.633173942565918,7.7152490615844727,6.4324679374694824,7.5043511390686035,6057301
2019-03-16T00:00:00.000000Z,7.5079898834228516,8.3056154251098633,6.6945309638977051,7.3838820457458496,3477393
2019-03-17T00:00:00.000000Z,7.3574428558349609,7.3574428558349609,4.7278947830200195,4.7761640548706055,2653565
2019-03-18T00:00:00.000000Z,4.8282418251037598,5.2299818992614746,4.8282418251037598,5.1103410720825195,2567201
2019-03-19T00:00:00.000000Z,5.099977970123291,5.206171989440918,4.7945008277893066,4.8218832015991211,3891084
2019-03-20T00:00:00.000000Z,4.8176751136779785,4.8354148864746094,3.8711299896240234,4.3813948631286621,3934421
2019-03-21T00:00:00.000000Z,4.4215202331542969,4.4215202331542969,3.5858709812164307,3.6329479217529297,3901346
2019-03-22T00:00:00.000000Z,3.6311080455780029,3.6332778930664062,3.2855789661407471,3.4985458850860596,4680808
2019-03-23T00:00:00.000000Z,3.5061960220336914,3.5338521003723145,3.3370969295501709,3.4455161094665527,4409797
2019-03-24T00:00:00.000000Z,3.4454519748687744,3.88149094581604,3.42864990234375,3.7652430534362793,3928803
2019-03-25T00:00:00.000000Z,3.7491939067840576,3.9560229778289795,3.6642189025878906,3.7783410549163818,4661791
2019-03-26T00:00:00.000000Z,3.7610459327697754,3.8280251026153564,3.4825859069824219,3.7439029216766357,6463760
2019-03-27T00:00:00.000000Z,3.746467113494873,3.8281199932098389,3.5963149070739746,3.7769210338592529,7031767
2019-03-28T00:00:00.000000Z,3.7737300395965576,3.7875161170959473,3.4825930595397949,3.4923861026763916,6030320
2019-03-29T00:00:00.000000Z,3.4895710945129395,3.5528619289398193,3.4084529876708984,3.5398368835449219,4012185
2019-03-30T00:00:00.000000Z,3.5408539772033691,3.5625109672546387,3.3794999122619629,3.4665849208831787,3370884
2019-03-31T00:00:00.000000Z,3.4665849208831787,3.6283988952636719,3.4408760070800781,3.6243259906768799,3945618
2019-04-01T00:00:00.000000Z,3.610076904296875,3.8693070411682129,3.5951030254364014,3.7251830101013184,4158589
2019-04-02T00:00:00.000000Z,3.7619431018829346,3.8345670700073242,3.6109530925750732,3.7871971130371094,5365043
2019-04-03T00:00:00.000000Z,3.7871971130371094,3.9252769947052002,3.6637489795684814,3.7669520378112793,5083727
2019-04-04T00:00:00.000000Z,3.7628979682922363,3.8318428993225098,3.7031850814819336,3.7472949028015137,5321012
2019-04-05T00:00:00.000000Z,3.7446520328521729,3.839879035949707,3.6735820770263672,3.8084430694580078,5415803
2019-04-06T00:00:00.000000Z,3.8092620372772217,4.4629759788513184,3.7700669765472412,4.447354793548584,4623456
2019-04-07T00:00:00.000000Z,4.4739761352539062,4.8867621421813965,4.3419270515441895,4.616361141204834,4191619
2019-04-08T00:00:00.000000Z,4.6345877647399902,5.8474388122558594,4.6156439781188965,5.4500517845153809,4041530
2019-04-09T00:00:00.000000Z,5.4500517845153809,5.4715561866760254,3.8039190769195557,3.8440980911254883,5205817
2019-04-10T00:00:00.000000Z,3.802623987197876,4.1839017868041992,3.6703269481658936,3.7497830390930176,4666417
2019-04-11T00:00:00.000000Z,3.7701630592346191,3.8641951084136963,3.4835638999938965,3.5098130702972412,5287619
2019-04-12T00:00:00.000000Z,3.5175299644470215,4.334712028503418,3.4828119277954102,4.3065361976623535,4766004
2019-04-13T00:00:00.000000Z,4.304440975189209,4.4687871932983398,4.1689329147338867,4.303037166595459,4074112
2019-04-14T00:00:00.000000Z,4.303037166595459,4.4880180358886719,4.1245989799499512,4.4626870155334473,4087545
2019-04-15T00:00:00.000000Z,4.4626870155334473,4.4884881973266602,4.2850232124328613,4.3496150970458984,4043798
2019-04-16T00:00:00.000000Z,4.3438811302185059,4.475858211517334,4.2737789154052734,4.4186310768127441,6687900
2019-04-17T00:00:00.000000Z,4.3601031303405762,4.4436531066894531,4.2862200736999512,4.3457880020141602,5040510
2019-04-18T00:00:00.000000Z,4.3449392318725586,4.4242229461669922,4.2714438438415527,4.3624777793884277,3962743
2019-04-19T00:00:00.000000Z,4.3641338348388672,4.8986678123474121,4.2961559295654297,4.8761172294616699,5806997
2019-04-20T00:00:00.000000Z,4.8684959411621094,5.4395618438720703,4.8574371337890625,5.4355831146240234,4130471
2019-04-21T00:00:00.000000Z,5.4019889831542969,5.4766569137573242,4.6516680717468262,5.2158188819885254,4423092
2019-04-22T00:00:00.000000Z,5.1708269119262695,6.9481000900268555,4.2425417900085449,4.3834691047668457,14693545
2019-04-23T00:00:00.000000Z,4.3834691047668457,5.3135929107666016,4.114494800567627,4.1221308708190918,69288593
2019-04-24T00:00:00.000000Z,4.1221308708190918,4.1460819244384766,3.0967800617218018,3.636693000793457,51989410
2019-04-25T00:00:00.000000Z,3.6861250400543213,3.7785100936889648,3.2270889282226562,3.3044979572296143,38575975
2019-04-26T00:00:00.000000Z,3.3046259880065918,3.7733359336853027,3.1937689781188965,3.6334350109100342,36448158
2019-04-27T00:00:00.000000Z,3.6408510208129883,3.6707019805908203,3.3943579196929932,3.4341020584106445,24145210
2019-04-28T00:00:00.000000Z,3.4376649856567383,5.1446189880371094,3.3979489803314209,4.4304451942443848,88477197
2019-04-29T00:00:00.000000Z,4.4558367729187012,4.6707010269165039,3.6973719596862793,3.7478370666503906,86344115
2019-04-30T00:00:00.000000Z,3.747668981552124,4.0438461303710938,3.747668981552124,3.9370698928833008,53924933
2019-05-01T00:00:00.000000Z,3.9351840019226074,4.6045417785644531,3.9180049896240234,4.3901238441467285,90528588
2019-05-02T00:00:00.000000Z,4.3898382186889648,4.6225590705871582,4.2290167808532715,4.5946578979492188,83803871
2019-05-03T00:00:00.000000Z,4.5949139595031738,5.3432178497314453,4.5674939155578613,5.310844898223877,161847461
2019-05-04T00:00:00.000000Z,5.3125758171081543,5.583137035369873,4.7938652038574219,5.2599921226501465,164883490
2019-05-05T00:00:00.000000Z,5.2622570991516113,5.2622570991516113,4.7892708778381348,4.8537049293518066,68292315
2019-05-06T00:00:00.000000Z,4.8511872291564941,4.8644089698791504,4.5204010009765625,4.7253818511962891,63030290
2019-05-07T00:00:00.000000Z,4.726506233215332,5.0348081588745117,4.6135258674621582,4.6135258674621582,58235752
2019-05-08T00:00:00.000000Z,4.5997309684753418,4.5997309684753418,4.2694277763366699,4.3548388481140137,60816520
2019-05-09T00:00:00.000000Z,4.3684811592102051,4.4732837677001953,3.5335140228271484,3.896406888961792,76347151
2019-05-10T00:00:00.000000Z,3.8952560424804688,4.1114821434020996,3.6915841102600098,3.8329141139984131,53606617
2019-05-11T00:00:00.000000Z,3.8347940444946289,4.1739730834960938,3.7325549125671387,4.0177798271179199,72859937
2019-05-12T00:00:00.000000Z,4.0001349449157715,4.0613880157470703,3.710906982421875,3.7729990482330322,45901518
2019-05-13T00:00:00.000000Z,3.7729990482330322,4.1536598205566406,3.7592329978942871,3.9369230270385742,63138772
2019-05-14T00:00:00.000000Z,3.9482550621032715,4.0971260070800781,3.8252389430999756,3.9982290267944336,68024772
2019-05-15T00:00:00.000000Z,3.9970450401306152,4.6199789047241211,3.9893689155578613,4.5290679931640625,81407357
2019-05-16T00:00:00.000000Z,4.5253181457519531,4.771327018737793,4.037930965423584,4.2780790328979492,76583313
2019-05-17T00:00:00.000000Z,4.2746610641479492,4.7891712188720703,3.9479451179504395,4.3964338302612305,117708947
2019-05-18T00:00:00.000000Z,4.3964338302612305,4.9654378890991211,4.3469061851501465,4.7137041091918945,72187066
2019-05-19T00:00:00.000000Z,4.7061867713928223,5.1720080375671387,4.6486539840698242,4.8942661285400391,82033956
2019-05-20T00:00:00.000000Z,4.8942661285400391,4.9109539985656738,4.5425601005554199,4.7247071266174316,69473607
2019-05-21T00:00:00.000000Z,4.7144680023193359,4.8051419258117676,4.5507001876831055,4.7755589485168457,57280911
2019-05-22T00:00:00.000000Z,4.7755589485168457,4.8007421493530273,4.3578529357910156,4.3590998649597168,53427877
2019-05-23T00:00:00.000000Z,4.352470874786377,4.3720579147338867,4.1325302124023438,4.3350009918212891,50139060
2019-05-24T00:00:00.000000Z,4.3388590812683105,4.7675061225891113,4.282444953918457,4.4729528427124023,82477989
2019-05-25T00:00:00.000000Z,4.4729528427124023,4.6059708595275879,4.345797061920166,4.4247012138366699,43392192
2019-05-26T00:00:00.000000Z,4.4153318405151367,4.5457630157470703,4.2859587669372559,4.5085840225219727,49349632
2019-05-27T00:00:00.000000Z,4.5165438652038574,4.7096471786499023,4.5165438652038574,4.6698451042175293,75962593
2019-05-28T00:00:00.000000Z,4.6701359748840332,4.8161568641662598,4.5080342292785645,4.7620401382446289,56441565
2019-05-29T00:00:00.000000Z,4.7620401382446289,4.8124828338623047,4.5140128135681152,4.689262866973877,52450620
2019-05-30T00:00:00.000000Z,4.689262866973877,6.5365819931030273,4.685122013092041,5.939967155456543,272876291
2019-05-31T00:00:00.000000Z,5.939967155456543,5.9487462043762207,5.2775979042053223,5.8130331039428711,136736662
2019-06-01T00:00:00.000000Z,5.8136849403381348,6.3008570671081543,5.6922831535339355,5.7800488471984863,125167747
2019-06-02T00:00:00.000000Z,5.7800488471984863,6.3600778579711914,5.6040449142456055,6.357302188873291,84717218
2019-06-03T00:00:00.000000Z,6.357302188873291,7.2523908615112305,6.0756568908691406,6.6122770309448242,212229620
2019-06-04T00:00:00.000000Z,6.6069741249084473,6.8423547744750977,5.8147730827331543,5.9193711280822754,129719691
2019-06-05T00:00:00.000000Z,5.9383068084716797,6.2941379547119141,5.691378116607666,6.1840248107910156,93898670
2019-06-06T00:00:00.000000Z,6.1795978546142578,6.1829619407653809,5.6795601844787598,6.0586810111999512,78003590
2019-06-07T00:00:00.000000Z,6.0555849075317383,6.5824809074401855,5.9393138885498047,6.3393378257751465,101407237
2019-06-08T00:00:00.000000Z,6.3394598960876465,6.3484640121459961,5.9812650680541992,6.1383709907531738,50257190
2019-06-09T00:00:00.000000Z,6.1367931365966797,6.194450855255127,5.7079892158508301,5.8723912239074707,49629337
2019-06-10T00:00:00.000000Z,5.8561091423034668,6.1106691360473633,5.7668380737304688,6.108677864074707,61495899
2019-06-11T00:00:00.000000Z,6.1110801696777344,6.1724147796630859,5.8072671890258789,5.9836578369140625,53676891
2019-06-12T00:00:00.000000Z,5.9837141036987305,6.2709240913391113,5.9009408950805664,6.1315817832946777,63690195
2019-06-13T00:00:00.000000Z,6.130770206451416,6.5244488716125488,6.0760660171508789,6.2868490219116211,67900352
2019-06-14T00:00:00.000000Z,6.2875638008117676,6.3015360832214355,5.9461779594421387,6.2993988990783691,68909619
2019-06-15T00:00:00.000000Z,6.3023719787597656,6.3023719787597656,6.1236491203308105,6.2006740570068359,51688148
2019-06-16T00:00:00.000000Z,6.2006740570068359,6.7423567771911621,6.1585068702697754,6.7423567771911621,70784039
2019-06-17T00:00:00.000000Z,6.7384719848632812,7.1037168502807617,6.4755330085754395,7.0172538757324219,81971935
2019-06-18T00:00:00.000000Z,7.0149879455566406,7.0414261817932129,6.4981269836425781,6.5859880447387695,58369435
2019-06-19T00:00:00.000000Z,6.5858612060546875,6.8140449523925781,6.581200122833252,6.648993968963623,44465850
2019-06-20T00:00:00.000000Z,6.6446328163146973,6.6851668357849121,6.3107662200927734,6.4958610534667969,62912913
2019-06-21T00:00:00.000000Z,6.4975438117980957,6.5858969688415527,6.3580431938171387,6.5155811309814453,64958852
2019-06-22T00:00:00.000000Z,6.5192089080810547,6.9229049682617188,6.5059719085693359,6.6915688514709473,82497465
2019-06-23T00:00:00.000000Z,6.6868581771850586,7.1545958518981934,6.6312952041625977,6.8027257919311523,68464562
2019-06-24T00:00:00.000000Z,6.8027257919311523,6.8236198425292969,6.5422511100769043,6.6395721435546875,58307067
2019-06-25T00:00:00.000000Z,6.6439690589904785,6.729860782623291,6.4797611236572266,6.579535961151123,75054340
2019-06-26T00:00:00.000000Z,6.579535961151123,6.8313097953796387,6.1992678642272949,6.3069448471069336,115261168
2019-06-27T00:00:00.000000Z,6.3069448471069336,6.3812298774719238,5.3078160285949707,5.469207763671875,138471353
2019-06-28T00:00:00.000000Z,5.4720492362976074,5.9588980674743652,5.3815808296203613,5.9215497970581055,100518290
2019-06-29T00:00:00.000000Z,5.9247331619262695,6.1572928428649902,5.6219139099121094,6.0795512199401855,86786958
2019-06-30T00:00:00.000000Z,6.0798921585083008,6.1057162284851074,5.4134340286254883,5.4134340286254883,83453264
2019-07-01T00:00:00.000000Z,5.4134340286254883,5.6831498146057129,5.1562328338623047,5.4626669883728027,90786814
2019-07-02T00:00:00.000000Z,5.4588370323181152,5.6368122100830078,5.1063599586486816,5.3490328788757324,95698664
2019-07-03T00:00:00.000000Z,5.3457050323486328,5.6355810165405273,5.33154296875,5.6055431365966797,87321335
2019-07-04T00:00:00.000000Z,5.6068801879882812,5.7900261878967285,5.4907717704772949,5.4921541213989258,67162234
2019-07-05T00:00:00.000000Z,5.4910831451416016,5.5036778450012207,5.3544020652770996,5.3587160110473633,65187397
2019-07-06T00:00:00.000000Z,5.3603677749633789,5.496671199798584,5.26910400390625,5.2908139228820801,57677233
2019-07-07T00:00:00.000000Z,5.2915868759155273,5.4343218803405762,5.2067670822143555,5.4064202308654785,53427683
2019-07-08T00:00:00.000000Z,5.4087638854980469,5.4296698570251465,5.1387820243835449,5.1913609504699707,59231943
2019-07-09T00:00:00.000000Z,5.1914567947387695,5.2160367965698242,4.919867992401123,5.0082798004150391,108308605
2019-07-10T00:00:00.000000Z,4.994657039642334,5.0144238471984863,4.2295751571655273,4.4861760139465332,137049792
2019-07-11T00:00:00.000000Z,4.4875521659851074,4.6535310745239258,4.0869030952453613,4.3470778465270996,219122792
2019-07-12T00:00:00.000000Z,4.351506233215332,4.6008567810058594,4.2272992134094238,4.5403628349304199,55529845
2019-07-13T00:00:00.000000Z,4.3799958229064941,4.5499639511108398,4.151796817779541,4.2801361083984375,236384357
2019-07-14T00:00:00.000000Z,4.2820119857788086,4.2867650985717773,3.8182039260864258,3.8206830024719238,237373610
2019-07-15T00:00:00.000000Z,3.8252019882202148,4.4347648620605469,3.5767049789428711,4.1887059211730957,244025539
2019-07-16T00:00:00.000000Z,4.189852237701416,4.2499542236328125,3.5544359683990479,3.6509439945220947,169476663
2019-07-17T00:00:00.000000Z,3.6453719139099121,4.0144901275634766,3.5726330280303955,3.833143949508667,194212503
2019-07-18T00:00:00.000000Z,3.8505489826202393,4.1762251853942871,3.7042710781097412,4.1194729804992676,195747961
2019-07-19T00:00:00.000000Z,4.1194729804992676,4.2033700942993164,3.8351631164550781,3.9352519512176514,176444671
2019-07-20T00:00:00.000000Z,3.9420979022979736,4.2168898582458496,3.9401440620422363,4.0714201927185059,178338930
2019-07-21T00:00:00.000000Z,4.0714201927185059,4.3230791091918945,3.9984591007232666,4.2282209396362305,183003172
2019-07-22T00:00:00.000000Z,4.2205967903137207,4.3404831886291504,3.9049019813537598,3.9998250007629395,128878764
2019-07-23T00:00:00.000000Z,4.0018482208251953,4.0018482208251953,3.7137489318847656,3.7239689826965332,122638990
2019-07-24T00:00:00.000000Z,3.7325921058654785,4.0625848770141602,3.6244659423828125,3.9105589389801025,139544674
2019-07-25T00:00:00.000000Z,3.9052491188049316,4.0330939292907715,3.8115379810333252,3.8349950313568115,118915409
2019-07-26T00:00:00.000000Z,3.8255689144134521,3.9255878925323486,3.7142810821533203,3.9046421051025391,116669870
2019-07-27T00:00:00.000000Z,3.9017040729522705,4.0104069709777832,3.5654520988464355,3.6167449951171875,117266920
2019-07-28T00:00:00.000000Z,3.6167449951171875,3.6703610420227051,3.5016739368438721,3.6177539825439453,110281449
2019-07-29T00:00:00.000000Z,3.6151049137115479,3.6840660572052002,3.5494279861450195,3.6034810543060303,119873997
2019-07-30T00:00:00.000000Z,3.6038250923156738,3.6602230072021484,3.5158379077911377,3.5964300632476807,114588229
2019-07-31T00:00:00.000000Z,3.595005989074707,3.7523980140686035,3.595005989074707,3.658560037612915,115217467
2019-08-01T00:00:00.000000Z,3.6565730571746826,3.6791150569915771,3.4772109985351562,3.5575881004333496,68444005
2019-08-02T00:00:00.000000Z,3.5545530319213867,3.8974380493164062,3.5254850387573242,3.6581430435180664,106897992
2019-08-03T00:00:00.000000Z,3.6551899909973145,3.7933011054992676,3.6369121074676514,3.705143928527832,94736604
2019-08-04T00:00:00.000000Z,3.7026569843292236,3.7784159183502197,3.5927839279174805,3.6105430126190186,90515499
2019-08-05T00:00:00.000000Z,3.608227014541626,3.8738410472869873,3.608227014541626,3.7912468910217285,132794918
2019-08-06T00:00:00.000000Z,3.7918438911437988,3.7964560985565186,3.506479024887085,3.5548830032348633,126484099
2019-08-07T00:00:00.000000Z,3.5499799251556396,3.6788320541381836,3.468519926071167,3.4952390193939209,127921987
2019-08-08T00:00:00.000000Z,3.4952390193939209,3.4989070892333984,3.1616940498352051,3.2622840404510498,129180828
2019-08-09T00:00:00.000000Z,3.2683899402618408,3.306657075881958,3.0869309902191162,3.1395900249481201,121369452
2019-08-10T00:00:00.000000Z,3.1395900249481201,3.365178108215332,3.1369249820709229,3.336406946182251,131283352
2019-08-11T00:00:00.000000Z,3.3387460708618164,3.5289809703826904,3.292855978012085,3.5244739055633545,119824702
2019-08-12T00:00:00.000000Z,3.5256950855255127,3.6361100673675537,3.3321781158447266,3.3321781158447266,136927300
2019-08-13T00:00:00.000000Z,3.333643913269043,3.3411870002746582,3.1509909629821777,3.2499279975891113,130277229
2019-08-14T00:00:00.000000Z,3.2468969821929932,3.2827088832855225,2.8429620265960693,2.8429620265960693,143341869
2019-08-15T00:00:00.000000Z,2.8443710803985596,2.9886970520019531,2.7207279205322266,2.9506781101226807,118159631
2019-08-16T00:00:00.000000Z,2.9483129978179932,3.0153698921203613,2.8320960998535156,2.9190669059753418,128767169
2019-08-17T00:00:00.000000Z,2.9476220607757568,2.9476220607757568,2.8386030197143555,2.9007620811462402,100937146
2019-08-18T00:00:00.000000Z,2.9058840274810791,2.9946789741516113,2.8664569854736328,2.976607084274292,104947554
2019-08-19T00:00:00.000000Z,2.9854350090026855,2.9854350090026855,2.814129114151001,2.9100461006164551,120726904
2019-08-20T00:00:00.000000Z,2.9100461006164551,2.9275429248809814,2.7808210849761963,2.8878889083862305,120939299
2019-08-21T00:00:00.000000Z,2.8668050765991211,2.8844559192657471,2.6015200614929199,2.6519598960876465,130044350
2019-08-22T00:00:00.000000Z,2.6519598960876465,2.7417149543762207,2.5716969966888428,2.7196850776672363,102851813
2019-08-23T00:00:00.000000Z,2.7196850776672363,2.7596099376678467,2.5937070846557617,2.7045190334320068,129721582
2019-08-24T00:00:00.000000Z,2.6961920261383057,2.7394239902496338,2.6090030670166016,2.7004148960113525,106694697
2019-08-25T00:00:00.000000Z,2.7004148960113525,2.7410049438476562,2.6120989322662354,2.6186690330505371,104651642
2019-08-26T00:00:00.000000Z,2.6300139427185059,2.7022569179534912,2.5939741134643555,2.6246459484100342,103446660
2019-08-27T00:00:00.000000Z,2.619704008102417,2.6384859085083008,2.5032150745391846,2.5614690780639648,123595893
2019-08-28T00:00:00.000000Z,2.5691061019897461,2.6024219989776611,2.3218181133270264,2.3218181133270264,131788399
2019-08-29T00:00:00.000000Z,2.3298699855804443,2.3298699855804443,2.1602559089660645,2.1747300624847412,144367075
2019-08-30T00:00:00.000000Z,2.1747300624847412,2.2314620018005371,2.1054539680480957,2.15944504737854,99188202
2019-08-31T00:00:00.000000Z,2.1615440845489502,2.1747190952301025,2.0059230327606201,2.037909984588623,107053453
2019-09-01T00:00:00.000000Z,2.0417270660400391,2.2264211177825928,2.0120129585266113,2.1383481025695801,110298864
2019-09-02T00:00:00.000000Z,2.1374070644378662,2.1722829341888428,2.067608118057251,2.1208069324493408,117415985
2019-09-03T00:00:00.000000Z,2.1198799610137939,2.2202689647674561,2.1158430576324463,2.1615180969238281,127964524
2019-09-04T00:00:00.000000Z,2.1596529483795166,2.1634349822998047,2.0324740409851074,2.0478129386901855,107148222
2019-09-05T00:00:00.000000Z,2.0463399887084961,2.0497519969940186,1.9109920263290405,1.9480780363082886,113255491
2019-09-06T00:00:00.000000Z,1.9480780363082886,2.2528269290924072,1.9448009729385376,2.0433299541473389,133395732
2019-09-07T00:00:00.000000Z,2.0467779636383057,2.2874720096588135,2.0382320880889893,2.1757669448852539,146368019
2019-09-08T00:00:00.000000Z,2.1757669448852539,2.7455511093139648,2.1594300270080566,2.7341029644012451,196201839
2019-09-09T00:00:00.000000Z,2.7341029644012451,2.9638741016387939,2.4542479515075684,2.7402849197387695,225072497
2019-09-10T00:00:00.000000Z,2.7389769554138184,2.9340829849243164,2.5385289192199707,2.5943019390106201,189092871
2019-09-11T00:00:00.000000Z,2.5982949733734131,2.6983449459075928,2.4245359897613525,2.5745360851287842,144069231
2019-09-12T00:00:00.000000Z,2.5815579891204834,3.2024080753326416,2.5102510452270508,3.0803320407867432,192961557
2019-09-13T00:00:00.000000Z,3.0803320407867432,3.2981069087982178,3.0131649971008301,3.1735739707946777,199583060
2019-09-14T00:00:00.000000Z,3.1730899810791016,3.2350480556488037,2.9999771118164062,3.1057479381561279,173629172
2019-09-15T00:00:00.000000Z,3.1051959991455078,3.5412640571594238,3.1020269393920898,3.4483098983764648,189272974
2019-09-16T00:00:00.000000Z,3.4448521137237549,3.5630879402160645,3.179764986038208,3.3194429874420166,180803360
2019-09-17T00:00:00.000000Z,3.328589916229248,3.4416201114654541,3.2157719135284424,3.3224260807037354,177431367
2019-09-18T00:00:00.000000Z,3.3144650459289551,3.3969519138336182,3.2648410797119141,3.3100550174713135,163496342
2019-09-19T00:00:00.000000Z,3.3073329925537109,3.3073329925537109,2.9435989856719971,3.130263090133667,184157575
2019-09-20T00:00:00.000000Z,3.1380150318145752,3.2567529678344727,3.0787770748138428,3.1849761009216309,148024573
2019-09-21T00:00:00.000000Z,3.1832950115203857,3.2881109714508057,3.035768985748291,3.0745270252227783,146995495
2019-09-22T00:00:00.000000Z,3.0743269920349121,3.0835959911346436,2.8141539096832275,2.9105069637298584,140188584
2019-09-23T00:00:00.000000Z,2.9193060398101807,2.9193060398101807,2.5800609588623047,2.5800609588623047,129682436
2019-09-24T00:00:00.000000Z,2.5826549530029297,2.6613490581512451,2.0933449268341064,2.2418029308319092,188249041
2019-09-25T00:00:00.000000Z,2.2333168983459473,2.422745943069458,2.1630239486694336,2.3035950660705566,177658028
2019-09-26T00:00:00.000000Z,2.3009769916534424,2.3528220653533936,2.0879790782928467,2.2219939231872559,140448613
2019-09-27T00:00:00.000000Z,2.2243249416351318,2.293057918548584,2.1712119579315186,2.2913539409637451,113206441
2019-09-28T00:00:00.000000Z,2.2900300025939941,2.3107669353485107,2.2116069793701172,2.2821869850158691,96812584
2019-09-29T00:00:00.000000Z,2.2766540050506592,2.2882289886474609,2.117685079574585,2.2064969539642334,106690215
2019-09-30T00:00:00.000000Z,2.2069070339202881,2.6515319347381592,2.1876459121704102,2.6303191184997559,136780367
2019-10-01T00:00:00.000000Z,2.6468029022216797,2.6468029022216797,2.494257926940918,2.5504050254821777,118931113
2019-10-02T00:00:00.000000Z,2.5504050254821777,2.6177389621734619,2.4415690898895264,2.6039979457855225,116200106
2019-10-03T00:00:00.000000Z,2.6057109832763672,2.6568100452423096,2.5171170234680176,2.5815560817718506,112791728
2019-10-04T00:00:00.000000Z,2.5791280269622803,2.6160800457000732,2.4981639385223389,2.5860700607299805,93827667
2019-10-05T00:00:00.000000Z,2.5860700607299805,2.773751974105835,2.5600049495697021,2.7466409206390381,105799482
2019-10-06T00:00:00.000000Z,2.7498679161071777,2.7728300094604492,2.6085090637207031,2.6668729782104492,99964727
2019-10-07T00:00:00.000000Z,2.67159104347229,2.945997953414917,2.5850210189819336,2.9092800617218018,116735139
2019-10-08T00:00:00.000000Z,2.9090259075164795,3.0615019798278809,2.8421299457550049,2.9141271114349365,143729013
2019-10-09T00:00:00.000000Z,2.9136629104614258,3.0234189033508301,2.8386340141296387,2.9120690822601318,133198475
2019-10-10T00:00:00.000000Z,2.9106979370117188,2.9975430965423584,2.7359418869018555,2.9040699005126953,170166340
2019-10-11T00:00:00.000000Z,2.9056010246276855,2.9176061153411865,2.7537169456481934,2.8354499340057373,147536935
2019-10-12T00:00:00.000000Z,2.8354499340057373,2.8744430541992188,2.8027749061584473,2.8396129608154297,130032625
2019-10-13T00:00:00.000000Z,2.8391799926757812,2.9213299751281738,2.8029251098632812,2.8793950080871582,138183164
2019-10-14T00:00:00.000000Z,2.8793950080871582,3.1210958957672119,2.8785779476165771,3.1019809246063232,160775420
2019-10-15T00:00:00.000000Z,3.099700927734375,3.1548900604248047,2.9127309322357178,2.9496428966522217,159637351
2019-10-16T00:00:00.000000Z,2.9488570690155029,2.9551229476928711,2.7196578979492188,2.8519370555877686,145829662
2019-10-17T00:00:00.000000Z,2.8524808883666992,2.9611389636993408,2.7647619247436523,2.919395923614502,130110997
2019-10-18T00:00:00.000000Z,2.9205820560455322,2.9272921085357666,2.7157790660858154,2.753817081451416,139559230
2019-10-19T00:00:00.000000Z,2.7527968883514404,2.8095760345458984,2.7143280506134033,2.7611069679260254,123206076
2019-10-20T00:00:00.000000Z,2.762566089630127,2.9378459453582764,2.7099709510803223,2.9040839672088623,123509827
2019-10-21T00:00:00.000000Z,2.9109179973602295,3.0054099559783936,2.8504900932312012,2.9893128871917725,138325074
2019-10-22T00:00:00.000000Z,2.9922471046447754,3.0210540294647217,2.8653709888458252,2.8785851001739502,139307790
2019-10-23T00:00:00.000000Z,2.8768088817596436,2.9094541072845459,2.6002130508422852,2.6889541149139404,154724341
2019-10-24T00:00:00.000000Z,2.6892650127410889,2.8662290573120117,2.660053014755249,2.8483450412750244,121047890
2019-10-25T00:00:00.000000Z,2.8496649265289307,3.1058690547943115,2.7915120124816895,3.0159409046173096,202151948
2019-10-26T00:00:00.000000Z,3.0169370174407959,3.2713830471038818,3.0127410888671875,3.0876860618591309,247034524
2019-10-27T00:00:00.000000Z,3.0876860618591309,3.2932600975036621,2.9783830642700195,3.2028810977935791,202467915
2019-10-28T00:00:00.000000Z,3.2032730579376221,3.330672025680542,3.0785849094390869,3.1147699356079102,201010232
2019-10-29T00:00:00.000000Z,3.1112771034240723,3.2004690170288086,3.0779469013214111,3.1559851169586182,174949603
2019-10-30T00:00:00.000000Z,3.1533870697021484,3.1954460144042969,2.9735040664672852,3.0352790355682373,159635853
2019-10-31T00:00:00.000000Z,3.031649112701416,3.2970850467681885,3.0315229892730713,3.2051019668579102,123316945
2019-11-01T00:00:00.000000Z,3.2247989177703857,3.3060030937194824,3.1411080360412598,3.2697949409484863,141989599
2019-11-02T00:00:00.000000Z,3.2697949409484863,3.467958927154541,3.2565889358520508,3.4331419467926025,146612238
2019-11-03T00:00:00.000000Z,3.4318718910217285,3.455949068069458,3.3083229064941406,3.3959119319915771,134586294
2019-11-04T00:00:00.000000Z,3.3939120769500732,3.6580820083618164,3.3546500205993652,3.6239340305328369,167015305
2019-11-05T00:00:00.000000Z,3.6239340305328369,3.8141930103302002,3.542133092880249,3.7533860206604004,198537684
2019-11-06T00:00:00.000000Z,3.7602860927581787,3.8736510276794434,3.6854948997497559,3.7606320381164551,119134299
2019-11-07T00:00:00.000000Z,3.7608180046081543,3.8974869251251221,3.6599640846252441,3.8891201019287109,138168547
2019-11-08T00:00:00.000000Z,3.8940811157226562,4.0289912223815918,3.6832809448242188,3.8122529983520508,162184081
2019-11-09T00:00:00.000000Z,3.8145298957824707,3.9798069000244141,3.8108561038970947,3.9630310535430908,138378897
2019-11-10T00:00:00.000000Z,3.9666950702667236,4.2867560386657715,3.9054369926452637,4.2079548835754395,175582529
2019-11-11T00:00:00.000000Z,4.2050261497497559,4.3818092346191406,4.0701808929443359,4.3586039543151855,187973925
2019-11-12T00:00:00.000000Z,4.3605508804321289,4.3617391586303711,4.0542750358581543,4.217616081237793,190695133
2019-11-13T00:00:00.000000Z,4.2090377807617188,4.2312731742858887,3.975275993347168,3.9953329563140869,174490242
2019-11-14T00:00:00.000000Z,3.9894580841064453,4.0168461799621582,3.8182590007781982,4.0168461799621582,145523380
2019-11-15T00:00:00.000000Z,4.0173177719116211,4.1364588737487793,3.8622519969940186,3.9273819923400879,159604699
2019-11-16T00:00:00.000000Z,3.9288730621337891,3.9953820705413818,3.8788740634918213,3.9877610206604004,120766065
2019-11-17T00:00:00.000000Z,3.9877610206604004,3.9988160133361816,3.8499200344085693,3.9242401123046875,119429121
2019-11-18T00:00:00.000000Z,3.9180960655212402,3.929563045501709,3.5814969539642334,3.6296150684356689,148746229
2019-11-19T00:00:00.000000Z,3.6293110847473145,3.6883690357208252,3.373790979385376,3.5275089740753174,138483758
2019-11-20T00:00:00.000000Z,3.5275089740753174,3.6188399791717529,3.3380091190338135,3.3463521003723145,136161478
2019-11-21T00:00:00.000000Z,3.3470859527587891,3.4295969009399414,3.1276791095733643,3.1979410648345947,150359200
2019-11-22T00:00:00.000000Z,3.1979410648345947,3.2957210540771484,2.6800639629364014,2.9427928924560547,165875702
2019-11-23T00:00:00.000000Z,2.9435091018676758,3.2616100311279297,2.8697469234466553,3.2546510696411133,235663023
2019-11-24T00:00:00.000000Z,3.2569820880889893,3.2682669162750244,3.0303890705108643,3.0562710762023926,267084994
2019-11-25T00:00:00.000000Z,3.0562710762023926,3.5257289409637451,2.9952869415283203,3.4106791019439697,184025705
2019-11-26T00:00:00.000000Z,3.4059250354766846,3.6569359302520752,3.3893148899078369,3.508558988571167,166612606
2019-11-27T00:00:00.000000Z,3.4966020584106445,3.7640869617462158,3.3135690689086914,3.5846259593963623,179601320
2019-11-28T00:00:00.000000Z,3.5818159580230713,3.7899539470672607,3.5292348861694336,3.6869869232177734,145107303
2019-11-29T00:00:00.000000Z,3.6890161037445068,4.0579051971435547,3.6838929653167725,4.0127129554748535,183110184
2019-11-30T00:00:00.000000Z,4.0152368545532227,4.1036801338195801,3.8348889350891113,3.9255330562591553,160886605
2019-12-01T00:00:00.000000Z,3.9194369316101074,3.9294970035552979,3.6576690673828125,3.8073520660400391,175883739
2019-12-02T00:00:00.000000Z,3.7891559600830078,3.9309968948364258,3.623744010925293,3.6814889907836914,151160801
2019-12-03T00:00:00.000000Z,3.6814889907836914,3.7991809844970703,3.6468029022216797,3.702254056930542,144705352
2019-12-04T00:00:00.000000Z,3.6863288879394531,3.7352828979492188,3.4640240669250488,3.5991430282592773,188222589
2019-12-05T00:00:00.000000Z,3.5936119556427002,3.7247779369354248,3.4877429008483887,3.5305390357971191,181266106
2019-12-06T00:00:00.000000Z,3.5207099914550781,3.6945219039916992,3.5085160732269287,3.6691949367523193,182348856
2019-12-07T00:00:00.000000Z,3.6667590141296387,3.8766670227050781,3.6613550186157227,3.8054978847503662,197409951
2019-12-08T00:00:00.000000Z,3.8054978847503662,4.0041408538818359,3.7413370609283447,3.9452381134033203,201085483
2019-12-09T00:00:00.000000Z,3.951793909072876,3.9652390480041504,3.6834480762481689,3.7051129341125488,216632529
2019-12-10T00:00:00.000000Z,3.701495885848999,3.7313790321350098,3.551645040512085,3.5985639095306396,207259326
2019-12-11T00:00:00.000000Z,3.6047799587249756,3.8445169925689697,3.5864310264587402,3.8144049644470215,199495756
2019-12-12T00:00:00.000000Z,3.8266870975494385,4.16650390625,3.7898750305175781,4.1241011619567871,230614356
2019-12-13T00:00:00.000000Z,4.118527889251709,4.2287740707397461,3.9788720607757568,3.986785888671875,205959990
2019-12-14T00:00:00.000000Z,3.9826231002807617,4.2845821380615234,3.9770190715789795,4.2444920539855957,191269095
2019-12-15T00:00:00.000000Z,4.2469081878662109,4.6112527847290039,4.1965751647949219,4.4943699836730957,230817887
2019-12-16T00:00:00.000000Z,4.4943699836730957,4.5023460388183594,4.059751033782959,4.0799479484558105,207850289
2019-12-17T00:00:00.000000Z,4.0799479484558105,4.1464037895202637,3.5699961185455322,3.6273150444030762,216347353
2019-12-18T00:00:00.000000Z,3.6147840023040771,4.46392822265625,3.5973811149597168,4.3048839569091797,260235131
2019-12-19T00:00:00.000000Z,4.3042311668395996,4.3681907653808594,4.0755100250244141,4.288693904876709,149541020
2019-12-20T00:00:00.000000Z,4.288693904876709,4.3837509155273438,4.1911177635192871,4.3146262168884277,142056809
2019-12-21T00:00:00.000000Z,4.3197832107543945,4.3453211784362793,4.0691318511962891,4.0882501602172852,111080887
2019-12-22T00:00:00.000000Z,4.088648796081543,4.2782177925109863,4.0797271728515625,4.2687549591064453,119057895
2019-12-23T00:00:00.000000Z,4.2687549591064453,4.3498392105102539,4.1709628105163574,4.3016610145568848,133651317
2019-12-24T00:00:00.000000Z,4.306149959564209,4.4830460548400879,4.2619409561157227,4.4233927726745605,127112410
2019-12-25T00:00:00.000000Z,4.4233927726745605,4.4233927726745605,4.2058448791503906,4.302495002746582,104967612
2019-12-26T00:00:00.000000Z,4.302495002746582,4.6229820251464844,4.3021078109741211,4.5784687995910645,139848139
2019-12-27T00:00:00.000000Z,4.5706429481506348,4.7644138336181641,4.488372802734375,4.5203518867492676,132653447
2019-12-28T00:00:00.000000Z,4.5192317962646484,4.7153639793395996,4.4060401916503906,4.4060401916503906,117069172
2019-12-29T00:00:00.000000Z,4.4056248664855957,4.5406560897827148,4.2478580474853516,4.2677159309387207,125572029
2019-12-30T00:00:00.000000Z,4.2677412033081055,4.4245867729187012,4.1504788398742676,4.190208911895752,126896246
2019-12-31T00:00:00.000000Z,4.191215991973877,4.3289241790771484,4.1306791305541992,4.2167167663574219,109928104
2020-01-01T00:00:00.000000Z,4.2167167663574219,4.467644214630127,4.2043662071228027,4.3801579475402832,107994513
2020-01-02T00:00:00.000000Z,4.3791217803955078,4.3813190460205078,4.0777201652526855,4.0918169021606445,111325337
2020-01-03T00:00:00.000000Z,4.105867862701416,4.3565959930419922,4.0155148506164551,4.2478971481323242,138617691
2020-01-04T00:00:00.000000Z,4.2457408905029297,4.3856167793273926,4.2335929870605469,4.2863559722900391,90718305
2020-01-05T00:00:00.000000Z,4.2842249870300293,4.3951458930969238,4.2157821655273438,4.2318768501281738,115399788
2020-01-06T00:00:00.000000Z,4.232001781463623,4.251154899597168,4.0451569557189941,4.1049418449401855,139523351
2020-01-07T00:00:00.000000Z,4.1051931381225586,4.2465300559997559,4.0691471099853516,4.0960397720336914,136691939
2020-01-08T00:00:00.000000Z,4.0940041542053223,4.1757659912109375,3.9983398914337158,4.0106391906738281,128484380
2020-01-09T00:00:00.000000Z,4.0102920532226562,4.2631912231445312,3.9644219875335693,4.2631912231445312,137133708
2020-01-10T00:00:00.000000Z,4.2632060050964355,4.447969913482666,4.2106151580810547,4.2636151313781738,180537539
2020-01-11T00:00:00.000000Z,4.2642822265625,4.4303250312805176,4.2583050727844238,4.2751798629760742,134305838
2020-01-12T00:00:00.000000Z,4.2732119560241699,4.3478479385375977,4.2344517707824707,4.2629070281982422,114480179
2020-01-13T00:00:00.000000Z,4.26177978515625,4.333010196685791,4.1348509788513184,4.2559690475463867,112376034
2020-01-14T00:00:00.000000Z,4.2545580863952637,4.6701231002807617,4.2376441955566406,4.5399079322814941,218081722
2020-01-15T00:00:00.000000Z,4.5362730026245117,4.9308280944824219,4.396848201751709,4.5678958892822266,256937834
2020-01-16T00:00:00.000000Z,4.5687708854675293,5.2006220817565918,4.1981568336486816,5.0763020515441895,292509993
2020-01-17T00:00:00.000000Z,5.0980520248413086,5.2906861305236816,4.7659158706665039,5.0012001991271973,314099418
2020-01-18T00:00:00.000000Z,5.0024051666259766,5.0024051666259766,4.6194257736206055,4.6333489418029785,218755859
2020-01-19T00:00:00.000000Z,4.6353440284729004,4.7630620002746582,4.3851680755615234,4.5186171531677246,195479921
2020-01-20T00:00:00.000000Z,4.5144262313842773,4.6604938507080078,4.4218120574951172,4.5053038597106934,142814531
2020-01-21T00:00:00.000000Z,4.5049881935119629,4.731107234954834,4.4638328552246094,4.6494269371032715,138311353
2020-01-22T00:00:00.000000Z,4.6437029838562012,4.687903881072998,4.5666460990905762,4.652061939239502,131623772
2020-01-23T00:00:00.000000Z,4.6515288352966309,4.6816329956054688,4.3826470375061035,4.4445347785949707,157800493
2020-01-24T00:00:00.000000Z,4.4463248252868652,4.5214018821716309,4.3514318466186523,4.4845309257507324,161825964
2020-01-25T00:00:00.000000Z,4.4875521659851074,4.4875521659851074,4.3674001693725586,4.415064811706543,132055630
2020-01-26T00:00:00.000000Z,4.4110121726989746,4.4998779296875,4.3702149391174316,4.4805831909179688,131819511
2020-01-27T00:00:00.000000Z,4.4785399436950684,4.6675739288330078,4.4256072044372559,4.5177001953125,166514161
2020-01-28T00:00:00.000000Z,4.5163049697875977,4.5866398811340332,4.4785270690917969,4.5866398811340332,201500979
2020-01-29T00:00:00.000000Z,4.5870208740234375,4.5870208740234375,4.3628010749816895,4.4128570556640625,195873920
2020-01-30T00:00:00.000000Z,4.4096999168395996,4.4685459136962891,4.3045039176940918,4.4149641990661621,193799097
2020-01-31T00:00:00.000000Z,4.4167289733886719,4.6038508415222168,4.3031821250915527,4.3895130157470703,199363105
2020-02-01T00:00:00.000000Z,4.3860201835632324,4.4308819770812988,4.2983770370483398,4.3763570785522461,153198031
2020-02-02T00:00:00.000000Z,4.3744401931762695,4.4706001281738281,4.2545480728149414,4.4067649841308594,166048379
2020-02-03T00:00:00.000000Z,4.4067649841308594,4.4569001197814941,4.2499771118164062,4.2607269287109375,169613306
2020-02-04T00:00:00.000000Z,4.2613940238952637,4.2626819610595703,4.0207638740539551,4.2169737815856934,199182438
2020-02-05T00:00:00.000000Z,4.2161078453063965,4.3467979431152344,4.154242992401123,4.3258471488952637,219629627
2020-02-06T00:00:00.000000Z,4.3266482353210449,4.5813531875610352,4.2682352066040039,4.5669898986816406,245005952
2020-02-07T00:00:00.000000Z,4.567777156829834,4.8986239433288574,4.5271511077880859,4.8106331825256348,263626979
2020-02-08T00:00:00.000000Z,4.8068070411682129,4.8071250915527344,4.5268139839172363,4.627561092376709,223813433
2020-02-09T00:00:00.000000Z,4.62640380859375,4.7888660430908203,4.6022400856018066,4.7587847709655762,194625819
2020-02-10T00:00:00.000000Z,4.7623591423034668,4.7887411117553711,4.585385799407959,4.7887411117553711,213729603
2020-02-11T00:00:00.000000Z,4.7840838432312012,5.1536369323730469,4.7091522216796875,5.1029257774353027,246047423
2020-02-12T00:00:00.000000Z,5.1004371643066406,5.307340145111084,5.0811028480529785,5.1105399131774902,259478348
2020-02-13T00:00:00.000000Z,5.1108508110046387,5.2277140617370605,4.8513669967651367,4.8944101333618164,292085886
2020-02-14T00:00:00.000000Z,4.8995718955993652,5.1247892379760742,4.8664870262145996,5.102996826171875,228732873
2020-02-15T00:00:00.000000Z,5.102996826171875,5.1260080337524414,4.4522409439086914,4.5820927619934082,259955974
2020-02-16T00:00:00.000000Z,4.6032600402832031,4.7388381958007812,4.0780611038208008,4.3948478698730469,315050586
2020-02-17T00:00:00.000000Z,4.3885002136230469,4.4036440849304199,3.9276390075683594,4.2707829475402832,311147336
2020-02-18T00:00:00.000000Z,4.2665939331054688,4.4758930206298828,3.9925830364227295,4.4332342147827148,256786535
2020-02-19T00:00:00.000000Z,4.4340848922729492,4.6882967948913574,4.1526350975036621,4.1585707664489746,253028949
2020-02-20T00:00:00.000000Z,4.1538572311401367,4.5523848533630371,4.1278371810913086,4.471531867980957,1754228163
2020-02-21T00:00:00.000000Z,4.4695401191711426,4.9661679267883301,4.4312601089477539,4.8343219757080078,743408253
2020-02-22T00:00:00.000000Z,4.8339571952819824,5.0876278877258301,4.708949089050293,5.0044350624084473,297156553
2020-02-23T00:00:00.000000Z,5.0184798240661621,5.091184139251709,4.7533078193664551,4.792140007019043,255495590
2020-02-24T00:00:00.000000Z,4.7933759689331055,4.9318008422851562,4.2455778121948242,4.3819780349731445,273073854
2020-02-25T00:00:00.000000Z,4.3827681541442871,4.3870739936828613,4.0032658576965332,4.0598039627075195,234723404
2020-02-26T00:00:00.000000Z,4.0548381805419922,4.0653619766235352,3.5084478855133057,3.6667129993438721,273436563
2020-02-27T00:00:00.000000Z,3.6638860702514648,3.8470110893249512,3.3631329536437988,3.6872549057006836,244141234
2020-02-28T00:00:00.000000Z,3.6872210502624512,3.7445120811462402,3.4568469524383545,3.5364179611206055,182473022
2020-02-29T00:00:00.000000Z,3.5357511043548584,3.6723589897155762,3.4793539047241211,3.4793539047241211,117740505
2020-03-01T00:00:00.000000Z,3.4714350700378418,3.547792911529541,3.2808480262756348,3.3682749271392822,134716473
2020-03-02T00:00:00.000000Z,3.3627719879150391,3.7570478916168213,3.3395841121673584,3.6847620010375977,155975816
2020-03-03T00:00:00.000000Z,3.6855580806732178,3.6917750835418701,3.5255780220031738,3.6297340393066406,127505754
2020-03-04T00:00:00.000000Z,3.6282360553741455,3.8857839107513428,3.6282360553741455,3.742063045501709,155036912
2020-03-05T00:00:00.000000Z,3.743643045425415,3.9341440200805664,3.7432301044464111,3.7606730461120605,144313784
2020-03-06T00:00:00.000000Z,3.7694768905639648,3.8736419677734375,3.7232570648193359,3.8441460132598877,130616200
2020-03-07T00:00:00.000000Z,3.8428239822387695,3.85434889793396,3.5924749374389648,3.6208479404449463,1038558793
2020-03-08T00:00:00.000000Z,3.6208479404449463,3.6228859424591064,3.1043310165405273,3.1047930717468262,184166651
2020-03-09T00:00:00.000000Z,3.1047561168670654,3.1619069576263428,2.8498458862304688,3.011631965637207,202828739
2020-03-10T00:00:00.000000Z,3.0194981098175049,3.1842379570007324,2.8961279392242432,3.0742850303649902,162383021
2020-03-11T00:00:00.000000Z,3.0720469951629639,3.0947659015655518,2.7327818870544434,2.9757308959960938,147334668
2020-03-12T00:00:00.000000Z,2.9749488830566406,2.9928059577941895,1.6145269870758057,1.6492029428482056,232086161
2020-03-13T00:00:00.000000Z,1.6523000001907349,1.9411569833755493,1.1309629678726196,1.8054449558258057,310358697
2020-03-14T00:00:00.000000Z,1.8128499984741211,1.9874930381774902,1.7027820348739624,1.8362480401992798,210130139
2020-03-15T00:00:00.000000Z,1.8412590026855469,2.0705940723419189,1.8264859914779663,1.9370050430297852,189440525
2020-03-16T00:00:00.000000Z,1.9324690103530884,1.9324690103530884,1.5346610546112061,1.6677390336990356,180527215
2020-03-17T00:00:00.000000Z,1.6672999858856201,1.8383610248565674,1.6514970064163208,1.7325559854507446,137611388
2020-03-18T00:00:00.000000Z,1.7308269739151001,1.8135340213775635,1.6645239591598511,1.755139946937561,147341921
2020-03-19T00:00:00.000000Z,1.755139946937561,2.1290130615234375,1.7511329650878906,2.064457893371582,211035988
2020-03-20T00:00:00.000000Z,2.0644419193267822,2.451854944229126,1.872607946395874,2.1630020141601562,219912722
2020-03-21T00:00:00.000000Z,2.1675779819488525,2.2247450351715088,2.0138471126556396,2.1580879688262939,178495031
2020-03-22T00:00:00.000000Z,2.1597359180450439,2.2279839515686035,1.9215309619903564,1.9244329929351807,152281651
2020-03-23T00:00:00.000000Z,1.9244329929351807,2.1124660968780518,1.9019420146942139,2.0932269096374512,157578817
2020-03-24T00:00:00.000000Z,2.0959889888763428,2.2289390563964844,2.0841820240020752,2.1407480239868164,159154280
2020-03-25T00:00:00.000000Z,2.1425960063934326,2.1698811054229736,2.0526049137115479,2.0797059535980225,137616976
2020-03-26T00:00:00.000000Z,2.0797059535980225,2.1704530715942383,2.0763249397277832,2.1704530715942383,116976101
2020-03-27T00:00:00.000000Z,2.1704208850860596,2.1770329475402832,2.0143029689788818,2.0265738964080811,110780608
2020-03-28T00:00:00.000000Z,2.0253379344940186,2.0253379344940186,1.887173056602478,1.9748460054397583,142369491
2020-03-29T00:00:00.000000Z,1.9771260023117065,1.9915119409561157,1.8608740568161011,1.8627760410308838,99979033
2020-03-30T00:00:00.000000Z,1.8615959882736206,2.0157110691070557,1.8555589914321899,1.9757130146026611,124918346
2020-03-31T00:00:00.000000Z,1.9682110548019409,1.9938759803771973,1.9414750337600708,1.9591770172119141,97739845
2020-04-01T00:00:00.000000Z,1.9591770172119141,1.9792089462280273,1.8957589864730835,1.9792089462280273,111913424
2020-04-02T00:00:00.000000Z,1.9803429841995239,2.0747339725494385,1.9600160121917725,1.9852620363235474,136485794
2020-04-03T00:00:00.000000Z,1.9865820407867432,2.0622398853302002,1.9697380065917969,1.9805179834365845,122833949
2020-04-04T00:00:00.000000Z,1.9805179834365845,2.026482105255127,1.966372013092041,2.0262289047241211,109601350
2020-04-05T00:00:00.000000Z,2.0289249420166016,2.0952520370483398,2.0169529914855957,2.0665841102600098,111940359
2020-04-06T00:00:00.000000Z,2.0674829483032227,2.3935909271240234,2.0640769004821777,2.3820569515228271,201395695
2020-04-07T00:00:00.000000Z,2.3847649097442627,2.4927010536193848,2.3063449859619141,2.3478798866271973,197423098
2020-04-08T00:00:00.000000Z,2.3463840484619141,2.4720110893249512,2.3149509429931641,2.4720110893249512,164555413
2020-04-09T00:00:00.000000Z,2.4763219356536865,2.6085879802703857,2.4099550247192383,2.5849130153656006,167581573
2020-04-10T00:00:00.000000Z,2.5855779647827148,2.5997769832611084,2.2199900150299072,2.3079569339752197,200391441
2020-04-11T00:00:00.000000Z,2.3079569339752197,2.3747880458831787,2.2463970184326172,2.3045239448547363,133757619
2020-04-12T00:00:00.000000Z,2.3084070682525635,2.376945972442627,2.2565610408782959,2.3322179317474365,129190437
2020-04-13T00:00:00.000000Z,2.3328011035919189,2.3328011035919189,2.1942811012268066,2.2611548900604248,132554387
2020-04-14T00:00:00.000000Z,2.2638471126556396,2.4413630962371826,2.2410380840301514,2.3465139865875244,136387309
2020-04-15T00:00:00.000000Z,2.3431310653686523,2.4267380237579346,2.2733960151672363,2.2754209041595459,141651091
2020-04-16T00:00:00.000000Z,2.2734019756317139,2.4330630302429199,2.213062047958374,2.4160280227661133,169662841
2020-04-17T00:00:00.000000Z,2.4179980754852295,2.4222609996795654,2.365973949432373,2.3870210647583008,137482523
2020-04-18T00:00:00.000000Z,2.3854238986968994,2.5109879970550537,2.3832659721374512,2.5038468837738037,154952315
2020-04-19T00:00:00.000000Z,2.5025379657745361,2.5456840991973877,2.4022250175476074,2.4022250175476074,147362761
2020-04-20T00:00:00.000000Z,2.4022250175476074,2.4431779384613037,2.2829959392547607,2.2880449295043945,162820749
2020-04-21T00:00:00.000000Z,2.284404993057251,2.329524040222168,2.2676169872283936,2.2878570556640625,130580694
2020-04-22T00:00:00.000000Z,2.2823679447174072,2.4054551124572754,2.2699210643768311,2.3790240287780762,129136262
2020-04-23T00:00:00.000000Z,2.3807671070098877,2.4607629776000977,2.3462979793548584,2.4050009250640869,162055139
2020-04-24T00:00:00.000000Z,2.4040439128875732,2.8055179119110107,2.4036040306091309,2.7565441131591797,258118575
2020-04-25T00:00:00.000000Z,2.7569899559020996,2.943666934967041,2.6936728954315186,2.8825640678405762,244311462
2020-04-26T00:00:00.000000Z,2.8821959495544434,2.9049270153045654,2.7715950012207031,2.7993841171264648,202153852
2020-04-27T00:00:00.000000Z,2.80082106590271,2.8349549770355225,2.6844570636749268,2.77028489112854,206579070
2020-04-28T00:00:00.000000Z,2.7688689231872559,2.8500220775604248,2.7284350395202637,2.8141000270843506,179189233
2020-04-29T00:00:00.000000Z,2.8179581165313721,2.9928379058837891,2.782480001449585,2.9514570236206055,257180368
2020-04-30T00:00:00.000000Z,2.9539079666137695,3.0852119922637939,2.7309279441833496,2.7568280696868896,258478243
2020-05-01T00:00:00.000000Z,2.7568280696868896,2.935089111328125,2.7554819583892822,2.847445011138916,215604799
2020-05-02T00:00:00.000000Z,2.8480589389801025,2.8973278999328613,2.8102569580078125,2.8786599636077881,177959168
2020-05-03T00:00:00.000000Z,2.8809900283813477,2.9067459106445312,2.7636289596557617,2.7771461009979248,181742035
2020-05-04T00:00:00.000000Z,2.7742969989776611,2.795928955078125,2.6093161106109619,2.7733850479125977,213546081
2020-05-05T00:00:00.000000Z,2.7717409133911133,2.795753002166748,2.682797908782959,2.706942081451416,187996939
2020-05-06T00:00:00.000000Z,2.7042551040649414,2.7671999931335449,2.6732580661773682,2.6732580661773682,175526569
2020-05-07T00:00:00.000000Z,2.6686229705810547,2.7793920040130615,2.6219310760498047,2.7282381057739258,200554903
2020-05-08T00:00:00.000000Z,2.7282381057739258,2.8584299087524414,2.6917181015014648,2.8219459056854248,192534152
2020-05-09T00:00:00.000000Z,2.8148589134216309,2.8518619537353516,2.7394189834594727,2.758807897567749,194974056
2020-05-10T00:00:00.000000Z,2.7587480545043945,2.7605569362640381,2.3806068897247314,2.5182769298553467,219395084
2020-05-11T00:00:00.000000Z,2.5135641098022461,2.5549650192260742,2.310283899307251,2.3987760543823242,190618144
2020-05-12T00:00:00.000000Z,2.4081630706787109,2.5267670154571533,2.3816289901733398,2.4835739135742188,163012635
2020-05-13T00:00:00.000000Z,2.4817919731140137,2.5665390491485596,2.4488670825958252,2.5422968864440918,150850772
2020-05-14T00:00:00.000000Z,2.5365149974822998,2.5409889221191406,2.4676969051361084,2.519340991973877,182771968
2020-05-15T00:00:00.000000Z,2.5172290802001953,2.5669820308685303,2.4564249515533447,2.4760599136352539,158220035
2020-05-16T00:00:00.000000Z,2.4775819778442383,2.565201997756958,2.4504110813140869,2.5522639751434326,147163344
2020-05-17T00:00:00.000000Z,2.553339958190918,2.6176550388336182,2.5388119220733643,2.5414800643920898,143724086
2020-05-18T00:00:00.000000Z,2.5387039184570312,2.6567459106445312,2.5349090099334717,2.5935540199279785,163528477
2020-05-19T00:00:00.000000Z,2.5928170680999756,2.6483879089355469,2.5366499423980713,2.602924108505249,142768378
2020-05-20T00:00:00.000000Z,2.6023519039154053,2.7009830474853516,2.5697000026702881,2.6983280181884766,159956835
2020-05-21T00:00:00.000000Z,2.700639009475708,2.7258679866790771,2.4656291007995605,2.5205600261688232,181807764
2020-05-22T00:00:00.000000Z,2.521104097366333,2.6787240505218506,2.4972949028015137,2.6503779888153076,151380584
2020-05-23T00:00:00.000000Z,2.6510300636291504,2.6694209575653076,2.5731039047241211,2.6036899089813232,115303106
2020-05-24T00:00:00.000000Z,2.6031439304351807,2.649467945098877,2.5167739391326904,2.5260069370269775,135354359
2020-05-25T00:00:00.000000Z,2.517841100692749,2.626884937286377,2.4831728935241699,2.6130549907684326,141861563
2020-05-26T00:00:00.000000Z,2.6137199401855469,2.6253728866577148,2.5407810211181641,2.5783860683441162,121605318
2020-05-27T00:00:00.000000Z,2.5783860683441162,2.6697170734405518,2.5742359161376953,2.6058609485626221,121510767
2020-05-28T00:00:00.000000Z,2.6072869300842285,2.6657779216766357,2.5768859386444092,2.6596429347991943,101752451
2020-05-29T00:00:00.000000Z,2.6624751091003418,2.7004730701446533,2.6384789943695068,2.6796700954437256,92727475
2020-05-30T00:00:00.000000Z,2.6795270442962646,2.8197460174560547,2.644460916519165,2.8121860027313232,125099098
2020-05-31T00:00:00.000000Z,2.8117620944976807,2.8737540245056152,2.7103679180145264,2.7344560623168945,126961037
2020-06-01T00:00:00.000000Z,2.7311909198760986,2.855539083480835,2.7151830196380615,2.8506829738616943,131032791
2020-06-02T00:00:00.000000Z,2.850445032119751,2.9512319564819336,2.6781280040740967,2.7540559768676758,173439108
2020-06-03T00:00:00.000000Z,2.7540559768676758,2.9080879688262939,2.7454149723052979,2.9042699337005615,130830909
2020-06-04T00:00:00.000000Z,2.9034879207611084,3.148082971572876,2.8966889381408691,3.1117250919342041,194087419
2020-06-05T00:00:00.000000Z,3.1117250919342041,3.2046909332275391,3.0437150001525879,3.109036922454834,173819262
2020-06-06T00:00:00.000000Z,3.109036922454834,3.1658830642700195,3.0577349662780762,3.0577349662780762,115040527
2020-06-07T00:00:00.000000Z,3.0577349662780762,3.1075339317321777,2.9144740104675293,3.0269010066986084,122046710
2020-06-08T00:00:00.000000Z,3.0252199172973633,3.1541569232940674,3.0044970512390137,3.1485309600830078,107678224
2020-06-09T00:00:00.000000Z,3.1480710506439209,3.1777429580688477,3.0907630920410156,3.129249095916748,132661687
2020-06-10T00:00:00.000000Z,3.1295130252838135,3.1295130252838135,3.0341989994049072,3.116703987121582,125271625
2020-06-11T00:00:00.000000Z,3.116703987121582,3.1349198818206787,2.75394606590271,2.7713079452514648,143482483
2020-06-12T00:00:00.000000Z,2.7747058868408203,2.9227550029754639,2.7482459545135498,2.8634951114654541,124232872
2020-06-13T00:00:00.000000Z,2.8643529415130615,2.9028470516204834,2.826200008392334,2.8796679973602295,106615057
2020-06-14T00:00:00.000000Z,2.879133939743042,2.8827168941497803,2.7505180835723877,2.7715411186218262,99789109
2020-06-15T00:00:00.000000Z,2.7715411186218262,2.7885949611663818,2.5558390617370605,2.7134029865264893,146311613
2020-06-16T00:00:00.000000Z,2.7105820178985596,2.7634220123291016,2.6883358955383301,2.7234790325164795,114669148
2020-06-17T00:00:00.000000Z,2.7299408912658691,2.7355709075927734,2.6621439456939697,2.701179027557373,116732797
2020-06-18T00:00:00.000000Z,2.7007548809051514,2.7041800022125244,2.6225090026855469,2.6553189754486084,95666155
2020-06-19T00:00:00.000000Z,2.652195930480957,2.6601119041442871,2.5894529819488525,2.5908000469207764,99231023
2020-06-20T00:00:00.000000Z,2.591702938079834,2.6326110363006592,2.5630350112915039,2.614185094833374,90834917
2020-06-21T00:00:00.000000Z,2.6121020317077637,2.6304380893707275,2.5903520584106445,2.6071779727935791,82053811
2020-06-22T00:00:00.000000Z,2.6014969348907471,2.716141939163208,2.6014969348907471,2.6811180114746094,96576319
2020-06-23T00:00:00.000000Z,2.6793758869171143,2.8287639617919922,2.6464190483093262,2.7733380794525146,104021029
2020-06-24T00:00:00.000000Z,2.7773849964141846,2.8793590068817139,2.65926194190979,2.6839020252227783,105354511
2020-06-25T00:00:00.000000Z,2.6847019195556641,2.6888248920440674,2.5758740901947021,2.6244568824768066,77264799
2020-06-26T00:00:00.000000Z,2.6260960102081299,2.6536030769348145,2.5285680294036865,2.6194050312042236,84370609
2020-06-27T00:00:00.000000Z,2.6187489032745361,2.7225050926208496,2.3259410858154297,2.441162109375,93301751
2020-06-28T00:00:00.000000Z,2.441162109375,2.5584321022033691,2.412808895111084,2.5140171051025391,67511560
2020-06-29T00:00:00.000000Z,2.51373291015625,2.6800110340118408,2.4731209278106689,2.6451759338378906,90524641
2020-06-30T00:00:00.000000Z,2.6444470882415771,2.6763811111450195,2.5761280059814453,2.5954101085662842,56318983
2020-07-01T00:00:00.000000Z,2.5988380908966064,2.6792149543762207,2.5785620212554932,2.6562860012054443,61670189
2020-07-02T00:00:00.000000Z,2.6586558818817139,2.7940669059753418,2.6333270072937012,2.6822919845581055,81945498
2020-07-03T00:00:00.000000Z,2.6834559440612793,2.799232006072998,2.677361011505127,2.6928350925445557,84247985
2020-07-04T00:00:00.000000Z,2.6950070858001709,2.7856369018554688,2.6865599155426025,2.7730560302734375,73677976
2020-07-05T00:00:00.000000Z,2.7779428958892822,2.9781169891357422,2.743319034576416,2.9252429008483887,127933386
2020-07-06T00:00:00.000000Z,2.9252429008483887,3.121790885925293,2.921760082244873,3.0194358825683594,139258504
2020-07-07T00:00:00.000000Z,3.0173709392547607,3.2773349285125732,2.9712851047515869,3.2408139705657959,129565057
2020-07-08T00:00:00.000000Z,3.2414419651031494,3.5673549175262451,3.1703369617462158,3.5514199733734131,167546062
2020-07-09T00:00:00.000000Z,3.5514199733734131,3.8092799186706543,3.4178969860076904,3.8007609844207764,172133671
2020-07-10T00:00:00.000000Z,3.7984859943389893,4.1348891258239746,3.5881140232086182,4.0609698295593262,240007520
2020-07-11T00:00:00.000000Z,4.0610980987548828,4.4445700645446777,3.9021539688110352,3.9421989917755127,262446668
2020-07-12T00:00:00.000000Z,3.9329249858856201,4.1624841690063477,3.9109530448913574,4.0158967971801758,162188362
2020-07-13T00:00:00.000000Z,4.0158967971801758,4.3260340690612793,3.7602128982543945,3.8757379055023193,215883769
2020-07-14T00:00:00.000000Z,3.8757379055023193,4.0251278877258301,3.8198080062866211,3.9551749229431152,161379172
2020-07-15T00:00:00.000000Z,3.9529540538787842,4.1358637809753418,3.8688549995422363,4.0363731384277344,118920920
2020-07-16T00:00:00.000000Z,4.0393590927124023,4.2700967788696289,3.7785940170288086,4.0779199600219727,181058807
2020-07-17T00:00:00.000000Z,4.0745701789855957,4.254849910736084,3.9575119018554688,4.1411738395690918,147509307
2020-07-18T00:00:00.000000Z,4.1411252021789551,4.5208840370178223,4.1122751235961914,4.3635392189025879,188008155
2020-07-19T00:00:00.000000Z,4.3567781448364258,4.5108909606933594,4.008357048034668,4.1898641586303711,191114701
2020-07-20T00:00:00.000000Z,4.1914381980895996,4.2427940368652344,3.8728439807891846,3.8808069229125977,123252885
2020-07-21T00:00:00.000000Z,3.8808119297027588,4.0474672317504883,3.7919418811798096,3.9965889453887939,134911036
2020-07-22T00:00:00.000000Z,3.9989280700683594,4.0355391502380371,3.8866899013519287,4.013120174407959,95362253
2020-07-23T00:00:00.000000Z,4.0102458000183105,4.0903739929199219,3.9256589412689209,3.9554870128631592,97303815
2020-07-24T00:00:00.000000Z,3.9574320316314697,3.9630420207977295,3.7905569076538086,3.8178529739379883,100656643
2020-07-25T00:00:00.000000Z,3.8224630355834961,3.9456090927124023,3.7778251171112061,3.9050240516662598,117721754
2020-07-26T00:00:00.000000Z,3.9049460887908936,3.9072260856628418,3.7455461025238037,3.8050351142883301,114783801
2020-07-27T00:00:00.000000Z,3.8047940731048584,3.9104321002960205,3.3400139808654785,3.5888619422912598,179412715
2020-07-28T00:00:00.000000Z,3.5897970199584961,3.7757000923156738,3.5503489971160889,3.7504589557647705,120724603
2020-07-29T00:00:00.000000Z,3.7488648891448975,3.8538179397583008,3.6259329319000244,3.6404409408569336,107518754
2020-07-30T00:00:00.000000Z,3.6404409408569336,3.7514851093292236,3.6066269874572754,3.719433069229126,89185104
2020-07-31T00:00:00.000000Z,3.7169148921966553,3.8359029293060303,3.710568904876709,3.7923710346221924,98156636
2020-08-01T00:00:00.000000Z,3.7923710346221924,4.1100239753723145,3.7903740406036377,4.0635361671447754,157637842
2020-08-02T00:00:00.000000Z,4.0675787925720215,4.2095818519592285,3.6101489067077637,3.8917980194091797,154074397
2020-08-03T00:00:00.000000Z,3.9030859470367432,4.0461478233337402,3.8127939701080322,3.8548319339752197,144959925
2020-08-04T00:00:00.000000Z,3.8547539710998535,4.0487232208251953,3.8229529857635498,4.010159969329834,112162334
2020-08-05T00:00:00.000000Z,4.013312816619873,4.2042140960693359,3.9598660469055176,4.1595649719238281,127763370
2020-08-06T00:00:00.000000Z,4.1581721305847168,4.2495870590209961,4.1299648284912109,4.1760721206665039,128558907
2020-08-07T00:00:00.000000Z,4.1745109558105469,4.1939401626586914,3.9310638904571533,4.0204710960388184,122545388
2020-08-08T00:00:00.000000Z,4.0209388732910156,4.4317231178283691,3.9911339282989502,4.4317231178283691,119089971
2020-08-09T00:00:00.000000Z,4.4337902069091797,5.4348549842834473,4.3131928443908691,5.2839851379394531,367025728
2020-08-10T00:00:00.000000Z,5.2839851379394531,5.8476829528808594,5.1417927742004395,5.4720778465270996,356003398
2020-08-11T00:00:00.000000Z,5.4825501441955566,5.5677390098571777,4.726463794708252,4.9303040504455566,227937900
2020-08-12T00:00:00.000000Z,4.9336318969726562,6.050349235534668,4.8923068046569824,5.9762811660766602,360566166
2020-08-13T00:00:00.000000Z,5.9799790382385254,6.5633621215820312,5.5354151725769043,6.1496992111206055,485820621
2020-08-14T00:00:00.000000Z,6.1513538360595703,6.6423101425170898,5.9639878273010254,6.0940861701965332,355819712
2020-08-15T00:00:00.000000Z,6.0940861701965332,6.3498601913452148,5.9368829727172852,6.0920391082763672,194209287
2020-08-16T00:00:00.000000Z,6.0862507820129395,6.3734769821166992,5.8227071762084961,6.2215251922607422,214631153
2020-08-17T00:00:00.000000Z,6.2215251922607422,6.3134479522705078,5.9377717971801758,5.9377717971801758,177357908
2020-08-18T00:00:00.000000Z,5.9123110771179199,6.1273198127746582,5.5859451293945312,5.8388981819152832,178381361
2020-08-19T00:00:00.000000Z,5.8326950073242188,5.9334511756896973,5.3401141166687012,5.6684517860412598,176905067
2020-08-20T00:00:00.000000Z,5.6703271865844727,6.3713111877441406,5.5744938850402832,6.3034467697143555,234862299
2020-08-21T00:00:00.000000Z,6.3044838905334473,6.5908417701721191,5.6295061111450195,5.6329231262207031,250034249
2020-08-22T00:00:00.000000Z,5.6249589920043945,6.4862351417541504,5.4347500801086426,6.4364538192749023,288906284
2020-08-23T00:00:00.000000Z,6.4359779357910156,8.5494632720947266,6.362462043762207,8.5241823196411133,950815185
2020-08-24T00:00:00.000000Z,8.5038471221923828,8.5183086395263672,7.6867389678955078,8.1486072540283203,477822555
2020-08-25T00:00:00.000000Z,8.1964817047119141,8.8596687316894531,7.8170948028564453,8.4341697692871094,775432823
2020-08-26T00:00:00.000000Z,8.42816162109375,8.6435356140136719,7.686729907989502,7.7431168556213379,543449709
2020-08-27T00:00:00.000000Z,7.7300748825073242,7.9184880256652832,6.944237232208252,7.2868747711181641,476206940
2020-08-28T00:00:00.000000Z,7.291593074798584,7.8150367736816406,7.166752815246582,7.5818500518798828,323336194
2020-08-29T00:00:00.000000Z,7.5753941535949707,7.6134119033813477,7.3072371482849121,7.3072371482849121,261510039
2020-08-30T00:00:00.000000Z,7.2974390983581543,7.8971381187438965,7.2683000564575195,7.6355190277099609,350623367
2020-08-31T00:00:00.000000Z,7.6305232048034668,7.8044462203979492,7.2119450569152832,7.2119450569152832,282620496
2020-09-01T00:00:00.000000Z,7.2082657814025879,7.6300711631774902,7.0846438407897949,7.2462940216064453,371396401
2020-09-02T00:00:00.000000Z,7.249701976776123,7.309074878692627,6.3953900337219238,6.6541080474853516,277133708
2020-09-03T00:00:00.000000Z,6.6550898551940918,6.7346091270446777,4.7957029342651367,4.9815897941589355,282049166
2020-09-04T00:00:00.000000Z,4.9728069305419922,5.6419901847839355,4.7709088325500488,5.5102248191833496,344004275
2020-09-05T00:00:00.000000Z,5.5086722373962402,5.6739139556884766,4.7002129554748535,4.9283170700073242,342853119
2020-09-06T00:00:00.000000Z,4.9212989807128906,5.3342380523681641,4.5689120292663574,5.1856107711791992,318911092
2020-09-07T00:00:00.000000Z,5.1872811317443848,5.2616639137268066,4.6684808731079102,5.0549278259277344,295960169
2020-09-08T00:00:00.000000Z,5.0510120391845703,5.1593561172485352,4.7685689926147461,4.9561629295349121,358032944
2020-09-09T00:00:00.000000Z,4.9496698379516602,5.5069589614868164,4.9030327796936035,5.334658145904541,321362550
2020-09-10T00:00:00.000000Z,5.3338418006896973,5.5602397918701172,5.1996240615844727,5.318572998046875,365855870
2020-09-11T00:00:00.000000Z,5.318572998046875,5.3959131240844727,5.0678491592407227,5.3606991767883301,417767144
2020-09-12T00:00:00.000000Z,5.3541951179504395,5.7082109451293945,5.2287588119506836,5.6110467910766602,360035149
2020-09-13T00:00:00.000000Z,5.6110467910766602,5.8284158706665039,5.1306209564208984,5.2817249298095703,377829015
2020-09-14T00:00:00.000000Z,5.304203987121582,5.5425682067871094,5.1440448760986328,5.3907289505004883,381948275
2020-09-15T00:00:00.000000Z,5.3907289505004883,5.4475898742675781,4.8233470916748047,4.8804898262023926,363508871
2020-09-16T00:00:00.000000Z,4.8803238868713379,5.1884279251098633,4.7318739891052246,5.139397144317627,334951551
2020-09-17T00:00:00.000000Z,5.139397144317627,5.2032051086425781,4.8735108375549316,5.0715570449829102,340405816
2020-09-18T00:00:00.000000Z,5.0715570449829102,5.2117710113525391,4.7930078506469727,4.9684371948242188,331408168
2020-09-19T00:00:00.000000Z,4.9693608283996582,5.048335075378418,4.873539924621582,4.9444179534912109,277388053
2020-09-20T00:00:00.000000Z,4.9524421691894531,5.1000561714172363,4.549048900604248,4.6662898063659668,274054186
2020-09-21T00:00:00.000000Z,4.6645350456237793,4.7428722381591797,4.0139470100402832,4.0963788032531738,348171174
2020-09-22T00:00:00.000000Z,4.092073917388916,4.2748198509216309,4.037477970123291,4.2197070121765137,171684228
2020-09-23T00:00:00.000000Z,4.2175989151000977,4.2865362167358398,3.8182940483093262,3.847973108291626,262713202
2020-09-24T00:00:00.000000Z,3.8523080348968506,4.5469141006469727,3.8080000877380371,4.4833979606628418,276007418
2020-09-25T00:00:00.000000Z,4.4862270355224609,4.8054771423339844,4.3742141723632812,4.7963480949401855,280584469
2020-09-26T00:00:00.000000Z,4.7967309951782227,4.8137130737304688,4.4910650253295898,4.6043758392333984,232382942
2020-09-27T00:00:00.000000Z,4.6129660606384277,4.7879319190979004,4.5651397705078125,4.7348451614379883,258907007
2020-09-28T00:00:00.000000Z,4.7288589477539062,5.1675758361816406,4.7288389205932617,4.8570261001586914,355206682
2020-09-29T00:00:00.000000Z,4.8261699676513672,5.3698577880859375,4.8124198913574219,5.2505550384521484,318708049
2020-09-30T00:00:00.000000Z,5.3128790855407715,5.5600829124450684,5.2024722099304199,5.3663420677185059,377365959
2020-10-01T00:00:00.000000Z,5.3753290176391602,5.5912580490112305,4.9810738563537598,5.1291780471801758,316811275
2020-10-02T00:00:00.000000Z,5.1214570999145508,5.2702341079711914,4.6882948875427246,4.9084148406982422,348349394
2020-10-03T00:00:00.000000Z,4.9097170829772949,5.1282992362976074,4.8833780288696289,5.0181350708007812,236728923
2020-10-04T00:00:00.000000Z,5.0193052291870117,5.379277229309082,4.8799071311950684,5.306818962097168,275577899
2020-10-05T00:00:00.000000Z,5.3068251609802246,5.3985400199890137,5.1954469680786133,5.3821978569030762,283469331
2020-10-06T00:00:00.000000Z,5.3813118934631348,5.3938140869140625,4.7139010429382324,4.732914924621582,302450814
2020-10-07T00:00:00.000000Z,4.7340221405029297,4.9325399398803711,4.5726151466369629,4.8864569664001465,242900606
2020-10-08T00:00:00.000000Z,4.8841361999511719,5.1256279945373535,4.6498417854309082,5.0457878112792969,254267049
2020-10-09T00:00:00.000000Z,5.0349278450012207,5.2576918601989746,4.9455561637878418,5.1570420265197754,263064229
2020-10-10T00:00:00.000000Z,5.1630940437316895,5.6910891532897949,5.1626071929931641,5.5257000923156738,277656231
2020-10-11T00:00:00.000000Z,5.535548210144043,6.2670688629150391,5.4387369155883789,6.0797600746154785,459851237
2020-10-12T00:00:00.000000Z,6.0788369178771973,6.2208352088928223,5.8136281967163086,5.9850759506225586,382216591
2020-10-13T00:00:00.000000Z,5.9805231094360352,6.1738061904907227,5.8286051750183105,6.0155878067016602,358539920
2020-10-14T00:00:00.000000Z,6.0228228569030762,6.1310319900512695,5.6450591087341309,5.7489681243896484,347146738
2020-10-15T00:00:00.000000Z,5.7438449859619141,5.891599178314209,5.5258932113647461,5.7601299285888672,260450700
2020-10-16T00:00:00.000000Z,5.7680268287658691,5.8371200561523438,5.3312029838562012,5.3934159278869629,248946096
2020-10-17T00:00:00.000000Z,5.4162960052490234,5.4760937690734863,5.3028011322021484,5.4651918411254883,107183005
2020-10-18T00:00:00.000000Z,5.4578289985656738,5.7846508026123047,5.424065113067627,5.7638168334960938,180946252
2020-10-19T00:00:00.000000Z,5.766873836517334,5.7703838348388672,5.4734377861022949,5.5067729949951172,222765650
2020-10-20T00:00:00.000000Z,5.5074501037597656,5.5074501037597656,5.0240211486816406,5.0434632301330566,244425617
2020-10-21T00:00:00.000000Z,5.0329251289367676,5.4845290184020996,5.008796215057373,5.2555751800537109,271890873
2020-10-22T00:00:00.000000Z,5.2479801177978516,5.5663628578186035,5.2396368980407715,5.4290461540222168,292042211
2020-10-23T00:00:00.000000Z,5.4423251152038574,5.4946870803833008,5.1843051910400391,5.3696708679199219,356659050
2020-10-24T00:00:00.000000Z,5.3696708679199219,5.5918521881103516,5.2719621658325195,5.5556540489196777,299387143
2020-10-25T00:00:00.000000Z,5.5556540489196777,5.6487717628479004,5.269190788269043,5.2990097999572754,335377307
2020-10-26T00:00:00.000000Z,5.2990097999572754,5.3599581718444824,4.9942722320556641,5.1522197723388672,394953224
2020-10-27T00:00:00.000000Z,5.1522178649902344,5.3183708190917969,5.0714101791381836,5.1569862365722656,369482286
2020-10-28T00:00:00.000000Z,5.1569862365722656,5.1569862365722656,4.723045825958252,4.8079171180725098,308672970
2020-10-29T00:00:00.000000Z,4.807919979095459,4.8596491813659668,4.5307321548461914,4.6297669410705566,264946475
2020-10-30T00:00:00.000000Z,4.6297311782836914,4.705657958984375,4.3548669815063477,4.6247639656066895,319273601
2020-10-31T00:00:00.000000Z,4.6248488426208496,4.7975912094116211,4.5938892364501953,4.6201310157775879,261345268
2020-11-01T00:00:00.000000Z,4.6201310157775879,4.8445730209350586,4.5405721664428711,4.7356047630310059,271482142
2020-11-02T00:00:00.000000Z,4.7356038093566895,4.8701767921447754,4.5635108947753906,4.6101651191711426,320334369
2020-11-03T00:00:00.000000Z,4.6101632118225098,4.6101632118225098,4.3161830902099609,4.4769740104675293,307581882
2020-11-04T00:00:00.000000Z,4.476963996887207,4.4817318916320801,4.2202582359313965,4.3855090141296387,313836974
2020-11-05T00:00:00.000000Z,4.3855190277099609,4.5782642364501953,4.2809481620788574,4.5137801170349121,203956085
2020-11-06T00:00:00.000000Z,4.5137710571289062,4.9381189346313477,4.4792289733886719,4.8710861206054688,250264715
2020-11-07T00:00:00.000000Z,4.8710861206054688,5.150331974029541,4.5268588066101074,4.6177220344543457,292254641
2020-11-08T00:00:00.000000Z,4.6177220344543457,4.8946719169616699,4.5691328048706055,4.8033461570739746,168143537
2020-11-09T00:00:00.000000Z,4.8033428192138672,5.1826190948486328,4.6843419075012207,5.1335630416870117,240331276
2020-11-10T00:00:00.000000Z,5.1338567733764648,5.2607588768005371,4.9141039848327637,5.0784811973571777,215083725
2020-11-11T00:00:00.000000Z,5.0784740447998047,5.2579350471496582,5.0190658569335938,5.0338678359985352,205405671
2020-11-12T00:00:00.000000Z,5.033843994140625,5.2985649108886719,4.9447269439697266,5.0352702140808105,237165650
2020-11-13T00:00:00.000000Z,5.0352540016174316,5.2567610740661621,5.0192680358886719,5.2109651565551758,184471342
2020-11-14T00:00:00.000000Z,5.2109651565551758,5.2367219924926758,5.003777027130127,5.047429084777832,157621183
2020-11-15T00:00:00.000000Z,5.047429084777832,5.1154670715332031,4.870337963104248,4.9801411628723145,122779029
2020-11-16T00:00:00.000000Z,4.9801411628723145,5.1702132225036621,4.9358181953430176,5.1005420684814453,153196942
2020-11-17T00:00:00.000000Z,5.1330218315124512,5.3530440330505371,5.1277737617492676,5.2864751815795898,204595414
2020-11-18T00:00:00.000000Z,5.2864689826965332,5.315314769744873,4.949556827545166,5.1006679534912109,209635610
2020-11-19T00:00:00.000000Z,5.1006321907043457,5.2024569511413574,4.9854488372802734,5.090634822845459,154067530
2020-11-20T00:00:00.000000Z,5.0906572341918945,5.4489908218383789,5.0834088325500488,5.2702369689941406,223688662
2020-11-21T00:00:00.000000Z,5.2702369689941406,5.9205851554870605,5.2641968727111816,5.8912568092346191,334465901
2020-11-22T00:00:00.000000Z,5.8912577629089355,5.9534420967102051,5.2853350639343262,5.4632349014282227,314004494
2020-11-23T00:00:00.000000Z,5.4632377624511719,5.9032649993896484,5.436337947845459,5.8008131980895996,296001865
2020-11-24T00:00:00.000000Z,5.8003578186035156,6.401918888092041,5.6786789894104004,5.9503631591796875,455479631
2020-11-25T00:00:00.000000Z,5.9505629539489746,6.4567627906799316,5.787567138671875,5.9236822128295898,367760757
2020-11-26T00:00:00.000000Z,5.9204421043395996,6.263145923614502,5.0532708168029785,5.3289752006530762,475650477
2020-11-27T00:00:00.000000Z,5.331110954284668,5.4433140754699707,5.1189231872558594,5.3599529266357422,236297555
2020-11-28T00:00:00.000000Z,5.3613748550415039,5.5363860130310059,5.2355880737304688,5.4347400665283203,184123146
2020-11-29T00:00:00.000000Z,5.4351181983947754,5.5424561500549316,5.3258161544799805,5.4252219200134277,194782628
2020-11-30T00:00:00.000000Z,5.4243311882019043,5.6548042297363281,5.3435149192810059,5.554779052734375,237396324
2020-12-01T00:00:00.000000Z,5.5554471015930176,5.6975212097167969,5.1777482032775879,5.2692852020263672,258458947
2020-12-02T00:00:00.000000Z,5.2688350677490234,5.541752815246582,5.2182388305664062,5.4996838569641113,245897233
2020-12-03T00:00:00.000000Z,5.5005679130554199,5.6462249755859375,5.3680758476257324,5.5039329528808594,194837292
2020-12-04T00:00:00.000000Z,5.5039792060852051,5.5378580093383789,5.0138998031616211,5.0727729797363281,195489824
2020-12-05T00:00:00.000000Z,5.0715241432189941,5.293179988861084,4.9921579360961914,5.257667064666748,166084668
2020-12-06T00:00:00.000000Z,5.257871150970459,5.2844867706298828,5.0939188003540039,5.2079720497131348,145787932
2020-12-07T00:00:00.000000Z,5.2079348564147949,5.2248730659484863,5.0860471725463867,5.0958390235900879,129741017
2020-12-08T00:00:00.000000Z,5.096229076385498,5.1397972106933594,4.6660990715026855,4.7338161468505859,166125608
2020-12-09T00:00:00.000000Z,4.7340202331542969,4.8794059753417969,4.5741539001464844,4.805366039276123,188249912
2020-12-10T00:00:00.000000Z,4.8053731918334961,4.8148770332336426,4.6527352333068848,4.6596450805664062,145623121
2020-12-11T00:00:00.000000Z,4.6597728729248047,4.8512611389160156,4.4914889335632324,4.710151195526123,190251670
2020-12-12T00:00:00.000000Z,4.7086400985717773,5.1050810813903809,4.7061061859130859,5.069270133972168,140392205
2020-12-13T00:00:00.000000Z,5.0693650245666504,5.3573551177978516,5.0572328567504883,5.1895341873168945,172151624
2020-12-14T00:00:00.000000Z,5.1901340484619141,5.3116049766540527,5.0384430885314941,5.22381591796875,139005677
2020-12-15T00:00:00.000000Z,5.2239518165588379,5.3627581596374512,5.0723938941955566,5.2983951568603516,162574656
2020-12-16T00:00:00.000000Z,5.2981081008911133,5.4974350929260254,5.1651840209960938,5.4778308868408203,269777410
2020-12-17T00:00:00.000000Z,5.4775948524475098,5.7203841209411621,5.3211479187011719,5.3599071502685547,342779990
2020-12-18T00:00:00.000000Z,5.3605332374572754,5.4388728141784668,5.2181730270385742,5.3300609588623047,227710106
2020-12-19T00:00:00.000000Z,5.3298211097717285,5.4414229393005371,5.2683491706848145,5.2926788330078125,204767439
2020-12-20T00:00:00.000000Z,5.2921838760375977,5.3501391410827637,4.9589557647705078,5.0257930755615234,218893865
2020-12-21T00:00:00.000000Z,5.0268130302429199,5.1417632102966309,4.8205680847167969,5.0429458618164062,263918277
2020-12-22T00:00:00.000000Z,5.0423121452331543,5.0926918983459473,4.7426857948303223,4.9503870010375977,301783565
2020-12-23T00:00:00.000000Z,4.9500889778137207,4.995048999786377,4.2740559577941895,4.3776979446411133,336004306
2020-12-24T00:00:00.000000Z,4.3804521560668945,4.989314079284668,4.2421469688415527,4.9490118026733398,289019035
2020-12-25T00:00:00.000000Z,4.9492321014404297,5.0447988510131836,4.7634611129760742,4.9148449897766113,220602609
2020-12-26T00:00:00.000000Z,4.9148821830749512,4.9557218551635742,4.7319421768188477,4.7887868881225586,187812725
2020-12-27T00:00:00.000000Z,4.7892489433288574,5.0050201416015625,4.592714786529541,4.8271088600158691,282789433
2020-12-28T00:00:00.000000Z,4.8272199630737305,5.5453047752380371,4.8047947883605957,5.3562989234924316,321729217
2020-12-29T00:00:00.000000Z,5.3597598075866699,5.6715121269226074,5.0346531867980957,5.6272540092468262,393364459
2020-12-30T00:00:00.000000Z,5.623873233795166,5.7984910011291504,5.4048271179199219,5.436161994934082,408834921
2020-12-31T00:00:00.000000Z,5.4348931312561035,6.4932031631469727,5.256077766418457,6.4932031631469727,499347024
2021-01-01T00:00:00.000000Z,6.4902968406677246,6.5069980621337891,5.6524009704589844,5.868556022644043,492387732
2021-01-02T00:00:00.000000Z,5.8692817687988281,5.8822112083435059,5.3191399574279785,5.4146127700805664,599846982
2021-01-03T00:00:00.000000Z,5.4163007736206055,5.9006447792053223,5.3017129898071289,5.8138980865478516,525732596
2021-01-04T00:00:00.000000Z,5.8173389434814453,6.2626252174377441,5.3656859397888184,5.996769905090332,627610837
2021-01-05T00:00:00.000000Z,6.0023808479309082,6.3686099052429199,5.6687660217285156,6.2168159484863281,609572486
2021-01-06T00:00:00.000000Z,6.2171831130981445,6.9452481269836426,5.8852629661560059,6.6804871559143066,773764043
2021-01-07T00:00:00.000000Z,6.6819138526916504,6.8440980911254883,6.1428508758544922,6.2750201225280762,649595017
2021-01-08T00:00:00.000000Z,6.2743568420410156,6.3343768119812012,5.7109718322753906,5.9514451026916504,638646886
2021-01-09T00:00:00.000000Z,5.9499869346618652,6.722991943359375,5.8383769989013672,6.539395809173584,687660265
2021-01-10T00:00:00.000000Z,6.5419921875,7.1431598663330078,6.0022220611572266,6.4300417900085449,779660148
2021-01-11T00:00:00.000000Z,6.4295449256896973,6.4295449256896973,5.0270729064941406,5.7213869094848633,755034143
2021-01-12T00:00:00.000000Z,5.720026969909668,6.1393461227416992,5.5223970413208008,5.6997170448303223,560645823
2021-01-13T00:00:00.000000Z,5.6990489959716797,6.2478427886962891,5.5595321655273438,6.2226991653442383,461959284
2021-01-14T00:00:00.000000Z,6.222294807434082,6.5753641128540039,6.1520419120788574,6.4393210411071777,534626329
2021-01-15T00:00:00.000000Z,6.4435591697692871,8.3595209121704102,6.4435591697692871,7.9387369155883789,1762870087
2021-01-16T00:00:00.000000Z,7.9255452156066895,9.5088729858398438,7.6166491508483887,9.0290660858154297,1477107371
2021-01-17T00:00:00.000000Z,9.0329532623291016,9.1777915954589844,8.0577497482299805,8.5066165924072266,962808615
2021-01-18T00:00:00.000000Z,8.5109176635742188,9.8421525955200195,8.5109176635742188,9.4940080642700195,983655098
2021-01-19T00:00:00.000000Z,9.5055923461914062,10.130049705505371,8.895197868347168,8.9774084091186523,803693027
2021-01-20T00:00:00.000000Z,8.9636106491088867,9.4508790969848633,8.0090627670288086,8.9031620025634766,813139538
2021-01-21T00:00:00.000000Z,8.9047355651855469,8.9400901794433594,7.1250929832458496,7.1537199020385742,710443529
2021-01-22T00:00:00.000000Z,7.1508569717407227,8.4387588500976562,6.6875457763671875,8.013667106628418,810366153
2021-01-23T00:00:00.000000Z,8.0071010589599609,8.6757402420043945,7.8668699264526367,8.3111028671264648,682782541
2021-01-24T00:00:00.000000Z,8.3111276626586914,8.7799091339111328,7.9068670272827148,8.2405548095703125,593793753
2021-01-25T00:00:00.000000Z,8.2414770126342773,8.5190610885620117,7.7065539360046387,7.758842945098877,557948228
2021-01-26T00:00:00.000000Z,7.7561311721801758,7.9383721351623535,7.4215140342712402,7.7199897766113281,530402385
2021-01-27T00:00:00.000000Z,7.7189440727233887,7.7501249313354492,6.7869038581848145,6.9888820648193359,588954473
2021-01-28T00:00:00.000000Z,6.9895610809326172,8.4515714645385742,6.8700389862060547,8.1295280456542969,756476239
2021-01-29T00:00:00.000000Z,8.1974458694458008,8.4533023834228516,7.7206301689147949,7.9829001426696777,679210995
2021-01-30T00:00:00.000000Z,7.9827017784118652,8.2801570892333984,7.7643280029296875,8.049342155456543,437009194
2021-01-31T00:00:00.000000Z,8.0499448776245117,8.8617925643920898,7.7405920028686523,8.1373758316040039,618250965
2021-02-01T00:00:00.000000Z,8.1380500793457031,9.2114143371582031,7.843925952911377,9.2114143371582031,646040739
2021-02-02T00:00:00.000000Z,9.2206153869628906,9.3176727294921875,8.7179431915283203,8.9045391082763672,534811920
2021-02-03T00:00:00.000000Z,8.902557373046875,9.3950395584106445,8.762394905090332,9.2818899154663086,570129740
2021-02-04T00:00:00.000000Z,9.2830610275268555,9.4773187637329102,8.6882658004760742,9.1865940093994141,535873979
2021-02-05T00:00:00.000000Z,9.179290771484375,12.663895606994629,9.0571632385253906,12.159788131713867,1461410929
2021-02-06T00:00:00.000000Z,12.155716896057129,13.482617378234863,11.348633766174316,12.016807556152344,1448899768
2021-02-07T00:00:00.000000Z,12.03663444519043,13.938069343566895,11.535534858703613,13.916703224182129,1590915578
2021-02-08T00:00:00.000000Z,13.913703918457031,14.955348014831543,13.307374000549316,14.236931800842285,1518972157
2021-02-09T00:00:00.000000Z,14.225199699401855,15.463968276977539,13.818471908569336,15.086407661437988,1171768507
2021-02-10T00:00:00.000000Z,15.077592849731445,15.420289993286133,13.646010398864746,15.002434730529785,1153342397
2021-02-11T00:00:00.000000Z,15.003274917602539,18.211343765258789,14.854043006896973,17.775079727172852,1616374651
2021-02-12T00:00:00.000000Z,17.719875335693359,22.022432327270508,17.3397216796875,21.196403503417969,2510219997
2021-02-13T00:00:00.000000Z,21.153253555297852,22.003702163696289,19.368402481079102,20.249652862548828,1645993970
2021-02-14T00:00:00.000000Z,20.249711990356445,20.668056488037109,18.604339599609375,19.243099212646484,1465793876
2021-02-15T00:00:00.000000Z,19.218099594116211,24.845354080200195,15.326278686523438,22.460439682006836,3139128654
2021-02-16T00:00:00.000000Z,22.433254241943359,26.41938591003418,22.433254241943359,25.186710357666016,3365947568
2021-02-17T00:00:00.000000Z,25.171024322509766,25.799367904663086,22.604007720947266,23.864612579345703,2407499286
2021-02-18T00:00:00.000000Z,23.865863800048828,24.885292053222656,22.836658477783203,23.137821197509766,1179216179
2021-02-19T00:00:00.000000Z,23.141181945800781,23.509340286254883,21.750320434570312,22.86937141418457,868958195
2021-02-20T00:00:00.000000Z,22.873529434204102,24.331474304199219,20.831888198852539,21.756719589233398,1273167407
2021-02-21T00:00:00.000000Z,21.742681503295898,22.633378982543945,20.917793273925781,21.591426849365234,1205468751
2021-02-22T00:00:00.000000Z,21.591779708862305,21.634243011474609,17.062461853027344,21.306215286254883,1407827926
2021-02-23T00:00:00.000000Z,21.254798889160156,23.289342880249023,15.367365837097168,20.128940582275391,2172119298
2021-02-24T00:00:00.000000Z,20.144575119018555,21.251337051391602,18.801082611083984,19.499603271484375,1094985831
2021-02-25T00:00:00.000000Z,19.497596740722656,20.464054107666016,17.671457290649414,17.763395309448242,808907108
2021-02-26T00:00:00.000000Z,17.802751541137695,18.880771636962891,16.196147918701172,18.815696716308594,1002590770
2021-02-27T00:00:00.000000Z,18.824638366699219,20.525642395019531,18.286985397338867,19.170726776123047,765692912
2021-02-28T00:00:00.000000Z,19.169559478759766,19.206220626831055,16.682817459106445,17.622764587402344,587524523
2021-03-01T00:00:00.000000Z,17.630102157592773,18.652366638183594,17.614875793457031,18.610485076904297,472927334
2021-03-02T00:00:00.000000Z,18.606084823608398,20.366325378417969,18.097909927368164,18.822122573852539,718143875
2021-03-03T00:00:00.000000Z,18.832088470458984,21.890426635742188,18.714214324951172,21.437494277954102,757982550
2021-03-04T00:00:00.000000Z,21.430944442749023,21.66120719909668,18.300384521484375,18.915332794189453,787374729
2021-03-05T00:00:00.000000Z,18.879859924316406,19.210798263549805,18.021106719970703,18.692411422729492,476063491
2021-03-06T00:00:00.000000Z,18.671926498413086,19.049947738647461,18.311494827270508,18.933809280395508,300453276
2021-03-07T00:00:00.000000Z,18.935758590698242,19.493658065795898,18.698774337768555,19.493658065795898,419414761
2021-03-08T00:00:00.000000Z,19.492237091064453,19.822580337524414,18.615911483764648,19.355236053466797,526566397
2021-03-09T00:00:00.000000Z,19.355550765991211,21.134635925292969,19.063068389892578,21.134580612182617,720374763
2021-03-10T00:00:00.000000Z,21.127677917480469,21.244434356689453,19.188783645629883,19.638774871826172,686624202
2021-03-11T00:00:00.000000Z,19.621763229370117,19.728542327880859,18.717979431152344,19.289438247680664,515970926
2021-03-12T00:00:00.000000Z,19.295372009277344,19.442657470703125,17.966646194458008,18.589967727661133,597307351
2021-03-13T00:00:00.000000Z,18.594879150390625,19.80311393737793,17.899358749389648,19.382959365844727,507506351
2021-03-14T00:00:00.000000Z,19.374500274658203,19.492315292358398,18.486799240112305,18.553705215454102,346186683
2021-03-15T00:00:00.000000Z,18.542690277099609,21.034616470336914,18.025665283203125,20.035564422607422,889262383
2021-03-16T00:00:00.000000Z,19.992834091186523,21.90399169921875,18.840629577636719,21.030008316040039,885241940
2021-03-17T00:00:00.000000Z,21.019111633300781,21.627365112304688,19.688625335693359,20.911052703857422,754267205
2021-03-18T00:00:00.000000Z,20.8978271484375,24.520563125610352,20.593711853027344,22.235557556152344,1266471148
2021-03-19T00:00:00.000000Z,22.211942672729492,23.187219619750977,21.590097427368164,22.291996002197266,729707578
2021-03-20T00:00:00.000000Z,22.288717269897461,22.786230087280273,20.905706405639648,20.905706405639648,452014941
2021-03-21T00:00:00.000000Z,20.939508438110352,21.310552597045898,20.015068054199219,20.507261276245117,500747504
2021-03-22T00:00:00.000000Z,20.510082244873047,21.12763786315918,19.207332611083984,19.333803176879883,575697288
2021-03-23T00:00:00.000000Z,19.319578170776367,19.865734100341797,18.770027160644531,18.782861709594727,506789292
2021-03-24T00:00:00.000000Z,18.778680801391602,19.80097770690918,16.797519683837891,17.590814590454102,633801536
2021-03-25T00:00:00.000000Z,17.576831817626953,18.0047607421875,16.758405685424805,17.210569381713867,708851375
2021-03-26T00:00:00.000000Z,17.206354141235352,18.969526290893555,17.140802383422852,18.966718673706055,546688600
2021-03-27T00:00:00.000000Z,18.964235305786133,19.209600448608398,18.071052551269531,18.705623626708984,450888518
2021-03-28T00:00:00.000000Z,18.706781387329102,19.88243293762207,18.471380233764648,19.308496475219727,525999156
2021-03-29T00:00:00.000000Z,19.312660217285156,20.865518569946289,19.095409393310547,20.276844024658203,627890577
2021-03-30T00:00:00.000000Z,20.272560119628906,20.59034538269043,19.553787231445312,19.977788925170898,482122431
2021-03-31T00:00:00.000000Z,19.982177734375,20.087404251098633,18.605697631835938,19.110122680664062,606283461
2021-04-01T00:00:00.000000Z,19.111454010009766,19.857135772705078,19.017829895019531,19.644237518310547,547109425
2021-04-02T00:00:00.000000Z,19.631210327148438,20.507724761962891,19.283000946044922,20.412689208984375,488967387
2021-04-03T00:00:00.000000Z,20.413530349731445,22.710422515869141,20.215856552124023,20.268381118774414,1129111741
2021-04-04T00:00:00.000000Z,20.25384521484375,22.02485466003418,19.970663070678711,21.73773193359375,675075627
2021-04-05T00:00:00.000000Z,21.738714218139648,22.316240310668945,20.43956184387207,21.462709426879883,731003937
2021-04-06T00:00:00.000000Z,21.485893249511719,23.228250503540039,21.12706184387207,21.77348518371582,1006022060
2021-04-07T00:00:00.000000Z,21.709007263183594,22.146398544311523,18.898595809936523,19.583047866821289,972381407
2021-04-08T00:00:00.000000Z,19.59065055847168,20.600955963134766,19.52180290222168,20.519001007080078,493696314
2021-04-09T00:00:00.000000Z,20.523120880126953,21.535272598266602,20.523120880126953,21.399585723876953,427397698
2021-04-10T00:00:00.000000Z,21.421829223632812,22.66015625,20.552091598510742,21.055864334106445,633036095
2021-04-11T00:00:00.000000Z,21.03434944152832,23.530527114868164,20.75355339050293,23.345903396606445,596496781
2021-04-12T00:00:00.000000Z,23.461053848266602,23.743326187133789,21.291450500488281,22.046228408813477,814213456
2021-04-13T00:00:00.000000Z,22.01251220703125,24.870098114013672,21.41765022277832,23.865888595581055,969280253
2021-04-14T00:00:00.000000Z,23.815958023071289,27.101285934448242,22.874628067016602,27.101285934448242,1567041643
2021-04-15T00:00:00.000000Z,27.094221115112305,28.485744476318359,26.017559051513672,27.974222183227539,1359497938
2021-04-16T00:00:00.000000Z,27.822479248046875,28.141012191772461,24.148273468017578,25.577230453491211,1003837201
2021-04-17T00:00:00.000000Z,25.558832168579102,27.514995574951172,24.586963653564453,24.647556304931641,799905822
2021-04-18T00:00:00.000000Z,24.627180099487305,25.024883270263672,17.577198028564453,21.377643585205078,1347894255
2021-04-19T00:00:00.000000Z,21.422414779663086,22.238674163818359,18.921140670776367,19.285638809204102,817680389
2021-04-20T00:00:00.000000Z,19.210090637207031,21.547136306762695,17.705320358276367,21.250104904174805,1070969900
2021-04-21T00:00:00.000000Z,21.276073455810547,21.46721076965332,19.399116516113281,19.635147094726562,695415700
2021-04-22T00:00:00.000000Z,19.578153610229492,21.510412216186523,18.64439582824707,18.77232551574707,817952267
2021-04-23T00:00:00.000000Z,18.77873420715332,20.494558334350586,16.714595794677734,20.477582931518555,1022942872
2021-04-24T00:00:00.000000Z,20.501895904541016,20.512914657592773,18.378677368164062,18.39421272277832,472708341
2021-04-25T00:00:00.000000Z,18.43621826171875,19.632747650146484,17.745218276977539,18.650671005249023,440210763
2021-04-26T00:00:00.000000Z,18.701717376708984,22.764612197875977,18.510391235351562,22.074230194091797,752531946
2021-04-27T00:00:00.000000Z,22.096216201782227,23.417243957519531,21.763395309448242,23.048372268676758,588246765
2021-04-28T00:00:00.000000Z,23.047273635864258,24.115100860595703,21.837623596191406,22.956918716430664,664789988
2021-04-29T00:00:00.000000Z,22.968994140625,22.968994140625,21.187049865722656,22.125026702880859,504570591
2021-04-30T00:00:00.000000Z,22.212804794311523,23.415887832641602,21.749954223632812,22.72773551940918,530264907
2021-05-01T00:00:00.000000Z,22.7236328125,24.471147537231445,22.466110229492188,23.819658279418945,604499347
2021-05-02T00:00:00.000000Z,23.796520233154297,23.932411193847656,22.34564208984375,23.097263336181641,449119707
2021-05-03T00:00:00.000000Z,23.08909797668457,23.757268905639648,22.460166931152344,22.967475891113281,481400618
2021-05-04T00:00:00.000000Z,22.952152252197266,23.316654205322266,20.922451019287109,21.042287826538086,677921085
2021-05-05T00:00:00.000000Z,20.964992523193359,24.783298492431641,20.627756118774414,24.762706756591797,813419448
2021-05-06T00:00:00.000000Z,24.851259231567383,27.041431427001953,24.323966979980469,25.533275604248047,1302592314
2021-05-07T00:00:00.000000Z,25.526840209960938,32.136863708496094,25.01896858215332,28.747247695922852,2221425535
2021-05-08T00:00:00.000000Z,28.611679077148438,31.420076370239258,26.906526565551758,29.435150146484375,1373994440
2021-05-09T00:00:00.000000Z,29.482372283935547,29.956050872802734,26.532537460327148,28.779552459716797,930674662
2021-05-10T00:00:00.000000Z,28.710300445556641,29.858053207397461,23.869266510009766,25.336286544799805,937692559
2021-05-11T00:00:00.000000Z,25.344781875610352,27.055166244506836,23.872159957885742,26.905967712402344,733948641
2021-05-12T00:00:00.000000Z,26.879535675048828,27.765029907226562,22.67820930480957,22.67820930480957,802785055
2021-05-13T00:00:00.000000Z,22.99891471862793,25.289545059204102,21.951927185058594,23.548013687133789,874404509
2021-05-14T00:00:00.000000Z,23.53669548034668,25.768257141113281,23.42725944519043,25.768257141113281,674797919
2021-05-15T00:00:00.000000Z,25.836841583251953,28.685510635375977,24.485149383544922,24.57972526550293,1606586942
2021-05-16T00:00:00.000000Z,24.462856292724609,26.594064712524414,22.754959106445312,24.323753356933594,1001590225
2021-05-17T00:00:00.000000Z,24.280796051025391,24.280796051025391,20.685764312744141,21.109043121337891,884150005
2021-05-18T00:00:00.000000Z,21.05204963684082,23.357217788696289,20.862161636352539,22.823762893676758,628851420
2021-05-19T00:00:00.000000Z,22.855218887329102,23.493314743041992,9.8728914260864258,13.937352180480957,1229910772
2021-05-20T00:00:00.000000Z,13.786225318908691,17.355026245117188,12.266738891601562,16.998430252075195,848745790
2021-05-21T00:00:00.000000Z,16.936059951782227,17.585563659667969,11.409685134887695,13.562067985534668,651112786
2021-05-22T00:00:00.000000Z,13.59481143951416,13.67832088470459,11.571541786193848,12.237845420837402,438907434
2021-05-23T00:00:00.000000Z,12.249306678771973,13.111932754516602,8.5828781127929688,11.738483428955078,706855397
2021-05-24T00:00:00.000000Z,11.686910629272461,14.442593574523926,11.158857345581055,14.442593574523926,568781724
2021-05-25T00:00:00.000000Z,14.514823913574219,14.924924850463867,12.455134391784668,13.910778045654297,484822530
2021-05-26T00:00:00.000000Z,13.948357582092285,15.653081893920898,13.649771690368652,15.263936042785645,411442619
2021-05-27T00:00:00.000000Z,15.273771286010742,15.319381713867188,13.617877960205078,14.419513702392578,317841306
2021-05-28T00:00:00.000000Z,14.50191593170166,14.583436965942383,12.037549018859863,12.718081474304199,349062685
2021-05-29T00:00:00.000000Z,12.699146270751953,14.368869781494141,11.39976692199707,12.068324089050293,352176882
2021-05-30T00:00:00.000000Z,12.048484802246094,13.109413146972656,11.328451156616211,12.588836669921875,240724030
2021-05-31T00:00:00.000000Z,12.567075729370117,13.994121551513672,11.921459197998047,13.994121551513672,264741804
2021-06-01T00:00:00.000000Z,13.973799705505371,14.525049209594727,13.389801025390625,13.757417678833008,249500250
2021-06-02T00:00:00.000000Z,13.755188941955566,15.316123962402344,13.598250389099121,14.852792739868164,271173287
2021-06-03T00:00:00.000000Z,14.854878425598145,17.18621826171875,14.666812896728516,16.637294769287109,424392229
2021-06-04T00:00:00.000000Z,16.660415649414062,17.082437515258789,14.07182502746582,15.08472728729248,358169132
2021-06-05T00:00:00.000000Z,15.084166526794434,16.334707260131836,14.29349422454834,14.873798370361328,296675573
2021-06-06T00:00:00.000000Z,14.882736206054688,15.40638542175293,14.516205787658691,15.098883628845215,179969374
2021-06-07T00:00:00.000000Z,15.110819816589355,15.784473419189453,13.318716049194336,13.414450645446777,243486315
2021-06-08T00:00:00.000000Z,13.462042808532715,13.813986778259277,12.075497627258301,13.630867004394531,343761380
2021-06-09T00:00:00.000000Z,13.578248977661133,14.011560440063477,12.624049186706543,13.93913459777832,294948281
2021-06-10T00:00:00.000000Z,13.940084457397461,14.052533149719238,12.588187217712402,12.808160781860352,233579975
2021-06-11T00:00:00.000000Z,12.837496757507324,12.937601089477539,11.57639217376709,11.937148094177246,204520314
2021-06-12T00:00:00.000000Z,11.952132225036621,12.052470207214355,10.935870170593262,11.618664741516113,206405161
2021-06-13T00:00:00.000000Z,11.630677223205566,12.514607429504395,11.31865406036377,12.500146865844727,211088943
2021-06-14T00:00:00.000000Z,12.522619247436523,13.391229629516602,12.243582725524902,12.611080169677734,220702152
2021-06-15T00:00:00.000000Z,13.350577354431152,13.569645881652832,12.66801929473877,13.360295295715332,239421957
2021-06-16T00:00:00.000000Z,12.95695972442627,13.443986892700195,12.374024391174316,13.381440162658691,247739768
2021-06-17T00:00:00.000000Z,13.408014297485352,14.580348968505859,13.302634239196777,13.600367546081543,338386824
2021-06-18T00:00:00.000000Z,13.62718391418457,13.62718391418457,11.985255241394043,12.429533958435059,217822614
2021-06-19T00:00:00.000000Z,12.455047607421875,12.712944030761719,11.858331680297852,11.941557884216309,161619799
2021-06-20T00:00:00.000000Z,11.907776832580566,12.39457893371582,11.066067695617676,12.013412475585938,199179692
2021-06-21T00:00:00.000000Z,11.990110397338867,12.110647201538086,9.5052347183227539,9.5482759475708008,280693157
2021-06-22T00:00:00.000000Z,9.523463249206543,10.564127922058105,7.8925309181213379,8.9733009338378906,349942695
2021-06-23T00:00:00.000000Z,8.973301887512207,10.485409736633301,8.5890359878540039,10.097492218017578,251604609
2021-06-24T00:00:00.000000Z,9.6176681518554688,10.698802947998047,9.0443429946899414,10.33978271484375,208460652
2021-06-25T00:00:00.000000Z,10.364562034606934,10.686299324035645,8.8860664367675781,9.1411104202270508,222812684
2021-06-26T00:00:00.000000Z,9.0843105316162109,9.5436182022094727,8.6643314361572266,9.5436182022094727,168977556
2021-06-27T00:00:00.000000Z,9.594451904296875,10.070964813232422,9.4311447143554688,10.049683570861816,176367570
2021-06-28T00:00:00.000000Z,10.07042407989502,10.867974281311035,9.9272689819335938,10.848781585693359,159345728
2021-06-29T00:00:00.000000Z,10.88523006439209,12.855107307434082,10.837591171264648,11.5797119140625,307562253
2021-06-30T00:00:00.000000Z,11.635394096374512,12.03083610534668,11.043001174926758,12.00351619720459,224159230
2021-07-01T00:00:00.000000Z,12.030936241149902,12.045854568481445,10.723462104797363,11.11038875579834,178901287
2021-07-02T00:00:00.000000Z,11.048080444335938,11.764925003051758,10.54393482208252,11.764925003051758,189141785
2021-07-03T00:00:00.000000Z,11.791033744812012,12.198275566101074,11.540298461914062,11.817927360534668,155131665
2021-07-04T00:00:00.000000Z,11.799600601196289,12.433964729309082,11.520692825317383,12.263547897338867,144917699
2021-07-05T00:00:00.000000Z,12.320437431335449,13.968271255493164,11.955753326416016,13.54847526550293,448935802
2021-07-06T00:00:00.000000Z,13.558098793029785,14.020420074462891,12.823983192443848,13.159371376037598,253782183
2021-07-07T00:00:00.000000Z,13.152386665344238,13.502900123596191,12.867369651794434,12.926385879516602,187303006
2021-07-08T00:00:00.000000Z,12.948446273803711,12.973263740539551,11.676560401916504,11.928683280944824,218759897
2021-07-09T00:00:00.000000Z,11.897356033325195,13.676865577697754,11.452062606811523,13.164698600769043,352858875
2021-07-10T00:00:00.000000Z,13.180739402770996,14.470033645629883,12.978999137878418,14.400946617126465,306607704
2021-07-11T00:00:00.000000Z,14.422582626342773,14.798059463500977,13.890226364135742,14.062595367431641,287307208
2021-07-12T00:00:00.000000Z,14.071731567382812,14.121153831481934,12.79646110534668,13.045657157897949,219484347
2021-07-13T00:00:00.000000Z,13.007965087890625,13.720132827758789,11.820597648620605,12.113471984863281,271558471
2021-07-14T00:00:00.000000Z,12.09416675567627,12.216387748718262,11.101200103759766,11.749421119689941,280223308
2021-07-15T00:00:00.000000Z,11.742941856384277,12.061740875244141,10.668848037719727,11.431245803833008,221625899
2021-07-16T00:00:00.000000Z,11.463718414306641,13.167671203613281,11.002791404724121,11.179139137268066,475576410
2021-07-17T00:00:00.000000Z,11.136967658996582,11.487368583679199,10.735232353210449,11.000161170959473,291508555
2021-07-18T00:00:00.000000Z,11.028285026550293,11.541192054748535,10.787871360778809,10.983057975769043,191622808
2021-07-19T00:00:00.000000Z,10.981086730957031,11.069626808166504,9.9437580108642578,9.9589481353759766,191110164
2021-07-20T00:00:00.000000Z,9.9788970947265625,10.143948554992676,8.9811954498291016,9.4857139587402344,213335723
2021-07-21T00:00:00.000000Z,9.4587955474853516,10.701629638671875,9.1481809616088867,10.41718578338623,223323066
2021-07-22T00:00:00.000000Z,10.449691772460938,11.60968017578125,10.190182685852051,11.377148628234863,236098229
2021-07-23T00:00:00.000000Z,11.379123687744141,11.529685020446777,10.696148872375488,11.459868431091309,207990694
2021-07-24T00:00:00.000000Z,11.442123413085938,11.772867202758789,11.103378295898438,11.452106475830078,190731861
2021-07-25T00:00:00.000000Z,11.433392524719238,11.619810104370117,10.990704536437988,11.451760292053223,147996396
2021-07-26T00:00:00.000000Z,11.457887649536133,12.42879581451416,11.317347526550293,11.408082008361816,300857091
2021-07-27T00:00:00.000000Z,11.389018058776855,11.804259300231934,11.046357154846191,11.713591575622559,189534096
2021-07-28T00:00:00.000000Z,11.729814529418945,11.940781593322754,11.402820587158203,11.558524131774902,174680432
2021-07-29T00:00:00.000000Z,11.587150573730469,11.865813255310059,11.344083786010742,11.761094093322754,162930702
2021-07-30T00:00:00.000000Z,11.790026664733887,12.179146766662598,11.450527191162109,12.150323867797852,200899899
2021-07-31T00:00:00.000000Z,12.134798049926758,12.929017066955566,11.886401176452637,12.606651306152344,222533204
2021-08-01T00:00:00.000000Z,12.592221260070801,13.436609268188477,12.168940544128418,12.362028121948242,245887570
2021-08-02T00:00:00.000000Z,12.337005615234375,12.75876522064209,12.137360572814941,12.48671817779541,152332464
2021-08-03T00:00:00.000000Z,12.484599113464355,12.651218414306641,11.801322937011719,12.088598251342773,151997151
2021-08-04T00:00:00.000000Z,12.130176544189453,12.899202346801758,11.970274925231934,12.787025451660156,162612241
2021-08-05T00:00:00.000000Z,12.809976577758789,13.23369026184082,12.42280387878418,13.024024963378906,173243197
2021-08-06T00:00:00.000000Z,13.027756690979004,14.029067039489746,12.749424934387207,13.580483436584473,216995434
2021-08-07T00:00:00.000000Z,13.587798118591309,14.355697631835938,13.503884315490723,14.007085800170898,238357531
2021-08-08T00:00:00.000000Z,14.011722564697266,14.233188629150391,13.022116661071777,13.132248878479004,184762254
2021-08-09T00:00:00.000000Z,13.13365364074707,14.045787811279297,12.682920455932617,13.682089805603027,199694997
2021-08-10T00:00:00.000000Z,13.654507637023926,14.39093017578125,13.482488632202148,14.094296455383301,203421288
2021-08-11T00:00:00.000000Z,14.105074882507324,15.436572074890137,14.0933837890625,14.599297523498535,295822061
2021-08-12T00:00:00.000000Z,14.577252388000488,15.190936088562012,13.579047203063965,14.038819313049316,226821270
2021-08-13T00:00:00.000000Z,14.080224990844727,15.33924388885498,13.876954078674316,15.207443237304688,211782999
2021-08-14T00:00:00.000000Z,15.214158058166504,15.774909973144531,14.772839546203613,15.551835060119629,253369604
2021-08-15T00:00:00.000000Z,15.547223091125488,15.948776245117188,14.906451225280762,15.904951095581055,209900288
2021-08-16T00:00:00.000000Z,15.920488357543945,16.663204193115234,15.51346492767334,15.853260040283203,302192014
2021-08-17T00:00:00.000000Z,15.805852890014648,17.460874557495117,15.106542587280273,15.994036674499512,524439835
2021-08-18T00:00:00.000000Z,16.018762588500977,18.571720123291016,15.020571708679199,17.997228622436523,603168957
2021-08-19T00:00:00.000000Z,17.974475860595703,20.389553070068359,17.82611083984375,18.68208122253418,1119841099
2021-08-20T00:00:00.000000Z,18.689947128295898,19.983272552490234,18.361600875854492,18.921852111816406,552178859
2021-08-21T00:00:00.000000Z,18.930793762207031,23.908208847045898,18.547203063964844,22.094785690307617,1462984615
2021-08-22T00:00:00.000000Z,22.092634201049805,24.635530471801758,21.019741058349609,21.857561111450195,1123896203
2021-08-23T00:00:00.000000Z,21.859653472900391,23.078275680541992,21.307138442993164,21.831253051757812,688583020
2021-08-24T00:00:00.000000Z,21.848703384399414,22.003164291381836,19.259340286254883,19.62464714050293,583030847
2021-08-25T00:00:00.000000Z,19.606836318969727,20.839078903198242,18.654802322387695,19.973630905151367,487821905
2021-08-26T00:00:00.000000Z,20.050037384033203,20.314634323120117,17.84245491027832,17.970554351806641,392383314
2021-08-27T00:00:00.000000Z,17.998350143432617,20.562507629394531,17.286140441894531,20.459877014160156,515807868
2021-08-28T00:00:00.000000Z,20.449079513549805,21.42242431640625,19.552173614501953,21.336055755615234,479810304
2021-08-29T00:00:00.000000Z,21.326814651489258,22.393754959106445,20.369121551513672,21.201059341430664,580881094
2021-08-30T00:00:00.000000Z,21.238431930541992,23.843788146972656,19.588773727416992,22.100242614746094,804287512
2021-08-31T00:00:00.000000Z,22.235107421875,26.165878295898438,21.660900115966797,22.872098922729492,1577705190
2021-09-01T00:00:00.000000Z,22.859718322753906,25.860000610351562,22.21312141418457,25.351999282836914,1193791537
2021-09-02T00:00:00.000000Z,25.417226791381836,25.729875564575195,23.557836532592773,24.144254684448242,584369889
2021-09-03T00:00:00.000000Z,24.167800903320312,24.920591354370117,23.25639533996582,24.135107040405273,572774475
2021-09-04T00:00:00.000000Z,24.097061157226562,25.449810028076172,23.785923004150391,24.434270858764648,508371518
2021-09-05T00:00:00.000000Z,24.429679870605469,26.196872711181641,23.863168716430664,25.75535774230957,557060987
2021-09-06T00:00:00.000000Z,25.735517501831055,27.025405883789062,24.000898361206055,25.116592407226562,706889107
2021-09-07T00:00:00.000000Z,25.079391479492188,27.383758544921875,17.690420150756836,20.905874252319336,1164299220
2021-09-08T00:00:00.000000Z,20.94017219543457,21.895990371704102,18.588935852050781,20.529243469238281,726604519
2021-09-09T00:00:00.000000Z,21.967973709106445,28.439098358154297,20.380218505859375,27.003868103027344,2054203891
2021-09-10T00:00:00.000000Z,26.855859756469727,30.411615371704102,24.739778518676758,29.442146301269531,3009211971
2021-09-11T00:00:00.000000Z,29.410760879516602,30.896236419677734,26.875486373901367,27.286066055297852,1505635156
2021-09-12T00:00:00.000000Z,27.340320587158203,35.189315795898438,26.0811767578125,34.999603271484375,2438022040
2021-09-13T00:00:00.000000Z,35.144393920898438,38.784404754638672,30.378616333007812,35.628620147705078,4260699810
2021-09-14T00:00:00.000000Z,35.879531860351562,37.80987548828125,32.923301696777344,34.104835510253906,2283709519
2021-09-15T00:00:00.000000Z,34.218009948730469,35.252429962158203,32.777393341064453,34.131904602050781,1218948791
2021-09-16T00:00:00.000000Z,34.070796966552734,36.985095977783203,31.423816680908203,36.905796051025391,1711114838
2021-09-17T00:00:00.000000Z,37.195446014404297,37.968124389648438,32.544830322265625,33.413314819335938,1571897232
2021-09-18T00:00:00.000000Z,33.451999664306641,41.336811065673828,32.720977783203125,40.8543701171875,2474432402
2021-09-19T00:00:00.000000Z,40.678989410400391,44.590904235839844,38.030979156494141,44.542789459228516,2599703217
2021-09-20T00:00:00.000000Z,44.279644012451172,44.695526123046875,33.424209594726562,33.7921142578125,3491916010
2021-09-21T00:00:00.000000Z,34.021251678466797,37.198936462402344,29.117706298828125,30.442258834838867,2821419021
2021-09-22T00:00:00.000000Z,30.441125869750977,39.983848571777344,29.410270690917969,39.983848571777344,2863204890
2021-09-23T00:00:00.000000Z,39.827411651611328,43.352088928222656,38.950706481933594,41.515232086181641,2778779661
2021-09-24T00:00:00.000000Z,41.532581329345703,44.271438598632812,36.253498077392578,42.793621063232422,3179435315
2021-09-25T00:00:00.000000Z,42.646953582763672,43.038246154785156,38.943103790283203,39.515087127685547,1603838880
2021-09-26T00:00:00.000000Z,39.534309387207031,41.654087066650391,35.617721557617188,39.619590759277344,1781195738
2021-09-27T00:00:00.000000Z,39.990249633789062,40.753269195556641,36.774650573730469,37.341056823730469,1237073650
2021-09-28T00:00:00.000000Z,37.276496887207031,37.824539184570312,33.425430297851562,33.668216705322266,1080352014
2021-09-29T00:00:00.000000Z,33.745677947998047,36.671516418457031,32.820137023925781,33.950531005859375,1083210669
2021-09-30T00:00:00.000000Z,33.911693572998047,36.248264312744141,33.562400817871094,36.212108612060547,1045214587
2021-10-01T00:00:00.000000Z,36.233329772949219,38.525978088378906,34.866924285888672,37.837257385253906,1118932399
2021-10-02T00:00:00.000000Z,37.876304626464844,41.575626373291016,37.219821929931641,38.756965637207031,1163131664
2021-10-03T00:00:00.000000Z,38.659046173095703,40.751674652099609,37.863410949707031,38.790664672851562,941369104
2021-10-04T00:00:00.000000Z,38.778720855712891,38.786781311035156,36.099769592285156,36.717441558837891,931680967
2021-10-05T00:00:00.000000Z,36.793647766113281,38.210762023925781,35.54498291015625,36.730342864990234,822596607
2021-10-06T00:00:00.000000Z,36.787990570068359,36.863304138183594,33.107078552246094,35.211025238037109,944279330
2021-10-07T00:00:00.000000Z,35.187137603759766,37.962203979492188,33.856315612792969,36.727561950683594,896248233
2021-10-08T00:00:00.000000Z,36.679885864257812,36.829849243164062,34.842388153076172,34.9835205078125,609634575
2021-10-09T00:00:00.000000Z,34.97613525390625,36.117568969726562,34.698627471923828,35.217792510986328,430258089
2021-10-10T00:00:00.000000Z,35.156620025634766,35.156620025634766,32.210006713867188,32.514602661132812,507166673
2021-10-11T00:00:00.000000Z,32.459278106689453,34.376583099365234,31.078624725341797,32.069400787353516,492104128
2021-10-12T00:00:00.000000Z,32.051742553710938,34.285243988037109,29.970258712768555,33.472438812255859,796712428
2021-10-13T00:00:00.000000Z,33.486545562744141,34.856033325195312,31.702827453613281,34.649040222167969,826055320
2021-10-14T00:00:00.000000Z,34.55120849609375,35.670814514160156,33.509349822998047,33.776123046875,630851084
2021-10-15T00:00:00.000000Z,33.823379516601562,34.110729217529297,32.337234497070312,33.010196685791016,540449646
2021-10-16T00:00:00.000000Z,33.057376861572266,34.588191986083984,32.926113128662109,33.139480590820312,408699633
2021-10-17T00:00:00.000000Z,33.110519409179688,34.237743377685547,31.263978958129883,32.414329528808594,341176935
2021-10-18T00:00:00.000000Z,32.443161010742188,32.658927917480469,31.161199569702148,31.885782241821289,314313731
2021-10-19T00:00:00.000000Z,31.875383377075195,35.325588226318359,31.47491455078125,35.129238128662109,888355653
2021-10-20T00:00:00.000000Z,35.003032684326172,36.858451843261719,33.587726593017578,35.880649566650391,660144750
2021-10-21T00:00:00.000000Z,35.930797576904297,36.777862548828125,33.994182586669922,34.329605102539062,636078616
2021-10-22T00:00:00.000000Z,34.337520599365234,36.128311157226562,33.657455444335938,34.041545867919922,732105079
2021-10-23T00:00:00.000000Z,34.060443878173828,37.177890777587891,33.838447570800781,35.773845672607422,704748713
2021-10-24T00:00:00.000000Z,35.763343811035156,36.047710418701172,33.515602111816406,34.295215606689453,443779637
2021-10-25T00:00:00.000000Z,34.283023834228516,35.56317138671875,34.163280487060547,35.271373748779297,441138743
2021-10-26T00:00:00.000000Z,35.288505554199219,43.216392517089844,35.086097717285156,43.216392517089844,2044194947
2021-10-27T00:00:00.000000Z,42.890689849853516,43.031841278076172,35.352935791015625,36.762371063232422,1821222439
2021-10-28T00:00:00.000000Z,36.704734802246094,40.4296875,36.231334686279297,38.065864562988281,1057682437
2021-10-29T00:00:00.000000Z,38.143306732177734,40.980209350585938,38.042213439941406,39.417236328125,836395325
2021-10-30T00:00:00.000000Z,39.483867645263672,39.534320831298828,36.359519958496094,37.270881652832031,538716368
2021-10-31T00:00:00.000000Z,37.319957733154297,37.739959716796875,35.359283447265625,37.263217926025391,496362895
2021-11-01T00:00:00.000000Z,37.232906341552734,38.160053253173828,34.832923889160156,37.357955932617188,641024625
2021-11-02T00:00:00.000000Z,37.288105010986328,38.299907684326172,36.348964691162109,37.066207885742188,589565702
2021-11-03T00:00:00.000000Z,37.102943420410156,38.631553649902344,35.663345336914062,38.418926239013672,779063904
2021-11-04T00:00:00.000000Z,38.494930267333984,39.223926544189453,36.261199951171875,37.516635894775391,673952982
2021-11-05T00:00:00.000000Z,37.543777465820312,38.967430114746094,36.437015533447266,36.902591705322266,520572680
2021-11-06T00:00:00.000000Z,36.856315612792969,37.065441131591797,34.381809234619141,36.299850463867188,452985267
2021-11-07T00:00:00.000000Z,36.285598754882812,36.51116943359375,35.537322998046875,35.716659545898438,333070230
2021-11-08T00:00:00.000000Z,35.745098114013672,36.974288940429688,35.085037231445312,36.697166442871094,500178418
2021-11-09T00:00:00.000000Z,36.658008575439453,37.970317840576172,35.645114898681641,35.838333129882812,594546081
2021-11-10T00:00:00.000000Z,35.820758819580078,37.230072021484375,28.679147720336914,32.112068176269531,1007570548
2021-11-11T00:00:00.000000Z,32.111583709716797,34.026924133300781,31.734346389770508,33.077743530273438,579778140
2021-11-12T00:00:00.000000Z,33.000694274902344,33.000694274902344,30.696510314941406,32.037326812744141,507763890
2021-11-13T00:00:00.000000Z,32.063510894775391,33.157745361328125,31.966339111328125,32.548664093017578,327223307
2021-11-14T00:00:00.000000Z,32.537635803222656,33.209243774414062,31.153497695922852,31.88081169128418,257485799
2021-11-15T00:00:00.000000Z,31.924385070800781,33.684600830078125,31.370199203491211,31.432010650634766,426592370
2021-11-16T00:00:00.000000Z,31.506689071655273,31.506689071655273,27.608551025390625,28.411581039428711,705372145
2021-11-17T00:00:00.000000Z,28.378145217895508,29.593099594116211,27.283828735351562,29.371543884277344,572909761
2021-11-18T00:00:00.000000Z,29.396114349365234,29.807123184204102,25.479808807373047,26.643613815307617,534427705
2021-11-19T00:00:00.000000Z,26.606046676635742,28.563631057739258,26.069015502929688,28.141193389892578,392472558
2021-11-20T00:00:00.000000Z,28.147407531738281,29.837471008300781,27.914096832275391,29.418760299682617,330936171
2021-11-21T00:00:00.000000Z,29.408432006835938,32.021373748779297,28.375167846679688,31.039985656738281,520711272
2021-11-22T00:00:00.000000Z,30.936336517333984,33.747142791748047,29.049367904663086,32.06854248046875,1163526738
2021-11-23T00:00:00.000000Z,32.162033081054688,33.198459625244141,30.774879455566406,32.130100250244141,769951942
2021-11-24T00:00:00.000000Z,32.136928558349609,32.136928558349609,29.320625305175781,30.414712905883789,736511403
2021-11-25T00:00:00.000000Z,29.625293731689453,30.919469833374023,29.295320510864258,29.786649703979492,485274194
2021-11-26T00:00:00.000000Z,29.764518737792969,30.283815383911133,25.344211578369141,26.933250427246094,704813229
2021-11-27T00:00:00.000000Z,27.071277618408203,28.073638916015625,26.499309539794922,26.786035537719727,371368644
2021-11-28T00:00:00.000000Z,26.807395935058594,27.608955383300781,24.942890167236328,27.404687881469727,350309894
2021-11-29T00:00:00.000000Z,27.436737060546875,28.421823501586914,26.782392501831055,28.125825881958008,343899962
2021-11-30T00:00:00.000000Z,28.118610382080078,29.364418029785156,27.06463623046875,27.549655914306641,426520757
2021-12-01T00:00:00.000000Z,27.497737884521484,28.268369674682617,26.32844352722168,26.709430694580078,395184173
2021-12-02T00:00:00.000000Z,26.700483322143555,28.62158203125,25.718952178955078,28.375083923339844,454763455
2021-12-03T00:00:00.000000Z,28.389570236206055,33.507930755615234,27.766059875488281,32.675556182861328,1919513693
2021-12-04T00:00:00.000000Z,32.824462890625,32.937686920166016,22.126201629638672,28.125900268554688,1869885910
2021-12-05T00:00:00.000000Z,28.125505447387695,29.329128265380859,23.71162223815918,24.625228881835938,941384994
2021-12-06T00:00:00.000000Z,24.610679626464844,24.841360092163086,22.084823608398438,24.417329788208008,825006223
2021-12-07T00:00:00.000000Z,24.447452545166016,25.439388275146484,23.848333358764648,24.37664794921875,600099982
2021-12-08T00:00:00.000000Z,24.331018447875977,26.031316757202148,22.942846298217773,25.243171691894531,587820645
2021-12-09T00:00:00.000000Z,25.216419219970703,25.584726333618164,22.492959976196289,22.495830535888672,424937361
2021-12-10T00:00:00.000000Z,22.477081298828125,23.843141555786133,21.919670104980469,22.576282501220703,423735021
2021-12-11T00:00:00.000000Z,22.592372894287109,24.727771759033203,22.085283279418945,24.412263870239258,485985233
2021-12-12T00:00:00.000000Z,24.371208190917969,25.100286483764648,23.576223373413086,24.574207305908203,367811905
2021-12-13T00:00:00.000000Z,24.566648483276367,24.947042465209961,21.122289657592773,21.760568618774414,394006694
2021-12-14T00:00:00.000000Z,21.752101898193359,22.152956008911133,21.031246185302734,21.21307373046875,377916756
2021-12-15T00:00:00.000000Z,21.811721801757812,22.832189559936523,20.286291122436523,22.295862197875977,415771048
2021-12-16T00:00:00.000000Z,22.313735961914062,23.468347549438477,21.675468444824219,21.753646850585938,313875785
2021-12-17T00:00:00.000000Z,21.739385604858398,22.057853698730469,20.472501754760742,21.217010498046875,266687808
2021-12-18T00:00:00.000000Z,21.247053146362305,23.228105545043945,20.950063705444336,23.180322647094727,274203997
2021-12-19T00:00:00.000000Z,23.113874435424805,23.703008651733398,22.076404571533203,22.143182754516602,273359311
2021-12-20T00:00:00.000000Z,22.16478157043457,22.429683685302734,20.733930587768555,21.50616455078125,287089975
2021-12-21T00:00:00.000000Z,21.507352828979492,23.684476852416992,21.498884201049805,23.594882965087891,303747135
2021-12-22T00:00:00.000000Z,23.634965896606445,28.414867401123047,23.403438568115234,27.293436050415039,896203360
2021-12-23T00:00:00.000000Z,27.385675430297852,28.842620849609375,26.457904815673828,28.345878601074219,713669719
2021-12-24T00:00:00.000000Z,28.377450942993164,29.703958511352539,26.785150527954102,26.895191192626953,472841600
2021-12-25T00:00:00.000000Z,26.922506332397461,29.617050170898438,26.697463989257812,29.617050170898438,418385190
2021-12-26T00:00:00.000000Z,29.670438766479492,32.24700927734375,28.651687622070312,32.204071044921875,884245000
2021-12-27T00:00:00.000000Z,32.153415679931641,32.640087127685547,29.563528060913086,29.635112762451172,706596846
2021-12-28T00:00:00.000000Z,29.687942504882812,29.687942504882812,26.25506591796875,26.62706184387207,895845670
2021-12-29T00:00:00.000000Z,26.644796371459961,28.092958450317383,25.257894515991211,27.964523315429688,861040782
2021-12-30T00:00:00.000000Z,27.971733093261719,30.504196166992188,26.503286361694336,30.256614685058594,1013771529
2021-12-31T00:00:00.000000Z,30.211715698242188,33.145557403564453,30.184083938598633,32.469741821289062,1378751717
2022-01-01T00:00:00.000000Z,32.485858917236328,36.967643737792969,32.423297882080078,36.170463562011719,1696613128
2022-01-02T00:00:00.000000Z,36.15985107421875,36.722373962402344,34.321643829345703,35.60345458984375,1034179140
2022-01-03T00:00:00.000000Z,35.598411560058594,39.693897247314453,34.280483245849609,39.300067901611328,1795780448
2022-01-04T00:00:00.000000Z,39.286209106445312,43.737030029296875,37.583248138427734,41.987125396728516,2403416505
2022-01-05T00:00:00.000000Z,42.019149780273438,43.126426696777344,34.894817352294922,38.793357849121094,2126055057
2022-01-06T00:00:00.000000Z,38.786869049072266,41.230712890625,35.677600860595703,40.170524597167969,2168838735
2022-01-07T00:00:00.000000Z,40.167007446289062,44.521049499511719,38.262226104736328,38.530586242675781,3382449350
2022-01-08T00:00:00.000000Z,38.551742553710938,40.186813354492188,34.328144073486328,35.912715911865234,1988345348
2022-01-09T00:00:00.000000Z,35.897064208984375,37.975681304931641,34.199161529541016,34.975589752197266,1912882458
2022-01-10T00:00:00.000000Z,34.972011566162109,38.0035400390625,33.040985107421875,37.852783203125,2318687556
2022-01-11T00:00:00.000000Z,37.854396820068359,39.619266510009766,36.366443634033203,38.737686157226562,2134035982
2022-01-12T00:00:00.000000Z,38.737945556640625,42.245864868164062,38.710117340087891,40.189403533935547,2160494705
2022-01-13T00:00:00.000000Z,40.189311981201172,41.206344604492188,37.630641937255859,37.630641937255859,1745890552
2022-01-14T00:00:00.000000Z,37.628673553466797,40.739326477050781,36.790069580078125,40.46148681640625,1624425562
2022-01-15T00:00:00.000000Z,40.466285705566406,40.843696594238281,39.223258972167969,39.223258972167969,988922794
2022-01-16T00:00:00.000000Z,39.218246459960938,43.727958679199219,38.982887268066406,43.605411529541016,1436950247
2022-01-17T00:00:00.000000Z,43.61285400390625,44.332172393798828,38.258487701416016,39.209087371826172,1545375630
2022-01-18T00:00:00.000000Z,39.206722259521484,40.018653869628906,36.492328643798828,38.314235687255859,1402105545
2022-01-19T00:00:00.000000Z,38.315929412841797,38.752899169921875,35.554721832275391,37.115276336669922,1134981357
2022-01-20T00:00:00.000000Z,37.124736785888672,42.009510040283203,37.040508270263672,39.058185577392578,1290031111
2022-01-21T00:00:00.000000Z,39.072628021240234,40.768547058105469,32.482494354248047,34.417976379394531,2954828732
2022-01-22T00:00:00.000000Z,34.439506530761719,34.835575103759766,27.749845504760742,29.150390625,2165872016
2022-01-23T00:00:00.000000Z,29.191743850708008,34.426040649414062,29.191743850708008,34.3968505859375,2143796616
2022-01-24T00:00:00.000000Z,34.417797088623047,36.916538238525391,30.10612678527832,35.906700134277344,3921084163
2022-01-25T00:00:00.000000Z,35.89569091796875,37.085803985595703,35.057510375976562,35.800281524658203,2514518995
2022-01-26T00:00:00.000000Z,35.791805267333984,35.8638916015625,31.507871627807617,32.345073699951172,2401696392
2022-01-27T00:00:00.000000Z,32.340385437011719,32.835590362548828,28.738246917724609,30.092172622680664,1453312448
2022-01-28T00:00:00.000000Z,30.0831298828125,30.240934371948242,27.845117568969727,29.457887649536133,1233883437
2022-01-29T00:00:00.000000Z,29.461383819580078,30.154262542724609,28.524467468261719,29.065109252929688,891306136
2022-01-30T00:00:00.000000Z,29.068670272827148,29.149822235107422,26.570161819458008,27.159294128417969,779886725
2022-01-31T00:00:00.000000Z,27.164283752441406,28.86494255065918,25.649690628051758,28.137527465820312,899819138
2022-02-01T00:00:00.000000Z,28.128992080688477,29.76689338684082,27.929546356201172,28.9361572265625,918688610
2022-02-02T00:00:00.000000Z,28.932575225830078,28.96980094909668,26.320926666259766,26.375572204589844,658502563
2022-02-03T00:00:00.000000Z,26.366657257080078,29.669589996337891,25.721225738525391,29.481500625610352,1048569003
2022-02-04T00:00:00.000000Z,29.490367889404297,31.263130187988281,28.667438507080078,31.032976150512695,1126937840
2022-02-05T00:00:00.000000Z,31.037349700927734,32.214267730712891,30.09376335144043,30.798967361450195,829252543
2022-02-06T00:00:00.000000Z,30.799711227416992,31.921047210693359,30.288478851318359,31.251079559326172,684648763
2022-02-07T00:00:00.000000Z,31.258743286132812,33.071750640869141,30.565593719482422,31.674352645874023,1093242287
2022-02-08T00:00:00.000000Z,31.686712265014648,32.567348480224609,29.801532745361328,30.48045539855957,894342029
2022-02-09T00:00:00.000000Z,30.468103408813477,31.432119369506836,29.718231201171875,30.902406692504883,651907951
2022-02-10T00:00:00.000000Z,30.903659820556641,31.090946197509766,28.868047714233398,29.139057159423828,885728741
2022-02-11T00:00:00.000000Z,29.144983291625977,29.328699111938477,26.385808944702148,26.549461364746094,693840846
2022-02-12T00:00:00.000000Z,26.556367874145508,28.29057502746582,26.187339782714844,27.043846130371094,706811854
2022-02-13T00:00:00.000000Z,27.044088363647461,27.622411727905273,26.031467437744141,26.346109390258789,426643904
2022-02-14T00:00:00.000000Z,26.319723129272461,27.30926513671875,25.492927551269531,27.180000305175781,589939993
2022-02-15T00:00:00.000000Z,27.178491592407227,29.126163482666016,27.167364120483398,28.938135147094727,714991210
2022-02-16T00:00:00.000000Z,28.944831848144531,29.139348983764648,27.675619125366211,28.533708572387695,508331706
2022-02-17T00:00:00.000000Z,28.517776489257812,30.785982131958008,27.629331588745117,27.994586944580078,1377969621
2022-02-18T00:00:00.000000Z,28.025905609130859,28.983200073242188,26.814014434814453,26.95960807800293,846780032
2022-02-19T00:00:00.000000Z,26.954002380371094,27.38496208190918,26.203193664550781,26.688852310180664,365234097
2022-02-20T00:00:00.000000Z,26.684921264648438,26.7618408203125,25.540300369262695,26.241548538208008,542302454
2022-02-21T00:00:00.000000Z,26.230953216552734,27.276210784912109,23.804908752441406,23.840419769287109,922806986
2022-02-22T00:00:00.000000Z,23.839351654052734,24.945188522338867,23.216667175292969,24.861736297607422,704566874
2022-02-23T00:00:00.000000Z,24.861326217651367,26.855873107910156,24.632970809936523,25.287458419799805,787914536
2022-02-24T00:00:00.000000Z,25.28125,25.482721328735352,21.750307083129883,24.945091247558594,1378414997
2022-02-25T00:00:00.000000Z,24.93635368347168,27.400043487548828,24.350093841552734,27.225927352905273,898558382
2022-02-26T00:00:00.000000Z,27.232702255249023,30.286327362060547,27.206914901733398,29.807392120361328,1069523684
2022-02-27T00:00:00.000000Z,29.803743362426758,29.878223419189453,26.482881546020508,26.751556396484375,966987913
2022-02-28T00:00:00.000000Z,26.743927001953125,31.621391296386719,26.467180252075195,31.426019668579102,1391691707
2022-03-01T00:00:00.000000Z,31.430089950561523,32.935817718505859,30.330503463745117,31.117986679077148,1404765269
2022-03-02T00:00:00.000000Z,31.117706298828125,32.761310577392578,30.031246185302734,32.223838806152344,1364146090
2022-03-03T00:00:00.000000Z,32.230621337890625,34.303497314453125,31.381162643432617,34.110038757324219,1709347251
2022-03-04T00:00:00.000000Z,34.113239288330078,34.555900573730469,30.420713424682617,30.548862457275391,1563907659
2022-03-05T00:00:00.000000Z,30.556808471679688,31.614187240600586,29.710420608520508,30.988174438476562,947856664
2022-03-06T00:00:00.000000Z,30.98193359375,30.98193359375,27.994314193725586,28.128135681152344,831448318
2022-03-07T00:00:00.000000Z,28.135431289672852,29.445064544677734,27.26142692565918,28.40977668762207,1188033456
2022-03-08T00:00:00.000000Z,28.407756805419922,29.226520538330078,27.43958854675293,27.845691680908203,1032758545
2022-03-09T00:00:00.000000Z,27.856151580810547,31.212667465209961,27.855867385864258,30.100051879882812,1177826824
2022-03-10T00:00:00.000000Z,30.097158432006836,30.266782760620117,27.576700210571289,28.045383453369141,961279750
2022-03-11T00:00:00.000000Z,28.047721862792969,28.389144897460938,27.091693878173828,27.528900146484375,726368611
2022-03-12T00:00:00.000000Z,27.52702522277832,28.227277755737305,27.21589469909668,27.219018936157227,364317099
2022-03-13T00:00:00.000000Z,27.215070724487305,27.49559211730957,26.077882766723633,26.297185897827148,454952669
2022-03-14T00:00:00.000000Z,26.296464920043945,27.120044708251953,25.862419128417969,26.839887619018555,605644543
2022-03-15T00:00:00.000000Z,26.837160110473633,27.666175842285156,26.222806930541992,26.909143447875977,762055544
2022-03-16T00:00:00.000000Z,26.910125732421875,29.017158508300781,26.60133171081543,29.000274658203125,982721763
2022-03-17T00:00:00.000000Z,28.99494743347168,28.99494743347168,28.153911590576172,28.178936004638672,582547787
2022-03-18T00:00:00.000000Z,28.175050735473633,28.756132125854492,27.255075454711914,28.698247909545898,689919140
2022-03-19T00:00:00.000000Z,28.689098358154297,29.389015197753906,28.412109375,28.644878387451172,654357209
2022-03-20T00:00:00.000000Z,28.646223068237305,28.795635223388672,27.562934875488281,27.794452667236328,445564925
2022-03-21T00:00:00.000000Z,27.79289436340332,28.351871490478516,27.630023956298828,27.984760284423828,520603665
2022-03-22T00:00:00.000000Z,27.980619430541992,28.898612976074219,27.688692092895508,28.044509887695312,767516703
2022-03-23T00:00:00.000000Z,28.046112060546875,28.277809143066406,27.323940277099609,28.21002197265625,716314173
2022-03-24T00:00:00.000000Z,28.210166931152344,29.400630950927734,28.089300155639648,29.193338394165039,901761558
2022-03-25T00:00:00.000000Z,29.203647613525391,29.935722351074219,27.78816032409668,28.131601333618164,817208246
2022-03-26T00:00:00.000000Z,28.131820678710938,28.926691055297852,28.056819915771484,28.818962097167969,392827677
2022-03-27T00:00:00.000000Z,28.81524658203125,29.893732070922852,28.211273193359375,29.893732070922852,473708116
2022-03-28T00:00:00.000000Z,29.904064178466797,31.401763916015625,29.396730422973633,29.455869674682617,1017830865
2022-03-29T00:00:00.000000Z,29.440332412719727,31.588405609130859,29.427507400512695,30.267681121826172,1138906636
2022-03-30T00:00:00.000000Z,30.23504638671875,31.265256881713867,29.550254821777344,30.103006362915039,910764710
2022-03-31T00:00:00.000000Z,30.081331253051758,31.250383377075195,28.632604598999023,28.895994186401367,1024014870
2022-04-01T00:00:00.000000Z,28.905134201049805,29.643394470214844,27.790639877319336,29.387046813964844,698097656
2022-04-02T00:00:00.000000Z,29.390953063964844,32.728954315185547,29.300792694091797,31.389738082885742,1252295352
2022-04-03T00:00:00.000000Z,31.378349304199219,33.224166870117188,30.667621612548828,31.960296630859375,1428764358
2022-04-04T00:00:00.000000Z,31.965967178344727,32.481422424316406,30.251422882080078,30.891443252563477,936653449
2022-04-05T00:00:00.000000Z,30.889055252075195,31.142305374145508,29.311546325683594,29.325708389282227,795258325
2022-04-06T00:00:00.000000Z,29.322422027587891,29.412044525146484,26.875114440917969,26.897235870361328,842571602
2022-04-07T00:00:00.000000Z,26.90650749206543,27.868305206298828,26.575555801391602,27.722087860107422,544516342
2022-04-08T00:00:00.000000Z,27.722532272338867,28.882198333740234,26.74882698059082,26.872951507568359,688045408
2022-04-09T00:00:00.000000Z,26.872333526611328,27.381420135498047,26.725091934204102,27.279664993286133,358630764
2022-04-10T00:00:00.000000Z,27.279592514038086,27.393779754638672,26.525758743286133,26.590843200683594,283931610
2022-04-11T00:00:00.000000Z,26.575197219848633,26.575197219848633,23.491889953613281,23.785768508911133,663567606
2022-04-12T00:00:00.000000Z,23.800287246704102,25.368671417236328,23.769428253173828,24.64593505859375,549979865
2022-04-13T00:00:00.000000Z,24.643335342407227,25.112703323364258,24.223676681518555,24.703435897827148,399231522
2022-04-14T00:00:00.000000Z,24.702539443969727,25.094820022583008,23.836589813232422,23.972370147705078,535354616
2022-04-15T00:00:00.000000Z,23.973602294921875,24.357179641723633,23.859619140625,24.109035491943359,355138796
2022-04-16T00:00:00.000000Z,24.108985900878906,24.410341262817383,23.944374084472656,24.196865081787109,228003925
2022-04-17T00:00:00.000000Z,24.193277359008789,24.447595596313477,23.197654724121094,23.297098159790039,283055570
2022-04-18T00:00:00.000000Z,23.298583984375,24.084157943725586,22.564485549926758,24.055585861206055,487936475
2022-04-19T00:00:00.000000Z,24.058547973632812,24.674861907958984,23.808195114135742,24.646390914916992,389406669
2022-04-20T00:00:00.000000Z,24.646303176879883,25.0589599609375,24.124866485595703,24.292837142944336,384292878
2022-04-21T00:00:00.000000Z,24.290904998779297,24.913875579833984,23.070230484008789,23.305845260620117,441027946
2022-04-22T00:00:00.000000Z,23.305814743041992,23.845695495605469,22.957435607910156,23.089931488037109,404175037
2022-04-23T00:00:00.000000Z,23.089521408081055,23.452825546264648,22.864717483520508,23.271533966064453,262237459
2022-04-24T00:00:00.000000Z,23.259838104248047,23.259838104248047,22.315559387207031,22.330360412597656,296530518
2022-04-25T00:00:00.000000Z,22.330228805541992,22.330228805541992,20.945381164550781,22.133928298950195,515036727
2022-04-26T00:00:00.000000Z,22.129020690917969,22.259075164794922,20.21885871887207,20.346748352050781,461839085
2022-04-27T00:00:00.000000Z,20.349294662475586,21.827709197998047,20.237506866455078,21.506309509277344,546395420
2022-04-28T00:00:00.000000Z,21.506977081298828,21.506977081298828,20.500539779663086,20.754421234130859,445985447
2022-04-29T00:00:00.000000Z,20.75389289855957,20.869543075561523,19.372140884399414,19.479776382446289,444390729
2022-04-30T00:00:00.000000Z,19.479324340820312,19.566286087036133,17.514265060424805,17.880937576293945,465847148
2022-05-01T00:00:00.000000Z,17.878318786621094,18.640226364135742,17.709133148193359,18.026411056518555,470054743
2022-05-02T00:00:00.000000Z,18.025108337402344,18.302497863769531,17.298612594604492,17.813140869140625,494408281
2022-05-03T00:00:00.000000Z,17.811330795288086,18.874055862426758,17.528715133666992,17.593530654907227,457875908
2022-05-04T00:00:00.000000Z,17.593870162963867,19.987272262573242,17.563867568969727,19.876861572265625,549565214
2022-05-05T00:00:00.000000Z,19.871162414550781,20.270137786865234,17.410774230957031,17.85328483581543,614325972
2022-05-06T00:00:00.000000Z,17.85328483581543,17.950395584106445,17.255348205566406,17.674110412597656,447936108
2022-05-07T00:00:00.000000Z,17.676107406616211,17.680393218994141,16.186054229736328,16.475997924804688,455478758
2022-05-08T00:00:00.000000Z,16.477130889892578,16.5118408203125,15.6485595703125,15.697351455688477,407052891
2022-05-09T00:00:00.000000Z,15.698155403137207,15.965348243713379,12.804970741271973,12.804970741271973,719839151
2022-05-10T00:00:00.000000Z,12.77971363067627,15.117900848388672,12.125772476196289,13.604043960571289,1134844975
2022-05-11T00:00:00.000000Z,13.595011711120605,13.974369049072266,9.7547521591186523,10.727129936218262,1496887248
2022-05-12T00:00:00.000000Z,10.729509353637695,11.373287200927734,8.5718994140625,9.709324836730957,1117319188
2022-05-13T00:00:00.000000Z,9.6945438385009766,11.589565277099609,9.0895013809204102,10.313547134399414,758376093
2022-05-14T00:00:00.000000Z,10.316633224487305,10.98002815246582,9.6097412109375,10.824625015258789,354002169
2022-05-15T00:00:00.000000Z,10.821821212768555,12.395997047424316,10.359706878662109,12.352565765380859,381247814
2022-05-16T00:00:00.000000Z,12.352495193481445,12.427920341491699,10.984295845031738,11.017660140991211,439871476
2022-05-17T00:00:00.000000Z,11.023018836975098,11.8697509765625,10.897955894470215,11.478095054626465,296845801
2022-05-18T00:00:00.000000Z,11.478498458862305,11.727965354919434,10.098978996276855,10.141709327697754,309494267
2022-05-19T00:00:00.000000Z,10.138431549072266,10.923115730285645,9.9246339797973633,10.860644340515137,247560872
2022-05-20T00:00:00.000000Z,10.85997200012207,12.12324047088623,10.776439666748047,11.205778121948242,588125465
2022-05-21T00:00:00.000000Z,11.205652236938477,11.461757659912109,10.81749439239502,11.051975250244141,244160238
2022-05-22T00:00:00.000000Z,11.051287651062012,11.533370018005371,10.977752685546875,11.424871444702148,206549012
2022-05-23T00:00:00.000000Z,11.424456596374512,12.257186889648438,11.028127670288086,11.132798194885254,343648381
2022-05-24T00:00:00.000000Z,11.13199520111084,11.336524963378906,10.616153717041016,11.082132339477539,278844539
2022-05-25T00:00:00.000000Z,11.081508636474609,11.338241577148438,10.657991409301758,10.73981761932373,231387155
2022-05-26T00:00:00.000000Z,10.741330146789551,10.896263122558594,9.3679027557373047,9.6436176300048828,369661878
2022-05-27T00:00:00.000000Z,9.6363859176635742,9.8678607940673828,9.1531763076782227,9.2525138854980469,302400402
2022-05-28T00:00:00.000000Z,9.417567253112793,9.6494913101196289,9.2239265441894531,9.4304990768432617,193937107
2022-05-29T00:00:00.000000Z,9.4298152923583984,9.6602554321289062,9.1843013763427734,9.5888853073120117,168539272
2022-05-30T00:00:00.000000Z,9.5875005722045898,10.583605766296387,9.5204858779907227,10.531657218933105,261733966
2022-05-31T00:00:00.000000Z,10.530879974365234,10.79426383972168,10.095439910888672,10.285811424255371,278421820
2022-06-01T00:00:00.000000Z,10.29011344909668,10.455098152160645,9.2432546615600586,9.3644208908081055,265743181
2022-06-02T00:00:00.000000Z,9.3620967864990234,9.6886367797851562,9.2306394577026367,9.6346826553344727,193104295
2022-06-03T00:00:00.000000Z,9.6347379684448242,9.6731023788452148,8.9892311096191406,9.1836824417114258,184349900
2022-06-04T00:00:00.000000Z,9.1857776641845703,9.2619647979736328,8.9581127166748047,9.2348270416259766,125537853
2022-06-05T00:00:00.000000Z,9.2353487014770508,9.3668832778930664,9.0648813247680664,9.1868715286254883,113549351
2022-06-06T00:00:00.000000Z,9.1879510879516602,9.7377910614013672,9.1879510879516602,9.4833135604858398,188560967
2022-06-07T00:00:00.000000Z,9.4838619232177734,9.4838619232177734,8.6121377944946289,9.2271814346313477,307128768
2022-06-08T00:00:00.000000Z,9.2239770889282227,9.4055347442626953,8.7231874465942383,8.7640094757080078,231489079
2022-06-09T00:00:00.000000Z,8.7648563385009766,9.1649398803710938,8.6844749450683594,8.7869014739990234,205000361
2022-06-10T00:00:00.000000Z,8.786097526550293,8.9828090667724609,8.0868730545043945,8.0968093872070312,251851004
2022-06-11T00:00:00.000000Z,8.0977907180786133,8.3349208831787109,7.3994369506835938,7.5321230888366699,210829201
2022-06-12T00:00:00.000000Z,7.5356540679931641,7.6987171173095703,6.9503750801086426,7.1418390274047852,283808975
2022-06-13T00:00:00.000000Z,7.1354827880859375,7.1707777976989746,5.9379692077636719,6.4571199417114258,414299905
2022-06-14T00:00:00.000000Z,6.4593939781188965,6.7491550445556641,5.9690771102905273,6.3681697845458984,294170094
2022-06-15T00:00:00.000000Z,6.367556095123291,7.2891678810119629,5.9439449310302734,7.2852201461791992,413945047
2022-06-16T00:00:00.000000Z,7.2885332107543945,7.4187088012695312,6.2287898063659668,6.3234338760375977,233121215
2022-06-17T00:00:00.000000Z,6.3271260261535645,6.5737900733947754,6.2833142280578613,6.3921909332275391,158842638
2022-06-18T00:00:00.000000Z,6.3910560607910156,6.4942178726196289,5.5888171195983887,6.0826997756958008,232265574
2022-06-19T00:00:00.000000Z,6.0791211128234863,6.8190212249755859,5.8939719200134277,6.7708902359008789,241234606
2022-06-20T00:00:00.000000Z,6.7692031860351562,6.948357105255127,6.5092759132385254,6.8121199607849121,184516560
2022-06-21T00:00:00.000000Z,6.8103852272033691,7.1636738777160645,6.6889410018920898,6.9289541244506836,188461410
2022-06-22T00:00:00.000000Z,6.9340500831604004,7.5614237785339355,6.6024179458618164,7.0746841430664062,371903028
2022-06-23T00:00:00.000000Z,7.074364185333252,8.1513595581054688,7.0733242034912109,8.142939567565918,443262069
2022-06-24T00:00:00.000000Z,8.1377935409545898,8.5017433166503906,7.9884200096130371,8.2788667678833008,349099080
2022-06-25T00:00:00.000000Z,8.2788524627685547,8.6822519302368164,8.0396661758422852,8.6557388305664062,270454488
2022-06-26T00:00:00.000000Z,8.6543312072753906,8.7357654571533203,8.0417280197143555,8.0445709228515625,263021151
2022-06-27T00:00:00.000000Z,8.0458507537841797,8.5594387054443359,7.8209629058837891,7.8273220062255859,242546152
2022-06-28T00:00:00.000000Z,7.8253250122070312,7.9933938980102539,7.2990379333496094,7.3329129219055176,333187655
2022-06-29T00:00:00.000000Z,7.3357629776000977,7.4846639633178711,7.0738630294799805,7.3680210113525391,287098029
2022-06-30T00:00:00.000000Z,7.3706240653991699,7.5977950096130371,6.9383039474487305,7.526677131652832,323687511
2022-07-01T00:00:00.000000Z,7.5361537933349609,8.3294105529785156,7.2120108604431152,8.08587646484375,539936619
2022-07-02T00:00:00.000000Z,8.0860786437988281,8.3001222610473633,7.9625968933105469,8.0658359527587891,447948197
2022-07-03T00:00:00.000000Z,8.0658540725708008,8.2804689407348633,7.8039932250976562,8.0972223281860352,333735291
2022-07-04T00:00:00.000000Z,8.0972013473510742,8.8877744674682617,7.8807950019836426,8.7649135589599609,414283803
2022-07-05T00:00:00.000000Z,8.7624349594116211,9.2676763534545898,8.4229097366333008,8.9744987487792969,680888288
2022-07-06T00:00:00.000000Z,8.974003791809082,9.3372077941894531,8.7900056838989258,8.9089250564575195,669464067
2022-07-07T00:00:00.000000Z,8.9077863693237305,9.5480947494506836,8.7145957946777344,9.3738155364990234,485663669
2022-07-08T00:00:00.000000Z,9.3736610412597656,9.653956413269043,8.9340658187866211,9.0325298309326172,548847164
2022-07-09T00:00:00.000000Z,9.0287742614746094,9.3402490615844727,8.9846820831298828,8.9966039657592773,434227865
2022-07-10T00:00:00.000000Z,8.9961872100830078,8.9961872100830078,8.5321378707885742,8.7979469299316406,413668882
2022-07-11T00:00:00.000000Z,8.7913331985473633,9.0761098861694336,8.1933908462524414,8.1933908462524414,267451885
2022-07-12T00:00:00.000000Z,8.1949234008789062,8.3845691680908203,7.7457318305969238,7.8040781021118164,203896723
2022-07-13T00:00:00.000000Z,7.8061609268188477,8.2087507247924805,7.4441847801208496,8.2087507247924805,234574531
2022-07-14T00:00:00.000000Z,8.2048845291137695,9.0243539810180664,8.1112070083618164,8.9749574661254883,312197850
2022-07-15T00:00:00.000000Z,8.9751071929931641,9.4592466354370117,8.8947429656982422,9.0543479919433594,338316025
2022-07-16T00:00:00.000000Z,9.0529279708862305,9.340449333190918,8.8129796981811523,9.2183723449707031,240149001
2022-07-17T00:00:00.000000Z,9.2217388153076172,9.3456382751464844,8.9040431976318359,8.9083127975463867,219448977
2022-07-18T00:00:00.000000Z,8.9091300964355469,9.8283290863037109,8.9025478363037109,9.5947914123535156,361385518
2022-07-19T00:00:00.000000Z,9.5860080718994141,10.725954055786133,9.2800626754760742,10.546809196472168,580577611
2022-07-20T00:00:00.000000Z,10.538467407226562,10.580147743225098,9.6433591842651367,9.7027091979980469,417536224
2022-07-21T00:00:00.000000Z,9.7033195495605469,11.17835521697998,9.6516199111938477,11.072611808776855,748818448
2022-07-22T00:00:00.000000Z,11.072666168212891,11.306485176086426,10.375540733337402,10.668407440185547,410942230
2022-07-23T00:00:00.000000Z,10.6610107421875,11.182565689086914,9.7939271926879883,10.110980033874512,368202446
2022-07-24T00:00:00.000000Z,10.11998462677002,10.283670425415039,9.933018684387207,10.014190673828125,230161304
2022-07-25T00:00:00.000000Z,10.013985633850098,10.013985633850098,9.0115852355957031,9.0115852355957031,308241899
2022-07-26T00:00:00.000000Z,9.0109615325927734,9.6762752532958984,8.6315755844116211,9.2137336730957031,481781283
2022-07-27T00:00:00.000000Z,9.2144708633422852,10.296171188354492,9.0623073577880859,10.296171188354492,454376406
2022-07-28T00:00:00.000000Z,10.298222541809082,11.088519096374512,10.112042427062988,10.867674827575684,527128674
2022-07-29T00:00:00.000000Z,10.868162155151367,11.392704963684082,10.395305633544922,11.203306198120117,448882972
2022-07-30T00:00:00.000000Z,11.199196815490723,11.282028198242188,10.53699779510498,10.687337875366211,373437754
2022-07-31T00:00:00.000000Z,10.690240859985352,11.017756462097168,10.317118644714355,10.37525463104248,288833280
2022-08-01T00:00:00.000000Z,10.375041961669922,10.68758487701416,10.089912414550781,10.426342964172363,248595087
2022-08-02T00:00:00.000000Z,10.424097061157227,10.436065673828125,9.8093719482421875,9.9440603256225586,248634946
2022-08-03T00:00:00.000000Z,9.9436721801757812,10.50263786315918,9.6841487884521484,10.170476913452148,234166207
2022-08-04T00:00:00.000000Z,10.17122745513916,10.600943565368652,10.151501655578613,10.36866569519043,242023170
2022-08-05T00:00:00.000000Z,10.365278244018555,10.970834732055664,10.330160140991211,10.968157768249512,256038572
2022-08-06T00:00:00.000000Z,10.969756126403809,10.991448402404785,10.599978446960449,10.631625175476074,136964486
2022-08-07T00:00:00.000000Z,10.633572578430176,11.553034782409668,10.503050804138184,11.368800163269043,241577058
2022-08-08T00:00:00.000000Z,11.368860244750977,12.108950614929199,11.248717308044434,11.785870552062988,281694543
2022-08-09T00:00:00.000000Z,11.786243438720703,12.211833953857422,11.135334968566895,11.391568183898926,276236763
2022-08-10T00:00:00.000000Z,11.391532897949219,12.000207901000977,10.670714378356934,11.951427459716797,423368514
2022-08-11T00:00:00.000000Z,11.95195198059082,12.269242286682129,11.718754768371582,11.752808570861816,276516840
2022-08-12T00:00:00.000000Z,11.752098083496094,12.06474781036377,11.471962928771973,12.057382583618164,194765797
2022-08-13T00:00:00.000000Z,12.056471824645996,12.367862701416016,11.873303413391113,11.887312889099121,167458287
2022-08-14T00:00:00.000000Z,11.888740539550781,12.15809154510498,11.505660057067871,11.594616889953613,159812605
2022-08-15T00:00:00.000000Z,11.594668388366699,11.926165580749512,11.221121788024902,11.41960620880127,188479126
2022-08-16T00:00:00.000000Z,11.416062355041504,11.634243965148926,11.20598316192627,11.410576820373535,199337558
2022-08-17T00:00:00.000000Z,11.409721374511719,11.865303039550781,11.222553253173828,11.706192970275879,270200848
2022-08-18T00:00:00.000000Z,11.715679168701172,12.224795341491699,11.471973419189453,11.479850769042969,332780899
2022-08-19T00:00:00.000000Z,11.47783374786377,11.47783374786377,10.373869895935059,10.790630340576172,380199159
2022-08-20T00:00:00.000000Z,10.787245750427246,10.950461387634277,10.026956558227539,10.245847702026367,252491253
2022-08-21T00:00:00.000000Z,10.243229866027832,10.757580757141113,10.233218193054199,10.642571449279785,174365148
2022-08-22T00:00:00.000000Z,10.642779350280762,11.088726043701172,10.085386276245117,11.084868431091309,252756628
2022-08-23T00:00:00.000000Z,11.085905075073242,12.278971672058105,10.985482215881348,12.117525100708008,534155552
2022-08-24T00:00:00.000000Z,12.116808891296387,13.31922721862793,11.628232002258301,13.016421318054199,737452278
2022-08-25T00:00:00.000000Z,13.013104438781738,13.227622985839844,12.618329048156738,12.869333267211914,523253337
2022-08-26T00:00:00.000000Z,12.867058753967285,13.035943984985352,11.402735710144043,11.499005317687988,575404059
2022-08-27T00:00:00.000000Z,11.503191947937012,11.527241706848145,10.732770919799805,11.194563865661621,401257836
2022-08-28T00:00:00.000000Z,11.192090034484863,11.342118263244629,10.508478164672852,10.511011123657227,239755409
2022-08-29T00:00:00.000000Z,10.513950347900391,11.474960327148438,10.207760810852051,11.440898895263672,308431081
2022-08-30T00:00:00.000000Z,11.44190502166748,12.114226341247559,11.162136077880859,11.901430130004883,429149636
2022-08-31T00:00:00.000000Z,11.903244972229004,12.259902954101562,11.613016128540039,11.816584587097168,345794340
2022-09-01T00:00:00.000000Z,11.819032669067383,12.78961181640625,11.511460304260254,12.734408378601074,394003940
2022-09-02T00:00:00.000000Z,12.733551025390625,13.008312225341797,12.371147155761719,12.629690170288086,355411965
2022-09-03T00:00:00.000000Z,12.63026237487793,12.831904411315918,12.177170753479004,12.633241653442383,257644997
2022-09-04T00:00:00.000000Z,12.632737159729004,13.002375602722168,12.430455207824707,13.002375602722168,255140543
2022-09-05T00:00:00.000000Z,13.004197120666504,13.295322418212891,12.528457641601562,12.647424697875977,266186724
2022-09-06T00:00:00.000000Z,12.648759841918945,12.951451301574707,11.809048652648926,11.817024230957031,381026974
2022-09-07T00:00:00.000000Z,11.811938285827637,13.167510032653809,11.564001083374023,12.962963104248047,360502969
2022-09-08T00:00:00.000000Z,12.959888458251953,14.057066917419434,12.665936470031738,13.89674186706543,607352192
2022-09-09T00:00:00.000000Z,13.894461631774902,16.60609245300293,13.783602714538574,16.0855712890625,1187991488
2022-09-10T00:00:00.000000Z,16.094589233398438,16.329971313476562,15.536293029785156,16.048185348510742,627639510
2022-09-11T00:00:00.000000Z,16.038751602172852,16.234317779541016,15.323840141296387,15.682127952575684,424612671
2022-09-12T00:00:00.000000Z,15.68474292755127,16.38725471496582,15.079124450683594,15.507442474365234,619865092
2022-09-13T00:00:00.000000Z,15.507208824157715,16.109399795532227,13.781856536865234,14.056378364562988,613998242
2022-09-14T00:00:00.000000Z,13.909001350402832,14.376500129699707,13.478960037231445,13.991026878356934,396660213
2022-09-15T00:00:00.000000Z,13.990595817565918,15.424699783325195,13.30345344543457,14.906680107116699,790354487
2022-09-16T00:00:00.000000Z,14.905729293823242,16.631080627441406,14.64676570892334,16.594306945800781,873930711
2022-09-17T00:00:00.000000Z,16.610126495361328,16.917049407958984,16.094596862792969,16.470418930053711,588827417
2022-09-18T00:00:00.000000Z,16.464365005493164,16.464365005493164,14.659379005432129,14.673307418823242,502999698
2022-09-19T00:00:00.000000Z,14.672715187072754,15.983962059020996,14.672715187072754,15.634607315063477,786850400
2022-09-20T00:00:00.000000Z,15.635019302368164,15.792681694030762,13.879791259765625,13.933609008789062,554350095
2022-09-21T00:00:00.000000Z,13.934266090393066,14.965488433837891,13.014847755432129,13.458954811096191,738389365
2022-09-22T00:00:00.000000Z,13.449872970581055,14.938114166259766,13.310029983520508,14.649860382080078,590348217
2022-09-23T00:00:00.000000Z,14.646369934082031,15.182064056396484,13.525583267211914,14.223233222961426,679683424
2022-09-24T00:00:00.000000Z,14.221590995788574,14.248401641845703,13.613028526306152,13.656345367431641,332558643
2022-09-25T00:00:00.000000Z,13.655692100524902,14.777199745178223,13.627420425415039,14.017520904541016,469848301
2022-09-26T00:00:00.000000Z,14.01641845703125,14.845040321350098,13.802028656005859,13.896988868713379,661617534
2022-09-27T00:00:00.000000Z,13.897167205810547,14.679873466491699,13.236698150634766,13.519327163696289,601951078
2022-09-28T00:00:00.000000Z,13.515520095825195,13.555377006530762,12.687362670898438,13.029163360595703,529960309
2022-09-29T00:00:00.000000Z,13.02816104888916,13.048684120178223,12.47507381439209,12.795926094055176,382859348
2022-09-30T00:00:00.000000Z,12.795082092285156,13.217852592468262,12.633115768432617,13.016079902648926,374447492
2022-10-01T00:00:00.000000Z,13.022907257080078,13.081581115722656,12.569193840026855,12.679998397827148,179390042
2022-10-02T00:00:00.000000Z,12.68101978302002,12.877572059631348,12.025121688842773,12.025121688842773,214309778
2022-10-03T00:00:00.000000Z,12.023598670959473,12.926465034484863,11.912848472595215,12.87794017791748,337234336
2022-10-04T00:00:00.000000Z,12.876851081848145,13.256553649902344,12.768943786621094,13.027276992797852,295962428
2022-10-05T00:00:00.000000Z,13.024509429931641,13.107261657714844,12.663100242614746,12.996879577636719,233035191
2022-10-06T00:00:00.000000Z,12.996548652648926,13.434118270874023,12.923291206359863,12.995859146118164,321525632
2022-10-07T00:00:00.000000Z,12.997368812561035,13.07163143157959,12.704928398132324,13.054282188415527,240272842
2022-10-08T00:00:00.000000Z,13.056089401245117,13.328226089477539,12.976205825805664,13.123011589050293,210111982
2022-10-09T00:00:00.000000Z,13.12387752532959,13.255143165588379,13.047465324401855,13.204748153686523,148084038
2022-10-10T00:00:00.000000Z,13.204362869262695,13.25495433807373,12.465781211853027,12.465967178344727,200598720
2022-10-11T00:00:00.000000Z,12.459168434143066,12.512544631958008,12.138835906982422,12.163220405578613,215640153
2022-10-12T00:00:00.000000Z,12.164153099060059,12.187778472900391,11.726038932800293,11.75068473815918,188928437
2022-10-13T00:00:00.000000Z,11.749606132507324,11.793899536132812,10.663304328918457,11.356224060058594,358872068
2022-10-14T00:00:00.000000Z,11.35623836517334,12.237934112548828,11.324426651000977,11.636063575744629,310600197
2022-10-15T00:00:00.000000Z,11.635960578918457,11.730701446533203,11.472921371459961,11.52592658996582,128045553
2022-10-16T00:00:00.000000Z,11.526217460632324,11.801178932189941,11.523163795471191,11.712130546569824,120939846
2022-10-17T00:00:00.000000Z,11.710582733154297,12.483196258544922,11.649702072143555,12.428784370422363,222846663
2022-10-18T00:00:00.000000Z,12.429559707641602,12.707743644714355,12.163922309875488,12.515144348144531,251134176
2022-10-19T00:00:00.000000Z,12.515395164489746,12.600748062133789,11.766769409179688,11.767642021179199,217131644
2022-10-20T00:00:00.000000Z,11.766468048095703,11.964917182922363,11.283733367919922,11.385820388793945,189224755
2022-10-21T00:00:00.000000Z,11.385190010070801,11.744895935058594,10.971136093139648,11.742948532104492,193039521
2022-10-22T00:00:00.000000Z,11.741719245910645,11.862529754638672,11.498386383056641,11.717120170593262,132306274
2022-10-23T00:00:00.000000Z,11.716870307922363,12.115998268127441,11.469562530517578,12.111275672912598,151520973
2022-10-24T00:00:00.000000Z,12.111349105834961,12.154339790344238,11.601000785827637,11.659079551696777,172535792
2022-10-25T00:00:00.000000Z,11.658164024353027,12.30272388458252,11.566814422607422,12.019707679748535,210551011
2022-10-26T00:00:00.000000Z,12.015417098999023,12.498079299926758,11.946417808532715,12.283950805664062,270109266
2022-10-27T00:00:00.000000Z,12.284244537353516,13.194210052490234,12.281391143798828,12.692689895629883,413565733
2022-10-28T00:00:00.000000Z,12.687106132507324,13.69511890411377,12.66102409362793,13.563467979431152,657830833
2022-10-29T00:00:00.000000Z,13.560004234313965,13.795448303222656,13.366400718688965,13.459847450256348,358054899
2022-10-30T00:00:00.000000Z,13.460768699645996,14.078147888183594,13.319648742675781,13.934368133544922,339221079
2022-10-31T00:00:00.000000Z,13.932909965515137,14.456722259521484,13.827877998352051,14.322817802429199,409224593
2022-11-01T00:00:00.000000Z,14.324020385742188,14.411286354064941,13.875531196594238,14.105830192565918,258061872
2022-11-02T00:00:00.000000Z,14.103227615356445,14.183184623718262,13.067155838012695,13.294816970825195,311233084
2022-11-03T00:00:00.000000Z,13.295415878295898,13.852418899536133,13.274988174438477,13.508749961853027,250325710
2022-11-04T00:00:00.000000Z,13.50874137878418,15.14896297454834,13.451189994812012,15.038064002990723,470897455
2022-11-05T00:00:00.000000Z,15.038163185119629,15.755083084106445,15.002138137817383,15.397509574890137,351552142
2022-11-06T00:00:00.000000Z,15.397439002990723,15.397439002990723,14.470940589904785,14.48029899597168,245732389
2022-11-07T00:00:00.000000Z,14.478910446166992,14.769582748413086,13.935526847839355,14.268110275268555,321188865
2022-11-08T00:00:00.000000Z,14.266921997070312,14.401227951049805,11.468146324157715,12.153720855712891,614450925
2022-11-09T00:00:00.000000Z,12.155595779418945,12.28758716583252,9.4553184509277344,9.7907066345214844,480100026
2022-11-10T00:00:00.000000Z,9.7846307754516602,12.441241264343262,9.6463470458984375,12.139562606811523,473780350
2022-11-11T00:00:00.000000Z,12.137222290039062,12.338306427001953,11.275182723999023,11.652873992919922,273129690
2022-11-12T00:00:00.000000Z,11.653885841369629,11.672174453735352,10.887823104858398,10.927192687988281,145182906
2022-11-13T00:00:00.000000Z,10.92889404296875,11.07866382598877,10.088719367980957,10.176499366760254,179816283
2022-11-14T00:00:00.000000Z,10.178837776184082,10.661215782165527,9.6732368469238281,10.299618721008301,224029056
2022-11-15T00:00:00.000000Z,10.300506591796875,10.855158805847168,10.220294952392578,10.549885749816895,157748888
2022-11-16T00:00:00.000000Z,10.549811363220215,10.615579605102539,9.9975748062133789,10.162676811218262,129062999
2022-11-17T00:00:00.000000Z,10.163251876831055,10.179409980773926,9.887608528137207,9.9123325347900391,106279873
2022-11-18T00:00:00.000000Z,9.9133033752441406,10.220590591430664,9.7972517013549805,9.9948720932006836,107668915
2022-11-19T00:00:00.000000Z,9.9940757751464844,10.036067962646484,9.7647676467895508,9.9904270172119141,69832816
2022-11-20T00:00:00.000000Z,9.9903745651245117,10.032487869262695,9.337982177734375,9.3499422073364258,93751244
2022-11-21T00:00:00.000000Z,9.3503341674804688,9.3503580093383789,8.8120021820068359,9.0264101028442383,140495277
2022-11-22T00:00:00.000000Z,9.0233602523803711,9.5423030853271484,8.7690238952636719,9.5320854187011719,151987026
2022-11-23T00:00:00.000000Z,9.5374555587768555,9.9269113540649414,9.5346221923828125,9.9102897644042969,132742876
2022-11-24T00:00:00.000000Z,9.91046142578125,10.183609962463379,9.7985658645629883,10.151303291320801,111644729
2022-11-25T00:00:00.000000Z,10.150371551513672,10.150937080383301,9.7834253311157227,10.017136573791504,80358775
2022-11-26T00:00:00.000000Z,10.015971183776855,10.391786575317383,10.015971183776855,10.104790687561035,93731999
2022-11-27T00:00:00.000000Z,10.104397773742676,10.295871734619141,9.9278774261474609,9.9288539886474609,67599985
2022-11-28T00:00:00.000000Z,9.9282817840576172,9.9494380950927734,9.4881649017333984,9.863530158996582,103732773
2022-11-29T00:00:00.000000Z,9.8634910583496094,10.271474838256836,9.8606319427490234,10.189475059509277,112110385
2022-11-30T00:00:00.000000Z,10.18963623046875,10.593427658081055,10.188179016113281,10.499136924743652,131375379
2022-12-01T00:00:00.000000Z,10.499794006347656,10.542302131652832,10.161216735839844,10.256523132324219,101162424
2022-12-02T00:00:00.000000Z,10.257156372070312,10.358654975891113,10.142718315124512,10.358304977416992,96019273
2022-12-03T00:00:00.000000Z,10.358960151672363,10.387212753295898,10.02382755279541,10.040152549743652,81374257
2022-12-04T00:00:00.000000Z,10.038884162902832,10.266739845275879,10.037599563598633,10.266463279724121,78933141
2022-12-05T00:00:00.000000Z,10.264484405517578,10.554525375366211,10.174980163574219,10.261436462402344,132072657
2022-12-06T00:00:00.000000Z,10.261736869812012,10.365551948547363,10.004398345947266,10.170246124267578,118580493
2022-12-07T00:00:00.000000Z,10.169897079467773,10.169897079467773,9.5337333679199219,9.6060647964477539,153367252
2022-12-08T00:00:00.000000Z,9.6066350936889648,9.8454217910766602,9.5197238922119141,9.8224763870239258,99760578
2022-12-09T00:00:00.000000Z,9.8230438232421875,9.8862848281860352,9.6474714279174805,9.7509489059448242,90417412
2022-12-10T00:00:00.000000Z,9.7512178421020508,10.264102935791016,9.6567678451538086,9.9413366317749023,161729914
2022-12-11T00:00:00.000000Z,9.9416675567626953,9.9775962829589844,9.5357875823974609,9.5429697036743164,82387241
2022-12-12T00:00:00.000000Z,9.5430278778076172,9.6424493789672852,9.4571914672851562,9.6152496337890625,110573227
2022-12-13T00:00:00.000000Z,9.6154747009277344,9.8515434265136719,9.1807861328125,9.7361726760864258,154353754
2022-12-14T00:00:00.000000Z,9.7357616424560547,9.9739952087402344,9.5838556289672852,9.6091394424438477,141404080
2022-12-15T00:00:00.000000Z,9.6090106964111328,9.6586189270019531,9.4060068130493164,9.4266281127929688,100062731
2022-12-16T00:00:00.000000Z,9.4267740249633789,9.5107669830322266,8.4959001541137695,8.5885839462280273,135790224
2022-12-17T00:00:00.000000Z,8.5873203277587891,8.8007240295410156,8.4975824356079102,8.7978973388671875,94190054
2022-12-18T00:00:00.000000Z,8.7996625900268555,8.9295997619628906,8.7687587738037109,8.8646535873413086,56840678
2022-12-19T00:00:00.000000Z,8.8650283813476562,8.9305000305175781,8.6039218902587891,8.6425800323486328,94807147
2022-12-20T00:00:00.000000Z,8.6436996459960938,9.0167598724365234,8.5779647827148438,8.9610805511474609,93567091
2022-12-21T00:00:00.000000Z,8.9603958129882812,9.0423488616943359,8.7767534255981445,8.8465719223022461,87031233
2022-12-22T00:00:00.000000Z,8.8464345932006836,8.9955062866210938,8.6939821243286133,8.9886341094970703,90375469
2022-12-23T00:00:00.000000Z,8.9881324768066406,9.0418615341186523,8.8938589096069336,8.9110803604125977,77145610
2022-12-24T00:00:00.000000Z,8.9107742309570312,9.0359354019165039,8.8957252502441406,8.9712114334106445,72256010
2022-12-25T00:00:00.000000Z,8.9713315963745117,9.1020307540893555,8.8574514389038086,9.0204153060913086,69795596
2022-12-26T00:00:00.000000Z,9.0197677612304688,9.188654899597168,9.0120382308959961,9.1810970306396484,75683024
2022-12-27T00:00:00.000000Z,9.1804637908935547,9.4057273864746094,9.1450176239013672,9.2144479751586914,94588379
2022-12-28T00:00:00.000000Z,9.2141056060791016,9.2402706146240234,8.9474687576293945,9.1210231781005859,105329939
2022-12-29T00:00:00.000000Z,9.1211376190185547,9.3796958923339844,9.0381031036376953,9.346430778503418,106684288
2022-12-30T00:00:00.000000Z,9.3453397750854492,9.3874397277832031,9.2496757507324219,9.3641748428344727,93288918
2022-12-31T00:00:00.000000Z,9.3647193908691406,9.4434947967529297,9.2796916961669922,9.3485994338989258,66653708
2023-01-01T00:00:00.000000Z,9.3487520217895508,9.4669914245605469,9.3117856979370117,9.4644689559936523,61685236
2023-01-02T00:00:00.000000Z,9.4647369384765625,9.9898462295532227,9.3964738845825195,9.8024215698242188,134288652
2023-01-03T00:00:00.000000Z,9.8035335540771484,10.251814842224121,9.7721776962280273,10.16102123260498,162694348
2023-01-04T00:00:00.000000Z,10.160968780517578,10.397434234619141,10.077815055847168,10.198363304138184,148918469
2023-01-05T00:00:00.000000Z,10.198057174682617,10.217549324035645,10.001822471618652,10.076512336730957,94583842
2023-01-06T00:00:00.000000Z,10.076297760009766,10.264664649963379,9.9273395538330078,10.250513076782227,108473813
2023-01-07T00:00:00.000000Z,10.248835563659668,10.350284576416016,10.150192260742188,10.194783210754395,73327102
2023-01-08T00:00:00.000000Z,10.193961143493652,10.547014236450195,10.021463394165039,10.538479804992676,112449736
2023-01-09T00:00:00.000000Z,10.538294792175293,11.457268714904785,10.537824630737305,11.126632690429688,259615448
2023-01-10T00:00:00.000000Z,11.125969886779785,11.335260391235352,10.911909103393555,11.328780174255371,136492712
2023-01-11T00:00:00.000000Z,11.328449249267578,11.834737777709961,11.077513694763184,11.834737777709961,141586327
2023-01-12T00:00:00.000000Z,11.86213207244873,12.330418586730957,11.616142272949219,12.274691581726074,215548112
2023-01-13T00:00:00.000000Z,12.274157524108887,12.489931106567383,11.939908981323242,12.399483680725098,172487180
2023-01-14T00:00:00.000000Z,12.399731636047363,13.375964164733887,12.286011695861816,12.894696235656738,348052352
2023-01-15T00:00:00.000000Z,12.89686107635498,13.023783683776855,12.399553298950195,12.79348087310791,170595823
2023-01-16T00:00:00.000000Z,12.79289722442627,13.013293266296387,12.093262672424316,12.331189155578613,208456271
2023-01-17T00:00:00.000000Z,12.331340789794922,12.602213859558105,12.130602836608887,12.175999641418457,168126921
2023-01-18T00:00:00.000000Z,12.176447868347168,12.508031845092773,11.469263076782227,11.568391799926758,194175904
2023-01-19T00:00:00.000000Z,11.565444946289062,12.082180023193359,11.5562744140625,12.027596473693848,124917793
2023-01-20T00:00:00.000000Z,12.026640892028809,13.231967926025391,11.957760810852051,13.168039321899414,201580345
2023-01-21T00:00:00.000000Z,13.176215171813965,13.546616554260254,12.947751045227051,13.100452423095703,233680831
2023-01-22T00:00:00.000000Z,13.099786758422852,13.682474136352539,12.851362228393555,13.311491012573242,248520533
2023-01-23T00:00:00.000000Z,13.314024925231934,13.54508113861084,12.90764045715332,13.095694541931152,187852448
2023-01-24T00:00:00.000000Z,13.090166091918945,13.360683441162109,12.392782211303711,12.452151298522949,162439190
2023-01-25T00:00:00.000000Z,12.453070640563965,13.689087867736816,12.177751541137695,13.570132255554199,264111555
2023-01-26T00:00:00.000000Z,13.565176963806152,13.623612403869629,12.889739036560059,13.113637924194336,233476211
2023-01-27T00:00:00.000000Z,13.113613128662109,13.538417816162109,12.763023376464844,13.513527870178223,193594987
2023-01-28T00:00:00.000000Z,13.517510414123535,13.853696823120117,13.069939613342285,13.206392288208008,180805749
2023-01-29T00:00:00.000000Z,13.206184387207031,13.915818214416504,13.050597190856934,13.819515228271484,191100322
2023-01-30T00:00:00.000000Z,13.82073974609375,13.964012145996094,12.882992744445801,13.056947708129883,207022253
2023-01-31T00:00:00.000000Z,13.056929588317871,13.450020790100098,13.055086135864258,13.379324913024902,152355326
2023-02-01T00:00:00.000000Z,13.376621246337891,14.870935440063477,13.303424835205078,14.868429183959961,447489971
2023-02-02T00:00:00.000000Z,14.86963939666748,15.130495071411133,14.313403129577637,14.363241195678711,293709418
2023-02-03T00:00:00.000000Z,14.361396789550781,15.364429473876953,14.361396789550781,14.996406555175781,259128428
2023-02-04T00:00:00.000000Z,14.995675086975098,15.062573432922363,14.662899971008301,14.679261207580566,147945086
2023-02-05T00:00:00.000000Z,14.677968978881836,14.757824897766113,14.179342269897461,14.754555702209473,201149659
2023-02-06T00:00:00.000000Z,14.754781723022461,14.84929084777832,14.051817893981934,14.142922401428223,171817970
2023-02-07T00:00:00.000000Z,14.140915870666504,14.969500541687012,14.134491920471191,14.957318305969238,224155768
2023-02-08T00:00:00.000000Z,14.955390930175781,15.337681770324707,14.634076118469238,15.146100997924805,264476464
2023-02-09T00:00:00.000000Z,15.148699760437012,15.264942169189453,13.373101234436035,13.50214958190918,309854461
2023-02-10T00:00:00.000000Z,13.501991271972656,13.979784965515137,13.465073585510254,13.709134101867676,208153146
2023-02-11T00:00:00.000000Z,13.711119651794434,13.770383834838867,13.449418067932129,13.758606910705566,119502217
2023-02-12T00:00:00.000000Z,13.758272171020508,13.938952445983887,13.441045761108398,13.537372589111328,125184878
2023-02-13T00:00:00.000000Z,13.536521911621094,13.540131568908691,12.722890853881836,13.140862464904785,189073702
2023-02-14T00:00:00.000000Z,13.138445854187012,13.548969268798828,12.988238334655762,13.410723686218262,192633504
2023-02-15T00:00:00.000000Z,13.410432815551758,14.27304744720459,13.256542205810547,14.27304744720459,192241934
2023-02-16T00:00:00.000000Z,14.273410797119141,14.373573303222656,13.413128852844238,13.421860694885254,254438860
2023-02-17T00:00:00.000000Z,13.423042297363281,14.308352470397949,13.374265670776367,14.195249557495117,190973809
2023-02-18T00:00:00.000000Z,14.192958831787109,14.447140693664551,13.947226524353027,14.301520347595215,160827464
2023-02-19T00:00:00.000000Z,14.300392150878906,14.758519172668457,14.039446830749512,14.134859085083008,232159890
2023-02-20T00:00:00.000000Z,14.141706466674805,14.571429252624512,13.90308666229248,14.41075611114502,185517230
2023-02-21T00:00:00.000000Z,14.411600112915039,14.598684310913086,13.664633750915527,13.866470336914062,182038934
2023-02-22T00:00:00.000000Z,13.866273880004883,13.977529525756836,13.245865821838379,13.58872127532959,159283583
2023-02-23T00:00:00.000000Z,13.589109420776367,13.895723342895508,13.497222900390625,13.729288101196289,125281579
2023-02-24T00:00:00.000000Z,13.728499412536621,13.835056304931641,12.926789283752441,13.082516670227051,149849766
2023-02-25T00:00:00.000000Z,13.082841873168945,13.180184364318848,12.515705108642578,12.835000038146973,132616724
2023-02-26T00:00:00.000000Z,12.83396053314209,13.089991569519043,12.77897834777832,12.971450805664062,97899085
2023-02-27T00:00:00.000000Z,12.970977783203125,13.082642555236816,12.621859550476074,12.783857345581055,108574250
2023-02-28T00:00:00.000000Z,12.784584999084473,12.794894218444824,12.160118103027344,12.264472007751465,111993712
2023-03-01T00:00:00.000000Z,12.265145301818848,12.907955169677734,12.248543739318848,12.771040916442871,123044842
2023-03-02T00:00:00.000000Z,12.771151542663574,12.843218803405762,12.183345794677734,12.450935363769531,104459614
2023-03-03T00:00:00.000000Z,12.452231407165527,12.467354774475098,11.628206253051758,11.998372077941895,126394730
2023-03-04T00:00:00.000000Z,11.99992561340332,12.06856632232666,11.65186882019043,11.832651138305664,70340308
2023-03-05T00:00:00.000000Z,11.832790374755859,12.245731353759766,11.832790374755859,12.025495529174805,96590867
2023-03-06T00:00:00.000000Z,12.026124000549316,12.202601432800293,11.870829582214355,11.987174034118652,82315781
2023-03-07T00:00:00.000000Z,11.98710823059082,12.077566146850586,11.510685920715332,11.748340606689453,102201640
2023-03-08T00:00:00.000000Z,11.747937202453613,11.801999092102051,10.91009521484375,10.96233081817627,117637439
2023-03-09T00:00:00.000000Z,10.962347030639648,11.009729385375977,10.554149627685547,11.008208274841309,233966432
2023-03-10T00:00:00.000000Z,11.010459899902344,11.318926811218262,10.349942207336426,11.150265693664551,276261023
2023-03-11T00:00:00.000000Z,11.150771141052246,11.391489028930664,10.701093673706055,11.11772346496582,210323272
2023-03-12T00:00:00.000000Z,11.116473197937012,11.775799751281738,11.011524200439453,11.774876594543457,159480197
2023-03-13T00:00:00.000000Z,11.775591850280762,12.230128288269043,11.34317684173584,12.011921882629395,203148538
2023-03-14T00:00:00.000000Z,12.011043548583984,13.471345901489258,11.943393707275391,13.069165229797363,351070852
2023-03-15T00:00:00.000000Z,13.074257850646973,13.370097160339355,11.686530113220215,12.44514274597168,311466490
2023-03-16T00:00:00.000000Z,12.447348594665527,12.980156898498535,12.34883975982666,12.851852416992188,192217660
2023-03-17T00:00:00.000000Z,12.850790977478027,13.276233673095703,12.666376113891602,13.185644149780273,185601407
2023-03-18T00:00:00.000000Z,13.18727970123291,13.430741310119629,12.219194412231445,12.228092193603516,268703828
2023-03-19T00:00:00.000000Z,12.227396965026855,13.063963890075684,12.111137390136719,12.346330642700195,193686596
2023-03-20T00:00:00.000000Z,12.3448486328125,12.459160804748535,11.534689903259277,11.55572509765625,181376343
2023-03-21T00:00:00.000000Z,11.558732986450195,12.15903377532959,11.360310554504395,11.943935394287109,166344723
2023-03-22T00:00:00.000000Z,11.94297981262207,11.996533393859863,10.982902526855469,11.340572357177734,190803353
2023-03-23T00:00:00.000000Z,11.339837074279785,11.951094627380371,11.270692825317383,11.699126243591309,136911454
2023-03-24T00:00:00.000000Z,11.6990966796875,11.718620300292969,11.02291202545166,11.200934410095215,127558084
2023-03-25T00:00:00.000000Z,11.201684951782227,11.33071231842041,10.946751594543457,11.107028007507324,92819317
2023-03-26T00:00:00.000000Z,11.107497215270996,11.453342437744141,11.058877944946289,11.32776927947998,73994297
2023-03-27T00:00:00.000000Z,11.328128814697266,11.34805965423584,10.641913414001465,10.844813346862793,104882576
2023-03-28T00:00:00.000000Z,10.84461498260498,11.388707160949707,10.699592590332031,11.229663848876953,130617903
2023-03-29T00:00:00.000000Z,11.227296829223633,11.525229454040527,11.151599884033203,11.429058074951172,257332151
2023-03-30T00:00:00.000000Z,11.430818557739258,11.55256462097168,10.961009979248047,11.146181106567383,173265510
2023-03-31T00:00:00.000000Z,11.146390914916992,11.377302169799805,11.028765678405762,11.187450408935547,140589491
2023-04-01T00:00:00.000000Z,11.187789916992188,11.484651565551758,11.061474800109863,11.400552749633789,130555978
2023-04-02T00:00:00.000000Z,11.398507118225098,11.568350791931152,11.011555671691895,11.125761032104492,125384742
2023-04-03T00:00:00.000000Z,11.125290870666504,11.248030662536621,10.766337394714355,11.165249824523926,150189467
2023-04-04T00:00:00.000000Z,11.162933349609375,11.411566734313965,11.045696258544922,11.278219223022461,143476544
2023-04-05T00:00:00.000000Z,11.279219627380371,11.583222389221191,11.171689987182617,11.529480934143066,150483959
2023-04-06T00:00:00.000000Z,11.529290199279785,11.589702606201172,11.269286155700684,11.329965591430664,139753616
2023-04-07T00:00:00.000000Z,11.329079627990723,11.351800918579102,10.935647964477539,11.055418014526367,141027689
2023-04-08T00:00:00.000000Z,11.054492950439453,11.188655853271484,10.910647392272949,10.956896781921387,93284058
2023-04-09T00:00:00.000000Z,10.957501411437988,11.086824417114258,10.883213996887207,11.040395736694336,85844433
2023-04-10T00:00:00.000000Z,11.040116310119629,11.228753089904785,10.927894592285156,11.186286926269531,113170744
2023-04-11T00:00:00.000000Z,11.187009811401367,11.3980712890625,11.133806228637695,11.278844833374023,128730503
2023-04-12T00:00:00.000000Z,11.278858184814453,11.363304138183594,10.987815856933594,11.356743812561035,109401541
2023-04-13T00:00:00.000000Z,11.323156356811523,11.991720199584961,11.258968353271484,11.819424629211426,157939345
2023-04-14T00:00:00.000000Z,11.820257186889648,12.44081974029541,11.812603950500488,12.262309074401855,249901885
2023-04-15T00:00:00.000000Z,12.262104988098145,12.474129676818848,12.082733154296875,12.394586563110352,132995740
2023-04-16T00:00:00.000000Z,12.392127990722656,12.89262580871582,12.382773399353027,12.697114944458008,191861076
2023-04-17T00:00:00.000000Z,12.693375587463379,12.92781925201416,12.337125778198242,12.341851234436035,165043636
2023-04-18T00:00:00.000000Z,12.344794273376465,12.761092185974121,12.184141159057617,12.554780006408691,142719247
2023-04-19T00:00:00.000000Z,12.553751945495605,12.578068733215332,11.612220764160156,11.709096908569336,217678324
2023-04-20T00:00:00.000000Z,11.706086158752441,12.118735313415527,11.321253776550293,11.392242431640625,175574801
2023-04-21T00:00:00.000000Z,11.390346527099609,11.471803665161133,10.672971725463867,10.803689002990723,161054459
2023-04-22T00:00:00.000000Z,10.803393363952637,11.051528930664062,10.714957237243652,11.041813850402832,104030793
2023-04-23T00:00:00.000000Z,11.042057037353516,11.043577194213867,10.620855331420898,10.827010154724121,90444450
2023-04-24T00:00:00.000000Z,10.82650089263916,10.970344543457031,10.670868873596191,10.885917663574219,103850643
2023-04-25T00:00:00.000000Z,10.88509464263916,11.082118988037109,10.668733596801758,11.053879737854004,101114259
2023-04-26T00:00:00.000000Z,11.053279876708984,11.378750801086426,10.317156791687012,10.924459457397461,165482473
2023-04-27T00:00:00.000000Z,10.927216529846191,11.76752758026123,10.917082786560059,11.527786254882812,179502043
2023-04-28T00:00:00.000000Z,11.528125762939453,11.761510848999023,11.338281631469727,11.719165802001953,108497752
2023-04-29T00:00:00.000000Z,11.718673706054688,11.806385040283203,11.591141700744629,11.719992637634277,69581001
2023-04-30T00:00:00.000000Z,11.719554901123047,11.940540313720703,11.480534553527832,11.573060035705566,85583856
2023-05-01T00:00:00.000000Z,11.56737232208252,11.56737232208252,10.859140396118164,11.008299827575684,110399167
2023-05-02T00:00:00.000000Z,11.00916576385498,11.107761383056641,10.91776180267334,11.040736198425293,67879049
2023-05-03T00:00:00.000000Z,11.040424346923828,11.15567684173584,10.774456977844238,11.100058555603027,86165715
2023-05-04T00:00:00.000000Z,11.101772308349609,11.136809349060059,10.904195785522461,10.981950759887695,65603363
2023-05-05T00:00:00.000000Z,10.98253059387207,11.295692443847656,10.97016429901123,11.231048583984375,74867495
2023-05-06T00:00:00.000000Z,11.231378555297852,11.288823127746582,10.797958374023438,10.859296798706055,67987068
2023-05-07T00:00:00.000000Z,10.858797073364258,11.089323997497559,10.805702209472656,11.005036354064941,57201995
2023-05-08T00:00:00.000000Z,11.003339767456055,11.145087242126465,10.507932662963867,10.617470741271973,161012606
2023-05-09T00:00:00.000000Z,10.617897987365723,10.698843955993652,10.307875633239746,10.396068572998047,102241826
2023-05-10T00:00:00.000000Z,10.39569091796875,11.115741729736328,10.251913070678711,10.997882843017578,167015561
2023-05-11T00:00:00.000000Z,10.998525619506836,11.074785232543945,10.552597045898438,11.046223640441895,130487205
2023-05-12T00:00:00.000000Z,11.045848846435547,11.271726608276367,10.80510139465332,11.164373397827148,141247048
2023-05-13T00:00:00.000000Z,11.164372444152832,11.164372444152832,10.846383094787598,10.895848274230957,79222754
2023-05-14T00:00:00.000000Z,10.895451545715332,11.102327346801758,10.840479850769043,10.915787696838379,86367472
2023-05-15T00:00:00.000000Z,10.915596008300781,11.095850944519043,10.76239013671875,10.805232048034668,81286208
2023-05-16T00:00:00.000000Z,10.805356979370117,10.903965950012207,10.72102165222168,10.882347106933594,73613379
2023-05-17T00:00:00.000000Z,10.881949424743652,11.068856239318848,10.733753204345703,10.935614585876465,73444406
2023-05-18T00:00:00.000000Z,10.935664176940918,10.993992805480957,10.528922080993652,10.751799583435059,93025278
2023-05-19T00:00:00.000000Z,10.75014591217041,10.75014591217041,10.489007949829102,10.609885215759277,81609177
2023-05-20T00:00:00.000000Z,10.60988712310791,10.630870819091797,10.533868789672852,10.61400318145752,48226216
2023-05-21T00:00:00.000000Z,10.613822937011719,10.617460250854492,10.433662414550781,10.477790832519531,51003478
2023-05-22T00:00:00.000000Z,10.477922439575195,10.566381454467773,10.347294807434082,10.487075805664062,56961894
2023-05-23T00:00:00.000000Z,10.487242698669434,10.615191459655762,10.457871437072754,10.524550437927246,66970119
2023-05-24T00:00:00.000000Z,10.525101661682129,10.528430938720703,10.223322868347168,10.418463706970215,76384222
2023-05-25T00:00:00.000000Z,10.417576789855957,10.54781436920166,10.274307250976562,10.488066673278809,71039888
2023-05-26T00:00:00.000000Z,10.48751163482666,10.596531867980957,10.428621292114258,10.534507751464844,59448189
2023-05-27T00:00:00.000000Z,10.534568786621094,10.599327087402344,10.491855621337891,10.546693801879883,46062789
2023-05-28T00:00:00.000000Z,10.546796798706055,10.947408676147461,10.524868011474609,10.937502861022949,72103366
2023-05-29T00:00:00.000000Z,10.937711715698242,10.967026710510254,10.714200973510742,10.756916999816895,61867625
2023-05-30T00:00:00.000000Z,10.756447792053223,10.898831367492676,10.741340637207031,10.840366363525391,58865306
2023-05-31T00:00:00.000000Z,10.840317726135254,10.880656242370605,10.436881065368652,10.464144706726074,71414405
2023-06-01T00:00:00.000000Z,10.464162826538086,10.487638473510742,10.236663818359375,10.327199935913086,73309153
2023-06-02T00:00:00.000000Z,10.328182220458984,10.66734504699707,10.271512031555176,10.656247138977051,61982819
2023-06-03T00:00:00.000000Z,10.656512260437012,10.759796142578125,10.56175422668457,10.701608657836914,45921085
2023-06-04T00:00:00.000000Z,10.701020240783691,10.84686279296875,10.666928291320801,10.751866340637207,52388428
2023-06-05T00:00:00.000000Z,10.752778053283691,10.810398101806641,9.9215583801269531,10.017903327941895,118272370
2023-06-06T00:00:00.000000Z,10.017669677734375,10.27525806427002,9.8306341171264648,10.159592628479004,77186486
2023-06-07T00:00:00.000000Z,10.159072875976562,10.159072875976562,9.3688201904296875,9.4287185668945312,86725269
2023-06-08T00:00:00.000000Z,9.4292449951171875,9.6162919998168945,9.3518581390380859,9.4446592330932617,64444002
2023-06-09T00:00:00.000000Z,9.4446611404418945,9.4672317504882812,9.1562347412109375,9.1718606948852539,75697607
2023-06-10T00:00:00.000000Z,9.1723871231079102,9.1740875244140625,7.5092329978942871,8.2446146011352539,208938971
2023-06-11T00:00:00.000000Z,8.2446498870849609,8.5006332397460938,8.1322050094604492,8.4445161819458008,73995309
2023-06-12T00:00:00.000000Z,8.444401741027832,8.8220195770263672,8.3149576187133789,8.7540950775146484,89457609
2023-06-13T00:00:00.000000Z,8.7534523010253906,8.8928947448730469,8.5609035491943359,8.644780158996582,75321389
2023-06-14T00:00:00.000000Z,8.6447782516479492,8.8225116729736328,8.4178304672241211,8.482905387878418,77723787
2023-06-15T00:00:00.000000Z,8.4829826354980469,8.7478904724121094,8.4213104248046875,8.6634559631347656,82903104
2023-06-16T00:00:00.000000Z,8.6632318496704102,8.9155998229980469,8.5677347183227539,8.7552518844604492,64814657
2023-06-17T00:00:00.000000Z,8.755427360534668,8.9699211120605469,8.6927757263183594,8.903651237487793,51812676
2023-06-18T00:00:00.000000Z,8.9031667709350586,8.9188604354858398,8.5420894622802734,8.5593786239624023,58481405
2023-06-19T00:00:00.000000Z,8.5596332550048828,8.6256303787231445,8.3822116851806641,8.5917940139770508,61643038
2023-06-20T00:00:00.000000Z,8.5917177200317383,8.7905740737915039,8.2849054336547852,8.7812070846557617,78730359
2023-06-21T00:00:00.000000Z,8.7810087203979492,9.1032876968383789,8.7586212158203125,9.0535211563110352,97467458
2023-06-22T00:00:00.000000Z,9.0523920059204102,9.3960237503051758,9.0155134201049805,9.0169582366943359,85936262
2023-06-23T00:00:00.000000Z,9.0170707702636719,9.4209403991699219,9.0032405853271484,9.3108997344970703,76553773
2023-06-24T00:00:00.000000Z,9.3116474151611328,9.4769086837768555,9.1455049514770508,9.3843955993652344,65710990
2023-06-25T00:00:00.000000Z,9.3845853805541992,9.7313327789306641,9.3710479736328125,9.4707498550415039,73883548
2023-06-26T00:00:00.000000Z,9.4681215286254883,9.5085773468017578,9.1348190307617188,9.1893692016601562,71675169
2023-06-27T00:00:00.000000Z,9.1892948150634766,9.4413127899169922,9.1809148788452148,9.4248476028442383,65184357
2023-06-28T00:00:00.000000Z,9.425410270690918,9.427250862121582,8.9899721145629883,9.1370458602905273,73980079
2023-06-29T00:00:00.000000Z,9.1359882354736328,9.4266862869262695,8.9915180206298828,8.9920558929443359,75414422
2023-06-30T00:00:00.000000Z,8.990544319152832,9.4252872467041016,8.8565158843994141,9.2881736755371094,121764675
2023-07-01T00:00:00.000000Z,9.2884931564331055,9.5665130615234375,9.1834506988525391,9.5623760223388672,75249772
2023-07-02T00:00:00.000000Z,9.5625982284545898,9.5880632400512695,9.3670587539672852,9.5880632400512695,66823504
2023-07-03T00:00:00.000000Z,9.5883951187133789,10.091978073120117,9.5731801986694336,9.9332466125488281,89522350
2023-07-04T00:00:00.000000Z,9.933070182800293,9.9531707763671875,9.655552864074707,9.6893806457519531,71608555
2023-07-05T00:00:00.000000Z,9.689936637878418,9.8737573623657227,9.2794857025146484,9.4081172943115234,86562751
2023-07-06T00:00:00.000000Z,9.4070625305175781,9.6360244750976562,9.1177072525024414,9.2080879211425781,84914940
2023-07-07T00:00:00.000000Z,9.207275390625,9.3528509140014648,9.1260509490966797,9.1723861694335938,60827527
2023-07-08T00:00:00.000000Z,9.1716470718383789,9.2928190231323242,9.105891227722168,9.2110471725463867,50946132
2023-07-09T00:00:00.000000Z,9.2112312316894531,9.6010751724243164,9.1964921951293945,9.4332342147827148,62796180
2023-07-10T00:00:00.000000Z,9.4332752227783203,9.4332752227783203,9.2006330490112305,9.2506065368652344,76851455
2023-07-11T00:00:00.000000Z,9.2510147094726562,9.3562831878662109,9.1655845642089844,9.2031631469726562,54694535
2023-07-12T00:00:00.000000Z,9.2031078338623047,9.282750129699707,8.9904966354370117,9.0711441040039062,62107327
2023-07-13T00:00:00.000000Z,9.0716772079467773,9.900477409362793,8.955561637878418,9.900477409362793,133730445
2023-07-14T00:00:00.000000Z,9.8992109298706055,10.274749755859375,9.4559917449951172,9.7997426986694336,154099417
2023-07-15T00:00:00.000000Z,9.7992639541625977,9.9762811660766602,9.6595659255981445,9.7050895690917969,66626519
2023-07-16T00:00:00.000000Z,9.7048511505126953,9.7213220596313477,9.3656835556030273,9.3910989761352539,70554629
2023-07-17T00:00:00.000000Z,9.3916378021240234,9.596649169921875,9.1927413940429688,9.4438390731811523,91256404
2023-07-18T00:00:00.000000Z,9.4436416625976562,9.5110206604003906,9.1606292724609375,9.2839794158935547,71864741
2023-07-19T00:00:00.000000Z,9.2851200103759766,9.3999176025390625,9.1434535980224609,9.1875371932983398,69861056
2023-07-20T00:00:00.000000Z,9.1872901916503906,9.3559484481811523,9.1471147537231445,9.3559484481811523,88268415
2023-07-21T00:00:00.000000Z,9.3570613861083984,9.5283269882202148,9.3211441040039062,9.4308290481567383,68912023
2023-07-22T00:00:00.000000Z,9.4303789138793945,9.5606222152709961,9.2107772827148438,9.2544345855712891,67569184
2023-07-23T00:00:00.000000Z,9.256016731262207,9.3589086532592773,9.2443513870239258,9.2873649597167969,53405878
2023-07-24T00:00:00.000000Z,9.2866992950439453,9.2869167327880859,8.9271373748779297,9.0118074417114258,77388927
2023-07-25T00:00:00.000000Z,9.0110998153686523,9.0546979904174805,8.9324970245361328,8.9577722549438477,55885345
2023-07-26T00:00:00.000000Z,8.9578876495361328,9.0284357070922852,8.8336057662963867,8.9862451553344727,72081341
2023-07-27T00:00:00.000000Z,8.9866390228271484,9.091496467590332,8.8709526062011719,8.9108009338378906,55825435
2023-07-28T00:00:00.000000Z,8.9106349945068359,9.0587196350097656,8.8650712966918945,9.0353765487670898,51986991
2023-07-29T00:00:00.000000Z,9.0346145629882812,9.0888957977294922,8.9896259307861328,9.0781641006469727,42418039
2023-07-30T00:00:00.000000Z,9.0777931213378906,9.0927324295043945,8.8836297988891602,9.0023889541625977,58089725
2023-07-31T00:00:00.000000Z,9.002293586730957,9.1048526763916016,8.7982721328735352,8.8596038818359375,63821323
2023-08-01T00:00:00.000000Z,8.8599491119384766,8.9756479263305664,8.6678857803344727,8.9749011993408203,80501683
2023-08-02T00:00:00.000000Z,8.9754514694213867,9.0103864669799805,8.7080450057983398,8.7133512496948242,76537656
2023-08-03T00:00:00.000000Z,8.7132205963134766,8.7630977630615234,8.5991926193237305,8.6206569671630859,73442968
2023-08-04T00:00:00.000000Z,8.6203527450561523,8.6648054122924805,8.3912544250488281,8.4826650619506836,75915243
2023-08-05T00:00:00.000000Z,8.482213020324707,8.5294733047485352,8.3692636489868164,8.5028877258300781,60562554
2023-08-06T00:00:00.000000Z,8.5027227401733398,8.5685014724731445,8.45123291015625,8.4758529663085938,60570515
2023-08-07T00:00:00.000000Z,8.4757308959960938,8.5660972595214844,8.3000774383544922,8.4839820861816406,81991738
2023-08-08T00:00:00.000000Z,8.4837961196899414,8.6359434127807617,8.4552736282348633,8.5260944366455078,78858386
2023-08-09T00:00:00.000000Z,8.5261878967285156,8.6591901779174805,8.4514131546020508,8.5377588272094727,73080616
2023-08-10T00:00:00.000000Z,8.5367517471313477,8.548797607421875,8.4050779342651367,8.4090738296508789,73861280
2023-08-11T00:00:00.000000Z,8.4091567993164062,8.4467678070068359,8.3268518447875977,8.3432216644287109,66460329
2023-08-12T00:00:00.000000Z,8.3431549072265625,8.4300613403320312,8.3373270034790039,8.4161357879638672,58809054
2023-08-13T00:00:00.000000Z,8.41607666015625,8.4966602325439453,8.3604154586791992,8.3739776611328125,65607747
2023-08-14T00:00:00.000000Z,8.3734207153320312,8.5574283599853516,8.3403491973876953,8.5094318389892578,72618667
2023-08-15T00:00:00.000000Z,8.5097780227661133,8.5383491516113281,8.0064001083374023,8.1040287017822266,92269391
2023-08-16T00:00:00.000000Z,8.1040353775024414,8.1130037307739258,7.649695873260498,7.7922539710998535,87664703
2023-08-17T00:00:00.000000Z,7.7924909591674805,8.1837882995605469,7.2964949607849121,7.4270720481872559,234340480
2023-08-18T00:00:00.000000Z,7.424105167388916,7.6799378395080566,7.3926692008972168,7.5771322250366211,133937873
2023-08-19T00:00:00.000000Z,7.5779919624328613,7.7212939262390137,7.5166549682617188,7.7068262100219727,80794346
2023-08-20T00:00:00.000000Z,7.7070541381835938,7.8838768005371094,7.6975412368774414,7.8654999732971191,91020274
2023-08-21T00:00:00.000000Z,7.8644399642944336,7.8746170997619629,7.4779257774353027,7.5466217994689941,102276282
2023-08-22T00:00:00.000000Z,7.5464382171630859,7.5515890121459961,7.186737060546875,7.3899421691894531,102576254
2023-08-23T00:00:00.000000Z,7.3907961845397949,7.5195097923278809,7.314274787902832,7.4258460998535156,85522933
2023-08-24T00:00:00.000000Z,7.4259347915649414,7.445335865020752,7.1116561889648438,7.20452880859375,87675802
2023-08-25T00:00:00.000000Z,7.205718994140625,7.2616448402404785,7.066619873046875,7.2442998886108398,87429486
2023-08-26T00:00:00.000000Z,7.2443127632141113,7.2524428367614746,7.1440820693969727,7.1551141738891602,68124417
2023-08-27T00:00:00.000000Z,7.155055046081543,7.2049479484558105,7.1038880348205566,7.1789999008178711,58243172
2023-08-28T00:00:00.000000Z,7.1790719032287598,7.2721209526062012,7.0857200622558594,7.2652039527893066,76507548
2023-08-29T00:00:00.000000Z,7.2650070190429688,7.5014638900756836,7.1202530860900879,7.4363260269165039,109417764
2023-08-30T00:00:00.000000Z,7.4368181228637695,7.4501419067382812,7.1938719749450684,7.2249550819396973,88464461
2023-08-31T00:00:00.000000Z,7.2250890731811523,7.2604517936706543,6.8572177886962891,6.9207887649536133,95816874
2023-09-01T00:00:00.000000Z,6.9207520484924316,6.9706788063049316,6.6516819000244141,6.6641569137573242,83439305
2023-09-02T00:00:00.000000Z,6.6642107963562012,6.829744815826416,6.6444101333618164,6.8280839920043945,65451901
2023-09-03T00:00:00.000000Z,6.8283782005310059,6.876492977142334,6.7695431709289551,6.808621883392334,57907830
2023-09-04T00:00:00.000000Z,6.8083610534667969,6.9138422012329102,6.6777400970458984,6.7199687957763672,69849773
2023-09-05T00:00:00.000000Z,6.7206149101257324,6.8437471389770508,6.6709871292114258,6.8134908676147461,69891050
2023-09-06T00:00:00.000000Z,6.8137969970703125,6.910153865814209,6.7319250106811523,6.8884830474853516,66903278
2023-09-07T00:00:00.000000Z,6.8895778656005859,6.9819560050964355,6.8146629333496094,6.937230110168457,63069578
2023-09-08T00:00:00.000000Z,6.9378089904785156,6.9928598403930664,6.800468921661377,6.8338527679443359,61195084
2023-09-09T00:00:00.000000Z,6.8338122367858887,6.9190878868103027,6.8129630088806152,6.8505611419677734,48429546
2023-09-10T00:00:00.000000Z,6.8509302139282227,6.8513398170471191,6.619196891784668,6.6610479354858398,86333784
2023-09-11T00:00:00.000000Z,6.6610488891601562,6.6735057830810547,6.3033909797668457,6.3709988594055176,112755916
2023-09-12T00:00:00.000000Z,6.3707399368286133,6.5374331474304199,6.3489398956298828,6.3810110092163086,87209135
2023-09-13T00:00:00.000000Z,6.3813657760620117,6.5719189643859863,6.3720879554748535,6.5438680648803711,76276974
2023-09-14T00:00:00.000000Z,6.5436649322509766,6.9033398628234863,6.5087509155273438,6.8356108665466309,78469289
2023-09-15T00:00:00.000000Z,6.8358211517333984,7.0033879280090332,6.7705569267272949,6.9261307716369629,67024707
2023-09-16T00:00:00.000000Z,6.9261360168457031,7.1653308868408203,6.9261360168457031,7.1479911804199219,57436908
2023-09-17T00:00:00.000000Z,7.1478581428527832,7.162290096282959,6.9241671562194824,6.9462199211120605,57158936
2023-09-18T00:00:00.000000Z,6.945775032043457,7.4738960266113281,6.8654751777648926,7.3790359497070312,90710012
2023-09-19T00:00:00.000000Z,7.3789620399475098,7.5790228843688965,7.2184858322143555,7.510188102722168,76638805
2023-09-20T00:00:00.000000Z,7.5101299285888672,7.5122599601745605,7.2119889259338379,7.2768111228942871,69798957
2023-09-21T00:00:00.000000Z,7.2768869400024414,7.4938311576843262,7.1810908317565918,7.1810998916625977,72486058
2023-09-22T00:00:00.000000Z,7.1792359352111816,7.2303562164306641,7.0479378700256348,7.1342649459838867,55517070
2023-09-23T00:00:00.000000Z,7.1341128349304199,7.1935210227966309,7.0630149841308594,7.0829949378967285,43247834
2023-09-24T00:00:00.000000Z,7.0829248428344727,7.1393609046936035,6.973660945892334,6.9785289764404297,37552291
2023-09-25T00:00:00.000000Z,6.9781317710876465,7.0699248313903809,6.9322972297668457,7.0386581420898438,63379906
2023-09-26T00:00:00.000000Z,7.0383481979370117,7.0874209403991699,6.9181199073791504,6.955625057220459,48927758
2023-09-27T00:00:00.000000Z,6.955437183380127,7.1090078353881836,6.9079780578613281,6.9674100875854492,57462178
2023-09-28T00:00:00.000000Z,6.9673261642456055,7.1909418106079102,6.9399471282958984,7.1080808639526367,56882608
2023-09-29T00:00:00.000000Z,7.1081709861755371,7.1881208419799805,7.0819330215454102,7.1101031303405762,48945422
2023-09-30T00:00:00.000000Z,7.1099939346313477,7.2964859008789062,7.0961828231811523,7.2411189079284668,44880973
2023-10-01T00:00:00.000000Z,7.2408461570739746,7.6379098892211914,7.1900959014892578,7.5643391609191895,64545226
2023-10-02T00:00:00.000000Z,7.5643520355224609,7.5799551010131836,7.1275200843811035,7.1545429229736328,75804359
2023-10-03T00:00:00.000000Z,7.153742790222168,7.2717437744140625,7.0546040534973145,7.0695981979370117,75394644
2023-10-04T00:00:00.000000Z,7.0696268081665039,7.0696268081665039,6.8972001075744629,6.9706430435180664,76002370
2023-10-05T00:00:00.000000Z,6.9708638191223145,6.9875631332397461,6.7818632125854492,6.838068962097168,60787805
2023-10-06T00:00:00.000000Z,6.8377752304077148,6.9528360366821289,6.8253521919250488,6.914848804473877,55611602
2023-10-07T00:00:00.000000Z,6.9148569107055664,6.9926857948303223,6.8841228485107422,6.9633479118347168,45668673
2023-10-08T00:00:00.000000Z,6.9635429382324219,6.9883508682250977,6.8622231483459473,6.9436359405517578,44138092
2023-10-09T00:00:00.000000Z,6.943882942199707,6.9545202255249023,6.6295647621154785,6.8290019035339355,73432131
2023-10-10T00:00:00.000000Z,6.8287630081176758,7.264470100402832,6.6236190795898438,6.6816158294677734,212816484
2023-10-11T00:00:00.000000Z,6.6817111968994141,6.7476410865783691,6.5021610260009766,6.7055110931396484,84642538
2023-10-12T00:00:00.000000Z,6.7049679756164551,6.7242579460144043,6.4215140342712402,6.5871748924255371,73664182
2023-10-13T00:00:00.000000Z,6.5867600440979004,6.6405630111694336,6.5140480995178223,6.5630078315734863,56191700
2023-10-14T00:00:00.000000Z,6.563025951385498,6.6564469337463379,6.563025951385498,6.5861659049987793,36605438
2023-10-15T00:00:00.000000Z,6.5857219696044922,6.6729621887207031,6.5362420082092285,6.6030287742614746,47961854
2023-10-16T00:00:00.000000Z,6.6032238006591797,6.7636771202087402,6.5828471183776855,6.6341347694396973,85729671
2023-10-17T00:00:00.000000Z,6.6337451934814453,6.6337451934814453,6.3934040069580078,6.4453229904174805,65497194
2023-10-18T00:00:00.000000Z,6.4453887939453125,6.4599580764770508,6.2996401786804199,6.2996401786804199,62405322
2023-10-19T00:00:00.000000Z,6.2993340492248535,6.3006491661071777,6.1866598129272461,6.2663211822509766,64238690
2023-10-20T00:00:00.000000Z,6.2666988372802734,6.468163013458252,6.2531170845031738,6.4128990173339844,72820254
2023-10-21T00:00:00.000000Z,6.412848949432373,6.6829171180725098,6.3748040199279785,6.6263470649719238,68964644
2023-10-22T00:00:00.000000Z,6.6265320777893066,6.7543301582336426,6.5258679389953613,6.7494668960571289,65193853
2023-10-23T00:00:00.000000Z,6.7276349067687988,7.0347108840942383,6.6327118873596191,7.0160961151123047,128366683
2023-10-24T00:00:00.000000Z,7.0161781311035156,7.2937831878662109,6.8260297775268555,6.9890899658203125,177405565
2023-10-25T00:00:00.000000Z,6.9905571937561035,7.2158169746398926,6.9076452255249023,7.1165738105773926,117026083
2023-10-26T00:00:00.000000Z,7.1166601181030273,7.3514227867126465,6.9278731346130371,7.1582608222961426,129153044
2023-10-27T00:00:00.000000Z,7.1595549583435059,7.1660561561584473,6.9373269081115723,7.0303540229797363,80936002
2023-10-28T00:00:00.000000Z,7.0302882194519043,7.2175149917602539,7.0265669822692871,7.1843051910400391,58469487
2023-10-29T00:00:00.000000Z,7.1842460632324219,7.3818950653076172,7.0639281272888184,7.3168702125549316,61104552
2023-10-30T00:00:00.000000Z,7.3167247772216797,8.1339397430419922,7.226377010345459,8.1068019866943359,162400749
2023-10-31T00:00:00.000000Z,8.1105566024780273,8.205449104309082,7.7727980613708496,7.9345002174377441,234326837
2023-11-01T00:00:00.000000Z,7.9347810745239258,8.0187091827392578,7.5689997673034668,7.880958080291748,177903210
2023-11-02T00:00:00.000000Z,7.8817992210388184,8.0882625579833984,7.610023021697998,7.8448419570922852,173910469
2023-11-03T00:00:00.000000Z,7.843754768371582,7.843754768371582,7.5704541206359863,7.7580089569091797,135276793
2023-11-04T00:00:00.000000Z,7.7577991485595703,8.2158317565917969,7.720149040222168,8.1140642166137695,128521701
2023-11-05T00:00:00.000000Z,8.1134786605834961,8.5275087356567383,8.0658206939697266,8.3751707077026367,158574844
2023-11-06T00:00:00.000000Z,8.3752202987670898,8.7516670227050781,8.3382148742675781,8.7349977493286133,142841467
2023-11-07T00:00:00.000000Z,8.734583854675293,8.7368564605712891,8.1878566741943359,8.4707460403442383,147886328
2023-11-08T00:00:00.000000Z,8.4713926315307617,8.739171028137207,8.3924894332885742,8.6791954040527344,129472169
2023-11-09T00:00:00.000000Z,8.6787567138671875,9.0418987274169922,8.3409900665283203,9.0275983810424805,251586870
2023-11-10T00:00:00.000000Z,9.0282812118530273,9.5071926116943359,8.9880962371826172,9.2019634246826172,239965131
2023-11-11T00:00:00.000000Z,9.2014865875244141,9.4427108764648438,8.9135417938232422,9.2380285263061523,150318955
2023-11-12T00:00:00.000000Z,9.2385902404785156,9.6999292373657227,8.9404706954956055,9.5318193435668945,165116551
2023-11-13T00:00:00.000000Z,9.5321130752563477,10.51838493347168,9.2068452835083008,9.2068452835083008,311493522
2023-11-14T00:00:00.000000Z,9.2048635482788086,9.3930530548095703,8.7508716583251953,9.1018486022949219,229325518
2023-11-15T00:00:00.000000Z,9.103489875793457,9.7654123306274414,8.9717721939086914,9.6716995239257812,205691957
2023-11-16T00:00:00.000000Z,9.6709909439086914,10.183981895446777,9.4978103637695312,9.5910501480102539,254070956
2023-11-17T00:00:00.000000Z,9.5926532745361328,10.200349807739258,9.0961761474609375,9.3989343643188477,195095225
2023-11-18T00:00:00.000000Z,9.3992500305175781,9.4074678421020508,8.9130105972290039,9.2305107116699219,142629411
2023-11-19T00:00:00.000000Z,9.231109619140625,9.3899097442626953,9.0002651214599609,9.3830251693725586,103089472
2023-11-20T00:00:00.000000Z,9.3822803497314453,9.5423364639282227,8.9524316787719727,8.973597526550293,134337224
2023-11-21T00:00:00.000000Z,8.9735021591186523,9.0763692855834961,8.2493152618408203,8.2493152618408203,172057096
2023-11-22T00:00:00.000000Z,8.2478809356689453,8.9163494110107422,8.2234859466552734,8.8146247863769531,117225175
2023-11-23T00:00:00.000000Z,8.8145561218261719,9.0699644088745117,8.6847009658813477,8.7490034103393555,90109866
2023-11-24T00:00:00.000000Z,8.7487716674804688,9.0810480117797852,8.7263927459716797,8.9030895233154297,111252109
2023-11-25T00:00:00.000000Z,8.9039983749389648,9.6464681625366211,8.8827447891235352,9.4795732498168945,122332293
2023-11-26T00:00:00.000000Z,9.4832792282104492,9.9985322952270508,9.3473262786865234,9.9309329986572266,277280752
2023-11-27T00:00:00.000000Z,9.9291810989379883,9.9291810989379883,8.9806480407714844,9.3050756454467773,201805511
2023-11-28T00:00:00.000000Z,9.3051576614379883,9.350123405456543,8.8204727172851562,9.2463302612304688,189010990
2023-11-29T00:00:00.000000Z,9.246363639831543,9.3161754608154297,9.0359430313110352,9.2209386825561523,162377611
2023-11-30T00:00:00.000000Z,9.220555305480957,9.3724632263183594,9.1431140899658203,9.2555971145629883,136161724
2023-12-01T00:00:00.000000Z,9.2555923461914062,9.4633865356445312,9.2002725601196289,9.4621267318725586,134878841
2023-12-02T00:00:00.000000Z,9.4620380401611328,9.6969146728515625,9.4131259918212891,9.6403646469116211,136046888
2023-12-03T00:00:00.000000Z,9.6408357620239258,9.647130012512207,9.3810606002807617,9.5437793731689453,148810451
2023-12-04T00:00:00.000000Z,9.5428647994995117,9.8652639389038086,9.3687505722045898,9.7460479736328125,317967890
2023-12-05T00:00:00.000000Z,9.7491426467895508,9.9203481674194336,9.498295783996582,9.8940267562866211,179846965
2023-12-06T00:00:00.000000Z,9.8938589096069336,10.260513305664062,9.7412385940551758,9.7432565689086914,232865207
2023-12-07T00:00:00.000000Z,9.7454690933227539,10.02337646484375,9.6003990173339844,9.9038896560668945,166694026
2023-12-08T00:00:00.000000Z,9.9044961929321289,10.658414840698242,9.8526763916015625,10.407621383666992,206551471
2023-12-09T00:00:00.000000Z,10.408695220947266,11.276223182678223,10.408695220947266,10.484677314758301,293581731
2023-12-10T00:00:00.000000Z,10.485206604003906,10.687116622924805,10.154413223266602,10.666178703308105,149493512
2023-12-11T00:00:00.000000Z,10.668732643127441,10.687540054321289,9.5224065780639648,9.8610382080078125,247396425
2023-12-12T00:00:00.000000Z,9.8610019683837891,12.307071685791016,9.8454971313476562,11.717423439025879,685083352
2023-12-13T00:00:00.000000Z,11.714094161987305,11.844655990600586,10.830078125,11.621902465820312,449466013
2023-12-14T00:00:00.000000Z,11.623516082763672,11.902586936950684,11.222899436950684,11.550127029418945,288324974
2023-12-15T00:00:00.000000Z,11.547547340393066,11.547547340393066,10.873415946960449,10.887299537658691,208600879
2023-12-16T00:00:00.000000Z,10.883957862854004,12.054756164550781,10.771583557128906,12.054756164550781,242710537
2023-12-17T00:00:00.000000Z,12.055373191833496,12.055373191833496,11.098386764526367,11.13099193572998,231339599
2023-12-18T00:00:00.000000Z,11.128461837768555,11.139822006225586,10.302028656005859,10.880043983459473,212567651
2023-12-19T00:00:00.000000Z,10.880760192871094,11.009117126464844,10.315250396728516,10.415341377258301,180601232
2023-12-20T00:00:00.000000Z,10.414934158325195,10.886348724365234,10.304657936096191,10.662837982177734,210651624
2023-12-21T00:00:00.000000Z,10.663290023803711,11.490276336669922,10.522649765014648,11.401318550109863,288775843
2023-12-22T00:00:00.000000Z,11.401620864868164,11.725263595581055,11.029582977294922,11.401578903198242,247611905
2023-12-23T00:00:00.000000Z,11.401565551757812,11.415492057800293,11.081181526184082,11.347039222717285,162421922
2023-12-24T00:00:00.000000Z,11.346521377563477,11.725568771362305,11.132851600646973,11.244524955749512,263586565
2023-12-25T00:00:00.000000Z,11.245656967163086,12.048232078552246,11.09560489654541,11.932140350341797,256974307
2023-12-26T00:00:00.000000Z,11.932441711425781,12.509015083312988,11.263978004455566,11.616011619567871,463823803
2023-12-27T00:00:00.000000Z,11.61750602722168,12.082697868347168,11.19084644317627,11.965517044067383,213456250
2023-12-28T00:00:00.000000Z,11.966828346252441,12.214081764221191,11.347682952880859,11.429393768310547,235790476
2023-12-29T00:00:00.000000Z,11.428312301635742,11.524373054504395,10.795180320739746,10.99152660369873,207857738
2023-12-30T00:00:00.000000Z,10.991406440734863,11.016785621643066,10.628419876098633,10.766782760620117,135223165
2023-12-31T00:00:00.000000Z,10.763533592224121,10.961060523986816,10.560581207275391,10.591959953308105,129697557
2024-01-01T00:00:00.000000Z,10.593066215515137,11.197029113769531,10.505120277404785,11.197029113769531,123659503
2024-01-02T00:00:00.000000Z,11.198247909545898,11.418045043945312,10.976151466369629,10.983017921447754,174274563
2024-01-03T00:00:00.000000Z,10.983485221862793,11.369720458984375,9.624232292175293,9.9328498840332031,313754168
2024-01-04T00:00:00.000000Z,9.9335355758666992,10.343886375427246,9.82440185546875,10.264856338500977,223116538
2024-01-05T00:00:00.000000Z,10.265111923217773,10.726692199707031,9.8764562606811523,10.313005447387695,300123864
2024-01-06T00:00:00.000000Z,10.315000534057617,10.384975433349609,9.6256742477416992,9.8309173583984375,197082040
2024-01-07T00:00:00.000000Z,9.831390380859375,9.9083528518676758,9.3454904556274414,9.4085788726806641,148117125
2024-01-08T00:00:00.000000Z,9.4085874557495117,9.9799003601074219,9.0112428665161133,9.9567623138427734,189479646
2024-01-09T00:00:00.000000Z,9.9579572677612305,10.042369842529297,9.4076738357543945,9.6579551696777344,212448624
2024-01-10T00:00:00.000000Z,9.6584920883178711,10.609096527099609,9.3999385833740234,10.380351066589355,212111345
2024-01-11T00:00:00.000000Z,10.381794929504395,10.884231567382812,10.269417762756348,10.670726776123047,237534323
2024-01-12T00:00:00.000000Z,10.668319702148438,10.932052612304688,9.7246646881103516,9.9642190933227539,233148781
2024-01-13T00:00:00.000000Z,9.9629306793212891,10.329754829406738,9.6996946334838867,10.209226608276367,133227135
2024-01-14T00:00:00.000000Z,10.20991325378418,10.560498237609863,9.9738664627075195,9.9859247207641602,154873021
2024-01-15T00:00:00.000000Z,9.9840106964111328,10.312336921691895,9.9836816787719727,10.189069747924805,160265773
2024-01-16T00:00:00.000000Z,10.187007904052734,10.566076278686523,10.083624839782715,10.286282539367676,153227507
2024-01-17T00:00:00.000000Z,10.285895347595215,10.334930419921875,10.05750846862793,10.140357971191406,119823026
2024-01-18T00:00:00.000000Z,10.140104293823242,10.247044563293457,9.5911674499511719,9.6905803680419922,130717125
2024-01-19T00:00:00.000000Z,9.6904792785644531,9.8788022994995117,9.3050851821899414,9.7036237716674805,135734598
2024-01-20T00:00:00.000000Z,9.7040977478027344,9.8415584564208984,9.6138372421264648,9.8322601318359375,79330972
2024-01-21T00:00:00.000000Z,9.8334283828735352,9.9289150238037109,9.6310358047485352,9.6310358047485352,80559785
2024-01-22T00:00:00.000000Z,9.6343116760253906,9.6546926498413086,9.0791749954223633,9.1813907623291016,137526619
2024-01-23T00:00:00.000000Z,9.1809396743774414,9.321904182434082,8.7295770645141602,9.2173032760620117,144903357
2024-01-24T00:00:00.000000Z,9.2174825668334961,9.3581113815307617,9.1492938995361328,9.344944953918457,94485444
2024-01-25T00:00:00.000000Z,9.3445844650268555,9.3456192016601562,9.0635900497436523,9.2243833541870117,85852842
2024-01-26T00:00:00.000000Z,9.2247142791748047,9.7394695281982422,9.1723909378051758,9.6338672637939453,90316709
2024-01-27T00:00:00.000000Z,9.6332607269287109,9.7248926162719727,9.4457550048828125,9.6734027862548828,76745021
2024-01-28T00:00:00.000000Z,9.6733369827270508,9.7575407028198242,9.3586025238037109,9.4231071472167969,96307184
2024-01-29T00:00:00.000000Z,9.4234371185302734,9.689122200012207,9.3910150527954102,9.6610898971557617,95382546
2024-01-30T00:00:00.000000Z,9.661224365234375,9.7175149917602539,9.3317222595214844,9.4124126434326172,108641563
2024-01-31T00:00:00.000000Z,9.4111347198486328,9.4283418655395508,9.0290307998657227,9.1007289886474609,130093033
2024-02-01T00:00:00.000000Z,9.1003637313842773,9.2181615829467773,8.979374885559082,9.1353960037231445,103679411
2024-02-02T00:00:00.000000Z,9.1350574493408203,9.2706365585327148,9.0989904403686523,9.1610832214355469,92495504
2024-02-03T00:00:00.000000Z,9.1615152359008789,9.210209846496582,9.0505189895629883,9.0505189895629883,64676697
2024-02-04T00:00:00.000000Z,9.0503692626953125,9.1043157577514648,8.9567346572875977,8.9621858596801758,63342774
2024-02-05T00:00:00.000000Z,8.961970329284668,9.1637468338012695,8.8602447509765625,9.0457363128662109,77898398
2024-02-06T00:00:00.000000Z,9.0459213256835938,9.2225761413574219,9.0341739654541016,9.1238250732421875,97969079
2024-02-07T00:00:00.000000Z,9.1237726211547852,9.6542301177978516,9.1237726211547852,9.5895557403564453,130997934
2024-02-08T00:00:00.000000Z,9.5895500183105469,9.7269010543823242,9.4650669097900391,9.6379032135009766,132177428
2024-02-09T00:00:00.000000Z,9.6383380889892578,10.186985969543457,9.62255859375,10.019989967346191,172636743
2024-02-10T00:00:00.000000Z,10.020429611206055,10.092373847961426,9.9331760406494141,9.9735908508300781,101536641
2024-02-11T00:00:00.000000Z,9.9735193252563477,10.250879287719727,9.6534366607666016,9.7373476028442383,165853278
2024-02-12T00:00:00.000000Z,9.7383232116699219,10.014410018920898,9.5115203857421875,9.9350271224975586,167491039
2024-02-13T00:00:00.000000Z,9.9338006973266602,10.376452445983887,9.8858938217163086,10.299542427062988,234596480
2024-02-14T00:00:00.000000Z,10.29898738861084,10.407956123352051,10.078784942626953,10.242606163024902,185838725
2024-02-15T00:00:00.000000Z,10.243919372558594,10.429501533508301,10.127116203308105,10.334211349487305,203017909
2024-02-16T00:00:00.000000Z,10.334752082824707,10.469524383544922,10.049156188964844,10.243735313415527,153053032
2024-02-17T00:00:00.000000Z,10.244085311889648,10.332072257995605,9.9087848663330078,10.279833793640137,128581021
2024-02-18T00:00:00.000000Z,10.279776573181152,10.634159088134766,10.214872360229492,10.582174301147461,132598975
2024-02-19T00:00:00.000000Z,10.582217216491699,10.782182693481445,10.486970901489258,10.746743202209473,163175173
2024-02-20T00:00:00.000000Z,10.746689796447754,10.746689796447754,10.055756568908691,10.368412017822266,195067015
2024-02-21T00:00:00.000000Z,10.368490219116211,10.368490219116211,9.761174201965332,9.9824895858764648,178105459
2024-02-22T00:00:00.000000Z,9.9830503463745117,10.033028602600098,9.7225809097290039,9.7803964614868164,162876933
2024-02-23T00:00:00.000000Z,9.7798357009887695,10.039383888244629,9.7100629806518555,9.9685564041137695,161005573
2024-02-24T00:00:00.000000Z,9.9675102233886719,10.567422866821289,9.7862396240234375,10.413625717163086,176170034
2024-02-25T00:00:00.000000Z,10.41419792175293,10.442079544067383,10.226973533630371,10.372125625610352,109577577
2024-02-26T00:00:00.000000Z,10.371762275695801,11.157526969909668,10.28111457824707,11.136367797851562,236640142
2024-02-27T00:00:00.000000Z,11.136881828308105,11.477114677429199,10.88878345489502,11.212991714477539,275564999
2024-02-28T00:00:00.000000Z,11.21208667755127,11.708477973937988,10.866072654724121,11.412552833557129,311562245
2024-02-29T00:00:00.000000Z,11.411860466003418,12.19829273223877,11.035067558288574,11.285693168640137,327586839
2024-03-01T00:00:00.000000Z,11.281978607177734,11.638577461242676,11.232582092285156,11.638577461242676,208847577
2024-03-02T00:00:00.000000Z,11.637954711914062,12.20169734954834,11.637954711914062,12.20169734954834,257444822
2024-03-03T00:00:00.000000Z,12.201996803283691,12.265737533569336,11.518513679504395,12.168292045593262,242319281
2024-03-04T00:00:00.000000Z,12.16937255859375,12.840124130249023,12.119049072265625,12.47743034362793,372241416
2024-03-05T00:00:00.000000Z,12.480542182922363,12.870392799377441,10.994715690612793,12.027961730957031,741440668
2024-03-06T00:00:00.000000Z,12.027883529663086,14.275356292724609,11.557732582092285,14.204862594604492,559733764
2024-03-07T00:00:00.000000Z,14.20475959777832,14.48360538482666,13.561334609985352,13.921241760253906,461282361
2024-03-08T00:00:00.000000Z,13.921113967895508,13.996966361999512,12.956679344177246,13.421887397766113,325471563
2024-03-09T00:00:00.000000Z,13.421887397766113,13.909485816955566,13.343901634216309,13.378081321716309,262391486
2024-03-10T00:00:00.000000Z,13.378218650817871,13.563612937927246,12.897592544555664,13.171441078186035,258314230
2024-03-11T00:00:00.000000Z,13.171305656433105,13.849625587463379,12.792230606079102,13.711904525756836,392814617
2024-03-12T00:00:00.000000Z,13.711904525756836,13.806858062744141,12.837040901184082,13.41441535949707,341212549
2024-03-13T00:00:00.000000Z,13.41441535949707,14.119289398193359,13.291600227355957,14.119289398193359,287600862
2024-03-14T00:00:00.000000Z,14.119917869567871,14.237274169921875,12.999910354614258,13.656614303588867,444037386
2024-03-15T00:00:00.000000Z,13.656904220581055,13.810208320617676,11.963836669921875,12.624008178710938,525887843
2024-03-16T00:00:00.000000Z,12.624008178710938,12.85319709777832,11.66090202331543,11.930627822875977,339308420
2024-03-17T00:00:00.000000Z,11.930627822875977,12.379080772399902,11.550503730773926,12.268336296081543,257982673
2024-03-18T00:00:00.000000Z,12.268336296081543,12.417778968811035,11.555168151855469,11.730895042419434,239920937
2024-03-19T00:00:00.000000Z,11.73111629486084,11.81175708770752,10.663555145263672,10.87870979309082,430033241
2024-03-20T00:00:00.000000Z,10.878979682922363,11.784365653991699,10.717402458190918,11.749960899353027,311596341
2024-03-21T00:00:00.000000Z,11.749961853027344,11.969561576843262,11.524271011352539,11.634140968322754,214774108
2024-03-22T00:00:00.000000Z,11.634305000305176,11.832610130310059,11.114378929138184,11.389864921569824,202778374
2024-03-23T00:00:00.000000Z,11.389864921569824,11.626521110534668,11.264742851257324,11.343890190124512,126935709
2024-03-24T00:00:00.000000Z,11.344022750854492,11.672760009765625,11.290361404418945,11.611393928527832,129333102
2024-03-25T00:00:00.000000Z,11.611163139343262,12.290007591247559,11.546038627624512,12.185325622558594,201101428
2024-03-26T00:00:00.000000Z,12.185325622558594,12.37450122833252,11.951120376586914,12.216667175292969,278934169
2024-03-27T00:00:00.000000Z,12.216580390930176,12.999435424804688,11.850065231323242,12.639973640441895,414903468
2024-03-28T00:00:00.000000Z,12.639979362487793,12.639996528625488,12.198539733886719,12.298832893371582,258895396
2024-03-29T00:00:00.000000Z,12.299233436584473,12.612522125244141,12.075138092041016,12.532543182373047,265540367
2024-03-30T00:00:00.000000Z,12.532543182373047,12.836912155151367,12.235272407531738,12.269065856933594,163542832
2024-03-31T00:00:00.000000Z,12.268798828125,12.398064613342285,12.161225318908691,12.295455932617188,116469305
2024-04-01T00:00:00.000000Z,12.29506778717041,12.377782821655273,11.406913757324219,11.654643058776855,236581300
2024-04-02T00:00:00.000000Z,11.654621124267578,11.655392646789551,10.833768844604492,10.973050117492676,248639565
2024-04-03T00:00:00.000000Z,10.973050117492676,11.233329772949219,10.665046691894531,10.840879440307617,186408393
2024-04-04T00:00:00.000000Z,10.840879440307617,11.270659446716309,10.675078392028809,11.015572547912598,176806839
2024-04-05T00:00:00.000000Z,11.015572547912598,11.049382209777832,10.660545349121094,10.906997680664062,167589952
2024-04-06T00:00:00.000000Z,10.907185554504395,11.175848007202148,10.867070198059082,11.110378265380859,94168950
2024-04-07T00:00:00.000000Z,11.110274314880371,11.233468055725098,10.945846557617188,11.085117340087891,111140100
2024-04-08T00:00:00.000000Z,11.08515453338623,11.399018287658691,10.929208755493164,11.30507755279541,153433046
2024-04-09T00:00:00.000000Z,11.30507755279541,11.318263053894043,10.778273582458496,10.835424423217773,156551037
2024-04-10T00:00:00.000000Z,10.835227012634277,10.870949745178223,10.442922592163086,10.81077766418457,170983793
2024-04-11T00:00:00.000000Z,10.810779571533203,10.941591262817383,10.610739707946777,10.755186080932617,121139518
2024-04-12T00:00:00.000000Z,10.755186080932617,10.889537811279297,8.9292726516723633,9.387263298034668,376276736
2024-04-13T00:00:00.000000Z,9.3872013092041016,9.3872013092041016,7.3079228401184082,8.0920495986938477,685706148
2024-04-14T00:00:00.000000Z,8.0919389724731445,8.5282249450683594,7.7911190986633301,8.3616256713867188,473243279
2024-04-15T00:00:00.000000Z,8.3616256713867188,8.7294082641601562,7.8949151039123535,8.1369237899780273,379163853
2024-04-16T00:00:00.000000Z,8.136927604675293,8.2413139343261719,7.801915168762207,8.1679220199584961,275240355
2024-04-17T00:00:00.000000Z,8.1679515838623047,8.2738790512084961,7.8196578025817871,8.0414810180664062,172115646
2024-04-18T00:00:00.000000Z,8.041499137878418,8.3095598220825195,7.8942461013793945,8.2053241729736328,152048024
2024-04-19T00:00:00.000000Z,8.2052898406982422,8.3619222640991211,7.6414117813110352,8.1624555587768555,204271999
2024-04-20T00:00:00.000000Z,8.1624212265014648,8.6926202774047852,8.1138620376586914,8.6761198043823242,108967599
2024-04-21T00:00:00.000000Z,8.675898551940918,8.8125734329223633,8.5203819274902344,8.7406129837036133,116558341
2024-04-22T00:00:00.000000Z,8.7405481338500977,9.0163707733154297,8.692413330078125,8.9210367202758789,181997473
2024-04-23T00:00:00.000000Z,8.9210367202758789,9.1735467910766602,8.6787214279174805,8.7028217315673828,232553248
2024-04-24T00:00:00.000000Z,8.7027988433837891,8.8720083236694336,8.3267383575439453,8.4027614593505859,171782819
2024-04-25T00:00:00.000000Z,8.4027748107910156,8.4925518035888672,8.2163772583007812,8.3186874389648438,141546785
2024-04-26T00:00:00.000000Z,8.3186874389648438,8.3936929702758789,8.1437807083129883,8.2953987121582031,112498917
2024-04-27T00:00:00.000000Z,8.2953987121582031,8.4612770080566406,8.0648612976074219,8.3899087905883789,112483624
2024-04-28T00:00:00.000000Z,8.3899087905883789,8.5103750228881836,8.174464225769043,8.1998424530029297,84812228
2024-04-29T00:00:00.000000Z,8.2001962661743164,8.2418270111083984,7.9432058334350586,8.1549711227416992,120532079
2024-04-30T00:00:00.000000Z,8.1549758911132812,8.5493240356445312,7.6743330955505371,8.4669408798217773,218090563
2024-05-01T00:00:00.000000Z,8.4669408798217773,8.7797908782958984,8.0778417587280273,8.7426109313964844,374899861
2024-05-02T00:00:00.000000Z,8.7427492141723633,9.0417652130126953,8.5946950912475586,8.6516122817993164,196329194
2024-05-03T00:00:00.000000Z,8.6516122817993164,8.9159536361694336,8.5491886138916016,8.7688236236572266,120970509
2024-05-04T00:00:00.000000Z,8.7687997817993164,8.8364648818969727,8.6735868453979492,8.6947946548461914,89993952
2024-05-05T00:00:00.000000Z,8.6947946548461914,9.4004106521606445,8.6318578720092773,9.3362159729003906,133482282
2024-05-06T00:00:00.000000Z,9.3361883163452148,9.5009841918945312,9.1934022903442383,9.2046804428100586,168616376
2024-05-07T00:00:00.000000Z,9.2046804428100586,9.3850193023681641,8.9400033950805664,8.941096305847168,139384307
2024-05-08T00:00:00.000000Z,8.9411096572875977,9.329472541809082,8.869450569152832,9.0871505737304688,152788942
2024-05-09T00:00:00.000000Z,9.087519645690918,9.2859325408935547,8.8893041610717773,9.1228427886962891,130212129
2024-05-10T00:00:00.000000Z,9.1229248046875,9.1598196029663086,8.6277990341186523,8.6470794677734375,117193071
2024-05-11T00:00:00.000000Z,8.6470823287963867,8.7486190795898438,8.4948406219482422,8.5008001327514648,77526377
2024-05-12T00:00:00.000000Z,8.5007953643798828,8.6572408676147461,8.4743204116821289,8.4793605804443359,60756011
2024-05-13T00:00:00.000000Z,8.4793605804443359,8.6619443893432617,8.2745447158813477,8.3959894180297852,109808176
2024-05-14T00:00:00.000000Z,8.3959894180297852,8.4389247894287109,8.1195268630981445,8.1265106201171875,118087059
2024-05-15T00:00:00.000000Z,8.1265125274658203,8.5283908843994141,8.0002231597900391,8.4473905563354492,157763279
2024-05-16T00:00:00.000000Z,8.4474496841430664,8.5321979522705078,8.2824735641479492,8.53076171875,145072978
2024-05-17T00:00:00.000000Z,8.5307626724243164,8.7669715881347656,8.4597358703613281,8.661224365234375,142835010
2024-05-18T00:00:00.000000Z,8.6612644195556641,8.7268924713134766,8.5716190338134766,8.602482795715332,95091027
2024-05-19T00:00:00.000000Z,8.6024856567382812,8.6058406829833984,8.1791810989379883,8.2089738845825195,86304378
2024-05-20T00:00:00.000000Z,8.2089738845825195,8.9561195373535156,8.129913330078125,8.9221906661987305,187284673
2024-05-21T00:00:00.000000Z,8.9218330383300781,9.0277652740478516,8.72515869140625,8.7824716567993164,194122816
2024-05-22T00:00:00.000000Z,8.782470703125,8.8171443939208984,8.4737081527709961,8.5557231903076172,152582784
2024-05-23T00:00:00.000000Z,8.5557231903076172,8.628016471862793,8.0523223876953125,8.3531942367553711,210770418
2024-05-24T00:00:00.000000Z,8.3531942367553711,8.4756288528442383,8.2142467498779297,8.4534177780151367,115128500
2024-05-25T00:00:00.000000Z,8.4534177780151367,8.5375537872314453,8.4263420104980469,8.4912929534912109,73953516
2024-05-26T00:00:00.000000Z,8.4912967681884766,8.5059938430786133,8.3196859359741211,8.4022092819213867,82368010
2024-05-27T00:00:00.000000Z,8.4022092819213867,8.7133855819702148,8.3944673538208008,8.689178466796875,113124817
2024-05-28T00:00:00.000000Z,8.689178466796875,8.8233222961425781,8.4613971710205078,8.7191648483276367,159284737
2024-05-29T00:00:00.000000Z,8.7191648483276367,8.8887081146240234,8.6216602325439453,8.6263332366943359,156944111
2024-05-30T00:00:00.000000Z,8.6263427734375,8.7088699340820312,8.4035491943359375,8.545689582824707,117538598
2024-05-31T00:00:00.000000Z,8.545689582824707,8.5457315444946289,8.2490301132202148,8.3063459396362305,100282397
2024-06-01T00:00:00.000000Z,8.3063468933105469,8.363032341003418,8.2590761184692383,8.3239755630493164,64074320
2024-06-02T00:00:00.000000Z,8.323974609375,8.3875312805175781,8.1865196228027344,8.2890157699584961,81803797
2024-06-03T00:00:00.000000Z,8.2890157699584961,8.4866800308227539,8.2521371841430664,8.3365764617919922,101227709
2024-06-04T00:00:00.000000Z,8.3365764617919922,8.5399856567382812,8.3014421463012695,8.5351991653442383,95694758
2024-06-05T00:00:00.000000Z,8.5352048873901367,8.7281370162963867,8.5002260208129883,8.6925773620605469,101131154
2024-06-06T00:00:00.000000Z,8.6929349899291992,8.7933950424194336,8.5734701156616211,8.6176986694335938,111718832
2024-06-07T00:00:00.000000Z,8.6176261901855469,8.690089225769043,7.6459498405456543,8.0988588333129883,209205882
2024-06-08T00:00:00.000000Z,8.098444938659668,8.1074819564819336,7.7261152267456055,7.759523868560791,131377792
2024-06-09T00:00:00.000000Z,7.7591290473937988,7.9385471343994141,7.7322511672973633,7.8817939758300781,161954716
2024-06-10T00:00:00.000000Z,7.8817892074584961,7.9214987754821777,7.7324299812316895,7.8533821105957031,168079865
2024-06-11T00:00:00.000000Z,7.8532938957214355,7.8534488677978516,7.4078598022460938,7.5202441215515137,197185255
2024-06-12T00:00:00.000000Z,7.5201888084411621,7.8832240104675293,7.4218478202819824,7.7758240699768066,139553809
2024-06-13T00:00:00.000000Z,7.7758321762084961,7.7892231941223145,7.3804640769958496,7.4353699684143066,120920636
2024-06-14T00:00:00.000000Z,7.4354581832885742,7.4916558265686035,6.983677864074707,7.1134500503540039,141360196
2024-06-15T00:00:00.000000Z,7.1129708290100098,7.2044501304626465,7.098656177520752,7.1426739692687988,79104497
2024-06-16T00:00:00.000000Z,7.1425528526306152,7.2393617630004883,7.0643801689147949,7.2168369293212891,65622396
2024-06-17T00:00:00.000000Z,7.2168178558349609,7.2357950210571289,6.8109951019287109,6.9974417686462402,131202025
2024-06-18T00:00:00.000000Z,6.9974279403686523,7.0113067626953125,6.3173232078552246,6.6985578536987305,237121928
2024-06-19T00:00:00.000000Z,6.6965789794921875,6.9489498138427734,6.6458630561828613,6.8861079216003418,115990687
2024-06-20T00:00:00.000000Z,6.8861079216003418,7.1019368171691895,6.8259429931640625,6.836057186126709,122051264
2024-06-21T00:00:00.000000Z,6.8359670639038086,6.9179039001464844,6.7614340782165527,6.7865538597106934,108532734
2024-06-22T00:00:00.000000Z,6.7859392166137695,6.8019399642944336,6.7164697647094727,6.7410941123962402,67174738
2024-06-23T00:00:00.000000Z,6.7410030364990234,6.831733226776123,6.6526088714599609,6.6938028335571289,77097963
2024-06-24T00:00:00.000000Z,6.6935467720031738,6.8433408737182617,6.4669079780578613,6.8321218490600586,169306862
2024-06-25T00:00:00.000000Z,6.8321747779846191,7.0378928184509277,6.8303871154785156,6.9437899589538574,107417709
2024-06-26T00:00:00.000000Z,6.9438261985778809,6.9747638702392578,6.7473239898681641,6.7891907691955566,93073954
2024-06-27T00:00:00.000000Z,6.7892389297485352,7.095818042755127,6.7239680290222168,6.9518580436706543,102035789
2024-06-28T00:00:00.000000Z,6.9523138999938965,7.0012598037719727,6.7141189575195312,6.7144079208374023,98074911
2024-06-29T00:00:00.000000Z,6.7144951820373535,6.8705010414123535,6.589271068572998,6.5942730903625488,79391806
2024-06-30T00:00:00.000000Z,6.5947117805480957,6.7312760353088379,6.5528130531311035,6.7209830284118652,81249366
2024-07-01T00:00:00.000000Z,6.7209558486938477,6.8388819694519043,6.6882891654968262,6.8095188140869141,91817835
2024-07-02T00:00:00.000000Z,6.8091230392456055,6.9513368606567383,6.7836880683898926,6.7970809936523438,103934727
2024-07-03T00:00:00.000000Z,6.7975821495056152,6.8477277755737305,6.2853789329528809,6.3723740577697754,180687761
2024-07-04T00:00:00.000000Z,6.371912956237793,6.3844342231750488,5.9883270263671875,5.9904780387878418,240807406
2024-07-05T00:00:00.000000Z,5.988865852355957,5.991520881652832,5.1346521377563477,5.7077898979187012,380576698
2024-07-06T00:00:00.000000Z,5.7078499794006348,6.1488761901855469,5.6918787956237793,6.0776858329772949,119977405
2024-07-07T00:00:00.000000Z,6.077606201171875,6.0958142280578613,5.772799015045166,5.7896261215209961,114191354
2024-07-08T00:00:00.000000Z,5.7898049354553223,6.2180881500244141,5.6092147827148438,5.8270387649536133,182248071
2024-07-09T00:00:00.000000Z,5.826167106628418,5.9692850112915039,5.7869939804077148,5.9356579780578613,129225754
2024-07-10T00:00:00.000000Z,5.9360699653625488,6.0741968154907227,5.8542160987854004,6.0352940559387207,92241589
2024-07-11T00:00:00.000000Z,6.0353951454162598,6.1557989120483398,5.9297738075256348,5.9400219917297363,101539755
2024-07-12T00:00:00.000000Z,5.9400320053100586,6.1534171104431152,5.8739299774169922,6.1534171104431152,98869878
2024-07-13T00:00:00.000000Z,6.1531238555908203,6.2644228935241699,6.1281681060791016,6.2113499641418457,72862663
2024-07-14T00:00:00.000000Z,6.2110238075256348,6.2646298408508301,6.1071038246154785,6.226527214050293,79829257
2024-07-15T00:00:00.000000Z,6.2269978523254395,6.5078911781311035,6.225034236907959,6.5078911781311035,113074057
2024-07-16T00:00:00.000000Z,6.5077428817749023,6.6481990814208984,6.2768568992614746,6.613368034362793,152107981
2024-07-17T00:00:00.000000Z,6.6135988235473633,6.7894067764282227,6.4889712333679199,6.4898881912231445,120701838
2024-07-18T00:00:00.000000Z,6.4877610206604004,6.5709447860717773,6.2492117881774902,6.3101930618286133,108407907
2024-07-19T00:00:00.000000Z,6.3104238510131836,6.558201789855957,6.1999168395996094,6.5084857940673828,119529711
2024-07-20T00:00:00.000000Z,6.5084638595581055,6.5868878364562988,6.4449491500854492,6.5279459953308105,83733422
2024-07-21T00:00:00.000000Z,6.527803897857666,6.5455207824707031,6.2476692199707031,6.5409212112426758,106209847
2024-07-22T00:00:00.000000Z,6.5409212112426758,6.5730218887329102,6.248528003692627,6.2690300941467285,236550109
2024-07-23T00:00:00.000000Z,6.2690439224243164,6.3230419158935547,6.0959768295288086,6.1739411354064941,119302241
2024-07-24T00:00:00.000000Z,6.1741070747375488,6.2998619079589844,5.9929008483886719,6.0219078063964844,91172851
2024-07-25T00:00:00.000000Z,6.0219078063964844,6.0400300025939941,5.7068910598754883,5.9219741821289062,131665005
2024-07-26T00:00:00.000000Z,5.9219799041748047,6.1900959014892578,5.9160890579223633,6.1716489791870117,102708689
2024-07-27T00:00:00.000000Z,6.1716489791870117,6.3827757835388184,6.1360349655151367,6.3459029197692871,101951706
2024-07-28T00:00:00.000000Z,6.3459029197692871,6.3918890953063965,6.1937990188598633,6.2211499214172363,82316906
2024-07-29T00:00:00.000000Z,6.2211441993713379,6.3633999824523926,6.1052188873291016,6.1097397804260254,118259324
2024-07-30T00:00:00.000000Z,6.1097397804260254,6.1903982162475586,5.9607582092285156,6.0052590370178223,92279883
2024-07-31T00:00:00.000000Z,6.0052599906921387,6.0775132179260254,5.7893948554992676,5.8092050552368164,89333173
2024-08-01T00:00:00.000000Z,5.8092470169067383,5.8628478050231934,5.5236678123474121,5.7823920249938965,102809823
2024-08-02T00:00:00.000000Z,5.7823920249938965,5.7980279922485352,5.2463569641113281,5.3562431335449219,136877062
2024-08-03T00:00:00.000000Z,5.356266975402832,5.4061012268066406,5.0205788612365723,5.1296348571777344,106859189
2024-08-04T00:00:00.000000Z,5.1296348571777344,5.209251880645752,4.8250260353088379,5.0395770072937012,117810847
2024-08-05T00:00:00.000000Z,5.0395770072937012,5.0874381065368652,4.0892891883850098,4.6524429321289062,284657849
2024-08-06T00:00:00.000000Z,4.6523771286010742,4.9695878028869629,4.6490521430969238,4.8980708122253418,111432807
2024-08-07T00:00:00.000000Z,4.8980708122253418,5.0433049201965332,4.7571530342102051,4.835784912109375,96475096
2024-08-08T00:00:00.000000Z,4.8357901573181152,5.1671319007873535,4.7617330551147461,5.1487250328063965,119822505
2024-08-09T00:00:00.000000Z,5.1487259864807129,5.1520161628723145,4.9475030899047852,5.0891737937927246,85864685
2024-08-10T00:00:00.000000Z,5.0891737937927246,5.2469081878662109,5.0273880958557129,5.2065410614013672,68790572
2024-08-11T00:00:00.000000Z,5.2065677642822266,5.2384200096130371,4.8796510696411133,4.9026169776916504,80465136
2024-08-12T00:00:00.000000Z,4.9026122093200684,5.1472439765930176,4.9012699127197266,5.0730938911437988,97540956
2024-08-13T00:00:00.000000Z,5.0731940269470215,5.0780558586120605,4.9022269248962402,5.0079312324523926,80970853
2024-08-14T00:00:00.000000Z,5.0079312324523926,5.0080881118774414,4.7384848594665527,4.7741260528564453,94328605
2024-08-15T00:00:00.000000Z,4.7741260528564453,4.8069829940795898,4.4864029884338379,4.5154008865356445,122212906
2024-08-16T00:00:00.000000Z,4.515388011932373,4.6082930564880371,4.4477171897888184,4.5611691474914551,88733830
2024-08-17T00:00:00.000000Z,4.5611691474914551,4.6661338806152344,4.5332918167114258,4.6106219291687012,52886160
2024-08-18T00:00:00.000000Z,4.610630989074707,4.7131390571594238,4.5638728141784668,4.5662941932678223,63476499
2024-08-19T00:00:00.000000Z,4.5662941932678223,4.6400818824768066,4.525454044342041,4.6351518630981445,75313707
2024-08-20T00:00:00.000000Z,4.6351780891418457,4.8297901153564453,4.6285138130187988,4.7913360595703125,94017145
2024-08-21T00:00:00.000000Z,4.7913360595703125,4.8193669319152832,4.6335921287536621,4.7488079071044922,94462869
2024-08-22T00:00:00.000000Z,4.7487797737121582,4.7930879592895508,4.6650710105895996,4.6925702095031738,99629182
2024-08-23T00:00:00.000000Z,4.6925702095031738,5.1353597640991211,4.6914920806884766,5.0992012023925781,130892132
2024-08-24T00:00:00.000000Z,5.099236011505127,5.440277099609375,5.0850648880004883,5.3450832366943359,124829352
2024-08-25T00:00:00.000000Z,5.3450832366943359,5.3487939834594727,5.0122518539428711,5.0637178421020508,183403596
2024-08-26T00:00:00.000000Z,5.0637178421020508,5.111443042755127,4.8840079307556152,4.896784782409668,114549137
2024-08-27T00:00:00.000000Z,4.896784782409668,5.0208401679992676,4.5325407981872559,4.5982599258422852,140470456
2024-08-28T00:00:00.000000Z,4.5982599258422852,4.7847790718078613,4.4616928100585938,4.5972929000854492,117065844
2024-08-29T00:00:00.000000Z,4.5972929000854492,4.7352719306945801,4.5378389358520508,4.6063451766967773,71799902
2024-08-30T00:00:00.000000Z,4.6063451766967773,4.661189079284668,4.4623470306396484,4.6446380615234375,80986159
2024-08-31T00:00:00.000000Z,4.6446380615234375,4.6920690536499023,4.5173401832580566,4.5584921836853027,51396620
2024-09-01T00:00:00.000000Z,4.558502197265625,4.5595808029174805,4.2808690071105957,4.3060140609741211,67562260
2024-09-02T00:00:00.000000Z,4.3059968948364258,4.4734787940979004,4.2903599739074707,4.4375371932983398,76465555
2024-09-03T00:00:00.000000Z,4.4375319480895996,4.5039072036743164,4.1082420349121094,4.1082577705383301,93721959
2024-09-04T00:00:00.000000Z,4.108180046081543,4.1341371536254883,3.9455549716949463,4.0704388618469238,130250900
2024-09-05T00:00:00.000000Z,4.0704388618469238,4.0907831192016602,3.8673250675201416,3.9054470062255859,124185933
2024-09-06T00:00:00.000000Z,3.9054470062255859,3.9686329364776611,3.6359450817108154,3.7159900665283203,159826305
2024-09-07T00:00:00.000000Z,3.7159900665283203,3.7767229080200195,3.6419980525970459,3.6660869121551514,110860061
2024-09-08T00:00:00.000000Z,3.6660869121551514,3.8294820785522461,3.6615729331970215,3.8035719394683838,109401445
2024-09-09T00:00:00.000000Z,3.8035719394683838,4.1070919036865234,3.8035719394683838,4.0894379615783691,130438132
2024-09-10T00:00:00.000000Z,4.0894551277160645,4.1696262359619141,4.0404682159423828,4.1339879035949707,94258637
2024-09-11T00:00:00.000000Z,4.1339879035949707,4.2067618370056152,4.0213909149169922,4.1640558242797852,108837082
2024-09-12T00:00:00.000000Z,4.1640558242797852,4.1752219200134277,4.063356876373291,4.1433568000793457,84937872
2024-09-13T00:00:00.000000Z,4.1433568000793457,4.2543001174926758,4.1262168884277344,4.2101030349731445,99608781
2024-09-14T00:00:00.000000Z,4.2101030349731445,4.2472748756408691,4.1532139778137207,4.2398428916931152,64156514
2024-09-15T00:00:00.000000Z,4.2397708892822266,4.2514128684997559,4.0436592102050781,4.0621170997619629,65372336
2024-09-16T00:00:00.000000Z,4.0621170997619629,4.0623888969421387,3.9269330501556396,3.9719901084899902,87801465
2024-09-17T00:00:00.000000Z,3.9719901084899902,4.2366948127746582,3.9433119297027588,4.1895098686218262,97267349
2024-09-18T00:00:00.000000Z,4.1895098686218262,4.3689489364624023,4.1080441474914551,4.3684520721435547,130618309
2024-09-19T00:00:00.000000Z,4.3685240745544434,4.6116371154785156,4.3685240745544434,4.5096888542175293,128233278
2024-09-20T00:00:00.000000Z,4.5096731185913086,4.5866189002990723,4.4419021606445312,4.5254931449890137,125896713
2024-09-21T00:00:00.000000Z,4.5254931449890137,4.7228021621704102,4.4693870544433594,4.7203760147094727,84979357
2024-09-22T00:00:00.000000Z,4.7203760147094727,4.7243337631225586,4.4944300651550293,4.59576416015625,102115863
2024-09-23T00:00:00.000000Z,4.59576416015625,4.7020058631896973,4.5275049209594727,4.581383228302002,126053270
2024-09-24T00:00:00.000000Z,4.581383228302002,4.8427829742431641,4.5013332366943359,4.8212318420410156,134822691
2024-09-25T00:00:00.000000Z,4.8211650848388672,4.9634089469909668,4.7506718635559082,4.7786598205566406,135913582
2024-09-26T00:00:00.000000Z,4.7786598205566406,5.0910458564758301,4.7087807655334473,5.0097417831420898,158425816
2024-09-27T00:00:00.000000Z,5.0097417831420898,5.1840600967407227,5.0050449371337891,5.1430478096008301,127170769
2024-09-28T00:00:00.000000Z,5.1430478096008301,5.1592121124267578,4.9479718208312988,5.0186800956726074,80523594
2024-09-29T00:00:00.000000Z,5.0186800956726074,5.1235389709472656,4.9605560302734375,5.0308470726013184,90730322
2024-09-30T00:00:00.000000Z,5.0308470726013184,5.0524249076843262,4.7022290229797363,4.7284398078918457,123745265
2024-10-01T00:00:00.000000Z,4.7284269332885742,4.8981142044067383,4.279202938079834,4.4468178749084473,169978883
2024-10-02T00:00:00.000000Z,4.4468178749084473,4.5709481239318848,4.3555269241333008,4.4381551742553711,120507057
2024-10-03T00:00:00.000000Z,4.438103199005127,4.4980769157409668,4.2369117736816406,4.3803219795227051,119317976
2024-10-04T00:00:00.000000Z,4.3803219795227051,4.6231498718261719,4.3648982048034668,4.6154341697692871,83549517
2024-10-05T00:00:00.000000Z,4.6154341697692871,4.7108278274536133,4.5687332153320312,4.6311841011047363,56182805
2024-10-06T00:00:00.000000Z,4.6311841011047363,4.6444768905639648,4.5555639266967773,4.6444768905639648,50689617
2024-10-07T00:00:00.000000Z,4.6444768905639648,4.7860441207885742,4.422156810760498,4.4231829643249512,114735647
2024-10-08T00:00:00.000000Z,4.4231829643249512,4.4632887840270996,4.3173689842224121,4.3448481559753418,84600551
2024-10-09T00:00:00.000000Z,4.3448481559753418,4.3835458755493164,4.1754961013793945,4.2288680076599121,81921536
2024-10-10T00:00:00.000000Z,4.2288680076599121,4.281005859375,4.0531420707702637,4.1328201293945312,85890870
2024-10-11T00:00:00.000000Z,4.1328339576721191,4.2953720092773438,4.1119241714477539,4.2753729820251465,70919484
2024-10-12T00:00:00.000000Z,4.2753729820251465,4.3858828544616699,4.2752389907836914,4.3506150245666504,59474502
2024-10-13T00:00:00.000000Z,4.3506150245666504,4.359525203704834,4.2220430374145508,4.3367609977722168,63295658
2024-10-14T00:00:00.000000Z,4.3367609977722168,4.5241451263427734,4.3016180992126465,4.5108728408813477,91242358
2024-10-15T00:00:00.000000Z,4.5108728408813477,4.5742287635803223,4.3829159736633301,4.4812960624694824,121984483
2024-10-16T00:00:00.000000Z,4.4812741279602051,4.5090641975402832,4.396751880645752,4.4400749206542969,85995910
2024-10-17T00:00:00.000000Z,4.4400749206542969,4.4627108573913574,4.2462148666381836,4.2988591194152832,78196776
2024-10-18T00:00:00.000000Z,4.2989788055419922,4.3900928497314453,4.2886161804199219,4.3505191802978516,88195464
2024-10-19T00:00:00.000000Z,4.3505191802978516,4.4853000640869141,4.3505191802978516,4.4664831161499023,64937318
2024-10-20T00:00:00.000000Z,4.4664831161499023,4.6841530799865723,4.3967761993408203,4.6838970184326172,85429886
2024-10-21T00:00:00.000000Z,4.6838970184326172,5.0765237808227539,4.6838970184326172,4.9009900093078613,254884604
2024-10-22T00:00:00.000000Z,4.9009900093078613,4.9569687843322754,4.7046351432800293,4.7836270332336426,121745080
2024-10-23T00:00:00.000000Z,4.7836771011352539,4.8485431671142578,4.5652470588684082,4.621182918548584,113271576
2024-10-24T00:00:00.000000Z,4.6200618743896484,4.8356270790100098,4.5706510543823242,4.8353438377380371,85190808
2024-10-25T00:00:00.000000Z,4.8353438377380371,4.8436088562011719,4.2997550964355469,4.3951520919799805,144145234
2024-10-26T00:00:00.000000Z,4.3951520919799805,4.4996471405029297,4.3067312240600586,4.369682788848877,96615682
2024-10-27T00:00:00.000000Z,4.369682788848877,4.4623332023620605,4.3206610679626465,4.449714183807373,60772730
2024-10-28T00:00:00.000000Z,4.449714183807373,4.4955301284790039,4.2839779853820801,4.4584717750549316,97835604
2024-10-29T00:00:00.000000Z,4.4584751129150391,4.6020717620849609,4.4371790885925293,4.5315628051757812,120968127
2024-10-30T00:00:00.000000Z,4.5315628051757812,4.5319728851318359,4.3821167945861816,4.455388069152832,94878116
2024-10-31T00:00:00.000000Z,4.455388069152832,4.4637107849121094,4.1925640106201172,4.2324671745300293,88089786
2024-11-01T00:00:00.000000Z,4.2324738502502441,4.2923707962036133,4.1182818412780762,4.1709418296813965,85708278
2024-11-02T00:00:00.000000Z,4.1709418296813965,4.2161431312561035,4.0563788414001465,4.0924367904663086,56339650
2024-11-03T00:00:00.000000Z,4.0924367904663086,4.1102118492126465,3.8799560070037842,3.9796009063720703,99464926
2024-11-04T00:00:00.000000Z,3.9796009063720703,4.0124897956848145,3.8408420085906982,3.9115920066833496,82476183
2024-11-05T00:00:00.000000Z,3.9115920066833496,4.2112631797790527,3.9115869998931885,4.2027268409729004,90719322
2024-11-06T00:00:00.000000Z,4.2027587890625,4.5363907814025879,4.2027587890625,4.5172581672668457,160702475
2024-11-07T00:00:00.000000Z,4.5172719955444336,4.6499447822570801,4.4731779098510742,4.5283150672912598,126240032
2024-11-08T00:00:00.000000Z,4.528317928314209,4.7073640823364258,4.4707460403442383,4.7073640823364258,140052648
2024-11-09T00:00:00.000000Z,4.707402229309082,4.8280367851257324,4.6431059837341309,4.7987041473388672,139587490
2024-11-10T00:00:00.000000Z,4.7986950874328613,5.5258049964904785,4.7297968864440918,5.2649269104003906,448646889
2024-11-11T00:00:00.000000Z,5.2649269104003906,5.6703729629516602,5.1804990768432617,5.6660947799682617,331468179
2024-11-12T00:00:00.000000Z,5.6660947799682617,5.8256721496582031,5.1462211608886719,5.3314619064331055,413212883
2024-11-13T00:00:00.000000Z,5.3313069343566895,5.3567261695861816,4.8550910949707031,5.1218180656433105,372844541
2024-11-14T00:00:00.000000Z,5.1218180656433105,5.2954421043395996,4.8910608291625977,4.9514322280883789,227849540
2024-11-15T00:00:00.000000Z,4.9511961936950684,5.2919979095458984,4.8400697708129883,5.2643351554870605,254133292
2024-11-16T00:00:00.000000Z,5.2547798156738281,6.1915688514709473,5.2532291412353516,6.1060471534729004,317540558
2024-11-17T00:00:00.000000Z,6.1060471534729004,6.614408016204834,5.5924739837646484,5.6803021430969238,505771684
2024-11-18T00:00:00.000000Z,5.6801900863647461,6.5738849639892578,5.6795902252197266,6.467130184173584,397194178
2024-11-19T00:00:00.000000Z,6.467130184173584,6.7765312194824219,6.1578459739685059,6.2735252380371094,433065377
2024-11-20T00:00:00.000000Z,6.2735252380371094,6.6330928802490234,6.1027131080627441,6.2052202224731445,306172290
2024-11-21T00:00:00.000000Z,6.2046818733215332,6.4916911125183105,6.0137548446655273,6.426659107208252,346078345
2024-11-22T00:00:00.000000Z,6.4268789291381836,7.5931949615478516,6.3456611633300781,7.527681827545166,677866825
2024-11-23T00:00:00.000000Z,7.527681827545166,8.8180580139160156,7.4752588272094727,8.2224254608154297,933525356
2024-11-24T00:00:00.000000Z,8.222386360168457,9.511998176574707,8.0956878662109375,8.7506933212280273,1207401365
2024-11-25T00:00:00.000000Z,8.7506933212280273,8.8252401351928711,7.7942709922790527,7.9412078857421875,472423321
2024-11-26T00:00:00.000000Z,7.9415950775146484,8.1287250518798828,7.5181498527526855,8.0146751403808594,433937203
2024-11-27T00:00:00.000000Z,8.0145397186279297,8.3790006637573242,7.8175687789916992,8.3347988128662109,342906493
2024-11-28T00:00:00.000000Z,8.3347988128662109,8.3887729644775391,7.913362979888916,8.2369041442871094,265764612
2024-11-29T00:00:00.000000Z,8.2369060516357422,8.7944498062133789,8.0658931732177734,8.7685813903808594,284988663
2024-11-30T00:00:00.000000Z,8.768528938293457,8.845001220703125,8.423213005065918,8.5880203247070312,315960389
2024-12-01T00:00:00.000000Z,8.5879421234130859,9.0203695297241211,8.3236246109008789,8.9189176559448242,350117502
2024-12-02T00:00:00.000000Z,8.9188461303710938,9.5058374404907227,8.3579530715942383,9.5055046081542969,748874829
2024-12-03T00:00:00.000000Z,9.5056028366088867,10.002119064331055,9.0166311264038086,9.6073837280273438,762967079
2024-12-04T00:00:00.000000Z,9.6073837280273438,10.638888359069824,9.4868717193603516,9.9332799911499023,820196534
2024-12-05T00:00:00.000000Z,9.9332799911499023,10.061860084533691,9.4418134689331055,9.6596698760986328,651018327
2024-12-06T00:00:00.000000Z,9.5898895263671875,10.57913875579834,9.5428333282470703,10.420402526855469,540450479
2024-12-07T00:00:00.000000Z,10.420374870300293,10.553523063659668,10.044042587280273,10.202282905578613,328526587
2024-12-08T00:00:00.000000Z,10.235944747924805,10.42185115814209,9.8685035705566406,10.133847236633301,320231283
2024-12-09T00:00:00.000000Z,10.133847236633301,10.133847236633301,7.8219728469848633,8.4271049499511719,603596737
2024-12-10T00:00:00.000000Z,8.4270725250244141,8.5347423553466797,7.2852010726928711,7.944005012512207,670401100
2024-12-11T00:00:00.000000Z,7.9442992210388184,8.9166460037231445,7.6256909370422363,8.8301668167114258,403718853
2024-12-12T00:00:00.000000Z,8.8301668167114258,9.2783260345458984,8.631098747253418,8.9451847076416016,450420916
2024-12-13T00:00:00.000000Z,8.9453115463256836,9.2501535415649414,8.7574357986450195,9.1947574615478516,400946814
2024-12-14T00:00:00.000000Z,9.1950721740722656,9.3374977111816406,8.6680126190185547,8.9663934707641602,299861898
2024-12-15T00:00:00.000000Z,8.9663934707641602,9.2824935913085938,8.6995935440063477,9.0961751937866211,296465422
2024-12-16T00:00:00.000000Z,9.0962982177734375,9.2831192016601562,8.6598978042602539,8.8915300369262695,354965553
2024-12-17T00:00:00.000000Z,8.8915233612060547,8.9573249816894531,8.4101076126098633,8.5251026153564453,301258839
2024-12-18T00:00:00.000000Z,8.5251388549804688,8.6454057693481445,7.6455678939819336,7.6515240669250488,457265605
2024-12-19T00:00:00.000000Z,7.6514129638671875,7.6842632293701172,6.6498317718505859,6.8421530723571777,447151154
2024-12-20T00:00:00.000000Z,6.8414387702941895,7.0677719116210938,5.8589191436767578,6.909794807434082,453125570
2024-12-21T00:00:00.000000Z,6.9097809791564941,7.3328051567077637,6.4482450485229492,6.5168609619140625,277281618
2024-12-22T00:00:00.000000Z,6.5168609619140625,6.72052001953125,6.2638731002807617,6.3987679481506348,207994073
2024-12-23T00:00:00.000000Z,6.3987312316894531,7.0656061172485352,6.2496957778930664,6.9366030693054199,238394193
2024-12-24T00:00:00.000000Z,6.9366030693054199,7.176638126373291,6.7233819961547852,7.0508499145507812,198352302
2024-12-25T00:00:00.000000Z,7.0500888824462891,7.0953760147094727,6.8362259864807129,6.9351677894592285,165206635
2024-12-26T00:00:00.000000Z,6.9348578453063965,6.9920711517333984,6.4331760406494141,6.4814009666442871,166262883
2024-12-27T00:00:00.000000Z,6.4813981056213379,6.7852292060852051,6.4163107872009277,6.448173999786377,150511836
2024-12-28T00:00:00.000000Z,6.4485430717468262,6.6478910446166992,6.3886489868164062,6.602363109588623,119794111
2024-12-29T00:00:00.000000Z,6.602363109588623,6.6426858901977539,6.2363071441650391,6.2895908355712891,119216030
2024-12-30T00:00:00.000000Z,6.2895908355712891,6.5507268905639648,6.1263837814331055,6.3427510261535645,160453095
2024-12-31T00:00:00.000000Z,6.3427510261535645,6.487332820892334,6.1708769798278809,6.1850380897521973,142211452
2025-01-01T00:00:00.000000Z,6.1850547790527344,6.6204590797424316,6.0518150329589844,6.5276069641113281,149462127
2025-01-02T00:00:00.000000Z,6.5279288291931152,6.769230842590332,6.5269970893859863,6.6987671852111816,163471153
2025-01-03T00:00:00.000000Z,6.6988067626953125,7.4535470008850098,6.6746230125427246,7.4036579132080078,227729992
2025-01-04T00:00:00.000000Z,7.4037389755249023,7.4416961669921875,7.2508211135864258,7.2998862266540527,164327922
2025-01-05T00:00:00.000000Z,7.299872875213623,7.3548250198364258,7.1573071479797363,7.3437538146972656,147967141
2025-01-06T00:00:00.000000Z,7.3437252044677734,7.6198768615722656,7.2298030853271484,7.4552040100097656,217570747
2025-01-07T00:00:00.000000Z,7.4552459716796875,7.7383890151977539,6.7806921005249023,6.7807660102844238,311803893
2025-01-08T00:00:00.000000Z,6.7807660102844238,6.8603801727294922,6.196713924407959,6.4675588607788086,235207807
2025-01-09T00:00:00.000000Z,6.4675588607788086,6.5848879814147949,6.258124828338623,6.3892111778259277,189526877
2025-01-10T00:00:00.000000Z,6.389214038848877,6.6677432060241699,6.3817219734191895,6.6480622291564941,185391209
2025-01-11T00:00:00.000000Z,6.6480789184570312,6.7235941886901855,6.5231070518493652,6.6147909164428711,112898950
2025-01-12T00:00:00.000000Z,6.6147899627685547,6.688899040222168,6.3728032112121582,6.4587969779968262,130781500
2025-01-13T00:00:00.000000Z,6.4594130516052246,6.683201789855957,5.9717512130737305,6.2828269004821777,235213901
2025-01-14T00:00:00.000000Z,6.2828269004821777,6.3091650009155273,6.070429801940918,6.2754898071289062,152529013
2025-01-15T00:00:00.000000Z,6.2754878997802734,6.6834230422973633,6.1588048934936523,6.6780838966369629,227439059
2025-01-16T00:00:00.000000Z,6.6780009269714355,6.7792139053344727,6.4620518684387207,6.5878520011901855,178610640
2025-01-17T00:00:00.000000Z,6.5878520011901855,7.152432918548584,6.5871710777282715,7.0627331733703613,223242887
2025-01-18T00:00:00.000000Z,7.0627331733703613,7.1600117683410645,6.4563460350036621,6.5951452255249023,196098920
2025-01-19T00:00:00.000000Z,6.5951452255249023,6.7558960914611816,5.8337488174438477,5.8891940116882324,300582340
2025-01-20T00:00:00.000000Z,5.8888998031616211,6.4782071113586426,5.7181482315063477,6.0693678855895996,366399952
2025-01-21T00:00:00.000000Z,6.0693478584289551,6.3463468551635742,5.8493747711181641,6.2319889068603516,211578665
2025-01-22T00:00:00.000000Z,6.2322521209716797,6.3201661109924316,6.1194758415222168,6.1923918724060059,167870003
2025-01-23T00:00:00.000000Z,6.1922988891601562,6.2101640701293945,5.8658127784729004,6.1186399459838867,215651065
2025-01-24T00:00:00.000000Z,6.1186399459838867,6.4061479568481445,5.9635820388793945,6.2083168029785156,173651792
2025-01-25T00:00:00.000000Z,6.2083640098571777,6.2851719856262207,6.1479091644287109,6.1935548782348633,138825700
2025-01-26T00:00:00.000000Z,6.1935548782348633,6.4063072204589844,6.0939950942993164,6.1051931381225586,166698505
2025-01-27T00:00:00.000000Z,6.1051950454711914,6.1163392066955566,5.5594348907470703,5.9857149124145508,236922211
2025-01-28T00:00:00.000000Z,5.9857301712036133,6.059384822845459,5.6267399787902832,5.6726641654968262,138533809
2025-01-29T00:00:00.000000Z,5.6728692054748535,5.9707999229431152,5.6601471900939941,5.8259668350219727,153843793
2025-01-30T00:00:00.000000Z,5.8260111808776855,6.2642822265625,5.7835698127746582,6.2186660766601562,135663952
2025-01-31T00:00:00.000000Z,6.2186408042907715,6.4099159240722656,6.1228618621826172,6.2363901138305664,141030811
2025-02-01T00:00:00.000000Z,6.2359819412231445,6.4042849540710449,5.8056440353393555,5.8346772193908691,131314076
2025-02-02T00:00:00.000000Z,5.8347268104553223,5.9229907989501953,4.7278108596801758,4.8668808937072754,284963789
2025-02-03T00:00:00.000000Z,4.867088794708252,4.9615941047668457,3.9147329330444336,4.9263191223144531,604515963
2025-02-04T00:00:00.000000Z,4.9263148307800293,4.9705781936645508,4.4164090156555176,4.6947832107543945,241429644
2025-02-05T00:00:00.000000Z,4.6946721076965332,4.8309040069580078,4.6501312255859375,4.6787681579589844,158239771
2025-02-06T00:00:00.000000Z,4.6787681579589844,4.7277212142944336,4.3715081214904785,4.4046359062194824,166694639
2025-02-07T00:00:00.000000Z,4.4046387672424316,4.6693019866943359,4.2662100791931152,4.3688640594482422,194760056
2025-02-08T00:00:00.000000Z,4.3688640594482422,4.588141918182373,4.3317937850952148,4.5731630325317383,96474371
2025-02-09T00:00:00.000000Z,4.5731091499328613,4.7786788940429688,4.4007878303527832,4.577904224395752,134845191
2025-02-10T00:00:00.000000Z,4.577904224395752,4.8357739448547363,4.4469099044799805,4.8133788108825684,133451523
2025-02-11T00:00:00.000000Z,4.8133788108825684,4.9757180213928223,4.6420750617980957,4.7081561088562012,140267166
2025-02-12T00:00:00.000000Z,4.708590030670166,5.0896720886230469,4.5539360046386719,5.0794358253479004,171465018
2025-02-13T00:00:00.000000Z,5.07952880859375,5.142949104309082,4.9408597946166992,4.9910879135131836,135258573
2025-02-14T00:00:00.000000Z,4.9910469055175781,5.0768218040466309,4.8779759407043457,4.9160380363464355,162991745
2025-02-15T00:00:00.000000Z,4.915740966796875,5.0381731986999512,4.7996249198913574,4.8305931091308594,109138861
2025-02-16T00:00:00.000000Z,4.8305478096008301,4.8719758987426758,4.7367868423461914,4.7603878974914551,91246050
2025-02-17T00:00:00.000000Z,4.7606348991394043,4.9346880912780762,4.7252998352050781,4.815004825592041,130355913
2025-02-18T00:00:00.000000Z,4.8148097991943359,4.8858470916748047,4.4568681716918945,4.5648860931396484,127249433
2025-02-19T00:00:00.000000Z,4.5648741722106934,4.6953320503234863,4.5025119781494141,4.6869640350341797,99547123
2025-02-20T00:00:00.000000Z,4.6869640350341797,4.9732489585876465,4.6758427619934082,4.9236221313476562,125249917
2025-02-21T00:00:00.000000Z,4.9236340522766113,5.0758280754089355,4.688601016998291,4.7640190124511719,157141845
2025-02-22T00:00:00.000000Z,4.7638959884643555,5.0130410194396973,4.7573671340942383,4.9644608497619629,126105522
2025-02-23T00:00:00.000000Z,4.9644608497619629,5.0156359672546387,4.8307251930236816,4.8759608268737793,103006436
2025-02-24T00:00:00.000000Z,4.8759479522705078,4.8892240524291992,4.336432933807373,4.3561110496520996,160673369
2025-02-25T00:00:00.000000Z,4.356043815612793,4.5326590538024902,4.1431279182434082,4.4547948837280273,251976489
2025-02-26T00:00:00.000000Z,4.4548630714416504,4.6807007789611816,4.4170870780944824,4.5935420989990234,161643226
2025-02-27T00:00:00.000000Z,4.5935540199279785,4.7726411819458008,4.4832510948181152,4.5636591911315918,120812364
2025-02-28T00:00:00.000000Z,4.5636591911315918,4.6580781936645508,4.2097859382629395,4.6352701187133789,184597304
2025-03-01T00:00:00.000000Z,4.6352682113647461,4.6520318984985352,4.4284381866455078,4.4935240745544434,95475217
2025-03-02T00:00:00.000000Z,4.4932899475097656,4.9154930114746094,4.4154729843139648,4.905646800994873,180830577
2025-03-03T00:00:00.000000Z,4.905642032623291,4.9365568161010742,4.1566810607910156,4.2267289161682129,183283792
2025-03-04T00:00:00.000000Z,4.2267980575561523,4.243156909942627,3.9137759208679199,4.1626510620117188,206639020
2025-03-05T00:00:00.000000Z,4.1625051498413086,4.3472552299499512,4.1096920967102051,4.3320841789245605,121550009
2025-03-06T00:00:00.000000Z,4.3320841789245605,4.430293083190918,4.2410221099853516,4.2623958587646484,107387625
2025-03-07T00:00:00.000000Z,4.2623958587646484,4.4340920448303223,4.087954044342041,4.2576389312744141,153590539
2025-03-08T00:00:00.000000Z,4.2576389312744141,4.2709698677062988,4.081326961517334,4.1081681251525879,83337598
2025-03-09T00:00:00.000000Z,4.1081738471984863,4.1276030540466309,3.7552330493927002,3.8021740913391113,108652366
2025-03-10T00:00:00.000000Z,3.802109956741333,4.0290851593017578,3.5922129154205322,3.5922129154205322,156614958
2025-03-11T00:00:00.000000Z,3.5915460586547852,3.9832348823547363,3.4172201156616211,3.8809390068054199,193531000
2025-03-12T00:00:00.000000Z,3.8808178901672363,3.9602510929107666,3.7595219612121582,3.8926069736480713,119959804
2025-03-13T00:00:00.000000Z,3.8925549983978271,3.9489259719848633,3.7914800643920898,3.9064888954162598,112173874
2025-03-14T00:00:00.000000Z,3.9063920974731445,4.3043599128723145,3.9001340866088867,4.2882800102233887,126207569
2025-03-15T00:00:00.000000Z,4.2881121635437012,4.7123198509216309,4.2376260757446289,4.6513738632202148,177838452
2025-03-16T00:00:00.000000Z,4.6514091491699219,4.717432975769043,4.5140089988708496,4.6261601448059082,153345682
2025-03-17T00:00:00.000000Z,4.6261968612670898,4.728248119354248,4.5404720306396484,4.6323280334472656,161063156
2025-03-18T00:00:00.000000Z,4.6323838233947754,4.8162660598754883,4.540438175201416,4.7261390686035156,215903605
2025-03-19T00:00:00.000000Z,4.7263398170471191,4.7547268867492676,4.5851287841796875,4.7511138916015625,156192436
2025-03-20T00:00:00.000000Z,4.7512698173522949,4.8371171951293945,4.6141138076782227,4.6788268089294434,126616766
2025-03-21T00:00:00.000000Z,4.6787939071655273,4.7145771980285645,4.4789519309997559,4.5915379524230957,110744991
2025-03-22T00:00:00.000000Z,4.5915389060974121,5.0334129333496094,4.5875120162963867,4.8776388168334961,140393468
2025-03-23T00:00:00.000000Z,4.8776388168334961,4.8874697685241699,4.6874289512634277,4.8033661842346191,118401342
2025-03-24T00:00:00.000000Z,4.8033919334411621,4.9908370971679688,4.7616138458251953,4.9519720077514648,144642276
2025-03-25T00:00:00.000000Z,4.9515337944030762,5.0087752342224121,4.8011221885681152,4.8408951759338379,136451149
2025-03-26T00:00:00.000000Z,4.8408951759338379,4.973595142364502,4.7816338539123535,4.8858461380004883,142921373
2025-03-27T00:00:00.000000Z,4.8858461380004883,4.9574418067932129,4.7487702369689941,4.811305046081543,111212755
2025-03-28T00:00:00.000000Z,4.8112878799438477,4.819547176361084,4.5002908706665039,4.5460147857666016,114419026
2025-03-29T00:00:00.000000Z,4.5460429191589355,4.5536332130432129,4.1777291297912598,4.2431511878967285,103584246
2025-03-30T00:00:00.000000Z,4.2431511878967285,4.3889398574829102,4.1940398216247559,4.3139419555664062,87602266
2025-03-31T00:00:00.000000Z,4.3139457702636719,4.4577832221984863,4.1843008995056152,4.3736958503723145,105575455
2025-04-01T00:00:00.000000Z,4.3736958503723145,4.5375580787658691,4.3490700721740723,4.3754868507385254,90410010
2025-04-02T00:00:00.000000Z,4.3754439353942871,4.5792050361633301,4.1499152183532715,4.2222199440002441,137627930
2025-04-03T00:00:00.000000Z,4.2221670150756836,4.7053670883178711,4.209014892578125,4.6426758766174316,161003933
2025-04-04T00:00:00.000000Z,4.6426758766174316,5.0709438323974609,4.6207571029663086,4.9780678749084473,271712582
2025-04-05T00:00:00.000000Z,4.9780678749084473,4.9993820190429688,4.7720670700073242,4.8052978515625,114269386
2025-04-06T00:00:00.000000Z,4.8052830696105957,4.8237228393554688,4.3905200958251953,4.4387397766113281,174667268
2025-04-07T00:00:00.000000Z,4.4389162063598633,4.551112174987793,4.0529508590698242,4.3336868286132812,258429934
2025-04-08T00:00:00.000000Z,4.3340239524841309,4.4195389747619629,4.1167750358581543,4.163844108581543,137013652
2025-04-09T00:00:00.000000Z,4.1637930870056152,4.5727300643920898,4.0256509780883789,4.5335378646850586,183963288
2025-04-10T00:00:00.000000Z,4.5336928367614746,4.5350427627563477,4.2411699295043945,4.3340091705322266,127358977
2025-04-11T00:00:00.000000Z,4.3340091705322266,4.4051599502563477,4.2082757949829102,4.2448821067810059,125740681
2025-04-12T00:00:00.000000Z,4.2448821067810059,4.392920970916748,4.171393871307373,4.3525571823120117,113531959
2025-04-13T00:00:00.000000Z,4.3525571823120117,4.3853302001953125,4.0795049667358398,4.1443147659301758,112603247
2025-04-14T00:00:00.000000Z,4.1443262100219727,4.2649478912353516,4.0691018104553223,4.1282200813293457,134238015
2025-04-15T00:00:00.000000Z,4.1282200813293457,4.1794261932373047,3.9786100387573242,3.979741096496582,88834639
2025-04-16T00:00:00.000000Z,3.9797699451446533,4.0858950614929199,3.944288969039917,4.0203361511230469,95982163
2025-04-17T00:00:00.000000Z,4.0202879905700684,4.1864738464355469,3.9958109855651855,4.110084056854248,100106623
2025-04-18T00:00:00.000000Z,4.110084056854248,4.2194538116455078,4.0765972137451172,4.1248111724853516,69946719
2025-04-19T00:00:00.000000Z,4.1248111724853516,4.244966983795166,4.1228480339050293,4.2131490707397461,72797958
2025-04-20T00:00:00.000000Z,4.2131800651550293,4.2585539817810059,4.107968807220459,4.1540532112121582,70422659
2025-04-21T00:00:00.000000Z,4.1540532112121582,4.289668083190918,4.0503921508789062,4.0639028549194336,106428742
2025-04-22T00:00:00.000000Z,4.0639009475708008,4.3304958343505859,3.992466926574707,4.3103289604187012,143413698
2025-04-23T00:00:00.000000Z,4.3103289604187012,4.4396519660949707,4.2899918556213379,4.4073939323425293,137171356
2025-04-24T00:00:00.000000Z,4.407412052154541,4.605827808380127,4.2917919158935547,4.5510687828063965,132855857
2025-04-25T00:00:00.000000Z,4.5510687828063965,4.6226987838745117,4.4329009056091309,4.5445461273193359,106479634
2025-04-26T00:00:00.000000Z,4.5445890426635742,4.729957103729248,4.5444650650024414,4.5911068916320801,115928389
2025-04-27T00:00:00.000000Z,4.5911068916320801,4.6170029640197754,4.3760251998901367,4.3848810195922852,132058981
2025-04-28T00:00:00.000000Z,4.3849000930786133,4.4942550659179688,4.293391227722168,4.4622259140014648,91688487
2025-04-29T00:00:00.000000Z,4.4622259140014648,4.534721851348877,4.3449392318725586,4.3807821273803711,81775297
2025-04-30T00:00:00.000000Z,4.3807730674743652,4.4251651763916016,4.2394747734069824,4.3002810478210449,82449548
2025-05-01T00:00:00.000000Z,4.3003067970275879,4.479039192199707,4.2987198829650879,4.4285688400268555,70641310
2025-05-02T00:00:00.000000Z,4.4286541938781738,4.5061731338500977,4.3345870971679688,4.3678522109985352,74341439
2025-05-03T00:00:00.000000Z,4.3678498268127441,4.3684420585632324,4.1770148277282715,4.2232861518859863,62986083
2025-05-04T00:00:00.000000Z,4.2232828140258789,4.2415671348571777,4.0737380981445312,4.0951938629150391,75357394
2025-05-05T00:00:00.000000Z,4.0951938629150391,4.1947379112243652,4.0584092140197754,4.0702691078186035,84237374
2025-05-06T00:00:00.000000Z,4.070106029510498,4.118812084197998,3.9963369369506836,4.111198902130127,77232598
2025-05-07T00:00:00.000000Z,4.1111612319946289,4.1859989166259766,4.0893001556396484,4.1680431365966797,112348514
2025-05-08T00:00:00.000000Z,4.1680431365966797,4.572749137878418,4.1619229316711426,4.5343399047851562,109795951
2025-05-09T00:00:00.000000Z,4.5343399047851562,4.9929461479187012,4.5287580490112305,4.935945987701416,190730446
2025-05-10T00:00:00.000000Z,4.935945987701416,5.3803391456604004,4.873222827911377,5.3766441345214844,156349687
2025-05-11T00:00:00.000000Z,5.3765988349914551,5.411837100982666,5.1290240287780762,5.3111701011657715,130593422
2025-05-12T00:00:00.000000Z,5.311378002166748,5.4768338203430176,5.1501588821411133,5.2361550331115723,159243164
2025-05-13T00:00:00.000000Z,5.2361688613891602,5.3581080436706543,5.0072941780090332,5.2824897766113281,132647329
2025-05-14T00:00:00.000000Z,5.2824897766113281,5.3371930122375488,5.0564751625061035,5.0944099426269531,101667319
2025-05-15T00:00:00.000000Z,5.0944099426269531,5.1238551139831543,4.7753639221191406,4.8599891662597656,132569538
2025-05-16T00:00:00.000000Z,4.8599920272827148,4.9775781631469727,4.7905077934265137,4.8113408088684082,89854042
2025-05-17T00:00:00.000000Z,4.8113408088684082,4.8237581253051758,4.6667132377624512,4.7184271812438965,89853136
2025-05-18T00:00:00.000000Z,4.7184271812438965,5.1206340789794922,4.6682820320129395,4.9665398597717285,159869554
2025-05-19T00:00:00.000000Z,4.9657139778137207,4.9947118759155273,4.5940370559692383,4.7839498519897461,119647458
2025-05-20T00:00:00.000000Z,4.7839498519897461,4.8740949630737305,4.6668801307678223,4.8463921546936035,98023611
2025-05-21T00:00:00.000000Z,4.8463921546936035,5.0558018684387207,4.7977762222290039,4.9832592010498047,139656539
2025-05-22T00:00:00.000000Z,4.9832592010498047,5.2249979972839355,4.9791750907897949,5.2146611213684082,143456501
2025-05-23T00:00:00.000000Z,5.2146458625793457,5.3368549346923828,4.7814640998840332,4.790618896484375,177875394
2025-05-24T00:00:00.000000Z,4.7909421920776367,4.8540740013122559,4.6994228363037109,4.7210831642150879,104253721
2025-05-25T00:00:00.000000Z,4.7210831642150879,4.8148069381713867,4.5838689804077148,4.7930622100830078,113831155
2025-05-26T00:00:00.000000Z,4.7929320335388184,4.9454002380371094,4.7534561157226562,4.778651237487793,98426724
2025-05-27T00:00:00.000000Z,4.7786359786987305,4.9532017707824707,4.6901450157165527,4.757533073425293,125746055
2025-05-28T00:00:00.000000Z,4.7573680877685547,4.8488659858703613,4.6485772132873535,4.8353400230407715,110155109
2025-05-29T00:00:00.000000Z,4.8353657722473145,4.9115748405456543,4.6117820739746094,4.6128630638122559,113251383
2025-05-30T00:00:00.000000Z,4.6127581596374512,4.6357879638671875,4.274144172668457,4.2946720123291016,147929726
2025-05-31T00:00:00.000000Z,4.294684886932373,4.3915009498596191,4.2049450874328613,4.3507280349731445,100754379
2025-06-01T00:00:00.000000Z,4.3507280349731445,4.3838300704956055,4.2698168754577637,4.3664350509643555,72267741
2025-06-02T00:00:00.000000Z,4.3664488792419434,4.4888792037963867,4.2646021842956543,4.4708142280578613,86158844
2025-06-03T00:00:00.000000Z,4.4708161354064941,4.5263080596923828,4.3961520195007324,4.4175200462341309,96854954
2025-06-04T00:00:00.000000Z,4.4175000190734863,4.4639902114868164,4.2529268264770508,4.2791018486022949,96386994
2025-06-05T00:00:00.000000Z,4.2791619300842285,4.3453841209411621,4.0439801216125488,4.0922508239746094,124199996
2025-06-06T00:00:00.000000Z,4.09222412109375,4.291384220123291,4.0807838439941406,4.1842670440673828,107482295
2025-06-07T00:00:00.000000Z,4.1842670440673828,4.3302359580993652,4.178898811340332,4.3092670440673828,65239204
2025-06-08T00:00:00.000000Z,4.309330940246582,4.3258481025695801,4.2128682136535645,4.2676520347595215,76613486
2025-06-09T00:00:00.000000Z,4.2676520347595215,4.4414191246032715,4.2154169082641602,4.4358029365539551,95938134
2025-06-10T00:00:00.000000Z,4.4358029365539551,4.6206159591674805,4.384552001953125,4.5972127914428711,139317790
2025-06-11T00:00:00.000000Z,4.5972728729248047,4.6180658340454102,4.4654059410095215,4.5108480453491211,129928568
2025-06-12T00:00:00.000000Z,4.5108480453491211,4.5109782218933105,4.2363967895507812,4.2366700172424316,109264116
2025-06-13T00:00:00.000000Z,4.2366700172424316,4.2366700172424316,4.0219659805297852,4.130983829498291,157168004
2025-06-14T00:00:00.000000Z,4.1309380531311035,4.1595439910888672,4.0288228988647461,4.0914640426635742,74580429
2025-06-15T00:00:00.000000Z,4.0914640426635742,4.1303930282592773,4.0133700370788574,4.0935230255126953,70542032
2025-06-16T00:00:00.000000Z,4.0935230255126953,4.2919168472290039,4.0679497718811035,4.1453189849853516,86996608
2025-06-17T00:00:00.000000Z,4.1451821327209473,4.1924757957458496,3.9805619716644287,4.0285778045654297,103554683
2025-06-18T00:00:00.000000Z,4.0286440849304199,4.0726079940795898,3.9251470565795898,4.0149121284484863,80243370
2025-06-19T00:00:00.000000Z,4.0149121284484863,4.0712199211120605,3.9656069278717041,4.0398669242858887,67624156
2025-06-20T00:00:00.000000Z,4.0398759841918945,4.0808701515197754,3.8396298885345459,3.9298610687255859,86960669
2025-06-21T00:00:00.000000Z,3.9298610687255859,3.9896750450134277,3.732180118560791,3.7814099788665771,80948193
2025-06-22T00:00:00.000000Z,3.7814629077911377,3.8410789966583252,3.5628859996795654,3.716500997543335,151191823
2025-06-23T00:00:00.000000Z,3.7165720462799072,4.0933771133422852,3.7122349739074707,4.080686092376709,102594857
2025-06-24T00:00:00.000000Z,4.080686092376709,4.1362371444702148,3.9986159801483154,4.0736041069030762,110651489
2025-06-25T00:00:00.000000Z,4.0736041069030762,4.0799617767333984,3.9848790168762207,4.0001769065856934,89575183
2025-06-26T00:00:00.000000Z,4.0001769065856934,4.0585579872131348,3.8949730396270752,3.8949730396270752,77343737
2025-06-27T00:00:00.000000Z,3.8949599266052246,3.9426069259643555,3.851902961730957,3.9251980781555176,67298393
2025-06-28T00:00:00.000000Z,3.9251980781555176,4.026939868927002,3.9209370613098145,3.9956660270690918,61967028
2025-06-29T00:00:00.000000Z,3.9956660270690918,4.2274022102355957,3.9666790962219238,4.2064270973205566,73008446
2025-06-30T00:00:00.000000Z,4.2064270973205566,4.228233814239502,4.0679149627685547,4.0946640968322754,78517775
2025-07-01T00:00:00.000000Z,4.0946497917175293,4.1069650650024414,3.9197568893432617,3.9307188987731934,66409979
2025-07-02T00:00:00.000000Z,3.9307188987731934,4.2483940124511719,3.913316011428833,4.1730928421020508,94016581
2025-07-03T00:00:00.000000Z,4.1730508804321289,4.2627019882202148,4.1606459617614746,4.183225154876709,83679399
2025-07-04T00:00:00.000000Z,4.183225154876709,4.1926307678222656,3.9650120735168457,4.0021138191223145,79169667
2025-07-05T00:00:00.000000Z,4.0021138191223145,4.0311250686645508,3.9491329193115234,4.0119428634643555,53824624
2025-07-06T00:00:00.000000Z,4.0119428634643555,4.1318750381469727,3.9835550785064697,4.0797038078308105,61967468
2025-07-07T00:00:00.000000Z,4.0797038078308105,4.1091642379760742,4.0172281265258789,4.0453310012817383,63347576
2025-07-08T00:00:00.000000Z,4.0453457832336426,4.168982982635498,4.0013351440429688,4.1258602142333984,83254548
2025-07-09T00:00:00.000000Z,4.1258602142333984,4.3585081100463867,4.0984921455383301,4.3131570816040039,122176714
2025-07-10T00:00:00.000000Z,4.3131570816040039,4.6190848350524902,4.2921772003173828,4.6160697937011719,130781695
2025-07-11T00:00:00.000000Z,4.6160697937011719,4.7867522239685059,4.5621261596679688,4.646693229675293,211327648
2025-07-12T00:00:00.000000Z,4.646693229675293,4.720458984375,4.5032939910888672,4.5834951400756836,109106344
2025-07-13T00:00:00.000000Z,4.5834951400756836,4.7481179237365723,4.5694341659545898,4.6836662292480469,96603632
2025-07-14T00:00:00.000000Z,4.6836662292480469,4.8491048812866211,4.4987368583679199,4.5545611381530762,149825112
2025-07-15T00:00:00.000000Z,4.5545611381530762,4.7051482200622559,4.4389381408691406,4.6688661575317383,141120048
2025-07-16T00:00:00.000000Z,4.6688661575317383,4.8719258308410645,4.6137709617614746,4.7472381591796875,142840898
2025-07-17T00:00:00.000000Z,4.7472381591796875,4.894838809967041,4.6476302146911621,4.8693060874938965,173210438
2025-07-18T00:00:00.000000Z,4.8702869415283203,5.1513757705688477,4.7999000549316406,4.8550729751586914,219419390
2025-07-19T00:00:00.000000Z,4.855097770690918,5.0417971611022949,4.7670698165893555,5.0185351371765137,125345139
2025-07-20T00:00:00.000000Z,5.0185909271240234,5.2719440460205078,4.9930830001831055,5.1814651489257812,161884683
2025-07-21T00:00:00.000000Z,5.1814651489257812,5.3156509399414062,5.0758090019226074,5.1928730010986328,172102553
2025-07-22T00:00:00.000000Z,5.1928730010986328,5.2047491073608398,4.935582160949707,5.1094632148742676,174539680
2025-07-23T00:00:00.000000Z,5.1094632148742676,5.1279411315917969,4.5755128860473633,4.7021198272705078,201785473
2025-07-24T00:00:00.000000Z,4.7022237777709961,4.7963671684265137,4.484105110168457,4.6248288154602051,157864145
2025-07-25T00:00:00.000000Z,4.6248288154602051,4.7253527641296387,4.5237908363342285,4.7090301513671875,145714785
2025-07-26T00:00:00.000000Z,4.7090301513671875,4.8338751792907715,4.6738600730895996,4.7669711112976074,78084069
2025-07-27T00:00:00.000000Z,4.7669568061828613,4.886469841003418,4.7416291236877441,4.8747968673706055,81698557
2025-07-28T00:00:00.000000Z,4.8747968673706055,4.9417390823364258,4.6194729804992676,4.6253271102905273,145754354
2025-07-29T00:00:00.000000Z,4.6254220008850098,4.7679839134216309,4.526188850402832,4.6125011444091797,147192626
2025-07-30T00:00:00.000000Z,4.6125011444091797,4.6143379211425781,4.2746200561523438,4.4186668395996094,172476409
2025-07-31T00:00:00.000000Z,4.4186520576477051,4.511052131652832,4.196599006652832,4.2130451202392578,142641580
2025-08-01T00:00:00.000000Z,4.2127771377563477,4.2551078796386719,4.0722599029541016,4.1490931510925293,188811166
2025-08-02T00:00:00.000000Z,4.1490931510925293,4.1923542022705078,4.0166349411010742,4.0922732353210449,115574323
2025-08-03T00:00:00.000000Z,4.0922732353210449,4.278101921081543,4.0593948364257812,4.2743010520935059,88880313
2025-08-04T00:00:00.000000Z,4.2743010520935059,4.332909107208252,4.2400221824645996,4.3118829727172852,116244256
2025-08-05T00:00:00.000000Z,4.3118829727172852,4.3139438629150391,4.1472988128662109,4.2267742156982422,126239874
2025-08-06T00:00:00.000000Z,4.2267742156982422,4.3396410942077637,4.1334519386291504,4.3258538246154785,108526771
2025-08-07T00:00:00.000000Z,4.3258538246154785,4.4673948287963867,4.2946372032165527,4.4672088623046875,106481099
2025-08-08T00:00:00.000000Z,4.4671740531921387,4.6544308662414551,4.423771858215332,4.6045980453491211,231520226
2025-08-09T00:00:00.000000Z,4.6045699119567871,4.7849869728088379,4.6043438911437988,4.731931209564209,135611918
2025-08-10T00:00:00.000000Z,4.7317519187927246,4.7955942153930664,4.5887918472290039,4.6639800071716309,115160020
2025-08-11T00:00:00.000000Z,4.6639800071716309,4.7679657936096191,4.4578118324279785,4.4928789138793945,146793567
2025-08-12T00:00:00.000000Z,4.4928789138793945,4.7768001556396484,4.4757990837097168,4.7001681327819824,148180742
2025-08-13T00:00:00.000000Z,4.6999650001525879,4.885404109954834,4.660283088684082,4.8585958480834961,180640427
2025-08-14T00:00:00.000000Z,4.8585867881774902,4.9125652313232422,4.4507789611816406,4.5239529609680176,192215668
2025-08-15T00:00:00.000000Z,4.5239791870117188,4.6276321411132812,4.3409900665283203,4.455841064453125,142522683
2025-08-16T00:00:00.000000Z,4.4558730125427246,4.6015548706054688,4.4532160758972168,4.5721521377563477,88325934
2025-08-17T00:00:00.000000Z,4.5721521377563477,4.7537112236022949,4.5527338981628418,4.6261811256408691,105695341
2025-08-18T00:00:00.000000Z,4.6261720657348633,4.626676082611084,4.390388011932373,4.4652419090270996,129590365
2025-08-19T00:00:00.000000Z,4.4652419090270996,4.5070858001708984,4.2836689949035645,4.2865152359008789,126719051
2025-08-20T00:00:00.000000Z,4.2865800857543945,4.5036602020263672,4.2735857963562012,4.4703412055969238,98449252
2025-08-21T00:00:00.000000Z,4.4704360961914062,4.5106749534606934,4.4045619964599609,4.4247899055480957,114849973
2025-08-22T00:00:00.000000Z,4.4247899055480957,4.8476099967956543,4.3061680793762207,4.8180398941040039,217553063
2025-08-23T00:00:00.000000Z,4.8180689811706543,4.9267168045043945,4.6762142181396484,4.8857669830322266,181415557
2025-08-24T00:00:00.000000Z,4.8857831954956055,4.9606389999389648,4.6546459197998047,4.7855210304260254,164010652
2025-08-25T00:00:00.000000Z,4.7855820655822754,4.8449649810791016,4.4024758338928223,4.4164128303527832,231248070
2025-08-26T00:00:00.000000Z,4.4160609245300293,4.5805668830871582,4.3973832130432129,4.5274109840393066,153385164
2025-08-27T00:00:00.000000Z,4.5273690223693848,4.5922918319702148,4.4804410934448242,4.4910101890563965,100236420
2025-08-28T00:00:00.000000Z,4.4910497665405273,4.7965230941772461,4.4728469848632812,4.7827892303466797,137436574
2025-08-29T00:00:00.000000Z,4.7827701568603516,4.8007688522338867,4.4354920387268066,4.4836602210998535,167863254
2025-08-30T00:00:00.000000Z,4.4836478233337402,4.5567221641540527,4.4316592216491699,4.5039219856262207,85493049
2025-08-31T00:00:00.000000Z,4.5039219856262207,4.610410213470459,4.4650988578796387,4.4662179946899414,83315804
2025-09-01T00:00:00.000000Z,4.4662179946899414,4.5923929214477539,4.3350200653076172,4.3865809440612793,137879531
2025-09-02T00:00:00.000000Z,4.3866219520568848,4.4638419151306152,4.3556709289550781,4.4272570610046387,106715176
2025-09-03T00:00:00.000000Z,4.4272570610046387,4.5623798370361328,4.4085941314697266,4.5210299491882324,104027779
2025-09-04T00:00:00.000000Z,4.5210299491882324,4.5364608764648438,4.345067024230957,4.3950691223144531,109710658
2025-09-05T00:00:00.000000Z,4.3947467803955078,4.550137996673584,4.3693699836730957,4.4398488998413086,137060594
2025-09-06T00:00:00.000000Z,4.4398488998413086,4.4558649063110352,4.3647069931030273,4.4115900993347168,75429744
2025-09-07T00:00:00.000000Z,4.4115900993347168,4.5063090324401855,4.4110097885131836,4.485191822052002,89986416
2025-09-08T00:00:00.000000Z,4.485191822052002,4.590144157409668,4.478416919708252,4.5429840087890625,133069677
2025-09-09T00:00:00.000000Z,4.5429840087890625,4.6624507904052734,4.4979729652404785,4.5886402130126953,137458368
2025-09-10T00:00:00.000000Z,4.5886268615722656,4.7105331420898438,4.5623807907104492,4.6783618927001953,130375070
2025-09-11T00:00:00.000000Z,4.6781091690063477,4.7015690803527832,4.6067690849304199,4.693695068359375,99163531
2025-09-12T00:00:00.000000Z,4.6936178207397461,4.7504048347473145,4.6132349967956543,4.7502331733703613,108902489
2025-09-13T00:00:00.000000Z,4.7502331733703613,4.8850998878479004,4.7436718940734863,4.8262510299682617,155505964
2025-09-14T00:00:00.000000Z,4.8262510299682617,4.828010082244873,4.6210060119628906,4.6425571441650391,106289145
2025-09-15T00:00:00.000000Z,4.6425151824951172,4.6735258102416992,4.4646539688110352,4.5088248252868652,133673847
2025-09-16T00:00:00.000000Z,4.5088639259338379,4.5686807632446289,4.4328618049621582,4.5493130683898926,131727497
2025-09-17T00:00:00.000000Z,4.5493130683898926,4.6379051208496094,4.4610838890075684,4.6105680465698242,119083534
2025-09-18T00:00:00.000000Z,4.6106109619140625,4.7004299163818359,4.5624971389770508,4.6756482124328613,114274621
2025-09-19T00:00:00.000000Z,4.675663948059082,4.7464399337768555,4.4611830711364746,4.4787130355834961,120611791
2025-09-20T00:00:00.000000Z,4.4787430763244629,4.4975128173828125,4.4317989349365234,4.4526791572570801,85739454
2025-09-21T00:00:00.000000Z,4.452733039855957,4.5114068984985352,4.4063491821289062,4.4066128730773926,107232329
2025-09-22T00:00:00.000000Z,4.4066128730773926,4.4181571006774902,4.0899009704589844,4.1616511344909668,176156886
2025-09-23T00:00:00.000000Z,4.1616511344909668,4.2150640487670898,4.1061129570007324,4.132288932800293,94638112
2025-09-24T00:00:00.000000Z,4.1321749687194824,4.2250561714172363,4.0941672325134277,4.1537041664123535,92971005
2025-09-25T00:00:00.000000Z,4.153782844543457,4.1634621620178223,3.9607350826263428,4.0085768699645996,137816784
2025-09-26T00:00:00.000000Z,4.0085768699645996,4.1797990798950195,3.9748179912567139,4.1176209449768066,99813011
2025-09-27T00:00:00.000000Z,4.1176209449768066,4.1586050987243652,4.0633759498596191,4.1156721115112305,82915772
2025-09-28T00:00:00.000000Z,4.1156721115112305,4.1845111846923828,4.0303130149841309,4.1820812225341797,85092879
2025-09-29T00:00:00.000000Z,4.1822018623352051,4.1827597618103027,4.0152349472045898,4.1174430847167969,114188688
2025-09-30T00:00:00.000000Z,4.1173877716064453,4.1175398826599121,3.9851241111755371,4.0977511405944824,111695114
2025-10-01T00:00:00.000000Z,4.0977511405944824,4.2479128837585449,4.0764408111572266,4.1314139366149902,222927790
2025-10-02T00:00:00.000000Z,4.1314401626586914,4.3192048072814941,4.1314401626586914,4.3117790222167969,181344783
2025-10-03T00:00:00.000000Z,4.3118319511413574,4.3496189117431641,4.2090020179748535,4.2819170951843262,133778228
2025-10-04T00:00:00.000000Z,4.2819328308105469,4.2928290367126465,4.0960798263549805,4.136970043182373,109770960
2025-10-05T00:00:00.000000Z,4.1369681358337402,4.2998042106628418,4.1176800727844238,4.1508388519287109,137585190
2025-10-06T00:00:00.000000Z,4.1508388519287109,4.3024401664733887,4.1205611228942871,4.273219108581543,141861154
2025-10-07T00:00:00.000000Z,4.273219108581543,4.2882518768310547,4.0497269630432129,4.0594801902770996,163489011
2025-10-08T00:00:00.000000Z,4.0595231056213379,4.2009258270263672,4.0253448486328125,4.1716961860656738,115795156
2025-10-09T00:00:00.000000Z,4.1717309951782227,4.179750919342041,3.9962680339813232,4.0597929954528809,116540512
2025-10-10T00:00:00.000000Z,4.0598177909851074,4.1853609085083008,2.012315034866333,2.9639010429382324,351220133
2025-10-11T00:00:00.000000Z,2.9639010429382324,3.287816047668457,2.8810040950775146,3.1443049907684326,283407456
2025-10-12T00:00:00.000000Z,3.1441650390625,3.5458769798278809,3.0477299690246582,3.4890151023864746,159628533
2025-10-13T00:00:00.000000Z,3.4890139102935791,3.6615560054779053,3.4575860500335693,3.6451599597930908,150504047
2025-10-14T00:00:00.000000Z,3.6451139450073242,3.6615331172943115,3.3208839893341064,3.4749629497528076,165288552
2025-10-15T00:00:00.000000Z,3.4749789237976074,3.5085299015045166,3.2992548942565918,3.3348789215087891,116716810
2025-10-16T00:00:00.000000Z,3.3348839282989502,3.4173650741577148,3.2063930034637451,3.2518370151519775,123083944
2025-10-17T00:00:00.000000Z,3.2517669200897217,3.2984600067138672,3.0294249057769775,3.153007984161377,125349051
2025-10-18T00:00:00.000000Z,3.152846097946167,3.2338540554046631,3.1476991176605225,3.1843340396881104,68015844
2025-10-19T00:00:00.000000Z,3.1843340396881104,3.2859799861907959,3.1189899444580078,3.2287890911102295,91184771
2025-10-20T00:00:00.000000Z,3.2287890911102295,3.3232018947601318,3.1856350898742676,3.2757399082183838,101745418
2025-10-21T00:00:00.000000Z,3.2756071090698242,3.3703439235687256,3.1741459369659424,3.1895320415496826,121128035
2025-10-22T00:00:00.000000Z,3.1896419525146484,3.2255311012268066,3.0566809177398682,3.1153819561004639,99074448
2025-10-23T00:00:00.000000Z,3.1153500080108643,3.2302589416503906,3.1138019561767578,3.1830968856811523,75528036
2025-10-24T00:00:00.000000Z,3.1830499172210693,3.2212610244750977,3.1317670345306396,3.1852669715881348,94915897
2025-10-25T00:00:00.000000Z,3.1853361129760742,3.1925129890441895,3.1397430896759033,3.1510789394378662,55659302
2025-10-26T00:00:00.000000Z,3.1510789394378662,3.2715630531311035,3.1206800937652588,3.2564010620117188,79946636
2025-10-27T00:00:00.000000Z,3.2565319538116455,3.2754230499267578,3.1650199890136719,3.1790680885314941,83147245
2025-10-28T00:00:00.000000Z,3.1790680885314941,3.2111039161682129,3.0508658885955811,3.1010520458221436,664479996
2025-10-29T00:00:00.000000Z,3.1010189056396484,3.1736040115356445,3.056272029876709,3.0957100391387939,164226354
2025-10-30T00:00:00.000000Z,3.0957250595092773,3.1445639133453369,2.8605120182037354,2.9526040554046631,116982902
2025-10-31T00:00:00.000000Z,2.9526410102844238,3.0281050205230713,2.9400060176849365,2.9612350463867188,94035217
2025-11-01T00:00:00.000000Z,2.9612569808959961,3.0464270114898682,2.9516820907592773,3.029465913772583,68272323
2025-11-02T00:00:00.000000Z,3.029465913772583,3.0730690956115723,2.9569799900054932,3.0717051029205322,80566421
2025-11-03T00:00:00.000000Z,3.071465015411377,3.071465015411377,2.4808259010314941,2.5056149959564209,186867939
2025-11-04T00:00:00.000000Z,2.5055010318756104,2.6356720924377441,2.3582561016082764,2.509350061416626,165807264
2025-11-05T00:00:00.000000Z,2.5093669891357422,2.682420015335083,2.4169681072235107,2.6709830760955811,101804614
2025-11-06T00:00:00.000000Z,2.6709001064300537,2.6745560169219971,2.54292893409729,2.6473579406738281,84983291
2025-11-07T00:00:00.000000Z,2.6472859382629395,3.1554369926452637,2.6470270156860352,3.0407040119171143,183706902
2025-11-08T00:00:00.000000Z,3.0409579277038574,3.1487059593200684,2.897075891494751,2.9529869556427002,118329296
2025-11-09T00:00:00.000000Z,2.9529640674591064,2.9989190101623535,2.8418130874633789,2.970210075378418,121895965
2025-11-10T00:00:00.000000Z,2.970189094543457,3.146406888961792,2.9604349136352539,3.1010820865631104,100869111
2025-11-11T00:00:00.000000Z,3.1011209487915039,3.1489369869232178,2.9419219493865967,2.9426419734954834,93810884
2025-11-12T00:00:00.000000Z,2.9424550533294678,3.1059639453887939,2.866178035736084,2.889254093170166,88312819
2025-11-13T00:00:00.000000Z,2.8892819881439209,3.0067009925842285,2.7768828868865967,2.8751170635223389,97196316
2025-11-14T00:00:00.000000Z,2.8751211166381836,2.9048950672149658,2.7582149505615234,2.8023409843444824,111082945
2025-11-15T00:00:00.000000Z,2.8023059368133545,2.9918711185455322,2.8023059368133545,2.8521649837493896,82313820
2025-11-16T00:00:00.000000Z,2.8521649837493896,2.8740890026092529,2.7059130668640137,2.7674291133880615,77650046
2025-11-17T00:00:00.000000Z,2.7673790454864502,2.8903141021728516,2.6854760646820068,2.7011940479278564,101985937
2025-11-18T00:00:00.000000Z,2.7011940479278564,2.8163390159606934,2.6721088886260986,2.7586851119995117,101507843
2025-11-19T00:00:00.000000Z,2.7586851119995117,2.7802040576934814,2.6228029727935791,2.7251520156860352,77500361
2025-11-20T00:00:00.000000Z,2.7251520156860352,3.1276180744171143,2.7186040878295898,2.7398219108581543,226782071
2025-11-21T00:00:00.000000Z,2.7399559020996094,2.8185369968414307,2.4532020092010498,2.5159239768981934,123707085
2025-11-22T00:00:00.000000Z,2.5159070491790771,2.5240380764007568,2.4404311180114746,2.5098190307617188,65854595
2025-11-23T00:00:00.000000Z,2.5098190307617188,2.5660479068756104,2.4891231060028076,2.4922769069671631,69228259
2025-11-24T00:00:00.000000Z,2.4925220012664795,2.5431709289550781,2.3980679512023926,2.5011200904846191,83107026
2025-11-25T00:00:00.000000Z,2.5011370182037354,2.5296850204467773,2.4166169166564941,2.4659581184387207,60574818
2025-11-26T00:00:00.000000Z,2.4659581184387207,2.5584409236907959,2.4367289543151855,2.5261349678039551,66559573
2025-11-27T00:00:00.000000Z,2.5261349678039551,2.5525140762329102,2.5061900615692139,2.5207629203796387,56935754
2025-11-28T00:00:00.000000Z,2.5207641124725342,2.5335009098052979,2.4326059818267822,2.44063401222229,56804628
2025-11-29T00:00:00.000000Z,2.4406900405883789,2.4550230503082275,2.3976030349731445,2.4281039237976074,44807042
2025-11-30T00:00:00.000000Z,2.4281039237976074,2.4512279033660889,2.3783290386199951,2.3783290386199951,43810168
2025-12-01T00:00:00.000000Z,2.3783290386199951,2.3783290386199951,2.1492180824279785,2.267815113067627,87878505
2025-12-02T00:00:00.000000Z,2.2677030563354492,2.4263489246368408,2.2497920989990234,2.3667800426483154,60328604
2025-12-03T00:00:00.000000Z,2.3666770458221436,2.4107620716094971,2.3194739818572998,2.399583101272583,62353699
2025-12-04T00:00:00.000000Z,2.3994359970092773,2.4004180431365967,2.2888350486755371,2.3134570121765137,50833506
2025-12-05T00:00:00.000000Z,2.3129720687866211,2.3330769538879395,2.1566770076751709,2.1994431018829346,55131126
2025-12-06T00:00:00.000000Z,2.1994390487670898,2.2786839008331299,2.1893229484558105,2.238516092300415,42776982
2025-12-07T00:00:00.000000Z,2.238516092300415,2.2466769218444824,2.1510570049285889,2.1787650585174561,44761793
2025-12-08T00:00:00.000000Z,2.1786980628967285,2.2693240642547607,2.175832986831665,2.2460401058197021,50993284
2025-12-09T00:00:00.000000Z,2.2460401058197021,2.4151821136474609,2.1981830596923828,2.3273689746856689,63912336
2025-12-10T00:00:00.000000Z,2.3274381160736084,2.3695499897003174,2.2488620281219482,2.2723090648651123,75437401
2025-12-11T00:00:00.000000Z,2.2722940444946289,2.2724320888519287,2.1669929027557373,2.185370922088623,65065965
2025-12-12T00:00:00.000000Z,2.1856989860534668,2.2033979892730713,2.0758929252624512,2.1389830112457275,61280362
2025-12-13T00:00:00.000000Z,2.1389830112457275,2.192500114440918,2.1389830112457275,2.1824970245361328,37141720
2025-12-14T00:00:00.000000Z,2.1823759078979492,2.1894309520721436,2.0948019027709961,2.1051011085510254,44197073
2025-12-15T00:00:00.000000Z,2.1051170825958252,2.158473014831543,2.0108840465545654,2.0483360290527344,54418232
2025-12-16T00:00:00.000000Z,2.0483510494232178,2.0662450790405273,1.992887020111084,1.9970380067825317,61530415
2025-12-17T00:00:00.000000Z,1.9969300031661987,2.085792064666748,1.9257320165634155,1.9410250186920166,72078544
2025-12-18T00:00:00.000000Z,1.9410250186920166,1.9692280292510986,1.8354020118713379,1.8522709608078003,82389196
2025-12-19T00:00:00.000000Z,1.8523329496383667,1.9844000339508057,1.8472959995269775,1.9637919664382935,64189537
2025-12-20T00:00:00.000000Z,1.9637919664382935,2.000540018081665,1.9603819847106934,1.9809420108795166,37058005
2025-12-21T00:00:00.000000Z,1.9809579849243164,1.9924960136413574,1.9090440273284912,1.9403760433197021,36630930
2025-12-22T00:00:00.000000Z,1.9403760433197021,1.9963849782943726,1.9304549694061279,1.9484679698944092,46083387
2025-12-23T00:00:00.000000Z,1.9484519958496094,1.9956539869308472,1.9193830490112305,1.9694499969482422,46459258
2025-12-24T00:00:00.000000Z,1.9694499969482422,1.987481951713562,1.9238049983978271,1.9798109531402588,41911747
2025-12-25T00:00:00.000000Z,1.9798109531402588,2.0157580375671387,1.9569180011749268,1.9570859670639038,42012112
2025-12-26T00:00:00.000000Z,1.9569729566574097,2.0551791191101074,1.9520159959793091,2.044856071472168,41798020
2025-12-27T00:00:00.000000Z,2.044856071472168,2.0914170742034912,2.0298581123352051,2.0813779830932617,41377046
2025-12-28T00:00:00.000000Z,2.0813570022583008,2.1075611114501953,2.0563020706176758,2.0731320381164551,38518167
2025-12-29T00:00:00.000000Z,2.0731320381164551,2.0978889465332031,1.9590170383453369,1.9633940458297729,58459287
2025-12-30T00:00:00.000000Z,1.9633940458297729,1.9960360527038574,1.9558440446853638,1.965973973274231,43778428
2025-12-31T00:00:00.000000Z,1.9660929441452026,1.9799449443817139,1.9072999954223633,1.9268950223922729,38446694
2026-01-01T00:00:00.000000Z,1.9268950223922729,2.0700700283050537,1.9177689552307129,2.0657870769500732,47372152
2026-01-02T00:00:00.000000Z,2.0658390522003174,2.1674149036407471,2.0586259365081787,2.1648299694061279,57157692
2026-01-03T00:00:00.000000Z,2.1648299694061279,2.2544050216674805,2.1648299694061279,2.2385549545288086,59957585
2026-01-04T00:00:00.000000Z,2.2385549545288086,2.3415579795837402,2.2330288887023926,2.3375709056854248,67367178
2026-01-05T00:00:00.000000Z,2.3375399112701416,2.3857429027557373,2.2679100036621094,2.3691179752349854,65772289
2026-01-06T00:00:00.000000Z,2.3691179752349854,2.5439839363098145,2.3547029495239258,2.5356979370117188,76154835
2026-01-07T00:00:00.000000Z,2.5354781150817871,2.5355319976806641,2.3942220211029053,2.4318079948425293,72455909
2026-01-08T00:00:00.000000Z,2.4318079948425293,2.4913780689239502,2.3823320865631104,2.4560580253601074,81489716
2026-01-09T00:00:00.000000Z,2.4559009075164795,2.6434390544891357,2.4131588935852051,2.5826780796051025,95999060
2026-01-10T00:00:00.000000Z,2.5828549861907959,2.6669778823852539,2.544929027557373,2.5686109066009521,82556067
2026-01-11T00:00:00.000000Z,2.5685789585113525,2.6357359886169434,2.5577630996704102,2.5693581104278564,57630823
2026-01-12T00:00:00.000000Z,2.5693581104278564,2.6367409229278564,2.4784889221191406,2.4793939590454102,68708939
2026-01-13T00:00:00.000000Z,2.4795680046081543,2.6678299903869629,2.4795680046081543,2.6302809715270996,70350199
2026-01-14T00:00:00.000000Z,2.6303319931030273,2.6918709278106689,2.5754189491271973,2.583575963973999,75438240
2026-01-15T00:00:00.000000Z,2.583575963973999,2.5966989994049072,2.4506089687347412,2.4757330417633057,56809768
2026-01-16T00:00:00.000000Z,2.4757330417633057,2.5051751136779785,2.4305460453033447,2.4922440052032471,52809662
2026-01-17T00:00:00.000000Z,2.4922440052032471,2.5966379642486572,2.4902539253234863,2.5657830238342285,52165784
2026-01-18T00:00:00.000000Z,2.5657830238342285,2.5888009071350098,2.4278380870819092,2.4278380870819092,51007354
2026-01-19T00:00:00.000000Z,2.4277529716491699,2.4800639152526855,2.3095929622650146,2.4545669555664062,80098190
2026-01-20T00:00:00.000000Z,2.4545669555664062,2.5370070934295654,2.2888588905334473,2.2925779819488525,76354439
2026-01-21T00:00:00.000000Z,2.2926480770111084,2.4469990730285645,2.2922399044036865,2.3788468837738037,95710067
2026-01-22T00:00:00.000000Z,2.3789219856262207,2.4344010353088379,2.3274359703063965,2.3303210735321045,47158280
2026-01-23T00:00:00.000000Z,2.330435037612915,2.4095139503479004,2.3290450572967529,2.3646700382232666,48340664
2026-01-24T00:00:00.000000Z,2.3643779754638672,2.3789799213409424,2.2933089733123779,2.3299379348754883,38730531
2026-01-25T00:00:00.000000Z,2.3299698829650879,2.3314459323883057,2.2028539180755615,2.2353320121765137,48740673
2026-01-26T00:00:00.000000Z,2.2353320121765137,2.3084819316864014,2.2106039524078369,2.2173581123352051,55820628
2026-01-27T00:00:00.000000Z,2.2173581123352051,2.2632100582122803,2.1890659332275391,2.2423639297485352,50394072
2026-01-28T00:00:00.000000Z,2.2424170970916748,2.2963418960571289,2.2189009189605713,2.2348999977111816,58133071
2026-01-29T00:00:00.000000Z,2.2349569797515869,2.2359309196472168,2.0803499221801758,2.125230073928833,55563734
2026-01-30T00:00:00.000000Z,2.125230073928833,2.129486083984375,2.0587389469146729,2.1051409244537354,52477032
2026-01-31T00:00:00.000000Z,2.1051719188690186,2.1076550483703613,1.874142050743103,1.9685790538787842,72154191
2026-02-01T00:00:00.000000Z,1.9685790538787842,1.9875279664993286,1.8847249746322632,1.9125339984893799,52370900
2026-02-02T00:00:00.000000Z,1.912505030632019,2.0029499530792236,1.8678669929504395,1.9793150424957275,55161393
2026-02-03T00:00:00.000000Z,1.9793150424957275,2.0438458919525146,1.8896809816360474,2.0276229381561279,65595130
2026-02-04T00:00:00.000000Z,2.0277509689331055,2.0976219177246094,1.9773850440979004,1.9927190542221069,86561234
2026-02-05T00:00:00.000000Z,1.9926810264587402,2.0450959205627441,1.7849580049514771,1.8142050504684448,128627591
2026-02-06T00:00:00.000000Z,1.8141870498657227,2.009882926940918,1.6897660493850708,1.9850809574127197,103261785
2026-02-07T00:00:00.000000Z,1.9850809574127197,2.0330688953399658,1.9303410053253174,1.9897580146789551,67413005
2026-02-08T00:00:00.000000Z,1.9897580146789551,1.9947210550308228,1.9381070137023926,1.9501849412918091,46673400
2026-02-09T00:00:00.000000Z,1.9501310586929321,1.9792360067367554,1.9039759635925293,1.9603010416030884,53069912
2026-02-10T00:00:00.000000Z,1.9603010416030884,1.9708490371704102,1.8962910175323486,1.9211570024490356,46903212
2026-02-11T00:00:00.000000Z,1.9211570024490356,1.9975390434265137,1.8770359754562378,1.938897967338562,63361548
2026-02-12T00:00:00.000000Z,1.9388829469680786,2.0122909545898438,1.9338409900665283,1.9663289785385132,54412245
2026-02-13T00:00:00.000000Z,1.9663289785385132,2.1229820251464844,1.9532179832458496,2.1192359924316406,53376302
2026-02-14T00:00:00.000000Z,2.1192359924316406,2.2164709568023682,2.1099820137023926,2.1818358898162842,43509908
2026-02-15T00:00:00.000000Z,2.18178391456604,2.2200660705566406,2.0993549823760986,2.1377570629119873,52875398
2026-02-16T00:00:00.000000Z,2.1377890110015869,2.3156609535217285,2.113861083984375,2.2914829254150391,83831027
2026-02-17T00:00:00.000000Z,2.2914829254150391,2.3163399696350098,2.2238459587097168,2.2384259700775146,70943505
2026-02-18T00:00:00.000000Z,2.2384259700775146,2.5006470680236816,2.2160871028900146,2.340472936630249,115313096
2026-02-19T00:00:00.000000Z,2.3405539989471436,2.3602869510650635,2.2698988914489746,2.2878620624542236,65095860
2026-02-20T00:00:00.000000Z,2.287830114364624,2.3854188919067383,2.2598481178283691,2.357633113861084,64176193
2026-02-21T00:00:00.000000Z,2.357637882232666,2.4075319766998291,2.3109951019287109,2.3123719692230225,47578025
2026-02-22T00:00:00.000000Z,2.3123281002044678,2.3157169818878174,2.2357449531555176,2.250324010848999,43272475
2026-02-23T00:00:00.000000Z,2.2502610683441162,2.2522621154785156,2.1135029792785645,2.1176989078521729,64843202
2026-02-24T00:00:00.000000Z,2.1176900863647461,2.1434381008148193,1.9828959703445435,1.9947589635848999,54928542
2026-02-25T00:00:00.000000Z,1.9947589635848999,2.1148130893707275,1.9336379766464233,1.9384599924087524,106221167
2026-02-26T00:00:00.000000Z,1.9383529424667358,1.9794199466705322,1.8313150405883789,1.8797839879989624,109344524
2026-02-27T00:00:00.000000Z,1.8797839879989624,1.9355570077896118,1.8329119682312012,1.8506590127944946,71268512
2026-02-28T00:00:00.000000Z,1.8506870269775391,1.8581060171127319,1.7719039916992188,1.8495960235595703,63318214
2026-03-01T00:00:00.000000Z,1.8495960235595703,1.8769350051879883,1.7656480073928833,1.7998579740524292,54116848
2026-03-02T00:00:00.000000Z,1.7998579740524292,1.8783680200576782,1.7917250394821167,1.8439979553222656,60788595
2026-03-03T00:00:00.000000Z,1.8440010547637939,1.8523190021514893,1.7730189561843872,1.8141059875488281,62536095
2026-03-04T00:00:00.000000Z,1.8141059875488281,1.9239369630813599,1.8097749948501587,1.8800729513168335,63108072
2026-03-05T00:00:00.000000Z,1.8800729513168335,1.8904409408569336,1.8277469873428345,1.838750958442688,47709732
2026-03-06T00:00:00.000000Z,1.8387769460678101,1.8528300523757935,1.7739319801330566,1.8082849979400635,45351361
2026-03-07T00:00:00.000000Z,1.8082849979400635,1.8297630548477173,1.7824200391769409,1.7837209701538086,38646671
2026-03-08T00:00:00.000000Z,1.7836940288543701,1.7855290174484253,1.7235009670257568,1.7367229461669922,42790595
2026-03-09T00:00:00.000000Z,1.7367559671401978,1.7736469507217407,1.7075760364532471,1.7416809797286987,47757847
2026-03-10T00:00:00.000000Z,1.7417579889297485,1.83986496925354,1.7417490482330322,1.7880400419235229,50462962
2026-03-11T00:00:00.000000Z,1.7880400419235229,1.8505790233612061,1.7870769500732422,1.8396899700164795,43951722
2026-03-12T00:00:00.000000Z,1.8396899700164795,1.8436410427093506,1.8096840381622314,1.8369319438934326,41801294
2026-03-13T00:00:00.000000Z,1.8369040489196777,1.8954329490661621,1.8344730138778687,1.8593790531158447,49389394
2026-03-14T00:00:00.000000Z,1.8593790531158447,1.8885020017623901,1.8521699905395508,1.8706669807434082,38521307
2026-03-15T00:00:00.000000Z,1.8706239461898804,1.8717529773712158,1.843080997467041,1.8598949909210205,35718558
2026-03-16T00:00:00.000000Z,1.8599580526351929,2.0034399032592773,1.8584990501403809,1.9764560461044312,61193113
2026-03-17T00:00:00.000000Z,1.9764560461044312,1.981963038444519,1.9276230335235596,1.9603140354156494,46940612
2026-03-18T00:00:00.000000Z,1.9602949619293213,2.0317530632019043,1.8719240427017212,1.9064630270004272,59870288
2026-03-19T00:00:00.000000Z,1.9064630270004272,1.9241609573364258,1.8018100261688232,1.8123600482940674,50856342
2026-03-20T00:00:00.000000Z,1.8123600482940674,1.8380930423736572,1.7874200344085693,1.8322639465332031,52710954
2026-03-21T00:00:00.000000Z,1.8322639465332031,1.8577020168304443,1.7945539951324463,1.7945539951324463,34356947
2026-03-22T00:00:00.000000Z,1.7940850257873535,1.8040659427642822,1.7562819719314575,1.768170952796936,39332448
2026-03-23T00:00:00.000000Z,1.768170952796936,1.8398909568786621,1.7539210319519043,1.7842960357666016,57476382
2026-03-24T00:00:00.000000Z,1.7842960357666016,1.7939469814300537,1.7632009983062744,1.7855279445648193,46845937
2026-03-25T00:00:00.000000Z,1.7855279445648193,1.8035429716110229,1.7594139575958252,1.765099048614502,59383677
2026-03-26T00:00:00.000000Z,1.765099048614502,1.7651079893112183,1.675570011138916,1.6972490549087524,52730675
2026-03-27T00:00:00.000000Z,1.6972490549087524,1.7280759811401367,1.6620750427246094,1.6732120513916016,47269282
2026-03-28T00:00:00.000000Z,1.6732120513916016,1.6993290185928345,1.6593970060348511,1.6657329797744751,40547622
2026-03-29T00:00:00.000000Z,1.6656010150909424,1.6680020093917847,1.6141690015792847,1.6427210569381714,42402095
2026-03-30T00:00:00.000000Z,1.6427210569381714,1.6960560083389282,1.6422970294952393,1.6657530069351196,46023097
2026-03-31T00:00:00.000000Z,1.6657530069351196,1.709926962852478,1.6646740436553955,1.7043730020523071,51662883
2026-04-01T00:00:00.000000Z,1.7043730020523071,1.7385239601135254,1.673598051071167,1.6756709814071655,53595500
2026-04-02T00:00:00.000000Z,1.6756709814071655,1.6880370378494263,1.6158380508422852,1.6653909683227539,48695806
2026-04-03T00:00:00.000000Z,1.6653909683227539,1.7259210348129272,1.6653809547424316,1.6882230043411255,42162131
2026-04-04T00:00:00.000000Z,1.6882230043411255,1.7181060314178467,1.6825059652328491,1.7131079435348511,46285573
2026-04-05T00:00:00.000000Z,1.7131079435348511,1.7212610244750977,1.6661700010299683,1.694720983505249,50557843
2026-04-06T00:00:00.000000Z,1.694720983505249,1.7543050050735474,1.6921520233154297,1.7026610374450684,65870144
2026-04-07T00:00:00.000000Z,1.7026610374450684,1.8052710294723511,1.6763139963150024,1.8051860332489014,69996454
2026-04-08T00:00:00.000000Z,1.8053090572357178,1.8059459924697876,1.753180980682373,1.779778003692627,66515500
2026-04-09T00:00:00.000000Z,1.7797770500183105,1.8246150016784668,1.7631740570068359,1.8001580238342285,66723936
2026-04-10T00:00:00.000000Z,1.8001580238342285,1.8443540334701538,1.7938929796218872,1.8069759607315063,62064925
2026-04-11T00:00:00.000000Z,1.8070169687271118,1.8074300289154053,1.7672619819641113,1.7784509658813477,51405191
2026-04-12T00:00:00.000000Z,1.7784509658813477,1.7860480546951294,1.7216939926147461,1.7252620458602905,50247747
2026-04-13T00:00:00.000000Z,1.7252620458602905,1.7856509685516357,1.7102580070495605,1.7798800468444824,62927972
2026-04-14T00:00:00.000000Z,1.7798130512237549,1.7822630405426025,1.7399879693984985,1.7450309991836548,60343605
2026-04-15T00:00:00.000000Z,1.7450309991836548,1.7753399610519409,1.7320170402526855,1.7650070190429688,58021210
2026-04-16T00:00:00.000000Z,1.7650959491729736,1.8227299451828003,1.7587389945983887,1.8093559741973877,69889845
2026-04-17T00:00:00.000000Z,1.8093559741973877,1.8649230003356934,1.787263035774231,1.8351000547409058,68136178
2026-04-18T00:00:00.000000Z,1.8351000547409058,1.8494009971618652,1.7771250009536743,1.7852859497070312,53887943
2026-04-19T00:00:00.000000Z,1.7852859497070312,1.7983599901199341,1.7565740346908569,1.7581230401992798,55555321
2026-04-20T00:00:00.000000Z,1.7581230401992798,1.8161729574203491,1.7580260038375854,1.7994630336761475,54879162
2026-04-21T00:00:00.000000Z,1.7994140386581421,1.8441610336303711,1.7851150035858154,1.8441610336303711,59730076
2026-04-22T00:00:00.000000Z,1.8441610336303711,1.9159669876098633,1.8441439867019653,1.8688269853591919,60877071
2026-04-23T00:00:00.000000Z,1.8688280582427979,1.9140080213546753,1.8384809494018555,1.9137229919433594,51555579
2026-04-24T00:00:00.000000Z,1.9136910438537598,1.9969480037689209,1.9126789569854736,1.9886349439620972,59429150
2026-04-25T00:00:00.000000Z,1.9887449741363525,2.0542581081390381,1.9886670112609863,2.0316040515899658,57088080
2026-04-26T00:00:00.000000Z,2.031588077545166,2.0339810848236084,2.0014889240264893,2.0032889842987061,46874264
2026-04-27T00:00:00.000000Z,2.0032889842987061,2.0205070972442627,1.9467220306396484,1.9879699945449829,52823019
2026-04-28T00:00:00.000000Z,1.9879029989242554,1.9881809949874878,1.9353690147399902,1.9538489580154419,53728768
2026-04-29T00:00:00.000000Z,1.9538309574127197,1.9876639842987061,1.9001970291137695,1.9271670579910278,47306903
2026-04-30T00:00:00.000000Z,1.9271670579910278,1.9377330541610718,1.8773720264434814,1.8882449865341187,57736567
2026-05-01T00:00:00.000000Z,1.8880189657211304,1.9152480363845825,1.8733550310134888,1.8963140249252319,51273554
2026-05-02T00:00:00.000000Z,1.8963140249252319,1.9046859741210938,1.8666770458221436,1.8833489418029785,46967004
2026-05-03T00:00:00.000000Z,1.8833489418029785,1.8946839570999146,1.8570840358734131,1.8753989934921265,51599541
2026-05-04T00:00:00.000000Z,1.8753989934921265,1.9208559989929199,1.8625830411911011,1.8892649412155151,59968757
2026-05-05T00:00:00.000000Z,1.8892649412155151,1.9211759567260742,1.8431450128555298,1.8840429782867432,63324173
2026-05-06T00:00:00.000000Z,1.8838800191879272,1.9720300436019897,1.880761981010437,1.9008699655532837,71846972
2026-05-07T00:00:00.000000Z,1.9009100198745728,1.9449360370635986,1.8740730285644531,1.8848429918289185,61501136
2026-05-08T00:00:00.000000Z,1.8848429918289185,1.9570080041885376,1.856003999710083,1.949504017829895,50795408
2026-05-09T00:00:00.000000Z,1.949504017829895,1.9901009798049927,1.9317970275878906,1.9358940124511719,38199796
2026-05-10T00:00:00.000000Z,1.9358940124511719,2.0473771095275879,1.8992300033569336,2.0148639678955078,64821417
2026-05-11T00:00:00.000000Z,2.0148639678955078,2.1019799709320068,1.9775739908218384,2.0437920093536377,88952334
2026-05-12T00:00:00.000000Z,2.0437920093536377,2.1778700351715088,1.9832999706268311,2.1045041084289551,101579417
2026-05-13T00:00:00.000000Z,2.1045780181884766,2.2269330024719238,2.0332651138305664,2.0411150455474854,111437121
2026-05-14T00:00:00.000000Z,2.0411410331726074,2.0684089660644531,2.0001881122589111,2.045644998550415,54130298
2026-05-15T00:00:00.000000Z,2.0457139015197754,2.0511260032653809,1.9253150224685669,1.9279919862747192,48336617
2026-05-16T00:00:00.000000Z,1.9279919862747192,2.0533280372619629,1.9113730192184448,2.0427639484405518,69529318
2026-05-17T00:00:00.000000Z,2.0427000522613525,2.1251308917999268,2.0089609622955322,2.0288200378417969,78701281
2026-05-18T00:00:00.000000Z,2.0287981033325195,2.0785729885101318,1.9912040233612061,2.072350025177002,62870786
2026-05-19T00:00:00.000000Z,2.0727429389953613,2.0885579586029053,2.0177841186523438,2.0407819747924805,51409157
2026-05-20T00:00:00.000000Z,2.0407819747924805,2.0407819747924805,1.9803630113601685,1.9892009496688843,39179057
2026-05-21T00:00:00.000000Z,1.9892009496688843,2.0793490409851074,1.9891940355300903,2.0498080253601074,44975284
2026-05-22T00:00:00.000000Z,2.0498080253601074,2.1836020946502686,2.0389420986175537,2.0707190036773682,65269480
2026-05-23T00:00:00.000000Z,2.0707190036773682,2.1430239677429199,2.011260986328125,2.1066908836364746,44136603
2026-05-24T00:00:00.000000Z,2.1067829132080078,2.1253530979156494,2.0028181076049805,2.0485620498657227,35160726
2026-05-25T00:00:00.000000Z,2.0485661029815674,2.1825199127197266,2.0483698844909668,2.1355950832366943,51132146
2026-05-26T00:00:00.000000Z,2.1355950832366943,2.2882289886474609,2.1217279434204102,2.2093729972839355,84822387
2026-05-27T00:00:00.000000Z,2.2093880176544189,2.2575778961181641,2.1139938831329346,2.1282930374145508,59613516
2026-05-28T00:00:00.000000Z,2.1283359527587891,2.1322460174560547,2.0069200992584229,2.061837911605835,51257911
2026-05-29T00:00:00.000000Z,2.061837911605835,2.1005740165710449,1.9778779745101929,2.0133860111236572,47347047
2026-05-30T00:00:00.000000Z,2.0133368968963623,2.0651719570159912,2.0080399513244629,2.0123629570007324,31790501
2026-05-31T00:00:00.000000Z,2.0123798847198486,2.0190939903259277,1.921815037727356,1.9520699977874756,49028347
2026-06-01T00:00:00.000000Z,1.9520870447158813,1.9733580350875854,1.8901510238647461,1.9017820358276367,40403376
2026-06-02T00:00:00.000000Z,1.9017820358276367,1.9045159816741943,1.7900569438934326,1.8190330266952515,47114647
2026-06-03T00:00:00.000000Z,1.8190499544143677,1.9156249761581421,1.8131660223007202,1.854498028755188,46009741
2026-06-04T00:00:00.000000Z,1.8545390367507935,1.863523006439209,1.7341500520706177,1.8045179843902588,48734880
2026-06-05T00:00:00.000000Z,1.8046009540557861,1.8095649480819702,1.6039750576019287,1.6496820449829102,51042954
2026-06-06T00:00:00.000000Z,1.6497000455856323,1.6778960227966309,1.566769003868103,1.6293540000915527,29875864
2026-06-07T00:00:00.000000Z,1.6293540000915527,1.7298920154571533,1.6249779462814331,1.7118270397186279,32128127
2026-06-08T00:00:00.000000Z,1.7118370532989502,1.8038439750671387,1.700395941734314,1.764024019241333,29393983
2026-06-09T00:00:00.000000Z,1.7639980316162109,1.7957960367202759,1.7258869409561157,1.7755939960479736,34807869
2026-06-10T00:00:00.000000Z,1.7755939960479736,1.8522950410842896,1.739935040473938,1.7611409425735474,42448242
2026-06-11T00:00:00.000000Z,1.7612969875335693,2.0286369323730469,1.7612869739532471,2.0228419303894043,86688855
2026-06-12T00:00:00.000000Z,2.0228269100189209,2.0297970771789551,1.9365259408950806,1.9780960083007812,42275827
2026-06-13T00:00:00.000000Z,1.9781140089035034,2.0178110599517822,1.942173957824707,1.9496910572052002,30370625
2026-06-14T00:00:00.000000Z,1.9496910572052002,2.0089349746704102,1.924286961555481,2.004925012588501,37954569
2026-06-15T00:00:00.000000Z,2.0049240589141846,2.0191140174865723,1.9487340450286865,1.9656100273132324,39971279
2026-06-16T00:00:00.000000Z,1.9655940532684326,2.0110249519348145,1.939268946647644,1.9887930154800415,32794083
2026-06-17T00:00:00.000000Z,1.9887930154800415,2.0186879634857178,1.8800560235977173,1.8991849422454834,39869138
2026-06-18T00:00:00.000000Z,1.8992249965667725,1.9035329818725586,1.7787480354309082,1.8082220554351807,40921278
2026-06-19T00:00:00.000000Z,1.8082220554351807,1.8468919992446899,1.7944999933242798,1.8071459531784058,23719628
2026-06-20T00:00:00.000000Z,1.8071459531784058,1.8139760494232178,1.7612179517745972,1.8011399507522583,22384476
2026-06-21T00:00:00.000000Z,1.8011579513549805,1.8065869808197021,1.7514330148696899,1.7540949583053589,19681282
2026-06-22T00:00:00.000000Z,1.7541129589080811,1.8324179649353027,1.7540940046310425,1.7948579788208008,29006597
2026-06-23T00:00:00.000000Z,1.7948579788208008,1.8024920225143433,1.7140209674835205,1.7171590328216553,32405607
2026-06-24T00:00:00.000000Z,1.7171260118484497,1.7307180166244507,1.60406494140625,1.6486049890518188,46277055
2026-06-25T00:00:00.000000Z,1.6486049890518188,1.6739829778671265,1.5544339418411255,1.6086330413818359,38275289
2026-06-26T00:00:00.000000Z,1.6086330413818359,1.6431829929351807,1.5759049654006958,1.5954320430755615,36105429
2026-06-27T00:00:00.000000Z,1.5954519510269165,1.6122440099716187,1.5604159832000732,1.5719219446182251,29761945
2026-06-28T00:00:00.000000Z,1.5718950033187866,1.5785830020904541,1.5550659894943237,1.5724250078201294,27677207
2026-06-29T00:00:00.000000Z,1.5724250078201294,1.5899620056152344,1.5192910432815552,1.5304340124130249,38458638
2026-06-30T00:00:00.000000Z,1.5304340124130249,1.5340800285339355,1.5006749629974365,1.5096379518508911,34218116
2026-07-01T00:00:00.000000Z,1.5096460580825806,1.5639179944992065,1.4919710159301758,1.5394530296325684,30833565
2026-07-02T00:00:00.000000Z,1.5394530296325684,1.5720479488372803,1.5379190444946289,1.557981014251709,29399882
2026-07-03T00:00:00.000000Z,1.557981014251709,1.6100729703903198,1.5515329837799072,1.5965650081634521,26644087
2026-07-04T00:00:00.000000Z,1.5965609550476074,1.6092989444732666,1.5793839693069458,1.5930889844894409,20489633
2026-07-05T00:00:00.000000Z,1.5930819511413574,1.5966310501098633,1.5436480045318604,1.5929559469223022,22493910
2026-07-06T00:00:00.000000Z,1.5929709672927856,1.6258770227432251,1.549604058265686,1.5994340181350708,29799871
2026-07-07T00:00:00.000000Z,1.599450945854187,1.6084589958190918,1.569674015045166,1.5727640390396118,25340672
2026-07-08T00:00:00.000000Z,1.5727640390396118,1.581447958946228,1.5284730195999146,1.5608099699020386,28066226
2026-07-09T00:00:00.000000Z,1.5608129501342773,1.5793720483779907,1.5457619428634644,1.5498349666595459,19771750
2026-07-10T00:00:00.000000Z,1.5498089790344238,1.5921939611434937,1.5439859628677368,1.5864289999008179,19013600
2026-07-11T00:00:00.000000Z,1.58644700050354,1.6105149984359741,1.5798549652099609,1.5806649923324585,19074118
2026-07-12T00:00:00.000000Z,1.5806759595870972,1.5886019468307495,1.5577330589294434,1.5650780200958252,20326435
2026-07-13T00:00:00.000000Z,1.5650479793548584,1.5802780389785767,1.5265810489654541,1.5359790325164795,20400443
2026-07-14T00:00:00.000000Z,1.5359810590744019,1.562716007232666,1.5171530246734619,1.5619900226593018,20559391
2026-07-15T00:00:00.000000Z,1.5619369745254517,1.5903199911117554,1.5529799461364746,1.5545090436935425,24920820
2026-07-16T00:00:00.000000Z,1.5545079708099365,1.5610729455947876,1.5050870180130005,1.5086619853973389,25820969
2026-07-17T00:00:00.000000Z,1.5086619853973389,1.5266749858856201,1.4893679618835449,1.5084569454193115,24697961
2026-07-18T00:00:00.000000Z,1.5083969831466675,1.5116809606552124,1.4849599599838257,1.4974830150604248,19451903
2026-07-19T00:00:00.000000Z,1.4974750280380249,1.5018789768218994,1.4725949764251709,1.4749759435653687,19884321
2026-07-20T00:00:00.000000Z,1.4749729633331299,1.5053030252456665,1.447363018989563,1.4940210580825806,29311007
2026-07-21T00:00:00.000000Z,1.4940390586853027,1.5087510347366333,1.4790749549865723,1.484065055847168,21883784
2026-07-22T00:00:00.000000Z,1.4840849637985229,1.4902100563049316,1.4596550464630127,1.4675890207290649,21714342
2026-07-23T00:00:00.000000Z,1.4675840139389038,1.476626992225647,1.4187419414520264,1.4190880060195923,23276704
2026-07-24T00:00:00.000000Z,1.4190880060195923,1.4290790557861328,1.3736469745635986,1.3925310373306274,20912654
2026-07-25T00:00:00.000000Z,1.3925319910049438,1.3989880084991455,1.3718949556350708,1.3844269514083862,16385750
2026-07-26T00:00:00.000000Z,1.3844269514083862,1.402366042137146,1.3807239532470703,1.398408055305481,18843721
2026-07-27T00:00:00.000000Z,1.3984149694442749,1.3984149694442749,1.2951159477233887,1.3011749982833862,27154525
2026-07-28T00:00:00.000000Z,1.3011749982833862,1.31352698802948,1.2858890295028687,1.3036040067672729,30566915
2026-07-29T00:00:00.000000Z,1.3036149740219116,1.3084980249404907,1.2661600112915039,1.2811629772186279,22140228
2026-07-30T00:00:00.000000Z,1.2811529636383057,1.3042140007019043,1.2704570293426514,1.2805390357971191,14432297
2026-07-31T00:00:00.000000Z,1.2805420160293579,1.2852629423141479,1.2189240455627441,1.2237299680709839,28556004
2026-08-01T00:00:00.000000Z,1.2237260341644287,1.2375099658966064,1.2151230573654175,1.2229310274124146,13837595
2026-08-02T00:00:00.000000Z,1.2229290008544922,1.2686229944229126,1.2212159633636475,1.2638989686965942,22178017
2026-08-03T00:00:00.000000Z,1.2639050483703613,1.3859490156173706,1.2548789978027344,1.3606339693069458,47554964
2026-08-04T00:00:00.000000Z,1.3606339693069458,1.3898340463638306,1.3533940315246582,1.3741780519485474,32001675
2026-08-05T00:00:00.000000Z,1.3741780519485474,1.3800829648971558,1.3395949602127075,1.352836012840271,21957705
2026-08-06T00:00:00.000000Z,1.3528419733047485,1.3940650224685669,1.3288270235061646,1.3515340089797974,21614996
2026-08-07T00:00:00.000000Z,1.3514659404754639,1.3628710508346558,1.3363300561904907,1.361225962638855,17548719
2026-08-08T00:00:00.000000Z,1.361225962638855,1.4011290073394775,1.3612209558486938,1.3867709636688232,16635025
2026-08-09T00:00:00.000000Z,1.38673996925354,1.3932780027389526,1.3714389801025391,1.3721040487289429,14144974
2026-08-10T00:00:00.000000Z,1.3722150325775146,1.425510048866272,1.3686660528182983,1.3991739749908447,20264091
2026-08-11T00:00:00.000000Z,1.3991849422454834,1.4424500465393066,1.3880519866943359,1.4369649887084961,21328258
2026-08-12T00:00:00.000000Z,1.4369670152664185,1.4438949823379517,1.3930039405822754,1.3976409435272217,16738423
2026-08-13T00:00:00.000000Z,1.3976329565048218,1.5250890254974365,1.3928500413894653,1.5020869970321655,36581156
2026-08-14T00:00:00.000000Z,1.5020179748535156,1.5695630311965942,1.478193998336792,1.5093950033187866,41200700
2026-08-15T00:00:00.000000Z,1.5093530416488647,1.5101469755172729,1.4631420373916626,1.4738869667053223,18671096
2026-08-16T00:00:00.000000Z,1.473889946937561,1.5015259981155396,1.4495350122451782,1.4540499448776245,17957468
2026-08-17T00:00:00.000000Z,1.4540499448776245,1.4609500169754028,1.4005299806594849,1.4169249534606934,23969153
2026-08-18T00:00:00.000000Z,1.4169249534606934,1.4519029855728149,1.3794870376586914,1.4132729768753052,29683042
2026-08-19T00:00:00.000000Z,1.4132729768753052,1.5093610286712646,1.3966670036315918,1.4930880069732666,39844961
2026-08-20T00:00:00.000000Z,1.4930720329284668,1.5193970203399658,1.464818000793457,1.5126140117645264,28357324
2026-08-21T00:00:00.000000Z,1.5126899480819702,1.6171890497207642,1.5104910135269165,1.6010160446166992,49918008
2026-08-22T00:00:00.000000Z,1.6009420156478882,1.7127490043640137,1.5492789745330811,1.5773459672927856,60428375
2026-08-23T00:00:00.000000Z,1.5774409770965576,1.6216850280761719,1.5230499505996704,1.6047500371932983,25410618
2026-08-24T00:00:00.000000Z,1.6047389507293701,1.6047389507293701,1.5169780254364014,1.5200209617614746,29848534
2026-08-25T00:00:00.000000Z,1.5200209617614746,1.5607190132141113,1.5078619718551636,1.5233310461044312,37409774
2026-08-26T00:00:00.000000Z,1.5232959985733032,1.5648620128631592,1.4864230155944824,1.5129410028457642,31135106
2026-08-27T00:00:00.000000Z,1.5129369497299194,1.5619070529937744,1.4837750196456909,1.5618330240249634,31431040
2026-08-28T00:00:00.000000Z,1.5618280172348022,1.5771640539169312,1.4612330198287964,1.483301043510437,32374211
2026-08-29T00:00:00.000000Z,1.4832479953765869,1.5154960155487061,1.4830739498138428,1.5024360418319702,16562254
2026-08-30T00:00:00.000000Z,1.5024509429931641,1.5024950504302979,1.4410320520401001,1.4552279710769653,20458023
2026-08-31T00:00:00.000000Z,1.4555339813232422,1.4922440052032471,1.4520390033721924,1.4691129922866821,20365932
2026-09-01T00:00:00.000000Z,1.4691909551620483,1.5085699558258057,1.4537049531936646,1.4614590406417847,23828727
2026-09-02T00:00:00.000000Z,1.4614590406417847,1.4686520099639893,1.4407650232315063,1.4520939588546753,22226019
2026-09-03T00:00:00.000000Z,1.4521600008010864,1.5278090238571167,1.4490519762039185,1.5070029497146606,22717918
2026-09-04T00:00:00.000000Z,1.5070070028305054,1.536005973815918,1.4767539501190186,1.4936980009078979,19945801
2026-09-06T00:00:00.000000Z,1.5568801164627075,1.5896545648574829,1.5568801164627075,1.5699000358581543,21005392
