timestamp_utc,Open,High,Low,Close,Volume
2022-03-03T00:00:00.000000Z,0.009603000245988369,0.0096530001610517502,0.0095600001513957977,0.0096279997378587723,8204
2022-03-04T00:00:00.000000Z,0.0096279997378587723,0.0096439998596906662,0.0090990001335740089,0.0091030001640319824,24991
2022-03-05T00:00:00.000000Z,0.0091040004044771194,0.0094480002298951149,0.009084000252187252,0.0091949999332427979,37033
2022-03-06T00:00:00.000000Z,0.0091949999332427979,0.010102000087499619,0.008569999597966671,0.010099000297486782,63737
2022-03-07T00:00:00.000000Z,0.010099000297486782,0.011103999800980091,0.010092999786138535,0.011095999740064144,75734
2022-03-08T00:00:00.000000Z,0.011095999740064144,0.012206000275909901,0.011006999760866165,0.012203999795019627,51112
2022-03-09T00:00:00.000000Z,0.012203999795019627,0.013513999991118908,0.012129999697208405,0.013511000201106071,85550
2022-03-10T00:00:00.000000Z,0.013511000201106071,0.013729000464081764,0.013496000319719315,0.013721000403165817,71515
2022-03-11T00:00:00.000000Z,0.01372199971228838,0.01372699998319149,0.01371300034224987,0.01371499989181757,10581
2022-03-12T00:00:00.000000Z,0.01371499989181757,0.01371499989181757,0.01371499989181757,0.01371499989181757,0
2022-03-13T00:00:00.000000Z,0.01371499989181757,0.01371499989181757,0.01371499989181757,0.01371499989181757,0
2022-03-14T00:00:00.000000Z,0.01371499989181757,0.014256999827921391,0.0097700003534555435,0.0097700003534555435,32348
2022-03-15T00:00:00.000000Z,0.0097700003534555435,0.010308000259101391,0.00976600032299757,0.010293000377714634,86892
2022-03-16T00:00:00.000000Z,0.010293000377714634,0.010293000377714634,0.010293000377714634,0.010293000377714634,0
2022-03-17T00:00:00.000000Z,0.010293000377714634,0.010293000377714634,0.010293000377714634,0.010293000377714634,0
2022-03-18T00:00:00.000000Z,0.010293000377714634,0.010293000377714634,0.010293000377714634,0.010293000377714634,0
2022-03-19T00:00:00.000000Z,0.010293000377714634,0.011105000041425228,0.010293000377714634,0.011102000251412392,660
2022-03-20T00:00:00.000000Z,0.011102000251412392,0.011297999881207943,0.010917999781668186,0.011296999640762806,19136
2022-03-21T00:00:00.000000Z,0.011296999640762806,0.011396000161767006,0.011237000115215778,0.011394999921321869,17225
2022-03-22T00:00:00.000000Z,0.011394999921321869,0.011398999951779842,0.011296999640762806,0.011377999559044838,4620
2022-03-23T00:00:00.000000Z,0.011377999559044838,0.011388000100851059,0.011281000450253487,0.011388000100851059,2373
2022-03-24T00:00:00.000000Z,0.011388000100851059,0.011467999778687954,0.011381999589502811,0.011459999717772007,2931
2022-03-25T00:00:00.000000Z,0.011459999717772007,0.011490999720990658,0.011357000097632408,0.011357000097632408,3333
2022-03-26T00:00:00.000000Z,0.011357000097632408,0.011459999717772007,0.011241000145673752,0.011459999717772007,21280
2022-03-27T00:00:00.000000Z,0.011460999958217144,0.01179799996316433,0.011385999619960785,0.011792999692261219,29943
2022-03-28T00:00:00.000000Z,0.011792999692261219,0.011801999993622303,0.01167600043118,0.011776999570429325,12616
2022-03-29T00:00:00.000000Z,0.011776000261306763,0.011789999902248383,0.011663000099360943,0.011664999648928642,3605
2022-03-30T00:00:00.000000Z,0.011664999648928642,0.012089000083506107,0.011661999858915806,0.011904999613761902,11124
2022-03-31T00:00:00.000000Z,0.011904999613761902,0.011982000432908535,0.011873000301420689,0.011876000091433525,11880
2022-04-01T00:00:00.000000Z,0.011877000331878662,0.011919000186026096,0.011694000102579594,0.011760000139474869,9861
2022-04-02T00:00:00.000000Z,0.011760000139474869,0.011858999729156494,0.011723999865353107,0.011796999722719193,10019
2022-04-03T00:00:00.000000Z,0.011796999722719193,0.011824999935925007,0.011731999926269054,0.011750999838113785,2527
2022-04-04T00:00:00.000000Z,0.011750999838113785,0.01269999984651804,0.011741000227630138,0.012401999905705452,20319
2022-04-05T00:00:00.000000Z,0.012401999905705452,0.012469000183045864,0.012230999767780304,0.012296999804675579,24250
2022-04-06T00:00:00.000000Z,0.012295999564230442,0.012412999756634235,0.012284000404179096,0.01233499962836504,6117
2022-04-07T00:00:00.000000Z,0.01233499962836504,0.012392999604344368,0.012157999910414219,0.012276000343263149,5831
2022-04-08T00:00:00.000000Z,0.012276999652385712,0.01232799980789423,0.012165999971330166,0.012172999791800976,5021
2022-04-09T00:00:00.000000Z,0.012172999791800976,0.012178000062704086,0.011849000118672848,0.011944999918341637,7709
2022-04-10T00:00:00.000000Z,0.011944999918341637,0.012024999596178532,0.011919000186026096,0.011986000463366508,7174
2022-04-11T00:00:00.000000Z,0.011986999772489071,0.011993000283837318,0.011606999672949314,0.011756000109016895,8082
2022-04-12T00:00:00.000000Z,0.011757000349462032,0.011762999929487705,0.0099700000137090683,0.01014500018209219,74932
2022-04-13T00:00:00.000000Z,0.01014500018209219,0.010567000135779381,0.0099569996818900108,0.01056199986487627,84606
2022-04-14T00:00:00.000000Z,0.010560999624431133,0.010614000260829926,0.010498999617993832,0.010608999989926815,24406
2022-04-15T00:00:00.000000Z,0.010608999989926815,0.010614000260829926,0.010441999882459641,0.010441999882459641,5674
2022-04-16T00:00:00.000000Z,0.010441999882459641,0.010448000393807888,0.01026500016450882,0.010273000225424767,5860
2022-04-17T00:00:00.000000Z,0.01027199998497963,0.010320000350475311,0.010212000459432602,0.010304000228643417,5056
2022-04-18T00:00:00.000000Z,0.01030499953776598,0.010351999662816525,0.010274999774992466,0.01027700025588274,2847
2022-04-19T00:00:00.000000Z,0.01027700025588274,0.0104160001501441,0.010234000161290169,0.010413000360131264,5046
2022-04-20T00:00:00.000000Z,0.010413000360131264,0.01066100038588047,0.010362000204622746,0.010657000355422497,11255
2022-04-21T00:00:00.000000Z,0.010657000355422497,0.010726000182330608,0.010644000023603439,0.010726000182330608,8366
2022-04-22T00:00:00.000000Z,0.010724999941885471,0.010728999972343445,0.010479000397026539,0.010484999977052212,4924
2022-04-23T00:00:00.000000Z,0.010484999977052212,0.010573999956250191,0.010479000397026539,0.010501000098884106,4247
2022-04-24T00:00:00.000000Z,0.010498000308871269,0.010503999888896942,0.010440000332891941,0.010444000363349915,1743
2022-04-25T00:00:00.000000Z,0.010444000363349915,0.010447000153362751,0.010116999968886375,0.010119999758899212,6631
2022-04-26T00:00:00.000000Z,0.010119999758899212,0.01017799973487854,0.010077999904751778,0.010079000145196915,7387
2022-04-27T00:00:00.000000Z,0.010079000145196915,0.010150999762117863,0.010052000172436237,0.010147999972105026,3822
2022-04-28T00:00:00.000000Z,0.010147999972105026,0.010436000302433968,0.010142000392079353,0.010364999994635582,10982
2022-04-29T00:00:00.000000Z,0.010364999994635582,0.010421000421047211,0.010339000262320042,0.010400000028312206,9483
2022-04-30T00:00:00.000000Z,0.010400000028312206,0.010408000089228153,0.010235999710857868,0.010312999598681927,3303
2022-05-01T00:00:00.000000Z,0.010312000289559364,0.010316000320017338,0.010220999829471111,0.01030499953776598,3569
2022-05-02T00:00:00.000000Z,0.01030499953776598,0.010467999614775181,0.01029099989682436,0.010466000065207481,7380
2022-05-03T00:00:00.000000Z,0.010466000065207481,0.010916999541223049,0.010463999584317207,0.010855999775230885,19185
2022-05-04T00:00:00.000000Z,0.010855999775230885,0.011516000144183636,0.010851999744772911,0.011513000354170799,26421
2022-05-05T00:00:00.000000Z,0.011513000354170799,0.011605000123381615,0.01142400037497282,0.011598000302910805,17642
2022-05-06T00:00:00.000000Z,0.011598000302910805,0.011780999600887299,0.011594999581575394,0.011707000434398651,10710
2022-05-07T00:00:00.000000Z,0.011707000434398651,0.011765999719500542,0.011682000011205673,0.011761000379920006,7016
2022-05-08T00:00:00.000000Z,0.011761000379920006,0.01178400032222271,0.011452999897301197,0.011531000025570393,6691
2022-05-09T00:00:00.000000Z,0.011529999785125256,0.013632999733090401,0.011432000435888767,0.01332399994134903,80815
2022-05-10T00:00:00.000000Z,0.01332399994134903,0.013725000433623791,0.012896000407636166,0.013125999830663204,105251
2022-05-11T00:00:00.000000Z,0.013125999830663204,0.013472000136971474,0.013031000271439552,0.013194999657571316,61383
2022-05-12T00:00:00.000000Z,0.013194999657571316,0.013695999979972839,0.012888999655842781,0.013079999946057796,51225
2022-05-13T00:00:00.000000Z,0.013079999946057796,0.013353999704122543,0.012990999966859818,0.01334100030362606,35273
2022-05-14T00:00:00.000000Z,0.013341999612748623,0.013341999612748623,0.012907000258564949,0.012992000207304955,20384
2022-05-15T00:00:00.000000Z,0.012992000207304955,0.013013999909162521,0.012817000038921833,0.012965000234544277,10101
2022-05-16T00:00:00.000000Z,0.012965000234544277,0.013460000045597553,0.012961000204086304,0.013396999798715115,20418
2022-05-17T00:00:00.000000Z,0.013398000039160252,0.013863000087440014,0.013384000398218632,0.013774000108242035,27728
2022-05-18T00:00:00.000000Z,0.013774000108242035,0.013863000087440014,0.013725999742746353,0.013795999810099602,12514
2022-05-19T00:00:00.000000Z,0.013795999810099602,0.013841999694705009,0.013702999800443649,0.013826999813318253,3900
2022-05-20T00:00:00.000000Z,0.013826999813318253,0.014639999717473984,0.013729000464081764,0.014615999534726143,23486
2022-05-21T00:00:00.000000Z,0.01461699977517128,0.014686999842524529,0.014468999579548836,0.014573999680578709,25972
2022-05-22T00:00:00.000000Z,0.014573999680578709,0.014750000089406967,0.01447799988090992,0.014649000018835068,11427
2022-05-23T00:00:00.000000Z,0.014650000259280205,0.014871000312268734,0.014646999537944794,0.014863000251352787,7955
2022-05-24T00:00:00.000000Z,0.014863000251352787,0.014878000132739544,0.014613999985158443,0.014615999534726143,6070
2022-05-25T00:00:00.000000Z,0.014615999534726143,0.014750000089406967,0.014550000429153442,0.014709999784827232,9245
2022-05-26T00:00:00.000000Z,0.014709999784827232,0.014844000339508057,0.01459600031375885,0.014700000174343586,13562
2022-05-27T00:00:00.000000Z,0.014700000174343586,0.014968999661505222,0.014480000361800194,0.01496800035238266,19933
2022-05-28T00:00:00.000000Z,0.014965999871492386,0.015128999948501587,0.014829999767243862,0.015087000094354153,18620
2022-05-29T00:00:00.000000Z,0.015087000094354153,0.015966000035405159,0.01502699963748455,0.015964999794960022,23833
2022-05-30T00:00:00.000000Z,0.015964999794960022,0.017784999683499336,0.015862999483942986,0.017772000283002853,46400
2022-05-31T00:00:00.000000Z,0.017772000283002853,0.018364999443292618,0.017700999975204468,0.018363000825047493,55427
2022-06-01T00:00:00.000000Z,0.018363000825047493,0.019038999453186989,0.018363000825047493,0.019027000293135643,39501
2022-06-02T00:00:00.000000Z,0.01902800053358078,0.019789999350905418,0.018997000530362129,0.019629999995231628,33292
2022-06-03T00:00:00.000000Z,0.019631000235676765,0.019788000732660294,0.019251000136137009,0.019455000758171082,28278
2022-06-04T00:00:00.000000Z,0.019455999135971069,0.019601000472903252,0.019338000565767288,0.019601000472903252,10954
2022-06-05T00:00:00.000000Z,0.019600000232458115,0.019710000604391098,0.018897000700235367,0.019021999090909958,16143
2022-06-06T00:00:00.000000Z,0.019021999090909958,0.019036000594496727,0.018549999222159386,0.018727999180555344,23892
2022-06-07T00:00:00.000000Z,0.018727999180555344,0.018738999962806702,0.017652999609708786,0.017653999850153923,25163
2022-06-08T00:00:00.000000Z,0.017652999609708786,0.017759999260306358,0.017381999641656876,0.017526999115943909,27974
2022-06-09T00:00:00.000000Z,0.017526999115943909,0.017649000510573387,0.017145000398159027,0.01726900041103363,21095
2022-06-10T00:00:00.000000Z,0.01726900041103363,0.017270000651478767,0.016379000619053841,0.016381999477744102,20474
2022-06-11T00:00:00.000000Z,0.01638299971818924,0.016388999298214912,0.015314999967813492,0.015348000451922417,28363
2022-06-12T00:00:00.000000Z,0.015350000001490116,0.015456000342965126,0.015262999571859837,0.015270999632775784,18616
2022-06-13T00:00:00.000000Z,0.015269000083208084,0.01534000039100647,0.014777000062167645,0.014786000363528728,11285
2022-06-14T00:00:00.000000Z,0.014786999672651291,0.014863000251352787,0.014677000232040882,0.014769000001251698,11767
2022-06-15T00:00:00.000000Z,0.014767999760806561,0.014777000062167645,0.014120999723672867,0.014294000342488289,13527
2022-06-16T00:00:00.000000Z,0.014294000342488289,0.014312000013887882,0.014078999869525433,0.014082999899983406,12759
2022-06-17T00:00:00.000000Z,0.014084000140428543,0.014244000427424908,0.014065000228583813,0.014236000366508961,4217
2022-06-18T00:00:00.000000Z,0.014235000126063824,0.014247000217437744,0.013980000279843807,0.01398599985986948,5081
2022-06-19T00:00:00.000000Z,0.01398599985986948,0.014206999912858009,0.013977999798953533,0.014201000332832336,5922
2022-06-20T00:00:00.000000Z,0.014201000332832336,0.014293000102043152,0.013919999822974205,0.01418600045144558,16089
2022-06-21T00:00:00.000000Z,0.01418600045144558,0.014941999688744545,0.014140999875962734,0.014853999949991703,36827
2022-06-22T00:00:00.000000Z,0.014853999949991703,0.01513999979943037,0.014821999706327915,0.01513299997895956,30084
2022-06-23T00:00:00.000000Z,0.01513299997895956,0.015428000129759312,0.014778999611735344,0.014956000261008739,27531
2022-06-24T00:00:00.000000Z,0.014956000261008739,0.01510000042617321,0.014831000007688999,0.014831000007688999,32479
2022-06-25T00:00:00.000000Z,0.014832000248134136,0.014937999658286572,0.01407300028949976,0.01423299964517355,29191
2022-06-26T00:00:00.000000Z,0.01423299964517355,0.014240000396966934,0.01371499989181757,0.01371499989181757,24764
2022-06-27T00:00:00.000000Z,0.013717999681830406,0.014089999720454216,0.01371499989181757,0.013949000276625156,15556
2022-06-28T00:00:00.000000Z,0.013949000276625156,0.013975000008940697,0.013581999577581882,0.013682000339031219,18987
2022-06-29T00:00:00.000000Z,0.013682000339031219,0.017506999894976616,0.013627000153064728,0.017154000699520111,79421
2022-06-30T00:00:00.000000Z,0.017154999077320099,0.017261000350117683,0.01687300018966198,0.01693899929523468,75227
2022-07-01T00:00:00.000000Z,0.016942000016570091,0.017478000372648239,0.01693899929523468,0.017380999401211739,15885
2022-07-02T00:00:00.000000Z,0.017380999401211739,0.01749500073492527,0.017111999914050102,0.017410999163985252,20245
2022-07-03T00:00:00.000000Z,0.017410999163985252,0.017905000597238541,0.017376000061631203,0.017785999923944473,28427
2022-07-04T00:00:00.000000Z,0.017785999923944473,0.017789000645279884,0.017645999789237976,0.017706999555230141,25182
2022-07-05T00:00:00.000000Z,0.017707999795675278,0.018515000119805336,0.017700999975204468,0.018507000058889389,23144
2022-07-06T00:00:00.000000Z,0.018508000299334526,0.018528999760746956,0.017869999632239342,0.017920000478625298,25545
2022-07-07T00:00:00.000000Z,0.017920000478625298,0.017966000363230705,0.017733000218868256,0.017830999568104744,14296
2022-07-08T00:00:00.000000Z,0.017831999808549881,0.017991000786423683,0.017700999975204468,0.017984999343752861,12598
2022-07-09T00:00:00.000000Z,0.017986999824643135,0.018061000853776932,0.017914000898599625,0.01802000030875206,9034
2022-07-10T00:00:00.000000Z,0.01802000030875206,0.01802000030875206,0.01729699969291687,0.017420999705791473,10747
2022-07-11T00:00:00.000000Z,0.01742199994623661,0.01749500073492527,0.017061000689864159,0.017066000029444695,15551
2022-07-12T00:00:00.000000Z,0.017066000029444695,0.017152000218629837,0.016914000734686852,0.016914999112486839,12911
2022-07-13T00:00:00.000000Z,0.016915999352931976,0.017108999192714691,0.016590999439358711,0.016677999868988991,16367
2022-07-14T00:00:00.000000Z,0.016679000109434128,0.016692999750375748,0.016309000551700592,0.016324000433087349,14762
2022-07-15T00:00:00.000000Z,0.016324000433087349,0.01642799936234951,0.016183000057935715,0.016186999157071114,9467
2022-07-16T00:00:00.000000Z,0.016186000779271126,0.016332000494003296,0.016132000833749771,0.016137000173330307,6645
2022-07-17T00:00:00.000000Z,0.016138000413775444,0.016206000000238419,0.014942999929189682,0.015060000121593475,24030
2022-07-18T00:00:00.000000Z,0.015060000121593475,0.015190999954938889,0.014813999645411968,0.014972999691963196,30837
2022-07-19T00:00:00.000000Z,0.014969999901950359,0.015077999792993069,0.014693999662995338,0.014991000294685364,25900
2022-07-20T00:00:00.000000Z,0.014991000294685364,0.014999000355601311,0.014758000150322914,0.014763000421226025,20089
2022-07-21T00:00:00.000000Z,0.014762000180780888,0.014770000241696835,0.014492000453174114,0.014564000070095062,10360
2022-07-22T00:00:00.000000Z,0.014564000070095062,0.014565999619662762,0.014465999789535999,0.014546999707818031,7832
2022-07-23T00:00:00.000000Z,0.014546000398695469,0.014551999978721142,0.014538999646902084,0.014546000398695469,1514
2022-07-24T00:00:00.000000Z,0.014546000398695469,0.014549000188708305,0.014255999587476254,0.014531999826431274,9421
2022-07-25T00:00:00.000000Z,0.014531999826431274,0.014538000337779522,0.014151999726891518,0.014155000448226929,6926
2022-07-26T00:00:00.000000Z,0.014155999757349491,0.014262000098824501,0.014081999659538269,0.01408699993044138,7720
2022-07-27T00:00:00.000000Z,0.01408699993044138,0.014139000326395035,0.013969000428915024,0.013975000008940697,5618
2022-07-28T00:00:00.000000Z,0.013975000008940697,0.01433899998664856,0.013965999707579613,0.0140990000218153,11136
2022-07-29T00:00:00.000000Z,0.0140990000218153,0.014144999906420708,0.013957000337541103,0.014059999957680702,13645
2022-07-30T00:00:00.000000Z,0.014061000198125839,0.014120000414550304,0.013678999617695808,0.013686000369489193,11793
2022-07-31T00:00:00.000000Z,0.013683999888598919,0.013690000399947166,0.013381999917328358,0.013388000428676605,12609
2022-08-01T00:00:00.000000Z,0.013388000428676605,0.013394000008702278,0.013189000077545643,0.013189000077545643,9354
2022-08-02T00:00:00.000000Z,0.013189000077545643,0.013375000096857548,0.013121999800205231,0.013369999825954437,9623
2022-08-03T00:00:00.000000Z,0.013369999825954437,0.013515000231564045,0.013298000209033489,0.013406000100076199,12747
2022-08-04T00:00:00.000000Z,0.013406000100076199,0.013480000197887421,0.013275000266730785,0.013280999846756458,10663
2022-08-05T00:00:00.000000Z,0.013280999846756458,0.013284999877214432,0.013054000213742256,0.013124000281095505,9898
2022-08-06T00:00:00.000000Z,0.013124999590218067,0.013140000402927399,0.013020999729633331,0.013093999586999416,7154
2022-08-07T00:00:00.000000Z,0.01309600006788969,0.01310999970883131,0.012922000139951706,0.012980000115931034,4264
2022-08-08T00:00:00.000000Z,0.012981000356376171,0.013019000180065632,0.012787999585270882,0.012791000306606293,6328
2022-08-09T00:00:00.000000Z,0.012791000306606293,0.01285799965262413,0.012697000056505203,0.012740000151097775,11270
2022-08-10T00:00:00.000000Z,0.012740000151097775,0.01299699954688549,0.01271899975836277,0.012881999835371971,8626
2022-08-11T00:00:00.000000Z,0.012881999835371971,0.012883000075817108,0.012357999570667744,0.012361000292003155,8513
2022-08-12T00:00:00.000000Z,0.012360000051558018,0.012361000292003155,0.012153999879956245,0.012316999956965446,7662
2022-08-13T00:00:00.000000Z,0.012316999956965446,0.012338000349700451,0.012009999714791775,0.012012000195682049,6681
2022-08-14T00:00:00.000000Z,0.012012000195682049,0.012013999745249748,0.011889000423252583,0.011890999972820282,3058
2022-08-15T00:00:00.000000Z,0.011892000213265419,0.011896000243723392,0.010917999781668186,0.010920999571681023,16038
2022-08-16T00:00:00.000000Z,0.010920999571681023,0.010924000293016434,0.010604999959468842,0.010607999749481678,6412
2022-08-17T00:00:00.000000Z,0.010607999749481678,0.010751999914646149,0,0.010587999597191811,8403
2022-08-18T00:00:00.000000Z,0.010587999597191811,0.011039000004529953,0.010573999956250191,0.011030999943614006,9888
2022-08-19T00:00:00.000000Z,0.011030999943614006,0.011490999720990658,0.011006000451743603,0.011401999741792679,9779
2022-08-20T00:00:00.000000Z,0.011401000432670116,0.011412999592721462,0.011358999647200108,0.011367999948561192,1282
2022-08-21T00:00:00.000000Z,0.011367999948561192,0.011370000429451466,0.011207000352442265,0.0112119996920228,4210
2022-08-22T00:00:00.000000Z,0.011211000382900238,0.011327999643981457,0.011207999661564827,0.011246999725699425,5222
2022-08-23T00:00:00.000000Z,0.011246999725699425,0.011247999966144562,0.011141000315546989,0.011144000105559826,1927
2022-08-24T00:00:00.000000Z,0.011144000105559826,0.011145000346004963,0.01105200033634901,0.01105399988591671,1486
2022-08-25T00:00:00.000000Z,0.01105399988591671,0.011176999658346176,0.011052999645471573,0.011175000108778477,2568
2022-08-26T00:00:00.000000Z,0.011175000108778477,0.011183000169694424,0.011070000007748604,0.011075000278651714,2570
2022-08-27T00:00:00.000000Z,0.011074000038206577,0.011079000309109688,0.01104000024497509,0.011067000217735767,970
2022-08-28T00:00:00.000000Z,0.011067000217735767,0.011969000101089478,0.011052999645471573,0.011962000280618668,18109
2022-08-29T00:00:00.000000Z,0.011961000040173531,0.012138999998569489,0.011950000189244747,0.011973000131547451,7904
2022-08-30T00:00:00.000000Z,0.011973000131547451,0.011977000162005424,0.011839999817311764,0.011842000298202038,2339
2022-08-31T00:00:00.000000Z,0.011842000298202038,0.011947000399231911,0.011682000011205673,0.011750999838113785,7454
2022-09-01T00:00:00.000000Z,0.011750999838113785,0.011766999959945679,0.011725000105798244,0.011726000346243382,759
2022-09-02T00:00:00.000000Z,0.011726000346243382,0.011746999807655811,0.011624000035226345,0.011642999947071075,3641
2022-09-03T00:00:00.000000Z,0.011642999947071075,0.011734999716281891,0.011638999916613102,0.011734000407159328,1495
2022-09-04T00:00:00.000000Z,0.011734000407159328,0.011958000250160694,0.011731999926269054,0.011907000094652176,4987
2022-09-05T00:00:00.000000Z,0.011908000335097313,0.011909999884665012,0.011858000420033932,0.011858000420033932,791
2022-09-06T00:00:00.000000Z,0.011858000420033932,0.011881000362336636,0.011669999919831753,0.011877999641001225,12455
2022-09-07T00:00:00.000000Z,0.011877000331878662,0.012036999687552452,0.01079500000923872,0.010882000438868999,21954
2022-09-08T00:00:00.000000Z,0.010882000438868999,0.010967999696731567,0.010857000015676022,0.010954000055789948,2464
2022-09-09T00:00:00.000000Z,0.010954000055789948,0.011145999655127525,0.010924000293016434,0.010925999842584133,8854
2022-09-10T00:00:00.000000Z,0.010925999842584133,0.010936000384390354,0.010811000131070614,0.010812999680638313,2182
2022-09-11T00:00:00.000000Z,0.010812999680638313,0.010819000191986561,0.010804000310599804,0.010816000401973724,355
2022-09-12T00:00:00.000000Z,0.010816000401973724,0.010817999951541424,0.010328999720513821,0.010332999750971794,10822
2022-09-13T00:00:00.000000Z,0.010332999750971794,0.010343000292778015,0,0.010301000438630581,2483
2022-09-14T00:00:00.000000Z,0.010298999957740307,0.010301999747753143,0.010153999552130699,0.010156000033020973,2040
2022-09-15T00:00:00.000000Z,0.010156000033020973,0.010234000161290169,0.010153000243008137,0.010219999589025974,1138
2022-09-16T00:00:00.000000Z,0.010219999589025974,0.010312000289559364,0.010218000039458275,0.010249000042676926,712
2022-09-17T00:00:00.000000Z,0.010249000042676926,0.010351999662816525,0.010246999561786652,0.010350000113248825,1332
2022-09-18T00:00:00.000000Z,0.010350000113248825,0.010351000353693962,0.010239999741315842,0.010243000462651253,1018
2022-09-19T00:00:00.000000Z,0.010242000222206116,0.010305999778211117,0.009011000394821167,0.0090119997039437294,25381
2022-09-20T00:00:00.000000Z,0.0090119997039437294,0.0090629998594522476,0.0088839996606111526,0.0088870003819465637,4692
2022-09-21T00:00:00.000000Z,0.0088860001415014267,0.0088889999315142632,0.0086850002408027649,0.0086899995803833008,2284
2022-09-22T00:00:00.000000Z,0.0086899995803833008,0.0087479995563626289,0.0086880000308156013,0.0087449997663497925,143
2022-09-23T00:00:00.000000Z,0.0087449997663497925,0.0088010001927614212,0.0087209995836019516,0.0087980004027485847,1317
2022-09-24T00:00:00.000000Z,0.0087980004027485847,0.0088039999827742577,0.0087010003626346588,0.0087029999122023582,1060
2022-09-25T00:00:00.000000Z,0.0087029999122023582,0.0087620001286268234,0.0086859995499253273,0.0087310001254081726,1301
2022-09-26T00:00:00.000000Z,0.0087320003658533096,0.008740999735891819,0.0085859997197985649,0.008588000200688839,2001
2022-09-27T00:00:00.000000Z,0.008588000200688839,0.0087209995836019516,0.0085859997197985649,0.0087200002744793892,1614
2022-09-28T00:00:00.000000Z,0.0087190000340342522,0.008740999735891819,0.0086949998512864113,0.0086960000917315483,650
2022-09-29T00:00:00.000000Z,0.0086970003321766853,0.00875100027769804,0.0086930003017187119,0.008750000037252903,60
2022-09-30T00:00:00.000000Z,0.0087479995563626289,0.0087660001590847969,0.0085359998047351837,0.0085380002856254578,4990
2022-10-01T00:00:00.000000Z,0.0085380002856254578,0.0085669998079538345,0.0083929998800158501,0.0084239998832345009,3467
2022-10-02T00:00:00.000000Z,0.0084250001236796379,0.0084269996732473373,0.0081799998879432678,0.0081820003688335419,3966
2022-10-03T00:00:00.000000Z,0.0081820003688335419,0.0083389999344944954,0.0081810001283884048,0.008337000384926796,6257
2022-10-04T00:00:00.000000Z,0.008337000384926796,0.0083499997854232788,0.0081730000674724579,0.0081879999488592148,2953
2022-10-05T00:00:00.000000Z,0.0081879999488592148,0.0082949995994567871,0.0081879999488592148,0.0082930000498890877,1372
2022-10-06T00:00:00.000000Z,0.0082940002903342247,0.0082959998399019241,0.0081719998270273209,0.0081890001893043518,3037
2022-10-07T00:00:00.000000Z,0.0081890001893043518,0.0082419998943805695,0.008158000186085701,0.0081869997084140778,1136
2022-10-08T00:00:00.000000Z,0.0081869997084140778,0.0081890001893043518,0.0081599997356534004,0.0081630004569888115,607
2022-10-09T00:00:00.000000Z,0.0081630004569888115,0.0084140002727508545,0.00814099982380867,0.0083870002999901772,6994
2022-10-10T00:00:00.000000Z,0.0083870002999901772,0.0084419995546340942,0.0083020003512501717,0.0083469999954104424,2018
2022-10-11T00:00:00.000000Z,0.0083469999954104424,0.0083799995481967926,0.0083450004458427429,0.0083790002390742302,721
2022-10-12T00:00:00.000000Z,0.0083790002390742302,0.008410000242292881,0.0083769997581839561,0.008407999761402607,620
2022-10-13T00:00:00.000000Z,0.008407999761402607,0.0084210000932216644,0.0082510001957416534,0.0082520004361867905,2694
2022-10-14T00:00:00.000000Z,0.0082520004361867905,0.0082539999857544899,0.0082489997148513794,0.0082520004361867905,0
2022-10-15T00:00:00.000000Z,0.0082520004361867905,0.0082860002294182777,0.0082419998943805695,0.0082849999889731407,250
2022-10-16T00:00:00.000000Z,0.0082849999889731407,0.0082869995385408401,0.0081919999793171883,0.0082350000739097595,1789
2022-10-17T00:00:00.000000Z,0.0082350000739097595,0.0082609998062252998,0.0082090003415942192,0.0082099996507167816,523
2022-10-18T00:00:00.000000Z,0.0082099996507167816,0.0082599995657801628,0.008159000426530838,0.0081599997356534004,959
2022-10-19T00:00:00.000000Z,0.0081599997356534004,0.008229999803006649,0.008158000186085701,0.0082270000129938126,579
2022-10-20T00:00:00.000000Z,0.0082270000129938126,0.008326999843120575,0.0082250004634261131,0.0083250002935528755,4148
2022-10-21T00:00:00.000000Z,0.0083250002935528755,0.0083760004490613937,0.0083240000531077385,0.0083739999681711197,86
2022-10-22T00:00:00.000000Z,0.0083750002086162567,0.0083760004490613937,0.007172000128775835,0.0074080000631511211,31050
2022-10-23T00:00:00.000000Z,0.0074080000631511211,0.0074609997682273388,0.0074069998227059841,0.0074579999782145023,465
2022-10-24T00:00:00.000000Z,0.0074579999782145023,0.0074740001000463963,0.0073899999260902405,0.0074439998716115952,1270
2022-10-25T00:00:00.000000Z,0.0074439998716115952,0.0076089999638497829,0.0073979999870061874,0.0076040001586079597,7389
2022-10-26T00:00:00.000000Z,0.007600999902933836,0.0077829998917877674,0.0075460001826286316,0.0077760000713169575,7345
2022-10-27T00:00:00.000000Z,0.0077760000713169575,0.0078779999166727066,0.0077419998124241829,0.0078520001843571663,2009
2022-10-28T00:00:00.000000Z,0.0078520001843571663,0.0079420004040002823,0.0077960002236068249,0.0079389996826648712,4882
2022-10-29T00:00:00.000000Z,0.0079389996826648712,0.0080230003222823143,0.0079290000721812248,0.0080110002309083939,4228
2022-10-30T00:00:00.000000Z,0.0080110002309083939,0.0080749997869133949,0.0077570001594722271,0.0077579999342560768,6739
2022-10-31T00:00:00.000000Z,0.0077579999342560768,0.0077929999679327011,0.0076850000768899918,0.0077880001626908779,3210
2022-11-01T00:00:00.000000Z,0.0077880001626908779,0.0079640001058578491,0.0077869999222457409,0.0079629998654127121,7782
2022-11-02T00:00:00.000000Z,0.0079629998654127121,0.0080779995769262314,0.0079220002517104149,0.008076000027358532,5208
2022-11-03T00:00:00.000000Z,0.008076000027358532,0.0081940004602074623,0.0080479998141527176,0.0081879999488592148,3602
2022-11-04T00:00:00.000000Z,0.0081879999488592148,0.0086019998416304588,0.0081860003992915154,0.0085990000516176224,22498
2022-11-05T00:00:00.000000Z,0.0085990000516176224,0.0094159999862313271,0.0085899997502565384,0.0094100004062056541,26473
2022-11-06T00:00:00.000000Z,0.0094119999557733536,0.0096260001882910728,0.0094079999253153801,0.0096239997074007988,6659
2022-11-07T00:00:00.000000Z,0.0096239997074007988,0.0098770000040531158,0.0096209999173879623,0.0098750004544854164,10349
2022-11-08T00:00:00.000000Z,0.0098750004544854164,0.010222000069916248,0.0098710004240274429,0.010196000337600708,9843
2022-11-09T00:00:00.000000Z,0.010196000337600708,0.010688000358641148,0.0092919999733567238,0.0092989997938275337,38635
2022-11-10T00:00:00.000000Z,0.0092989997938275337,0.00941499974578619,0.0092510003596544266,0.0093909995630383492,2760
2022-11-11T00:00:00.000000Z,0.0093909995630383492,0.0094579998403787613,0.0092979995533823967,0.0094569995999336243,4539
2022-11-12T00:00:00.000000Z,0.0094569995999336243,0.010172000154852867,0.0094520002603530884,0.010084999725222588,20664
2022-11-13T00:00:00.000000Z,0.010085999965667725,0.010274999774992466,0.010080999694764614,0.010273000225424767,4355
2022-11-14T00:00:00.000000Z,0.01027000043541193,0.011256000027060509,0.01026500016450882,0.011253000237047672,19835
2022-11-15T00:00:00.000000Z,0.011254999786615372,0.011651000007987022,0.011002000421285629,0.011076999828219414,19061
2022-11-16T00:00:00.000000Z,0.011076999828219414,0.01131999958306551,0.011002000421285629,0.011222999542951584,7975
2022-11-17T00:00:00.000000Z,0.011222999542951584,0.011316999793052673,0.011146999895572662,0.011311000213027,1776
2022-11-18T00:00:00.000000Z,0.011307000182569027,0.011346999555826187,0.011052999645471573,0.011340999975800514,7230
2022-11-19T00:00:00.000000Z,0.011343000456690788,0.011402999982237816,0.011297999881207943,0.011397000402212143,2417
2022-11-20T00:00:00.000000Z,0.011397000402212143,0.011548999696969986,0.01130400039255619,0.01154599990695715,6275
2022-11-21T00:00:00.000000Z,0.011547000147402287,0.011826000176370144,0.011541999876499176,0.011819999665021896,3839
2022-11-22T00:00:00.000000Z,0.011819999665021896,0.011939000338315964,0.011815999634563923,0.01193500030785799,2382
2022-11-23T00:00:00.000000Z,0.01193500030785799,0.012164999730885029,0.011921999976038933,0.012157999910414219,3300
2022-11-24T00:00:00.000000Z,0.012157999910414219,0.012261000461876392,0.012129000388085842,0.012254999950528145,2748
2022-11-25T00:00:00.000000Z,0.012254999950528145,0.012610999867320061,0,0.012548999860882759,13022
2022-11-26T00:00:00.000000Z,0.012551999650895596,0.012819999828934669,0.012544999830424786,0.012742999941110611,6183
2022-11-27T00:00:00.000000Z,0.012742999941110611,0.013032999821007252,0.012719999998807907,0.012978999875485897,13058
2022-11-28T00:00:00.000000Z,0.012978999875485897,0.013075999915599823,0.012884000316262245,0.013062999583780766,4766
2022-11-29T00:00:00.000000Z,0.013066000305116177,0.013288999907672405,0.013008000329136848,0.013278000056743622,3938
2022-11-30T00:00:00.000000Z,0.013278000056743622,0.01332399994134903,0.013148000463843346,0.013260000385344028,3625
2022-12-01T00:00:00.000000Z,0.013260000385344028,0.013271999545395374,0.013256000354886055,0.013267000205814838,0
2022-12-06T00:00:00.000000Z,0.013267000205814838,0.01461500022560358,0.013267000205814838,0.014403999783098698,4989
2022-12-07T00:00:00.000000Z,0.014403999783098698,0.014456000179052353,0.014209000393748283,0.014347000047564507,5468
2022-12-08T00:00:00.000000Z,0.014347000047564507,0.0143649997189641,0.014217999763786793,0.01435799989849329,1752
2022-12-09T00:00:00.000000Z,0.01435799989849329,0.014402999542653561,0.013247000053524971,0.013352000154554844,19734
2022-12-10T00:00:00.000000Z,0.013352000154554844,0.013364000245928764,0.010882000438868999,0.011121000163257122,58126
2022-12-11T00:00:00.000000Z,0.011121000163257122,0.011138999834656715,0.010978999547660351,0.011136000044643879,1923
2022-12-12T00:00:00.000000Z,0.011136000044643879,0.011408000253140926,0.011129000224173069,0.011407000012695789,8339
2022-12-13T00:00:00.000000Z,0.011407000012695789,0.011411000043153763,0.011168000288307667,0.01133199967443943,3709
2022-12-14T00:00:00.000000Z,0.011331000365316868,0.011336999945342541,0.011137000285089016,0.011137000285089016,4264
2022-12-15T00:00:00.000000Z,0.011136000044643879,0.011234000325202942,0.011134999804198742,0.011226000264286995,954
2022-12-16T00:00:00.000000Z,0.011226999573409557,0.01129900012165308,0.011187000200152397,0.011188000440597534,725
2022-12-17T00:00:00.000000Z,0.011191000230610371,0.011258999817073345,0.011109000071883202,0.011168999597430229,439
2022-12-18T00:00:00.000000Z,0.011172999627888203,0.01117900013923645,0.010851999744772911,0.01095999963581562,4191
2022-12-19T00:00:00.000000Z,0.01095999963581562,0.010968999937176704,0.010855999775230885,0.010925999842584133,830
2022-12-20T00:00:00.000000Z,0.010925999842584133,0.010932000353932381,0.010804000310599804,0.010869000107049942,1374
2022-12-21T00:00:00.000000Z,0.010867999866604805,0.010870999656617641,0.010697999969124794,0.010699000209569931,1660
2022-12-22T00:00:00.000000Z,0.010696999728679657,0.010757000185549259,0.010692000389099121,0.010754000395536423,344
2022-12-23T00:00:00.000000Z,0.010754000395536423,0.010757000185549259,0.010546999983489513,0.010610000230371952,1734
2022-12-24T00:00:00.000000Z,0.010611999779939651,0.010629000142216682,0.01054800022393465,0.010622000321745872,94
2022-12-25T00:00:00.000000Z,0.010622000321745872,0.010627999901771545,0.010390999726951122,0.010393000207841396,3224
2022-12-26T00:00:00.000000Z,0.010394000448286533,0.010572000406682491,0.0053059998899698257,0.010572000406682491,841
2022-12-27T00:00:00.000000Z,0.010571000166237354,0.010580999776721001,0.010546999983489513,0.01055699959397316,206
2022-12-28T00:00:00.000000Z,0.01055699959397316,0.010560999624431133,0.010445999912917614,0.01044899970293045,947
2022-12-29T00:00:00.000000Z,0.01044899970293045,0.010506999678909779,0.0104160001501441,0.010444999672472477,754
2022-12-30T00:00:00.000000Z,0.010444999672472477,0.010514999739825726,0.010323000140488148,0.010327000170946121,2291
2022-12-31T00:00:00.000000Z,0.010328000411391258,0.010328999720513821,0.010240999981760979,0.010246999561786652,1287
2023-01-01T00:00:00.000000Z,0.010246999561786652,0.010255999863147736,0.010166999883949757,0.010174999944865704,1278
2023-01-02T00:00:00.000000Z,0.010174999944865704,0.010889999568462372,0.0052089998498558998,0.010772000066936016,20204
2023-01-03T00:00:00.000000Z,0.010769999586045742,0.01117900013923645,0.010741000063717365,0.010805999860167503,20308
2023-01-04T00:00:00.000000Z,0.010805999860167503,0.010812000371515751,0.010526999831199646,0.010529999621212482,3406
2023-01-05T00:00:00.000000Z,0.010529999621212482,0.011107999831438065,0,0.010910999961197376,17249
2023-01-06T00:00:00.000000Z,0.010909999720752239,0.010943000204861164,0.010878999717533588,0.010878999717533588,639
2023-01-07T00:00:00.000000Z,0.010881000198423862,0.01095299981534481,0.01080000028014183,0.010869000107049942,1580
2023-01-08T00:00:00.000000Z,0.010869000107049942,0.011029999703168869,0.0055359997786581516,0.010986999608576298,9422
2023-01-09T00:00:00.000000Z,0.010990999639034271,0.010990999639034271,0.010731999762356281,0.010928000323474407,5687
2023-01-10T00:00:00.000000Z,0.010929999873042107,0.010932999663054943,0.010626999661326408,0.010831999592483044,8910
2023-01-11T00:00:00.000000Z,0.010831999592483044,0.010843999683856964,0.010610000230371952,0.010613000020384789,3008
2023-01-12T00:00:00.000000Z,0.010611999779939651,0.010619999840855598,0.010582000017166138,0.010613000020384789,48
2023-01-13T00:00:00.000000Z,0.010614000260829926,0.010618999600410461,0.010490999557077885,0.010556000284850597,1958
2023-01-14T00:00:00.000000Z,0.01055500004440546,0.010563000105321407,0.010251999832689762,0.010323000140488148,4494
2023-01-15T00:00:00.000000Z,0.010323000140488148,0.010355000384151936,0.010215000249445438,0.010294999927282333,1167
2023-01-16T00:00:00.000000Z,0.010294999927282333,0.010301999747753143,0.010115999728441238,0.010120999999344349,2814
2023-01-17T00:00:00.000000Z,0.010120999999344349,0.010130000300705433,0.0039739999920129776,0.0092799998819828033,2
2023-01-18T00:00:00.000000Z,0.0092789996415376663,0.012428999878466129,0.0092770000919699669,0.010142000392079353,1102
2023-01-19T00:00:00.000000Z,0.010143999941647053,0.010152000002563,0.0098590003326535225,0.0098660001531243324,4178
2023-01-20T00:00:00.000000Z,0.0098649999126791954,0.0098670003935694695,0.0097200004383921623,0.0097230002284049988,2885
2023-01-21T00:00:00.000000Z,0.0097230002284049988,0.0097669996321201324,0.009513000026345253,0.0095710000023245811,4331
2023-01-22T00:00:00.000000Z,0.0095710000023245811,0.0095739997923374176,0.0093109998852014542,0.0093149999156594276,4238
2023-01-23T00:00:00.000000Z,0.0093139996752142906,0.0093449996784329414,0.0091490000486373901,0.0091509995982050896,2833
2023-01-24T00:00:00.000000Z,0.0091500002890825272,0.0091570001095533371,0.0085020000115036964,0.0085070002824068069,27294
2023-01-25T00:00:00.000000Z,0.0085060000419616699,0.0085089998319745064,0.0080340001732110977,0.0082160001620650291,6508
2023-01-26T00:00:00.000000Z,0.0082149999216198921,0.0083250002935528755,0.0082099996507167816,0.008320000022649765,807
2023-01-27T00:00:00.000000Z,0.008317999541759491,0.0083480002358555794,0.0082809999585151672,0.0083259996026754379,1013
2023-01-28T00:00:00.000000Z,0.0083259996026754379,0.0083870002999901772,0.008321000263094902,0.0083779999986290932,1009
2023-01-29T00:00:00.000000Z,0.0083779999986290932,0.0083879996091127396,0.0057060001417994499,0.0083219995722174644,544
2023-01-30T00:00:00.000000Z,0.0083219995722174644,0.008328000083565712,0.0081650000065565109,0.0081690000370144844,3300
2023-01-31T00:00:00.000000Z,0.0081679997965693474,0.0082360003143548965,0.0081390002742409706,0.00814099982380867,4199
2023-02-01T00:00:00.000000Z,0.0081420000642538071,0.0082489997148513794,0.0081160003319382668,0.008239000104367733,10019
2023-02-02T00:00:00.000000Z,0.008237999863922596,0.0082409996539354324,0.0081559997051954269,0.0082219997420907021,1268
2023-02-03T00:00:00.000000Z,0.0082219997420907021,0.0082440003752708435,0.007890000008046627,0.0080150002613663673,10806
2023-02-04T00:00:00.000000Z,0.0080140000209212303,0.0080279996618628502,0.0079690003767609596,0.0079770004376769066,316
2023-02-05T00:00:00.000000Z,0.0079739997163414955,0.007978999987244606,0.0079380003735423088,0.0079420004040002823,538
2023-02-06T00:00:00.000000Z,0.0079429997131228447,0.0079469997435808182,0.0079260002821683884,0.0079349996522068977,342
2023-02-07T00:00:00.000000Z,0.0079349996522068977,0.0079389996826648712,0.0078379996120929718,0.0078670000657439232,2510
2023-02-08T00:00:00.000000Z,0.0078680003061890602,0.0078769996762275696,0.007639000192284584,0.0076399999670684338,4300
2023-02-09T00:00:00.000000Z,0.007639000192284584,0.0076469997875392437,0.0071080001071095467,0.0071279997937381268,11193
2023-02-10T00:00:00.000000Z,0.00712599977850914,0.0071310000494122505,0.0064139999449253082,0.0064229997806251049,17763
2023-02-11T00:00:00.000000Z,0.0064229997806251049,0.0065139997750520706,0.0063299997709691525,0.0065100002102553844,10253
2023-02-12T00:00:00.000000Z,0.0065109999850392342,0.0065569998696446419,0.00648899981752038,0.0065560000948607922,1033
2023-02-13T00:00:00.000000Z,0.0065569998696446419,0.0065580001100897789,0.0064840000122785568,0.0064869998022913933,1180
2023-02-14T00:00:00.000000Z,0.0064869998022913933,0.0065399999730288982,0.0064779999665915966,0.0065370001830160618,328
2023-02-15T00:00:00.000000Z,0.0065379999577999115,0.0065440000034868717,0.0064779999665915966,0.0065210000611841679,464
2023-02-16T00:00:00.000000Z,0.0065230000764131546,0.0065370001830160618,0.0063860001973807812,0.0063880002126097679,2806
2023-02-17T00:00:00.000000Z,0.0063880002126097679,0.0063919997774064541,0.0061510000377893448,0.0061550000682473183,5321
2023-02-18T00:00:00.000000Z,0.006157000083476305,0.0062079997733235359,0.0057640001177787781,0.0057669999077916145,9657
2023-02-19T00:00:00.000000Z,0.0057680001482367516,0.005770999938249588,0.0057379999198019505,0.0057439999654889107,588
2023-02-20T00:00:00.000000Z,0.0057419999502599239,0.0074820001609623432,0.0057390001602470875,0.0074809999205172062,53945
2023-02-21T00:00:00.000000Z,0.0074789999052882195,0.0075179999694228172,0.0072800000198185444,0.0075150001794099808,7083
2023-02-22T00:00:00.000000Z,0.0075170001946389675,0.0076709999702870846,0.0075099999085068703,0.0076660001650452614,3254
2023-02-23T00:00:00.000000Z,0.0076680001802742481,0.0077510001137852669,0.0076629999093711376,0.0077490000985562801,1667
2023-02-24T00:00:00.000000Z,0.0077479998581111431,0.0077909999527037144,0.0077030002139508724,0.0077309999614953995,2068
2023-02-25T00:00:00.000000Z,0.0077309999614953995,0.0077619999647140503,0.0076779997907578945,0.0076799998059868813,983
2023-02-26T00:00:00.000000Z,0.0076799998059868813,0.0077320002019405365,0.0075079998932778835,0.0075610000640153885,3660
2023-02-27T00:00:00.000000Z,0.0075610000640153885,0.0076540000736713409,0.0075139999389648438,0.0076520000584423542,2503
2023-02-28T00:00:00.000000Z,0.0076509998179972172,0.085369996726512909,0.0075719999149441719,0.0076870000921189785,2150
2023-03-01T00:00:00.000000Z,0.0076859998516738415,0.0076870000921189785,0.0075579998083412647,0.0076179997995495796,2769
2023-03-02T00:00:00.000000Z,0.0076179997995495796,0.0076350001618266106,0.0075840000063180923,0.0076350001618266106,502
2023-03-03T00:00:00.000000Z,0.0076339999213814735,0.0076569998636841774,0.0075659998692572117,0.0076190000399947166,1806
2023-03-04T00:00:00.000000Z,0.0076210000552237034,0.0076359999366104603,0.0075539997778832912,0.0076000001281499863,1351
2023-03-05T00:00:00.000000Z,0.007600999902933836,0.0076069999486207962,0.0075229997746646404,0.0075739999301731586,1225
2023-03-06T00:00:00.000000Z,0.0075739999301731586,0.0076239998452365398,0.0075639998540282249,0.0076219998300075531,919
2023-03-07T00:00:00.000000Z,0.0076230000704526901,0.0076250000856816769,0.0070319999940693378,0.007133999839425087,12684
2023-03-08T00:00:00.000000Z,0.0071330000646412373,0.0071410001255571842,0.007089999970048666,0.0071319998241961002,230
2023-03-09T00:00:00.000000Z,0.007127000018954277,0.0071589997969567776,0.0070099998265504837,0.0071550002321600914,6161
2023-03-10T00:00:00.000000Z,0.0071539999917149544,0.0071580000221729279,0.0068640001118183136,0.0068649998866021633,4636
2023-03-11T00:00:00.000000Z,0.0068660001270473003,0.0068700001575052738,0.0060189999639987946,0.0066949999891221523,1534
2023-03-12T00:00:00.000000Z,0.0066820001229643822,0.0067790001630783081,0.006444999948143959,0.0067329998128116131,1304
2023-03-13T00:00:00.000000Z,0.0067329998128116131,0.0067650000564754009,0.006705000065267086,0.0067139999009668827,0
2023-03-14T00:00:00.000000Z,0.0067139999009668827,0.0067440001294016838,0.0063450001180171967,0.0063570002093911171,8458
2023-03-15T00:00:00.000000Z,0.0063530001789331436,0.0063609997741878033,0.0063450001180171967,0.0063590002246201038,102
2023-03-16T00:00:00.000000Z,0.0063590002246201038,0.0064030000939965248,0.0063310000114142895,0.006372000090777874,153
2023-03-17T00:00:00.000000Z,0.0063729998655617237,0.0064039998687803745,0.0063550001941621304,0.0063599999994039536,45
2023-03-18T00:00:00.000000Z,0.0063609997741878033,0.0064019998535513878,0.0062529998831450939,0.0062600001692771912,2090
2023-03-19T00:00:00.000000Z,0.0062600001692771912,0.0063069998286664486,0.0062580001540482044,0.0062950002029538155,269
2023-03-20T00:00:00.000000Z,0.0062970002181828022,0.0063049998134374619,0.006238000001758337,0.0062400000169873238,88
2023-03-21T00:00:00.000000Z,0.0062400000169873238,0.006273999810218811,0.0062130000442266464,0.0062259999103844166,1117
2023-03-22T00:00:00.000000Z,0.0062259999103844166,0.0062600001692771912,0.0061880000866949558,0.0062560001388192177,845
2023-03-23T00:00:00.000000Z,0.0062549998983740807,0.0062669999897480011,0.0062170000746846199,0.0062179998494684696,571
2023-03-24T00:00:00.000000Z,0.0062190000899136066,0.0062979999929666519,0.0062119998037815094,0.0062939999625086784,1329
2023-03-25T00:00:00.000000Z,0.0062939999625086784,0.0062959999777376652,0.0062110000289976597,0.0062130000442266464,2
2023-03-26T00:00:00.000000Z,0.0062130000442266464,0.0062520001083612442,0.0062099997885525227,0.0062139998190104961,2
2023-03-27T00:00:00.000000Z,0.0062150000594556332,0.0062509998679161072,0.0061909998767077923,0.0061960001476109028,947
2023-03-28T00:00:00.000000Z,0.0061960001476109028,0.0061980001628398895,0.00608400022611022,0.0061289998702704906,2495
2023-03-29T00:00:00.000000Z,0.0061300001107156277,0.0061329999007284641,0.0060029998421669006,0.0060419999063014984,2050
2023-03-30T00:00:00.000000Z,0.0060410001315176487,0.0060470001772046089,0.0060049998573958874,0.0060450001619756222,14
2023-03-31T00:00:00.000000Z,0.0060439999215304852,0.0060560000129044056,0.0060149999335408211,0.0060160001739859581,368
2023-04-01T00:00:00.000000Z,0.0060169999487698078,0.0060600000433623791,0.0060140001587569714,0.006022999994456768,1078
2023-04-02T00:00:00.000000Z,0.0060250000096857548,0.0061039999127388,0.0060209999792277813,0.0060689998790621758,2408
2023-04-03T00:00:00.000000Z,0.0060689998790621758,0.0061169997788965702,0.005607999861240387,0.006113000214099884,121
2023-04-04T00:00:00.000000Z,0.0061150002293288708,0.0061160000041127205,0.0060620000585913658,0.006068000104278326,549
2023-04-05T00:00:00.000000Z,0.0060689998790621758,0.0061110001988708973,0.0060640000738203526,0.006066999863833189,258
2023-04-06T00:00:00.000000Z,0.006066999863833189,0.0060700001195073128,0.0060609998181462288,0.0060649998486042023,109
2023-04-07T00:00:00.000000Z,0.0060649998486042023,0.006066999863833189,0.006039000116288662,0.0060419999063014984,346
2023-04-08T00:00:00.000000Z,0.0060430001467466354,0.0060910000465810299,0.0060359998606145382,0.0060910000465810299,301
2023-04-09T00:00:00.000000Z,0.0060899998061358929,0.0060950000770390034,0.006029999814927578,0.0060339998453855515,910
2023-04-10T00:00:00.000000Z,0.0060330000706017017,0.0066470000892877579,0.006031000055372715,0.0061860000714659691,267
2023-04-11T00:00:00.000000Z,0.0061860000714659691,0.0061860000714659691,0.0060270000249147415,0.0060549997724592686,786
2023-04-12T00:00:00.000000Z,0.0060560000129044056,0.0062540001235902309,0.006022999994456768,0.0062509998679161072,126
2023-04-13T00:00:00.000000Z,0.0061019998975098133,0.0062589999288320541,0.0059259999543428421,0.005948999896645546,3300
2023-04-14T00:00:00.000000Z,0.005948999896645546,0.0060620000585913658,0.0057819997891783714,0.0057859998196363449,13972
2023-04-15T00:00:00.000000Z,0.0057859998196363449,0.01941400021314621,0.0057830000296235085,0.006039000116288662,8618
2023-04-16T00:00:00.000000Z,0.0060399998910725117,0.0060419999063014984,0.0060290000401437283,0.0060319998301565647,162
2023-04-17T00:00:00.000000Z,0.0060330000706017017,0.0061769997701048851,0.006029999814927578,0.0061320001259446144,755
2023-04-18T00:00:00.000000Z,0.0061320001259446144,0.0061320001259446144,0.0060330000706017017,0.0060769999399781227,1346
2023-04-19T00:00:00.000000Z,0.0060780001804232597,0.0061019998975098133,0.0060259997844696045,0.0060629998333752155,500
2023-04-20T00:00:00.000000Z,0.0060649998486042023,0.006335000041872263,0.0060620000585913658,0.0063330000266432762,11096
2023-04-21T00:00:00.000000Z,0.0063339998014271259,0.0066010002046823502,0.0062770000658929348,0.0065299998968839645,32535
2023-04-22T00:00:00.000000Z,0.0065299998968839645,0.0067099998705089092,0.0065199998207390308,0.0067079998552799225,6232
2023-04-23T00:00:00.000000Z,0.0067079998552799225,0.0067199999466538429,0.006668000016361475,0.0067170001566410065,1329
2023-04-24T00:00:00.000000Z,0.0067170001566410065,0.0079830000177025795,0.0067139999009668827,0.0079830000177025795,43039
2023-04-25T00:00:00.000000Z,0.0079819997772574425,0.0083309998735785484,0.0079770004376769066,0.008329000324010849,14950
2023-04-26T00:00:00.000000Z,0.0083299996331334114,0.0088120000436902046,0.0083259996026754379,0.0088060004636645317,16655
2023-04-27T00:00:00.000000Z,0.0088050002232193947,0.0091199995949864388,0.0087869996204972267,0.0091120004653930664,17059
2023-04-28T00:00:00.000000Z,0.0091110002249479294,0.0093980003148317337,0.0091099999845027924,0.0093930000439286232,16725
2023-04-29T00:00:00.000000Z,0.0093930000439286232,0.0093970000743865967,0.0092590004205703735,0.009340999647974968,5767
2023-04-30T00:00:00.000000Z,0.009340999647974968,0.0093909995630383492,0.0092979995533823967,0.0093710003420710564,3256
2023-05-01T00:00:00.000000Z,0.0093700001016259193,0.0096580004319548607,0.0093539999797940254,0.0096540004014968872,13878
2023-05-02T00:00:00.000000Z,0.0096540004014968872,0.0098419999703764915,0.0096509996801614761,0.009836999699473381,5571
2023-05-03T00:00:00.000000Z,0.009836999699473381,0.0099379997700452805,0.0098320003598928452,0.0099330004304647446,4805
2023-05-04T00:00:00.000000Z,0.0099320001900196075,0.010005000047385693,0.0099039999768137932,0.010001000016927719,3018
2023-05-05T00:00:00.000000Z,0.010001000016927719,0.010106000117957592,0.0099950004369020462,0.010103999637067318,3166
2023-05-06T00:00:00.000000Z,0.010103999637067318,0.010214000009000301,0.010099000297486782,0.010207000188529491,1873
2023-05-07T00:00:00.000000Z,0.010208000428974628,0.010346000082790852,0.010200000368058681,0.010346000082790852,3604
2023-05-08T00:00:00.000000Z,0.010346000082790852,0.010382000356912613,0.010278999805450439,0.010351000353693962,4022
2023-05-09T00:00:00.000000Z,0.010351999662816525,0.01042299997061491,0.010223000310361385,0.010369000025093555,15649
2023-05-10T00:00:00.000000Z,0.010371999815106392,0.010503999888896942,0.010366000235080719,0.010487000457942486,4839
2023-05-11T00:00:00.000000Z,0.010487000457942486,0.010515999980270863,0.010250000283122063,0.010273000225424767,6088
2023-05-12T00:00:00.000000Z,0.010274999774992466,0.010321999900043011,0.0099809998646378517,0.0099839996546506882,7771
2023-05-13T00:00:00.000000Z,0.0099830003455281258,0.0099879996851086617,0.0098569998517632484,0.0098879998549818993,4068
2023-05-14T00:00:00.000000Z,0.0098879998549818993,0.009933999739587307,0.009846000000834465,0.0099120000377297401,1093
2023-05-15T00:00:00.000000Z,0.0099130002781748772,0.0099299997091293335,0.0098890000954270363,0.0099069997668266296,550
2023-05-16T00:00:00.000000Z,0.0099080000072717667,0.0099910004064440727,0.0098999999463558197,0.0099579999223351479,2722
2023-05-17T00:00:00.000000Z,0.0099600004032254219,0.0099649997428059578,0.0095499996095895767,0.0095680002123117447,7200
2023-05-18T00:00:00.000000Z,0.0095680002123117447,0.0095779998227953911,0.0094729997217655182,0.0094849998131394386,1538
2023-05-19T00:00:00.000000Z,0.0094849998131394386,0.0094849998131394386,0.0092759998515248299,0.0092930002138018608,4297
2023-05-20T00:00:00.000000Z,0.0092940004542469978,0.0093010002747178078,0.0092160003259778023,0.0092799998819828033,2804
2023-05-21T00:00:00.000000Z,0.0092810001224279404,0.0098489997908473015,0.0092780003324151039,0.0098489997908473015,49
2023-05-22T00:00:00.000000Z,0.0098479995504021645,0.0098479995504021645,0.0091869998723268509,0.0092970002442598343,4984
2023-05-23T00:00:00.000000Z,0.0092960000038146973,0.0092989997938275337,0.0091970004141330719,0.0092040002346038818,1775
2023-05-24T00:00:00.000000Z,0.0092040002346038818,0.0092040002346038818,0.0091599998995661736,0.0091909999027848244,754
2023-05-25T00:00:00.000000Z,0.0091909999027848244,0.0092120002955198288,0.0091789998114109039,0.0091939996927976608,250
2023-05-26T00:00:00.000000Z,0.0091939996927976608,0.0091979997232556343,0.0090560000389814377,0.0090800002217292786,2851
2023-05-27T00:00:00.000000Z,0.0090789999812841415,0.0091030001640319824,0.0090600000694394112,0.0090619996190071106,355
2023-05-28T00:00:00.000000Z,0.0090610003098845482,0.0090659996494650841,0.0090089999139308929,0.0090169999748468399,884
2023-05-29T00:00:00.000000Z,0.0090159997344017029,0.0090159997344017029,0.0087449997663497925,0.0087919998914003372,5779
2023-05-30T00:00:00.000000Z,0.0087919998914003372,0.0097799999639391899,0.0087890001013875008,0.0097700003534555435,10
2023-05-31T00:00:00.000000Z,0.0097700003534555435,0.0097749996930360794,0.0087909996509552002,0.0087970001623034477,1
2023-06-01T00:00:00.000000Z,0.0087980004027485847,0.0088560003787279129,0.0087810000404715538,0.0088529996573925018,1281
2023-06-02T00:00:00.000000Z,0.0088520003482699394,0.0088569996878504753,0.0087550003081560135,0.0087620001286268234,1805
2023-06-03T00:00:00.000000Z,0.0087620001286268234,0.0087620001286268234,0.0087620001286268234,0.0087620001286268234,0
2023-06-04T00:00:00.000000Z,0.0087620001286268234,0.0087620001286268234,0.0086650000885128975,0.008678000420331955,1883
2023-06-05T00:00:00.000000Z,0.0086759999394416809,0.0086799999698996544,0.0085819996893405914,0.008588000200688839,1731
2023-06-06T00:00:00.000000Z,0.008588000200688839,0.0085929995402693748,0.0085519999265670776,0.008561999537050724,288
2023-06-07T00:00:00.000000Z,0.0085610002279281616,0.008569999597966671,0.0085220001637935638,0.0085370000451803207,711
2023-06-08T00:00:00.000000Z,0.0085370000451803207,0.0086859995499253273,0.0085209999233484268,0.0085359998047351837,137
2023-06-09T00:00:00.000000Z,0.0085359998047351837,0.0085420003160834312,0.0085270004346966743,0.0085340002551674843,0
2023-06-10T00:00:00.000000Z,0.0085340002551674843,0.0085519999265670776,0.0085230004042387009,0.0085429996252059937,10
2023-06-11T00:00:00.000000Z,0.0085420003160834312,0.0085509996861219406,0.0084800003096461296,0.0084859998896718025,826
2023-06-12T00:00:00.000000Z,0.0084849996492266655,0.00849900022149086,0.0084849996492266655,0.008491000160574913,0
2023-06-13T00:00:00.000000Z,0.008491000160574913,0.015432000160217285,0.0079220002517104149,0.0079229995608329773,11502
2023-06-14T00:00:00.000000Z,0.0079229995608329773,0.0079279998317360878,0.0076859998516738415,0.007691000122576952,6688
2023-06-15T00:00:00.000000Z,0.007691000122576952,0.013256999664008617,0.0076129999943077564,0.0076179997995495796,1807
2023-06-16T00:00:00.000000Z,0.0076179997995495796,0.0076600001193583012,0.0076150000095367432,0.007639000192284584,1072
2023-06-17T00:00:00.000000Z,0.007639000192284584,0.007644999772310257,0.0076080001890659332,0.0076270001009106636,418
2023-06-18T00:00:00.000000Z,0.0076259998604655266,0.0076290001161396503,0.0076159997843205929,0.0076190000399947166,147
2023-06-19T00:00:00.000000Z,0.0076190000399947166,0.0076219998300075531,0.0075460001826286316,0.0075480001978576183,1512
2023-06-20T00:00:00.000000Z,0.0075440001673996449,0.0080230003222823143,0.0075420001521706581,0.0080220000818371773,10
2023-06-21T00:00:00.000000Z,0.0080209998413920403,0.0080220000818371773,0.0073830001056194305,0.007395000196993351,3262
2023-06-22T00:00:00.000000Z,0.0073930001817643642,0.0073979999870061874,0.0073429998010396957,0.0073480000719428062,950
2023-06-23T00:00:00.000000Z,0.0073469998314976692,0.007348999846726656,0.0072139999829232693,0.0072139999829232693,2829
2023-06-24T00:00:00.000000Z,0.0072169997729361057,0.0072200000286102295,0.0072030001319944859,0.0072099999524652958,50
2023-06-25T00:00:00.000000Z,0.0072099999524652958,0.0072440002113580704,0.0072059999220073223,0.0072409999556839466,184
2023-06-26T00:00:00.000000Z,0.0072409999556839466,0.0072440002113580704,0.0069869998842477798,0.0069889998994767666,4973
2023-06-27T00:00:00.000000Z,0.0069900001399219036,0.0069960001856088638,0.0069829998537898064,0.0069880001246929169,46
2023-06-28T00:00:00.000000Z,0.0069889998994767666,0.0070179998874664307,0.0069840000942349434,0.0069900001399219036,0
2023-06-29T00:00:00.000000Z,0.0069900001399219036,0.0069989999756217003,0.0069829998537898064,0.0069929999299347401,127
2023-06-30T00:00:00.000000Z,0.0069929999299347401,0.0069929999299347401,0.0069530000910162926,0.0069679999724030495,798
2023-07-01T00:00:00.000000Z,0.0069690002128481865,0.0070989998057484627,0.0069530000910162926,0.006955999881029129,0
2023-07-02T00:00:00.000000Z,0.0069570001214742661,0.0069729997776448727,0.0069519998505711555,0.0069679999724030495,185
2023-07-03T00:00:00.000000Z,0.0069670001976191998,0.0070199999026954174,0.0069630001671612263,0.0070039997808635235,1077
2023-07-04T00:00:00.000000Z,0.0070030000060796738,0.0070130000822246075,0.0069989999756217003,0.0070039997808635235,0
2023-07-05T00:00:00.000000Z,0.0070039997808635235,0.007009000051766634,0.0069960001856088638,0.0070039997808635235,240
2023-07-06T00:00:00.000000Z,0.0070039997808635235,0.016474999487400055,0.0069980002008378506,0.016133999451994896,0
2023-07-07T00:00:00.000000Z,0.016141999512910843,0.016347000375390053,0.0069360001944005489,0.0069380002096295357,1772
2023-07-08T00:00:00.000000Z,0.0069369999691843987,0.016394000500440598,0.0069289999082684517,0.016394000500440598,0
2023-07-09T00:00:00.000000Z,0.016394000500440598,0.016396999359130859,0.0069320001639425755,0.0069349999539554119,17
2023-07-10T00:00:00.000000Z,0.0069349999539554119,0.0071640000678598881,0.0069349999539554119,0.0071530002169311047,11267
2023-07-11T00:00:00.000000Z,0.0071530002169311047,0.0072619998827576637,0.0071470001712441444,0.0072539998218417168,2580
2023-07-12T00:00:00.000000Z,0.0072530000470578671,0.0074930000118911266,0.0072490000165998936,0.0074909999966621399,4819
2023-07-13T00:00:00.000000Z,0.0074909999966621399,0.007600999902933836,0.0074880002066493034,0.0075989998877048492,2540
2023-07-14T00:00:00.000000Z,0.0075969998724758625,0.0076680001802742481,0.007594000082463026,0.0076649999246001244,1300
2023-07-15T00:00:00.000000Z,0.0076649999246001244,0.0076790000312030315,0.0076250000856816769,0.0076600001193583012,1790
2023-07-16T00:00:00.000000Z,0.0076609998941421509,0.0077539999037981033,0.0076549998484551907,0.0077510001137852669,1683
2023-07-17T00:00:00.000000Z,0.0077499998733401299,0.0077740000560879707,0.007689999882131815,0.0077689997851848602,3305
2023-07-18T00:00:00.000000Z,0.0077700000256299973,0.0077809998765587807,0.0077570001594722271,0.007763999979943037,144
2023-07-19T00:00:00.000000Z,0.0077630002051591873,0.0077700000256299973,0.0076259998604655266,0.0076469997875392437,4338
2023-07-20T00:00:00.000000Z,0.0076500000432133675,0.0077240001410245895,0.0076310001313686371,0.0077229999005794525,1928
2023-07-21T00:00:00.000000Z,0.0077240001410245895,0.0077949999831616879,0.0075969998724758625,0.007602000143378973,7863
2023-07-22T00:00:00.000000Z,0.007602000143378973,0.0076029999181628227,0.0075530000030994415,0.0075630000792443752,993
2023-08-02T00:00:00.000000Z,2.416038990020752,2.5088229179382324,2.3186330795288086,2.3590559959411621,165161410
2023-08-03T00:00:00.000000Z,2.3591129779815674,2.3687338829040527,2.2645959854125977,2.3271529674530029,82117842
2023-08-04T00:00:00.000000Z,2.3270909786224365,2.3338630199432373,2.1540210247039795,2.1689190864562988,78345358
2023-08-05T00:00:00.000000Z,2.1693480014801025,2.1783819198608398,2.0981659889221191,2.1300079822540283,57096570
2023-08-06T00:00:00.000000Z,2.1301360130310059,2.1563119888305664,2.0130200386047363,2.0413310527801514,67216559
2023-08-07T00:00:00.000000Z,2.0411770343780518,2.0884490013122559,2.0214099884033203,2.039499044418335,76425225
2023-08-08T00:00:00.000000Z,2.0391368865966797,2.0462169647216797,1.914868950843811,1.9362970590591431,95067817
2023-08-09T00:00:00.000000Z,1.9366339445114136,1.9600780010223389,1.8134599924087524,1.8321850299835205,70092855
2023-08-10T00:00:00.000000Z,1.8324689865112305,1.8514159917831421,1.6795170307159424,1.6795170307159424,87674173
2023-08-11T00:00:00.000000Z,1.6796489953994751,1.7644640207290649,1.6645300388336182,1.7399239540100098,82443802
2023-08-12T00:00:00.000000Z,1.7404969930648804,1.8162599802017212,1.7257380485534668,1.7600380182266235,120070354
2023-08-13T00:00:00.000000Z,1.7596789598464966,1.8287999629974365,1.7582370042800903,1.7694419622421265,79482027
2023-08-14T00:00:00.000000Z,1.7694180011749268,1.8120659589767456,1.7476619482040405,1.7694000005722046,50239411
2023-08-15T00:00:00.000000Z,1.7692220211029053,1.7889569997787476,1.6002720594406128,1.6174030303955078,63579760
2023-08-16T00:00:00.000000Z,1.6172770261764526,1.6293669939041138,1.484173059463501,1.5221929550170898,80045499
2023-08-17T00:00:00.000000Z,1.5222530364990234,1.5411900281906128,1.2641550302505493,1.3663129806518555,77403283
2023-08-18T00:00:00.000000Z,1.3669699430465698,1.5703129768371582,1.3272500038146973,1.5439430475234985,109753417
2023-08-19T00:00:00.000000Z,1.5439590215682983,1.5439590215682983,1.455070972442627,1.4803309440612793,52682708
2023-08-20T00:00:00.000000Z,1.4802900552749634,1.5379739999771118,1.465878963470459,1.4687759876251221,46561968
2023-08-21T00:00:00.000000Z,1.4687730073928833,1.5228290557861328,1.4323910474777222,1.4769870042800903,51572760
2023-08-22T00:00:00.000000Z,1.4766279458999634,1.4954849481582642,1.3823699951171875,1.4330500364303589,47449469
2023-08-23T00:00:00.000000Z,1.4328789710998535,1.4430290460586548,1.3394240140914917,1.4059940576553345,58661476
2023-08-24T00:00:00.000000Z,1.4060499668121338,1.4699549674987793,1.3788379430770874,1.3965489864349365,45258752
2023-08-25T00:00:00.000000Z,1.396543025970459,1.3991309404373169,1.2481670379638672,1.2666679620742798,47733743
2023-08-26T00:00:00.000000Z,1.2665040493011475,1.3225359916687012,1.2347429990768433,1.2950559854507446,40934743
2023-08-27T00:00:00.000000Z,1.294929027557373,1.3112690448760986,1.2697789669036865,1.3112690448760986,33895890
2023-08-28T00:00:00.000000Z,1.3112930059432983,1.3209129571914673,1.2022219896316528,1.2085340023040771,49261258
2023-08-29T00:00:00.000000Z,1.2085839509963989,1.3719789981842041,1.1178510189056396,1.2969620227813721,131221586
2023-08-30T00:00:00.000000Z,1.2971220016479492,1.3258370161056519,1.2063889503479004,1.2215219736099243,84116845
2023-08-31T00:00:00.000000Z,1.2216670513153076,1.2586499452590942,1.1314539909362793,1.135066032409668,76888118
2023-09-01T00:00:00.000000Z,1.1351549625396729,1.1426719427108765,1.0997040271759033,1.1239409446716309,71097486
2023-09-02T00:00:00.000000Z,1.1239240169525146,1.2057000398635864,1.1095149517059326,1.1336530447006226,91320014
2023-09-03T00:00:00.000000Z,1.1337720155715942,1.149683952331543,1.1057950258255005,1.1293280124664307,42670561
2023-09-04T00:00:00.000000Z,1.1295700073242188,1.1590520143508911,1.0380959510803223,1.0469059944152832,65832339
2023-09-05T00:00:00.000000Z,1.047091007232666,1.0934009552001953,1.0258749723434448,1.0720239877700806,52316434
2023-09-06T00:00:00.000000Z,1.071977972984314,1.3233859539031982,1.0552419424057007,1.2852660417556763,169657556
2023-09-07T00:00:00.000000Z,1.2848759889602661,1.38155198097229,1.2006280422210693,1.2284059524536133,170739703
2023-09-08T00:00:00.000000Z,1.2280609607696533,1.2495729923248291,1.1186180114746094,1.1339859962463379,69317960
2023-09-09T00:00:00.000000Z,1.134099006652832,1.1800609827041626,1.1234910488128662,1.1645059585571289,52379027
2023-09-10T00:00:00.000000Z,1.1651240587234497,1.1769000291824341,1.0682359933853149,1.0910619497299194,60642513
2023-09-11T00:00:00.000000Z,1.0912120342254639,1.1070870161056519,1.0029569864273071,1.0091220140457153,74606396
2023-09-12T00:00:00.000000Z,1.0091700553894043,1.0542999505996704,0.97670698165893555,1.0122929811477661,74511639
2023-09-13T00:00:00.000000Z,1.0123809576034546,1.0383239984512329,0.97578102350234985,1.0131349563598633,73424485
2023-09-14T00:00:00.000000Z,1.0131169557571411,1.1123529672622681,0.99965101480484009,1.0728989839553833,75788251
2023-09-15T00:00:00.000000Z,1.0730990171432495,1.3642450571060181,1.0537450313568115,1.325281023979187,185833668
2023-09-16T00:00:00.000000Z,1.3253300189971924,1.6706720590591431,1.3191640377044678,1.5093350410461426,420328323
2023-09-17T00:00:00.000000Z,1.5086740255355835,1.5086740255355835,1.2394980192184448,1.2690490484237671,153009613
2023-09-18T00:00:00.000000Z,1.2688390016555786,1.4896670579910278,1.2394260168075562,1.3511079549789429,173004779
2023-09-19T00:00:00.000000Z,1.3512749671936035,1.4186739921569824,1.3216400146484375,1.3739739656448364,97645536
2023-09-20T00:00:00.000000Z,1.3739850521087646,1.5652229785919189,1.3624700307846069,1.5594120025634766,161599249
2023-09-21T00:00:00.000000Z,1.5593489408493042,1.6151330471038818,1.3862440586090088,1.5228149890899658,159420551
2023-09-22T00:00:00.000000Z,1.5175479650497437,1.6224360466003418,1.4645880460739136,1.604951024055481,143819802
2023-09-23T00:00:00.000000Z,1.6048660278320312,1.6629790067672729,1.4984049797058105,1.510267972946167,96492957
2023-09-24T00:00:00.000000Z,1.5100239515304565,1.6609909534454346,1.4979469776153564,1.6231800317764282,86871450
2023-09-25T00:00:00.000000Z,1.6229120492935181,1.7485649585723877,1.5815509557723999,1.7185180187225342,140677607
2023-09-26T00:00:00.000000Z,1.7188019752502441,1.7586610317230225,1.6418720483779907,1.6919859647750854,129629050
2023-09-27T00:00:00.000000Z,1.6919070482254028,1.8078269958496094,1.6798310279846191,1.7999240159988403,135190288
2023-09-28T00:00:00.000000Z,1.7996540069580078,1.8878970146179199,1.7790989875793457,1.7926399707794189,154449891
2023-09-29T00:00:00.000000Z,1.7925479412078857,1.8477840423583984,1.6929780244827271,1.7301219701766968,109816336
2023-09-30T00:00:00.000000Z,1.7300510406494141,1.8093559741973877,1.6677320003509521,1.6713210344314575,100102908
2023-10-01T00:00:00.000000Z,1.6710389852523804,1.7962629795074463,1.6700979471206665,1.7781870365142822,179354897
2023-10-02T00:00:00.000000Z,1.7781009674072266,1.7969850301742554,1.622588038444519,1.6416460275650024,92151231
2023-10-03T00:00:00.000000Z,1.6416349411010742,1.6738790273666382,1.5256119966506958,1.5311529636383057,74979947
2023-10-04T00:00:00.000000Z,1.5313869714736938,1.5586680173873901,1.4885489940643311,1.5432430505752563,73225886
2023-10-05T00:00:00.000000Z,1.5432620048522949,1.5860569477081299,1.4972009658813477,1.5080889463424683,63853046
2023-10-06T00:00:00.000000Z,1.5080859661102295,1.6808029413223267,1.5071589946746826,1.6558270454406738,79705553
2023-10-07T00:00:00.000000Z,1.6557830572128296,1.6723940372467041,1.5897699594497681,1.6006059646606445,60212095
2023-10-08T00:00:00.000000Z,1.6006209850311279,1.6327099800109863,1.5701689720153809,1.5829850435256958,45047762
2023-10-09T00:00:00.000000Z,1.5831120014190674,1.601032018661499,1.5027899742126465,1.5517619848251343,68926375
2023-10-10T00:00:00.000000Z,1.5519789457321167,1.5676980018615723,1.5147459506988525,1.5481539964675903,36602228
2023-10-11T00:00:00.000000Z,1.5485520362854004,1.6463570594787598,1.5325039625167847,1.6302670240402222,61477462
2023-10-12T00:00:00.000000Z,1.6301449537277222,1.6355420351028442,1.4543919563293457,1.4634289741516113,53767424
2023-10-13T00:00:00.000000Z,1.4634100198745728,1.5033940076828003,1.4360250234603882,1.4854520559310913,40380738
2023-10-14T00:00:00.000000Z,1.4854209423065186,1.5129929780960083,1.4639339447021484,1.4970550537109375,24461003
2023-10-15T00:00:00.000000Z,1.4970450401306152,1.5427860021591187,1.4806070327758789,1.5290089845657349,33984856
2023-10-16T00:00:00.000000Z,1.5290369987487793,1.6426349878311157,1.512099027633667,1.6105829477310181,70142294
2023-10-17T00:00:00.000000Z,1.6104769706726074,1.6691550016403198,1.5886290073394775,1.6275789737701416,50766857
2023-10-18T00:00:00.000000Z,1.6274590492248535,1.6352260112762451,1.4568400382995605,1.4579600095748901,47727254
2023-10-19T00:00:00.000000Z,1.4579019546508789,1.487928032875061,1.4118520021438599,1.452193021774292,50021108
2023-10-20T00:00:00.000000Z,1.4521640539169312,1.567924976348877,1.4388300180435181,1.5217299461364746,48100452
2023-10-21T00:00:00.000000Z,1.5216439962387085,1.6558879613876343,1.5015419721603394,1.6102880239486694,53378143
2023-10-22T00:00:00.000000Z,1.6102110147476196,1.7097760438919067,1.577288031578064,1.6346820592880249,68987905
2023-10-23T00:00:00.000000Z,1.6284600496292114,1.6663620471954346,1.4886900186538696,1.6477220058441162,98305639
2023-10-24T00:00:00.000000Z,1.6479990482330322,1.7900880575180054,1.6011389493942261,1.6740800142288208,125381909
2023-10-25T00:00:00.000000Z,1.6743639707565308,1.8228460550308228,1.6629359722137451,1.8037129640579224,90079680
2023-10-26T00:00:00.000000Z,1.8036040067672729,1.9159799814224243,1.7041200399398804,1.8564189672470093,101727221
2023-10-27T00:00:00.000000Z,1.8563690185546875,1.9446539878845215,1.7558280229568481,1.8745590448379517,98023155
2023-10-28T00:00:00.000000Z,1.874487042427063,1.9487030506134033,1.8310489654541016,1.8370109796524048,74508644
2023-10-29T00:00:00.000000Z,1.8369139432907104,1.8671350479125977,1.7965749502182007,1.8007800579071045,52038887
2023-10-30T00:00:00.000000Z,1.8006769418716431,1.9360450506210327,1.8006769418716431,1.8892250061035156,72936930
2023-10-31T00:00:00.000000Z,1.8890260457992554,2.0459840297698975,1.8743610382080078,2.039362907409668,123472601
2023-11-01T00:00:00.000000Z,2.0391640663146973,2.039557933807373,1.8543030023574829,1.886618971824646,109855874
2023-11-02T00:00:00.000000Z,1.8864959478378296,1.9193520545959473,1.7213070392608643,1.7499450445175171,81832082
2023-11-03T00:00:00.000000Z,1.7498209476470947,1.8684289455413818,1.7167340517044067,1.8523479700088501,59759695
2023-11-04T00:00:00.000000Z,1.8524049520492554,1.8983340263366699,1.8454040288925171,1.8671900033950806,41568658
2023-11-05T00:00:00.000000Z,1.8673889636993408,1.891679048538208,1.8039729595184326,1.8270870447158813,41549593
2023-11-06T00:00:00.000000Z,1.8270399570465088,1.8680520057678223,1.7834219932556152,1.8201500177383423,49810279
2023-11-07T00:00:00.000000Z,1.8200700283050537,1.850829005241394,1.748026967048645,1.8419400453567505,72747967
2023-11-08T00:00:00.000000Z,1.8419770002365112,1.8564529418945312,1.7941989898681641,1.83479905128479,47455377
2023-11-09T00:00:00.000000Z,1.8346450328826904,1.9071320295333862,1.6747519969940186,1.7589559555053711,100054510
2023-11-10T00:00:00.000000Z,1.7594120502471924,1.9908870458602905,1.6897530555725098,1.9711979627609253,94045071
2023-11-11T00:00:00.000000Z,1.9712150096893311,2.0847420692443848,1.9033459424972534,1.9316420555114746,163470184
2023-11-12T00:00:00.000000Z,1.9320379495620728,1.9792129993438721,1.868340015411377,1.9462089538574219,77374485
2023-11-13T00:00:00.000000Z,1.946552038192749,2.5678870677947998,1.8921560049057007,2.3246979713439941,428591638
2023-11-14T00:00:00.000000Z,2.324120044708252,2.3254690170288086,2.1315619945526123,2.2923638820648193,244329798
2023-11-15T00:00:00.000000Z,2.2929439544677734,2.4447689056396484,2.2851979732513428,2.3665230274200439,172057215
2023-11-16T00:00:00.000000Z,2.3658640384674072,2.5157508850097656,2.159308910369873,2.1877970695495605,185518921
2023-11-17T00:00:00.000000Z,2.1877129077911377,2.2517950534820557,1.8843050003051758,1.9934420585632324,194276949
2023-11-18T00:00:00.000000Z,1.9930399656295776,2.1054909229278564,1.8353500366210938,2.0604178905487061,144986883
2023-11-19T00:00:00.000000Z,2.0607149600982666,2.5577089786529541,2.0111229419708252,2.4158689975738525,305170150
2023-11-20T00:00:00.000000Z,2.4157149791717529,2.6620030403137207,2.1946749687194824,2.2013700008392334,320776148
2023-11-21T00:00:00.000000Z,2.2013709545135498,2.4766519069671631,2.196505069732666,2.2447600364685059,236813374
2023-11-22T00:00:00.000000Z,2.2439510822296143,2.5871829986572266,2.239375114440918,2.5099151134490967,218398975
2023-11-23T00:00:00.000000Z,2.5096809864044189,2.5342719554901123,2.3208639621734619,2.3841989040374756,135293241
2023-11-24T00:00:00.000000Z,2.3835859298706055,2.5637879371643066,2.3545749187469482,2.4751300811767578,170824728
2023-11-25T00:00:00.000000Z,2.4749810695648193,2.8645870685577393,2.4553399085998535,2.7349948883056641,219140572
2023-11-26T00:00:00.000000Z,2.7353200912475586,2.7533988952636719,2.6131069660186768,2.6632070541381836,149995536
2023-11-27T00:00:00.000000Z,2.6632030010223389,2.7685658931732178,2.4691250324249268,2.5069949626922607,179334116
2023-11-28T00:00:00.000000Z,2.5070369243621826,2.5678269863128662,2.4084689617156982,2.5179629325866699,129711457
2023-11-29T00:00:00.000000Z,2.5180859565734863,2.6310100555419922,2.332165002822876,2.34220290184021,143079231
2023-11-30T00:00:00.000000Z,2.3426339626312256,2.4477329254150391,2.3244268894195557,2.4345159530639648,84304965
2023-12-01T00:00:00.000000Z,2.4344000816345215,2.5177040100097656,2.374722957611084,2.4009599685668945,84919458
2023-12-02T00:00:00.000000Z,2.4008159637451172,2.584583044052124,2.3989861011505127,2.5561239719390869,102144467
2023-12-03T00:00:00.000000Z,2.5561740398406982,2.6053340435028076,2.4285550117492676,2.4650518894195557,104099021
2023-12-04T00:00:00.000000Z,2.4651939868927002,2.5736079216003418,2.3598930835723877,2.458590030670166,145315154
2023-12-05T00:00:00.000000Z,2.4587759971618652,2.5191318988800049,2.3758499622344971,2.4523160457611084,122219093
2023-12-06T00:00:00.000000Z,2.4521350860595703,2.5380959510803223,2.4113109111785889,2.4272470474243164,142602746
2023-12-07T00:00:00.000000Z,2.4276070594787598,2.5089740753173828,2.3524808883666992,2.5029981136322021,98234167
2023-12-08T00:00:00.000000Z,2.5026900768280029,2.5452311038970947,2.433603048324585,2.4858560562133789,88948142
2023-12-09T00:00:00.000000Z,2.4858980178833008,2.5714919567108154,2.4532470703125,2.4872660636901855,165115153
2023-12-10T00:00:00.000000Z,2.4869279861450195,2.7305219173431396,2.4838290214538574,2.6849699020385742,134380210
2023-12-11T00:00:00.000000Z,2.6858479976654053,2.6957230567932129,2.3742969036102295,2.4472570419311523,151929281
2023-12-12T00:00:00.000000Z,2.4471309185028076,2.4921131134033203,2.3592190742492676,2.414417028427124,100081118
2023-12-13T00:00:00.000000Z,2.4133999347686768,2.5736401081085205,2.318058967590332,2.5216391086578369,160906752
2023-12-14T00:00:00.000000Z,2.5215020179748535,2.6602909564971924,2.5064818859100342,2.6127860546112061,118043362
2023-12-15T00:00:00.000000Z,2.6130421161651611,2.7185089588165283,2.4722099304199219,2.4722099304199219,127481902
2023-12-16T00:00:00.000000Z,2.4722070693969727,4.3825440406799316,2.4267079830169678,3.8019719123840332,759921398
2023-12-17T00:00:00.000000Z,3.8020999431610107,4.7011528015136719,3.7512049674987793,4.2058520317077637,738703151
2023-12-18T00:00:00.000000Z,4.2058300971984863,4.3221940994262695,3.6778340339660645,3.9159920215606689,428626540
2023-12-19T00:00:00.000000Z,3.9171719551086426,4.2979421615600586,3.6974210739135742,3.7373480796813965,303103721
2023-12-20T00:00:00.000000Z,3.7363080978393555,3.8055949211120605,3.4319911003112793,3.4788749217987061,233485461
2023-12-21T00:00:00.000000Z,3.4797570705413818,3.8587260246276855,3.452052116394043,3.5306270122528076,195041051
2023-12-22T00:00:00.000000Z,3.5306370258331299,3.7591838836669922,3.4734420776367188,3.6996159553527832,178454330
2023-12-23T00:00:00.000000Z,3.698991060256958,3.7291779518127441,3.3505089282989502,3.4709579944610596,136225781
2023-12-24T00:00:00.000000Z,3.4702529907226562,3.5818629264831543,3.3110709190368652,3.3689160346984863,141909117
2023-12-25T00:00:00.000000Z,3.3685719966888428,3.7653329372406006,3.3669090270996094,3.7547171115875244,183118136
2023-12-26T00:00:00.000000Z,3.7555229663848877,4.0639858245849609,3.4889669418334961,3.6846239566802979,234134682
2023-12-27T00:00:00.000000Z,3.6838130950927734,3.7426309585571289,3.4360799789428711,3.6315350532531738,139539390
2023-12-28T00:00:00.000000Z,3.6310789585113525,3.7370820045471191,3.4000730514526367,3.5206890106201172,125003912
2023-12-29T00:00:00.000000Z,3.5196390151977539,3.6393818855285645,3.4133288860321045,3.5062949657440186,116595888
2023-12-30T00:00:00.000000Z,3.5063259601593018,3.972944974899292,3.4580049514770508,3.6961441040039062,188026490
2023-12-31T00:00:00.000000Z,3.6963009834289551,3.8702061176300049,3.5787160396575928,3.6392319202423096,145337612
2024-01-01T00:00:00.000000Z,3.6384649276733398,3.7616620063781738,3.4915521144866943,3.6208109855651855,114530775
2024-01-02T00:00:00.000000Z,3.6201090812683105,3.8983879089355469,3.5282878875732422,3.5710000991821289,167338770
2024-01-03T00:00:00.000000Z,3.5713620185852051,3.8438210487365723,2.8455901145935059,3.0775539875030518,261142103
2024-01-04T00:00:00.000000Z,3.0781049728393555,3.2495589256286621,3.027101993560791,3.2098419666290283,135962568
2024-01-05T00:00:00.000000Z,3.2094190120697021,3.2393350601196289,2.8782880306243896,2.9734330177307129,127276379
2024-01-06T00:00:00.000000Z,2.9745519161224365,2.979341983795166,2.6724390983581543,2.7795228958129883,120844352
2024-01-07T00:00:00.000000Z,2.7797229290008545,2.8392400741577148,2.6068580150604248,2.6293900012969971,81527552
2024-01-08T00:00:00.000000Z,2.6292939186096191,2.8731389045715332,2.4259839057922363,2.8177680969238281,124622907
2024-01-09T00:00:00.000000Z,2.8179390430450439,2.8307180404663086,2.3789288997650146,2.4981310367584229,119769409
2024-01-10T00:00:00.000000Z,2.4983279705047607,2.8211441040039062,2.4120619297027588,2.7521638870239258,125324120
2024-01-11T00:00:00.000000Z,2.7537209987640381,2.9382619857788086,2.6707010269165039,2.7810719013214111,134702374
2024-01-12T00:00:00.000000Z,2.7796750068664551,3.1750209331512451,2.6935570240020752,2.8453030586242676,180375283
2024-01-13T00:00:00.000000Z,2.8454389572143555,2.9291958808898926,2.7218010425567627,2.8651199340820312,89690470
2024-01-14T00:00:00.000000Z,2.8651959896087646,2.9213690757751465,2.6622030735015869,2.6639750003814697,73043932
2024-01-15T00:00:00.000000Z,2.6641271114349365,2.8258988857269287,2.6627779006958008,2.7725141048431396,76114824
2024-01-16T00:00:00.000000Z,2.7703750133514404,2.8493878841400146,2.697606086730957,2.7491650581359863,72412078
2024-01-17T00:00:00.000000Z,2.7489950656890869,2.7729620933532715,2.6807410717010498,2.7154190540313721,61856257
2024-01-18T00:00:00.000000Z,2.7156860828399658,2.7639789581298828,2.5380730628967285,2.5654881000518799,77796750
2024-01-19T00:00:00.000000Z,2.5654881000518799,2.5790619850158691,2.3533680438995361,2.5106000900268555,83294109
2024-01-20T00:00:00.000000Z,2.5105969905853271,2.5470490455627441,2.4468729496002197,2.4942169189453125,50965531
2024-01-21T00:00:00.000000Z,2.4945540428161621,2.6622939109802246,2.4737200736999512,2.4992880821228027,64906917
2024-01-22T00:00:00.000000Z,2.4997520446777344,2.5152809619903564,2.2514519691467285,2.2586209774017334,79591313
2024-01-23T00:00:00.000000Z,2.2586240768432617,2.3319289684295654,2.0904459953308105,2.2429139614105225,81697596
2024-01-24T00:00:00.000000Z,2.2426209449768066,2.2915558815002441,2.2073159217834473,2.2914259433746338,59430392
2024-01-25T00:00:00.000000Z,2.2914729118347168,2.3616569042205811,2.2163240909576416,2.2424569129943848,74214190
2024-01-26T00:00:00.000000Z,2.2422850131988525,2.3857181072235107,2.2178349494934082,2.3595829010009766,60653808
2024-01-27T00:00:00.000000Z,2.358691930770874,2.4514980316162109,2.3539679050445557,2.4181981086730957,55055688
2024-01-28T00:00:00.000000Z,2.4183049201965332,2.4502840042114258,2.2636950016021729,2.2784459590911865,56230679
2024-01-29T00:00:00.000000Z,2.2784340381622314,2.3977499008178711,2.2675900459289551,2.376323938369751,50623233
2024-01-30T00:00:00.000000Z,2.376323938369751,2.7448499202728271,2.3486950397491455,2.469196081161499,190880548
2024-01-31T00:00:00.000000Z,2.4695758819580078,2.5217969417572021,2.2728641033172607,2.2974660396575928,110043684
2024-02-01T00:00:00.000000Z,2.2975790500640869,2.3046228885650635,2.2264420986175537,2.2772579193115234,60751440
2024-02-02T00:00:00.000000Z,2.2772660255432129,2.375525951385498,2.2772660255432129,2.3528599739074707,52068569
2024-02-03T00:00:00.000000Z,2.3530540466308594,2.4060409069061279,2.2857708930969238,2.3103780746459961,46532708
2024-02-04T00:00:00.000000Z,2.3104760646820068,2.3104760646820068,2.179265022277832,2.1799180507659912,47982319
2024-02-05T00:00:00.000000Z,2.1804380416870117,2.2428491115570068,2.160923957824707,2.2199790477752686,48609324
2024-02-06T00:00:00.000000Z,2.219822883605957,2.2484219074249268,2.1815481185913086,2.2181661128997803,44064872
2024-02-07T00:00:00.000000Z,2.2183520793914795,2.3760159015655518,2.20986008644104,2.355536937713623,51415988
2024-02-08T00:00:00.000000Z,2.3555500507354736,2.4214489459991455,2.3325450420379639,2.3842430114746094,54465876
2024-02-09T00:00:00.000000Z,2.3842558860778809,2.5077300071716309,2.3842558860778809,2.4887731075286865,67333554
2024-02-10T00:00:00.000000Z,2.488785982131958,2.5949890613555908,2.4310050010681152,2.4913721084594727,68507606
2024-02-11T00:00:00.000000Z,2.49114990234375,2.5909550189971924,2.4486410617828369,2.4597020149230957,51342596
2024-02-12T00:00:00.000000Z,2.4596149921417236,2.6422750949859619,2.4596149921417236,2.6238200664520264,85291517
2024-02-13T00:00:00.000000Z,2.6229128837585449,2.8830471038818359,2.6198298931121826,2.7734630107879639,136155790
2024-02-14T00:00:00.000000Z,2.7737290859222412,3.2275159358978271,2.6997919082641602,3.1406269073486328,171572088
2024-02-15T00:00:00.000000Z,3.1408629417419434,3.4888949394226074,3.076970100402832,3.4888949394226074,166181840
2024-02-16T00:00:00.000000Z,3.4844241142272949,4.5562667846679688,3.3717110157012939,4.4450778961181641,618857612
2024-02-17T00:00:00.000000Z,4.4460248947143555,4.9221401214599609,4.3028202056884766,4.6814370155334473,489575703
2024-02-18T00:00:00.000000Z,4.6796960830688477,6.356010913848877,4.6796960830688477,5.8729038238525391,676311273
2024-02-19T00:00:00.000000Z,5.8761367797851562,7.965919017791748,5.8756861686706543,7.607151985168457,1489727078
2024-02-20T00:00:00.000000Z,7.6071648597717285,7.7631940841674805,6.2480177879333496,6.7042632102966309,995569442
2024-02-21T00:00:00.000000Z,6.7042679786682129,7.1077661514282227,6.0760478973388672,7.0910758972167969,753565245
2024-02-22T00:00:00.000000Z,7.0852961540222168,8.9770164489746094,7.0690240859985352,8.163844108581543,1317763682
2024-02-23T00:00:00.000000Z,8.1608791351318359,9.1111040115356445,7.8757128715515137,8.2281789779663086,944951298
2024-02-24T00:00:00.000000Z,8.2264528274536133,8.4648666381835938,7.655235767364502,8.1434164047241211,585056543
2024-02-25T00:00:00.000000Z,8.1431941986083984,9.3286781311035156,8.1326875686645508,8.5476188659667969,825879171
2024-02-26T00:00:00.000000Z,8.5475492477416992,9.2197732925415039,7.7740697860717773,8.0057697296142578,971707056
2024-02-27T00:00:00.000000Z,8.0059909820556641,8.2143087387084961,7.0570478439331055,7.165259838104248,694291439
2024-02-28T00:00:00.000000Z,7.1664838790893555,8.6760110855102539,7.0361762046813965,7.9081239700317383,1137471846
2024-02-29T00:00:00.000000Z,7.9094948768615723,8.3211202621459961,7.1979098320007324,7.3359708786010742,566553921
2024-03-01T00:00:00.000000Z,7.3339009284973145,8.3835210800170898,7.3339009284973145,7.9414210319519043,758565215
2024-03-02T00:00:00.000000Z,7.936060905456543,8.1691141128540039,7.5319080352783203,7.6758508682250977,487535468
2024-03-03T00:00:00.000000Z,7.6758289337158203,8.4685068130493164,7.323084831237793,7.918698787689209,885572987
2024-03-04T00:00:00.000000Z,7.9168848991394043,8.3878383636474609,7.3523049354553223,7.3800501823425293,688191713
2024-03-05T00:00:00.000000Z,7.3797950744628906,7.5130391120910645,5.7918782234191895,6.4473600387573242,742579473
2024-03-06T00:00:00.000000Z,6.446627140045166,7.3499021530151367,6.0890388488769531,7.2849431037902832,668425045
2024-03-07T00:00:00.000000Z,7.2849249839782715,8.0508813858032227,7.0754718780517578,7.2049961090087891,659566749
2024-03-08T00:00:00.000000Z,7.2048850059509277,7.7910218238830566,6.9250688552856445,7.5428671836853027,623599554
2024-03-09T00:00:00.000000Z,7.5428671836853027,11.747014045715332,7.5013251304626465,11.692425727844238,2004888053
2024-03-10T00:00:00.000000Z,11.692445755004883,11.81712818145752,9.1889066696166992,9.56268310546875,1068179342
2024-03-11T00:00:00.000000Z,9.5627050399780273,10.260394096374512,9.1952543258666992,9.8412914276123047,831925099
2024-03-12T00:00:00.000000Z,9.8412914276123047,10.531149864196777,9.3468093872070312,10.172019958496094,794979844
2024-03-13T00:00:00.000000Z,10.172019958496094,10.224435806274414,9.3426837921142578,9.5508260726928711,413432842
2024-03-14T00:00:00.000000Z,9.5508260726928711,10.856775283813477,9.3011560440063477,10.785968780517578,818396799
2024-03-15T00:00:00.000000Z,10.785943031311035,10.790962219238281,8.7106790542602539,9.7338724136352539,897075573
2024-03-16T00:00:00.000000Z,9.7338724136352539,9.8490314483642578,8.1800327301025391,8.44287109375,501049011
2024-03-17T00:00:00.000000Z,8.44287109375,9.9241209030151367,8.3266191482543945,9.5974321365356445,716267454
2024-03-18T00:00:00.000000Z,9.54730224609375,9.7957677841186523,8.6057224273681641,8.7335386276245117,504326236
2024-03-19T00:00:00.000000Z,8.7635927200317383,8.8733768463134766,7.3528561592102051,7.5068278312683105,639542175
2024-03-20T00:00:00.000000Z,7.5068278312683105,8.4405231475830078,7.2460880279541016,8.3436994552612305,481685933
2024-03-21T00:00:00.000000Z,8.3436994552612305,8.4225492477416992,7.8251638412475586,8.0458259582519531,323442986
2024-03-22T00:00:00.000000Z,8.0458459854125977,8.4015913009643555,7.6910090446472168,7.9681649208068848,369681132
2024-03-23T00:00:00.000000Z,7.9681649208068848,9.0512685775756836,7.9428768157958984,8.4640951156616211,434831046
2024-03-24T00:00:00.000000Z,8.4640951156616211,8.579737663269043,8.1450729370117188,8.4536581039428711,305631121
2024-03-25T00:00:00.000000Z,8.4536581039428711,8.9423151016235352,8.3479251861572266,8.6623458862304688,351638356
2024-03-26T00:00:00.000000Z,8.6623458862304688,9.4537591934204102,8.5955448150634766,8.7485589981079102,415209449
2024-03-27T00:00:00.000000Z,8.7485589981079102,9.2324666976928711,8.3735847473144531,8.4357528686523438,479333232
2024-03-28T00:00:00.000000Z,8.4357633590698242,8.6173744201660156,8.2016162872314453,8.4185371398925781,283204884
2024-03-29T00:00:00.000000Z,8.418482780456543,8.6869668960571289,8.0682907104492188,8.3845319747924805,382830664
2024-03-30T00:00:00.000000Z,8.3845319747924805,8.512843132019043,8.0641651153564453,8.1198606491088867,219379356
2024-03-31T00:00:00.000000Z,8.1198606491088867,8.2852849960327148,8.0931034088134766,8.22216796875,170656771
2024-04-01T00:00:00.000000Z,8.2221584320068359,8.2978792190551758,7.3847861289978027,7.665492057800293,340636292
2024-04-02T00:00:00.000000Z,7.6654629707336426,7.6676568984985352,6.7968010902404785,6.8373608589172363,363682952
2024-04-03T00:00:00.000000Z,6.8373608589172363,7.1855387687683105,6.5206642150878906,6.7564730644226074,292143784
2024-04-04T00:00:00.000000Z,6.7563390731811523,7.1653461456298828,6.6155948638916016,6.8721828460693359,244815959
2024-04-05T00:00:00.000000Z,6.8727941513061523,6.9873638153076172,6.4854087829589844,6.8650221824645996,231880016
2024-04-06T00:00:00.000000Z,6.8649640083312988,7.2554841041564941,6.8058280944824219,6.9839868545532227,234980476
2024-04-07T00:00:00.000000Z,6.9839868545532227,7.3766388893127441,6.9670491218566895,7.2076201438903809,244478742
2024-04-08T00:00:00.000000Z,7.2076201438903809,7.4614109992980957,7.0511860847473145,7.307769775390625,214115611
2024-04-09T00:00:00.000000Z,7.307769775390625,7.3474202156066895,6.6183891296386719,6.6602511405944824,236510944
2024-04-10T00:00:00.000000Z,6.6602511405944824,6.7393760681152344,6.3178467750549316,6.5689129829406738,220683673
2024-04-11T00:00:00.000000Z,6.5689129829406738,6.8844618797302246,6.3267521858215332,6.383842945098877,240405173
2024-04-12T00:00:00.000000Z,6.383842945098877,6.7013897895812988,4.8854598999023438,5.4847660064697266,489877628
2024-04-13T00:00:00.000000Z,5.4847660064697266,5.4890589714050293,3.8324260711669922,4.4367241859436035,558014267
2024-04-14T00:00:00.000000Z,4.4367241859436035,5.1809191703796387,4.2936792373657227,5.1678690910339355,440490802
2024-04-15T00:00:00.000000Z,5.1452732086181641,5.2299370765686035,4.4751968383789062,4.7851948738098145,357969708
2024-04-16T00:00:00.000000Z,4.7851948738098145,5.1798110008239746,4.5546607971191406,5.123356819152832,364944058
2024-04-17T00:00:00.000000Z,5.0886430740356445,5.1510539054870605,4.6830902099609375,4.7308249473571777,367015823
2024-04-18T00:00:00.000000Z,4.7308249473571777,5.1429281234741211,4.5877590179443359,4.9937901496887207,254443504
2024-04-19T00:00:00.000000Z,4.9937901496887207,5.2538318634033203,4.4898781776428223,4.9456090927124023,370100890
2024-04-20T00:00:00.000000Z,4.9456157684326172,5.6575927734375,4.8347887992858887,5.5341739654541016,270125663
2024-04-21T00:00:00.000000Z,5.6256499290466309,5.8530111312866211,5.3905749320983887,5.5360918045043945,273390563
2024-04-22T00:00:00.000000Z,5.5360431671142578,5.689054012298584,5.4441428184509277,5.6011967658996582,240234246
2024-04-23T00:00:00.000000Z,5.6011967658996582,6.1335349082946777,5.348546028137207,5.4078531265258789,357165858
2024-04-24T00:00:00.000000Z,5.4046478271484375,5.5830788612365723,4.8705248832702637,4.9315881729125977,303699368
2024-04-25T00:00:00.000000Z,4.9313530921936035,5.0464558601379395,4.6731781959533691,4.8753938674926758,310555967
2024-04-26T00:00:00.000000Z,4.8753938674926758,4.8906278610229492,4.6069121360778809,4.7001352310180664,220718078
2024-04-27T00:00:00.000000Z,4.7001352310180664,4.9204249382019043,4.4347028732299805,4.8661398887634277,247856423
2024-04-28T00:00:00.000000Z,4.8661398887634277,5.0059490203857422,4.6848320960998535,4.707146167755127,171531710
2024-04-29T00:00:00.000000Z,4.707146167755127,4.788485050201416,4.5307822227478027,4.7364130020141602,197962866
2024-04-30T00:00:00.000000Z,4.7364392280578613,4.8428430557250977,4.2942099571228027,4.5419731140136719,262583066
2024-05-01T00:00:00.000000Z,4.5419597625732422,4.6755900382995605,4.2140889167785645,4.6522750854492188,267531433
2024-05-02T00:00:00.000000Z,4.6522750854492188,4.7465901374816895,4.4231009483337402,4.6405267715454102,210924981
2024-05-03T00:00:00.000000Z,4.6058940887451172,5.2229762077331543,4.568026065826416,5.1310391426086426,312664831
2024-05-04T00:00:00.000000Z,5.1310248374938965,5.2725048065185547,5.0433530807495117,5.0863871574401855,213114236
2024-05-05T00:00:00.000000Z,5.0863871574401855,5.8397250175476074,4.9362430572509766,5.7459959983825684,398531576
2024-05-06T00:00:00.000000Z,5.7459931373596191,6.499392032623291,5.7282981872558594,6.0020151138305664,628854201
2024-05-07T00:00:00.000000Z,6.0020151138305664,6.2952818870544434,5.8361749649047852,5.9066281318664551,445841338
2024-05-08T00:00:00.000000Z,5.9066519737243652,5.9571051597595215,5.2246060371398926,5.3635921478271484,390733647
2024-05-09T00:00:00.000000Z,5.3635921478271484,5.7549629211425781,5.3633098602294922,5.6330208778381348,339128965
2024-05-10T00:00:00.000000Z,5.6330208778381348,6.0841331481933594,5.3651309013366699,5.4609818458557129,402166124
2024-05-11T00:00:00.000000Z,5.4609818458557129,6.0465178489685059,5.4578628540039062,5.7734999656677246,345502801
2024-05-12T00:00:00.000000Z,5.7734928131103516,6.0375690460205078,5.7548937797546387,5.9252529144287109,226996250
2024-05-13T00:00:00.000000Z,5.9525580406188965,6.2822108268737793,5.4219651222229004,5.6362857818603516,630420366
2024-05-14T00:00:00.000000Z,5.6362848281860352,5.6660151481628418,4.6251521110534668,4.7633681297302246,739644481
2024-05-15T00:00:00.000000Z,4.7633681297302246,5.162106990814209,4.6832551956176758,5.0801119804382324,575143640
2024-05-16T00:00:00.000000Z,5.0802512168884277,5.1170578002929688,4.663978099822998,4.8411169052124023,351680233
2024-05-17T00:00:00.000000Z,4.8411178588867188,5.0734767913818359,4.8177371025085449,4.9049167633056641,270728765
2024-05-18T00:00:00.000000Z,4.9049167633056641,5.0800070762634277,4.8301658630371094,4.9813132286071777,213154830
2024-05-19T00:00:00.000000Z,4.9813179969787598,5.0133428573608398,4.6745109558105469,4.7183041572570801,182411705
2024-05-20T00:00:00.000000Z,4.7009358406066895,5.0957698822021484,4.6565990447998047,5.0717911720275879,314261947
2024-05-21T00:00:00.000000Z,5.0717082023620605,5.2212061882019043,4.9423189163208008,5.092681884765625,437925957
2024-05-22T00:00:00.000000Z,5.092681884765625,5.2070760726928711,4.9178810119628906,4.9730730056762695,411586581
2024-05-23T00:00:00.000000Z,4.9730730056762695,5.003993034362793,4.5089421272277832,4.6935639381408691,496309604
2024-05-24T00:00:00.000000Z,4.6935639381408691,4.7576079368591309,4.4817790985107422,4.5892829895019531,253125511
2024-05-25T00:00:00.000000Z,4.5892891883850098,4.8078608512878418,4.577908992767334,4.7076702117919922,198773461
2024-05-26T00:00:00.000000Z,4.7089262008666992,4.7380719184875488,4.4982261657714844,4.5597801208496094,179073708
2024-05-27T00:00:00.000000Z,4.5358490943908691,4.8643531799316406,4.5158019065856934,4.8062071800231934,259875984
2024-05-28T00:00:00.000000Z,4.8062071800231934,4.8062071800231934,4.5472397804260254,4.6616220474243164,283685354
2024-05-29T00:00:00.000000Z,4.6616220474243164,4.972355842590332,4.651303768157959,4.8893637657165527,485522697
2024-05-30T00:00:00.000000Z,4.9327588081359863,5.1792387962341309,4.7056989669799805,4.9330778121948242,483318368
2024-05-31T00:00:00.000000Z,4.9361109733581543,4.9546608924865723,4.7184538841247559,4.8362240791320801,268708760
2024-06-01T00:00:00.000000Z,4.8362240791320801,4.9298839569091797,4.7640171051025391,4.8119330406188965,160158656
2024-06-02T00:00:00.000000Z,4.78680419921875,4.8520760536193848,4.6241607666015625,4.681023120880127,196602470
2024-06-03T00:00:00.000000Z,4.681023120880127,4.872809886932373,4.6281700134277344,4.8219089508056641,223611131
2024-06-04T00:00:00.000000Z,4.8115658760070801,4.8928041458129883,4.690155029296875,4.8250818252563477,221351788
2024-06-05T00:00:00.000000Z,4.8250818252563477,5.1025471687316895,4.7869858741760254,4.8947830200195312,320247603
2024-06-06T00:00:00.000000Z,4.9291229248046875,5.0588932037353516,4.7530961036682129,4.8062591552734375,304269910
2024-06-07T00:00:00.000000Z,4.8110098838806152,4.954679012298584,4.0870780944824219,4.4173002243041992,461706301
2024-06-08T00:00:00.000000Z,4.4161791801452637,4.5005621910095215,4.1725659370422363,4.2532057762145996,240822507
2024-06-09T00:00:00.000000Z,4.2521548271179199,4.3126749992370605,4.1992239952087402,4.2400341033935547,171064106
2024-06-10T00:00:00.000000Z,4.2396440505981445,4.4015178680419922,4.0040059089660645,4.0612959861755371,370311099
2024-06-11T00:00:00.000000Z,4.0613751411437988,4.1040220260620117,3.7214140892028809,3.8017239570617676,274153200
2024-06-12T00:00:00.000000Z,3.8017699718475342,4.0821709632873535,3.647165060043335,3.861752986907959,230069345
2024-06-13T00:00:00.000000Z,3.862030029296875,3.890239953994751,3.6126399040222168,3.6394050121307373,164581048
2024-06-14T00:00:00.000000Z,3.6391139030456543,3.7251648902893066,3.3358709812164307,3.4321470260620117,190502583
2024-06-15T00:00:00.000000Z,3.4319589138031006,3.5037739276885986,3.3647110462188721,3.3842380046844482,105102014
2024-06-16T00:00:00.000000Z,3.3847839832305908,3.4925200939178467,3.2896358966827393,3.4519829750061035,114224138
2024-06-17T00:00:00.000000Z,3.4522430896759033,3.4844679832458496,3.0217239856719971,3.0311620235443115,211638656
2024-06-18T00:00:00.000000Z,3.0308361053466797,3.0308361053466797,2.5996038913726807,2.8325059413909912,292052874
2024-06-19T00:00:00.000000Z,2.8316609859466553,2.9052538871765137,2.7524011135101318,2.7937519550323486,165778074
2024-06-20T00:00:00.000000Z,2.7937519550323486,3.1854619979858398,2.7682340145111084,3.0335569381713867,272210028
2024-06-21T00:00:00.000000Z,3.0330369472503662,3.1314539909362793,2.9667670726776123,2.979240894317627,197352833
2024-06-22T00:00:00.000000Z,2.9791040420532227,3.0691440105438232,2.9086260795593262,2.9368929862976074,138790567
2024-06-23T00:00:00.000000Z,2.9363729953765869,3.0267679691314697,2.8071250915527344,2.8173520565032959,119712269
2024-06-24T00:00:00.000000Z,2.8172929286956787,2.9143879413604736,2.7117960453033447,2.9064919948577881,191802034
2024-06-25T00:00:00.000000Z,2.9061989784240723,2.9918529987335205,2.8340320587158203,2.8523480892181396,152110951
2024-06-26T00:00:00.000000Z,2.8524150848388672,2.9273600578308105,2.7318000793457031,2.779059886932373,144470232
2024-06-27T00:00:00.000000Z,2.7780361175537109,2.8327770233154297,2.6960000991821289,2.781735897064209,123511020
2024-06-28T00:00:00.000000Z,2.7820580005645752,2.858159065246582,2.6531639099121094,2.6674270629882812,153443775
2024-06-29T00:00:00.000000Z,2.6679179668426514,2.7668430805206299,2.5535199642181396,2.5591568946838379,104657984
2024-06-30T00:00:00.000000Z,2.5579369068145752,2.5744450092315674,2.3368918895721436,2.4628660678863525,191287866
2024-07-01T00:00:00.000000Z,2.4622490406036377,2.4986550807952881,2.2362151145935059,2.2789230346679688,214733982
2024-07-02T00:00:00.000000Z,2.2786130905151367,2.417280912399292,2.2449750900268555,2.2738010883331299,167945614
2024-07-03T00:00:00.000000Z,2.2738080024719238,2.5485570430755615,2.1637699604034424,2.2920489311218262,301727613
2024-07-04T00:00:00.000000Z,2.2915759086608887,2.3901910781860352,2.0808939933776855,2.0922050476074219,314427645
2024-07-05T00:00:00.000000Z,2.090907096862793,2.090907096862793,1.7786120176315308,1.8212339878082275,339834336
2024-07-06T00:00:00.000000Z,1.8241679668426514,2.0320930480957031,1.7645059823989868,2.0102260112762451,209994430
2024-07-07T00:00:00.000000Z,2.0096180438995361,2.0096180438995361,1.8454140424728394,1.8764599561691284,160151324
2024-07-08T00:00:00.000000Z,1.8765710592269897,1.9544329643249512,1.7872409820556641,1.8202669620513916,189549562
2024-07-09T00:00:00.000000Z,1.8200069665908813,1.9294519424438477,1.8023890256881714,1.9244649410247803,168993069
2024-07-10T00:00:00.000000Z,1.9242169857025146,2.0528650283813477,1.8481869697570801,1.9525090456008911,213565013
2024-07-11T00:00:00.000000Z,1.9521470069885254,1.9980989694595337,1.7723850011825562,1.7948689460754395,144319857
2024-07-12T00:00:00.000000Z,1.7948650121688843,1.8293039798736572,1.7342120409011841,1.7827140092849731,123859693
2024-07-13T00:00:00.000000Z,1.7826449871063232,1.8601700067520142,1.774927020072937,1.8221520185470581,97019614
2024-07-14T00:00:00.000000Z,1.8225899934768677,1.874506950378418,1.8028349876403809,1.8555220365524292,103534994
2024-07-15T00:00:00.000000Z,1.8560110330581665,2.3668379783630371,1.8560110330581665,2.3331739902496338,270434643
2024-07-16T00:00:00.000000Z,2.3357059955596924,2.8621029853820801,2.1174759864807129,2.8232460021972656,701460893
2024-07-17T00:00:00.000000Z,2.8234400749206543,3.2327039241790771,2.7456679344177246,2.941688060760498,753131854
2024-07-18T00:00:00.000000Z,2.9439809322357178,2.9820520877838135,2.5796420574188232,2.6507000923156738,380761875
2024-07-19T00:00:00.000000Z,2.6507670879364014,2.9139230251312256,2.5353820323944092,2.7678248882293701,388404626
2024-07-20T00:00:00.000000Z,2.7678139209747314,2.8040139675140381,2.5544939041137695,2.6409749984741211,239475175
2024-07-21T00:00:00.000000Z,2.6409749984741211,2.6621870994567871,2.3943970203399658,2.5711219310760498,230102989
2024-07-22T00:00:00.000000Z,2.5711219310760498,2.6246240139007568,2.2636659145355225,2.2685730457305908,210657735
2024-07-23T00:00:00.000000Z,2.2685730457305908,2.3683850765228271,2.161283016204834,2.1846549510955811,204261494
2024-07-24T00:00:00.000000Z,2.1849570274353027,2.3516170978546143,2.1624269485473633,2.2118020057678223,188537692
2024-07-25T00:00:00.000000Z,2.2118020057678223,2.2311840057373047,2.0127758979797363,2.1170721054077148,203423813
2024-07-26T00:00:00.000000Z,2.1170721054077148,2.4556100368499756,2.1131820678710938,2.3594939708709717,254316824
2024-07-27T00:00:00.000000Z,2.3594939708709717,2.4665958881378174,2.3107531070709229,2.3348870277404785,216960925
2024-07-28T00:00:00.000000Z,2.3348870277404785,2.3903861045837402,2.2468578815460205,2.3477740287780762,146416173
2024-07-29T00:00:00.000000Z,2.3477740287780762,2.4278290271759033,2.2660849094390869,2.2817320823669434,164788863
2024-07-30T00:00:00.000000Z,2.2817320823669434,2.3150739669799805,2.1420838832855225,2.1956679821014404,112623649
2024-07-31T00:00:00.000000Z,2.1956679821014404,2.2362210750579834,2.09946608543396,2.1062099933624268,109088173
2024-08-01T00:00:00.000000Z,2.1062099933624268,2.142819881439209,1.9170830249786377,2.0815908908843994,148290141
2024-08-02T00:00:00.000000Z,2.0815908908843994,2.1036250591278076,1.8779070377349854,1.895084023475647,142170274
2024-08-03T00:00:00.000000Z,1.895084023475647,1.9145740270614624,1.7031699419021606,1.7449419498443604,138086916
2024-08-04T00:00:00.000000Z,1.7449419498443604,1.7741580009460449,1.5631710290908813,1.6392949819564819,138600632
2024-08-05T00:00:00.000000Z,1.6392949819564819,1.677772045135498,1.3622570037841797,1.5791779756546021,357541720
2024-08-06T00:00:00.000000Z,1.5791779756546021,1.7544529438018799,1.5773220062255859,1.6463960409164429,160776225
2024-08-07T00:00:00.000000Z,1.6463960409164429,1.7174160480499268,1.5338879823684692,1.5474129915237427,130835431
2024-08-08T00:00:00.000000Z,1.5474129915237427,1.8645910024642944,1.5263580083847046,1.8554420471191406,129661979
2024-08-09T00:00:00.000000Z,1.8554420471191406,1.8872560262680054,1.695112943649292,1.7480159997940063,133269194
2024-08-10T00:00:00.000000Z,1.7480159997940063,1.7910079956054688,1.7127629518508911,1.7555099725723267,83665168
2024-08-11T00:00:00.000000Z,1.755511999130249,1.8365709781646729,1.5944210290908813,1.6016780138015747,109915952
2024-08-12T00:00:00.000000Z,1.6016780138015747,1.7434149980545044,1.5983380079269409,1.7029540538787842,119984574
2024-08-13T00:00:00.000000Z,1.7029540538787842,1.7034109830856323,1.6339700222015381,1.6716970205307007,86039380
2024-08-14T00:00:00.000000Z,1.6716970205307007,1.6962579488754272,1.5692640542984009,1.5917719602584839,93717934
2024-08-15T00:00:00.000000Z,1.5917719602584839,1.6080549955368042,1.4633320569992065,1.4962890148162842,93528272
2024-08-16T00:00:00.000000Z,1.4962890148162842,1.5292760133743286,1.4363980293273926,1.4743579626083374,88700884
2024-08-17T00:00:00.000000Z,1.4743579626083374,1.513524055480957,1.4596519470214844,1.4946470260620117,67776040
2024-08-18T00:00:00.000000Z,1.505262017250061,1.576557993888855,1.4849909543991089,1.5144020318984985,79882279
2024-08-19T00:00:00.000000Z,1.5144020318984985,1.5489790439605713,1.4218920469284058,1.5154340267181396,108803533
2024-08-20T00:00:00.000000Z,1.5334899425506592,1.597465991973877,1.5134409666061401,1.5395959615707397,121329275
2024-08-21T00:00:00.000000Z,1.5245749950408936,1.592337965965271,1.4822759628295898,1.5709769725799561,112993578
2024-08-22T00:00:00.000000Z,1.5709769725799561,1.6629769802093506,1.5557949542999268,1.6328010559082031,117800263
2024-08-23T00:00:00.000000Z,1.6328010559082031,1.8797539472579956,1.6327879428863525,1.843919038772583,177227974
2024-08-24T00:00:00.000000Z,1.8439249992370605,1.9733320474624634,1.8291610479354858,1.9164170026779175,167773058
2024-08-25T00:00:00.000000Z,1.9164170026779175,1.9164530038833618,1.7890690565109253,1.8477489948272705,150536248
2024-08-26T00:00:00.000000Z,1.8477489948272705,1.8746809959411621,1.6505080461502075,1.6687899827957153,140093035
2024-08-27T00:00:00.000000Z,1.6687899827957153,1.729280948638916,1.4844859838485718,1.5037339925765991,138988201
2024-08-28T00:00:00.000000Z,1.5037339925765991,1.5711410045623779,1.4455310106277466,1.5164389610290527,154056946
2024-08-29T00:00:00.000000Z,1.5164389610290527,1.5745099782943726,1.47542405128479,1.4927029609680176,105959079
2024-08-30T00:00:00.000000Z,1.4927029609680176,1.5445849895477295,1.4294949769973755,1.5246900320053101,108062301
2024-08-31T00:00:00.000000Z,1.5246900320053101,1.5407840013504028,1.4693549871444702,1.4909490346908569,62292319
2024-09-01T00:00:00.000000Z,1.4909490346908569,1.5099430084228516,1.3957370519638062,1.4041869640350342,90813322
2024-09-02T00:00:00.000000Z,1.4041869640350342,1.4916080236434937,1.3904720544815063,1.4769970178604126,98331957
2024-09-03T00:00:00.000000Z,1.4769970178604126,1.5137530565261841,1.4053280353546143,1.4053280353546143,86575617
2024-09-04T00:00:00.000000Z,1.4053150415420532,1.4706629514694214,1.3319710493087769,1.4246480464935303,116999053
2024-09-05T00:00:00.000000Z,1.4246480464935303,1.4398519992828369,1.3672820329666138,1.388592004776001,84931498
2024-09-06T00:00:00.000000Z,1.388592004776001,1.4341319799423218,1.292523980140686,1.3371239900588989,109997640
2024-09-07T00:00:00.000000Z,1.3371239900588989,1.3739349842071533,1.3207260370254517,1.3460240364074707,65589973
2024-09-08T00:00:00.000000Z,1.3460240364074707,1.4115500450134277,1.3432559967041016,1.3948750495910645,67488409
2024-09-09T00:00:00.000000Z,1.3948750495910645,1.4835339784622192,1.3837560415267944,1.4601650238037109,93646993
2024-09-10T00:00:00.000000Z,1.4601650238037109,1.4842170476913452,1.4256390333175659,1.4712409973144531,73991763
2024-09-11T00:00:00.000000Z,1.4712409973144531,1.4728970527648926,1.3641790151596069,1.3766709566116333,98778774
2024-09-12T00:00:00.000000Z,1.3766709566116333,1.6142569780349731,1.3742810487747192,1.5397570133209229,175055083
2024-09-13T00:00:00.000000Z,1.5397570133209229,1.5424380302429199,1.4622039794921875,1.5188460350036621,136297636
2024-09-14T00:00:00.000000Z,1.5188460350036621,1.554394006729126,1.4930369853973389,1.511868953704834,86597384
2024-09-15T00:00:00.000000Z,1.511868953704834,1.5650550127029419,1.4656729698181152,1.4753450155258179,101426551
2024-09-16T00:00:00.000000Z,1.4753450155258179,1.4754819869995117,1.3869379758834839,1.4145549535751343,88033044
2024-09-17T00:00:00.000000Z,1.4145549535751343,1.5071779489517212,1.3983190059661865,1.4774580001831055,88109090
2024-09-18T00:00:00.000000Z,1.4774580001831055,1.5253340005874634,1.4323339462280273,1.5127730369567871,106038360
2024-09-19T00:00:00.000000Z,1.5570230484008789,1.647210955619812,1.5424089431762695,1.5976059436798096,155879561
2024-09-20T00:00:00.000000Z,1.5976059436798096,1.6862820386886597,1.5682480335235596,1.6255650520324707,139119598
2024-09-21T00:00:00.000000Z,1.6179100275039673,1.6527680158615112,1.5709079504013062,1.643867015838623,86198962
2024-09-22T00:00:00.000000Z,1.643867015838623,1.6592659950256348,1.516584038734436,1.5656640529632568,101435045
2024-09-23T00:00:00.000000Z,1.5656640529632568,1.7823250293731689,1.532384991645813,1.711184024810791,232754705
2024-09-24T00:00:00.000000Z,1.711184024810791,1.8402340412139893,1.6600559949874878,1.8107399940490723,202228102
2024-09-25T00:00:00.000000Z,1.8107399940490723,2.142535924911499,1.7946469783782959,2.1046929359436035,384872859
2024-09-26T00:00:00.000000Z,2.1046929359436035,2.1727850437164307,2.0139069557189941,2.0380508899688721,365692380
2024-09-27T00:00:00.000000Z,2.0380508899688721,2.1710751056671143,2.0029900074005127,2.1149439811706543,282209087
2024-09-28T00:00:00.000000Z,2.1149439811706543,2.15572190284729,1.9827619791030884,2.0140740871429443,171320885
2024-09-29T00:00:00.000000Z,2.0140740871429443,2.1063070297241211,1.933864951133728,2.0601150989532471,194053619
2024-09-30T00:00:00.000000Z,2.0491299629211426,2.0691080093383789,1.8332090377807617,1.8612699508666992,202612060
2024-10-01T00:00:00.000000Z,1.8612699508666992,1.9620209932327271,1.6018409729003906,1.6613199710845947,247100112
2024-10-02T00:00:00.000000Z,1.6613199710845947,1.743939995765686,1.5520119667053223,1.6026860475540161,170356150
2024-10-03T00:00:00.000000Z,1.6026860475540161,1.6496829986572266,1.5399700403213501,1.6098190546035767,131119766
2024-10-04T00:00:00.000000Z,1.6045340299606323,1.7224260568618774,1.588204026222229,1.6975350379943848,134718979
2024-10-05T00:00:00.000000Z,1.6975350379943848,1.9061609506607056,1.6817320585250854,1.8157470226287842,185251605
2024-10-06T00:00:00.000000Z,1.8157470226287842,2.0448470115661621,1.8029509782791138,1.9383339881896973,225600867
2024-10-07T00:00:00.000000Z,1.9383339881896973,2.0600540637969971,1.9092860221862793,1.9338940382003784,305430178
2024-10-08T00:00:00.000000Z,1.9338940382003784,2.0081620216369629,1.8509730100631714,1.8566579818725586,213524077
2024-10-09T00:00:00.000000Z,1.849835991859436,1.8823399543762207,1.7217259407043457,1.7340179681777954,179861718
2024-10-10T00:00:00.000000Z,1.7367229461669922,1.7668160200119019,1.6429899930953979,1.700984001159668,164144092
2024-10-11T00:00:00.000000Z,1.700984001159668,1.9578720331192017,1.6867270469665527,1.928380012512207,224158326
2024-10-12T00:00:00.000000Z,1.928380012512207,2.1170539855957031,1.882735013961792,2.0833098888397217,247314601
2024-10-13T00:00:00.000000Z,2.0833098888397217,2.0894110202789307,1.9365259408950806,2.0778861045837402,216821511
2024-10-14T00:00:00.000000Z,2.0778861045837402,2.4227380752563477,2.0748260021209717,2.4144330024719238,505019267
2024-10-15T00:00:00.000000Z,2.4144330024719238,2.6452689170837402,2.2942769527435303,2.3438260555267334,664468073
2024-10-16T00:00:00.000000Z,2.3880140781402588,2.4139900207519531,2.1814661026000977,2.240401029586792,341968088
2024-10-17T00:00:00.000000Z,2.240401029586792,2.3159229755401611,2.0888381004333496,2.1204490661621094,334116344
2024-10-18T00:00:00.000000Z,2.1204490661621094,2.4587819576263428,2.1109099388122559,2.3691940307617188,372066539
2024-10-19T00:00:00.000000Z,2.3691940307617188,2.5168271064758301,2.3426148891448975,2.4578499794006348,334988355
2024-10-20T00:00:00.000000Z,2.4578499794006348,2.4732089042663574,2.3486030101776123,2.4352359771728516,246480714
2024-10-21T00:00:00.000000Z,2.4227900505065918,2.4768478870391846,2.2675271034240723,2.2724719047546387,245602564
2024-10-22T00:00:00.000000Z,2.2724719047546387,2.3199489116668701,2.1932909488677979,2.3015940189361572,207725329
2024-10-23T00:00:00.000000Z,2.3016769886016846,2.315403938293457,2.1592309474945068,2.2071259021759033,199682715
2024-10-24T00:00:00.000000Z,2.2464830875396729,2.3117148876190186,2.177825927734375,2.1928749084472656,210463178
2024-10-25T00:00:00.000000Z,2.2013449668884277,2.2159318923950195,1.839771032333374,1.9204690456390381,290585409
2024-10-26T00:00:00.000000Z,1.9204690456390381,2.041377067565918,1.8977019786834717,2.0100469589233398,189728964
2024-10-27T00:00:00.000000Z,2.0100469589233398,2.0724420547485352,1.971094012260437,2.0411601066589355,121852744
2024-10-28T00:00:00.000000Z,2.0411601066589355,2.0911569595336914,1.8992669582366943,2.0515279769897461,234184399
2024-10-29T00:00:00.000000Z,2.0515279769897461,2.1353759765625,2.034977912902832,2.0820159912109375,236129190
2024-10-30T00:00:00.000000Z,2.0963249206542969,2.1005299091339111,1.985834002494812,2.0043840408325195,175420852
2024-10-31T00:00:00.000000Z,2.004378080368042,2.0109028816223145,1.8875540494918823,1.9205180406570435,153341082
2024-11-01T00:00:00.000000Z,1.9205180406570435,1.9852449893951416,1.8327319622039795,1.8802490234375,182475604
2024-11-02T00:00:00.000000Z,1.8802490234375,1.8978890180587769,1.7831699848175049,1.8071190118789673,121659039
2024-11-03T00:00:00.000000Z,1.8071190118789673,1.8132749795913696,1.631060004234314,1.733834981918335,185328226
2024-11-04T00:00:00.000000Z,1.729964017868042,1.7572400569915771,1.5931099653244019,1.6535780429840088,153395672
2024-11-05T00:00:00.000000Z,1.6535780429840088,1.8349850177764893,1.653560996055603,1.7713429927825928,195421491
2024-11-06T00:00:00.000000Z,1.7713429927825928,2.0117080211639404,1.7712969779968262,2.0084679126739502,401367573
2024-11-07T00:00:00.000000Z,1.9747209548950195,2.0566370487213135,1.9265550374984741,1.9798120260238647,258779560
2024-11-08T00:00:00.000000Z,1.9928549528121948,2.0186009407043457,1.8530080318450928,1.9293450117111206,235264067
2024-11-09T00:00:00.000000Z,1.9238109588623047,2.1190690994262695,1.8851920366287231,2.067702054977417,300278449
2024-11-10T00:00:00.000000Z,2.067702054977417,2.260267972946167,2.0102319717407227,2.1174640655517578,614680079
2024-11-11T00:00:00.000000Z,2.1174640655517578,2.3894639015197754,2.1009259223937988,2.3599200248718262,939449422
2024-11-12T00:00:00.000000Z,2.4901280403137207,2.8315598964691162,2.3156559467315674,2.5360240936279297,1640909187
2024-11-13T00:00:00.000000Z,2.4713358879089355,2.4835560321807861,2.1405351161956787,2.2995519638061523,1025444386
2024-11-14T00:00:00.000000Z,2.2995519638061523,2.4784150123596191,2.1467258930206299,2.1785070896148682,781102812
2024-11-15T00:00:00.000000Z,2.1785070896148682,2.3274168968200684,2.1267020702362061,2.3261590003967285,513304786
2024-11-16T00:00:00.000000Z,2.3028531074523926,2.4147880077362061,2.2574191093444824,2.3649899959564209,524957836
2024-11-17T00:00:00.000000Z,2.3649899959564209,2.404871940612793,2.1867399215698242,2.2320530414581299,513261459
2024-11-18T00:00:00.000000Z,2.2320530414581299,2.4183111190795898,2.2204329967498779,2.396230936050415,489964338
2024-11-19T00:00:00.000000Z,2.396230936050415,2.3982338905334473,2.2349770069122314,2.2922470569610596,392229055
2024-11-20T00:00:00.000000Z,2.2922470569610596,2.2923829555511475,2.0680670738220215,2.1134309768676758,453751802
2024-11-21T00:00:00.000000Z,2.113429069519043,2.3250958919525146,2.0324459075927734,2.2437059879302979,517521887
2024-11-22T00:00:00.000000Z,2.2437059879302979,2.2952349185943604,2.1221480369567871,2.2529881000518799,476465622
2024-11-23T00:00:00.000000Z,2.2529881000518799,2.4947628974914551,2.2410330772399902,2.4389579296112061,812281973
2024-11-24T00:00:00.000000Z,2.4389579296112061,2.6813631057739258,2.3302040100097656,2.5469479560852051,956801231
2024-11-25T00:00:00.000000Z,2.5469479560852051,2.7788679599761963,2.3739449977874756,2.4371259212493896,1056927907
2024-11-26T00:00:00.000000Z,2.4371340274810791,2.547111988067627,2.252263069152832,2.3550820350646973,577998494
2024-11-27T00:00:00.000000Z,2.3550820350646973,2.5822029113769531,2.3017780780792236,2.5479240417480469,480563183
2024-11-28T00:00:00.000000Z,2.5481009483337402,3.0527539253234863,2.4720048904418945,2.934844970703125,1298333976
2024-11-29T00:00:00.000000Z,2.934844970703125,2.9534180164337158,2.7963318824768066,2.9224519729614258,821750722
2024-11-30T00:00:00.000000Z,2.9224519729614258,3.7148399353027344,2.8737900257110596,3.6490840911865234,1542691991
2024-12-01T00:00:00.000000Z,3.6490840911865234,3.6491019725799561,3.2658369541168213,3.4356849193572998,985194089
2024-12-02T00:00:00.000000Z,3.3872170448303223,3.4040100574493408,3.093864917755127,3.2881538867950439,871488521
2024-12-03T00:00:00.000000Z,3.2882030010223389,3.4741230010986328,3.0239810943603516,3.3150138854980469,1221532075
2024-12-04T00:00:00.000000Z,3.3150138854980469,3.4732890129089355,3.2014830112457275,3.2948760986328125,932842420
2024-12-05T00:00:00.000000Z,3.2948760986328125,4.075869083404541,3.1389529705047607,3.7490849494934082,1739982969
2024-12-06T00:00:00.000000Z,3.7225499153137207,4.170076847076416,3.6530730724334717,3.9238009452819824,1300278623
2024-12-07T00:00:00.000000Z,3.9238009452819824,3.9346239566802979,3.7525570392608643,3.7732560634613037,498677052
2024-12-08T00:00:00.000000Z,3.8045709133148193,3.8213489055633545,3.6590869426727295,3.7656319141387939,378930040
2024-12-09T00:00:00.000000Z,3.8153479099273682,3.8157880306243896,2.6370959281921387,2.939694881439209,1192168194
2024-12-10T00:00:00.000000Z,2.939694881439209,3.0366230010986328,2.5915908813476562,2.8403630256652832,1049457307
2024-12-11T00:00:00.000000Z,2.8403630256652832,3.1537690162658691,2.7193830013275146,3.1348860263824463,654271459
2024-12-12T00:00:00.000000Z,3.1348860263824463,3.3443150520324707,3.0167460441589355,3.0759561061859131,631258436
2024-12-13T00:00:00.000000Z,3.0759561061859131,3.1241950988769531,2.9976511001586914,3.0283229351043701,444063555
2024-12-14T00:00:00.000000Z,3.0900909900665283,3.1081030368804932,2.8445780277252197,2.921928882598877,344438979
2024-12-15T00:00:00.000000Z,2.921928882598877,3.0909919738769531,2.8723869323730469,3.0469729900360107,376322395
2024-12-16T00:00:00.000000Z,3.0469729900360107,3.1498088836669922,2.8496661186218262,2.8625950813293457,457117607
2024-12-17T00:00:00.000000Z,2.8625950813293457,2.9062941074371338,2.6935141086578369,2.70707106590271,402953303
2024-12-18T00:00:00.000000Z,2.7070410251617432,2.7261979579925537,2.4164319038391113,2.4193129539489746,556464458
2024-12-19T00:00:00.000000Z,2.4193129539489746,2.4626250267028809,2.1247079372406006,2.1947340965270996,668018419
2024-12-20T00:00:00.000000Z,2.1947340965270996,2.3950760364532471,1.9538719654083252,2.3659090995788574,669678949
2024-12-21T00:00:00.000000Z,2.3659090995788574,2.5020749568939209,2.1518409252166748,2.1833760738372803,406262715
2024-12-22T00:00:00.000000Z,2.1833760738372803,2.2999000549316406,2.1450390815734863,2.2139220237731934,306722750
2024-12-23T00:00:00.000000Z,2.2139220237731934,2.3571209907531738,2.1192340850830078,2.3175339698791504,364536108
2024-12-24T00:00:00.000000Z,2.3175339698791504,2.4134180545806885,2.2510929107666016,2.3587989807128906,306503876
2024-12-25T00:00:00.000000Z,2.3587989807128906,2.3842899799346924,2.2694940567016602,2.3003408908843994,237937991
2024-12-26T00:00:00.000000Z,2.3003408908843994,2.3203229904174805,2.1513829231262207,2.1831340789794922,225955097
2024-12-27T00:00:00.000000Z,2.1831231117248535,2.3051190376281738,2.1645169258117676,2.1800611019134521,291899550
2024-12-28T00:00:00.000000Z,2.1800611019134521,2.2435660362243652,2.1332659721374512,2.2274301052093506,180830458
2024-12-29T00:00:00.000000Z,2.2274301052093506,2.2310099601745605,2.0877900123596191,2.1055729389190674,163467659
2024-12-30T00:00:00.000000Z,2.105463981628418,2.1896059513092041,2.0191171169281006,2.0753788948059082,281602125
2024-12-31T00:00:00.000000Z,2.0753788948059082,2.1698930263519287,2.0207819938659668,2.0873489379882812,199850796
2025-01-01T00:00:00.000000Z,2.0873489379882812,2.2243421077728271,2.080333948135376,2.2235219478607178,201840602
2025-01-02T00:00:00.000000Z,2.2235219478607178,2.3520228862762451,2.2097210884094238,2.2907969951629639,290899495
2025-01-03T00:00:00.000000Z,2.2906429767608643,2.4188549518585205,2.2100861072540283,2.4054579734802246,317217430
2025-01-04T00:00:00.000000Z,2.4054579734802246,2.4370748996734619,2.3444349765777588,2.379784107208252,234862565
2025-01-05T00:00:00.000000Z,2.379784107208252,2.4237370491027832,2.3125090599060059,2.4124629497528076,201909827
2025-01-06T00:00:00.000000Z,2.4124629497528076,2.7930190563201904,2.3475511074066162,2.6223230361938477,714124425
2025-01-07T00:00:00.000000Z,2.6223289966583252,2.6650900840759277,2.3139100074768066,2.3305449485778809,653076892
2025-01-08T00:00:00.000000Z,2.3305449485778809,2.3612439632415771,2.0852479934692383,2.2000939846038818,482638141
2025-01-09T00:00:00.000000Z,2.2000939846038818,2.2349300384521484,2.081334114074707,2.1196808815002441,339969014
2025-01-10T00:00:00.000000Z,2.1196808815002441,2.1991050243377686,2.0621941089630127,2.164560079574585,348052526
2025-01-11T00:00:00.000000Z,2.1645290851593018,2.2301299571990967,2.124845027923584,2.189918041229248,222651253
2025-01-12T00:00:00.000000Z,2.189918041229248,2.2023320198059082,2.1014130115509033,2.1426219940185547,171694270
2025-01-13T00:00:00.000000Z,2.1426219940185547,2.1999790668487549,1.8499259948730469,1.9610370397567749,478971724
2025-01-14T00:00:00.000000Z,1.9610370397567749,2.055933952331543,1.9473869800567627,2.0370910167694092,243403358
2025-01-15T00:00:00.000000Z,2.0370910167694092,2.2160720825195312,1.9656360149383545,2.2111639976501465,283770169
2025-01-16T00:00:00.000000Z,2.2112090587615967,2.2439930438995361,2.1241140365600586,2.1495010852813721,255927707
2025-01-17T00:00:00.000000Z,2.1495010852813721,2.3202629089355469,2.1489241123199463,2.29817795753479,293482720
2025-01-18T00:00:00.000000Z,2.29817795753479,2.3759410381317139,2.0969901084899902,2.1438651084899902,315280923
2025-01-19T00:00:00.000000Z,2.1438651084899902,2.2312719821929932,1.8803720474243164,1.8997700214385986,518749963
2025-01-20T00:00:00.000000Z,1.8997700214385986,2.1481211185455322,1.8411309719085693,1.8934110403060913,608007427
2025-01-21T00:00:00.000000Z,1.8934110403060913,2.2950339317321777,1.7998640537261963,2.1283369064331055,636610920
2025-01-22T00:00:00.000000Z,2.1283369064331055,2.434952974319458,2.055757999420166,2.3129189014434814,819404881
2025-01-23T00:00:00.000000Z,2.3128979206085205,2.3361220359802246,2.1060280799865723,2.2660820484161377,645117666
2025-01-24T00:00:00.000000Z,2.266045093536377,2.3227159976959229,2.1259870529174805,2.1298370361328125,353965657
2025-01-25T00:00:00.000000Z,2.1298398971557617,2.1770570278167725,2.0802938938140869,2.0992040634155273,222926648
2025-01-26T00:00:00.000000Z,2.0992720127105713,2.1165030002593994,1.9935710430145264,1.9948920011520386,192244588
2025-01-27T00:00:00.000000Z,1.9948920011520386,1.9961750507354736,1.8182049989700317,1.9033980369567871,388399738
2025-01-28T00:00:00.000000Z,1.9033980369567871,1.9294019937515259,1.6254080533981323,1.6374150514602661,325822700
2025-01-29T00:00:00.000000Z,1.6374150514602661,1.8208129405975342,1.6161919832229614,1.7217249870300293,343047042
2025-01-30T00:00:00.000000Z,1.7218029499053955,1.8523099422454834,1.7105840444564819,1.7673549652099609,280756305
2025-01-31T00:00:00.000000Z,1.7673549652099609,1.8693430423736572,1.7397010326385498,1.7700610160827637,261240380
2025-02-01T00:00:00.000000Z,1.7700339555740356,1.8073769807815552,1.6004929542541504,1.6167570352554321,196538474
2025-02-02T00:00:00.000000Z,1.6167570352554321,1.6371699571609497,1.319316029548645,1.3902349472045898,437102133
2025-02-03T00:00:00.000000Z,1.3902349472045898,1.445855975151062,1.043213963508606,1.4201140403747559,861216487
2025-02-04T00:00:00.000000Z,1.4201140403747559,1.430467963218689,1.250728964805603,1.3176389932632446,317962599
2025-02-05T00:00:00.000000Z,1.3176389932632446,1.3653160333633423,1.2653069496154785,1.2898269891738892,195692792
2025-02-06T00:00:00.000000Z,1.2898269891738892,1.3298920392990112,1.1904549598693848,1.2015589475631714,191000644
2025-02-07T00:00:00.000000Z,1.2015589475631714,1.3100229501724243,1.1551439762115479,1.2049800157546997,234208424
2025-02-08T00:00:00.000000Z,1.2049800157546997,1.262179970741272,1.200435996055603,1.2485330104827881,155702022
2025-02-09T00:00:00.000000Z,1.2485330104827881,1.283594012260437,1.1526039838790894,1.2241189479827881,158750471
2025-02-10T00:00:00.000000Z,1.2241189479827881,1.3228490352630615,1.1747289896011353,1.2555450201034546,300523954
2025-02-11T00:00:00.000000Z,1.2555450201034546,1.3443529605865479,1.2260359525680542,1.2437080144882202,209548884
2025-02-12T00:00:00.000000Z,1.2437050342559814,1.3010599613189697,1.1839410066604614,1.2834810018539429,225230706
2025-02-13T00:00:00.000000Z,1.2834810018539429,1.2915910482406616,1.2105740308761597,1.2256150245666504,160453839
2025-02-14T00:00:00.000000Z,1.2256150245666504,1.3350679874420166,1.2154120206832886,1.2962789535522461,192561760
2025-02-15T00:00:00.000000Z,1.2963080406188965,1.3046549558639526,1.2203949689865112,1.2338529825210571,119313587
2025-02-16T00:00:00.000000Z,1.2338260412216187,1.2549979686737061,1.2019209861755371,1.2208280563354492,113674682
2025-02-17T00:00:00.000000Z,1.2208280563354492,1.2749379873275757,1.1758389472961426,1.2032710313796997,172647928
2025-02-18T00:00:00.000000Z,1.2032710313796997,1.2120720148086548,1.0794470310211182,1.1354730129241943,221193038
2025-02-19T00:00:00.000000Z,1.1354730129241943,1.1586509943008423,1.1112979650497437,1.130715012550354,141415044
2025-02-20T00:00:00.000000Z,1.1307410001754761,1.210178017616272,1.1280629634857178,1.2033519744873047,144680469
2025-02-21T00:00:00.000000Z,1.2033519744873047,1.3165149688720703,1.1661770343780518,1.1794040203094482,343268480
2025-02-22T00:00:00.000000Z,1.1795270442962646,1.2842479944229126,1.1746540069580078,1.2569769620895386,175152614
2025-02-23T00:00:00.000000Z,1.2569470405578613,1.2733780145645142,1.2119970321655273,1.2404700517654419,129790094
2025-02-24T00:00:00.000000Z,1.2404700517654419,1.2568999528884888,1.039355993270874,1.0531519651412964,248967812
2025-02-25T00:00:00.000000Z,1.0531929731369019,1.1102570295333862,0.98427498340606689,1.0891050100326538,363810785
2025-02-26T00:00:00.000000Z,1.0890790224075317,1.13053297996521,1.0478999614715576,1.1065880060195923,212879115
2025-02-27T00:00:00.000000Z,1.1065880060195923,1.1799939870834351,1.1009980440139771,1.1515489816665649,239982983
2025-02-28T00:00:00.000000Z,1.151574969291687,1.1545259952545166,1.0111119747161865,1.1097090244293213,298486188
2025-03-01T00:00:00.000000Z,1.1097069978713989,1.1208209991455078,1.0719749927520752,1.10561203956604,139051563
2025-03-02T00:00:00.000000Z,1.10561203956604,1.2197459936141968,1.0700730085372925,1.2125890254974365,244731652
2025-03-03T00:00:00.000000Z,1.2125320434570312,1.2516859769821167,1.0316610336303711,1.0480489730834961,326456398
2025-03-04T00:00:00.000000Z,1.0480719804763794,1.0562490224838257,0.88129401206970215,0.94380801916122437,374872224
2025-03-05T00:00:00.000000Z,0.94380801916122437,1.0133370161056519,0.9340670108795166,0.97512197494506836,215655954
2025-03-06T00:00:00.000000Z,0.97507399320602417,1.008463978767395,0.95037001371383667,0.96121698617935181,169003766
2025-03-07T00:00:00.000000Z,0.96121698617935181,0.9856870174407959,0.90745097398757935,0.93523299694061279,169509828
2025-03-08T00:00:00.000000Z,0.93523299694061279,0.95269197225570679,0.87618297338485718,0.88814002275466919,126613702
2025-03-09T00:00:00.000000Z,0.88814002275466919,0.89972001314163208,0.78198200464248657,0.79544401168823242,180836712
2025-03-10T00:00:00.000000Z,0.79544401168823242,0.873058021068573,0.72609597444534302,0.75599402189254761,209972063
2025-03-11T00:00:00.000000Z,0.75606697797775269,0.82702600955963135,0.70580101013183594,0.79679101705551147,221671286
2025-03-12T00:00:00.000000Z,0.79679101705551147,0.84168601036071777,0.77397000789642334,0.84110802412033081,149211818
2025-03-13T00:00:00.000000Z,0.84110802412033081,0.86038100719451904,0.80560100078582764,0.83886200189590454,131914933
2025-03-14T00:00:00.000000Z,0.83886200189590454,0.89235502481460571,0.83508598804473877,0.87086498737335205,110468413
2025-03-15T00:00:00.000000Z,0.87079799175262451,0.88721299171447754,0.86249297857284546,0.87815201282501221,70562111
2025-03-16T00:00:00.000000Z,0.87814700603485107,0.90598499774932861,0.82063597440719604,0.83322799205780029,126550934
2025-03-17T00:00:00.000000Z,0.83316999673843384,0.89376097917556763,0.83285701274871826,0.87229198217391968,138660466
2025-03-18T00:00:00.000000Z,0.87231898307800293,0.87231898307800293,0.81280297040939331,0.83741599321365356,97459403
2025-03-19T00:00:00.000000Z,0.83741599321365356,0.89664798974990845,0.83630198240280151,0.89657002687454224,110976761
2025-03-20T00:00:00.000000Z,0.8965650200843811,0.91652798652648926,0.85094499588012695,0.85593801736831665,116634154
2025-03-21T00:00:00.000000Z,0.85594099760055542,0.87099301815032959,0.81364697217941284,0.81431102752685547,87834401
2025-03-22T00:00:00.000000Z,0.81431102752685547,0.8441699743270874,0.81431102752685547,0.825469970703125,78423683
2025-03-23T00:00:00.000000Z,0.825469970703125,0.8423759937286377,0.81214898824691772,0.82769900560379028,78317828
2025-03-24T00:00:00.000000Z,0.82772701978683472,0.94132000207901001,0.81676501035690308,0.90424901247024536,226444567
2025-03-25T00:00:00.000000Z,0.90435999631881714,0.94300001859664917,0.90153598785400391,0.93428099155426025,128524678
2025-03-26T00:00:00.000000Z,0.93428099155426025,0.97659802436828613,0.92478400468826294,0.92988401651382446,135062148
2025-03-27T00:00:00.000000Z,0.92988401651382446,0.98286998271942139,0.92813998460769653,0.94853699207305908,128811093
2025-03-28T00:00:00.000000Z,0.94853699207305908,0.95447897911071777,0.83154797554016113,0.84050297737121582,154361105
2025-03-29T00:00:00.000000Z,0.84050297737121582,0.84813398122787476,0.76758402585983276,0.77899599075317383,109971088
2025-03-30T00:00:00.000000Z,0.77898597717285156,0.80287498235702515,0.76542699337005615,0.77834397554397583,86011182
2025-03-31T00:00:00.000000Z,0.77841401100158691,0.78817200660705566,0.74681401252746582,0.76999002695083618,115845448
2025-04-01T00:00:00.000000Z,0.76999002695083618,0.84223002195358276,0.76858800649642944,0.80201900005340576,121581867
2025-04-02T00:00:00.000000Z,0.80199199914932251,0.80517500638961792,0.7135549783706665,0.72720497846603394,178294256
2025-04-03T00:00:00.000000Z,0.72720497846603394,0.76446801424026489,0.70611900091171265,0.75127100944519043,135074701
2025-04-04T00:00:00.000000Z,0.75124597549438477,0.77062201499938965,0.72809600830078125,0.75927400588989258,118059040
2025-04-05T00:00:00.000000Z,0.75927400588989258,0.76119500398635864,0.72978800535202026,0.74464297294616699,57979756
2025-04-06T00:00:00.000000Z,0.74463802576065063,0.74478697776794434,0.6199529767036438,0.63154101371765137,150273979
2025-04-07T00:00:00.000000Z,0.6315159797668457,0.67785000801086426,0.58171600103378296,0.6495400071144104,264504543
2025-04-08T00:00:00.000000Z,0.6495400071144104,0.66579699516296387,0.61296802759170532,0.61697202920913696,115467134
2025-04-09T00:00:00.000000Z,0.61697202920913696,0.71039998531341553,0.5941389799118042,0.71021199226379395,195016415
2025-04-10T00:00:00.000000Z,0.71020299196243286,0.72191798686981201,0.67739897966384888,0.69497501850128174,143201280
2025-04-11T00:00:00.000000Z,0.69497501850128174,0.74829798936843872,0.69376498460769653,0.74000602960586548,105352790
2025-04-12T00:00:00.000000Z,0.74000602960586548,0.78752601146697998,0.72894001007080078,0.78115302324295044,100361901
2025-04-13T00:00:00.000000Z,0.78118300437927246,0.79044002294540405,0.72960001230239868,0.743399977684021,106751705
2025-04-14T00:00:00.000000Z,0.74340200424194336,0.77513802051544189,0.73503798246383667,0.73975098133087158,102128934
2025-04-15T00:00:00.000000Z,0.73975098133087158,0.75274497270584106,0.70701700448989868,0.70827001333236694,92766638
2025-04-16T00:00:00.000000Z,0.70828402042388916,0.72006702423095703,0.68083798885345459,0.69124698638916016,95941090
2025-04-17T00:00:00.000000Z,0.69124698638916016,0.71627700328826904,0.6824449896812439,0.69946801662445068,79204400
2025-04-18T00:00:00.000000Z,0.69946801662445068,0.7242550253868103,0.69387102127075195,0.70933598279953003,68998697
2025-04-19T00:00:00.000000Z,0.70933598279953003,0.77251100540161133,0.70619899034500122,0.7684440016746521,85333385
2025-04-20T00:00:00.000000Z,0.7684440016746521,0.78679502010345459,0.7402539849281311,0.7769629955291748,84507890
2025-04-21T00:00:00.000000Z,0.7769629955291748,0.80002301931381226,0.76193302869796753,0.76629400253295898,97329735
2025-04-22T00:00:00.000000Z,0.76628899574279785,0.83945101499557495,0.75208598375320435,0.83935898542404175,127189027
2025-04-23T00:00:00.000000Z,0.83935898542404175,0.88112902641296387,0.83824998140335083,0.8634219765663147,156564092
2025-04-24T00:00:00.000000Z,0.86344701051712036,0.92376798391342163,0.83634698390960693,0.91769802570343018,189502564
2025-04-25T00:00:00.000000Z,0.91773402690887451,1.0722500085830688,0.89508301019668579,1.0470900535583496,304098288
2025-04-26T00:00:00.000000Z,1.0471559762954712,1.2533730268478394,1.0471470355987549,1.2183949947357178,505132186
2025-04-27T00:00:00.000000Z,1.2182849645614624,1.231814980506897,1.1125149726867676,1.1268810033798218,288382399
2025-04-28T00:00:00.000000Z,1.1268860101699829,1.1789560317993164,1.0757620334625244,1.1369839906692505,346673371
2025-04-29T00:00:00.000000Z,1.1369839906692505,1.1825569868087769,1.0710209608078003,1.0884770154953003,283817762
2025-04-30T00:00:00.000000Z,1.088441014289856,1.167667031288147,1.0091769695281982,1.1324549913406372,337918662
2025-05-01T00:00:00.000000Z,1.1324310302734375,1.1648080348968506,1.0172840356826782,1.0498360395431519,400576705
2025-05-02T00:00:00.000000Z,1.0498319864273071,1.0649830102920532,1.0157690048217773,1.0331510305404663,188793458
2025-05-03T00:00:00.000000Z,1.0331510305404663,1.0331510305404663,0.95410299301147461,0.9557039737701416,137939461
2025-05-04T00:00:00.000000Z,0.9557039737701416,0.96359598636627197,0.91754400730133057,0.92301899194717407,113843030
2025-05-05T00:00:00.000000Z,0.92304199934005737,0.96268099546432495,0.85453099012374878,0.87066197395324707,174205881
2025-05-06T00:00:00.000000Z,0.87070399522781372,0.93565899133682251,0.86289101839065552,0.92817497253417969,161416795
2025-05-07T00:00:00.000000Z,0.92826300859451294,0.97155302762985229,0.90669798851013184,0.92782497406005859,171323742
2025-05-08T00:00:00.000000Z,0.92781901359558105,1.0743759870529175,0.92625600099563599,1.0605200529098511,258543830
2025-05-09T00:00:00.000000Z,1.0605419874191284,1.1751140356063843,1.0542490482330322,1.1394070386886597,326881987
2025-05-10T00:00:00.000000Z,1.1394309997558594,1.2501460313796997,1.1374770402908325,1.2496949434280396,275031585
2025-05-11T00:00:00.000000Z,1.2497429847717285,1.3571239709854126,1.2167099714279175,1.2612329721450806,394541305
2025-05-12T00:00:00.000000Z,1.2612680196762085,1.3475250005722046,1.2113640308380127,1.2820730209350586,396378636
2025-05-13T00:00:00.000000Z,1.282014012336731,1.3343269824981689,1.1789619922637939,1.301239013671875,275337565
2025-05-14T00:00:00.000000Z,1.301239013671875,1.3167550563812256,1.2222850322723389,1.2414230108261108,209549344
2025-05-15T00:00:00.000000Z,1.2413400411605835,1.2677979469299316,1.1182719469070435,1.1439720392227173,221254786
2025-05-16T00:00:00.000000Z,1.1439290046691895,1.185683012008667,1.1006640195846558,1.1097500324249268,157924021
2025-05-17T00:00:00.000000Z,1.1097500324249268,1.1118309497833252,1.0591020584106445,1.0737890005111694,149020072
2025-05-18T00:00:00.000000Z,1.0737890005111694,1.1872199773788452,1.0677520036697388,1.1805989742279053,191332091
2025-05-19T00:00:00.000000Z,1.1805989742279053,1.1867150068283081,1.0699310302734375,1.1288889646530151,195835945
2025-05-20T00:00:00.000000Z,1.1288889646530151,1.1592580080032349,1.0642869472503662,1.1134870052337646,220298847
2025-05-21T00:00:00.000000Z,1.1134870052337646,1.255547046661377,1.0947519540786743,1.1949419975280762,374399082
2025-05-22T00:00:00.000000Z,1.1949449777603149,1.6417529582977295,1.1939070224761963,1.5211019515991211,998314988
2025-05-23T00:00:00.000000Z,1.5211019515991211,1.5916210412979126,1.3420289754867554,1.3547099828720093,800913938
2025-05-24T00:00:00.000000Z,1.3546619415283203,1.5177799463272095,1.3538049459457397,1.4069709777832031,399208828
2025-05-25T00:00:00.000000Z,1.4069709777832031,1.4290510416030884,1.3165689706802368,1.4202350378036499,269413562
2025-05-26T00:00:00.000000Z,1.4203389883041382,1.4682060480117798,1.3422850370407104,1.3649519681930542,315164196
2025-05-27T00:00:00.000000Z,1.3649519681930542,1.4421240091323853,1.3330270051956177,1.4021459817886353,338320806
2025-05-28T00:00:00.000000Z,1.4021459817886353,1.4195560216903687,1.3064110279083252,1.3585859537124634,263668623
2025-05-29T00:00:00.000000Z,1.3585859537124634,1.3975800275802612,1.3074719905853271,1.3079409599304199,199007010
2025-05-30T00:00:00.000000Z,1.3080669641494751,1.3223530054092407,1.1206099987030029,1.1258460283279419,341672623
2025-05-31T00:00:00.000000Z,1.1258460283279419,1.1706130504608154,1.0783809423446655,1.1376579999923706,237909883
2025-06-01T00:00:00.000000Z,1.1376579999923706,1.1739059686660767,1.1017550230026245,1.1653300523757935,130283449
2025-06-02T00:00:00.000000Z,1.1653289794921875,1.1913659572601318,1.1089290380477905,1.1894680261611938,149397725
2025-06-03T00:00:00.000000Z,1.1894400119781494,1.2482049465179443,1.1795680522918701,1.1885279417037964,197970366
2025-06-04T00:00:00.000000Z,1.1884900331497192,1.2101670503616333,1.1359449625015259,1.1361310482025146,152731205
2025-06-05T00:00:00.000000Z,1.1361349821090698,1.1461910009384155,1.0168490409851074,1.036391019821167,192456027
2025-06-06T00:00:00.000000Z,1.036391019821167,1.0925279855728149,1.0333980321884155,1.063647985458374,166066737
2025-06-07T00:00:00.000000Z,1.063647985458374,1.1393729448318481,1.0604770183563232,1.1218529939651489,116794464
2025-06-08T00:00:00.000000Z,1.1218529939651489,1.1420940160751343,1.092244029045105,1.1055630445480347,97224027
2025-06-09T00:00:00.000000Z,1.1055630445480347,1.1675529479980469,1.0711669921875,1.1643619537353516,191746862
2025-06-10T00:00:00.000000Z,1.1643619537353516,1.1923149824142456,1.11900794506073,1.1793179512023926,214747337
2025-06-11T00:00:00.000000Z,1.1793049573898315,1.215345025062561,1.0995759963989258,1.1212430000305176,248549895
2025-06-12T00:00:00.000000Z,1.1212719678878784,1.1215330362319946,1.0197600126266479,1.0311260223388672,199045791
2025-06-13T00:00:00.000000Z,1.0311260223388672,1.0311260223388672,0.94062501192092896,1.0029269456863403,282277095
2025-06-14T00:00:00.000000Z,1.0029269456863403,1.0053720474243164,0.95589101314544678,0.97662699222564697,92093902
2025-06-15T00:00:00.000000Z,0.97662699222564697,0.99513000249862671,0.9563860297203064,0.98026502132415771,89696755
2025-06-16T00:00:00.000000Z,0.98026502132415771,1.0259469747543335,0.96034598350524902,0.96053600311279297,160272930
2025-06-17T00:00:00.000000Z,0.96053701639175415,0.96638399362564087,0.89359599351882935,0.91277199983596802,233749917
2025-06-18T00:00:00.000000Z,0.91277199983596802,0.95737200975418091,0.87007999420166016,0.95673102140426636,184809773
2025-06-19T00:00:00.000000Z,0.95673102140426636,0.96865898370742798,0.92129099369049072,0.93144601583480835,127381896
2025-06-20T00:00:00.000000Z,0.9314500093460083,0.95171099901199341,0.87342500686645508,0.88547497987747192,224532855
2025-06-21T00:00:00.000000Z,0.88547497987747192,0.89554399251937866,0.8140760064125061,0.86182498931884766,157653327
2025-06-22T00:00:00.000000Z,0.86182498931884766,0.87902301549911499,0.77721798419952393,0.82742100954055786,265352435
2025-06-23T00:00:00.000000Z,0.82742100954055786,0.93215101957321167,0.80256897211074829,0.92789798974990845,255801293
2025-06-24T00:00:00.000000Z,0.92789798974990845,0.95763200521469116,0.90771901607513428,0.93093401193618774,197640138
2025-06-25T00:00:00.000000Z,0.93093401193618774,0.93801397085189819,0.87806600332260132,0.88499802350997925,141261444
2025-06-26T00:00:00.000000Z,0.88499802350997925,0.91201800107955933,0.85471099615097046,0.86283397674560547,131219194
2025-06-27T00:00:00.000000Z,0.86283397674560547,0.88413399457931519,0.85304498672485352,0.87305700778961182,116690279
2025-06-28T00:00:00.000000Z,0.87305700778961182,0.90436601638793945,0.86826598644256592,0.89577901363372803,105156823
2025-06-29T00:00:00.000000Z,0.89577901363372803,0.95721298456192017,0.88696497678756714,0.94337201118469238,115263214
2025-06-30T00:00:00.000000Z,0.94340300559997559,0.94484001398086548,0.88589900732040405,0.89882200956344604,151221308
2025-07-01T00:00:00.000000Z,0.89882200956344604,0.9017220139503479,0.84587901830673218,0.85537898540496826,112811152
2025-07-02T00:00:00.000000Z,0.85517299175262451,0.96555697917938232,0.84834301471710205,0.94356602430343628,207443422
2025-07-03T00:00:00.000000Z,0.94358599185943604,0.9822620153427124,0.92399799823760986,0.94341498613357544,184965391
2025-07-04T00:00:00.000000Z,0.94341498613357544,0.94990700483322144,0.86269098520278931,0.87381702661514282,129607285
2025-07-05T00:00:00.000000Z,0.87381702661514282,0.88670998811721802,0.85739701986312866,0.8691520094871521,79100307
2025-07-06T00:00:00.000000Z,0.8691520094871521,0.90965098142623901,0.86034500598907471,0.89363002777099609,95443091
2025-07-07T00:00:00.000000Z,0.89363002777099609,0.90824300050735474,0.8602060079574585,0.87185299396514893,100107954
2025-07-08T00:00:00.000000Z,0.87185299396514893,0.88665097951889038,0.85480600595474243,0.87532699108123779,100610751
2025-07-09T00:00:00.000000Z,0.87532699108123779,0.9181169867515564,0.86091601848602295,0.9130290150642395,160476777
2025-07-10T00:00:00.000000Z,0.9130290150642395,1.0681250095367432,0.90036898851394653,1.0675350427627563,302322056
2025-07-11T00:00:00.000000Z,1.0675350427627563,1.1364840269088745,1.0215170383453369,1.041301965713501,437096600
2025-07-12T00:00:00.000000Z,1.041301965713501,1.0554980039596558,0.99532699584960938,1.0279289484024048,215828342
2025-07-13T00:00:00.000000Z,1.0279289484024048,1.0773639678955078,1.0250760316848755,1.0459339618682861,194503082
2025-07-14T00:00:00.000000Z,1.0459339618682861,1.1182570457458496,1.0242539644241333,1.0517230033874512,301775593
2025-07-15T00:00:00.000000Z,1.0517230033874512,1.0851629972457886,0.9974290132522583,1.0843100547790527,286619677
2025-07-16T00:00:00.000000Z,1.0843100547790527,1.1481889486312866,1.0512629747390747,1.1083159446716309,295274064
2025-07-17T00:00:00.000000Z,1.1083159446716309,1.1302160024642944,1.0603059530258179,1.1069890260696411,312865514
2025-07-18T00:00:00.000000Z,1.1069029569625854,1.2080800533294678,1.1030999422073364,1.1389909982681274,428455590
2025-07-19T00:00:00.000000Z,1.1390019655227661,1.1820230484008789,1.100242018699646,1.150799036026001,205619322
2025-07-20T00:00:00.000000Z,1.150799036026001,1.2793730497360229,1.1382149457931519,1.2255959510803223,368266137
2025-07-21T00:00:00.000000Z,1.2255959510803223,1.2873300313949585,1.1977430582046509,1.239300012588501,336299194
2025-07-22T00:00:00.000000Z,1.239300012588501,1.3988579511642456,1.1654740571975708,1.3984869718551636,619994325
2025-07-23T00:00:00.000000Z,1.3984869718551636,1.3985580205917358,1.1299229860305786,1.1753180027008057,559099344
2025-07-24T00:00:00.000000Z,1.1753499507904053,1.1997220516204834,1.0805510282516479,1.1381779909133911,342265116
2025-07-25T00:00:00.000000Z,1.1381779909133911,1.1672389507293701,1.0941109657287598,1.1655709743499756,247273163
2025-07-26T00:00:00.000000Z,1.1655709743499756,1.1803610324859619,1.1535890102386475,1.1590189933776855,149390141
2025-07-27T00:00:00.000000Z,1.1589920520782471,1.2223520278930664,1.1570669412612915,1.2168309688568115,171843456
2025-07-28T00:00:00.000000Z,1.2168309688568115,1.2361559867858887,1.1124320030212402,1.1133279800415039,259452866
2025-07-29T00:00:00.000000Z,1.1133860349655151,1.1364010572433472,1.0552510023117065,1.0814199447631836,213656363
2025-07-30T00:00:00.000000Z,1.0814199447631836,1.0836009979248047,1.0206539630889893,1.0631799697875977,204926355
2025-07-31T00:00:00.000000Z,1.0631799697875977,1.0929089784622192,1.0013719797134399,1.0070500373840332,169221645
2025-08-01T00:00:00.000000Z,1.0070500373840332,1.0070500373840332,0.94059497117996216,0.96632301807403564,241659922
2025-08-02T00:00:00.000000Z,0.96632301807403564,0.97679197788238525,0.91377502679824829,0.93554997444152832,139767678
2025-08-03T00:00:00.000000Z,0.93554997444152832,0.97926902770996094,0.9333149790763855,0.97457700967788696,121116673
2025-08-04T00:00:00.000000Z,0.97457301616668701,1.0139429569244385,0.97363501787185669,0.99924802780151367,161301245
2025-08-05T00:00:00.000000Z,0.99924802780151367,0.99956202507019043,0.92519301176071167,0.94468599557876587,199129968
2025-08-06T00:00:00.000000Z,0.94468599557876587,0.97094297409057617,0.92046701908111572,0.9668009877204895,146751459
2025-08-07T00:00:00.000000Z,0.9668009877204895,1.0258569717407227,0.95805001258850098,1.0246930122375488,182895236
2025-08-08T00:00:00.000000Z,1.0246930122375488,1.0427069664001465,1.0018310546875,1.0343209505081177,168829581
2025-08-09T00:00:00.000000Z,1.0343209505081177,1.0967439413070679,1.0322450399398804,1.0777820348739624,205340598
2025-08-10T00:00:00.000000Z,1.0777859687805176,1.1037269830703735,1.0333100557327271,1.0811580419540405,198465767
2025-08-11T00:00:00.000000Z,1.0811580419540405,1.108739972114563,0.9807090163230896,0.99290198087692261,243879324
2025-08-12T00:00:00.000000Z,0.99290198087692261,1.0739220380783081,0.96793699264526367,1.0574380159378052,232468158
2025-08-13T00:00:00.000000Z,1.0574380159378052,1.1387510299682617,1.042227029800415,1.1187390089035034,310218588
2025-08-14T00:00:00.000000Z,1.1187390089035034,1.1345260143280029,0.98581397533416748,0.99893397092819214,391246673
2025-08-15T00:00:00.000000Z,0.99893397092819214,1.0216150283813477,0.95636498928070068,0.98592901229858398,208390511
2025-08-16T00:00:00.000000Z,0.98592901229858398,1.0089149475097656,0.97316998243331909,1.004362940788269,117695925
2025-08-17T00:00:00.000000Z,1.004362940788269,1.0351719856262207,0.99461299180984497,1.0004589557647705,148772668
2025-08-18T00:00:00.000000Z,1.0004589557647705,1.0018930435180664,0.94463300704956055,0.95266902446746826,190201745
2025-08-19T00:00:00.000000Z,0.95266902446746826,0.96529501676559448,0.89918702840805054,0.89950698614120483,186951975
2025-08-20T00:00:00.000000Z,0.89957600831985474,0.96449601650238037,0.89675897359848022,0.95965498685836792,190627775
2025-08-21T00:00:00.000000Z,0.95965498685836792,0.96428698301315308,0.92245602607727051,0.93301302194595337,119499122
2025-08-22T00:00:00.000000Z,0.93301302194595337,1.0276110172271729,0.8964959979057312,1.0257270336151123,243023121
2025-08-23T00:00:00.000000Z,1.0257270336151123,1.0273599624633789,0.98750102519989014,1.0088150501251221,159203282
2025-08-24T00:00:00.000000Z,1.008787989616394,1.0261939764022827,0.95533400774002075,0.97082799673080444,240256241
2025-08-25T00:00:00.000000Z,0.97082799673080444,0.98299098014831543,0.86832898855209351,0.88261497020721436,265595719
2025-08-26T00:00:00.000000Z,0.88261497020721436,0.95410001277923584,0.88251101970672607,0.95244300365447998,215339575
2025-08-27T00:00:00.000000Z,0.95244300365447998,0.9655730128288269,0.93173897266387939,0.93191099166870117,173854239
2025-08-28T00:00:00.000000Z,0.93191099166870117,0.96292901039123535,0.92610102891921997,0.95962101221084595,147593576
2025-08-29T00:00:00.000000Z,0.9596019983291626,0.9617999792098999,0.89326000213623047,0.9054419994354248,162425497
2025-08-30T00:00:00.000000Z,0.90546399354934692,0.91993200778961182,0.88991302251815796,0.90347802639007568,81548525
2025-08-31T00:00:00.000000Z,0.90347802639007568,0.91697102785110474,0.88243001699447632,0.88292700052261353,93020102
2025-09-01T00:00:00.000000Z,0.88292700052261353,0.90551900863647461,0.83592402935028076,0.85434800386428833,164952546
2025-09-02T00:00:00.000000Z,0.85434800386428833,0.89032202959060669,0.85260099172592163,0.88815301656723022,123729946
2025-09-03T00:00:00.000000Z,0.88815301656723022,0.90789198875427246,0.87698698043823242,0.89798802137374878,111383225
2025-09-04T00:00:00.000000Z,0.89798802137374878,0.90216398239135742,0.86216402053833008,0.86661601066589355,121310345
2025-09-05T00:00:00.000000Z,0.86663997173309326,0.92320501804351807,0.86616897583007812,0.91647398471832275,177949132
2025-09-06T00:00:00.000000Z,0.91647398471832275,0.96826797723770142,0.90083497762680054,0.96739798784255981,182019667
2025-09-07T00:00:00.000000Z,0.96739798784255981,1.0727909803390503,0.95486599206924438,1.0329970121383667,482482346
2025-09-08T00:00:00.000000Z,1.033018946647644,1.5730520486831665,1.0317250490188599,1.568755030632019,2640030703
2025-09-09T00:00:00.000000Z,1.5687559843063354,2.1397020816802979,1.5681920051574707,1.9294110536575317,4369508746
2025-09-10T00:00:00.000000Z,1.9292620420455933,2.0549230575561523,1.7698309421539307,1.8701430559158325,1700613940
2025-09-11T00:00:00.000000Z,1.8702260255813599,1.8784209489822388,1.5942080020904541,1.6549539566040039,915599594
2025-09-12T00:00:00.000000Z,1.6549290418624878,1.7514920234680176,1.5544999837875366,1.6660699844360352,768640441
2025-09-13T00:00:00.000000Z,1.6660699844360352,1.7256239652633667,1.5923789739608765,1.6540809869766235,577607842
2025-09-14T00:00:00.000000Z,1.6540809869766235,1.733922004699707,1.5683640241622925,1.5773270130157471,765919560
2025-09-15T00:00:00.000000Z,1.5773270130157471,1.6094130277633667,1.4695680141448975,1.5117870569229126,487225164
2025-09-16T00:00:00.000000Z,1.5117870569229126,1.5998940467834473,1.4925739765167236,1.5131889581680298,430920782
2025-09-17T00:00:00.000000Z,1.5131640434265137,1.6103760004043579,1.4794540405273438,1.5984040498733521,469787905
2025-09-18T00:00:00.000000Z,1.5984040498733521,1.6887929439544678,1.5612330436706543,1.6051590442657471,511624641
2025-09-19T00:00:00.000000Z,1.6051590442657471,1.6152030229568481,1.4993250370025635,1.5114459991455078,298743814
2025-09-20T00:00:00.000000Z,1.5114459991455078,1.5351500511169434,1.485537052154541,1.5044410228729248,214265385
2025-09-21T00:00:00.000000Z,1.5044410228729248,1.5252640247344971,1.4538589715957642,1.4690990447998047,231470686
2025-09-22T00:00:00.000000Z,1.4691259860992432,1.4732190370559692,1.3054909706115723,1.3941559791564941,613976722
2025-09-23T00:00:00.000000Z,1.3941559791564941,1.3956120014190674,1.2985630035400391,1.3052120208740234,362375500
2025-09-24T00:00:00.000000Z,1.3052120208740234,1.3612849712371826,1.2612450122833252,1.3543360233306885,261939366
2025-09-25T00:00:00.000000Z,1.3543599843978882,1.355131983757019,1.2348760366439819,1.2605119943618774,359702468
2025-09-26T00:00:00.000000Z,1.2605140209197998,1.2902859449386597,1.2217819690704346,1.2865339517593384,203091099
2025-09-27T00:00:00.000000Z,1.2865339517593384,1.3812459707260132,1.2673059701919556,1.2757420539855957,247740881
2025-09-28T00:00:00.000000Z,1.2758330106735229,1.3444889783859253,1.2407649755477905,1.3301639556884766,161425086
2025-09-29T00:00:00.000000Z,1.3301399946212769,1.3410190343856812,1.2562270164489746,1.2817610502243042,220269683
2025-09-30T00:00:00.000000Z,1.2817610502243042,1.2856470346450806,1.2032289505004883,1.2444939613342285,184947979
2025-10-01T00:00:00.000000Z,1.2444939613342285,1.3295270204544067,1.2337800264358521,1.3159140348434448,235028150
2025-10-02T00:00:00.000000Z,1.3159140348434448,1.3653990030288696,1.299517035484314,1.3527690172195435,283154298
2025-10-03T00:00:00.000000Z,1.3527690172195435,1.4007910490036011,1.3171249628067017,1.3401559591293335,337877170
2025-10-04T00:00:00.000000Z,1.3401559591293335,1.3409149646759033,1.2533570528030396,1.2709050178527832,185312414
2025-10-05T00:00:00.000000Z,1.2709029912948608,1.3226909637451172,1.252964973449707,1.2558629512786865,231918049
2025-10-06T00:00:00.000000Z,1.2557990550994873,1.3237860202789307,1.246690034866333,1.3067359924316406,237548985
2025-10-07T00:00:00.000000Z,1.3067359924316406,1.3293349742889404,1.1889690160751343,1.1939899921417236,323270433
2025-10-08T00:00:00.000000Z,1.1940120458602905,1.2857999801635742,1.1750110387802124,1.2795599699020386,250274144
2025-10-09T00:00:00.000000Z,1.2795599699020386,1.2795690298080444,1.1796540021896362,1.1999980211257935,222331064
2025-10-10T00:00:00.000000Z,1.1999950408935547,1.3038439750671387,0.36461898684501648,0.8732600212097168,872772458
2025-10-11T00:00:00.000000Z,0.8732600212097168,0.99243098497390747,0.86313700675964355,0.91640198230743408,502085969
2025-10-12T00:00:00.000000Z,0.9164549708366394,1.0426959991455078,0.89394599199295044,1.0047930479049683,328665395
2025-10-13T00:00:00.000000Z,1.0047990083694458,1.0183000564575195,0.97542798519134521,1.0107090473175049,348687315
2025-10-14T00:00:00.000000Z,1.0107090473175049,1.0144280195236206,0.91198897361755371,0.9584280252456665,259762284
2025-10-15T00:00:00.000000Z,0.9584280252456665,0.98135799169540405,0.92092800140380859,0.93280202150344849,200349133
2025-10-16T00:00:00.000000Z,0.93280202150344849,0.95851397514343262,0.88937097787857056,0.89725202322006226,231020658
2025-10-17T00:00:00.000000Z,0.89725202322006226,0.90750002861022949,0.82593202590942383,0.87215197086334229,234535201
2025-10-18T00:00:00.000000Z,0.87215197086334229,0.89975500106811523,0.87093102931976318,0.88686102628707886,99689845
2025-10-19T00:00:00.000000Z,0.88686102628707886,0.93094801902770996,0.87147897481918335,0.91239297389984131,142121970
2025-10-20T00:00:00.000000Z,0.91239297389984131,0.94152599573135376,0.89267700910568237,0.91790097951889038,150244082
2025-10-21T00:00:00.000000Z,0.91794097423553467,0.96383702754974365,0.87993901968002319,0.88871997594833374,219089694
2025-10-22T00:00:00.000000Z,0.88871997594833374,0.89656198024749756,0.82050502300262451,0.84468501806259155,190595536
2025-10-23T00:00:00.000000Z,0.84468501806259155,0.86944097280502319,0.84101802110671997,0.86379802227020264,169427913
2025-10-24T00:00:00.000000Z,0.86379802227020264,0.9067080020904541,0.85760402679443359,0.896045982837677,170458768
2025-10-25T00:00:00.000000Z,0.896045982837677,0.90042698383331299,0.87257397174835205,0.89539200067520142,104646385
2025-10-26T00:00:00.000000Z,0.8953930139541626,0.95712399482727051,0.87968999147415161,0.9487299919128418,213823806
2025-10-27T00:00:00.000000Z,0.9487299919128418,0.95678102970123291,0.9010319709777832,0.90463697910308838,164608084
2025-10-28T00:00:00.000000Z,0.90463697910308838,0.92354100942611694,0.85881799459457397,0.87048399448394775,151098423
2025-10-29T00:00:00.000000Z,0.87054902315139771,0.89494997262954712,0.84289801120758057,0.8613010048866272,158700594
2025-10-30T00:00:00.000000Z,0.86129200458526611,0.87057101726531982,0.76903897523880005,0.79828399419784546,189765494
2025-10-31T00:00:00.000000Z,0.79828399419784546,0.81661701202392578,0.78473401069641113,0.79935401678085327,124002126
2025-11-01T00:00:00.000000Z,0.79935401678085327,0.89414900541305542,0.79356497526168823,0.87032198905944824,268803473
2025-11-02T00:00:00.000000Z,0.87041300535202026,0.87245100736618042,0.82267701625823975,0.84381198883056641,127163502
2025-11-03T00:00:00.000000Z,0.84378498792648315,0.84378498792648315,0.71453201770782471,0.72847002744674683,242903355
2025-11-04T00:00:00.000000Z,0.7285040020942688,0.73766398429870605,0.6612510085105896,0.70475900173187256,265313507
2025-11-05T00:00:00.000000Z,0.70475900173187256,0.74413597583770752,0.67279398441314697,0.74021297693252563,150072707
2025-11-06T00:00:00.000000Z,0.74023902416229248,0.74026799201965332,0.69215297698974609,0.70399999618530273,122118089
2025-11-07T00:00:00.000000Z,0.70399999618530273,0.86887800693511963,0.70394200086593628,0.8328700065612793,322690364
2025-11-08T00:00:00.000000Z,0.8328700065612793,0.85056799650192261,0.79491400718688965,0.81619501113891602,177093222
2025-11-09T00:00:00.000000Z,0.81619501113891602,0.82634097337722778,0.78261697292327881,0.81694501638412476,145880020
2025-11-10T00:00:00.000000Z,0.81694501638412476,0.84679198265075684,0.81119400262832642,0.82901501655578613,164175337
2025-11-11T00:00:00.000000Z,0.82908499240875244,0.84323900938034058,0.77060401439666748,0.77119499444961548,161100835
2025-11-12T00:00:00.000000Z,0.7710919976234436,0.81435298919677734,0.74672400951385498,0.76103800535202026,143933064
2025-11-13T00:00:00.000000Z,0.76103800535202026,0.8065980076789856,0.72032898664474487,0.74801099300384521,166418233
2025-11-14T00:00:00.000000Z,0.74801099300384521,0.74802398681640625,0.69433099031448364,0.70374798774719238,175907432
2025-11-15T00:00:00.000000Z,0.70374798774719238,0.72522199153900146,0.69179397821426392,0.69928699731826782,112602808
2025-11-16T00:00:00.000000Z,0.69928699731826782,0.70455801486968994,0.65587502717971802,0.67359799146652222,143696053
2025-11-17T00:00:00.000000Z,0.67359799146652222,0.68817198276519775,0.63734102249145508,0.65095800161361694,144532929
2025-11-18T00:00:00.000000Z,0.65107601881027222,0.69407498836517334,0.64381402730941772,0.68602800369262695,145336880
2025-11-19T00:00:00.000000Z,0.68602800369262695,0.68831199407577515,0.63425499200820923,0.66667097806930542,126518961
2025-11-20T00:00:00.000000Z,0.66667097806930542,0.71108800172805786,0.63666898012161255,0.65351200103759766,182241694
2025-11-21T00:00:00.000000Z,0.65346300601959229,0.66403102874755859,0.57285600900650024,0.59226202964782715,250566580
2025-11-22T00:00:00.000000Z,0.59226202964782715,0.61103898286819458,0.58538699150085449,0.60498899221420288,124844755
2025-11-23T00:00:00.000000Z,0.60498899221420288,0.6256440281867981,0.60155600309371948,0.60871201753616333,112079441
2025-11-24T00:00:00.000000Z,0.60870498418807983,0.64412498474121094,0.59784901142120361,0.63652700185775757,137127797
2025-11-25T00:00:00.000000Z,0.63652700185775757,0.6440659761428833,0.61592698097229004,0.64088797569274902,100548276
2025-11-26T00:00:00.000000Z,0.64092797040939331,0.6587899923324585,0.61890202760696411,0.65557998418807983,94562052
2025-11-27T00:00:00.000000Z,0.65559202432632446,0.66881901025772095,0.6449739933013916,0.65344297885894775,95866530
2025-11-28T00:00:00.000000Z,0.65344399213790894,0.66570901870727539,0.63507497310638428,0.64966100454330444,110453636
2025-11-29T00:00:00.000000Z,0.64966100454330444,0.65740001201629639,0.6295660138130188,0.6317179799079895,79048728
2025-11-30T00:00:00.000000Z,0.6317179799079895,0.6436079740524292,0.62417697906494141,0.62480401992797852,79031122
2025-12-01T00:00:00.000000Z,0.62362802028656006,0.62362802028656006,0.55795598030090332,0.57465100288391113,132471726
2025-12-02T00:00:00.000000Z,0.57465898990631104,0.66171902418136597,0.56820398569107056,0.62829601764678955,141829166
2025-12-03T00:00:00.000000Z,0.62829601764678955,0.64099901914596558,0.6209070086479187,0.63530999422073364,123142864
2025-12-04T00:00:00.000000Z,0.63530200719833374,0.6429399847984314,0.61767697334289551,0.61969798803329468,85607254
2025-12-05T00:00:00.000000Z,0.61969500780105591,0.62255102396011353,0.56516999006271362,0.57464301586151123,111363516
2025-12-06T00:00:00.000000Z,0.57463502883911133,0.58354902267456055,0.57173699140548706,0.57756799459457397,66105028
2025-12-07T00:00:00.000000Z,0.57756799459457397,0.5938190221786499,0.55871599912643433,0.56537097692489624,90543289
2025-12-08T00:00:00.000000Z,0.56537902355194092,0.61450797319412231,0.56409001350402832,0.61450797319412231,103771383
2025-12-09T00:00:00.000000Z,0.61450797319412231,0.64649999141693115,0.58854299783706665,0.64375597238540649,137238532
2025-12-10T00:00:00.000000Z,0.64375400543212891,0.65143400430679321,0.61645698547363281,0.61725801229476929,106494695
2025-12-11T00:00:00.000000Z,0.61725801229476929,0.61725801229476929,0.58111697435379028,0.5958939790725708,98700892
2025-12-12T00:00:00.000000Z,0.5958939790725708,0.60909402370452881,0.5656440258026123,0.58003997802734375,97210104
2025-12-13T00:00:00.000000Z,0.58003997802734375,0.59988498687744141,0.57912200689315796,0.59410297870635986,60265111
2025-12-14T00:00:00.000000Z,0.59410297870635986,0.59445297718048096,0.5591920018196106,0.56268298625946045,76325791
2025-12-15T00:00:00.000000Z,0.5626869797706604,0.58357298374176025,0.52592599391937256,0.53924101591110229,118076959
2025-12-16T00:00:00.000000Z,0.53924697637557983,0.54005700349807739,0.52004802227020264,0.52739101648330688,96859447
2025-12-17T00:00:00.000000Z,0.52739101648330688,0.54325699806213379,0.49393799901008606,0.49631300568580627,119241615
2025-12-18T00:00:00.000000Z,0.49632099270820618,0.52274101972579956,0.47396799921989441,0.47896099090576172,101266738
2025-12-19T00:00:00.000000Z,0.47896400094032288,0.52770501375198364,0.47613000869750977,0.52233797311782837,85069425
2025-12-20T00:00:00.000000Z,0.522350013256073,0.52449101209640503,0.51445400714874268,0.52322500944137573,54204882
2025-12-21T00:00:00.000000Z,0.52322500944137573,0.52347499132156372,0.4971039891242981,0.51131099462509155,68293791
2025-12-22T00:00:00.000000Z,0.51131099462509155,0.52041900157928467,0.49734100699424744,0.50379502773284912,67435335
2025-12-23T00:00:00.000000Z,0.50379502773284912,0.51008397340774536,0.48630198836326599,0.49268001317977905,71863397
2025-12-24T00:00:00.000000Z,0.49268001317977905,0.49473300576210022,0.47925698757171631,0.48869100213050842,54943228
2025-12-25T00:00:00.000000Z,0.48866501450538635,0.50302499532699585,0.47840800881385803,0.47906899452209473,67645196
2025-12-26T00:00:00.000000Z,0.47906899452209473,0.50271397829055786,0.47885000705718994,0.49181398749351501,64806420
2025-12-27T00:00:00.000000Z,0.49179399013519287,0.51337498426437378,0.4896790087223053,0.51336997747421265,53266558
2025-12-28T00:00:00.000000Z,0.51340699195861816,0.51394897699356079,0.49967899918556213,0.50453698635101318,61308657
2025-12-29T00:00:00.000000Z,0.50453698635101318,0.5198330283164978,0.49085399508476257,0.4927850067615509,90850835
2025-12-30T00:00:00.000000Z,0.4927850067615509,0.50002002716064453,0.48838499188423157,0.49102601408958435,63795666
2025-12-31T00:00:00.000000Z,0.49100801348686218,0.49427199363708496,0.47037899494171143,0.48074299097061157,71005673
2026-01-01T00:00:00.000000Z,0.48074299097061157,0.52270597219467163,0.47710999846458435,0.52037101984024048,69305112
2026-01-02T00:00:00.000000Z,0.52040201425552368,0.55731797218322754,0.51569300889968872,0.55539101362228394,112402790
2026-01-03T00:00:00.000000Z,0.55539101362228394,0.59591197967529297,0.55469101667404175,0.58400899171829224,149306410
2026-01-04T00:00:00.000000Z,0.58416801691055298,0.60880202054977417,0.57975298166275024,0.5997130274772644,123079367
2026-01-05T00:00:00.000000Z,0.59965002536773682,0.65644997358322144,0.58877497911453247,0.63686501979827881,157055322
2026-01-06T00:00:00.000000Z,0.6367650032043457,0.64919602870941162,0.60900002717971802,0.63559097051620483,126092365
2026-01-07T00:00:00.000000Z,0.63559097051620483,0.63592302799224854,0.59047198295593262,0.59381401538848877,101983090
2026-01-08T00:00:00.000000Z,0.59381401538848877,0.5983160138130188,0.56667798757553101,0.58283597230911255,93826742
2026-01-09T00:00:00.000000Z,0.58284199237823486,0.59787100553512573,0.57452899217605591,0.57848799228668213,82365906
2026-01-10T00:00:00.000000Z,0.57848799228668213,0.58773201704025269,0.56823897361755371,0.57153099775314331,50777478
2026-01-11T00:00:00.000000Z,0.57153099775314331,0.58390402793884277,0.55973100662231445,0.56764298677444458,59023495
2026-01-12T00:00:00.000000Z,0.56764298677444458,0.58876699209213257,0.55398398637771606,0.55568999052047729,87432634
2026-01-13T00:00:00.000000Z,0.55568999052047729,0.62598699331283569,0.55539798736572266,0.61687397956848145,117045445
2026-01-14T00:00:00.000000Z,0.61687898635864258,0.62069797515869141,0.59480297565460205,0.59971702098846436,113940345
2026-01-15T00:00:00.000000Z,0.59971702098846436,0.60165500640869141,0.55509597063064575,0.56306201219558716,99955119
2026-01-16T00:00:00.000000Z,0.56306701898574829,0.56933599710464478,0.54051399230957031,0.55486202239990234,78655332
2026-01-17T00:00:00.000000Z,0.55486202239990234,0.56522500514984131,0.54767400026321411,0.5495610237121582,62443454
2026-01-18T00:00:00.000000Z,0.5495610237121582,0.55274897813796997,0.51469999551773071,0.51469999551773071,73904407
2026-01-19T00:00:00.000000Z,0.51469802856445312,0.51475799083709717,0.4731769859790802,0.5052189826965332,138630607
2026-01-20T00:00:00.000000Z,0.50522100925445557,0.50526601076126099,0.46583101153373718,0.46643701195716858,99293684
2026-01-21T00:00:00.000000Z,0.46645098924636841,0.48795899748802185,0.46293199062347412,0.47534599900245667,105497218
2026-01-22T00:00:00.000000Z,0.47534599900245667,0.48585200309753418,0.46595498919487,0.47161799669265747,68398827
2026-01-23T00:00:00.000000Z,0.47160199284553528,0.48375698924064636,0.45918199419975281,0.46765100955963135,83084569
2026-01-24T00:00:00.000000Z,0.46763598918914795,0.47672098875045776,0.46598801016807556,0.47072300314903259,51780065
2026-01-25T00:00:00.000000Z,0.47072300314903259,0.47272700071334839,0.43389400839805603,0.44230899214744568,92190429
2026-01-26T00:00:00.000000Z,0.4422990083694458,0.46910199522972107,0.44203799962997437,0.45898500084877014,70614705
2026-01-27T00:00:00.000000Z,0.45898500084877014,0.46726900339126587,0.44912499189376831,0.46448901295661926,74364866
2026-01-28T00:00:00.000000Z,0.46447700262069702,0.64645898342132568,0.4548490047454834,0.58407998085021973,482844355
2026-01-29T00:00:00.000000Z,0.58393299579620361,0.58950597047805786,0.46988299489021301,0.47843700647354126,542860015
2026-01-30T00:00:00.000000Z,0.47843700647354126,0.47962400317192078,0.45133000612258911,0.46893799304962158,228270781
2026-01-31T00:00:00.000000Z,0.46893799304962158,0.46917799115180969,0.38245999813079834,0.41376799345016479,219192203
2026-02-01T00:00:00.000000Z,0.41376799345016479,0.41716200113296509,0.38567501306533813,0.39238300919532776,113377038
2026-02-02T00:00:00.000000Z,0.41376799345016479,0.41716200113296509,0.38567501306533813,0.39238300919532776,113377038
2026-02-03T00:00:00.000000Z,0.41004899144172668,0.4249579906463623,0.39822399616241455,0.40813198685646057,161105478
2026-02-04T00:00:00.000000Z,0.40813198685646057,0.41828200221061707,0.39626199007034302,0.40741398930549622,125769931
2026-02-05T00:00:00.000000Z,0.40741398930549622,0.41123700141906738,0.34237900376319885,0.34553200006484985,182890330
2026-02-06T00:00:00.000000Z,0.34553399682044983,0.41340500116348267,0.31396600604057312,0.40523898601531982,244972392
2026-02-07T00:00:00.000000Z,0.40523898601531982,0.42248201370239258,0.38991200923919678,0.39742699265480042,143615324
2026-02-08T00:00:00.000000Z,0.39742699265480042,0.4033769965171814,0.38731399178504944,0.38923799991607666,77027888
2026-02-09T00:00:00.000000Z,0.38920700550079346,0.39413401484489441,0.37499698996543884,0.38759300112724304,82088737
2026-02-10T00:00:00.000000Z,0.38760301470756531,0.39299899339675903,0.37455898523330688,0.37875398993492126,110817770
2026-02-11T00:00:00.000000Z,0.3787589967250824,0.38229900598526001,0.36174198985099792,0.36761599779129028,87513423
2026-02-12T00:00:00.000000Z,0.36761599779129028,0.39492899179458618,0.36761599779129028,0.38136899471282959,85835611
2026-02-13T00:00:00.000000Z,0.38136899471282959,0.39808499813079834,0.3770659863948822,0.39585000276565552,69597000
2026-02-14T00:00:00.000000Z,0.39585000276565552,0.43641200661659241,0.39579901099205017,0.42797198891639709,95269061
2026-02-15T00:00:00.000000Z,0.42797198891639709,0.43071898818016052,0.39962100982666016,0.40435200929641724,92424322
2026-02-16T00:00:00.000000Z,0.40435498952865601,0.40830299258232117,0.39558801054954529,0.40416499972343445,76517941
2026-02-17T00:00:00.000000Z,0.40416499972343445,0.40504801273345947,0.38686099648475647,0.3972339928150177,80095855
2026-02-18T00:00:00.000000Z,0.39723300933837891,0.39845699071884155,0.37370499968528748,0.3790929913520813,69454616
2026-02-19T00:00:00.000000Z,0.37909001111984253,0.38286399841308594,0.36830401420593262,0.37420400977134705,65048845
2026-02-20T00:00:00.000000Z,0.37420400977134705,0.39572098851203918,0.37305998802185059,0.39133501052856445,81629377
2026-02-21T00:00:00.000000Z,0.39133501052856445,0.3983289897441864,0.38729399442672729,0.38730499148368835,58265040
2026-02-22T00:00:00.000000Z,0.38730499148368835,0.38732001185417175,0.37582600116729736,0.38376700878143311,54414951
2026-02-23T00:00:00.000000Z,0.38375300168991089,0.39394399523735046,0.36357599496841431,0.37244099378585815,96998516
2026-02-24T00:00:00.000000Z,0.37243101000785828,0.38623899221420288,0.36485901474952698,0.37638300657272339,77186490
2026-02-25T00:00:00.000000Z,0.37638300657272339,0.43422600626945496,0.37551799416542053,0.41293999552726746,160461181
2026-02-26T00:00:00.000000Z,0.41294500231742859,0.41438901424407959,0.39027100801467896,0.39951199293136597,107298997
2026-02-27T00:00:00.000000Z,0.39949798583984375,0.4085560142993927,0.38355100154876709,0.38954499363899231,93917635
2026-02-28T00:00:00.000000Z,0.38956901431083679,0.40221500396728516,0.3635219931602478,0.39893099665641785,116006025
2026-03-01T00:00:00.000000Z,0.39893999695777893,0.40806800127029419,0.37746599316596985,0.38392600417137146,100956347
2026-03-02T00:00:00.000000Z,0.38392600417137146,0.41735801100730896,0.37934300303459167,0.4050230085849762,128769090
2026-03-03T00:00:00.000000Z,0.4050230085849762,0.40582498908042908,0.38644000887870789,0.39306500554084778,118709433
2026-03-04T00:00:00.000000Z,0.39306500554084778,0.44166699051856995,0.38676699995994568,0.41985499858856201,166122668
2026-03-05T00:00:00.000000Z,0.41985499858856201,0.42060500383377075,0.40298101305961609,0.40817898511886597,103746421
2026-03-06T00:00:00.000000Z,0.40816301107406616,0.40981200337409973,0.38220399618148804,0.38859701156616211,113318342
2026-03-07T00:00:00.000000Z,0.38859701156616211,0.38991299271583557,0.37472200393676758,0.37733098864555359,85605202
2026-03-08T00:00:00.000000Z,0.37733200192451477,0.37870699167251587,0.35853800177574158,0.36028701066970825,102396475
2026-03-09T00:00:00.000000Z,0.36032399535179138,0.37171700596809387,0.3591809868812561,0.36324399709701538,141248861
2026-03-10T00:00:00.000000Z,0.36325499415397644,0.38057500123977661,0.35241800546646118,0.35634800791740417,164049311
2026-03-11T00:00:00.000000Z,0.35634800791740417,0.36423298716545105,0.35218700766563416,0.3555850088596344,130991063
2026-03-12T00:00:00.000000Z,0.35558199882507324,0.36892101168632507,0.3471750020980835,0.35904800891876221,174542632
2026-03-13T00:00:00.000000Z,0.35893899202346802,0.37682899832725525,0.35500898957252502,0.35723501443862915,154728886
2026-03-14T00:00:00.000000Z,0.35723501443862915,0.36245301365852356,0.3494420051574707,0.35604599118232727,104193585
2026-03-15T00:00:00.000000Z,0.35604599118232727,0.36612099409103394,0.35422098636627197,0.36494499444961548,107887719
2026-03-16T00:00:00.000000Z,0.36494499444961548,0.40368598699569702,0.36394500732421875,0.39965099096298218,198645299
2026-03-17T00:00:00.000000Z,0.39965099096298218,0.40042999386787415,0.38460001349449158,0.39400601387023926,148771854
2026-03-18T00:00:00.000000Z,0.39400801062583923,0.40094500780105591,0.3586060106754303,0.36861100792884827,150100572
2026-03-19T00:00:00.000000Z,0.36861100792884827,0.36880499124526978,0.32735699415206909,0.33096098899841309,246057225
2026-03-20T00:00:00.000000Z,0.33096098899841309,0.34329500794410706,0.31855601072311401,0.32147899270057678,253948921
2026-03-21T00:00:00.000000Z,0.32148399949073792,0.32882601022720337,0.31301701068878174,0.31567901372909546,217427838
2026-03-22T00:00:00.000000Z,0.31571099162101746,0.32151201367378235,0.30248400568962097,0.30777299404144287,159334748
2026-03-23T00:00:00.000000Z,0.3077709972858429,0.32906299829483032,0.30433499813079834,0.32576799392700195,179260587
2026-03-24T00:00:00.000000Z,0.32576799392700195,0.32581400871276855,0.31315898895263672,0.32113999128341675,137347671
2026-03-25T00:00:00.000000Z,0.32114699482917786,0.32696801424026489,0.31701499223709106,0.32488399744033813,167348059
2026-03-26T00:00:00.000000Z,0.32488399744033813,0.32491898536682129,0.28948900103569031,0.29280400276184082,206989047
2026-03-27T00:00:00.000000Z,0.29274499416351318,0.29364100098609924,0.25047099590301514,0.25057798624038696,278595952
2026-03-28T00:00:00.000000Z,0.25063499808311462,0.27556198835372925,0.2443539947271347,0.26876100897789001,275868714
2026-03-29T00:00:00.000000Z,0.26876100897789001,0.27796098589897156,0.2674809992313385,0.27147498726844788,157506436
2026-03-30T00:00:00.000000Z,0.27146700024604797,0.28686198592185974,0.2706579864025116,0.27157700061798096,165230731
2026-03-31T00:00:00.000000Z,0.27159398794174194,0.27899101376533508,0.27054300904273987,0.27572500705718994,141763101
2026-04-01T00:00:00.000000Z,0.27574899792671204,0.28378099203109741,0.27443799376487732,0.27838200330734253,130708576
2026-04-02T00:00:00.000000Z,0.27839198708534241,0.28005200624465942,0.26164498925209045,0.2677370011806488,123146907
2026-04-03T00:00:00.000000Z,0.2677370011806488,0.2740899920463562,0.26379099488258362,0.2663399875164032,113632392
2026-04-04T00:00:00.000000Z,0.2663399875164032,0.26636099815368652,0.25652900338172913,0.25737699866294861,137508090
2026-04-05T00:00:00.000000Z,0.25737699866294861,0.25885599851608276,0.23986899852752686,0.24811799824237823,169456084
2026-04-06T00:00:00.000000Z,0.24811799824237823,0.25577700138092041,0.24151700735092163,0.24311099946498871,156119490
2026-04-07T00:00:00.000000Z,0.24311099946498871,0.27449798583984375,0.2409760057926178,0.27097600698471069,172202728
2026-04-08T00:00:00.000000Z,0.27096998691558838,0.27098900079727173,0.25633800029754639,0.25684499740600586,141678951
2026-04-09T00:00:00.000000Z,0.25684499740600586,0.27681300044059753,0.2531450092792511,0.26758700609207153,147950764
2026-04-10T00:00:00.000000Z,0.26758700609207153,0.28485500812530518,0.26561999320983887,0.27944600582122803,159730501
2026-04-11T00:00:00.000000Z,0.27944600582122803,0.30240699648857117,0.27606299519538879,0.29878899455070496,178426221
2026-04-12T00:00:00.000000Z,0.29874399304389954,0.30035400390625,0.28349500894546509,0.28935900330543518,178624019
2026-04-13T00:00:00.000000Z,0.28935900330543518,0.31344398856163025,0.28906899690628052,0.31143000721931458,209029356
2026-04-14T00:00:00.000000Z,0.31143501400947571,0.32733699679374695,0.29263699054718018,0.29629400372505188,195495368
2026-04-15T00:00:00.000000Z,0.29629400372505188,0.30824398994445801,0.29298800230026245,0.30527698993682861,136419763
2026-04-16T00:00:00.000000Z,0.30531099438667297,0.32839098572731018,0.30321198701858521,0.32513898611068726,184415568
2026-04-17T00:00:00.000000Z,0.32513898611068726,0.3252510130405426,0.28023400902748108,0.28113099932670593,281495658
2026-04-18T00:00:00.000000Z,0.28113099932670593,0.28737899661064148,0.26314499974250793,0.26347699761390686,201551594
2026-04-19T00:00:00.000000Z,0.26347699761390686,0.26995798945426941,0.25674399733543396,0.2588140070438385,147980813
2026-04-20T00:00:00.000000Z,0.2588140070438385,0.26921400427818298,0.25880500674247742,0.26442399621009827,121330009
2026-04-21T00:00:00.000000Z,0.26442399621009827,0.26641300320625305,0.25801301002502441,0.26179701089859009,118919595
2026-04-22T00:00:00.000000Z,0.26179701089859009,0.27329999208450317,0.25984001159667969,0.26394501328468323,142741821
2026-04-23T00:00:00.000000Z,0.26393601298332214,0.265065997838974,0.25589001178741455,0.26458200812339783,120042518
2026-04-24T00:00:00.000000Z,0.26459699869155884,0.26744899153709412,0.25977298617362976,0.26166900992393494,140805739
2026-04-25T00:00:00.000000Z,0.26167199015617371,0.26334100961685181,0.25621300935745239,0.2586199939250946,129155082
2026-04-26T00:00:00.000000Z,0.2586199939250946,0.26113298535346985,0.25588300824165344,0.26004400849342346,118457217
2026-04-27T00:00:00.000000Z,0.26004400849342346,0.26458200812339783,0.24769400060176849,0.25408700108528137,145079420
2026-04-28T00:00:00.000000Z,0.25408700108528137,0.25471198558807373,0.24875199794769287,0.25179401040077209,119977328
2026-04-29T00:00:00.000000Z,0.25179401040077209,0.25634598731994629,0.23971100151538849,0.24795399606227875,147976383
2026-04-30T00:00:00.000000Z,0.24795399606227875,0.25124099850654602,0.24052000045776367,0.24281300604343414,162988447
2026-05-01T00:00:00.000000Z,0.24281300604343414,0.24516500532627106,0.23381799459457397,0.23439599573612213,163587516
2026-05-02T00:00:00.000000Z,0.23439399898052216,0.24456499516963959,0.23221899569034576,0.24285300076007843,155355180
2026-05-03T00:00:00.000000Z,0.24285300076007843,0.2431659996509552,0.23703800141811371,0.2370930016040802,123638821
2026-05-04T00:00:00.000000Z,0.2371010035276413,0.24339999258518219,0.23440699279308319,0.23680900037288666,163525054
2026-05-05T00:00:00.000000Z,0.23680900037288666,0.24987800419330597,0.23638500273227692,0.24575300514698029,188554266
2026-05-06T00:00:00.000000Z,0.24575300514698029,0.26232999563217163,0.24440999329090118,0.25699400901794434,198112056
2026-05-07T00:00:00.000000Z,0.25700199604034424,0.2608950138092041,0.24917200207710266,0.25194200873374939,173975182
2026-05-08T00:00:00.000000Z,0.25194200873374939,0.27791699767112732,0.25085601210594177,0.27314698696136475,182234764
2026-05-09T00:00:00.000000Z,0.27314698696136475,0.27643200755119324,0.26840400695800781,0.27050501108169556,158135622
2026-05-10T00:00:00.000000Z,0.27050799131393433,0.29335400462150574,0.26553800702095032,0.28289899230003357,247219837
2026-05-11T00:00:00.000000Z,0.28289899230003357,0.28504499793052673,0.27306398749351501,0.27879399061203003,146906020
2026-05-12T00:00:00.000000Z,0.27879399061203003,0.28152701258659363,0.26120001077651978,0.26733899116516113,136403294
2026-05-13T00:00:00.000000Z,0.26733899116516113,0.28689900040626526,0.2560180127620697,0.2597079873085022,185502855
2026-05-14T00:00:00.000000Z,0.2597079873085022,0.27300798892974854,0.25407400727272034,0.26122298836708069,133593083
2026-05-15T00:00:00.000000Z,0.26122298836708069,0.26390799880027771,0.24034400284290314,0.24494999647140503,149489403
2026-05-16T00:00:00.000000Z,0.24494999647140503,0.24732600152492523,0.23538500070571899,0.2401529997587204,99709168
2026-05-17T00:00:00.000000Z,0.2401529997587204,0.24466399848461151,0.22789600491523743,0.23558799922466278,93551347
2026-05-18T00:00:00.000000Z,0.23557999730110168,0.24194200336933136,0.2302049994468689,0.24165700376033783,116750089
2026-05-19T00:00:00.000000Z,0.24165700376033783,0.24967899918556213,0.23671500384807587,0.23834699392318726,125469815
2026-05-20T00:00:00.000000Z,0.23834699392318726,0.25479000806808472,0.23671799898147583,0.2473749965429306,146296456
2026-05-21T00:00:00.000000Z,0.2473749965429306,0.2775140106678009,0.24737399816513062,0.26841399073600769,193447089
2026-05-22T00:00:00.000000Z,0.26843199133872986,0.300121009349823,0.26667800545692444,0.27105998992919922,313440230
2026-05-23T00:00:00.000000Z,0.27105799317359924,0.30715501308441162,0.26147601008415222,0.29854899644851685,228027134
2026-05-24T00:00:00.000000Z,0.29855400323867798,0.31162300705909729,0.28517499566078186,0.29234999418258667,195226834
2026-05-25T00:00:00.000000Z,0.29234200716018677,0.33799099922180176,0.28870400786399841,0.33024200797080994,235628695
2026-05-26T00:00:00.000000Z,0.33022698760032654,0.40993601083755493,0.3249799907207489,0.37602600455284119,767836553
2026-05-27T00:00:00.000000Z,0.37600201368331909,0.37755501270294189,0.33700999617576599,0.34079599380493164,396242312
2026-05-28T00:00:00.000000Z,0.34077998995780945,0.34096500277519226,0.27624198794364929,0.28032800555229187,356753265
2026-05-29T00:00:00.000000Z,0.28029900789260864,0.31280699372291565,0.28027200698852539,0.29017499089241028,353949672
2026-05-30T00:00:00.000000Z,0.2901960015296936,0.37888398766517639,0.28555598855018616,0.3428339958190918,465985902
2026-05-31T00:00:00.000000Z,0.34284201264381409,0.35226801037788391,0.31791400909423828,0.35037699341773987,308204967
2026-06-01T00:00:00.000000Z,0.35038900375366211,0.44179999828338623,0.34981200098991394,0.43707099556922913,809919077
2026-06-02T00:00:00.000000Z,0.43703800439834595,0.47835001349449158,0.37880900502204895,0.38216900825500488,731850636
2026-06-03T00:00:00.000000Z,0.38217198848724365,0.55053901672363281,0.38167101144790649,0.54132002592086792,1114702152
2026-06-04T00:00:00.000000Z,0.54131299257278442,0.62773197889328003,0.46130898594856262,0.53655999898910522,1629957177
2026-06-05T00:00:00.000000Z,0.53649300336837769,0.56757897138595581,0.48004201054573059,0.53193998336791992,1264965667
2026-06-06T00:00:00.000000Z,0.53193801641464233,0.53460401296615601,0.39286699891090393,0.41432800889015198,1000171469
2026-06-07T00:00:00.000000Z,0.41434600949287415,0.50809401273727417,0.4137130081653595,0.46613198518753052,847019833
2026-06-08T00:00:00.000000Z,0.46613600850105286,0.57567602396011353,0.45783200860023499,0.49749499559402466,805654022
2026-06-09T00:00:00.000000Z,0.49750599265098572,0.54990702867507935,0.48083800077438354,0.51046597957611084,731964957
2026-06-10T00:00:00.000000Z,0.51046597957611084,0.52163702249526978,0.4300990104675293,0.45014598965644836,648423002
2026-06-11T00:00:00.000000Z,0.45013800263404846,0.51315099000930786,0.44681298732757568,0.49643099308013916,856515438
2026-06-12T00:00:00.000000Z,0.49645200371742249,0.50758999586105347,0.45654499530792236,0.45834299921989441,642840012
2026-06-13T00:00:00.000000Z,0.45833501219749451,0.53220599889755249,0.45576399564743042,0.50189298391342163,691314230
2026-06-14T00:00:00.000000Z,0.50189697742462158,0.52626001834869385,0.4908750057220459,0.52383297681808472,540374165
2026-06-15T00:00:00.000000Z,0.5238029956817627,0.62501198053359985,0.52123701572418213,0.58933800458908081,1271758108
2026-06-16T00:00:00.000000Z,0.58930397033691406,0.67858201265335083,0.57879400253295898,0.67109197378158569,1188309434
2026-06-17T00:00:00.000000Z,0.67109501361846924,0.71634602546691895,0.63503497838973999,0.65776300430297852,1084408146
2026-06-18T00:00:00.000000Z,0.65775299072265625,0.66697102785110474,0.6067730188369751,0.64259600639343262,1226323867
2026-06-19T00:00:00.000000Z,0.6425899863243103,0.66088199615478516,0.59413301944732666,0.62330597639083862,514537259
2026-06-20T00:00:00.000000Z,0.62330102920532227,0.62549901008605957,0.59296900033950806,0.60955297946929932,314808249
2026-06-21T00:00:00.000000Z,0.60955297946929932,0.64802998304367065,0.59232199192047119,0.60492700338363647,395605649
2026-06-22T00:00:00.000000Z,0.60488402843475342,0.65098398923873901,0.60488402843475342,0.61899900436401367,398648817
2026-06-23T00:00:00.000000Z,0.61899000406265259,0.62809401750564575,0.53489202260971069,0.54382801055908203,421343390
2026-06-24T00:00:00.000000Z,0.54382801055908203,0.54762601852416992,0.50171101093292236,0.52958697080612183,491194570
2026-06-25T00:00:00.000000Z,0.52957797050476074,0.53003299236297607,0.48277801275253296,0.49555298686027527,356601027
2026-06-26T00:00:00.000000Z,0.49556401371955872,0.49603399634361267,0.45507299900054932,0.46608799695968628,355427623
2026-06-27T00:00:00.000000Z,0.46609100699424744,0.47585999965667725,0.44679099321365356,0.44892200827598572,220686208
2026-06-28T00:00:00.000000Z,0.44891801476478577,0.4580250084400177,0.43421700596809387,0.44185999035835266,207605973
2026-06-29T00:00:00.000000Z,0.44184499979019165,0.44184499979019165,0.41565099358558655,0.41978999972343445,260287913
2026-06-30T00:00:00.000000Z,0.41978099942207336,0.43297499418258667,0.40280398726463318,0.40651199221611023,276251804
2026-07-01T00:00:00.000000Z,0.40650299191474915,0.41770899295806885,0.35626399517059326,0.36149701476097107,379471336
2026-07-02T00:00:00.000000Z,0.36150199174880981,0.40267899632453918,0.35838198661804199,0.40263599157333374,347296747
2026-07-03T00:00:00.000000Z,0.40264299511909485,0.43618801236152649,0.40253400802612305,0.43348899483680725,390549862
2026-07-04T00:00:00.000000Z,0.43350398540496826,0.44705000519752502,0.4191100001335144,0.42521598935127258,301350940
2026-07-05T00:00:00.000000Z,0.42520600557327271,0.42520600557327271,0.4012170135974884,0.41895300149917603,211649440
2026-07-06T00:00:00.000000Z,0.418954998254776,0.42853900790214539,0.40334901213645935,0.40898999571800232,226819580
2026-07-07T00:00:00.000000Z,0.40898498892784119,0.41138100624084473,0.37788501381874084,0.38073098659515381,232985966
2026-07-08T00:00:00.000000Z,0.38073098659515381,0.39251801371574402,0.36501601338386536,0.38717600703239441,208669588
2026-07-09T00:00:00.000000Z,0.38717600703239441,0.38870900869369507,0.37860199809074402,0.38316801190376282,163118294
2026-07-10T00:00:00.000000Z,0.38316398859024048,0.39457601308822632,0.37685498595237732,0.38127899169921875,175291308
2026-07-11T00:00:00.000000Z,0.38128098845481873,0.4160040020942688,0.38042300939559937,0.39742699265480042,232443851
2026-07-12T00:00:00.000000Z,0.39743798971176147,0.43992900848388672,0.39403501152992249,0.41828501224517822,270887339
2026-07-13T00:00:00.000000Z,0.41828998923301697,0.4323199987411499,0.38625800609588623,0.39179098606109619,292555467
2026-07-14T00:00:00.000000Z,0.39179098606109619,0.41765999794006348,0.38495698571205139,0.41457998752593994,236654838
2026-07-15T00:00:00.000000Z,0.4145829975605011,0.42006498575210571,0.4023439884185791,0.40557900071144104,187134457
2026-07-16T00:00:00.000000Z,0.40557798743247986,0.41043999791145325,0.38776099681854248,0.38778999447822571,194585237
2026-07-17T00:00:00.000000Z,0.38778999447822571,0.39240100979804993,0.37153300642967224,0.38868200778961182,206720682
2026-07-18T00:00:00.000000Z,0.38867199420928955,0.38867700099945068,0.36006799340248108,0.376242995262146,137830439
2026-07-19T00:00:00.000000Z,0.37624800205230713,0.37852999567985535,0.35684499144554138,0.36074000597000122,128551966
2026-07-20T00:00:00.000000Z,0.36073699593544006,0.38241899013519287,0.35408100485801697,0.38078698515892029,194781917
2026-07-21T00:00:00.000000Z,0.38078400492668152,0.38672500848770142,0.37414801120758057,0.37700599431991577,148087220
2026-07-22T00:00:00.000000Z,0.37700501084327698,0.40213900804519653,0.37473401427268982,0.38436698913574219,180487070
2026-07-23T00:00:00.000000Z,0.38436698913574219,0.38841798901557922,0.37111800909042358,0.38104000687599182,167546188
2026-07-24T00:00:00.000000Z,0.38103300333023071,0.38596200942993164,0.34150201082229614,0.34733900427818298,188120377
2026-07-25T00:00:00.000000Z,0.34733998775482178,0.35126098990440369,0.33946800231933594,0.34490698575973511,159004568
2026-07-26T00:00:00.000000Z,0.34490099549293518,0.35826599597930908,0.33184298872947693,0.35533899068832397,201429937
2026-07-27T00:00:00.000000Z,0.35534301400184631,0.35647499561309814,0.32417500019073486,0.32669898867607117,164137197
2026-07-28T00:00:00.000000Z,0.32671898603439331,0.32732498645782471,0.31307798624038696,0.31792700290679932,175593129
2026-07-29T00:00:00.000000Z,0.31792399287223816,0.31905201077461243,0.29597800970077515,0.31017899513244629,176968289
2026-07-30T00:00:00.000000Z,0.31018400192260742,0.31161400675773621,0.30294999480247498,0.30669099092483521,141826013
2026-07-31T00:00:00.000000Z,0.30669298768043518,0.31245899200439453,0.29757300019264221,0.29937601089477539,151899427
2026-08-01T00:00:00.000000Z,0.29937699437141418,0.3097589910030365,0.29728299379348755,0.30005499720573425,101904817
2026-08-02T00:00:00.000000Z,0.30006301403045654,0.3230380117893219,0.30004900693893433,0.31609201431274414,147154271
2026-08-03T00:00:00.000000Z,0.31609299778938293,0.32583099603652954,0.30675899982452393,0.32384800910949707,157320049
2026-08-04T00:00:00.000000Z,0.32384800910949707,0.33068600296974182,0.31635698676109314,0.31960201263427734,158222584
2026-08-05T00:00:00.000000Z,0.31960201263427734,0.32460200786590576,0.31360301375389099,0.31691500544548035,141385959
2026-08-06T00:00:00.000000Z,0.31691500544548035,0.31848800182342529,0.29933598637580872,0.30280101299285889,141149889
2026-08-07T00:00:00.000000Z,0.30280798673629761,0.30985099077224731,0.29474100470542908,0.30388900637626648,129282021
2026-08-08T00:00:00.000000Z,0.30388900637626648,0.31104299426078796,0.30380299687385559,0.30546998977661133,83228849
2026-08-09T00:00:00.000000Z,0.30546998977661133,0.3245910108089447,0.30253699421882629,0.31270000338554382,121967290
2026-08-10T00:00:00.000000Z,0.31271201372146606,0.35315200686454773,0.31249299645423889,0.3406670093536377,253488698
2026-08-11T00:00:00.000000Z,0.3406670093536377,0.34232199192047119,0.32470399141311646,0.33584201335906982,144444325
2026-08-12T00:00:00.000000Z,0.33584201335906982,0.34693300724029541,0.32739999890327454,0.33027800917625427,129996644
2026-08-13T00:00:00.000000Z,0.33028200268745422,0.35267099738121033,0.32788598537445068,0.34024998545646667,147390667
2026-08-14T00:00:00.000000Z,0.34024998545646667,0.34602099657058716,0.33344000577926636,0.34160301089286804,125115966
2026-08-15T00:00:00.000000Z,0.34160399436950684,0.35345199704170227,0.33851701021194458,0.34832999110221863,121877075
2026-08-16T00:00:00.000000Z,0.34834200143814087,0.37013900279998779,0.3427639901638031,0.35507100820541382,164874844
2026-08-17T00:00:00.000000Z,0.35507100820541382,0.36881500482559204,0.34166699647903442,0.34256398677825928,185527424
2026-08-18T00:00:00.000000Z,0.34256398677825928,0.34328699111938477,0.31820100545883179,0.31974801421165466,203787414
2026-08-19T00:00:00.000000Z,0.31972000002861023,0.36972299218177795,0.31416100263595581,0.36225101351737976,299916069
2026-08-20T00:00:00.000000Z,0.36224600672721863,0.37522000074386597,0.35492399334907532,0.37340301275253296,246100147
2026-08-21T00:00:00.000000Z,0.37341099977493286,0.40816599130630493,0.3697659969329834,0.400968998670578,350028057
2026-08-22T00:00:00.000000Z,0.40094700455665588,0.46069300174713135,0.38071000576019287,0.38829299807548523,501224138
2026-08-23T00:00:00.000000Z,0.38828900456428528,0.4159109890460968,0.36803698539733887,0.40780499577522278,248045106
2026-08-24T00:00:00.000000Z,0.4077720046043396,0.41104799509048462,0.38850298523902893,0.40259900689125061,239583267
2026-08-25T00:00:00.000000Z,0.40259900689125061,0.41945698857307434,0.3777729868888855,0.38364601135253906,237679200
2026-08-26T00:00:00.000000Z,0.38363900780677795,0.41514000296592712,0.38296100497245789,0.41508099436759949,178568683
2026-08-27T00:00:00.000000Z,0.41510900855064392,0.42303499579429626,0.39835399389266968,0.41182899475097656,213581103
2026-08-28T00:00:00.000000Z,0.41184699535369873,0.42656499147415161,0.37340599298477173,0.37988001108169556,222325110
2026-08-29T00:00:00.000000Z,0.37987300753593445,0.38212698698043823,0.37299901247024536,0.38117799162864685,100946314
2026-08-30T00:00:00.000000Z,0.38117900490760803,0.38882899284362793,0.35697498917579651,0.36122700572013855,142271357
2026-08-31T00:00:00.000000Z,0.36119699478149414,0.36756798624992371,0.3546069860458374,0.36477500200271606,146991228
2026-09-01T00:00:00.000000Z,0.36477899551391602,0.37414398789405823,0.35625401139259338,0.36482599377632141,155156161
2026-09-02T00:00:00.000000Z,0.36483800411224365,0.36907500028610229,0.35370299220085144,0.3639569878578186,138947416
2026-09-03T00:00:00.000000Z,0.36395400762557983,0.40912699699401855,0.36390098929405212,0.39534100890159607,222084077
2026-09-04T00:00:00.000000Z,0.39534100890159607,0.3970550000667572,0.37107300758361816,0.38354700803756714,157340085
2026-09-05T00:00:00.000000Z,0.38355201482772827,0.40746399760246277,0.38240200281143188,0.397381991147995,178224075
2026-09-06T00:00:00.000000Z,0.39739000797271729,0.42408499121665955,0.3957349956035614,0.41949900984764099,200461810
2026-09-07T00:00:00.000000Z,0.41950398683547974,0.47975501418113708,0.40922701358795166,0.4788300096988678,505773005
2026-09-08T00:00:00.000000Z,0.47878998517990112,0.50464999675750732,0.4526439905166626,0.4528680145740509,406291736
2026-09-09T00:00:00.000000Z,0.4528680145740509,0.46066200733184814,0.41209200024604797,0.41537800431251526,272913332
2026-09-10T00:00:00.000000Z,0.41538000106811523,0.4178059995174408,0.39558801054954529,0.39560198783874512,193104561
2026-09-11T00:00:00.000000Z,0.39560699462890625,0.42665201425552368,0.39197498559951782,0.39972099661827087,194927807
2026-09-12T00:00:00.000000Z,0.39972099661827087,0.41118800640106201,0.39884999394416809,0.39960500597953796,98986628
2026-09-13T00:00:00.000000Z,0.39960300922393799,0.4007599949836731,0.37802800536155701,0.37892299890518188,115882516
2026-09-14T00:00:00.000000Z,0.37893098592758179,0.3988800048828125,0.37613001465797424,0.38544300198554993,162698320
2026-09-15T00:00:00.000000Z,0.38544100522994995,0.38714298605918884,0.35897201299667358,0.36249300837516785,171368565
2026-09-16T00:00:00.000000Z,0.36249300837516785,0.37309598922729492,0.35667499899864197,0.3726620078086853,186410984
2026-09-17T00:00:00.000000Z,0.37265500426292419,0.38391301035881042,0.36969101428985596,0.38380500674247742,225025829
2026-09-18T00:00:00.000000Z,0.38380798697471619,0.44478398561477661,0.38041600584983826,0.42463099956512451,413105308
2026-09-19T00:00:00.000000Z,0.42463099956512451,0.43980699777603149,0.4147840142250061,0.43143400549888611,234025298
2026-09-20T00:00:00.000000Z,0.43145298957824707,0.4510129988193512,0.41648301482200623,0.43568301200866699,216088776
2026-09-21T00:00:00.000000Z,0.43569201231002808,0.46447101235389709,0.42963701486587524,0.45768100023269653,352307607
2026-09-22T00:00:00.000000Z,0.45769700407981873,0.47494998574256897,0.44281500577926636,0.47046101093292236,298872096
2026-09-23T00:00:00.000000Z,0.47044599056243896,0.47808900475502014,0.4040209949016571,0.40661001205444336,479964893
2026-09-24T00:00:00.000000Z,0.40660899877548218,0.45608198642730713,0.4008840024471283,0.43987101316452026,348500380
2026-09-25T00:00:00.000000Z,0.43970000743865967,0.5031999945640564,0.42829999327659607,0.49500000476837158,160722368
2026-09-26T00:00:00.000000Z,0.49390709400177002,0.51080811023712158,0.47922194004058838,0.4779999852180481,494126464
