timestamp_utc,Open,High,Low,Close,Volume
2019-04-28T00:00:00.000000Z,0.0045210001990199089,0.0045449999161064625,0.0043170000426471233,0.0044209999032318592,8408136
2019-04-29T00:00:00.000000Z,0.0044180001132190228,0.0044920002110302448,0.0034709998872131109,0.0034709998872131109,8267044
2019-04-30T00:00:00.000000Z,0.0034620000515133142,0.0050780000165104866,0.0034580000210553408,0.0044780001044273376,25072706
2019-05-01T00:00:00.000000Z,0.0044399998150765896,0.0046729999594390392,0.0040710000321269035,0.0043739997781813145,10567352
2019-05-02T00:00:00.000000Z,0.0043660001829266548,0.0046999999321997166,0.0040959999896585941,0.0041979998350143433,6714908
2019-05-03T00:00:00.000000Z,0.004191999789327383,0.0043959999457001686,0.0039519998244941235,0.0042559998109936714,5702394
2019-05-04T00:00:00.000000Z,0.0042559998109936714,0.0042650001123547554,0.0038189999759197235,0.0039679999463260174,3178995
2019-05-05T00:00:00.000000Z,0.0039690001867711544,0.0040649999864399433,0.0035780000034719706,0.0037469998933374882,3467564
2019-05-06T00:00:00.000000Z,0.0037459998857229948,0.0039320001378655434,0.0035230000503361225,0.0037690000608563423,4689162
2019-05-07T00:00:00.000000Z,0.0037680000532418489,0.0038509999867528677,0.0033499998971819878,0.0033640000037848949,3805657
2019-05-08T00:00:00.000000Z,0.0033430000767111778,0.003481999970972538,0.0032599999103695154,0.0033519999124109745,2938835
2019-05-09T00:00:00.000000Z,0.0033509999047964811,0.0033799998927861452,0.0030119998846203089,0.003140999935567379,4588498
2019-05-10T00:00:00.000000Z,0.0031429999507963657,0.0038900000508874655,0.0030990000814199448,0.0037700000684708357,8654899
2019-05-11T00:00:00.000000Z,0.0037750001065433025,0.0049439999274909496,0.0037320000119507313,0.0046080001629889011,13370479
2019-05-12T00:00:00.000000Z,0.0046190000139176846,0.0057040001265704632,0.0044430000707507133,0.0052729998715221882,17955639
2019-05-13T00:00:00.000000Z,0.0052729998715221882,0.009171999990940094,0.0051250001415610313,0.0086669996380805969,74304041
2019-05-14T00:00:00.000000Z,0.0085479998961091042,0.011145999655127525,0.0072570000775158405,0.0077530001290142536,98051040
2019-05-15T00:00:00.000000Z,0.0077309999614953995,0.010022000409662724,0.0071020000614225864,0.009511999785900116,49168290
2019-05-16T00:00:00.000000Z,0.0095490003004670143,0.011970000341534615,0.0083459997549653053,0.010909000411629677,59175168
2019-05-17T00:00:00.000000Z,0.010862999595701694,0.015076999552547932,0.0093289995566010475,0.014352999627590179,168390964
2019-05-18T00:00:00.000000Z,0.014352999627590179,0.014798999764025211,0.012091999873518944,0.012292999774217606,56628223
2019-05-19T00:00:00.000000Z,0.012319999746978283,0.020749000832438469,0.0123089998960495,0.02023099921643734,141440073
2019-05-20T00:00:00.000000Z,0.02023099921643734,0.032910998910665512,0.01929200068116188,0.029342999681830406,396597433
2019-05-21T00:00:00.000000Z,0.029348999261856079,0.045017000287771225,0.025149000808596611,0.029454000294208527,698132268
2019-05-22T00:00:00.000000Z,0.029454000294208527,0.031612001359462738,0.020416999235749245,0.022185999900102615,266364855
2019-05-23T00:00:00.000000Z,0.022185999900102615,0.033810999244451523,0.021873999387025833,0.027272999286651611,419427516
2019-05-24T00:00:00.000000Z,0.027428999543190002,0.028596000745892525,0.022958999499678612,0.025363000109791756,150950422
2019-05-25T00:00:00.000000Z,0.025363000109791756,0.028342999517917633,0.023134000599384308,0.025002000853419304,148137222
2019-05-26T00:00:00.000000Z,0.024887999519705772,0.027304999530315399,0.023041000589728355,0.024398999288678169,95970365
2019-05-27T00:00:00.000000Z,0.024385999888181686,0.02490600012242794,0.020935000851750374,0.022173000499606133,81723337
2019-05-28T00:00:00.000000Z,0.022252000868320465,0.025102000683546066,0.021033000200986862,0.023641999810934067,93128408
2019-05-29T00:00:00.000000Z,0.023641999810934067,0.024821000173687935,0.022103000432252884,0.02210799977183342,56456075
2019-05-30T00:00:00.000000Z,0.02210799977183342,0.02327599935233593,0.018682999536395073,0.019793000072240829,53390395
2019-05-31T00:00:00.000000Z,0.019793000072240829,0.022962000221014023,0.019464999437332153,0.022288000211119652,58953725
2019-06-01T00:00:00.000000Z,0.022199999541044235,0.022874999791383743,0.020688999444246292,0.021059000864624977,56083345
2019-06-02T00:00:00.000000Z,0.021059000864624977,0.022191999480128288,0.01968500018119812,0.020114000886678696,34962106
2019-06-03T00:00:00.000000Z,0.020114000886678696,0.020952999591827393,0.018843999132514,0.019113000482320786,32081991
2019-06-04T00:00:00.000000Z,0.019168000668287277,0.02184000052511692,0.01802700012922287,0.021228000521659851,74180051
2019-06-05T00:00:00.000000Z,0.021307000890374184,0.023483000695705414,0.019689999520778656,0.02286200039088726,97965656
2019-06-06T00:00:00.000000Z,0.022839000448584557,0.025107000023126602,0.021725999191403389,0.023726999759674072,97713487
2019-06-07T00:00:00.000000Z,0.023677000775933266,0.024917999282479286,0.022487999871373177,0.024508999660611153,44071890
2019-06-08T00:00:00.000000Z,0.024413000792264938,0.026590999215841293,0.023443000391125679,0.025906000286340714,64435870
2019-06-09T00:00:00.000000Z,0.0258760005235672,0.027583999559283257,0.024617999792098999,0.025498999282717705,73046408
2019-06-10T00:00:00.000000Z,0.025467000901699066,0.027473000809550285,0.023979999125003815,0.026975000277161598,60877107
2019-06-11T00:00:00.000000Z,0.026986999437212944,0.027137000113725662,0.023533999919891357,0.023763999342918396,51200991
2019-06-12T00:00:00.000000Z,0.023811999708414078,0.025272000581026077,0.023003999143838882,0.023217000067234039,52476410
2019-06-13T00:00:00.000000Z,0.022942999377846718,0.02466999925673008,0.022236999124288559,0.023106999695301056,63319867
2019-06-14T00:00:00.000000Z,0.02318199910223484,0.023314999416470528,0.019323000684380531,0.020646000280976295,49012105
2019-06-15T00:00:00.000000Z,0.02068600058555603,0.023036999627947807,0.020673999562859535,0.021898999810218811,45335051
2019-06-16T00:00:00.000000Z,0.021898999810218811,0.022809000685811043,0.02072099968791008,0.02271600067615509,44493232
2019-06-17T00:00:00.000000Z,0.022647000849246979,0.023902000859379768,0.021335000172257423,0.021750999614596367,43265637
2019-06-18T00:00:00.000000Z,0.021766999736428261,0.022895999252796173,0.021309999749064445,0.022448999807238579,41126019
2019-06-19T00:00:00.000000Z,0.022461999207735062,0.024387000128626823,0.022406000643968582,0.0230880007147789,58808815
2019-06-20T00:00:00.000000Z,0.023053999990224838,0.023795999586582184,0.021695999428629875,0.022445999085903168,39914360
2019-06-21T00:00:00.000000Z,0.02244500070810318,0.023378999903798103,0.020748000591993332,0.021226000040769577,46822448
2019-06-22T00:00:00.000000Z,0.021169999614357948,0.022701999172568321,0.020503999665379524,0.021842999383807182,68831297
2019-06-23T00:00:00.000000Z,0.021839000284671783,0.02230600081384182,0.020654000341892242,0.020988000556826591,42043311
2019-06-24T00:00:00.000000Z,0.020988000556826591,0.021549999713897705,0.020306000486016273,0.020663000643253326,22890825
2019-06-25T00:00:00.000000Z,0.020664000883698463,0.020685000345110893,0.019009999930858612,0.019053999334573746,33004361
2019-06-26T00:00:00.000000Z,0.019053999334573746,0.019398000091314316,0.016284000128507614,0.017804000526666641,70915691
2019-06-27T00:00:00.000000Z,0.017804000526666641,0.021227000281214714,0.017122000455856323,0.019182000309228897,80337036
2019-06-28T00:00:00.000000Z,0.019279999658465385,0.021015999838709831,0.018980000168085098,0.01916700042784214,58142031
2019-06-29T00:00:00.000000Z,0.019159000366926193,0.026104999706149101,0.019159000366926193,0.023800000548362732,108612074
2019-06-30T00:00:00.000000Z,0.023871999233961105,0.026777999475598335,0.02195500023663044,0.021971000358462334,76878554
2019-07-01T00:00:00.000000Z,0.021971000358462334,0.022995000705122948,0.02012999914586544,0.022157000377774239,43065137
2019-07-02T00:00:00.000000Z,0.022229000926017761,0.022485999390482903,0.019526999443769455,0.019998999312520027,38477391
2019-07-03T00:00:00.000000Z,0.020004000514745712,0.020431999117136002,0.018652999773621559,0.019223999232053757,45216122
2019-07-04T00:00:00.000000Z,0.019331000745296478,0.019355999305844307,0.017126999795436859,0.018062999472022057,32887710
2019-07-05T00:00:00.000000Z,0.018092000856995583,0.019524000585079193,0.017612999305129051,0.018169000744819641,27367853
2019-07-06T00:00:00.000000Z,0.018116999417543411,0.01828400045633316,0.017459999769926071,0.017606999725103378,12982909
2019-07-07T00:00:00.000000Z,0.017605999484658241,0.018278999254107475,0.017266999930143356,0.017666000872850418,14631473
2019-07-08T00:00:00.000000Z,0.017642000690102577,0.017743000760674477,0.0165219996124506,0.016730999574065208,19055091
2019-07-09T00:00:00.000000Z,0.016721000894904137,0.017139999195933342,0.015425000339746475,0.016235999763011932,26887304
2019-07-10T00:00:00.000000Z,0.016222000122070312,0.0173179991543293,0.014941999688744545,0.016145000234246254,40939360
2019-07-11T00:00:00.000000Z,0.016143999993801117,0.016894999891519547,0.014306999742984772,0.014457999728620052,26411733
2019-07-12T00:00:00.000000Z,0.014438999816775322,0.016535000875592232,0.014135000295937061,0.015817999839782715,23337869
2019-07-13T00:00:00.000000Z,0.015838000923395157,0.017715999856591225,0.015351000241935253,0.016605999320745468,33073356
2019-07-14T00:00:00.000000Z,0.016611000522971153,0.017433000728487968,0.014260999858379364,0.014313999563455582,21016195
2019-07-15T00:00:00.000000Z,0.014307999983429909,0.014371000230312347,0.012954000383615494,0.013841000385582447,16709138
2019-07-16T00:00:00.000000Z,0.01386599987745285,0.014599000103771687,0.011847999878227711,0.012037999927997589,19887283
2019-07-17T00:00:00.000000Z,0.011982999742031097,0.014007999561727047,0.01167100016027689,0.013207999989390373,24020397
2019-07-18T00:00:00.000000Z,0.013238999992609024,0.01421200018376112,0.01256600022315979,0.013705999590456486,21329202
2019-07-19T00:00:00.000000Z,0.013705999590456486,0.013906000182032585,0.013302999548614025,0.013425000011920929,10390623
2019-07-20T00:00:00.000000Z,0.01345600001513958,0.014511000365018845,0.013264000415802002,0.01397200021892786,10575845
2019-07-21T00:00:00.000000Z,0.01397200021892786,0.014151999726891518,0.013187999837100506,0.013430000282824039,6444981
2019-07-22T00:00:00.000000Z,0.013447999954223633,0.013598999939858913,0.012418000027537346,0.012749999761581421,8394913
2019-07-23T00:00:00.000000Z,0.012749000452458858,0.012826999649405479,0.011466000229120255,0.011500000022351742,8395360
2019-07-24T00:00:00.000000Z,0.011500000022351742,0.012435999698936939,0.011149000376462936,0.012040000408887863,11904753
2019-07-25T00:00:00.000000Z,0.012039000168442726,0.012698999606072903,0.011986000463366508,0.012223999947309494,8164945
2019-07-26T00:00:00.000000Z,0.012218999676406384,0.013003000058233738,0.01195599976927042,0.012782000005245209,8278632
2019-07-27T00:00:00.000000Z,0.012782000005245209,0.013282000087201595,0.011788999661803246,0.011951999738812447,7502170
2019-07-28T00:00:00.000000Z,0.011951999738812447,0.012102999724447727,0.011358999647200108,0.011769999749958515,5576468
2019-07-29T00:00:00.000000Z,0.011789999902248383,0.01196299958974123,0.011366000398993492,0.011420000344514847,4555621
2019-07-30T00:00:00.000000Z,0.011417999863624573,0.011673999950289726,0.01107299979776144,0.011528999544680119,4426136
2019-07-31T00:00:00.000000Z,0.011540999636054039,0.011657999828457832,0.011204999871551991,0.011374000459909439,7321732
2019-08-01T00:00:00.000000Z,0.011393000371754169,0.01155799999833107,0.01054800022393465,0.010697999969124794,9019119
2019-08-02T00:00:00.000000Z,0.010714000090956688,0.011556000448763371,0.010591000318527222,0.01105900015681982,8844761
2019-08-03T00:00:00.000000Z,0.011095000430941582,0.011428000405430794,0.010644000023603439,0.010687000118196011,6818569
2019-08-04T00:00:00.000000Z,0.010666999965906143,0.010897000320255756,0.010188999585807323,0.01027000043541193,6561381
2019-08-05T00:00:00.000000Z,0.010263999924063683,0.012930000200867653,0.0096230003982782364,0.011792999692261219,32570145
2019-08-06T00:00:00.000000Z,0.011796999722719193,0.01723100058734417,0.011742999777197838,0.0153590003028512,94413278
2019-08-07T00:00:00.000000Z,0.015281000174582005,0.020433999598026276,0.015275999903678894,0.016645999625325203,128166070
2019-08-08T00:00:00.000000Z,0.016645999625325203,0.017620999366044998,0.014154000207781792,0.01438399963080883,54798154
2019-08-09T00:00:00.000000Z,0.014379999600350857,0.01461500022560358,0.012145999819040298,0.012196999974548817,32420954
2019-08-10T00:00:00.000000Z,0.012196999974548817,0.015459000132977962,0.012155000120401382,0.014934999868273735,43594995
2019-08-11T00:00:00.000000Z,0.015011999756097794,0.018505999818444252,0.014054000377655029,0.016393000259995461,79142233
2019-08-12T00:00:00.000000Z,0.016083000227808952,0.018228000029921532,0.015848999843001366,0.01691799983382225,66203778
2019-08-13T00:00:00.000000Z,0.01691100001335144,0.017170999199151993,0.015033000148832798,0.016505999490618706,47190665
2019-08-14T00:00:00.000000Z,0.016564000397920609,0.017247999086976051,0.014572000131011009,0.014685000292956829,49542470
2019-08-15T00:00:00.000000Z,0.014685000292956829,0.015603999607264996,0.014458999969065189,0.014612000435590744,26041679
2019-08-16T00:00:00.000000Z,0.014627000316977501,0.014694999903440475,0.013332000002264977,0.013379000127315521,24612386
2019-08-17T00:00:00.000000Z,0.013364999555051327,0.01473500020802021,0.013318000361323357,0.014148999936878681,20551411
2019-08-18T00:00:00.000000Z,0.014159999787807465,0.014535999856889248,0.013700000010430813,0.013919999822974205,17243102
2019-08-19T00:00:00.000000Z,0.013918999582529068,0.015923000872135162,0.013849999755620956,0.015465999953448772,32643667
2019-08-20T00:00:00.000000Z,0.015465999953448772,0.015946000814437866,0.014879000373184681,0.01572900079190731,21916010
2019-08-21T00:00:00.000000Z,0.015758000314235687,0.015975000336766243,0.01450399961322546,0.01537800021469593,27697604
2019-08-22T00:00:00.000000Z,0.015413999557495117,0.017106000334024429,0.014685000292956829,0.016793999820947647,35758850
2019-08-23T00:00:00.000000Z,0.016793999820947647,0.017379000782966614,0.015038999728858471,0.015465999953448772,33611390
2019-08-24T00:00:00.000000Z,0.015382000245153904,0.015449999831616879,0.014233999885618687,0.014856999740004539,23563142
2019-08-25T00:00:00.000000Z,0.014856999740004539,0.014991000294685364,0.013605000451207161,0.01375299971550703,11879747
2019-08-26T00:00:00.000000Z,0.013755000196397305,0.014658999629318714,0.013729999773204327,0.013931999914348125,12729475
2019-08-27T00:00:00.000000Z,0.013938000425696373,0.014895999804139137,0.013818000443279743,0.01423299964517355,15729404
2019-08-28T00:00:00.000000Z,0.014229999855160713,0.014595000073313713,0.012818999588489532,0.012946000322699547,11354480
2019-08-29T00:00:00.000000Z,0.012942000292241573,0.012942000292241573,0.011517999693751335,0.011708999983966351,10299747
2019-08-30T00:00:00.000000Z,0.011708999983966351,0.012401999905705452,0.011644000187516212,0.012296999804675579,7262767
2019-08-31T00:00:00.000000Z,0.012271000072360039,0.012331999838352203,0.011559999547898769,0.011846000328660011,5199033
2019-09-01T00:00:00.000000Z,0.011846999637782574,0.012315999716520309,0.011541999876499176,0.012230000458657742,5927052
2019-09-02T00:00:00.000000Z,0.012230000458657742,0.013933000154793262,0.012095999903976917,0.01371499989181757,19996078
2019-09-03T00:00:00.000000Z,0.013718999922275543,0.014863000251352787,0.012819999828934669,0.0143630001693964,23523419
2019-09-04T00:00:00.000000Z,0.014348999597132206,0.014592999592423439,0.013837999664247036,0.014151000417768955,14096514
2019-09-05T00:00:00.000000Z,0.014151000417768955,0.015119999647140503,0.014069000259041786,0.014844999648630619,20025744
2019-09-06T00:00:00.000000Z,0.014844999648630619,0.014953999780118465,0.013477000407874584,0.013652999885380268,19749824
2019-09-07T00:00:00.000000Z,0.013658000156283379,0.014077000319957733,0.013519000262022018,0.013903000392019749,8502525
2019-09-08T00:00:00.000000Z,0.013903000392019749,0.01408000010997057,0.013768999837338924,0.013926999643445015,5783114
2019-09-09T00:00:00.000000Z,0.013926999643445015,0.014580000191926956,0.013086999766528606,0.014158999547362328,18212502
2019-09-10T00:00:00.000000Z,0.014158000238239765,0.014394000172615051,0.013375000096857548,0.013536999933421612,8863134
2019-09-11T00:00:00.000000Z,0.013539999723434448,0.013763999566435814,0.012965000234544277,0.013114999979734421,7845468
2019-09-12T00:00:00.000000Z,0.013117000460624695,0.013159000314772129,0.012527000159025192,0.01297799963504076,6894707
2019-09-13T00:00:00.000000Z,0.012974999845027924,0.013233000412583351,0.012800999917089939,0.01296399999409914,5139868
2019-09-14T00:00:00.000000Z,0.012934999540448189,0.013425000011920929,0.012920999899506569,0.013105000369250774,5948858
2019-09-15T00:00:00.000000Z,0.013108000159263611,0.013287000358104706,0.012883000075817108,0.012912999838590622,5247758
2019-09-16T00:00:00.000000Z,0.012920999899506569,0.013101000338792801,0.012624000199139118,0.012903999537229538,6578565
2019-09-17T00:00:00.000000Z,0.012907000258564949,0.013798000290989876,0.012814999558031559,0.013507000170648098,9213683
2019-09-18T00:00:00.000000Z,0.013534000143408775,0.014756999909877777,0.013415999710559845,0.014356000348925591,24002725
2019-09-19T00:00:00.000000Z,0.014356000348925591,0.01447799988090992,0.013044999912381172,0.013700000010430813,15896005
2019-09-20T00:00:00.000000Z,0.013744999654591084,0.013880999758839607,0.013501999899744987,0.013663000427186489,6910674
2019-09-21T00:00:00.000000Z,0.013679999858140945,0.013736000284552574,0.013294000178575516,0.013394000008702278,5458984
2019-09-22T00:00:00.000000Z,0.013394000008702278,0.013426000252366066,0.012292999774217606,0.01255900040268898,7384801
2019-09-23T00:00:00.000000Z,0.012590999715030193,0.012946999631822109,0.012252000160515308,0.012252000160515308,6315785
2019-09-24T00:00:00.000000Z,0.012249000370502472,0.013172999955713749,0.011017000302672386,0.011076999828219414,20584978
2019-09-25T00:00:00.000000Z,0.01106099970638752,0.011481000110507011,0.010551000013947487,0.011040999554097652,12413144
2019-09-26T00:00:00.000000Z,0.011037999764084816,0.011474999599158764,0.010311000049114227,0.010661999695003033,9326463
2019-09-27T00:00:00.000000Z,0.010639999993145466,0.011051000095903873,0.010394999757409096,0.010951999574899673,7172982
2019-09-28T00:00:00.000000Z,0.01095299981534481,0.01143999956548214,0.010836999863386154,0.011246000416576862,8959700
2019-09-29T00:00:00.000000Z,0.011257000267505646,0.011331000365316868,0.01070799957960844,0.010939000174403191,6387878
2019-09-30T00:00:00.000000Z,0.010939000174403191,0.01102100033313036,0.010187000036239624,0.010847000405192375,11873811
2019-10-01T00:00:00.000000Z,0.010851000435650349,0.011075000278651714,0.010630999691784382,0.010731000453233719,6775295
2019-10-02T00:00:00.000000Z,0.010731000453233719,0.010920999571681023,0.010590000078082085,0.010852999985218048,5265448
2019-10-03T00:00:00.000000Z,0.010844999924302101,0.010983999818563461,0.010517000220716,0.010669000446796417,4664673
2019-10-04T00:00:00.000000Z,0.010665999725461006,0.010823000222444534,0.010525000281631947,0.010715999640524387,5054001
2019-10-05T00:00:00.000000Z,0.010715999640524387,0.010768000036478043,0.010487000457942486,0.010591000318527222,4084677
2019-10-06T00:00:00.000000Z,0.010587000288069248,0.0106819998472929,0.010363000445067883,0.010389000177383423,5185774
2019-10-07T00:00:00.000000Z,0.010382999666035175,0.011126999743282795,0.010319000110030174,0.010998999699950218,12415939
2019-10-08T00:00:00.000000Z,0.011002000421285629,0.012745999731123447,0.010831999592483044,0.01243900042027235,23477543
2019-10-09T00:00:00.000000Z,0.01243900042027235,0.014326999895274639,0.012353000231087208,0.014322999864816666,37633464
2019-10-10T00:00:00.000000Z,0.014321999624371529,0.016471000388264656,0.013372999615967274,0.016194999217987061,43471437
2019-10-11T00:00:00.000000Z,0.016193000599741936,0.017720999196171761,0.015526000410318375,0.01599700003862381,64035933
2019-10-12T00:00:00.000000Z,0.015957999974489212,0.016604000702500343,0.014674000442028046,0.015630999580025673,40007347
2019-10-13T00:00:00.000000Z,0.015589999966323376,0.015700999647378922,0.014340999536216259,0.015021000057458878,19829011
2019-10-14T00:00:00.000000Z,0.015021000057458878,0.016728999093174934,0.014987999573349953,0.015255999751389027,43627578
2019-10-15T00:00:00.000000Z,0.015305999666452408,0.015368999913334846,0.014202999882400036,0.014414999634027481,19627724
2019-10-16T00:00:00.000000Z,0.014414999634027481,0.014498000033199787,0.013008000329136848,0.013942000456154346,17845779
2019-10-17T00:00:00.000000Z,0.013903000392019749,0.014585999771952629,0.013615000061690807,0.014297000132501125,15104293
2019-10-18T00:00:00.000000Z,0.014343000017106533,0.014508999884128571,0.013137999922037125,0.013367000035941601,13770666
2019-10-19T00:00:00.000000Z,0.0133689995855093,0.013899000361561775,0.013119000010192394,0.013880999758839607,9691544
2019-10-20T00:00:00.000000Z,0.013813000172376633,0.014019999653100967,0.013414000160992146,0.01387299969792366,9680962
2019-10-21T00:00:00.000000Z,0.01387299969792366,0.015150000341236591,0.013655999675393105,0.014946999959647655,23612403
2019-10-22T00:00:00.000000Z,0.014942999929189682,0.015317000448703766,0.014492999762296677,0.014570999890565872,18336807
2019-10-23T00:00:00.000000Z,0.014538000337779522,0.014732999727129936,0.012888999655842781,0.013278000056743622,20649132
2019-10-24T00:00:00.000000Z,0.013298000209033489,0.013914000242948532,0.012962000444531441,0.013593999668955803,17762956
2019-10-25T00:00:00.000000Z,0.013593999668955803,0.014618000015616417,0.013279999606311321,0.014380999840795994,29789523
2019-10-26T00:00:00.000000Z,0.014391000382602215,0.014779999852180481,0.013377999886870384,0.013546999543905258,38585671
2019-10-27T00:00:00.000000Z,0.013546999543905258,0.014581999741494656,0.013419000431895256,0.0140990000218153,27735747
2019-10-28T00:00:00.000000Z,0.01409200020134449,0.015115999616682529,0.013857999816536903,0.014127999544143677,25835701
2019-10-29T00:00:00.000000Z,0.014136999845504761,0.014405000023543835,0.013965999707579613,0.014084000140428543,20051736
2019-10-30T00:00:00.000000Z,0.014097999781370163,0.014147999696433544,0.013410000130534172,0.013472000136971474,13470473
2019-10-31T00:00:00.000000Z,0.013476000167429447,0.014018000103533268,0.01333600003272295,0.013627000153064728,13261671
2019-11-01T00:00:00.000000Z,0.013660999946296215,0.014031000435352325,0.013488000258803368,0.013783000409603119,11385917
2019-11-02T00:00:00.000000Z,0.013783000409603119,0.013861999846994877,0.013466999866068363,0.013611000031232834,9711073
2019-11-03T00:00:00.000000Z,0.01359499990940094,0.01370100025087595,0.013356000185012817,0.013573000207543373,8867358
2019-11-04T00:00:00.000000Z,0.013573000207543373,0.014595000073313713,0.013543000444769859,0.014396999962627888,21146011
2019-11-05T00:00:00.000000Z,0.014396999962627888,0.015045000240206718,0.014085999689996243,0.01474200002849102,24076963
2019-11-06T00:00:00.000000Z,0.014708000235259533,0.014884999953210354,0.014378000050783157,0.014499999582767487,16617438
2019-11-07T00:00:00.000000Z,0.014498000033199787,0.015421999618411064,0.014276999980211258,0.015169000253081322,22459509
2019-11-08T00:00:00.000000Z,0.015141000039875507,0.015417999587953091,0.013921000063419342,0.014421000145375729,20484680
2019-11-09T00:00:00.000000Z,0.014379999600350857,0.015243000350892544,0.014356000348925591,0.014895999804139137,14964294
2019-11-10T00:00:00.000000Z,0.01487599965184927,0.015778999775648117,0.014832000248134136,0.015758000314235687,15791024
2019-11-11T00:00:00.000000Z,0.015735000371932983,0.015822999179363251,0.014626000076532364,0.015394999645650387,17514609
2019-11-12T00:00:00.000000Z,0.015402000397443771,0.01560600008815527,0.014658999629318714,0.014879000373184681,16810843
2019-11-13T00:00:00.000000Z,0.014884999953210354,0.015186999924480915,0.014694999903440475,0.014977999962866306,8455896
2019-11-14T00:00:00.000000Z,0.014976999722421169,0.015049999579787254,0.014364000409841537,0.014531999826431274,8705423
2019-11-15T00:00:00.000000Z,0.014537000097334385,0.014538999646902084,0.013770000077784061,0.013849999755620956,11536658
2019-11-16T00:00:00.000000Z,0.013842999935150146,0.01448999997228384,0.013737999834120274,0.014461999759078026,8172986
2019-11-17T00:00:00.000000Z,0.014461999759078026,0.014801999554038048,0.014299999922513962,0.014426000416278839,9270570
2019-11-18T00:00:00.000000Z,0.014414000324904919,0.014596999622881413,0.013903999701142311,0.014171999879181385,9735926
2019-11-19T00:00:00.000000Z,0.014178999699652195,0.015141000039875507,0.013844000175595284,0.014963000081479549,19604707
2019-11-20T00:00:00.000000Z,0.014963000081479549,0.015166999772191048,0.014336000196635723,0.014405000023543835,16061401
2019-11-21T00:00:00.000000Z,0.014405000023543835,0.014562999829649925,0.013627000153064728,0.014248000457882881,16445046
2019-11-22T00:00:00.000000Z,0.014248000457882881,0.014391000382602215,0.012400999665260315,0.014069000259041786,24477173
2019-11-23T00:00:00.000000Z,0.014069000259041786,0.01690400019288063,0.013770000077784061,0.01690400019288063,39922174
2019-11-24T00:00:00.000000Z,0.01690400019288063,0.017712999135255814,0.015320999547839165,0.015320999547839165,38609230
2019-11-25T00:00:00.000000Z,0.015351999551057816,0.020483000203967094,0.015258000232279301,0.020177999511361122,82193325
2019-11-26T00:00:00.000000Z,0.02023099921643734,0.022693000733852386,0.019349999725818634,0.021994000300765038,69420971
2019-11-27T00:00:00.000000Z,0.021838000044226646,0.024827999994158745,0.020608000457286835,0.024582000449299812,73383976
2019-11-28T00:00:00.000000Z,0.024563999846577644,0.025828000158071518,0.022599000483751297,0.022785000503063202,54179780
2019-11-29T00:00:00.000000Z,0.02276499941945076,0.025119999423623085,0.022608999162912369,0.024637000635266304,30769095
2019-11-30T00:00:00.000000Z,0.024637000635266304,0.029373999685049057,0.024238999933004379,0.028894999995827675,58429488
2019-12-01T00:00:00.000000Z,0.028999000787734985,0.028999000787734985,0.026178000494837761,0.026427999138832092,53271863
2019-12-02T00:00:00.000000Z,0.026545999571681023,0.027271000668406487,0.025030000135302544,0.026396000757813454,42571226
2019-12-03T00:00:00.000000Z,0.026396000757813454,0.03094400092959404,0.026396000757813454,0.029323000460863113,73092551
2019-12-04T00:00:00.000000Z,0.029316000640392303,0.032547000795602798,0.02805900014936924,0.032145999372005463,67255124
2019-12-05T00:00:00.000000Z,0.032145999372005463,0.03488599881529808,0.031596999615430832,0.033323001116514206,74390810
2019-12-06T00:00:00.000000Z,0.033339999616146088,0.041746001690626144,0.032680999487638474,0.041503999382257462,108886335
2019-12-07T00:00:00.000000Z,0.041510000824928284,0.041965000331401825,0.037393998354673386,0.039122000336647034,86768828
2019-12-08T00:00:00.000000Z,0.039122000336647034,0.043095998466014862,0.038479000329971313,0.041675999760627747,68530618
2019-12-09T00:00:00.000000Z,0.041675999760627747,0.04273499920964241,0.035473998636007309,0.035588998347520828,71429587
2019-12-10T00:00:00.000000Z,0.035611998289823532,0.03606799989938736,0.012082000263035297,0.01739799976348877,349604052
2019-12-11T00:00:00.000000Z,0.017395999282598495,0.019633000716567039,0.017075000330805779,0.01788800023496151,80176534
2019-12-12T00:00:00.000000Z,0.017914000898599625,0.018023999407887459,0.015443000011146069,0.015809999778866768,64748592
2019-12-13T00:00:00.000000Z,0.015836000442504883,0.016839999705553055,0.015801999717950821,0.016030000522732735,35124011
2019-12-14T00:00:00.000000Z,0.016047000885009766,0.016282999888062477,0.01342300046235323,0.013701999559998512,41782769
2019-12-15T00:00:00.000000Z,0.013701999559998512,0.014678999781608582,0.013350999914109707,0.014291999861598015,42023442
2019-12-16T00:00:00.000000Z,0.014291999861598015,0.014441000297665596,0.013110999949276447,0.013313000090420246,30201362
2019-12-17T00:00:00.000000Z,0.013313000090420246,0.01334100030362606,0.011814000084996223,0.012067999690771103,25072243
2019-12-18T00:00:00.000000Z,0.012067999690771103,0.01331000030040741,0.011467999778687954,0.012719999998807907,24970570
2019-12-19T00:00:00.000000Z,0.012719999998807907,0.013232000172138214,0.012397999875247478,0.013232000172138214,13777038
2019-12-20T00:00:00.000000Z,0.013232000172138214,0.015876000747084618,0.013228000141680241,0.015654999762773514,75977772
2019-12-21T00:00:00.000000Z,0.015654999762773514,0.018465999513864517,0.015333999879658222,0.018188999965786934,82860346
2019-12-22T00:00:00.000000Z,0.018177000805735588,0.020031999796628952,0.015407999977469444,0.016194000840187073,112879712
2019-12-23T00:00:00.000000Z,0.016176000237464905,0.016336999833583832,0.014774000272154808,0.015151999890804291,54834620
2019-12-24T00:00:00.000000Z,0.015145000070333481,0.016330000013113022,0.01485500019043684,0.0162540003657341,36804373
2019-12-25T00:00:00.000000Z,0.0162540003657341,0.017043000087141991,0.015422999858856201,0.015786999836564064,42985944
2019-12-26T00:00:00.000000Z,0.015792999416589737,0.016334999352693558,0.015403999947011471,0.015696000307798386,27103336
2019-12-27T00:00:00.000000Z,0.015728000551462173,0.01593099907040596,0.014787999913096428,0.015297999605536461,23302942
2019-12-28T00:00:00.000000Z,0.015286999754607677,0.015507999807596207,0.014942999929189682,0.014956000261008739,13955041
2019-12-29T00:00:00.000000Z,0.014956999570131302,0.015745000913739204,0.014692000113427639,0.014800000004470348,19733841
2019-12-30T00:00:00.000000Z,0.014800000004470348,0.015088999643921852,0.014388999901711941,0.014395999722182751,12683815
2019-12-31T00:00:00.000000Z,0.014417000114917755,0.014538000337779522,0.013722999952733517,0.013806999661028385,16047084
2020-01-01T00:00:00.000000Z,0.013806999661028385,0.015474000014364719,0.013747000135481358,0.014961999841034412,29962857
2020-01-02T00:00:00.000000Z,0.014941999688744545,0.015759000554680824,0.014441000297665596,0.014650999568402767,36726567
2020-01-03T00:00:00.000000Z,0.014693999662995338,0.015426999889314175,0.014297000132501125,0.015193999744951725,23635829
2020-01-04T00:00:00.000000Z,0.015169999562203884,0.015522999688982964,0.014864999800920486,0.014960999600589275,16448623
2020-01-05T00:00:00.000000Z,0.014953999780118465,0.015278000384569168,0.014836999587714672,0.014914000406861305,13314381
2020-01-06T00:00:00.000000Z,0.014907999895513058,0.01592399924993515,0.014878000132739544,0.015587000176310539,24130445
2020-01-07T00:00:00.000000Z,0.015587000176310539,0.015721000730991364,0.014837999828159809,0.01510000042617321,25141593
2020-01-08T00:00:00.000000Z,0.01510000042617321,0.015351999551057816,0.014773000031709671,0.015006000176072121,24660101
2020-01-09T00:00:00.000000Z,0.015025000087916851,0.01510000042617321,0.014566999860107899,0.014698999933898449,14855482
2020-01-10T00:00:00.000000Z,0.014690999872982502,0.014906999655067921,0.01434400025755167,0.014852999709546566,15724197
2020-01-11T00:00:00.000000Z,0.014863000251352787,0.015054999850690365,0.014728999696671963,0.014816000126302242,12990600
2020-01-12T00:00:00.000000Z,0.014798000454902649,0.015219000168144703,0.014719000086188316,0.015008999966084957,10920841
2020-01-13T00:00:00.000000Z,0.01498899981379509,0.015675999224185944,0.014821999706327915,0.015530999749898911,15333430
2020-01-14T00:00:00.000000Z,0.01550500001758337,0.016114000231027603,0.015289999544620514,0.015730999410152435,32733771
2020-01-15T00:00:00.000000Z,0.015698999166488647,0.01691100001335144,0.015464000403881073,0.016367999836802483,30583889
2020-01-16T00:00:00.000000Z,0.016380999237298965,0.016457000747323036,0.015456999652087688,0.016077000647783279,23967013
2020-01-17T00:00:00.000000Z,0.016063999384641647,0.019168000668287277,0.01576399989426136,0.018818000331521034,74983326
2020-01-18T00:00:00.000000Z,0.01881599985063076,0.01881599985063076,0.01739099994301796,0.017519000917673111,30810286
2020-01-19T00:00:00.000000Z,0.017519000917673111,0.017806999385356903,0.016211999580264091,0.016396999359130859,26192438
2020-01-20T00:00:00.000000Z,0.016396999359130859,0.017217999324202538,0.016093000769615173,0.016899000853300095,18390346
2020-01-21T00:00:00.000000Z,0.01686600036919117,0.017423000186681747,0.016722999513149261,0.017161000519990921,22567496
2020-01-22T00:00:00.000000Z,0.017155999317765236,0.017227999866008759,0.016790999099612236,0.017086999490857124,14042892
2020-01-23T00:00:00.000000Z,0.017094999551773071,0.01713000051677227,0.015773000195622444,0.015940999612212181,15727693
2020-01-24T00:00:00.000000Z,0.015948999673128128,0.016450999304652214,0.015420000068843365,0.0162540003657341,14358461
2020-01-25T00:00:00.000000Z,0.016278000548481941,0.016397999599575996,0.015782000496983528,0.016065999865531921,11838667
2020-01-26T00:00:00.000000Z,0.01606299914419651,0.016617000102996826,0.016000999137759209,0.016457000747323036,10939593
2020-01-27T00:00:00.000000Z,0.016473999246954918,0.017328999936580658,0.016473999246954918,0.016909999772906303,19771871
2020-01-28T00:00:00.000000Z,0.016913000494241714,0.017292000353336334,0.016604999080300331,0.017255999147891998,21017696
2020-01-29T00:00:00.000000Z,0.017232999205589294,0.017233999446034431,0.01680699922144413,0.017109999433159828,16464099
2020-01-30T00:00:00.000000Z,0.017106000334024429,0.018699999898672104,0.016901999711990356,0.018644999712705612,34829353
2020-01-31T00:00:00.000000Z,0.018634000793099403,0.018837999552488327,0.017761999741196632,0.017928000539541245,24882814
2020-02-01T00:00:00.000000Z,0.017900999635457993,0.01839200034737587,0.017836999148130417,0.018331000581383705,12571645
2020-02-02T00:00:00.000000Z,0.018301000818610191,0.019624000415205956,0.017897000536322594,0.01911499910056591,27285211
2020-02-03T00:00:00.000000Z,0.01911499910056591,0.022399000823497772,0.018936999142169952,0.022086000069975853,69986877
2020-02-04T00:00:00.000000Z,0.021891999989748001,0.022653000429272652,0.020437000319361687,0.021128999069333076,65746891
2020-02-05T00:00:00.000000Z,0.021118000149726868,0.022211000323295593,0.020876999944448471,0.021432999521493912,50893901
2020-02-06T00:00:00.000000Z,0.021530000492930412,0.024747999384999275,0.021530000492930412,0.024459000676870346,80219495
2020-02-07T00:00:00.000000Z,0.024470999836921692,0.025090999901294708,0.022962000221014023,0.022962000221014023,60132162
2020-02-08T00:00:00.000000Z,0.022966999560594559,0.02297000028192997,0.020343000069260597,0.021154999732971191,73345085
2020-02-09T00:00:00.000000Z,0.02115900069475174,0.022295000031590462,0.020759999752044678,0.021919999271631241,44126146
2020-02-10T00:00:00.000000Z,0.021928999572992325,0.022391000762581825,0.020643999800086021,0.021608000621199608,43310445
2020-02-11T00:00:00.000000Z,0.021604999899864197,0.022823000326752663,0.02095399983227253,0.022797999903559685,36836244
2020-02-12T00:00:00.000000Z,0.02281000092625618,0.024553999304771423,0.02266399934887886,0.022897999733686447,61283567
2020-02-13T00:00:00.000000Z,0.022897999733686447,0.023733999580144882,0.021976999938488007,0.022252000868320465,44859271
2020-02-14T00:00:00.000000Z,0.022250000387430191,0.023717999458312988,0.022244999185204506,0.023249000310897827,43149178
2020-02-15T00:00:00.000000Z,0.023249000310897827,0.023646000772714615,0.020702999085187912,0.0208320003002882,47041367
2020-02-16T00:00:00.000000Z,0.020871000364422798,0.021751999855041504,0.018926000222563744,0.020160000771284103,47564821
2020-02-17T00:00:00.000000Z,0.020131999626755714,0.020188000053167343,0.018914999440312386,0.020055999979376793,37740365
2020-02-18T00:00:00.000000Z,0.02004300057888031,0.021849999204277992,0.019814999774098396,0.021525999531149864,40429686
2020-02-19T00:00:00.000000Z,0.021519999951124191,0.021917000412940979,0.02067900076508522,0.020712999626994133,26419186
2020-02-20T00:00:00.000000Z,0.020703999325633049,0.020790999755263329,0.019360000267624855,0.020695999264717102,24361841
2020-02-21T00:00:00.000000Z,0.020710000768303871,0.021789999678730965,0.020529000088572502,0.020763000473380089,33743350
2020-02-22T00:00:00.000000Z,0.020749000832438469,0.021134000271558762,0.020398000255227089,0.020795999094843864,16368175
2020-02-23T00:00:00.000000Z,0.02082500047981739,0.022871000692248344,0.02078700065612793,0.022298999130725861,33721285
2020-02-24T00:00:00.000000Z,0.022277999669313431,0.022293999791145325,0.020324999466538429,0.020729999989271164,29405344
2020-02-25T00:00:00.000000Z,0.020736999809741974,0.020778000354766846,0.018792999908328056,0.019128000363707542,32126050
2020-02-26T00:00:00.000000Z,0.019130999222397804,0.019380999729037285,0.017051000148057938,0.018381999805569649,36736950
2020-02-27T00:00:00.000000Z,0.018302999436855316,0.019864000380039215,0.017627999186515808,0.019604999572038651,34225312
2020-02-28T00:00:00.000000Z,0.019592000171542168,0.020255999639630318,0.018137000501155853,0.020027000457048416,36051259
2020-02-29T00:00:00.000000Z,0.019991999492049217,0.0211970005184412,0.019887000322341919,0.020340999588370323,33626112
2020-03-01T00:00:00.000000Z,0.02033500000834465,0.020995000377297401,0.018937999382615089,0.019450999796390533,30575270
2020-03-02T00:00:00.000000Z,0.019450999796390533,0.021561000496149063,0.019051000475883484,0.02123199962079525,32571594
2020-03-03T00:00:00.000000Z,0.02123199962079525,0.02400599978864193,0.020547999069094658,0.023476000875234604,54365941
2020-03-04T00:00:00.000000Z,0.023462999612092972,0.027187999337911606,0.023462999612092972,0.02507999911904335,99055705
2020-03-05T00:00:00.000000Z,0.02513900026679039,0.028047999367117882,0.025040000677108765,0.026428999379277229,80669085
2020-03-06T00:00:00.000000Z,0.026481999084353447,0.026483999565243721,0.024387000128626823,0.024844000115990639,55758790
2020-03-07T00:00:00.000000Z,0.024871999397873878,0.02908799983561039,0.024871999397873878,0.026827000081539154,89476134
2020-03-08T00:00:00.000000Z,0.026827000081539154,0.026827000081539154,0.021438000723719597,0.021493000909686089,70312185
2020-03-09T00:00:00.000000Z,0.021386999636888504,0.022554000839591026,0.018860999494791031,0.02044299989938736,80722217
2020-03-10T00:00:00.000000Z,0.020532999187707901,0.022339999675750732,0.019995000213384628,0.020617999136447906,64735866
2020-03-11T00:00:00.000000Z,0.020611999556422234,0.021482000127434731,0.017710000276565552,0.018957000225782394,69073090
2020-03-12T00:00:00.000000Z,0.018952000886201859,0.019112000241875648,0.0092829996719956398,0.0092829996719956398,54098105
2020-03-13T00:00:00.000000Z,0.0093320002779364586,0.011764000169932842,0.0070110000669956207,0.010745000094175339,52858947
2020-03-14T00:00:00.000000Z,0.010786999948322773,0.011362000368535519,0.0097439996898174286,0.0098719997331500053,21143753
2020-03-15T00:00:00.000000Z,0.0098719997331500053,0.011117000132799149,0.0094649996608495712,0.00992599967867136,21441211
2020-03-16T00:00:00.000000Z,0.0099020004272460938,0.0099330004304647446,0.0071879997849464417,0.0080960001796483994,25883801
2020-03-17T00:00:00.000000Z,0.0081089995801448822,0.0096789998933672905,0.0080340001732110977,0.0090889995917677879,23719851
2020-03-18T00:00:00.000000Z,0.0090600000694394112,0.0090600000694394112,0.0082270000129938126,0.0088640004396438599,21128020
2020-03-19T00:00:00.000000Z,0.0088640004396438599,0.011770999990403652,0.0088619999587535858,0.011257999576628208,35490951
2020-03-20T00:00:00.000000Z,0.011239999905228615,0.012574999593198299,0.0099109997972846031,0.010831999592483044,33321866
2020-03-21T00:00:00.000000Z,0.010831999592483044,0.012082000263035297,0.010286999866366386,0.011187000200152397,22645062
2020-03-22T00:00:00.000000Z,0.011203999631106853,0.011590000241994858,0.010002999566495419,0.010057000443339348,15151044
2020-03-23T00:00:00.000000Z,0.010057000443339348,0.011133999563753605,0.0098930001258850098,0.011115999892354012,17378988
2020-03-24T00:00:00.000000Z,0.011088999919593334,0.011749000288546085,0.010917999781668186,0.011282999999821186,17474119
2020-03-25T00:00:00.000000Z,0.011276000179350376,0.011509999632835388,0.010877000167965889,0.01144499983638525,14043690
2020-03-26T00:00:00.000000Z,0.01144499983638525,0.012072999961674213,0.011354000307619572,0.011849000118672848,16239207
2020-03-27T00:00:00.000000Z,0.011855999939143658,0.012106999754905701,0.010962000116705894,0.010989000089466572,10624036
2020-03-28T00:00:00.000000Z,0.011003999970853329,0.011003999970853329,0.010243999771773815,0.010645999573171139,13903415
2020-03-29T00:00:00.000000Z,0.010649999603629112,0.01067699957638979,0.010089999996125698,0.010094000026583672,10487526
2020-03-30T00:00:00.000000Z,0.010084999725222588,0.011014999821782112,0.010063000023365021,0.010777999646961689,13981574
2020-03-31T00:00:00.000000Z,0.01076200045645237,0.011146999895572662,0.010733000002801418,0.011043000034987926,12447419
2020-04-01T00:00:00.000000Z,0.011043000034987926,0.011343000456690788,0.010575000196695328,0.011281999759376049,18880041
2020-04-02T00:00:00.000000Z,0.011272000148892403,0.011981000192463398,0.011233000084757805,0.011552000418305397,21506145
2020-04-03T00:00:00.000000Z,0.01155799999833107,0.011908999644219875,0.011297999881207943,0.011578000150620937,15476009
2020-04-04T00:00:00.000000Z,0.01157199963927269,0.011792000383138657,0.011394999921321869,0.011781999841332436,12640058
2020-04-05T00:00:00.000000Z,0.011757000349462032,0.01178400032222271,0.011339999735355377,0.011454000137746334,11575716
2020-04-06T00:00:00.000000Z,0.011455000378191471,0.013504000380635262,0.01143299974501133,0.01336199976503849,39593081
2020-04-07T00:00:00.000000Z,0.013412999920547009,0.013944000005722046,0.012768999673426151,0.012906000018119812,38946894
2020-04-08T00:00:00.000000Z,0.012919999659061432,0.013868999667465687,0.012792999856173992,0.013749999925494194,28295476
2020-04-09T00:00:00.000000Z,0.013717000372707844,0.01396500039845705,0.013233999721705914,0.013546999543905258,21785513
2020-04-10T00:00:00.000000Z,0.013550000265240669,0.013550000265240669,0.011590000241994858,0.012032999657094479,23449295
2020-04-11T00:00:00.000000Z,0.012032999657094479,0.012559999711811543,0.011868000030517578,0.012187999673187733,17852262
2020-04-12T00:00:00.000000Z,0.012171999551355839,0.012821000069379807,0.011926000006496906,0.012349000200629234,15513362
2020-04-13T00:00:00.000000Z,0.012315999716520309,0.012315999716520309,0.011618999764323235,0.012005999684333801,11972524
2020-04-14T00:00:00.000000Z,0.012013000436127186,0.012439999729394913,0.011854000389575958,0.012160999700427055,17460651
2020-04-15T00:00:00.000000Z,0.012156000360846519,0.012342999689280987,0.011589000001549721,0.011629999615252018,9494490
2020-04-16T00:00:00.000000Z,0.011642999947071075,0.012697000056505203,0.011359999887645245,0.012640999630093575,14329055
2020-04-17T00:00:00.000000Z,0.012643000110983849,0.013061000034213066,0.012531000189483166,0.012826999649405479,12635115
2020-04-18T00:00:00.000000Z,0.012826999649405479,0.013473999686539173,0.012822999618947506,0.013365999795496464,12187452
2020-04-19T00:00:00.000000Z,0.013383000157773495,0.013616000302135944,0.012941000051796436,0.013011000119149685,14623219
2020-04-20T00:00:00.000000Z,0.012985999695956707,0.013367000035941601,0.01193000003695488,0.012117000296711922,14733383
2020-04-21T00:00:00.000000Z,0.012106999754905701,0.012318000197410583,0.011815999634563923,0.012070000171661377,12623372
2020-04-22T00:00:00.000000Z,0.012082000263035297,0.012826000340282917,0.012047999538481236,0.012798000127077103,10658272
2020-04-23T00:00:00.000000Z,0.012776000425219536,0.014677000232040882,0.012567000463604927,0.014175999909639359,30542441
2020-04-24T00:00:00.000000Z,0.01421200018376112,0.015675000846385956,0.01421200018376112,0.014787999913096428,34720267
2020-04-25T00:00:00.000000Z,0.014763999730348587,0.015544000081717968,0.014519000425934792,0.015135000459849834,22755020
2020-04-26T00:00:00.000000Z,0.01512600015848875,0.015972999855875969,0.015072000212967396,0.01561800017952919,24748735
2020-04-27T00:00:00.000000Z,0.015626000240445137,0.01602499932050705,0.014888999983668327,0.015460999682545662,22176953
2020-04-28T00:00:00.000000Z,0.015445999801158905,0.015856999903917313,0.015104999765753746,0.015778999775648117,14864637
2020-04-29T00:00:00.000000Z,0.015793999657034874,0.016884999349713326,0.015580000355839729,0.016556000337004662,36393151
2020-04-30T00:00:00.000000Z,0.016527000814676285,0.016672000288963318,0.015430999919772148,0.015502000227570534,33812307
2020-05-01T00:00:00.000000Z,0.015502000227570534,0.016432000324130058,0.015487000346183777,0.016022000461816788,19121914
2020-05-02T00:00:00.000000Z,0.016019999980926514,0.017226999625563622,0.015912000089883804,0.016958000138401985,21290042
2020-05-03T00:00:00.000000Z,0.016946999356150627,0.018076999112963676,0.016747999936342239,0.017132999375462532,34278241
2020-05-04T00:00:00.000000Z,0.017124999314546585,0.017350999638438225,0.015899000689387321,0.017048999667167664,30535931
2020-05-05T00:00:00.000000Z,0.017066000029444695,0.017201999202370644,0.016602000221610069,0.016995999962091446,18072579
2020-05-06T00:00:00.000000Z,0.016947999596595764,0.018288999795913696,0.016837000846862793,0.017287999391555786,28011079
2020-05-07T00:00:00.000000Z,0.017287999391555786,0.01782199926674366,0.016693999990820885,0.017396999523043633,30602547
2020-05-08T00:00:00.000000Z,0.017396999523043633,0.018547000363469124,0.017170999199151993,0.01793299987912178,26484346
2020-05-09T00:00:00.000000Z,0.017944000661373138,0.018356999382376671,0.017254000529646873,0.01730399951338768,21421610
2020-05-10T00:00:00.000000Z,0.017319999635219574,0.017319999635219574,0.014465999789535999,0.015348999761044979,40672520
2020-05-11T00:00:00.000000Z,0.015355999581515789,0.01550500001758337,0.014037000015377998,0.015080999583005905,31341457
2020-05-12T00:00:00.000000Z,0.015068000182509422,0.017545999959111214,0.014922999776899815,0.016937000676989555,44426864
2020-05-13T00:00:00.000000Z,0.01691799983382225,0.019322000443935394,0.016891999170184135,0.019239999353885651,61969904
2020-05-14T00:00:00.000000Z,0.01921599917113781,0.021445000544190407,0.018722999840974808,0.019933000206947327,51457852
2020-05-15T00:00:00.000000Z,0.019937999546527863,0.020756000652909279,0.018636999651789665,0.01927500031888485,27886778
2020-05-16T00:00:00.000000Z,0.019271999597549438,0.020755000412464142,0.018520999699831009,0.019977999851107597,46649429
2020-05-17T00:00:00.000000Z,0.020012000575661659,0.020867999643087387,0.019959999248385429,0.020275000482797623,30077323
2020-05-18T00:00:00.000000Z,0.020271999761462212,0.021139999851584435,0.020241999998688698,0.020639000460505486,31372590
2020-05-19T00:00:00.000000Z,0.020630000159144402,0.022802999243140221,0.020312000066041946,0.0221599992364645,57761867
2020-05-20T00:00:00.000000Z,0.022123999893665314,0.022399000823497772,0.019965000450611115,0.020850000903010368,43919536
2020-05-21T00:00:00.000000Z,0.020881000906229019,0.020989999175071716,0.018505999818444252,0.019300999119877815,42708408
2020-05-22T00:00:00.000000Z,0.019276000559329987,0.02100599929690361,0.018998999148607254,0.020447999238967896,33112597
2020-05-23T00:00:00.000000Z,0.020431999117136002,0.02068600058555603,0.019688999280333519,0.020190000534057617,24244395
2020-05-24T00:00:00.000000Z,0.020197000354528427,0.0217289999127388,0.019469000399112701,0.019500000402331352,41668092
2020-05-25T00:00:00.000000Z,0.019433999434113503,0.02161799930036068,0.019246000796556473,0.021273000165820122,45366900
2020-05-26T00:00:00.000000Z,0.021243000403046608,0.026642000302672386,0.021243000403046608,0.025817999616265297,116464074
2020-05-27T00:00:00.000000Z,0.025817999616265297,0.026483999565243721,0.023868000134825706,0.02437100000679493,108160169
2020-05-28T00:00:00.000000Z,0.02438800036907196,0.026649000123143196,0.023894999176263809,0.02515299990773201,70806388
2020-05-29T00:00:00.000000Z,0.025140000507235527,0.026951000094413757,0.024914000183343887,0.025932999327778816,62693681
2020-05-30T00:00:00.000000Z,0.025932999327778816,0.025956999510526657,0.023320000618696213,0.024047000333666801,63945097
2020-05-31T00:00:00.000000Z,0.024080000817775726,0.024769999086856842,0.019843999296426773,0.020524999126791954,84351956
2020-06-01T00:00:00.000000Z,0.020361000671982765,0.022582000121474266,0.020315000787377357,0.021811999380588531,64349134
2020-06-02T00:00:00.000000Z,0.021709000691771507,0.022543000057339668,0.020142000168561935,0.020780999213457108,49591999
2020-06-03T00:00:00.000000Z,0.020780999213457108,0.021963000297546387,0.020347999408841133,0.021672999486327171,30175313
2020-06-04T00:00:00.000000Z,0.021638000383973122,0.022118000313639641,0.020678000524640083,0.021733999252319336,36376128
2020-06-05T00:00:00.000000Z,0.021733999252319336,0.02184000052511692,0.020366000011563301,0.020697999745607376,29471592
2020-06-06T00:00:00.000000Z,0.020697999745607376,0.021021999418735504,0.020214999094605446,0.020630000159144402,18947270
2020-06-07T00:00:00.000000Z,0.020630000159144402,0.020781999453902245,0.019694000482559204,0.020357999950647354,22184589
2020-06-08T00:00:00.000000Z,0.020360000431537628,0.020766999572515488,0.020177999511361122,0.020299000665545464,14553848
2020-06-09T00:00:00.000000Z,0.020331000909209251,0.020433999598026276,0.02005000039935112,0.020238999277353287,13504602
2020-06-10T00:00:00.000000Z,0.020219000056385994,0.02186799980700016,0.020062999799847603,0.021307999268174171,41641608
2020-06-11T00:00:00.000000Z,0.021282000467181206,0.022004000842571259,0.019437000155448914,0.019723000004887581,33031277
2020-06-12T00:00:00.000000Z,0.019720999523997307,0.020564999431371689,0.019579999148845673,0.020481999963521957,18314060
2020-06-13T00:00:00.000000Z,0.020496999844908714,0.020757999271154404,0.020388999953866005,0.020656999200582504,14578902
2020-06-14T00:00:00.000000Z,0.020702000707387924,0.02144400030374527,0.020372999832034111,0.020646000280976295,25603812
2020-06-15T00:00:00.000000Z,0.020671999081969261,0.020671999081969261,0.018970999866724014,0.020447000861167908,26096282
2020-06-16T00:00:00.000000Z,0.020445000380277634,0.020822999998927116,0.020113000646233559,0.020603999495506287,18213320
2020-06-17T00:00:00.000000Z,0.020602000877261162,0.021314000710844994,0.020176999270915985,0.0207349993288517,22483207
2020-06-18T00:00:00.000000Z,0.020738000050187111,0.020766999572515488,0.020227000117301941,0.020470000803470612,16152913
2020-06-19T00:00:00.000000Z,0.020475000143051147,0.020689999684691429,0.019926000386476517,0.020106999203562737,15884090
2020-06-20T00:00:00.000000Z,0.020135000348091125,0.0226259995251894,0.020135000348091125,0.02261199988424778,40679423
2020-06-21T00:00:00.000000Z,0.022574000060558319,0.022993000224232674,0.021276000887155533,0.021406000480055809,36652111
2020-06-22T00:00:00.000000Z,0.021398000419139862,0.02221200056374073,0.021158000454306602,0.022068999707698822,28447198
2020-06-23T00:00:00.000000Z,0.022058000788092613,0.022927999496459961,0.0217289999127388,0.022688999772071838,21745076
2020-06-24T00:00:00.000000Z,0.022694999352097511,0.022783000022172928,0.021478999406099319,0.022338999435305595,25021689
2020-06-25T00:00:00.000000Z,0.022391999140381813,0.022391999140381813,0.021409999579191208,0.021591000258922577,17709010
2020-06-26T00:00:00.000000Z,0.021614000201225281,0.021958999335765839,0.020701000466942787,0.020808000117540359,20663219
2020-06-27T00:00:00.000000Z,0.0208320003002882,0.021268999204039574,0.019084999337792397,0.019435999915003777,21162616
2020-06-28T00:00:00.000000Z,0.019435999915003777,0.020385000854730606,0.018296999856829643,0.020093999803066254,22685629
2020-06-29T00:00:00.000000Z,0.020103000104427338,0.020410999655723572,0.019020000472664833,0.019687000662088394,22979684
2020-06-30T00:00:00.000000Z,0.019663000479340553,0.019833000376820564,0.018857000395655632,0.018990000709891319,12405826
2020-07-01T00:00:00.000000Z,0.019009999930858612,0.019613999873399734,0.018533999100327492,0.018730999901890755,23734777
2020-07-02T00:00:00.000000Z,0.018717000260949135,0.019403999671339989,0.018340000882744789,0.019105000421404839,17654038
2020-07-03T00:00:00.000000Z,0.019099000841379166,0.019643999636173248,0.018730999901890755,0.019230000674724579,17181983
2020-07-04T00:00:00.000000Z,0.019243000075221062,0.019619999453425407,0.019052000716328621,0.019496999680995941,11394586
2020-07-05T00:00:00.000000Z,0.019510999321937561,0.019615000113844872,0.018780000507831573,0.019067000597715378,13829916
2020-07-06T00:00:00.000000Z,0.019067000597715378,0.02004300057888031,0.01889600045979023,0.019929999485611916,16348986
2020-07-07T00:00:00.000000Z,0.019927000626921654,0.020517000928521156,0.019481999799609184,0.020099999383091927,21343811
2020-07-08T00:00:00.000000Z,0.020104000344872475,0.021771999076008797,0.019930999726057053,0.021633999422192574,34537043
2020-07-09T00:00:00.000000Z,0.021633999422192574,0.021680999547243118,0.019895000383257866,0.020697999745607376,28169884
2020-07-10T00:00:00.000000Z,0.020697999745607376,0.021316999569535255,0.02012999914586544,0.021130999550223351,22356819
2020-07-11T00:00:00.000000Z,0.02110699936747551,0.021484000608325005,0.020803000777959824,0.021299999207258224,21494394
2020-07-12T00:00:00.000000Z,0.0212980005890131,0.021578999236226082,0.020639000460505486,0.02115900069475174,11749368
2020-07-13T00:00:00.000000Z,0.02115900069475174,0.023708999156951904,0.021088000386953354,0.022423999384045601,37147532
2020-07-14T00:00:00.000000Z,0.022423999384045601,0.022590000182390213,0.021281000226736069,0.022288000211119652,20292118
2020-07-15T00:00:00.000000Z,0.022352999076247215,0.023763999342918396,0.022156000137329102,0.022275000810623169,24479470
2020-07-16T00:00:00.000000Z,0.022258000448346138,0.023052999749779701,0.020463999360799789,0.020925000309944153,23420368
2020-07-17T00:00:00.000000Z,0.020896000787615776,0.021774999797344208,0.020739000290632248,0.021154999732971191,11652835
2020-07-18T00:00:00.000000Z,0.021182000637054443,0.021647000685334206,0.020763000473380089,0.021436000242829323,9263882
2020-07-19T00:00:00.000000Z,0.021494999527931213,0.021571999415755272,0.020881000906229019,0.021229999139904976,10771584
2020-07-20T00:00:00.000000Z,0.021244000643491745,0.022815000265836716,0.021074999123811722,0.021549999713897705,24992774
2020-07-21T00:00:00.000000Z,0.021604999899864197,0.021963000297546387,0.020950999110937119,0.021263999864459038,18033495
2020-07-22T00:00:00.000000Z,0.021265000104904175,0.021696999669075012,0.020988000556826591,0.02123899944126606,12160964
2020-07-23T00:00:00.000000Z,0.021213000640273094,0.021559000015258789,0.021004000678658485,0.021067000925540924,9818534
2020-07-24T00:00:00.000000Z,0.021051999181509018,0.021351000294089317,0.020332999527454376,0.020633000880479813,12009307
2020-07-25T00:00:00.000000Z,0.020642999559640884,0.02134300023317337,0.020617000758647919,0.02082500047981739,10586724
2020-07-26T00:00:00.000000Z,0.020857999101281166,0.021364999935030937,0.020632000640034676,0.020695999264717102,13724140
2020-07-27T00:00:00.000000Z,0.020694000646471977,0.020851999521255493,0.0183119997382164,0.019828999415040016,31094271
2020-07-28T00:00:00.000000Z,0.019912999123334885,0.021003000438213348,0.019245000556111336,0.02048099972307682,25539919
2020-07-29T00:00:00.000000Z,0.02048799954354763,0.020800000056624413,0.020150000229477882,0.020380999892950058,16119349
2020-07-30T00:00:00.000000Z,0.020380999892950058,0.020967999473214149,0.020120000466704369,0.02042900025844574,14335220
2020-07-31T00:00:00.000000Z,0.020418999716639519,0.020712999626994133,0.020116999745368958,0.020258000120520592,11758447
2020-08-01T00:00:00.000000Z,0.020258000120520592,0.021323999390006065,0.020145000889897346,0.020989999175071716,16202702
2020-08-02T00:00:00.000000Z,0.021007999777793884,0.021338000893592834,0.019883999601006508,0.020000999793410301,14829361
2020-08-03T00:00:00.000000Z,0.020000999793410301,0.020828999578952789,0.019902000203728676,0.020459000021219254,11728783
2020-08-04T00:00:00.000000Z,0.020457999780774117,0.020893000066280365,0.020398000255227089,0.020646000280976295,10284067
2020-08-05T00:00:00.000000Z,0.020649999380111694,0.02193400077521801,0.020543999969959259,0.021379999816417694,19397104
2020-08-06T00:00:00.000000Z,0.02135000005364418,0.022299999371170998,0.02123899944126606,0.021770000457763672,17258892
2020-08-07T00:00:00.000000Z,0.021766999736428261,0.022293999791145325,0.020682999864220619,0.021398000419139862,13272237
2020-08-08T00:00:00.000000Z,0.021376000717282295,0.022957000881433487,0.021309999749064445,0.022847000509500504,19222402
2020-08-09T00:00:00.000000Z,0.022871000692248344,0.023784000426530838,0.02237899973988533,0.022779000923037529,22917218
2020-08-10T00:00:00.000000Z,0.022779000923037529,0.024397000670433044,0.021988999098539352,0.02436400018632412,31068048
2020-08-11T00:00:00.000000Z,0.024379000067710876,0.026219999417662621,0.022079000249505043,0.023073999211192131,43046296
2020-08-12T00:00:00.000000Z,0.02311599999666214,0.026000000536441803,0.02267099916934967,0.025544000789523125,30117664
2020-08-13T00:00:00.000000Z,0.025546999648213387,0.028905000537633896,0.024194000288844109,0.027390999719500542,62872391
2020-08-14T00:00:00.000000Z,0.027433000504970551,0.02870899997651577,0.026597000658512115,0.028144000098109245,35001181
2020-08-15T00:00:00.000000Z,0.028223000466823578,0.032391000539064407,0.02703000046312809,0.030119000002741814,64600574
2020-08-16T00:00:00.000000Z,0.030129000544548035,0.030959999188780785,0.028518000617623329,0.030161000788211823,35043467
2020-08-17T00:00:00.000000Z,0.030161000788211823,0.032037999480962753,0.027946999296545982,0.028791999444365501,46826970
2020-08-18T00:00:00.000000Z,0.028710000216960907,0.029590999707579613,0.025924999266862869,0.02697099931538105,32349179
2020-08-19T00:00:00.000000Z,0.026932999491691589,0.027420999482274055,0.024023000150918961,0.024895999580621719,32078356
2020-08-20T00:00:00.000000Z,0.024895999580621719,0.02691200003027916,0.024730000644922256,0.026708999648690224,22345286
2020-08-21T00:00:00.000000Z,0.026680000126361847,0.028852000832557678,0.024927999824285507,0.024932000786066055,29176851
2020-08-22T00:00:00.000000Z,0.024980999529361725,0.026442000642418861,0.023935999721288681,0.026150999590754509,19378252
2020-08-23T00:00:00.000000Z,0.026155000552535057,0.026157999411225319,0.024883000180125237,0.025307999923825264,10582360
2020-08-24T00:00:00.000000Z,0.025349000468850136,0.028325000777840614,0.025056999176740646,0.027981000021100044,26471891
2020-08-25T00:00:00.000000Z,0.027940999716520309,0.028160000219941139,0.025105999782681465,0.025861000642180443,20888554
2020-08-26T00:00:00.000000Z,0.025798000395298004,0.027414999902248383,0.025592999532818794,0.02690500020980835,21312801
2020-08-27T00:00:00.000000Z,0.026918999850749969,0.027623999863862991,0.025110000744462013,0.02573700062930584,18159895
2020-08-28T00:00:00.000000Z,0.025766000151634216,0.027165999636054039,0.025474000722169876,0.026854999363422394,12390940
2020-08-29T00:00:00.000000Z,0.026861999183893204,0.028568999841809273,0.026590000838041306,0.027682999148964882,18994756
2020-08-30T00:00:00.000000Z,0.027642000466585159,0.028664000332355499,0.027124999091029167,0.027178000658750534,16727280
2020-08-31T00:00:00.000000Z,0.027157999575138092,0.027504999190568924,0.026355000212788582,0.026573000475764275,14765321
2020-09-01T00:00:00.000000Z,0.026567000895738602,0.026931000873446465,0.025598999112844467,0.025613000616431236,19731737
2020-09-02T00:00:00.000000Z,0.025626000016927719,0.026012999936938286,0.022014999762177467,0.023509999737143517,23428036
2020-09-03T00:00:00.000000Z,0.023507000878453255,0.023714000359177589,0.018859999254345894,0.01939300075173378,19269778
2020-09-04T00:00:00.000000Z,0.019450999796390533,0.020041000097990036,0.017869999632239342,0.019456999376416206,20856523
2020-09-05T00:00:00.000000Z,0.019424999132752419,0.020135000348091125,0.017181999981403351,0.018016999587416649,16149424
2020-09-06T00:00:00.000000Z,0.018038999289274216,0.019111000001430511,0.017295999452471733,0.018787000328302383,11566935
2020-09-07T00:00:00.000000Z,0.018805000931024551,0.019014999270439148,0.017221000045537949,0.018834000453352928,11114003
2020-09-08T00:00:00.000000Z,0.018817000091075897,0.019115999341011047,0.017688000574707985,0.018250999972224236,8974662
2020-09-09T00:00:00.000000Z,0.018267000094056129,0.020751999691128731,0.018009999766945839,0.020152000710368156,17283161
2020-09-10T00:00:00.000000Z,0.020160999149084091,0.021462999284267426,0.020035000517964363,0.020475000143051147,13563418
2020-09-11T00:00:00.000000Z,0.020467000082135201,0.021440999582409859,0.019658999517560005,0.021206000819802284,12115050
2020-09-12T00:00:00.000000Z,0.021196000277996063,0.021362999454140663,0.020679999142885208,0.020981000736355782,9820302
2020-09-13T00:00:00.000000Z,0.020981000736355782,0.021299999207258224,0.019228000193834305,0.019814999774098396,13410049
2020-09-14T00:00:00.000000Z,0.019802000373601913,0.020392000675201416,0.019593000411987305,0.020138999447226524,10363434
2020-09-15T00:00:00.000000Z,0.020138999447226524,0.021586000919342041,0.020114000886678696,0.020504999905824661,16978487
2020-09-16T00:00:00.000000Z,0.020491000264883041,0.020501000806689262,0.019454000517725945,0.019857000559568405,12152182
2020-09-17T00:00:00.000000Z,0.019857000559568405,0.020525999367237091,0.01943499967455864,0.020431000739336014,14224677
2020-09-18T00:00:00.000000Z,0.020431000739336014,0.021604999899864197,0.019944999366998672,0.021029999479651451,17872144
2020-09-19T00:00:00.000000Z,0.021036000922322273,0.02158300019800663,0.020615000277757645,0.020912999287247658,9885392
2020-09-20T00:00:00.000000Z,0.020897999405860901,0.022453999146819115,0.020448999479413033,0.021959999576210976,16647627
2020-09-21T00:00:00.000000Z,0.02195500023663044,0.023516999557614326,0.018561000004410744,0.018946999683976173,28648319
2020-09-22T00:00:00.000000Z,0.018914999440312386,0.019723000004887581,0.018626000732183456,0.019647000357508659,8484373
2020-09-23T00:00:00.000000Z,0.019633000716567039,0.019850000739097595,0.017652999609708786,0.017709000036120415,9911559
2020-09-24T00:00:00.000000Z,0.01774200052022934,0.019022999331355095,0.017334999516606331,0.018986999988555908,10638006
2020-09-25T00:00:00.000000Z,0.018992999568581581,0.019379999488592148,0.018380999565124512,0.019145999103784561,8791831
2020-09-26T00:00:00.000000Z,0.019178999587893486,0.019368000328540802,0.01868399977684021,0.018928000703454018,7439929
2020-09-27T00:00:00.000000Z,0.018883999437093735,0.019151000306010246,0.018104000017046928,0.018735999241471291,8813621
2020-09-28T00:00:00.000000Z,0.018734000623226166,0.020286999642848969,0.018704000860452652,0.018885999917984009,16761055
2020-09-29T00:00:00.000000Z,0.018902000039815903,0.019959000870585442,0.018603000789880753,0.019674999639391899,10834905
2020-09-30T00:00:00.000000Z,0.019647000357508659,0.02032100036740303,0.019117999821901321,0.020152999088168144,9767572
2020-10-01T00:00:00.000000Z,0.020168999210000038,0.020469000563025475,0.018303999677300453,0.018980000168085098,14776920
2020-10-02T00:00:00.000000Z,0.018988000229001045,0.019120000302791595,0.017563000321388245,0.018271999433636665,9923295
2020-10-03T00:00:00.000000Z,0.018278000876307487,0.018796000629663467,0.018110999837517738,0.018549999222159386,5534694
2020-10-04T00:00:00.000000Z,0.018528999760746956,0.018760999664664268,0.018341999500989914,0.018602000549435616,5258875
2020-10-05T00:00:00.000000Z,0.018602000549435616,0.018998999148607254,0.018471000716090202,0.018841000273823738,6023473
2020-10-06T00:00:00.000000Z,0.01882999949157238,0.018885999917984009,0.017037000507116318,0.01716499961912632,9375522
2020-10-07T00:00:00.000000Z,0.017170999199151993,0.017566999420523643,0.016586000099778175,0.016958000138401985,9249810
2020-10-08T00:00:00.000000Z,0.017000000923871994,0.01701899990439415,0.015557999722659588,0.016631999984383583,12897319
2020-10-09T00:00:00.000000Z,0.016657000407576561,0.017554000020027161,0.016251999884843826,0.017093999311327934,10117799
2020-10-10T00:00:00.000000Z,0.017095999792218208,0.01774200052022934,0.01701200008392334,0.017207000404596329,8915882
2020-10-11T00:00:00.000000Z,0.017225999385118484,0.018069000914692879,0.01718599908053875,0.017854999750852585,7229731
2020-10-12T00:00:00.000000Z,0.017819000408053398,0.018473999574780464,0.017751000821590424,0.017905000597238541,9285088
2020-10-13T00:00:00.000000Z,0.017884999513626099,0.017971999943256378,0.017413999885320663,0.017697999253869057,6904064
2020-10-14T00:00:00.000000Z,0.017689000815153122,0.017973000183701515,0.017083000391721725,0.017234999686479568,6314096
2020-10-15T00:00:00.000000Z,0.017190000042319298,0.017471000552177429,0.016665000468492508,0.017190000042319298,6683165
2020-10-16T00:00:00.000000Z,0.017180999740958214,0.017201000824570656,0.016103999689221382,0.016253000125288963,6618218
2020-10-17T00:00:00.000000Z,0.016278000548481941,0.016796000301837921,0.016140999272465706,0.016742000356316566,4856798
2020-10-18T00:00:00.000000Z,0.016738999634981155,0.01703999936580658,0.016545999795198441,0.0168869998306036,4780011
2020-10-19T00:00:00.000000Z,0.016874000430107117,0.016921000555157661,0.016166999936103821,0.016204999759793282,6508722
2020-10-20T00:00:00.000000Z,0.016242999583482742,0.01640000008046627,0.015452000312507153,0.01563199982047081,24527488
2020-10-21T00:00:00.000000Z,0.015649000182747841,0.016795000061392784,0.015644000843167305,0.01638299971818924,14525760
2020-10-22T00:00:00.000000Z,0.016386000439524651,0.017847999930381775,0.016155999153852463,0.017403999343514442,12740856
2020-10-23T00:00:00.000000Z,0.017408000305294991,0.01752300001680851,0.0165219996124506,0.01703999936580658,9430623
2020-10-24T00:00:00.000000Z,0.01703999936580658,0.017723999917507172,0.016858000308275223,0.0176829993724823,8231996
2020-10-25T00:00:00.000000Z,0.0176829993724823,0.017890999093651772,0.017107000574469566,0.01716499961912632,9757810
2020-10-26T00:00:00.000000Z,0.01716499961912632,0.017674999311566353,0.016177000477910042,0.016561999917030334,12961598
2020-10-27T00:00:00.000000Z,0.016561999917030334,0.016652999445796013,0.015683000907301903,0.015799999237060547,18131433
2020-10-28T00:00:00.000000Z,0.015799999237060547,0.016134999692440033,0.014899999834597111,0.015085999853909016,8835884
2020-10-29T00:00:00.000000Z,0.015085999853909016,0.015407999977469444,0.01369400043040514,0.013876999728381634,8853568
2020-10-30T00:00:00.000000Z,0.013876999728381634,0.014100999571382999,0.013008999638259411,0.013910000212490559,11523990
2020-10-31T00:00:00.000000Z,0.013910000212490559,0.014174000360071659,0.013633999973535538,0.013721000403165817,6032755
2020-11-01T00:00:00.000000Z,0.013721000403165817,0.014318999834358692,0.013655000366270542,0.014107000082731247,5702032
2020-11-02T00:00:00.000000Z,0.014107000082731247,0.014445000328123569,0.013497999869287014,0.013687999919056892,6228142
2020-11-03T00:00:00.000000Z,0.013687999919056892,0.01375999953597784,0.012614999897778034,0.012717000208795071,9160030
2020-11-04T00:00:00.000000Z,0.012717000208795071,0.012768000364303589,0.011758999899029732,0.012250999920070171,9060246
2020-11-05T00:00:00.000000Z,0.012253000400960445,0.013664999976754189,0.012163000181317329,0.013477000407874584,11844990
2020-11-06T00:00:00.000000Z,0.013476000167429447,0.015856999903917313,0.013384000398218632,0.015509000048041344,20995802
2020-11-07T00:00:00.000000Z,0.015509000048041344,0.017132999375462532,0.013944000005722046,0.014392999932169914,20112296
2020-11-08T00:00:00.000000Z,0.014392999932169914,0.016225000843405724,0.014202999882400036,0.015735000371932983,11777719
2020-11-09T00:00:00.000000Z,0.015735000371932983,0.016675999388098717,0.015409000217914581,0.015634000301361084,12438306
2020-11-10T00:00:00.000000Z,0.015634000301361084,0.017504999414086342,0.015472999773919582,0.017314000055193901,20802463
2020-11-11T00:00:00.000000Z,0.017314000055193901,0.017851000651717186,0.016561999917030334,0.016603000462055206,10641721
2020-11-12T00:00:00.000000Z,0.016603000462055206,0.017346000298857689,0.015745000913739204,0.015860000625252724,10853929
2020-11-13T00:00:00.000000Z,0.015860000625252724,0.017162999138236046,0.015771999955177307,0.016916999593377113,8441268
2020-11-14T00:00:00.000000Z,0.016916999593377113,0.016933999955654144,0.01604899950325489,0.01675100065767765,6054997
2020-11-15T00:00:00.000000Z,0.01675100065767765,0.017069999128580093,0.015984000638127327,0.016460999846458435,7699718
2020-11-16T00:00:00.000000Z,0.016460999846458435,0.016849000006914139,0.01629599928855896,0.016610000282526016,7058128
2020-11-17T00:00:00.000000Z,0.016764000058174133,0.018202999606728554,0.016657000407576561,0.017694000154733658,17220075
2020-11-18T00:00:00.000000Z,0.017691999673843384,0.018667999655008316,0.016575999557971954,0.017092999070882797,17025859
2020-11-19T00:00:00.000000Z,0.017093999311327934,0.017942000180482864,0.016831999644637108,0.017271999269723892,11780231
2020-11-20T00:00:00.000000Z,0.017271999269723892,0.018362000584602356,0.017271999269723892,0.017869999632239342,12183600
2020-11-21T00:00:00.000000Z,0.017869999632239342,0.019833000376820564,0.0177800003439188,0.019757999107241631,19283687
2020-11-22T00:00:00.000000Z,0.019757999107241631,0.020041000097990036,0.018146999180316925,0.019036000594496727,21197851
2020-11-23T00:00:00.000000Z,0.019036000594496727,0.021764000877737999,0.018857000395655632,0.021162999793887138,25040100
2020-11-24T00:00:00.000000Z,0.021162999793887138,0.022531000897288322,0.020492000505328178,0.021663999184966087,28126148
2020-11-25T00:00:00.000000Z,0.021637000143527985,0.023825999349355698,0.020573999732732773,0.021294999867677689,24865281
2020-11-26T00:00:00.000000Z,0.021123999729752541,0.021531999111175537,0.015846999362111092,0.0177800003439188,29547199
2020-11-27T00:00:00.000000Z,0.017798999324440956,0.01853100024163723,0.016836000606417656,0.017704999074339867,9687176
2020-11-28T00:00:00.000000Z,0.017726000398397446,0.019030999392271042,0.017339000478386879,0.01875000074505806,9071347
2020-11-29T00:00:00.000000Z,0.018753999844193459,0.019006999209523201,0.018312999978661537,0.018856000155210495,9115838
2020-11-30T00:00:00.000000Z,0.018856000155210495,0.019723000004887581,0.018570000305771828,0.019563000649213791,12682601
2020-12-01T00:00:00.000000Z,0.019567999988794327,0.02005700021982193,0.018076000735163689,0.018721999600529671,14210419
2020-12-02T00:00:00.000000Z,0.018710000440478325,0.01945200003683567,0.018364999443292618,0.01933399960398674,8639245
2020-12-03T00:00:00.000000Z,0.01933399960398674,0.020981999114155769,0.019061999395489693,0.020805999636650085,14372967
2020-12-04T00:00:00.000000Z,0.020808000117540359,0.021091999486088753,0.018711000680923462,0.018871000036597252,14569072
2020-12-05T00:00:00.000000Z,0.018835000693798065,0.019734000787138939,0.018453000113368034,0.019734000787138939,9090150
2020-12-06T00:00:00.000000Z,0.019729999825358391,0.020151000469923019,0.019036000594496727,0.019571999087929726,8262858
2020-12-07T00:00:00.000000Z,0.019571999087929726,0.019610999152064323,0.019007999449968338,0.019199000671505928,5737007
2020-12-08T00:00:00.000000Z,0.019233999773859978,0.019233999773859978,0.017490999773144722,0.017604999244213104,8769903
2020-12-09T00:00:00.000000Z,0.017604000866413116,0.018193000927567482,0.01664000004529953,0.01809299923479557,10989601
2020-12-10T00:00:00.000000Z,0.018104000017046928,0.01815200038254261,0.017301000654697418,0.017771000042557716,9773733
2020-12-11T00:00:00.000000Z,0.017772000283002853,0.017929000779986382,0.017054000869393349,0.017497999593615532,7664231
2020-12-12T00:00:00.000000Z,0.017480999231338501,0.018015999346971512,0.017480999231338501,0.017868999391794205,6384575
2020-12-13T00:00:00.000000Z,0.017868999391794205,0.018301999196410179,0.017836999148130417,0.018099000677466393,5960269
2020-12-14T00:00:00.000000Z,0.018099000677466393,0.018580999225378036,0.017929000779986382,0.018384000286459923,6472765
2020-12-15T00:00:00.000000Z,0.018386999145150185,0.019881999120116234,0.018386999145150185,0.019488999620079994,14597988
2020-12-16T00:00:00.000000Z,0.019487999379634857,0.0198379997164011,0.018798999488353729,0.019433999434113503,13012452
2020-12-17T00:00:00.000000Z,0.019447000697255135,0.01972699910402298,0.018728999421000481,0.018958000466227531,18914753
2020-12-18T00:00:00.000000Z,0.018958000466227531,0.020764999091625214,0.018681999295949936,0.020599000155925751,13821146
2020-12-19T00:00:00.000000Z,0.020593000575900078,0.020833000540733337,0.019811000674962997,0.019982000812888145,17975451
2020-12-20T00:00:00.000000Z,0.019982000812888145,0.02012999914586544,0.018826000392436981,0.019220000132918358,11063097
2020-12-21T00:00:00.000000Z,0.019218999892473221,0.019697999581694603,0.018146000802516937,0.018154999241232872,10458400
2020-12-22T00:00:00.000000Z,0.018130000680685043,0.018765000626444817,0.017480000853538513,0.018645999953150749,8713462
2020-12-23T00:00:00.000000Z,0.018635999411344528,0.018733000382781029,0.01477499958127737,0.015204000286757946,13949596
2020-12-24T00:00:00.000000Z,0.01524600014090538,0.016555000096559525,0.014836999587714672,0.016463000327348709,10462294
2020-12-25T00:00:00.000000Z,0.016449000686407089,0.017043000087141991,0.016047000885009766,0.016620999202132225,10626106
2020-12-26T00:00:00.000000Z,0.016629999503493309,0.019773999229073524,0.016309000551700592,0.019293999299407005,19774476
2020-12-27T00:00:00.000000Z,0.019279999658465385,0.019958000630140305,0.017841000109910965,0.018301000818610191,23010603
2020-12-28T00:00:00.000000Z,0.018322000280022621,0.019586000591516495,0.018203999847173691,0.018873000517487526,15253479
2020-12-29T00:00:00.000000Z,0.018873000517487526,0.019121000543236732,0.017827000468969345,0.018448999151587486,11436635
2020-12-30T00:00:00.000000Z,0.018441999331116676,0.0190420001745224,0.017955999821424484,0.018135000020265579,9394171
2020-12-31T00:00:00.000000Z,0.018136000260710716,0.018136000260710716,0.017111999914050102,0.017633000388741493,10278722
2021-01-01T00:00:00.000000Z,0.017633000388741493,0.018774000927805901,0.017454000189900398,0.017812000587582588,9798566
2021-01-02T00:00:00.000000Z,0.017812000587582588,0.019600000232458115,0.017331000417470932,0.019043000414967537,17374970
2021-01-03T00:00:00.000000Z,0.019052999094128609,0.020570000633597374,0.01891000010073185,0.019974999129772186,17908526
2021-01-04T00:00:00.000000Z,0.019999999552965164,0.024831000715494156,0.019763000309467316,0.0246140006929636,44212481
2021-01-05T00:00:00.000000Z,0.024675000458955765,0.027024999260902405,0.023679999634623528,0.024467000737786293,58583192
2021-01-06T00:00:00.000000Z,0.024467999115586281,0.036531999707221985,0.024013999849557877,0.035135000944137573,153415534
2021-01-07T00:00:00.000000Z,0.035312000662088394,0.039399001747369766,0.032154999673366547,0.032999001443386078,105163771
2021-01-08T00:00:00.000000Z,0.03300900012254715,0.034568998962640762,0.027907000854611397,0.031739000231027603,61246036
2021-01-09T00:00:00.000000Z,0.031697001308202744,0.03469499945640564,0.030931999906897545,0.03351299837231636,79019168
2021-01-10T00:00:00.000000Z,0.033581998199224472,0.034513998776674271,0.027919000014662743,0.030410999432206154,52646300
2021-01-11T00:00:00.000000Z,0.03038799948990345,0.03038799948990345,0.023084999993443489,0.026124000549316406,38494930
2021-01-12T00:00:00.000000Z,0.026068000122904778,0.028426000848412514,0.025172999128699303,0.026089999824762344,24813161
2021-01-13T00:00:00.000000Z,0.026084000244736671,0.030594000592827797,0.024857999756932259,0.030069999396800995,30383230
2021-01-14T00:00:00.000000Z,0.030068999156355858,0.032910000532865524,0.029193999245762825,0.032830998301506042,34026776
2021-01-15T00:00:00.000000Z,0.032779999077320099,0.035468000918626785,0.029485000297427177,0.034014001488685608,50937165
2021-01-16T00:00:00.000000Z,0.03406200185418129,0.036315001547336578,0.032076999545097351,0.032767999917268753,38716031
2021-01-17T00:00:00.000000Z,0.032795000821352005,0.034786999225616455,0.030863000079989433,0.034019999206066132,34064950
2021-01-18T00:00:00.000000Z,0.034035999327898026,0.037703998386859894,0.033606000244617462,0.036052998155355453,38764373
2021-01-19T00:00:00.000000Z,0.03605400025844574,0.036196000874042511,0.032205000519752502,0.032513998448848724,33655721
2021-01-20T00:00:00.000000Z,0.032450001686811447,0.034710001200437546,0.030409999191761017,0.034533001482486725,39296520
2021-01-21T00:00:00.000000Z,0.034547001123428345,0.034935001283884048,0.028356999158859253,0.028604000806808472,33989576
2021-01-22T00:00:00.000000Z,0.028596000745892525,0.032940998673439026,0.026481999084353447,0.031298000365495682,34193736
2021-01-23T00:00:00.000000Z,0.031259998679161072,0.035053998231887817,0.030837999656796455,0.03397500142455101,52887165
2021-01-24T00:00:00.000000Z,0.033998999744653702,0.035186000168323517,0.032531999051570892,0.033176999539136887,33074049
2021-01-25T00:00:00.000000Z,0.033176001161336899,0.036837000399827957,0.032953999936580658,0.03297799825668335,35904208
2021-01-26T00:00:00.000000Z,0.03290800005197525,0.044762000441551208,0.031938999891281128,0.043359998613595963,191626219
2021-01-27T00:00:00.000000Z,0.043350998312234879,0.048043001443147659,0.037613000720739365,0.042072001844644547,161467929
2021-01-28T00:00:00.000000Z,0.04206399992108345,0.044647999107837677,0.038683999329805374,0.038892000913619995,86132323
2021-01-29T00:00:00.000000Z,0.038492001593112946,0.042805999517440796,0.037528000771999359,0.040277000516653061,93560701
2021-01-30T00:00:00.000000Z,0.040290001779794693,0.046420000493526459,0.039197999984025955,0.039925001561641693,82468480
2021-01-31T00:00:00.000000Z,0.039953999221324921,0.040229998528957367,0.036256000399589539,0.038279000669717789,41501676
2021-02-01T00:00:00.000000Z,0.038277998566627502,0.041090000420808792,0.036386001855134964,0.040876999497413635,47374907
2021-02-02T00:00:00.000000Z,0.040826000273227692,0.041306000202894211,0.039329998195171356,0.041083000600337982,32237671
2021-02-03T00:00:00.000000Z,0.041076000779867172,0.044241998344659805,0.039866998791694641,0.043836001306772232,42381028
2021-02-04T00:00:00.000000Z,0.043811000883579254,0.049153998494148254,0.039652001112699509,0.047347001731395721,80798809
2021-02-05T00:00:00.000000Z,0.047370001673698425,0.05611100047826767,0.046146001666784286,0.054767001420259476,109264090
2021-02-06T00:00:00.000000Z,0.054738998413085938,0.055348001420497894,0.046877000480890274,0.052406001836061478,84137240
2021-02-07T00:00:00.000000Z,0.052492000162601471,0.068021997809410095,0.048342000693082809,0.067642003297805786,153001299
2021-02-08T00:00:00.000000Z,0.067275002598762512,0.079763002693653107,0.061381999403238297,0.071267999708652496,239087930
2021-02-09T00:00:00.000000Z,0.071313001215457916,0.10707099735736847,0.06958799809217453,0.098867997527122498,333193199
2021-02-10T00:00:00.000000Z,0.098897002637386322,0.14367799460887909,0.097281001508235931,0.11701600253582001,738971373
2021-02-11T00:00:00.000000Z,0.11671099811792374,0.13729600608348846,0.11349000036716461,0.12361100316047668,315764485
2021-02-12T00:00:00.000000Z,0.12338399887084961,0.12820999324321747,0.11483900249004364,0.12123300135135651,210036620
2021-02-13T00:00:00.000000Z,0.12113700062036514,0.12573300302028656,0.10712800174951553,0.11164999753236771,180338763
2021-02-14T00:00:00.000000Z,0.11166000366210938,0.11588600277900696,0.095158003270626068,0.10092200338840485,150901102
2021-02-15T00:00:00.000000Z,0.10083299875259399,0.11912400275468826,0.082608997821807861,0.10760500282049179,257633254
2021-02-16T00:00:00.000000Z,0.10735099762678146,0.11477900296449661,0.10136699676513672,0.10890000313520432,161640362
2021-02-17T00:00:00.000000Z,0.10889100283384323,0.11912199854850769,0.096174001693725586,0.11221999675035477,192608043
2021-02-18T00:00:00.000000Z,0.11229000240564346,0.13332800567150116,0.11229000240564346,0.12274400144815445,256329522
2021-02-19T00:00:00.000000Z,0.12275300174951553,0.16398599743843079,0.11953199654817581,0.15484000742435455,385398324
2021-02-20T00:00:00.000000Z,0.15457600355148315,0.19842900335788727,0.1359650045633316,0.14608100056648254,838406825
2021-02-21T00:00:00.000000Z,0.1454399973154068,0.18289999663829803,0.14075200259685516,0.16224999725818634,426999785
2021-02-22T00:00:00.000000Z,0.16234800219535828,0.16703900694847107,0.12356100231409073,0.15200500190258026,366038611
2021-02-23T00:00:00.000000Z,0.1521490067243576,0.15258599817752838,0.101453997194767,0.13700500130653381,472517260
2021-02-24T00:00:00.000000Z,0.13679799437522888,0.17086499929428101,0.12823200225830078,0.16024300456047058,413053550
2021-02-25T00:00:00.000000Z,0.16005100309848785,0.22112500667572021,0.15971699357032776,0.17617900669574738,713542669
2021-02-26T00:00:00.000000Z,0.17691899836063385,0.20245000720024109,0.16052299737930298,0.19060200452804565,653230825
2021-02-27T00:00:00.000000Z,0.19053199887275696,0.23055900633335114,0.18996399641036987,0.19753299653530121,610004301
2021-02-28T00:00:00.000000Z,0.1979060024023056,0.23100300133228302,0.17441399395465851,0.22884699702262878,694075983
2021-03-01T00:00:00.000000Z,0.23054599761962891,0.2516460120677948,0.2185090035200119,0.25157201290130615,706136275
2021-03-02T00:00:00.000000Z,0.25008100271224976,0.25008100271224976,0.21455399692058563,0.23189300298690796,355424277
2021-03-03T00:00:00.000000Z,0.23197099566459656,0.23764799535274506,0.21972200274467468,0.22393499314785004,255744904
2021-03-04T00:00:00.000000Z,0.22377899289131165,0.23533700406551361,0.19547200202941895,0.20039500296115875,251777998
2021-03-05T00:00:00.000000Z,0.19978499412536621,0.22292399406433105,0.18498699367046356,0.21517099440097809,250614421
2021-03-06T00:00:00.000000Z,0.21396200358867645,0.22875399887561798,0.20657700300216675,0.21298600733280182,158909076
2021-03-07T00:00:00.000000Z,0.21292799711227417,0.22199100255966187,0.20795999467372894,0.21224300563335419,127461430
2021-03-08T00:00:00.000000Z,0.21229000389575958,0.2208620011806488,0.20558799803256989,0.216621994972229,136299302
2021-03-09T00:00:00.000000Z,0.21683399379253387,0.30251500010490417,0.21606799960136414,0.29898101091384888,742292065
2021-03-10T00:00:00.000000Z,0.29875901341438293,0.3383600115776062,0.28325998783111572,0.28752401471138,767394371
2021-03-11T00:00:00.000000Z,0.28713199496269226,0.5089460015296936,0.28136798739433289,0.41060501337051392,1700044439
2021-03-12T00:00:00.000000Z,0.41041800379753113,0.50309598445892334,0.40130800008773804,0.41440799832344055,1638910147
2021-03-13T00:00:00.000000Z,0.41456198692321777,0.4648129940032959,0.41215500235557556,0.42513400316238403,840876663
2021-03-14T00:00:00.000000Z,0.42534598708152771,0.43666699528694153,0.3773530125617981,0.38288098573684692,538225586
2021-03-15T00:00:00.000000Z,0.38147300481796265,0.42871201038360596,0.38005399703979492,0.39295899868011475,605932856
2021-03-16T00:00:00.000000Z,0.39228999614715576,0.39527499675750732,0.35021400451660156,0.3732219934463501,413704310
2021-03-17T00:00:00.000000Z,0.37302100658416748,0.42613199353218079,0.37302100658416748,0.40325900912284851,606643873
2021-03-18T00:00:00.000000Z,0.40143799781799316,0.43636101484298706,0.38741499185562134,0.3907339870929718,345618831
2021-03-19T00:00:00.000000Z,0.39053401350975037,0.42286300659179688,0.37726300954818726,0.41178300976753235,286226960
2021-03-20T00:00:00.000000Z,0.41008400917053223,0.42045098543167114,0.38361498713493347,0.38361498713493347,227972953
2021-03-21T00:00:00.000000Z,0.38350400328636169,0.39930200576782227,0.36579599976539612,0.38107201457023621,233175578
2021-03-22T00:00:00.000000Z,0.38103899359703064,0.38407298922538757,0.33375298976898193,0.34874600172042847,218973063
2021-03-23T00:00:00.000000Z,0.34769898653030396,0.36534300446510315,0.32765799760818481,0.33169400691986084,214301301
2021-03-24T00:00:00.000000Z,0.33141100406646729,0.3773530125617981,0.31217899918556213,0.32497900724411011,341042162
2021-03-25T00:00:00.000000Z,0.32394099235534668,0.33763301372528076,0.30010300874710083,0.30185100436210632,242430418
2021-03-26T00:00:00.000000Z,0.30180001258850098,0.34206199645996094,0.30167600512504578,0.33680400252342224,228186511
2021-03-27T00:00:00.000000Z,0.33695098757743835,0.35653001070022583,0.33255100250244141,0.33344399929046631,209270719
2021-03-28T00:00:00.000000Z,0.33322298526763916,0.35549300909042358,0.33008098602294922,0.3460099995136261,211156181
2021-03-29T00:00:00.000000Z,0.34650498628616333,0.42209601402282715,0.33821401000022888,0.3839460015296936,515212013
2021-03-30T00:00:00.000000Z,0.38441699743270874,0.38826298713684082,0.36139801144599915,0.3712800145149231,257443389
2021-03-31T00:00:00.000000Z,0.37143999338150024,0.38114699721336365,0.34130299091339111,0.359934002161026,281140380
2021-04-01T00:00:00.000000Z,0.36032399535179138,0.37789401412010193,0.35497799515724182,0.36422199010848999,211284882
2021-04-02T00:00:00.000000Z,0.3641589879989624,0.39530599117279053,0.35875099897384644,0.38400200009346008,268317949
2021-04-03T00:00:00.000000Z,0.38348400592803955,0.3980180025100708,0.35283499956130981,0.35403099656105042,222409214
2021-04-04T00:00:00.000000Z,0.35385000705718994,0.3747900128364563,0.34854400157928467,0.36263701319694519,165050296
2021-04-05T00:00:00.000000Z,0.3626599907875061,0.37012198567390442,0.35088801383972168,0.37003299593925476,225534790
2021-04-06T00:00:00.000000Z,0.37045198678970337,0.38964900374412537,0.36124798655509949,0.37456598877906799,293679159
2021-04-07T00:00:00.000000Z,0.37454700469970703,0.37603598833084106,0.31110599637031555,0.33720800280570984,259031047
2021-04-08T00:00:00.000000Z,0.33784499764442444,0.36002099514007568,0.33690500259399414,0.35630598664283752,155583605
2021-04-09T00:00:00.000000Z,0.35620298981666565,0.38383999466896057,0.3502500057220459,0.36760300397872925,173371170
2021-04-10T00:00:00.000000Z,0.36753100156784058,0.37574100494384766,0.34797900915145874,0.35847100615501404,168749009
2021-04-11T00:00:00.000000Z,0.35806500911712646,0.37060099840164185,0.35192999243736267,0.37053200602531433,141234990
2021-04-12T00:00:00.000000Z,0.37030398845672607,0.37313801050186157,0.35093599557876587,0.35804399847984314,147382913
2021-04-13T00:00:00.000000Z,0.35758998990058899,0.42358198761940002,0.35733601450920105,0.42207399010658264,618821779
2021-04-14T00:00:00.000000Z,0.42241299152374268,0.44852301478385925,0.37076500058174133,0.41468000411987305,492289025
2021-04-15T00:00:00.000000Z,0.41466501355171204,0.46056699752807617,0.40241900086402893,0.44273298978805542,440389322
2021-04-16T00:00:00.000000Z,0.44099000096321106,0.46734198927879333,0.40882501006126404,0.43644699454307556,398692669
2021-04-17T00:00:00.000000Z,0.4367159903049469,0.43936198949813843,0.40435799956321716,0.40625301003456116,225290395
2021-04-18T00:00:00.000000Z,0.40667998790740967,0.41041699051856995,0.30380401015281677,0.3629010021686554,405420994
2021-04-19T00:00:00.000000Z,0.36345601081848145,0.38633298873901367,0.32545599341392517,0.32719999551773071,214818440
2021-04-20T00:00:00.000000Z,0.32550698518753052,0.35106098651885986,0.29846999049186707,0.34152400493621826,249383389
2021-04-21T00:00:00.000000Z,0.34231200814247131,0.38190001249313354,0.32848098874092102,0.35922899842262268,267793113
2021-04-22T00:00:00.000000Z,0.35647401213645935,0.42111200094223022,0.34690499305725098,0.34944498538970947,652622588
2021-04-23T00:00:00.000000Z,0.35012000799179077,0.38692200183868408,0.29910698533058167,0.38180801272392273,469766102
2021-04-24T00:00:00.000000Z,0.38190498948097229,0.38872000575065613,0.33831998705863953,0.35342800617218018,216229167
2021-04-25T00:00:00.000000Z,0.35482299327850342,0.40379801392555237,0.3451240062713623,0.38288399577140808,333571613
2021-04-26T00:00:00.000000Z,0.38400301337242126,0.5733410120010376,0.38126501441001892,0.53519302606582642,1751007448
2021-04-27T00:00:00.000000Z,0.53622198104858398,0.84307897090911865,0.53576397895812988,0.83275401592254639,2631901892
2021-04-28T00:00:00.000000Z,0.82899898290634155,0.89327901601791382,0.67687797546386719,0.77311301231384277,3865674203
2021-04-29T00:00:00.000000Z,0.77618098258972168,0.9233819842338562,0.74349701404571533,0.89087200164794922,2744234311
2021-04-30T00:00:00.000000Z,0.88849097490310669,0.94067901372909546,0.78334802389144897,0.8205680251121521,1906390032
2021-05-01T00:00:00.000000Z,0.82068198919296265,0.83966600894927979,0.77228701114654541,0.78682100772857666,966733867
2021-05-02T00:00:00.000000Z,0.78550201654434204,0.82740002870559692,0.74243402481079102,0.82451200485229492,779774169
2021-05-03T00:00:00.000000Z,0.822579026222229,0.86873400211334229,0.77738600969314575,0.79613900184631348,815448476
2021-05-04T00:00:00.000000Z,0.79506599903106689,0.79798799753189087,0.69081902503967285,0.70438301563262939,787329351
2021-05-05T00:00:00.000000Z,0.70329701900482178,0.83617699146270752,0.70069801807403564,0.81108498573303223,925333196
2021-05-06T00:00:00.000000Z,0.80918401479721069,0.8136259913444519,0.72903800010681152,0.76178497076034546,585564623
2021-05-07T00:00:00.000000Z,0.76286298036575317,0.80722397565841675,0.73298197984695435,0.75312900543212891,585921423
2021-05-08T00:00:00.000000Z,0.75146299600601196,0.84910500049591064,0.73220998048782349,0.84825801849365234,757402833
2021-05-09T00:00:00.000000Z,0.84896600246429443,1.0514789819717407,0.79721397161483765,0.96986502408981323,2966438616
2021-05-10T00:00:00.000000Z,0.96987301111221313,1.0005999803543091,0.78542500734329224,0.8750690221786499,1271190447
2021-05-11T00:00:00.000000Z,0.87613600492477417,1.0890389680862427,0.80099201202392578,1.0692199468612671,1659530191
2021-05-12T00:00:00.000000Z,1.0666340589523315,1.224979043006897,1.0190140008926392,1.0190140008926392,2497330382
2021-05-13T00:00:00.000000Z,1.0419930219650269,1.1816580295562744,0.96046102046966553,1.0531539916992188,2041911519
2021-05-14T00:00:00.000000Z,1.0521969795227051,1.4998869895935059,1.044579029083252,1.4707620143890381,3241106096
2021-05-15T00:00:00.000000Z,1.4715540409088135,1.8875850439071655,1.4715540409088135,1.6081850528717041,5946636441
2021-05-16T00:00:00.000000Z,1.596606969833374,1.8206449747085571,1.4687639474868774,1.714745044708252,3438259517
2021-05-17T00:00:00.000000Z,1.7192480564117432,1.7839299440383911,1.4825700521469116,1.7279729843139648,3156131754
2021-05-18T00:00:00.000000Z,1.7240339517593384,2.6800050735473633,1.7127790451049805,2.45436692237854,8012820328
2021-05-19T00:00:00.000000Z,2.4483089447021484,2.6307408809661865,1.071025013923645,1.6593899726867676,9181248216
2021-05-20T00:00:00.000000Z,1.6257070302963257,2.2001850605010986,1.3398040533065796,1.8414510488510132,5518161200
2021-05-21T00:00:00.000000Z,1.8309570550918579,1.9554229974746704,1.1997679471969604,1.4823360443115234,3691087028
2021-05-22T00:00:00.000000Z,1.4869619607925415,1.6111669540405273,1.1283340454101562,1.1932920217514038,2559785462
2021-05-23T00:00:00.000000Z,1.1955480575561523,1.2562099695205688,0.74911701679229736,1.0867149829864502,3787398515
2021-05-24T00:00:00.000000Z,1.0773320198059082,1.9794609546661377,1.076833963394165,1.7175769805908203,9112450701
2021-05-25T00:00:00.000000Z,1.7424939870834351,1.9449100494384766,1.5150749683380127,1.9400500059127808,6515075273
2021-05-26T00:00:00.000000Z,1.9382200241088867,2.4384961128234863,1.8364900350570679,2.2101669311523438,8204673883
2021-05-27T00:00:00.000000Z,2.2130529880523682,2.2657699584960938,1.8606510162353516,2.026745080947876,5255177625
2021-05-28T00:00:00.000000Z,2.0398979187011719,2.059237003326416,1.6687250137329102,1.8232940435409546,5212099042
2021-05-29T00:00:00.000000Z,1.8181580305099487,1.9054809808731079,1.5199689865112305,1.6981940269470215,3504118573
2021-05-30T00:00:00.000000Z,1.6914459466934204,1.9672199487686157,1.5561920404434204,1.8649380207061768,4118454690
2021-05-31T00:00:00.000000Z,1.8649139404296875,1.9328850507736206,1.7507870197296143,1.8810240030288696,3157990052
2021-06-01T00:00:00.000000Z,1.8727869987487793,1.9827769994735718,1.7686020135879517,1.8211640119552612,2319361513
2021-06-02T00:00:00.000000Z,1.8241599798202515,1.8889329433441162,1.7499740123748779,1.7958970069885254,1734391037
2021-06-03T00:00:00.000000Z,1.8002400398254395,1.8855489492416382,1.7642459869384766,1.8238459825515747,1502571188
2021-06-04T00:00:00.000000Z,1.824849009513855,1.824849009513855,1.5571930408477783,1.6314840316772461,2452329357
2021-06-05T00:00:00.000000Z,1.6325470209121704,1.6966270208358765,1.4560040235519409,1.5273339748382568,1479392251
2021-06-06T00:00:00.000000Z,1.5275700092315674,1.5906369686126709,1.5124800205230713,1.5834280252456665,1026604651
2021-06-07T00:00:00.000000Z,1.5815520286560059,1.7271690368652344,1.4680349826812744,1.4801219701766968,1855450186
2021-06-08T00:00:00.000000Z,1.4863079786300659,1.5207020044326782,1.2849299907684326,1.4850989580154419,2517422655
2021-06-09T00:00:00.000000Z,1.4800699949264526,1.5326509475708008,1.3569990396499634,1.4924269914627075,1819221238
2021-06-10T00:00:00.000000Z,1.490975022315979,1.497217059135437,1.3553680181503296,1.3622050285339355,1083382350
2021-06-11T00:00:00.000000Z,1.3630529642105103,1.3838390111923218,1.2330620288848877,1.2519650459289551,960292127
2021-06-12T00:00:00.000000Z,1.2503319978713989,1.3947900533676147,1.1639440059661865,1.3412690162658691,1585637917
2021-06-13T00:00:00.000000Z,1.3409090042114258,1.4925600290298462,1.3178579807281494,1.4692169427871704,1566746227
2021-06-14T00:00:00.000000Z,1.4652270078659058,1.5973550081253052,1.4148139953613281,1.4778629541397095,1415033591
2021-06-15T00:00:00.000000Z,1.5943800210952759,1.7220410108566284,1.5348830223083496,1.6914600133895874,2287131448
2021-06-16T00:00:00.000000Z,1.6280950307846069,1.6364419460296631,1.4494160413742065,1.4771970510482788,1472817044
2021-06-17T00:00:00.000000Z,1.478922963142395,1.5569629669189453,1.4551550149917603,1.5037939548492432,1089042381
2021-06-18T00:00:00.000000Z,1.50376296043396,1.5125329494476318,1.3073090314865112,1.3772610425949097,1233288351
2021-06-19T00:00:00.000000Z,1.3805309534072876,1.4333590269088745,1.3520480394363403,1.3636950254440308,868441240
2021-06-20T00:00:00.000000Z,1.3608709573745728,1.433974027633667,1.2869149446487427,1.3989959955215454,998938016
2021-06-21T00:00:00.000000Z,1.3996620178222656,1.4095649719238281,1.0847769975662231,1.0990519523620605,1483730324
2021-06-22T00:00:00.000000Z,1.0978089570999146,1.2357369661331177,0.93016302585601807,1.0743839740753174,2509624684
2021-06-23T00:00:00.000000Z,1.0751819610595703,1.2479640245437622,1.0311770439147949,1.1585869789123535,1608298389
2021-06-24T00:00:00.000000Z,1.1781669855117798,1.2388739585876465,1.1377530097961426,1.2031480073928833,916504353
2021-06-25T00:00:00.000000Z,1.202085018157959,1.2327690124511719,1.0439180135726929,1.0461629629135132,960902434
2021-06-26T00:00:00.000000Z,1.0400569438934326,1.1023859977722168,1.0072489976882935,1.0754530429840088,813581059
2021-06-27T00:00:00.000000Z,1.0771310329437256,1.112805962562561,1.0349570512771606,1.1120330095291138,704097942
2021-06-28T00:00:00.000000Z,1.1140830516815186,1.1643320322036743,1.0876630544662476,1.119223952293396,728137291
2021-06-29T00:00:00.000000Z,1.1200809478759766,1.2500900030136108,1.1156879663467407,1.1672790050506592,954899564
2021-06-30T00:00:00.000000Z,1.1718310117721558,1.180927038192749,1.0819380283355713,1.1674280166625977,797906875
2021-07-01T00:00:00.000000Z,1.1674580574035645,1.1674580574035645,1.0646719932556152,1.0773570537567139,596223500
2021-07-02T00:00:00.000000Z,1.0742000341415405,1.1095340251922607,1.0445719957351685,1.1036109924316406,483658487
2021-07-03T00:00:00.000000Z,1.1027710437774658,1.1456689834594727,1.0809550285339355,1.1186380386352539,423834017
2021-07-04T00:00:00.000000Z,1.117961049079895,1.1784559488296509,1.0956950187683105,1.1478650569915771,510476356
2021-07-05T00:00:00.000000Z,1.1469540596008301,1.1499550342559814,1.0823969841003418,1.1016099452972412,486095587
2021-07-06T00:00:00.000000Z,1.1011680364608765,1.16382896900177,1.1011159420013428,1.1317859888076782,570313255
2021-07-07T00:00:00.000000Z,1.1311739683151245,1.1759339570999146,1.1262550354003906,1.1284110546112061,582374200
2021-07-08T00:00:00.000000Z,1.1287070512771606,1.1326140165328979,1.0184210538864136,1.0433399677276611,566038964
2021-07-09T00:00:00.000000Z,1.0408669710159302,1.0683050155639648,1.0048420429229736,1.0513290166854858,478830499
2021-07-10T00:00:00.000000Z,1.0516840219497681,1.0705660581588745,1.0217159986495972,1.0298780202865601,355002271
2021-07-11T00:00:00.000000Z,1.0296629667282104,1.0584030151367188,1.0220110416412354,1.0421520471572876,266686963
2021-07-12T00:00:00.000000Z,1.0425640344619751,1.0488179922103882,0.96334397792816162,0.99698799848556519,430869287
2021-07-13T00:00:00.000000Z,0.99574702978134155,0.99574702978134155,0.93844097852706909,0.94566398859024048,365205018
2021-07-14T00:00:00.000000Z,0.94585299491882324,0.96498197317123413,0.87182801961898804,0.92869597673416138,523726158
2021-07-15T00:00:00.000000Z,0.92969602346420288,0.94516998529434204,0.85825401544570923,0.87678200006484985,395226772
2021-07-16T00:00:00.000000Z,0.87821602821350098,0.89725798368453979,0.81081497669219971,0.81261402368545532,457749814
2021-07-17T00:00:00.000000Z,0.81137502193450928,0.8213689923286438,0.78357499837875366,0.80146098136901855,421592446
2021-07-18T00:00:00.000000Z,0.80165302753448486,0.85862797498703003,0.78980398178100586,0.79545700550079346,404667080
2021-07-19T00:00:00.000000Z,0.794281005859375,0.79941600561141968,0.72879999876022339,0.73072797060012817,393350081
2021-07-20T00:00:00.000000Z,0.73326897621154785,0.73816502094268799,0.62407702207565308,0.6901010274887085,953798836
2021-07-21T00:00:00.000000Z,0.68899697065353394,0.93970698118209839,0.66943502426147461,0.88800901174545288,2106021346
2021-07-22T00:00:00.000000Z,0.8888930082321167,0.92812198400497437,0.84406197071075439,0.88055098056793213,1369987199
2021-07-23T00:00:00.000000Z,0.88117498159408569,0.95564901828765869,0.86018002033233643,0.94923001527786255,984378205
2021-07-24T00:00:00.000000Z,0.94850301742553711,0.98492199182510376,0.91171300411224365,0.94932502508163452,769444027
2021-07-25T00:00:00.000000Z,0.94859600067138672,0.96442699432373047,0.88730800151824951,0.93994301557540894,600985079
2021-07-26T00:00:00.000000Z,0.93967998027801514,1.1334619522094727,0.93446898460388184,1.0178860425949097,1931636034
2021-07-27T00:00:00.000000Z,1.0155529975891113,1.0623749494552612,0.93901902437210083,1.0398199558258057,1313155904
2021-07-28T00:00:00.000000Z,1.0426009893417358,1.0581419467926025,0.99328702688217163,1.015442967414856,927615842
2021-07-29T00:00:00.000000Z,1.0167510509490967,1.0418000221252441,0.99200600385665894,1.025704026222229,469026617
2021-07-30T00:00:00.000000Z,1.0277659893035889,1.0702999830245972,0.99794000387191772,1.0694069862365723,718792140
2021-07-31T00:00:00.000000Z,1.0676610469818115,1.0990719795227051,1.0256010293960571,1.0826489925384521,667661361
2021-08-01T00:00:00.000000Z,1.08296799659729,1.1346650123596191,1.0436320304870605,1.0524740219116211,797582648
2021-08-02T00:00:00.000000Z,1.0498759746551514,1.079503059387207,1.0209670066833496,1.0481859445571899,570342629
2021-08-03T00:00:00.000000Z,1.0462809801101685,1.0594969987869263,1.0069340467453003,1.0187950134277344,467084981
2021-08-04T00:00:00.000000Z,1.0230309963226318,1.0708279609680176,1.0096909999847412,1.0526820421218872,518285126
2021-08-05T00:00:00.000000Z,1.0539009571075439,1.0741369724273682,1.0120999813079834,1.0649449825286865,621282689
2021-08-06T00:00:00.000000Z,1.0655670166015625,1.0973000526428223,1.0367690324783325,1.0808219909667969,603613586
2021-08-07T00:00:00.000000Z,1.0808010101318359,1.1948070526123047,1.0695869922637939,1.1661390066146851,1110079229
2021-08-08T00:00:00.000000Z,1.1669280529022217,1.1791590452194214,1.0712720155715942,1.0809069871902466,703610531
2021-08-09T00:00:00.000000Z,1.0816839933395386,1.1574389934539795,1.0392769575119019,1.1276340484619141,736205594
2021-08-10T00:00:00.000000Z,1.1268060207366943,1.1778709888458252,1.1089940071105957,1.1575889587402344,827611523
2021-08-11T00:00:00.000000Z,1.1574850082397461,1.4268729686737061,1.1531319618225098,1.373568058013916,2204620649
2021-08-12T00:00:00.000000Z,1.3728890419006348,1.477694034576416,1.2614309787750244,1.3210190534591675,1812149732
2021-08-13T00:00:00.000000Z,1.3236490488052368,1.513185977935791,1.3180780410766602,1.513185977935791,1667275350
2021-08-14T00:00:00.000000Z,1.5107719898223877,1.5107719898223877,1.4082189798355103,1.4417589902877808,1077737165
2021-08-15T00:00:00.000000Z,1.442296028137207,1.4841439723968506,1.3717759847640991,1.466439962387085,872957127
2021-08-16T00:00:00.000000Z,1.4675840139389038,1.5571210384368896,1.4180439710617065,1.4275130033493042,1227247699
2021-08-17T00:00:00.000000Z,1.420477032661438,1.531898021697998,1.3384929895401001,1.3517589569091797,1252398476
2021-08-18T00:00:00.000000Z,1.3491029739379883,1.4066200256347656,1.2883780002593994,1.3385469913482666,1067665316
2021-08-19T00:00:00.000000Z,1.3362540006637573,1.4692679643630981,1.3024640083312988,1.4692679643630981,996384921
2021-08-20T00:00:00.000000Z,1.468938946723938,1.566789984703064,1.4526749849319458,1.5527429580688477,1297684727
2021-08-21T00:00:00.000000Z,1.5505030155181885,1.7004239559173584,1.516010046005249,1.5849740505218506,1570905054
2021-08-22T00:00:00.000000Z,1.5847489833831787,1.6689239740371704,1.5618269443511963,1.6261750459671021,1161537492
2021-08-23T00:00:00.000000Z,1.6246190071105957,1.6846330165863037,1.5914340019226074,1.6242959499359131,991583514
2021-08-24T00:00:00.000000Z,1.6264549493789673,1.6304939985275269,1.4399679899215698,1.4747469425201416,1042021630
2021-08-25T00:00:00.000000Z,1.4755630493164062,1.5525710582733154,1.4207789897918701,1.5259510278701782,889188383
2021-08-26T00:00:00.000000Z,1.5285270214080811,1.5477149486541748,1.3716150522232056,1.3777389526367188,909479259
2021-08-27T00:00:00.000000Z,1.3738800287246704,1.5206069946289062,1.3527729511260986,1.5154930353164673,992502714
2021-08-28T00:00:00.000000Z,1.5193929672241211,1.5284500122070312,1.4443659782409668,1.4579119682312012,685991618
2021-08-29T00:00:00.000000Z,1.4579819440841675,1.4825370311737061,1.3988310098648071,1.4207819700241089,643115451
2021-08-30T00:00:00.000000Z,1.4208199977874756,1.4227069616317749,1.3120410442352295,1.3139029741287231,852170692
2021-08-31T00:00:00.000000Z,1.3167639970779419,1.4165480136871338,1.3030040264129639,1.3381040096282959,1024769364
2021-09-01T00:00:00.000000Z,1.3378260135650635,1.4963090419769287,1.3115470409393311,1.471418023109436,1549697810
2021-09-02T00:00:00.000000Z,1.4694520235061646,1.5187519788742065,1.4347970485687256,1.4467209577560425,1176106004
2021-09-03T00:00:00.000000Z,1.4465090036392212,1.4974919557571411,1.4067410230636597,1.4592169523239136,945475604
2021-09-04T00:00:00.000000Z,1.4572999477386475,1.7435499429702759,1.4468729496002197,1.7339099645614624,2259132026
2021-09-05T00:00:00.000000Z,1.7405029535293579,1.7980970144271851,1.6358799934387207,1.679481029510498,2222482139
2021-09-06T00:00:00.000000Z,1.6804020404815674,1.7173349857330322,1.570235013961792,1.6438280344009399,1604856454
2021-09-07T00:00:00.000000Z,1.6438720226287842,1.6956160068511963,1.1250560283660889,1.3542020320892334,2936052984
2021-09-08T00:00:00.000000Z,1.3577909469604492,1.3807070255279541,1.1924569606781006,1.3333350419998169,2142597087
2021-09-09T00:00:00.000000Z,1.2917920351028442,1.4495600461959839,1.2870769500732422,1.3671890497207642,1705671098
2021-09-10T00:00:00.000000Z,1.3672490119934082,1.4620779752731323,1.2697039842605591,1.3044799566268921,1487477154
2021-09-11T00:00:00.000000Z,1.3035819530487061,1.3697110414505005,1.2799500226974487,1.3154699802398682,926297392
2021-09-12T00:00:00.000000Z,1.3172119855880737,1.3723349571228027,1.2888970375061035,1.3297380208969116,808860700
2021-09-13T00:00:00.000000Z,1.3298059701919556,1.3473149538040161,1.2014609575271606,1.2476099729537964,962125239
2021-09-14T00:00:00.000000Z,1.2474859952926636,1.3454799652099609,1.2356040477752686,1.316789984703064,906693116
2021-09-15T00:00:00.000000Z,1.3176460266113281,1.419530987739563,1.3176350593566895,1.4163730144500732,858891824
2021-09-16T00:00:00.000000Z,1.4165569543838501,1.4965629577636719,1.3497539758682251,1.3835799694061279,1223168231
2021-09-17T00:00:00.000000Z,1.3846570253372192,1.4403549432754517,1.3039519786834717,1.422435998916626,1109643018
2021-09-18T00:00:00.000000Z,1.4205629825592041,1.4394530057907104,1.3377399444580078,1.3662420511245728,816580424
2021-09-19T00:00:00.000000Z,1.3643170595169067,1.3692439794540405,1.3030129671096802,1.3145459890365601,654857399
2021-09-20T00:00:00.000000Z,1.314702033996582,1.3183009624481201,1.10338294506073,1.1263760328292847,1277440802
2021-09-21T00:00:00.000000Z,1.1348530054092407,1.1861170530319214,1.018623948097229,1.0469009876251221,1167943054
2021-09-22T00:00:00.000000Z,1.0459790229797363,1.2318459749221802,1.0303629636764526,1.2311539649963379,1077491930
2021-09-23T00:00:00.000000Z,1.230167031288147,1.2449630498886108,1.1791729927062988,1.2255940437316895,739360694
2021-09-24T00:00:00.000000Z,1.2255610227584839,1.2308030128479004,1.061959981918335,1.1289069652557373,882273994
2021-09-25T00:00:00.000000Z,1.1269840002059937,1.1447830200195312,1.0853589773178101,1.1222749948501587,692984880
2021-09-26T00:00:00.000000Z,1.1231930255889893,1.1661339998245239,1.0341830253601074,1.1230150461196899,793300901
2021-09-27T00:00:00.000000Z,1.1248689889907837,1.1686609983444214,1.08371901512146,1.0866930484771729,642955331
2021-09-28T00:00:00.000000Z,1.0848280191421509,1.1125149726867676,1.0474400520324707,1.0503549575805664,555507935
2021-09-29T00:00:00.000000Z,1.0512230396270752,1.1114699840545654,1.0454039573669434,1.0994160175323486,579309057
2021-09-30T00:00:00.000000Z,1.1002899408340454,1.1491309404373169,1.0963829755783081,1.1271090507507324,625455858
2021-10-01T00:00:00.000000Z,1.1271020174026489,1.2681399583816528,1.1262830495834351,1.2661950588226318,954137490
2021-10-02T00:00:00.000000Z,1.2652859687805176,1.3542850017547607,1.2238110303878784,1.2966170310974121,867675302
2021-10-03T00:00:00.000000Z,1.2945339679718018,1.3445420265197754,1.2767529487609863,1.3253790140151978,830568657
2021-10-04T00:00:00.000000Z,1.326274037361145,1.326274037361145,1.2401020526885986,1.2719099521636963,809824205
2021-10-05T00:00:00.000000Z,1.2747670412063599,1.3382120132446289,1.2663730382919312,1.3145439624786377,736824008
2021-10-06T00:00:00.000000Z,1.3154879808425903,1.318295955657959,1.2063909769058228,1.2576429843902588,865263448
2021-10-07T00:00:00.000000Z,1.2575060129165649,1.3102439641952515,1.2298519611358643,1.2765079736709595,833762688
2021-10-08T00:00:00.000000Z,1.274651050567627,1.4351240396499634,1.2714359760284424,1.3440279960632324,1257107167
2021-10-09T00:00:00.000000Z,1.3412489891052246,1.3830039501190186,1.329355001449585,1.351140022277832,764580435
2021-10-10T00:00:00.000000Z,1.35099196434021,1.3581149578094482,1.2406140565872192,1.2481750249862671,677169882
2021-10-11T00:00:00.000000Z,1.2464289665222168,1.3071980476379395,1.2170519828796387,1.24372398853302,639348221
2021-10-12T00:00:00.000000Z,1.2429120540618896,1.2429490089416504,1.153656005859375,1.2238709926605225,713982715
2021-10-13T00:00:00.000000Z,1.2230449914932251,1.2601829767227173,1.1920069456100464,1.2411179542541504,623087088
2021-10-14T00:00:00.000000Z,1.2410949468612671,1.2888000011444092,1.2291610240936279,1.2630540132522583,612129553
2021-10-15T00:00:00.000000Z,1.2640260457992554,1.6204990148544312,1.2339839935302734,1.583204984664917,4474715079
2021-10-16T00:00:00.000000Z,1.5891720056533813,1.5966880321502686,1.4903750419616699,1.506134033203125,1446888418
2021-10-17T00:00:00.000000Z,1.5051440000534058,1.5438799858093262,1.4085930585861206,1.4565349817276001,776742623
2021-10-18T00:00:00.000000Z,1.4565279483795166,1.6144750118255615,1.4435759782791138,1.4791159629821777,1543649297
2021-10-19T00:00:00.000000Z,1.4800570011138916,1.5236220359802246,1.4361549615859985,1.471904993057251,819724131
2021-10-20T00:00:00.000000Z,1.471904993057251,1.5478709936141968,1.4463189840316772,1.5318690538406372,927562804
2021-10-21T00:00:00.000000Z,1.5339920520782471,1.6252900362014771,1.4837110042572021,1.5044549703598022,1126211523
2021-10-22T00:00:00.000000Z,1.5063300132751465,1.5771640539169312,1.4943939447402954,1.5140930414199829,929627491
2021-10-23T00:00:00.000000Z,1.5160410404205322,1.6743839979171753,1.498337984085083,1.6419179439544678,1350704371
2021-10-24T00:00:00.000000Z,1.6427830457687378,1.6448700428009033,1.52715003490448,1.5737379789352417,940179787
2021-10-25T00:00:00.000000Z,1.5717530250549316,1.6812690496444702,1.5645869970321655,1.6744489669799805,1015203405
2021-10-26T00:00:00.000000Z,1.6724530458450317,1.8558230400085449,1.6566410064697266,1.7360249757766724,1906328412
2021-10-27T00:00:00.000000Z,1.7340810298919678,1.9347929954528809,1.6088650226593018,1.7599420547485352,3398874364
2021-10-28T00:00:00.000000Z,1.7569129467010498,2.176361083984375,1.7569129467010498,2.1285099983215332,3884078138
2021-10-29T00:00:00.000000Z,2.135261058807373,2.2164158821105957,1.9194669723510742,2.0205719470977783,2750490936
2021-10-30T00:00:00.000000Z,2.0188729763031006,2.0253720283508301,1.8320560455322266,1.8681089878082275,1433364582
2021-10-31T00:00:00.000000Z,1.8682670593261719,1.9773509502410889,1.8021049499511719,1.9350030422210693,1537180900
2021-11-01T00:00:00.000000Z,1.9405800104141235,1.9708770513534546,1.8441250324249268,1.9038970470428467,1201666926
2021-11-02T00:00:00.000000Z,1.9056090116500854,1.9697240591049194,1.8655019998550415,1.9375050067901611,1218148029
2021-11-03T00:00:00.000000Z,1.9385600090026855,2.148935079574585,1.9385600090026855,2.0345981121063232,2039111745
2021-11-04T00:00:00.000000Z,2.035599946975708,2.0384979248046875,1.8661270141601562,1.9170409440994263,1274036123
2021-11-05T00:00:00.000000Z,1.918781042098999,1.9510790109634399,1.8702199459075928,1.9014639854431152,816606444
2021-11-06T00:00:00.000000Z,1.8995449542999268,1.9266480207443237,1.8138320446014404,1.8848860263824463,732369721
2021-11-07T00:00:00.000000Z,1.8861030340194702,1.9146360158920288,1.8541090488433838,1.8841120004653931,647295001
2021-11-08T00:00:00.000000Z,1.8878849744796753,1.9388589859008789,1.8677899837493896,1.8940470218658447,1041094531
2021-11-09T00:00:00.000000Z,1.8930820226669312,1.8955329656600952,1.7578870058059692,1.77646803855896,1280583757
2021-11-10T00:00:00.000000Z,1.7746820449829102,1.8920639753341675,1.5515259504318237,1.7056560516357422,1617335024
2021-11-11T00:00:00.000000Z,1.7045209407806396,1.7886830568313599,1.6657639741897583,1.7595410346984863,975172367
2021-11-12T00:00:00.000000Z,1.7564409971237183,1.7776859998703003,1.6384530067443848,1.7157000303268433,879043211
2021-11-13T00:00:00.000000Z,1.7158609628677368,1.7693350315093994,1.698511004447937,1.754876971244812,650997876
2021-11-14T00:00:00.000000Z,1.7529430389404297,1.7746740579605103,1.6883699893951416,1.7296680212020874,622632118
2021-11-15T00:00:00.000000Z,1.7300039529800415,1.7661169767379761,1.6917239427566528,1.6917239427566528,671140082
2021-11-16T00:00:00.000000Z,1.6959899663925171,1.6959899663925171,1.474141001701355,1.5629819631576538,1289977777
2021-11-17T00:00:00.000000Z,1.5627390146255493,1.6715760231018066,1.5010509490966797,1.6347359418869019,1120693388
2021-11-18T00:00:00.000000Z,1.638232946395874,1.6795010566711426,1.4492019414901733,1.4982490539550781,1037256554
2021-11-19T00:00:00.000000Z,1.4944729804992676,1.6255290508270264,1.4814139604568481,1.6179649829864502,816043046
2021-11-20T00:00:00.000000Z,1.6178109645843506,1.6792470216751099,1.5634980201721191,1.6646909713745117,755911362
2021-11-21T00:00:00.000000Z,1.6656960248947144,1.6673810482025146,1.5992950201034546,1.6024030447006226,587625385
2021-11-22T00:00:00.000000Z,1.6010349988937378,1.6179790496826172,1.5292290449142456,1.5584119558334351,729095002
2021-11-23T00:00:00.000000Z,1.5601320266723633,1.7619930505752563,1.5453289747238159,1.7532110214233398,1142625090
2021-11-24T00:00:00.000000Z,1.7512049674987793,1.8301860094070435,1.6610239744186401,1.680279016494751,1186647404
2021-11-25T00:00:00.000000Z,1.6872429847717285,1.9320659637451172,1.6710549592971802,1.7870880365371704,1498060646
2021-11-26T00:00:00.000000Z,1.9270230531692505,1.9654439687728882,1.5963150262832642,1.6318609714508057,1791674309
2021-11-27T00:00:00.000000Z,1.6389720439910889,1.7261420488357544,1.5898549556732178,1.6140400171279907,924455422
2021-11-28T00:00:00.000000Z,1.6160720586776733,1.6664170026779175,1.5108870267868042,1.6518399715423584,934302637
2021-11-29T00:00:00.000000Z,1.653486967086792,1.8301099538803101,1.6295160055160522,1.8178249597549438,1112618280
2021-11-30T00:00:00.000000Z,1.8182359933853149,1.8711669445037842,1.7011569738388062,1.785351037979126,1429741637
2021-12-01T00:00:00.000000Z,1.7831929922103882,2.0951220989227295,1.7757769823074341,2.0082979202270508,2527343019
2021-12-02T00:00:00.000000Z,2.0063729286193848,2.2032990455627441,1.9527000188827515,2.1272881031036377,3679081051
2021-12-03T00:00:00.000000Z,2.1272099018096924,2.400162935256958,2.0822610855102539,2.2680299282073975,4686886096
2021-12-04T00:00:00.000000Z,2.279249906539917,2.3166511058807373,1.5586980581283569,1.9803060293197632,4687656407
2021-12-05T00:00:00.000000Z,1.9773449897766113,2.1990869045257568,1.8889100551605225,2.0456020832061768,3609200610
2021-12-06T00:00:00.000000Z,2.0534770488739014,2.3153390884399414,1.7192840576171875,2.2797110080718994,4448366364
2021-12-07T00:00:00.000000Z,2.2844479084014893,2.5124731063842773,2.2408499717712402,2.3664760589599609,5009697353
2021-12-08T00:00:00.000000Z,2.3510630130767822,2.5748410224914551,2.2325699329376221,2.4187300205230713,4615516373
2021-12-09T00:00:00.000000Z,2.4171440601348877,2.4406740665435791,2.0649709701538086,2.0902779102325439,3597671922
2021-12-10T00:00:00.000000Z,2.0891549587249756,2.2894918918609619,2.0469930171966553,2.0976738929748535,3509992131
2021-12-11T00:00:00.000000Z,2.1003820896148682,2.1656548976898193,2.0206151008605957,2.1325159072875977,2085837502
2021-12-12T00:00:00.000000Z,2.136991024017334,2.1427268981933594,2.0329470634460449,2.0869889259338379,1348386846
2021-12-13T00:00:00.000000Z,2.0870850086212158,2.0937058925628662,1.7546709775924683,1.8202769756317139,2267821499
2021-12-14T00:00:00.000000Z,1.8184210062026978,1.9465659856796265,1.7449860572814941,1.8027689456939697,2323550894
2021-12-15T00:00:00.000000Z,1.9428349733352661,2.2204940319061279,1.8350460529327393,2.1220600605010986,3408032714
2021-12-16T00:00:00.000000Z,2.1306281089782715,2.2066099643707275,2.0687460899353027,2.0726890563964844,2342715249
2021-12-17T00:00:00.000000Z,2.0711400508880615,2.1559550762176514,1.9454439878463745,2.1280679702758789,2211957372
2021-12-18T00:00:00.000000Z,2.1330149173736572,2.2605710029602051,2.0609951019287109,2.2314739227294922,2120162669
2021-12-19T00:00:00.000000Z,2.231205940246582,2.2906229496002197,2.1690709590911865,2.2222359180450439,1597030216
2021-12-20T00:00:00.000000Z,2.2225420475006104,2.2495729923248291,2.0494589805603027,2.1277420520782471,1829848362
2021-12-21T00:00:00.000000Z,2.126939058303833,2.3979339599609375,2.1107609272003174,2.3759849071502686,2302408030
2021-12-22T00:00:00.000000Z,2.3743860721588135,2.6514379978179932,2.3743860721588135,2.501101016998291,3483188693
2021-12-23T00:00:00.000000Z,2.5019309520721436,2.7317819595336914,2.4761528968811035,2.6791629791259766,3779826295
2021-12-24T00:00:00.000000Z,2.6824040412902832,2.6824040412902832,2.4292099475860596,2.4672729969024658,2071968314
2021-12-25T00:00:00.000000Z,2.4701440334320068,2.6867380142211914,2.4419999122619629,2.6368279457092285,1544073308
2021-12-26T00:00:00.000000Z,2.6396639347076416,2.888084888458252,2.617656946182251,2.8767569065093994,3214825308
2021-12-27T00:00:00.000000Z,2.8764588832855225,2.9232349395751953,2.712709903717041,2.7259540557861328,1993085412
2021-12-28T00:00:00.000000Z,2.7275218963623047,2.7299098968505859,2.4551460742950439,2.4982059001922607,2817594927
2021-12-29T00:00:00.000000Z,2.4939630031585693,2.6152839660644531,2.4140510559082031,2.470005989074707,2551425027
2021-12-30T00:00:00.000000Z,2.4766418933868408,2.5971839427947998,2.4191639423370361,2.557750940322876,1935378928
2021-12-31T00:00:00.000000Z,2.5570030212402344,2.6665349006652832,2.4485659599304199,2.5271070003509521,1700013705
2022-01-01T00:00:00.000000Z,2.527817964553833,2.6014680862426758,2.5114820003509521,2.5747909545898438,985893783
2022-01-02T00:00:00.000000Z,2.574260950088501,2.5766420364379883,2.5090711116790771,2.5491900444030762,944553719
2022-01-03T00:00:00.000000Z,2.5491559505462646,2.5499410629272461,2.3881409168243408,2.4326519966125488,1210619278
2022-01-04T00:00:00.000000Z,2.4342339038848877,2.5008730888366699,2.3631260395050049,2.3672480583190918,1397576848
2022-01-05T00:00:00.000000Z,2.3671989440917969,2.4472870826721191,2.0563681125640869,2.1954751014709473,1859987978
2022-01-06T00:00:00.000000Z,2.1949269771575928,2.2841200828552246,2.0771110057830811,2.2507801055908203,2021304260
2022-01-07T00:00:00.000000Z,2.25018310546875,2.2597599029541016,2.0489919185638428,2.0538260936737061,1901375449
2022-01-08T00:00:00.000000Z,2.0538210868835449,2.1407279968261719,1.9154889583587646,1.9958599805831909,1354628316
2022-01-09T00:00:00.000000Z,1.995514988899231,2.1633388996124268,1.9761170148849487,2.1155180931091309,1097561124
2022-01-10T00:00:00.000000Z,2.1154310703277588,2.1452100276947021,1.9371559619903564,2.0718019008636475,1580821791
2022-01-11T00:00:00.000000Z,2.0718729496002197,2.3626840114593506,2.0543389320373535,2.3569450378417969,2173934503
2022-01-12T00:00:00.000000Z,2.357820987701416,2.441195011138916,2.3137590885162354,2.3925909996032715,1879726038
2022-01-13T00:00:00.000000Z,2.392827033996582,2.4348700046539307,2.2492659091949463,2.2633171081542969,1536186797
2022-01-14T00:00:00.000000Z,2.2638149261474609,2.3467679023742676,2.1902260780334473,2.3377270698547363,1284256560
2022-01-15T00:00:00.000000Z,2.3376069068908691,2.3960530757904053,2.3055129051208496,2.3536930084228516,878571421
2022-01-16T00:00:00.000000Z,2.3529090881347656,2.3680000305175781,2.2911190986633301,2.3298220634460449,750509306
2022-01-17T00:00:00.000000Z,2.3302500247955322,2.4451379776000977,2.1738579273223877,2.2219700813293457,1652189536
2022-01-18T00:00:00.000000Z,2.2218389511108398,2.2422120571136475,2.0869600772857666,2.1284389495849609,1475708073
2022-01-19T00:00:00.000000Z,2.1279740333557129,2.1383769512176514,2.0215919017791748,2.0359780788421631,1318686617
2022-01-20T00:00:00.000000Z,2.0356988906860352,2.1887478828430176,1.9600770473480225,1.9603730440139771,824202447
2022-01-21T00:00:00.000000Z,1.9613339900970459,2.0217719078063965,1.6584279537200928,1.6989899873733521,2195018010
2022-01-22T00:00:00.000000Z,1.6995910406112671,1.7527790069580078,1.4211430549621582,1.5306229591369629,2427596173
2022-01-23T00:00:00.000000Z,1.5318520069122314,1.6658589839935303,1.5183169841766357,1.6162480115890503,1387537184
2022-01-24T00:00:00.000000Z,1.6163320541381836,1.6163320541381836,1.3139610290527344,1.5075730085372925,2369012535
2022-01-25T00:00:00.000000Z,1.5077110528945923,1.6062419414520264,1.4168809652328491,1.5585379600524902,1547658922
2022-01-26T00:00:00.000000Z,1.5583410263061523,1.8104890584945679,1.5329200029373169,1.5910550355911255,2349315414
2022-01-27T00:00:00.000000Z,1.5906690359115601,1.660038948059082,1.5025949478149414,1.591683030128479,1535313776
2022-01-28T00:00:00.000000Z,1.5905810594558716,1.6973869800567627,1.5694890022277832,1.6792169809341431,1490168757
2022-01-29T00:00:00.000000Z,1.6787339448928833,1.7367219924926758,1.6555249691009521,1.6949640512466431,888150000
2022-01-30T00:00:00.000000Z,1.6952550411224365,1.7076959609985352,1.5806989669799805,1.6053299903869629,823938936
2022-01-31T00:00:00.000000Z,1.6056150197982788,1.6507339477539062,1.5327210426330566,1.6439210176467896,913619284
2022-02-01T00:00:00.000000Z,1.6439130306243896,1.6764940023422241,1.6222109794616699,1.6475930213928223,945559197
2022-02-02T00:00:00.000000Z,1.6477559804916382,1.6619889736175537,1.5334210395812988,1.5418850183486938,828911083
2022-02-03T00:00:00.000000Z,1.5415370464324951,1.550246000289917,1.485929012298584,1.550246000289917,806820755
2022-02-04T00:00:00.000000Z,1.5496369600296021,1.6908299922943115,1.5389089584350586,1.6908299922943115,960235728
2022-02-05T00:00:00.000000Z,1.6911449432373047,1.7547190189361572,1.6790499687194824,1.7143599987030029,917069286
2022-02-06T00:00:00.000000Z,1.7144420146942139,1.752269983291626,1.6748930215835571,1.7399510145187378,692969600
2022-02-07T00:00:00.000000Z,1.7397650480270386,2.0756809711456299,1.703137993812561,2.0191419124603271,2150764551
2022-02-08T00:00:00.000000Z,2.0202000141143799,2.0434811115264893,1.8656870126724243,1.9486140012741089,1835279905
2022-02-09T00:00:00.000000Z,1.9471709728240967,2.0559840202331543,1.8963789939880371,2.0427680015563965,1429153482
2022-02-10T00:00:00.000000Z,2.0424931049346924,2.0424931049346924,1.8866590261459351,1.8958829641342163,1977316273
2022-02-11T00:00:00.000000Z,1.8962999582290649,1.8974449634552002,1.6834789514541626,1.7146209478378296,1779123711
2022-02-12T00:00:00.000000Z,1.7146910429000854,1.7621719837188721,1.6549049615859985,1.6995110511779785,1053381539
2022-02-13T00:00:00.000000Z,1.699193000793457,1.7208930253982544,1.6484969854354858,1.6700210571289062,692184777
2022-02-14T00:00:00.000000Z,1.6681610345840454,1.6759949922561646,1.6026779413223267,1.658877968788147,1066674333
2022-02-15T00:00:00.000000Z,1.6588449478149414,1.8717559576034546,1.6559599637985229,1.8628549575805664,1226641281
2022-02-16T00:00:00.000000Z,1.8632869720458984,1.8721319437026978,1.7564699649810791,1.8385260105133057,1194666956
2022-02-17T00:00:00.000000Z,1.8379050493240356,1.8611149787902832,1.6527010202407837,1.6568700075149536,1137626487
2022-02-18T00:00:00.000000Z,1.6584980487823486,1.7111760377883911,1.5869090557098389,1.5955140590667725,1018489090
2022-02-19T00:00:00.000000Z,1.5953830480575562,1.640794038772583,1.5658539533615112,1.6318349838256836,641146699
2022-02-20T00:00:00.000000Z,1.6318459510803223,1.6339750289916992,1.5008740425109863,1.5158489942550659,846724841
2022-02-21T00:00:00.000000Z,1.5151269435882568,1.6136389970779419,1.4058170318603516,1.4087870121002197,1583251489
2022-02-22T00:00:00.000000Z,1.408424973487854,1.4710659980773926,1.3560919761657715,1.4644759893417358,1347670062
2022-02-23T00:00:00.000000Z,1.4642529487609863,1.5879499912261963,1.4423739910125732,1.4423739910125732,1457761250
2022-02-24T00:00:00.000000Z,1.441228985786438,1.4905829429626465,1.2530779838562012,1.4395929574966431,2679134468
2022-02-25T00:00:00.000000Z,1.4398399591445923,1.5719449520111084,1.4112390279769897,1.5506500005722046,1599951072
2022-02-26T00:00:00.000000Z,1.5506559610366821,1.5857319831848145,1.5081080198287964,1.5152939558029175,898567950
2022-02-27T00:00:00.000000Z,1.515084981918335,1.5434709787368774,1.432947039604187,1.4530019760131836,1047102113
2022-02-28T00:00:00.000000Z,1.4525400400161743,1.6111910343170166,1.4305620193481445,1.6111910343170166,1205482070
2022-03-01T00:00:00.000000Z,1.6114540100097656,1.6608220338821411,1.5646950006484985,1.621351957321167,1420105585
2022-03-02T00:00:00.000000Z,1.621319055557251,1.6936860084533691,1.5862009525299072,1.6352449655532837,1415870294
2022-03-03T00:00:00.000000Z,1.635496973991394,1.6489789485931396,1.5502769947052002,1.5844130516052246,990710018
2022-03-04T00:00:00.000000Z,1.5848560333251953,1.5852320194244385,1.4587080478668213,1.4749460220336914,978462899
2022-03-05T00:00:00.000000Z,1.4754500389099121,1.5146579742431641,1.4535499811172485,1.5082659721374512,559768269
2022-03-06T00:00:00.000000Z,1.5083169937133789,1.5174959897994995,1.4366979598999023,1.4366979598999023,578861412
2022-03-07T00:00:00.000000Z,1.43681800365448,1.4942350387573242,1.3785669803619385,1.416363000869751,1012797548
2022-03-08T00:00:00.000000Z,1.4162640571594238,1.4727710485458374,1.4089699983596802,1.4452840089797974,896799907
2022-03-09T00:00:00.000000Z,1.4456490278244019,1.5405850410461426,1.4456490278244019,1.5068169832229614,988921763
2022-03-10T00:00:00.000000Z,1.506553053855896,1.5094720125198364,1.4114229679107666,1.4391969442367554,949122528
2022-03-11T00:00:00.000000Z,1.4390970468521118,1.4696550369262695,1.4065040349960327,1.4065040349960327,822568507
2022-03-12T00:00:00.000000Z,1.4065090417861938,1.4333260059356689,1.3967560529708862,1.3994849920272827,490928601
2022-03-13T00:00:00.000000Z,1.3990650177001953,1.4176299571990967,1.3587620258331299,1.3628760576248169,443402681
2022-03-14T00:00:00.000000Z,1.3627359867095947,1.3914569616317749,1.3350050449371338,1.3778990507125854,752768010
2022-03-15T00:00:00.000000Z,1.3778460025787354,1.4072170257568359,1.3362369537353516,1.3801959753036499,651542710
2022-03-16T00:00:00.000000Z,1.3800560235977173,1.4685089588165283,1.3577009439468384,1.4683589935302734,889458609
2022-03-17T00:00:00.000000Z,1.4682329893112183,1.4951330423355103,1.4404469728469849,1.4491109848022461,676449034
2022-03-18T00:00:00.000000Z,1.4486969709396362,1.507794976234436,1.4209599494934082,1.4995549917221069,668540821
2022-03-19T00:00:00.000000Z,1.4993129968643188,1.5388239622116089,1.4979269504547119,1.5280710458755493,652091500
2022-03-20T00:00:00.000000Z,1.5281840562820435,1.534608006477356,1.4616570472717285,1.4639190435409546,526734391
2022-03-21T00:00:00.000000Z,1.4638520479202271,1.4957200288772583,1.4469189643859863,1.4664930105209351,588441134
2022-03-22T00:00:00.000000Z,1.4662539958953857,1.5300129652023315,1.4608319997787476,1.5054479837417603,730610243
2022-03-23T00:00:00.000000Z,1.5054980516433716,1.5568259954452515,1.4954260587692261,1.5563030242919922,710942406
2022-03-24T00:00:00.000000Z,1.5562069416046143,1.6345160007476807,1.5477490425109863,1.6287649869918823,980186016
2022-03-25T00:00:00.000000Z,1.6287670135498047,1.6609799861907959,1.5716409683227539,1.5795730352401733,766975763
2022-03-26T00:00:00.000000Z,1.5796010494232178,1.6134010553359985,1.5727620124816895,1.6108030080795288,446969054
2022-03-27T00:00:00.000000Z,1.6108319759368896,1.6935620307922363,1.6050159931182861,1.6934809684753418,607365423
2022-03-28T00:00:00.000000Z,1.693560004234314,1.7428159713745117,1.659060001373291,1.6603870391845703,856594012
2022-03-29T00:00:00.000000Z,1.6596750020980835,1.7337340116500854,1.6423640251159668,1.6747870445251465,839051724
2022-03-30T00:00:00.000000Z,1.6747599840164185,1.724450945854187,1.6358619928359985,1.6846189498901367,826807407
2022-03-31T00:00:00.000000Z,1.6842210292816162,1.7457929849624634,1.6142209768295288,1.6172859668731689,958791018
2022-04-01T00:00:00.000000Z,1.6177519559860229,1.7095609903335571,1.569445013999939,1.6939140558242798,895563591
2022-04-02T00:00:00.000000Z,1.6940200328826904,1.7258780002593994,1.6536329984664917,1.6540249586105347,749914594
2022-04-03T00:00:00.000000Z,1.6538079977035522,1.7108860015869141,1.6362110376358032,1.6888099908828735,595925446
2022-04-04T00:00:00.000000Z,1.6886190176010132,1.6886190176010132,1.6119159460067749,1.6499179601669312,661924401
2022-04-05T00:00:00.000000Z,1.6499840021133423,1.6742390394210815,1.5921000242233276,1.5929210186004639,568845904
2022-04-06T00:00:00.000000Z,1.5929000377655029,1.5931899547576904,1.4585429430007935,1.4587470293045044,867123003
2022-04-07T00:00:00.000000Z,1.4589029550552368,1.5186359882354736,1.4467270374298096,1.5140539407730103,596685968
2022-04-08T00:00:00.000000Z,1.5139310359954834,1.5261000394821167,1.4300819635391235,1.4357019662857056,552171258
2022-04-09T00:00:00.000000Z,1.4357689619064331,1.4656840562820435,1.4320930242538452,1.4643219709396362,378660128
2022-04-10T00:00:00.000000Z,1.4642590284347534,1.48853600025177,1.4334650039672852,1.4334650039672852,340128592
2022-04-11T00:00:00.000000Z,1.4326460361480713,1.4383529424667358,1.319532036781311,1.3331739902496338,668911504
2022-04-12T00:00:00.000000Z,1.3335260152816772,1.4717270135879517,1.3335260152816772,1.3928680419921875,805426805
2022-04-13T00:00:00.000000Z,1.3927329778671265,1.435884952545166,1.3738759756088257,1.420106053352356,616413598
2022-04-14T00:00:00.000000Z,1.4197579622268677,1.4419779777526855,1.3563439846038818,1.3726409673690796,601697104
2022-04-15T00:00:00.000000Z,1.372715950012207,1.3979359865188599,1.3709739446640015,1.396420955657959,407765536
2022-04-16T00:00:00.000000Z,1.39628005027771,1.4017180204391479,1.371616005897522,1.3909319639205933,312257705
2022-04-17T00:00:00.000000Z,1.3907649517059326,1.3907649517059326,1.3365470170974731,1.3400739431381226,340111263
2022-04-18T00:00:00.000000Z,1.3401030302047729,1.42386794090271,1.2998859882354736,1.4211549758911133,726096353
2022-04-19T00:00:00.000000Z,1.4211180210113525,1.4474519491195679,1.3967779874801636,1.4281760454177856,630841720
2022-04-20T00:00:00.000000Z,1.4282330274581909,1.4634499549865723,1.4013299942016602,1.4177440404891968,648103958
2022-04-21T00:00:00.000000Z,1.4177119731903076,1.465749979019165,1.3683700561523438,1.3798619508743286,652619938
2022-04-22T00:00:00.000000Z,1.3796969652175903,1.4967470169067383,1.3747999668121338,1.3991390466690063,1281222594
2022-04-23T00:00:00.000000Z,1.3991060256958008,1.4069440364837646,1.3508150577545166,1.3659709692001343,549446712
2022-04-24T00:00:00.000000Z,1.3657530546188354,1.373304009437561,1.3353650569915771,1.3442449569702148,420960265
2022-04-25T00:00:00.000000Z,1.3442330360412598,1.3544820547103882,1.2716779708862305,1.3526660203933716,713007261
2022-04-26T00:00:00.000000Z,1.3525220155715942,1.3593649864196777,1.2334229946136475,1.2428330183029175,616935925
2022-04-27T00:00:00.000000Z,1.2432750463485718,1.2889449596405029,1.2406649589538574,1.2576849460601807,530689528
2022-04-28T00:00:00.000000Z,1.257673978805542,1.2773679494857788,1.2301130294799805,1.2389039993286133,522202999
2022-04-29T00:00:00.000000Z,1.238752007484436,1.24468994140625,1.1322300434112549,1.1405789852142334,666945892
2022-04-30T00:00:00.000000Z,1.1406650543212891,1.1639089584350586,1.0295729637145996,1.0357500314712524,627531506
2022-05-01T00:00:00.000000Z,1.0356570482254028,1.1194310188293457,1.0247249603271484,1.1011639833450317,764724203
2022-05-02T00:00:00.000000Z,1.1011110544204712,1.1187800168991089,1.0432670116424561,1.0775909423828125,719881928
2022-05-03T00:00:00.000000Z,1.0776419639587402,1.1134040355682373,1.0600119829177856,1.0759589672088623,541950449
2022-05-04T00:00:00.000000Z,1.0759279727935791,1.1711430549621582,1.0738760232925415,1.1710319519042969,742971942
2022-05-05T00:00:00.000000Z,1.1709860563278198,1.1850850582122803,1.0354939699172974,1.0646909475326538,759187845
2022-05-06T00:00:00.000000Z,1.0644789934158325,1.0752619504928589,1.0223389863967896,1.0441329479217529,704670768
2022-05-07T00:00:00.000000Z,1.0441490411758423,1.064007043838501,1.0003540515899658,1.0212039947509766,618880005
2022-05-08T00:00:00.000000Z,1.02121901512146,1.0262809991836548,0.96559202671051025,0.97434502840042114,571608859
2022-05-09T00:00:00.000000Z,0.97440600395202637,0.99001497030258179,0.79941898584365845,0.82191497087478638,992729889
2022-05-10T00:00:00.000000Z,0.82076901197433472,0.98282700777053833,0.79971200227737427,0.89040899276733398,1574312271
2022-05-11T00:00:00.000000Z,0.89019602537155151,0.90869200229644775,0.61369597911834717,0.6662909984588623,1825527072
2022-05-12T00:00:00.000000Z,0.66687601804733276,0.70680302381515503,0.5084109902381897,0.6015390157699585,1212553919
2022-05-13T00:00:00.000000Z,0.600941002368927,0.74711298942565918,0.5936729907989502,0.6675419807434082,920972261
2022-05-14T00:00:00.000000Z,0.66763597726821899,0.70764398574829102,0.62031501531600952,0.68613898754119873,658971093
2022-05-15T00:00:00.000000Z,0.68608397245407104,0.73756599426269531,0.65891999006271362,0.73756599426269531,579515915
2022-05-16T00:00:00.000000Z,0.73751097917556763,0.73999899625778198,0.66508901119232178,0.67728197574615479,624793295
2022-05-17T00:00:00.000000Z,0.67731302976608276,0.73388499021530151,0.6771399974822998,0.72694200277328491,603630385
2022-05-18T00:00:00.000000Z,0.72694700956344604,0.73468899726867676,0.62757700681686401,0.62757700681686401,583536015
2022-05-19T00:00:00.000000Z,0.62727999687194824,0.66895002126693726,0.61470800638198853,0.65881699323654175,562277160
2022-05-20T00:00:00.000000Z,0.65869402885437012,0.6762930154800415,0.6206430196762085,0.63651001453399658,471529777
2022-05-21T00:00:00.000000Z,0.63643097877502441,0.65753501653671265,0.62634700536727905,0.64933902025222778,336382745
2022-05-22T00:00:00.000000Z,0.64949899911880493,0.68048197031021118,0.64339500665664673,0.67831200361251831,366281413
2022-05-23T00:00:00.000000Z,0.67797398567199707,0.69838500022888184,0.6417049765586853,0.64193898439407349,526180432
2022-05-24T00:00:00.000000Z,0.64203399419784546,0.66428899765014648,0.61570000648498535,0.66155397891998291,491165132
2022-05-25T00:00:00.000000Z,0.66167300939559937,0.67199498414993286,0.63135600090026855,0.64592701196670532,431704050
2022-05-26T00:00:00.000000Z,0.64604198932647705,0.65786200761795044,0.58438199758529663,0.60106098651885986,639244926
2022-05-27T00:00:00.000000Z,0.60075598955154419,0.60579198598861694,0.56731700897216797,0.57357597351074219,593527918
2022-05-28T00:00:00.000000Z,0.58393597602844238,0.5942389965057373,0.57219600677490234,0.58788400888442993,335254570
2022-05-29T00:00:00.000000Z,0.58789300918579102,0.59975200891494751,0.57632601261138916,0.5985490083694458,319839657
2022-05-30T00:00:00.000000Z,0.59852200746536255,0.65917599201202393,0.5967559814453125,0.65716797113418579,506811869
2022-05-31T00:00:00.000000Z,0.65714097023010254,0.68083101511001587,0.64779502153396606,0.66208702325820923,532469324
2022-06-01T00:00:00.000000Z,0.6621130108833313,0.66786998510360718,0.59302401542663574,0.60177797079086304,490354332
2022-06-02T00:00:00.000000Z,0.60148698091506958,0.62086600065231323,0.5936959981918335,0.61941498517990112,383387514
2022-06-03T00:00:00.000000Z,0.61943399906158447,0.61981201171875,0.57808601856231689,0.58991700410842896,313900785
2022-06-04T00:00:00.000000Z,0.5899919867515564,0.59864002466201782,0.57850098609924316,0.59565699100494385,216977139
2022-06-05T00:00:00.000000Z,0.59567099809646606,0.60589402914047241,0.58588999509811401,0.59794998168945312,248703613
2022-06-06T00:00:00.000000Z,0.59801399707794189,0.6536790132522583,0.59729099273681641,0.63250100612640381,443338176
2022-06-07T00:00:00.000000Z,0.63253402709960938,0.63253700733184814,0.58620399236679077,0.61665999889373779,388909824
2022-06-08T00:00:00.000000Z,0.61655598878860474,0.63025397062301636,0.6041719913482666,0.60742902755737305,311907113
2022-06-09T00:00:00.000000Z,0.60744798183441162,0.6497499942779541,0.60408997535705566,0.63366502523422241,587025588
2022-06-10T00:00:00.000000Z,0.63363701105117798,0.65913301706314087,0.59466099739074707,0.59499597549438477,498554578
2022-06-11T00:00:00.000000Z,0.59498602151870728,0.60577797889709473,0.53483802080154419,0.538565993309021,390290153
2022-06-12T00:00:00.000000Z,0.53877902030944824,0.54523497819900513,0.50190198421478271,0.50190198421478271,433394162
2022-06-13T00:00:00.000000Z,0.50148701667785645,0.50174498558044434,0.40835800766944885,0.42788299918174744,756124042
2022-06-14T00:00:00.000000Z,0.42814400792121887,0.44876500964164734,0.39807799458503723,0.41576001048088074,599507003
2022-06-15T00:00:00.000000Z,0.41568800806999207,0.43788200616836548,0.36577999591827393,0.43774899840354919,652567592
2022-06-16T00:00:00.000000Z,0.43778499960899353,0.44190400838851929,0.37790000438690186,0.3819270133972168,417630104
2022-06-17T00:00:00.000000Z,0.38204500079154968,0.40595901012420654,0.38067001104354858,0.39984101057052612,299743978
2022-06-18T00:00:00.000000Z,0.39979800581932068,0.40594398975372314,0.3228209912776947,0.34665900468826294,491406505
2022-06-19T00:00:00.000000Z,0.34659498929977417,0.38310900330543518,0.32816898822784424,0.38310900330543518,451106960
2022-06-20T00:00:00.000000Z,0.38311699032783508,0.40907600522041321,0.3617820143699646,0.4007590115070343,471727687
2022-06-21T00:00:00.000000Z,0.40076598525047302,0.45247000455856323,0.39414599537849426,0.4188779890537262,522789437
2022-06-22T00:00:00.000000Z,0.41907000541687012,0.46738499402999878,0.39704000949859619,0.4565579891204834,605095606
2022-06-23T00:00:00.000000Z,0.45658698678016663,0.56886899471282959,0.45628398656845093,0.56146901845932007,1124167841
2022-06-24T00:00:00.000000Z,0.56138402223587036,0.62183701992034912,0.56138402223587036,0.61220097541809082,942003078
2022-06-25T00:00:00.000000Z,0.61223298311233521,0.62380200624465942,0.57005500793457031,0.60047602653503418,552357436
2022-06-26T00:00:00.000000Z,0.60039401054382324,0.62298101186752319,0.56072402000427246,0.56072402000427246,450317651
2022-06-27T00:00:00.000000Z,0.56037598848342896,0.59471297264099121,0.52446597814559937,0.53273200988769531,549370870
2022-06-28T00:00:00.000000Z,0.53248500823974609,0.56986498832702637,0.50725501775741577,0.51110702753067017,637527134
2022-06-29T00:00:00.000000Z,0.51099997758865356,0.53876602649688721,0.48750600218772888,0.4952319860458374,891744786
2022-06-30T00:00:00.000000Z,0.49551400542259216,0.4963890016078949,0.42241001129150391,0.47737100720405579,889833979
2022-07-01T00:00:00.000000Z,0.47810399532318115,0.49568599462509155,0.45197498798370361,0.46123701333999634,656930197
2022-07-02T00:00:00.000000Z,0.46139600872993469,0.49402400851249695,0.45043098926544189,0.4930419921875,407056822
2022-07-03T00:00:00.000000Z,0.49277800321578979,0.49277800321578979,0.45157799124717712,0.46063899993896484,422541679
2022-07-04T00:00:00.000000Z,0.46089699864387512,0.49314200878143311,0.45270299911499023,0.49159300327301025,419335308
2022-07-05T00:00:00.000000Z,0.49139600992202759,0.53248298168182373,0.48815301060676575,0.51171797513961792,902290223
2022-07-06T00:00:00.000000Z,0.51239097118377686,0.52878999710083008,0.49505999684333801,0.52526497840881348,701023242
2022-07-07T00:00:00.000000Z,0.52528399229049683,0.57147401571273804,0.51341801881790161,0.56254398822784424,599797232
2022-07-08T00:00:00.000000Z,0.5625,0.61375999450683594,0.55808699131011963,0.60626500844955444,903157847
2022-07-09T00:00:00.000000Z,0.60624402761459351,0.60871201753616333,0.58515799045562744,0.58958399295806885,400549040
2022-07-10T00:00:00.000000Z,0.58956700563430786,0.58968502283096313,0.55518901348114014,0.57126802206039429,337318168
2022-07-11T00:00:00.000000Z,0.5711740255355835,0.59639602899551392,0.5389779806137085,0.56352502107620239,598956040
2022-07-12T00:00:00.000000Z,0.56351399421691895,0.59170800447463989,0.53986197710037231,0.53986197710037231,665827836
2022-07-13T00:00:00.000000Z,0.53938198089599609,0.64042502641677856,0.5291450023651123,0.63594698905944824,964955675
2022-07-14T00:00:00.000000Z,0.63615798950195312,0.71170502901077271,0.61637097597122192,0.70758897066116333,1558366887
2022-07-15T00:00:00.000000Z,0.70780301094055176,0.72998201847076416,0.67862802743911743,0.7046700119972229,1100009259
2022-07-16T00:00:00.000000Z,0.70455098152160645,0.74008798599243164,0.68408101797103882,0.72683000564575195,707554906
2022-07-17T00:00:00.000000Z,0.72704398632049561,0.78452402353286743,0.72041201591491699,0.753013014793396,905988052
2022-07-18T00:00:00.000000Z,0.75315797328948975,0.97737002372741699,0.74636101722717285,0.96178001165390015,2394645074
2022-07-19T00:00:00.000000Z,0.96137797832489014,0.9681050181388855,0.88714599609375,0.92579102516174316,1657404213
2022-07-20T00:00:00.000000Z,0.92601698637008667,0.94963699579238892,0.81709301471710205,0.83275800943374634,1482302697
2022-07-21T00:00:00.000000Z,0.83280497789382935,0.92228502035140991,0.8009529709815979,0.90740597248077393,1529051737
2022-07-22T00:00:00.000000Z,0.90713298320770264,0.92967897653579712,0.84871900081634521,0.85344099998474121,1063418790
2022-07-23T00:00:00.000000Z,0.85303401947021484,0.88394999504089355,0.818805992603302,0.87542301416397095,759538576
2022-07-24T00:00:00.000000Z,0.87501400709152222,0.90706199407577515,0.84966599941253662,0.88126301765441895,776354383
2022-07-25T00:00:00.000000Z,0.88116097450256348,0.88328802585601807,0.7750999927520752,0.77572602033615112,873721558
2022-07-26T00:00:00.000000Z,0.77601397037506104,0.78024297952651978,0.7250639796257019,0.78024297952651978,851549991
2022-07-27T00:00:00.000000Z,0.78077298402786255,0.89569598436355591,0.76348698139190674,0.89569598436355591,1309169356
2022-07-28T00:00:00.000000Z,0.89574897289276123,0.97096800804138184,0.85931402444839478,0.93611299991607666,1720898181
2022-07-29T00:00:00.000000Z,0.93581700325012207,0.98915398120880127,0.90866100788116455,0.93874198198318481,1547385033
2022-07-30T00:00:00.000000Z,0.93863999843597412,0.97433000802993774,0.92102599143981934,0.92961299419403076,902081407
2022-07-31T00:00:00.000000Z,0.92961001396179199,1.0041290521621704,0.91436898708343506,0.92826497554779053,1102958859
2022-08-01T00:00:00.000000Z,0.92827302217483521,0.94403499364852905,0.88326400518417358,0.8944060206413269,722759640
2022-08-02T00:00:00.000000Z,0.8945389986038208,0.90327197313308716,0.85248100757598877,0.87915700674057007,673685749
2022-08-03T00:00:00.000000Z,0.87919002771377563,0.92384999990463257,0.85949599742889404,0.88769799470901489,555479859
2022-08-04T00:00:00.000000Z,0.88781702518463135,0.91041302680969238,0.87913501262664795,0.89187997579574585,437387660
2022-08-05T00:00:00.000000Z,0.89164501428604126,0.93611001968383789,0.89127898216247559,0.92765897512435913,485360586
2022-08-06T00:00:00.000000Z,0.92771202325820923,0.93868201971054077,0.90535402297973633,0.90733599662780762,344583187
2022-08-07T00:00:00.000000Z,0.90752702951431274,0.92365902662277222,0.89573502540588379,0.90669000148773193,253514512
2022-08-08T00:00:00.000000Z,0.90672999620437622,0.94968998432159424,0.90611302852630615,0.92154997587203979,435882666
2022-08-09T00:00:00.000000Z,0.92162001132965088,0.9299200177192688,0.87450098991394043,0.89050799608230591,359259096
2022-08-10T00:00:00.000000Z,0.89041697978973389,0.93875497579574585,0.874176025390625,0.93732798099517822,472643830
2022-08-11T00:00:00.000000Z,0.93735200166702271,0.95317202806472778,0.91723299026489258,0.92140400409698486,416497615
2022-08-12T00:00:00.000000Z,0.9214400053024292,0.93413901329040527,0.90780001878738403,0.93390798568725586,300866061
2022-08-13T00:00:00.000000Z,0.93390202522277832,1.0300530195236206,0.93051701784133911,1.0248470306396484,881678148
2022-08-14T00:00:00.000000Z,1.0251220464706421,1.0503849983215332,0.99077999591827393,1.0009089708328247,545099545
2022-08-15T00:00:00.000000Z,1.0008460283279419,1.0317469835281372,0.93524199724197388,0.95203500986099243,560505268
2022-08-16T00:00:00.000000Z,0.95177298784255981,0.96500700712203979,0.92860597372055054,0.93579602241516113,404175969
2022-08-17T00:00:00.000000Z,0.93573802709579468,0.96296697854995728,0.87990599870681763,0.88317900896072388,474243132
2022-08-18T00:00:00.000000Z,0.88338398933410645,0.90763401985168457,0.85965198278427124,0.85965198278427124,377740073
2022-08-19T00:00:00.000000Z,0.85956102609634399,0.85956102609634399,0.76773899793624878,0.77213501930236816,733235258
2022-08-20T00:00:00.000000Z,0.7719380259513855,0.8149229884147644,0.76364898681640625,0.7868880033493042,504568039
2022-08-21T00:00:00.000000Z,0.78672099113464355,0.82937300205230713,0.78152602910995483,0.82021600008010864,398602156
2022-08-22T00:00:00.000000Z,0.82020199298858643,0.82133901119232178,0.77261900901794434,0.8103410005569458,393663565
2022-08-23T00:00:00.000000Z,0.81035798788070679,0.83482301235198975,0.7941250205039978,0.83179402351379395,381832173
2022-08-24T00:00:00.000000Z,0.83175700902938843,0.83900898694992065,0.80440998077392578,0.81359100341796875,322771599
2022-08-25T00:00:00.000000Z,0.81365597248077393,0.83127897977828979,0.80866199731826782,0.81872802972793579,287070102
2022-08-26T00:00:00.000000Z,0.81871902942657471,0.83781802654266357,0.75896602869033813,0.76372301578521729,598910538
2022-08-27T00:00:00.000000Z,0.76383501291275024,0.81124097108840942,0.75853598117828369,0.8053479790687561,494847400
2022-08-28T00:00:00.000000Z,0.80526500940322876,0.82976198196411133,0.78425097465515137,0.78425097465515137,416300398
2022-08-29T00:00:00.000000Z,0.78403002023696899,0.81941598653793335,0.7642970085144043,0.81740301847457886,471278672
2022-08-30T00:00:00.000000Z,0.81741601228713989,0.8417549729347229,0.78731799125671387,0.81453597545623779,444772792
2022-08-31T00:00:00.000000Z,0.81459701061248779,0.85119098424911499,0.81459701061248779,0.8318210244178772,424995293
2022-09-01T00:00:00.000000Z,0.83187401294708252,0.89413201808929443,0.82524102926254272,0.88543099164962769,576674842
2022-09-02T00:00:00.000000Z,0.88537299633026123,0.90833002328872681,0.86517202854156494,0.87196797132492065,503166473
2022-09-03T00:00:00.000000Z,0.87196999788284302,0.889382004737854,0.86968201398849487,0.88927501440048218,287161411
2022-09-04T00:00:00.000000Z,0.88919800519943237,0.89747500419616699,0.87481802701950073,0.89423000812530518,264242142
2022-09-05T00:00:00.000000Z,0.89428597688674927,0.90019601583480835,0.86467498540878296,0.881430983543396,290591111
2022-09-06T00:00:00.000000Z,0.88155102729797363,0.92062902450561523,0.81887698173522949,0.81887698173522949,601374311
2022-09-07T00:00:00.000000Z,0.81857001781463623,0.84941697120666504,0.79526001214981079,0.84084600210189819,416321463
2022-09-08T00:00:00.000000Z,0.84073901176452637,0.84730499982833862,0.81914502382278442,0.84421300888061523,358768227
2022-09-09T00:00:00.000000Z,0.84417098760604858,0.89840298891067505,0.8429340124130249,0.89150798320770264,441662237
2022-09-10T00:00:00.000000Z,0.89145398139953613,0.90928000211715698,0.88096797466278076,0.90619701147079468,384193062
2022-09-11T00:00:00.000000Z,0.90619301795959473,0.9158099889755249,0.87945300340652466,0.89461302757263184,282903791
2022-09-12T00:00:00.000000Z,0.89432001113891602,0.93965601921081543,0.8750079870223999,0.93001198768615723,676653496
2022-09-13T00:00:00.000000Z,0.93004101514816284,0.94058901071548462,0.84244900941848755,0.85441398620605469,708971458
2022-09-14T00:00:00.000000Z,0.84623301029205322,0.86726599931716919,0.83779400587081909,0.86478900909423828,414726283
2022-09-15T00:00:00.000000Z,0.86479300260543823,0.87334799766540527,0.82330697774887085,0.82429897785186768,459779689
2022-09-16T00:00:00.000000Z,0.82438200712203979,0.83020800352096558,0.79115098714828491,0.8060460090637207,362934299
2022-09-17T00:00:00.000000Z,0.80615001916885376,0.82968300580978394,0.80584800243377686,0.82948398590087891,214451443
2022-09-18T00:00:00.000000Z,0.82935398817062378,0.83411699533462524,0.7533000111579895,0.75342202186584473,341411325
2022-09-19T00:00:00.000000Z,0.75357997417449951,0.77399301528930664,0.72731298208236694,0.76603800058364868,406203002
2022-09-20T00:00:00.000000Z,0.76616400480270386,0.76769798994064331,0.73231500387191772,0.73327898979187012,319496345
2022-09-21T00:00:00.000000Z,0.73332202434539795,0.77210402488708496,0.69460898637771606,0.70422399044036865,504388100
2022-09-22T00:00:00.000000Z,0.70414698123931885,0.76074898242950439,0.70215100049972534,0.75283098220825195,385955163
2022-09-23T00:00:00.000000Z,0.75277698040008545,0.78255599737167358,0.7267569899559021,0.7787100076675415,474826577
2022-09-24T00:00:00.000000Z,0.77871501445770264,0.77996498346328735,0.75235599279403687,0.75416100025177002,293756031
2022-09-25T00:00:00.000000Z,0.75406897068023682,0.76572901010513306,0.73335099220275879,0.74018901586532593,258814984
2022-09-26T00:00:00.000000Z,0.74026298522949219,0.75908297300338745,0.72916102409362793,0.75475400686264038,397177759
2022-09-27T00:00:00.000000Z,0.75489300489425659,0.79013800621032715,0.72894597053527832,0.74040597677230835,478557757
2022-09-28T00:00:00.000000Z,0.74018901586532593,0.75341302156448364,0.71552801132202148,0.74737298488616943,328893890
2022-09-29T00:00:00.000000Z,0.7474520206451416,0.76351398229598999,0.73394298553466797,0.76351398229598999,305866877
2022-09-30T00:00:00.000000Z,0.76335698366165161,0.78782999515533447,0.76251202821731567,0.77744597196578979,391076262
2022-10-01T00:00:00.000000Z,0.77743899822235107,0.78037399053573608,0.76203900575637817,0.7658810019493103,178022048
2022-10-02T00:00:00.000000Z,0.7660139799118042,0.78185802698135376,0.76353299617767334,0.7642509937286377,208719269
2022-10-03T00:00:00.000000Z,0.7642970085144043,0.805122971534729,0.75877201557159424,0.80180501937866211,344848867
2022-10-04T00:00:00.000000Z,0.80169898271560669,0.84201198816299438,0.80115801095962524,0.83613002300262451,415206537
2022-10-05T00:00:00.000000Z,0.83605802059173584,0.85740101337432861,0.82305800914764404,0.85136198997497559,401515889
2022-10-06T00:00:00.000000Z,0.85135000944137573,0.85744398832321167,0.83260500431060791,0.83305197954177856,337167164
2022-10-07T00:00:00.000000Z,0.83313500881195068,0.84695100784301758,0.82014697790145874,0.83190000057220459,276562022
2022-10-08T00:00:00.000000Z,0.83181601762771606,0.83366298675537109,0.81028002500534058,0.81363898515701294,169195349
2022-10-09T00:00:00.000000Z,0.81365400552749634,0.82926100492477417,0.80899101495742798,0.82537698745727539,164897204
2022-10-10T00:00:00.000000Z,0.82533502578735352,0.84116500616073608,0.81360501050949097,0.81528401374816895,321110887
2022-10-11T00:00:00.000000Z,0.81512600183486938,0.81512999534606934,0.7884020209312439,0.79054397344589233,288662617
2022-10-12T00:00:00.000000Z,0.79062199592590332,0.80064499378204346,0.78425401449203491,0.78431397676467896,180040402
2022-10-13T00:00:00.000000Z,0.78429299592971802,0.78665798902511597,0.72143197059631348,0.77582097053527832,438551832
2022-10-14T00:00:00.000000Z,0.77578699588775635,0.82060700654983521,0.77560502290725708,0.79272300004959106,353472475
2022-10-15T00:00:00.000000Z,0.79271900653839111,0.80786401033401489,0.78863900899887085,0.79010099172592163,215477642
2022-10-16T00:00:00.000000Z,0.79004299640655518,0.80857002735137939,0.78965598344802856,0.79956299066543579,169766308
2022-10-17T00:00:00.000000Z,0.79947501420974731,0.84916901588439941,0.79779797792434692,0.84725898504257202,326387947
2022-10-18T00:00:00.000000Z,0.8473060131072998,0.87602299451828003,0.83934897184371948,0.86450999975204468,541671174
2022-10-19T00:00:00.000000Z,0.86452901363372803,0.87744402885437012,0.84360998868942261,0.84608602523803711,427470399
2022-10-20T00:00:00.000000Z,0.84600299596786499,0.84722000360488892,0.80821901559829712,0.8101159930229187,396510394
2022-10-21T00:00:00.000000Z,0.81010198593139648,0.8320930004119873,0.78086501359939575,0.8320930004119873,410164043
2022-10-22T00:00:00.000000Z,0.83206397294998169,0.83934098482131958,0.81564497947692871,0.83238500356674194,234542597
2022-10-23T00:00:00.000000Z,0.83236998319625854,0.90142202377319336,0.82250601053237915,0.89983701705932617,370198046
2022-10-24T00:00:00.000000Z,0.89978897571563721,0.90672898292541504,0.8747749924659729,0.89387702941894531,516315604
2022-10-25T00:00:00.000000Z,0.89381998777389526,0.94226199388504028,0.87695401906967163,0.9197390079498291,535291216
2022-10-26T00:00:00.000000Z,0.91946202516555786,0.9641759991645813,0.91910499334335327,0.93813800811767578,571732025
2022-10-27T00:00:00.000000Z,0.93812602758407593,0.94604998826980591,0.89935201406478882,0.90483397245407104,521052785
2022-10-28T00:00:00.000000Z,0.90485000610351562,0.94501799345016479,0.89813399314880371,0.94484800100326538,409318237
2022-10-29T00:00:00.000000Z,0.94477200508117676,0.95530200004577637,0.92845302820205688,0.9338110089302063,389648283
2022-10-30T00:00:00.000000Z,0.9338189959526062,0.94749099016189575,0.90107297897338867,0.9088510274887085,342556743
2022-10-31T00:00:00.000000Z,0.90872800350189209,0.9281269907951355,0.89732998609542847,0.90398800373077393,357871211
2022-11-01T00:00:00.000000Z,0.90389597415924072,0.90833598375320435,0.87522101402282715,0.87533301115036011,303482226
2022-11-02T00:00:00.000000Z,0.87523800134658813,0.88877898454666138,0.84031897783279419,0.87171798944473267,596962768
2022-11-03T00:00:00.000000Z,0.87178701162338257,0.98132598400115967,0.87041002511978149,0.95212197303771973,1002654774
2022-11-04T00:00:00.000000Z,0.9520530104637146,1.1894509792327881,0.95166701078414917,1.1697460412979126,2150586683
2022-11-05T00:00:00.000000Z,1.1692769527435303,1.2752439975738525,1.1643550395965576,1.1837220191955566,1364033580
2022-11-06T00:00:00.000000Z,1.1838309764862061,1.2104630470275879,1.1366980075836182,1.1379679441452026,806605557
2022-11-07T00:00:00.000000Z,1.137814998626709,1.2871639728546143,1.135733962059021,1.2524490356445312,1641348644
2022-11-08T00:00:00.000000Z,1.2529309988021851,1.2639390230178833,0.94155502319335938,1.0444190502166748,2461758515
2022-11-09T00:00:00.000000Z,1.0446029901504517,1.0659290552139282,0.77894502878189087,0.81320399045944214,1696088006
2022-11-10T00:00:00.000000Z,0.81328302621841431,1.1471680402755737,0.80632400512695312,1.1249599456787109,2117545790
2022-11-11T00:00:00.000000Z,1.1250020265579224,1.1510189771652222,0.98506700992584229,1.061987042427063,1493675055
2022-11-12T00:00:00.000000Z,1.0621650218963623,1.0635839700698853,0.93281698226928711,0.93897300958633423,830459541
2022-11-13T00:00:00.000000Z,0.93895101547241211,0.96445000171661377,0.87366199493408203,0.88805997371673584,631517870
2022-11-14T00:00:00.000000Z,0.88791501522064209,0.95733201503753662,0.84119498729705811,0.91570901870727539,965406280
2022-11-15T00:00:00.000000Z,0.91579997539520264,0.96993899345397949,0.91133701801300049,0.94013398885726929,675911627
2022-11-16T00:00:00.000000Z,0.94003897905349731,0.95423001050949097,0.88515001535415649,0.90053802728652954,471985131
2022-11-17T00:00:00.000000Z,0.900704026222229,0.9106069803237915,0.86730301380157471,0.87488299608230591,457936835
2022-11-18T00:00:00.000000Z,0.87487798929214478,0.89845997095108032,0.8706129789352417,0.88028800487518311,312611635
2022-11-19T00:00:00.000000Z,0.88033199310302734,0.88181197643280029,0.85559797286987305,0.8760949969291687,236332792
2022-11-20T00:00:00.000000Z,0.87605702877044678,0.87995302677154541,0.80442798137664795,0.80757397413253784,379584714
2022-11-21T00:00:00.000000Z,0.80751699209213257,0.81784802675247192,0.7729870080947876,0.796284019947052,577576859
2022-11-22T00:00:00.000000Z,0.79606997966766357,0.86245602369308472,0.78242200613021851,0.85001099109649658,672822806
2022-11-23T00:00:00.000000Z,0.85016697645187378,0.86881798505783081,0.84033197164535522,0.8611760139465332,465038908
2022-11-24T00:00:00.000000Z,0.86118400096893311,0.88773298263549805,0.84529399871826172,0.84930002689361572,351857069
2022-11-25T00:00:00.000000Z,0.84920501708984375,0.84920501708984375,0.82362198829650879,0.84421402215957642,238415183
2022-11-26T00:00:00.000000Z,0.84412199258804321,0.8691750168800354,0.84257698059082031,0.84664499759674072,229116164
2022-11-27T00:00:00.000000Z,0.84662801027297974,0.86447697877883911,0.8432769775390625,0.84490400552749634,199630187
2022-11-28T00:00:00.000000Z,0.84493899345397949,0.84775102138519287,0.80917900800704956,0.82269799709320068,293294577
2022-11-29T00:00:00.000000Z,0.82241499423980713,0.8450239896774292,0.81704801321029663,0.83889198303222656,223650810
2022-11-30T00:00:00.000000Z,0.83900302648544312,0.9369959831237793,0.83900302648544312,0.9369959831237793,495703018
2022-12-01T00:00:00.000000Z,0.93641197681427002,0.94009900093078613,0.90827298164367676,0.90837597846984863,468978303
2022-12-02T00:00:00.000000Z,0.90839302539825439,0.9461979866027832,0.90236997604370117,0.9461979866027832,361496926
2022-12-03T00:00:00.000000Z,0.94667899608612061,0.94861400127410889,0.90175598859786987,0.90318799018859863,224283182
2022-12-04T00:00:00.000000Z,0.90310800075531006,0.92238599061965942,0.9028170108795166,0.92211902141571045,173986591
2022-12-05T00:00:00.000000Z,0.92193102836608887,0.94398599863052368,0.90198397636413574,0.91113901138305664,317851610
2022-12-06T00:00:00.000000Z,0.91126400232315063,0.92031097412109375,0.90066099166870117,0.91738897562026978,235153668
2022-12-07T00:00:00.000000Z,0.91744697093963623,0.91779100894927979,0.87589901685714722,0.89621901512145996,297194794
2022-12-08T00:00:00.000000Z,0.89630097150802612,0.92886298894882202,0.88874399662017822,0.92778098583221436,268116222
2022-12-09T00:00:00.000000Z,0.9278150200843811,0.93236702680587769,0.90919297933578491,0.90951502323150635,221578412
2022-12-10T00:00:00.000000Z,0.90954601764678955,0.91560298204421997,0.90256202220916748,0.90825200080871582,152011098
2022-12-11T00:00:00.000000Z,0.90828299522399902,0.9137910008430481,0.89161497354507446,0.89323300123214722,141914043
2022-12-12T00:00:00.000000Z,0.89329499006271362,0.91157597303390503,0.87542802095413208,0.91057300567626953,236843698
2022-12-13T00:00:00.000000Z,0.91055798530578613,0.93825101852416992,0.8823699951171875,0.92343401908874512,422558230
2022-12-14T00:00:00.000000Z,0.9235299825668335,0.9361569881439209,0.90071302652359009,0.90334701538085938,328675064
2022-12-15T00:00:00.000000Z,0.90333998203277588,0.90571498870849609,0.87378501892089844,0.87798100709915161,243269084
2022-12-16T00:00:00.000000Z,0.87796998023986816,0.88997799158096313,0.78978300094604492,0.7957950234413147,423423337
2022-12-17T00:00:00.000000Z,0.79579299688339233,0.81740099191665649,0.78570801019668579,0.81614202260971069,291109286
2022-12-18T00:00:00.000000Z,0.81613302230834961,0.82445001602172852,0.8063579797744751,0.81386399269104004,179850704
2022-12-19T00:00:00.000000Z,0.81404000520706177,0.82076102495193481,0.76552599668502808,0.77277898788452148,346669175
2022-12-20T00:00:00.000000Z,0.77289897203445435,0.80711501836776733,0.77013397216796875,0.80267101526260376,326769527
2022-12-21T00:00:00.000000Z,0.80261999368667603,0.80267298221588135,0.78771501779556274,0.79299598932266235,187415142
2022-12-22T00:00:00.000000Z,0.79308098554611206,0.79668599367141724,0.77289098501205444,0.79572802782058716,200780671
2022-12-23T00:00:00.000000Z,0.79572701454162598,0.80615502595901489,0.79230302572250366,0.79873400926589966,166134842
2022-12-24T00:00:00.000000Z,0.7987629771232605,0.80064302682876587,0.79464197158813477,0.79599398374557495,100230352
2022-12-25T00:00:00.000000Z,0.79600298404693604,0.79859298467636108,0.78755199909210205,0.79513299465179443,118950074
2022-12-26T00:00:00.000000Z,0.7951279878616333,0.81522101163864136,0.79426002502441406,0.81351697444915771,146611842
2022-12-27T00:00:00.000000Z,0.81353902816772461,0.81845599412918091,0.80069702863693237,0.80602502822875977,182445576
2022-12-28T00:00:00.000000Z,0.80604100227355957,0.80765098333358765,0.77723997831344604,0.78283101320266724,203426011
2022-12-29T00:00:00.000000Z,0.78281098604202271,0.78561699390411377,0.77068400382995605,0.77741897106170654,171915602
2022-12-30T00:00:00.000000Z,0.77735698223114014,0.77984702587127686,0.75155997276306152,0.76053297519683838,212498103
2022-12-31T00:00:00.000000Z,0.76060497760772705,0.77064800262451172,0.75514900684356689,0.75851702690124512,119298994
2023-01-01T00:00:00.000000Z,0.75850200653076172,0.76181799173355103,0.74928301572799683,0.75997298955917358,106486711
2023-01-02T00:00:00.000000Z,0.75998800992965698,0.78773397207260132,0.75117802619934082,0.78085201978683472,194853754
2023-01-03T00:00:00.000000Z,0.78092700242996216,0.78731197118759155,0.77270197868347168,0.78007698059082031,171447001
2023-01-04T00:00:00.000000Z,0.78004497289657593,0.81355500221252441,0.77789002656936646,0.80637198686599731,304446233
2023-01-05T00:00:00.000000Z,0.8063349723815918,0.80946999788284302,0.78732198476791382,0.78852701187133789,195814324
2023-01-06T00:00:00.000000Z,0.78846299648284912,0.79964202642440796,0.77403002977371216,0.79921597242355347,217674581
2023-01-07T00:00:00.000000Z,0.79922497272491455,0.8105049729347229,0.79876798391342163,0.80673497915267944,165603125
2023-01-08T00:00:00.000000Z,0.80667400360107422,0.84202700853347778,0.80006301403045654,0.84037101268768311,221262875
2023-01-09T00:00:00.000000Z,0.84028202295303345,0.87421900033950806,0.83607500791549683,0.84423398971557617,465942706
2023-01-10T00:00:00.000000Z,0.84399199485778809,0.85983002185821533,0.836139976978302,0.85846400260925293,250740721
2023-01-11T00:00:00.000000Z,0.85843902826309204,0.89701700210571289,0.84768301248550415,0.89342802762985229,302396705
2023-01-12T00:00:00.000000Z,0.89772498607635498,0.9196699857711792,0.86991202831268311,0.91628897190093994,577693595
2023-01-13T00:00:00.000000Z,0.91623902320861816,0.93828999996185303,0.89727497100830078,0.93110197782516479,378692489
2023-01-14T00:00:00.000000Z,0.93100398778915405,1.0506409406661987,0.93045902252197266,0.99967098236083984,978285806
2023-01-15T00:00:00.000000Z,0.99973702430725098,1.0004379749298096,0.95628798007965088,0.98351800441741943,418050492
2023-01-16T00:00:00.000000Z,0.98347598314285278,1.0442409515380859,0.97385698556900024,1.0194920301437378,688279193
2023-01-17T00:00:00.000000Z,1.0196490287780762,1.032709002494812,0.99601197242736816,0.99601197242736816,448317117
2023-01-18T00:00:00.000000Z,0.99590498208999634,1.0171849727630615,0.93767201900482178,0.94012099504470825,547193065
2023-01-19T00:00:00.000000Z,0.94003599882125854,0.9547569751739502,0.9210439920425415,0.95288997888565063,330694966
2023-01-20T00:00:00.000000Z,0.9529229998588562,1.0263210535049438,0.93986600637435913,1.0262500047683716,435529192
2023-01-21T00:00:00.000000Z,1.0262199640274048,1.038504958152771,0.98954600095748901,0.98997700214385986,532015699
2023-01-22T00:00:00.000000Z,0.99009698629379272,1.0295989513397217,0.97980797290802002,0.99409198760986328,461378414
2023-01-23T00:00:00.000000Z,0.99410802125930786,1.012205958366394,0.98296099901199341,0.99518901109695435,408263988
2023-01-24T00:00:00.000000Z,0.99482899904251099,1.0386580228805542,0.95300000905990601,0.95592802762985229,508536624
2023-01-25T00:00:00.000000Z,0.955951988697052,1.0143610239028931,0.93799597024917603,0.99362301826477051,463858684
2023-01-26T00:00:00.000000Z,0.99307900667190552,1.1224960088729858,0.99168401956558228,1.1223059892654419,983939566
2023-01-27T00:00:00.000000Z,1.1230720281600952,1.1857049465179443,1.0720210075378418,1.1582740545272827,1013090701
2023-01-28T00:00:00.000000Z,1.1582479476928711,1.1661549806594849,1.0967370271682739,1.1442320346832275,624675428
2023-01-29T00:00:00.000000Z,1.1443639993667603,1.1962000131607056,1.1333030462265015,1.1778800487518311,629748131
2023-01-30T00:00:00.000000Z,1.1778620481491089,1.1782410144805908,1.0735650062561035,1.0872349739074707,602563770
2023-01-31T00:00:00.000000Z,1.087332010269165,1.1209139823913574,1.0803630352020264,1.1113330125808716,418321993
2023-02-01T00:00:00.000000Z,1.111085057258606,1.2015279531478882,1.0713820457458496,1.1949670314788818,641029088
2023-02-02T00:00:00.000000Z,1.1946259737014771,1.2519270181655884,1.1801819801330566,1.1804440021514893,832824008
2023-02-03T00:00:00.000000Z,1.1803280115127563,1.2505190372467041,1.1719299554824829,1.2442270517349243,696790458
2023-02-04T00:00:00.000000Z,1.2444519996643066,1.2814739942550659,1.2190979719161987,1.2506279945373535,531020758
2023-02-05T00:00:00.000000Z,1.2510950565338135,1.2578450441360474,1.1896480321884155,1.2045010328292847,562393241
2023-02-06T00:00:00.000000Z,1.2043670415878296,1.2360379695892334,1.1807600259780884,1.1904150247573853,438369543
2023-02-07T00:00:00.000000Z,1.190356969833374,1.269726037979126,1.1903250217437744,1.2689750194549561,577383745
2023-02-08T00:00:00.000000Z,1.2692339420318604,1.3403569459915161,1.2635170221328735,1.3039699792861938,947174326
2023-02-09T00:00:00.000000Z,1.3042500019073486,1.3446979522705078,1.2169890403747559,1.2283420562744141,1272709220
2023-02-10T00:00:00.000000Z,1.2284799814224243,1.3087999820709229,1.2205079793930054,1.2305949926376343,1009957719
2023-02-11T00:00:00.000000Z,1.2304240465164185,1.2550090551376343,1.2180260419845581,1.251412034034729,452302092
2023-02-12T00:00:00.000000Z,1.2512520551681519,1.3001270294189453,1.229917049407959,1.2385159730911255,543445136
2023-02-13T00:00:00.000000Z,1.2383339405059814,1.2422740459442139,1.1443719863891602,1.1868449449539185,748185120
2023-02-14T00:00:00.000000Z,1.1864540576934814,1.2592439651489258,1.1697280406951904,1.2587729692459106,770359563
2023-02-15T00:00:00.000000Z,1.2586870193481445,1.3305089473724365,1.2344390153884888,1.3300319910049438,613493994
2023-02-16T00:00:00.000000Z,1.329800009727478,1.4620050191879272,1.3214360475540161,1.3717230558395386,1219004023
2023-02-17T00:00:00.000000Z,1.3716650009155273,1.5364220142364502,1.3716650009155273,1.5255880355834961,1303138204
2023-02-18T00:00:00.000000Z,1.5255789756774902,1.5591030120849609,1.47838294506073,1.4868400096893311,774164641
2023-02-19T00:00:00.000000Z,1.4867680072784424,1.5337810516357422,1.4722980260848999,1.478551983833313,719130733
2023-02-20T00:00:00.000000Z,1.4796090126037598,1.5060969591140747,1.4423359632492065,1.4743280410766602,628000707
2023-02-21T00:00:00.000000Z,1.4744280576705933,1.500601053237915,1.3689969778060913,1.3849359750747681,790150889
2023-02-22T00:00:00.000000Z,1.385113000869751,1.3988829851150513,1.3244110345840454,1.3970240354537964,722694672
2023-02-23T00:00:00.000000Z,1.3967820405960083,1.41668701171875,1.3400599956512451,1.354701042175293,534094666
2023-02-24T00:00:00.000000Z,1.3545989990234375,1.3616900444030762,1.2527780532836914,1.2659569978713989,617649145
2023-02-25T00:00:00.000000Z,1.2660119533538818,1.2767570018768311,1.2025699615478516,1.2488499879837036,471995898
2023-02-26T00:00:00.000000Z,1.2486599683761597,1.2981770038604736,1.2398660182952881,1.2811830043792725,413456032
2023-02-27T00:00:00.000000Z,1.281283974647522,1.2851979732513428,1.2179590463638306,1.2354840040206909,551274461
2023-02-28T00:00:00.000000Z,1.235537052154541,1.2427250146865845,1.1878550052642822,1.1952389478683472,508009083
2023-03-01T00:00:00.000000Z,1.1952489614486694,1.2597839832305908,1.1943769454956055,1.2482359409332275,487108422
2023-03-02T00:00:00.000000Z,1.248276948928833,1.2513120174407959,1.1944669485092163,1.2247730493545532,371118481
2023-03-03T00:00:00.000000Z,1.2250039577484131,1.227368950843811,1.1381529569625854,1.1677570343017578,558368482
2023-03-04T00:00:00.000000Z,1.1677629947662354,1.17597496509552,1.1013699769973755,1.1264450550079346,332913156
2023-03-05T00:00:00.000000Z,1.1266989707946777,1.1583800315856934,1.1210600137710571,1.1374499797821045,306480585
2023-03-06T00:00:00.000000Z,1.1372489929199219,1.1451460123062134,1.117467999458313,1.1317520141601562,320320685
2023-03-07T00:00:00.000000Z,1.1317189931869507,1.1674940586090088,1.1183960437774658,1.149590015411377,509069836
2023-03-08T00:00:00.000000Z,1.1496039628982544,1.1560879945755005,1.0478509664535522,1.0517879724502563,562549015
2023-03-09T00:00:00.000000Z,1.0519369840621948,1.0909099578857422,0.9860680103302002,1.0153640508651733,701878025
2023-03-10T00:00:00.000000Z,1.0156229734420776,1.0656709671020508,0.94927000999450684,1.0589040517807007,872566312
2023-03-11T00:00:00.000000Z,1.0590360164642334,1.0863139629364014,1.0009009838104248,1.0642819404602051,714358473
2023-03-12T00:00:00.000000Z,1.0642180442810059,1.1569980382919312,1.0490169525146484,1.1569880247116089,705749746
2023-03-13T00:00:00.000000Z,1.1564730405807495,1.2011920213699341,1.0987169742584229,1.1934000253677368,947657046
2023-03-14T00:00:00.000000Z,1.1936320066452026,1.2452390193939209,1.1499849557876587,1.2007600069046021,993352077
2023-03-15T00:00:00.000000Z,1.2009749412536621,1.230586051940918,1.083624005317688,1.1142439842224121,789028694
2023-03-16T00:00:00.000000Z,1.1148940324783325,1.1557400226593018,1.1062569618225098,1.1507469415664673,468155801
2023-03-17T00:00:00.000000Z,1.1507530212402344,1.229343056678772,1.1398290395736694,1.2244999408721924,546591846
2023-03-18T00:00:00.000000Z,1.2246479988098145,1.2508440017700195,1.1702380180358887,1.171612024307251,540691072
2023-03-19T00:00:00.000000Z,1.1715600490570068,1.2200729846954346,1.165619969367981,1.168956995010376,435055212
2023-03-20T00:00:00.000000Z,1.16913902759552,1.1732380390167236,1.1029260158538818,1.1040970087051392,656302222
2023-03-21T00:00:00.000000Z,1.1042579412460327,1.1675640344619751,1.0906529426574707,1.1565070152282715,551438948
2023-03-22T00:00:00.000000Z,1.1562650203704834,1.1617549657821655,1.0927289724349976,1.1099519729614258,581371141
2023-03-23T00:00:00.000000Z,1.1099319458007812,1.1561390161514282,1.1031409502029419,1.1370240449905396,424503495
2023-03-24T00:00:00.000000Z,1.1369730234146118,1.1470659971237183,1.074288010597229,1.097398042678833,484026769
2023-03-25T00:00:00.000000Z,1.0975170135498047,1.1126359701156616,1.0667879581451416,1.0792039632797241,313664955
2023-03-26T00:00:00.000000Z,1.079164981842041,1.1191480159759521,1.0750709772109985,1.105597972869873,274232224
2023-03-27T00:00:00.000000Z,1.1056610345840454,1.1078989505767822,1.0301799774169922,1.0469709634780884,405623097
2023-03-28T00:00:00.000000Z,1.0469019412994385,1.1013890504837036,1.0344729423522949,1.0876660346984863,339891275
2023-03-29T00:00:00.000000Z,1.0875509977340698,1.1439460515975952,1.0864189863204956,1.1228510141372681,367716913
2023-03-30T00:00:00.000000Z,1.1229360103607178,1.139551043510437,1.0833139419555664,1.092411994934082,367067985
2023-03-31T00:00:00.000000Z,1.0925639867782593,1.1226660013198853,1.080016016960144,1.1191619634628296,308894177
2023-04-01T00:00:00.000000Z,1.1191420555114746,1.1264990568161011,1.1022889614105225,1.105478048324585,190766571
2023-04-02T00:00:00.000000Z,1.1121920347213745,1.1211930513381958,1.0837500095367432,1.0965059995651245,212264953
2023-04-03T00:00:00.000000Z,1.0964299440383911,1.1169790029525757,1.0738849639892578,1.0970200300216675,331534675
2023-04-04T00:00:00.000000Z,1.0969769954681396,1.1491580009460449,1.0942529439926147,1.1390889883041382,335559402
2023-04-05T00:00:00.000000Z,1.1391079425811768,1.1666229963302612,1.1260700225830078,1.1405149698257446,321403080
2023-04-06T00:00:00.000000Z,1.1404969692230225,1.1407370567321777,1.1098999977111816,1.1136380434036255,218820404
2023-04-07T00:00:00.000000Z,1.1138789653778076,1.1201039552688599,1.0985000133514404,1.1075780391693115,197890629
2023-04-08T00:00:00.000000Z,1.1074639558792114,1.1177370548248291,1.1017860174179077,1.1024819612503052,138273151
2023-04-09T00:00:00.000000Z,1.1025539636611938,1.1100319623947144,1.0870510339736938,1.1019220352172852,180663393
2023-04-10T00:00:00.000000Z,1.1018669605255127,1.1234860420227051,1.090967059135437,1.1213159561157227,221994150
2023-04-11T00:00:00.000000Z,1.1213400363922119,1.1315449476242065,1.1108169555664062,1.1138880252838135,256374532
2023-04-12T00:00:00.000000Z,1.1138139963150024,1.1170649528503418,1.0852119922637939,1.1106200218200684,255393936
2023-04-13T00:00:00.000000Z,1.1037640571594238,1.1379120349884033,1.0982619524002075,1.1346789598464966,291006675
2023-04-14T00:00:00.000000Z,1.1347060203552246,1.1902580261230469,1.1346670389175415,1.1620399951934814,613998037
2023-04-15T00:00:00.000000Z,1.1620179414749146,1.1843570470809937,1.1474670171737671,1.1728940010070801,337486132
2023-04-16T00:00:00.000000Z,1.1728459596633911,1.1883200407028198,1.1542990207672119,1.1838619709014893,267047390
2023-04-17T00:00:00.000000Z,1.1837509870529175,1.1842050552368164,1.1515300273895264,1.1529539823532104,344411568
2023-04-18T00:00:00.000000Z,1.1531360149383545,1.183864951133728,1.1460059881210327,1.1718970537185669,313818165
2023-04-19T00:00:00.000000Z,1.1718950271606445,1.1772470474243164,1.0774120092391968,1.0855530500411987,506542920
2023-04-20T00:00:00.000000Z,1.0853730440139771,1.0980789661407471,1.041113018989563,1.0471500158309937,377497546
2023-04-21T00:00:00.000000Z,1.0471810102462769,1.055340051651001,1.0048470497131348,1.0126760005950928,414880568
2023-04-22T00:00:00.000000Z,1.0126789808273315,1.0278060436248779,1.0081379413604736,1.0253440141677856,338864115
2023-04-23T00:00:00.000000Z,1.025352954864502,1.031000018119812,0.98550897836685181,1.0036760568618774,396078444
2023-04-24T00:00:00.000000Z,1.0036669969558716,1.0211689472198486,0.97641801834106445,0.98992002010345459,450928113
2023-04-25T00:00:00.000000Z,0.98989498615264893,1.0148470401763916,0.95215797424316406,1.0058540105819702,485149208
2023-04-26T00:00:00.000000Z,1.0057740211486816,1.0564440488815308,0.95430201292037964,0.98613399267196655,641146104
2023-04-27T00:00:00.000000Z,0.98620700836181641,1.0292550325393677,0.98306399583816528,1.0125279426574707,523407037
2023-04-28T00:00:00.000000Z,1.012518048286438,1.0149140357971191,0.98481100797653198,0.99885201454162598,390900688
2023-04-29T00:00:00.000000Z,0.99885702133178711,1.0221699476242065,0.9946330189704895,1.0031019449234009,341500119
2023-04-30T00:00:00.000000Z,1.0031330585479736,1.0144079923629761,0.97954797744750977,0.984080970287323,354171920
2023-05-01T00:00:00.000000Z,0.98387700319290161,0.98769402503967285,0.94941997528076172,0.9601370096206665,382576171
2023-05-02T00:00:00.000000Z,0.96016699075698853,0.97992897033691406,0.95401197671890259,0.97699397802352905,347831293
2023-05-03T00:00:00.000000Z,0.97700697183609009,1.0163619518280029,0.96622002124786377,1.0065560340881348,452439416
2023-05-04T00:00:00.000000Z,1.0065920352935791,1.0068960189819336,0.98043400049209595,0.98254197835922241,322046254
2023-05-05T00:00:00.000000Z,0.98255002498626709,1.0079449415206909,0.98209702968597412,0.99893301725387573,360912082
2023-05-06T00:00:00.000000Z,0.9989820122718811,1.0047249794006348,0.95474797487258911,0.97779101133346558,379359648
2023-05-07T00:00:00.000000Z,0.97773599624633789,0.98531800508499146,0.96553701162338257,0.96562498807907104,316017024
2023-05-08T00:00:00.000000Z,0.96545898914337158,0.9674609899520874,0.88976502418518066,0.900642991065979,489618922
2023-05-09T00:00:00.000000Z,0.90069299936294556,0.9072679877281189,0.86846798658370972,0.87714499235153198,395796867
2023-05-10T00:00:00.000000Z,0.87721902132034302,0.90331798791885376,0.84660798311233521,0.87735897302627563,487199000
2023-05-11T00:00:00.000000Z,0.87735199928283691,0.87739002704620361,0.83318698406219482,0.84250098466873169,387890944
2023-05-12T00:00:00.000000Z,0.84237498044967651,0.86783397197723389,0.82251197099685669,0.86508500576019287,473678803
2023-05-13T00:00:00.000000Z,0.86507302522659302,0.86544400453567505,0.84927397966384888,0.84940701723098755,295595738
2023-05-14T00:00:00.000000Z,0.84939098358154297,0.86600697040557861,0.8432610034942627,0.85977298021316528,285395449
2023-05-15T00:00:00.000000Z,0.85974001884460449,0.87654399871826172,0.84952402114868164,0.8602520227432251,333041728
2023-05-16T00:00:00.000000Z,0.86026901006698608,0.86457401514053345,0.83686602115631104,0.84601098299026489,349620797
2023-05-17T00:00:00.000000Z,0.84589099884033203,0.9000210165977478,0.84208297729492188,0.88767999410629272,445780657
2023-05-18T00:00:00.000000Z,0.887503981590271,0.8889080286026001,0.8471980094909668,0.87270098924636841,358835288
2023-05-19T00:00:00.000000Z,0.87265098094940186,0.87837100028991699,0.86509299278259277,0.87093502283096313,261962240
2023-05-20T00:00:00.000000Z,0.870993971824646,0.87863802909851074,0.86531102657318115,0.87714499235153198,205588080
2023-05-21T00:00:00.000000Z,0.8770490288734436,0.87928402423858643,0.85566097497940063,0.85678297281265259,193636551
2023-05-22T00:00:00.000000Z,0.85679399967193604,0.87488198280334473,0.84533298015594482,0.87197202444076538,247627879
2023-05-23T00:00:00.000000Z,0.87196600437164307,0.89100301265716553,0.87102097272872925,0.88988000154495239,258878387
2023-05-24T00:00:00.000000Z,0.88985902070999146,0.88985902070999146,0.8591189980506897,0.87402200698852539,282652949
2023-05-25T00:00:00.000000Z,0.87400400638580322,0.89797699451446533,0.86064499616622925,0.89001297950744629,328893269
2023-05-26T00:00:00.000000Z,0.8900189995765686,0.95141899585723877,0.88938397169113159,0.91162502765655518,502982266
2023-05-27T00:00:00.000000Z,0.91159498691558838,0.92243999242782593,0.90821397304534912,0.92097198963165283,241359025
2023-05-28T00:00:00.000000Z,0.92093199491500854,0.95387601852416992,0.91889798641204834,0.94188797473907471,271853007
2023-05-29T00:00:00.000000Z,0.94191300868988037,0.94857299327850342,0.90538698434829712,0.90939998626708984,311381909
2023-05-30T00:00:00.000000Z,0.90941697359085083,0.91510999202728271,0.88768601417541504,0.90147197246551514,310496126
2023-05-31T00:00:00.000000Z,0.90148001909255981,0.90456801652908325,0.88135302066802979,0.89332002401351929,249703507
2023-06-01T00:00:00.000000Z,0.89324098825454712,0.89820301532745361,0.8787270188331604,0.88856297731399536,220639687
2023-06-02T00:00:00.000000Z,0.88855600357055664,0.90844398736953735,0.88438498973846436,0.90017801523208618,229584396
2023-06-03T00:00:00.000000Z,0.90015602111816406,0.90648597478866577,0.89446800947189331,0.89951401948928833,169028400
2023-06-04T00:00:00.000000Z,0.89952898025512695,0.90636897087097168,0.89284598827362061,0.89335602521896362,180971684
2023-06-05T00:00:00.000000Z,0.89332801103591919,0.89332801103591919,0.83038097620010376,0.83622699975967407,345034268
2023-06-06T00:00:00.000000Z,0.83622902631759644,0.83634400367736816,0.7936750054359436,0.82373398542404175,459620243
2023-06-07T00:00:00.000000Z,0.82364797592163086,0.82364797592163086,0.76186001300811768,0.7652440071105957,404025608
2023-06-08T00:00:00.000000Z,0.7653229832649231,0.78439301252365112,0.75783097743988037,0.78139597177505493,276953404
2023-06-09T00:00:00.000000Z,0.78144502639770508,0.78787398338317871,0.72419100999832153,0.727711021900177,414939391
2023-06-10T00:00:00.000000Z,0.72763997316360474,0.72763997316360474,0.55931901931762695,0.61195802688598633,1177044809
2023-06-11T00:00:00.000000Z,0.61185598373413086,0.65752100944519043,0.59512001276016235,0.63507300615310669,561201492
2023-06-12T00:00:00.000000Z,0.63508599996566772,0.65132600069046021,0.62124300003051758,0.64302301406860352,437837502
2023-06-13T00:00:00.000000Z,0.64305901527404785,0.67296797037124634,0.62793898582458496,0.64430898427963257,404342516
2023-06-14T00:00:00.000000Z,0.64430797100067139,0.65977102518081665,0.61221301555633545,0.61920201778411865,329198020
2023-06-15T00:00:00.000000Z,0.61923098564147949,0.62646597623825073,0.56350600719451904,0.59046298265457153,544770520
2023-06-16T00:00:00.000000Z,0.59040498733520508,0.59730398654937744,0.56244397163391113,0.58985799551010132,464462559
2023-06-17T00:00:00.000000Z,0.58989298343658447,0.63022500276565552,0.58670401573181152,0.61366701126098633,407483681
2023-06-18T00:00:00.000000Z,0.61363399028778076,0.61781597137451172,0.5959479808807373,0.59680700302124023,265351648
2023-06-19T00:00:00.000000Z,0.59683001041412354,0.61923897266387939,0.59428900480270386,0.61404198408126831,225072703
2023-06-20T00:00:00.000000Z,0.61408799886703491,0.6312900185585022,0.59293502569198608,0.63116598129272461,265318129
2023-06-21T00:00:00.000000Z,0.63114500045776367,0.67556697130203247,0.62922900915145874,0.66969501972198486,425041083
2023-06-22T00:00:00.000000Z,0.66960698366165161,0.70728802680969238,0.65492397546768188,0.65679097175598145,427209576
2023-06-23T00:00:00.000000Z,0.65668702125549316,0.69174098968505859,0.65645897388458252,0.67509001493453979,318052995
2023-06-24T00:00:00.000000Z,0.67511200904846191,0.68770402669906616,0.64917302131652832,0.65529900789260864,255007502
2023-06-25T00:00:00.000000Z,0.65515601634979248,0.67941999435424805,0.65076500177383423,0.66758400201797485,262502306
2023-06-26T00:00:00.000000Z,0.6675189733505249,0.66979700326919556,0.64035600423812866,0.64541101455688477,263522736
2023-06-27T00:00:00.000000Z,0.64540797472000122,0.67125797271728516,0.64413100481033325,0.66394197940826416,251811031
2023-06-28T00:00:00.000000Z,0.66385799646377563,0.66385799646377563,0.60964000225067139,0.61448997259140015,346578557
2023-06-29T00:00:00.000000Z,0.61440300941467285,0.6427839994430542,0.61248797178268433,0.62390100955963135,235799448
2023-06-30T00:00:00.000000Z,0.62388002872467041,0.6681780219078064,0.61970400810241699,0.66101497411727905,464441693
2023-07-01T00:00:00.000000Z,0.66101199388504028,0.67669302225112915,0.65159201622009277,0.67669302225112915,257553268
2023-07-02T00:00:00.000000Z,0.67671602964401245,0.6875309944152832,0.66313600540161133,0.68150097131729126,254851614
2023-07-03T00:00:00.000000Z,0.68151897192001343,0.719340980052948,0.67959797382354736,0.7137029767036438,348005595
2023-07-04T00:00:00.000000Z,0.71373897790908813,0.71798098087310791,0.69300901889801025,0.69609200954437256,263697319
2023-07-05T00:00:00.000000Z,0.69612002372741699,0.70515799522399902,0.66289401054382324,0.67099201679229736,293161940
2023-07-06T00:00:00.000000Z,0.67097699642181396,0.69879698753356934,0.65219897031784058,0.66314101219177246,381528081
2023-07-07T00:00:00.000000Z,0.66307699680328369,0.67939198017120361,0.65778100490570068,0.67650997638702393,263295246
2023-07-08T00:00:00.000000Z,0.67649799585342407,0.68560099601745605,0.67233997583389282,0.68028801679611206,214889462
2023-07-09T00:00:00.000000Z,0.68026697635650635,0.699226975440979,0.67889398336410522,0.68822497129440308,254423808
2023-07-10T00:00:00.000000Z,0.68828099966049194,0.74727201461791992,0.67407399415969849,0.73648697137832642,504504590
2023-07-11T00:00:00.000000Z,0.73646599054336548,0.74710297584533691,0.73444098234176636,0.74212199449539185,330288973
2023-07-12T00:00:00.000000Z,0.74211502075195312,0.75399297475814819,0.71876299381256104,0.72421097755432129,309059104
2023-07-13T00:00:00.000000Z,0.7241550087928772,0.87753099203109741,0.71438199281692505,0.84968799352645874,926894153
2023-07-14T00:00:00.000000Z,0.84981298446655273,0.87288200855255127,0.78088897466659546,0.80955797433853149,579092396
2023-07-15T00:00:00.000000Z,0.80950397253036499,0.82444298267364502,0.79672098159790039,0.79941898584365845,278336105
2023-07-16T00:00:00.000000Z,0.79947900772094727,0.80196297168731689,0.76748698949813843,0.76757502555847168,297103359
2023-07-17T00:00:00.000000Z,0.76760798692703247,0.7860569953918457,0.75960797071456909,0.77891898155212402,367352244
2023-07-18T00:00:00.000000Z,0.77887099981307983,0.78189802169799805,0.7325969934463501,0.73836201429367065,341554788
2023-07-19T00:00:00.000000Z,0.73840898275375366,0.75510001182556152,0.73175400495529175,0.74493801593780518,307479962
2023-07-20T00:00:00.000000Z,0.74489802122116089,0.77486300468444824,0.73241502046585083,0.76761001348495483,402810297
2023-07-21T00:00:00.000000Z,0.76757997274398804,0.78061097860336304,0.76015698909759521,0.77055799961090088,256752750
2023-07-22T00:00:00.000000Z,0.77046102285385132,0.77488899230957031,0.7438730001449585,0.74620902538299561,218472126
2023-07-23T00:00:00.000000Z,0.74625599384307861,0.76642799377441406,0.74206298589706421,0.75754398107528687,200341834
2023-07-24T00:00:00.000000Z,0.75743001699447632,0.76106202602386475,0.71684002876281738,0.7280769944190979,274808798
2023-07-25T00:00:00.000000Z,0.7280619740486145,0.72861397266387939,0.70550298690795898,0.70846402645111084,240609108
2023-07-26T00:00:00.000000Z,0.70842599868774414,0.73023498058319092,0.70006197690963745,0.72238999605178833,335258142
2023-07-27T00:00:00.000000Z,0.72243499755859375,0.73473399877548218,0.71361398696899414,0.71654397249221802,240026741
2023-07-28T00:00:00.000000Z,0.71654599905014038,0.72040897607803345,0.70713198184967041,0.71012198925018311,215792386
2023-07-29T00:00:00.000000Z,0.71008700132369995,0.72341597080230713,0.7087860107421875,0.71890497207641602,194631163
2023-07-30T00:00:00.000000Z,0.71890002489089966,0.71900099515914917,0.68868899345397949,0.69756400585174561,233376803
2023-07-31T00:00:00.000000Z,0.69754302501678467,0.70696800947189331,0.68422198295593262,0.68792897462844849,223377168
2023-08-01T00:00:00.000000Z,0.68790000677108765,0.70131099224090576,0.67065298557281494,0.70131099224090576,301727240
2023-08-02T00:00:00.000000Z,0.70130300521850586,0.70224398374557495,0.6796259880065918,0.68091499805450439,273650353
2023-08-03T00:00:00.000000Z,0.68086099624633789,0.6840980052947998,0.66409099102020264,0.66809999942779541,303790793
2023-08-04T00:00:00.000000Z,0.66809797286987305,0.6768530011177063,0.65966302156448364,0.6640239953994751,239066896
2023-08-05T00:00:00.000000Z,0.6640160083770752,0.66747397184371948,0.65880399942398071,0.66648799180984497,217776578
2023-08-06T00:00:00.000000Z,0.66650098562240601,0.67466098070144653,0.66415101289749146,0.6666799783706665,224455382
2023-08-07T00:00:00.000000Z,0.66670000553131104,0.67931199073791504,0.65131902694702148,0.6651419997215271,298678121
2023-08-08T00:00:00.000000Z,0.66511398553848267,0.69432300329208374,0.66234302520751953,0.68560999631881714,323241215
2023-08-09T00:00:00.000000Z,0.68561798334121704,0.69861602783203125,0.68264597654342651,0.69001400470733643,270868453
2023-08-10T00:00:00.000000Z,0.69002097845077515,0.69869202375411987,0.68402498960494995,0.6849750280380249,259293296
2023-08-11T00:00:00.000000Z,0.68497902154922485,0.68780601024627686,0.67660802602767944,0.68070399761199951,191108555
2023-08-12T00:00:00.000000Z,0.68073201179504395,0.68277299404144287,0.67758899927139282,0.68171697854995728,155953454
2023-08-13T00:00:00.000000Z,0.68169599771499634,0.68877798318862915,0.67546898126602173,0.67732697725296021,178775055
2023-08-14T00:00:00.000000Z,0.67733800411224365,0.68422400951385498,0.67306500673294067,0.67934900522232056,211288256
2023-08-15T00:00:00.000000Z,0.67934697866439819,0.67934697866439819,0.63262999057769775,0.6386299729347229,294209268
2023-08-16T00:00:00.000000Z,0.63864302635192871,0.63864302635192871,0.60960602760314941,0.62324202060699463,342369893
2023-08-17T00:00:00.000000Z,0.62325698137283325,0.6267629861831665,0.54640501737594604,0.57407897710800171,418679962
2023-08-18T00:00:00.000000Z,0.57416200637817383,0.58358198404312134,0.56648999452590942,0.57781499624252319,303517081
2023-08-19T00:00:00.000000Z,0.57783597707748413,0.58736997842788696,0.57412701845169067,0.57676100730895996,209859583
2023-08-20T00:00:00.000000Z,0.57675498723983765,0.58066701889038086,0.57193201780319214,0.58022302389144897,217843754
2023-08-21T00:00:00.000000Z,0.58022302389144897,0.58035898208618164,0.55409198999404907,0.55797499418258667,270050222
2023-08-22T00:00:00.000000Z,0.55793702602386475,0.55810600519180298,0.53056001663208008,0.54830300807952881,349326558
2023-08-23T00:00:00.000000Z,0.54836499691009521,0.56827199459075928,0.5456550121307373,0.55689698457717896,301542437
2023-08-24T00:00:00.000000Z,0.55691498517990112,0.55977499485015869,0.53930699825286865,0.54711401462554932,231067164
2023-08-25T00:00:00.000000Z,0.54712897539138794,0.55426299571990967,0.53771799802780151,0.54619401693344116,274560763
2023-08-26T00:00:00.000000Z,0.54619598388671875,0.54846400022506714,0.54440897703170776,0.54811197519302368,191110109
2023-08-27T00:00:00.000000Z,0.5481029748916626,0.5607140064239502,0.54573100805282593,0.55596297979354858,228209581
2023-08-28T00:00:00.000000Z,0.5559689998626709,0.56653898954391479,0.548583984375,0.56202501058578491,254320937
2023-08-29T00:00:00.000000Z,0.56203097105026245,0.61508399248123169,0.55267500877380371,0.59337401390075684,411674726
2023-08-30T00:00:00.000000Z,0.59338700771331787,0.59404599666595459,0.56875002384185791,0.57508200407028198,270003080
2023-08-31T00:00:00.000000Z,0.57511699199676514,0.58627200126647949,0.5458030104637146,0.54940402507781982,286583421
2023-09-01T00:00:00.000000Z,0.54941397905349731,0.55322200059890747,0.53431797027587891,0.54054999351501465,244266527
2023-09-02T00:00:00.000000Z,0.54055899381637573,0.54654598236083984,0.53706598281860352,0.54082000255584717,195924087
2023-09-03T00:00:00.000000Z,0.54083597660064697,0.54547202587127686,0.53860199451446533,0.54217302799224854,175773394
2023-09-04T00:00:00.000000Z,0.54216498136520386,0.55374997854232788,0.54057502746582031,0.55366599559783936,217401122
2023-09-05T00:00:00.000000Z,0.55369800329208374,0.56559598445892334,0.55110102891921997,0.55823701620101929,224922289
2023-09-06T00:00:00.000000Z,0.55823498964309692,0.56672900915145874,0.54539000988006592,0.55865997076034546,236675413
2023-09-07T00:00:00.000000Z,0.55865097045898438,0.56392502784729004,0.55072897672653198,0.55497997999191284,210959575
2023-09-08T00:00:00.000000Z,0.55498600006103516,0.55757898092269897,0.5377349853515625,0.54346597194671631,214684321
2023-09-09T00:00:00.000000Z,0.54345899820327759,0.54351502656936646,0.54016900062561035,0.54022002220153809,131398133
2023-09-10T00:00:00.000000Z,0.54021000862121582,0.54021000862121582,0.51599901914596558,0.52346700429916382,209186718
2023-09-11T00:00:00.000000Z,0.52345800399780273,0.5240359902381897,0.49461299180984497,0.50344300270080566,225645646
2023-09-12T00:00:00.000000Z,0.50344002246856689,0.51726400852203369,0.50174301862716675,0.50670498609542847,223838314
2023-09-13T00:00:00.000000Z,0.5067179799079895,0.52083301544189453,0.50584101676940918,0.51391702890396118,210101064
2023-09-14T00:00:00.000000Z,0.5139080286026001,0.52667498588562012,0.5138009786605835,0.52213799953460693,203993346
2023-09-15T00:00:00.000000Z,0.52213197946548462,0.53395199775695801,0.51625597476959229,0.52990400791168213,200264327
2023-09-16T00:00:00.000000Z,0.52988499402999878,0.53528898954391479,0.52551299333572388,0.52872097492218018,180516988
2023-09-17T00:00:00.000000Z,0.52870297431945801,0.52870297431945801,0.51522302627563477,0.5174720287322998,174765549
2023-09-18T00:00:00.000000Z,0.51745200157165527,0.53469401597976685,0.51362401247024536,0.5264970064163208,212849349
2023-09-19T00:00:00.000000Z,0.52649098634719849,0.5448949933052063,0.52515602111816406,0.54465597867965698,209249424
2023-09-20T00:00:00.000000Z,0.54466098546981812,0.54856002330780029,0.53598999977111816,0.54148799180984497,216964681
2023-09-21T00:00:00.000000Z,0.5414850115776062,0.54322201013565063,0.5193219780921936,0.52015197277069092,255574808
2023-09-22T00:00:00.000000Z,0.52015197277069092,0.52416002750396729,0.51745498180389404,0.52099502086639404,167780325
2023-09-23T00:00:00.000000Z,0.52099502086639404,0.52302902936935425,0.51982301473617554,0.52075099945068359,131725692
2023-09-24T00:00:00.000000Z,0.52076101303100586,0.52591097354888916,0.51282000541687012,0.51358902454376221,147333782
2023-09-25T00:00:00.000000Z,0.51359599828720093,0.51972401142120361,0.51009500026702881,0.51936501264572144,193327330
2023-09-26T00:00:00.000000Z,0.5193449854850769,0.52455401420593262,0.50936299562454224,0.51006001234054565,210114077
2023-09-27T00:00:00.000000Z,0.51006299257278442,0.51609599590301514,0.50199097394943237,0.50343602895736694,246198499
2023-09-28T00:00:00.000000Z,0.50342297554016113,0.52277100086212158,0.50319802761077881,0.51959002017974854,259295498
2023-09-29T00:00:00.000000Z,0.51961100101470947,0.52700400352478027,0.51791501045227051,0.52575898170471191,242376756
2023-09-30T00:00:00.000000Z,0.52577197551727295,0.53653299808502197,0.52477401494979858,0.53328102827072144,231392230
2023-10-01T00:00:00.000000Z,0.53326898813247681,0.5737529993057251,0.53310400247573853,0.56853199005126953,359188208
2023-10-02T00:00:00.000000Z,0.56853097677230835,0.57012498378753662,0.54528498649597168,0.54751300811767578,323882643
2023-10-03T00:00:00.000000Z,0.54749500751495361,0.57621002197265625,0.54740297794342041,0.56630802154541016,348615238
2023-10-04T00:00:00.000000Z,0.56635600328445435,0.59365099668502808,0.55226701498031616,0.56336897611618042,405730483
2023-10-05T00:00:00.000000Z,0.56335699558258057,0.56547898054122925,0.54601800441741943,0.54601800441741943,256815336
2023-10-06T00:00:00.000000Z,0.54593402147293091,0.56871902942657471,0.54579901695251465,0.56418901681900024,239566213
2023-10-07T00:00:00.000000Z,0.56417500972747803,0.57915598154067993,0.56376397609710693,0.5638049840927124,266966429
2023-10-08T00:00:00.000000Z,0.56385397911071777,0.56856602430343628,0.55804800987243652,0.56118500232696533,215100823
2023-10-09T00:00:00.000000Z,0.56116801500320435,0.56116801500320435,0.52410900592803955,0.529774010181427,271231367
2023-10-10T00:00:00.000000Z,0.52975600957870483,0.53375697135925293,0.51270097494125366,0.5175589919090271,244648712
2023-10-11T00:00:00.000000Z,0.5175359845161438,0.5210070013999939,0.50841498374938965,0.51415401697158813,212903940
2023-10-12T00:00:00.000000Z,0.51417702436447144,0.51543498039245605,0.5022919774055481,0.5076640248298645,212062295
2023-10-13T00:00:00.000000Z,0.50766497850418091,0.52298498153686523,0.5074080228805542,0.51490700244903564,202129077
2023-10-14T00:00:00.000000Z,0.51489800214767456,0.52121400833129883,0.51470601558685303,0.51756399869918823,160808751
2023-10-15T00:00:00.000000Z,0.51755797863006592,0.51992297172546387,0.51416599750518799,0.51542097330093384,170343903
2023-10-16T00:00:00.000000Z,0.51542901992797852,0.53786402940750122,0.51498299837112427,0.53412097692489624,329327151
2023-10-17T00:00:00.000000Z,0.53408300876617432,0.53447002172470093,0.51715701818466187,0.51947098970413208,230366002
2023-10-18T00:00:00.000000Z,0.51945102214813232,0.52295601367950439,0.51097702980041504,0.5113149881362915,178560548
2023-10-19T00:00:00.000000Z,0.51131701469421387,0.51919502019882202,0.50637400150299072,0.51762902736663818,189126823
2023-10-20T00:00:00.000000Z,0.51763397455215454,0.54516202211380005,0.51520001888275146,0.53605502843856812,264551458
2023-10-21T00:00:00.000000Z,0.53605800867080688,0.57599800825119019,0.53394800424575806,0.57271599769592285,293523175
2023-10-22T00:00:00.000000Z,0.57271897792816162,0.61053502559661865,0.56002497673034668,0.60912901163101196,369588664
2023-10-23T00:00:00.000000Z,0.6183590292930603,0.64410299062728882,0.60079401731491089,0.6356239914894104,573655225
2023-10-24T00:00:00.000000Z,0.63563501834869385,0.66369998455047607,0.61992299556732178,0.62453502416610718,524184605
2023-10-25T00:00:00.000000Z,0.62457698583602905,0.64684402942657471,0.61628001928329468,0.63030701875686646,357040121
2023-10-26T00:00:00.000000Z,0.63032197952270508,0.65769600868225098,0.61800599098205566,0.63220500946044922,317129218
2023-10-27T00:00:00.000000Z,0.63223201036453247,0.63237398862838745,0.60327798128128052,0.60973399877548218,241906331
2023-10-28T00:00:00.000000Z,0.60972797870635986,0.62566500902175903,0.60933899879455566,0.62063902616500854,142624144
2023-10-29T00:00:00.000000Z,0.62063997983932495,0.64186602830886841,0.61531901359558105,0.63823002576828003,163017931
2023-10-30T00:00:00.000000Z,0.6382489800453186,0.6499360203742981,0.62821602821350098,0.64992797374725342,254160422
2023-10-31T00:00:00.000000Z,0.64996600151062012,0.65611201524734497,0.62497097253799438,0.63598102331161499,298499867
2023-11-01T00:00:00.000000Z,0.63597398996353149,0.66810297966003418,0.61980301141738892,0.66810297966003418,331541961
2023-11-02T00:00:00.000000Z,0.66819500923156738,0.68627297878265381,0.64701098203659058,0.66108697652816772,359007840
2023-11-03T00:00:00.000000Z,0.66098898649215698,0.67209601402282715,0.64569002389907837,0.67194300889968872,271525150
2023-11-04T00:00:00.000000Z,0.67197299003601074,0.6813730001449585,0.66425800323486328,0.67787301540374756,161513891
2023-11-05T00:00:00.000000Z,0.67786699533462524,0.69753497838973999,0.67499500513076782,0.69333302974700928,236398260
2023-11-06T00:00:00.000000Z,0.69331502914428711,0.73540699481964111,0.69087702035903931,0.73540699481964111,283550231
2023-11-07T00:00:00.000000Z,0.73544800281524658,0.74422699213027954,0.6981319785118103,0.74208599328994751,407426939
2023-11-08T00:00:00.000000Z,0.74203801155090332,0.80725997686386108,0.73700600862503052,0.78947800397872925,556997599
2023-11-09T00:00:00.000000Z,0.78942298889160156,0.8565099835395813,0.78653597831726074,0.8565099835395813,801686348
2023-11-10T00:00:00.000000Z,0.85586899518966675,0.86855399608612061,0.81807601451873779,0.84435099363327026,550900413
2023-11-11T00:00:00.000000Z,0.84426802396774292,0.84487497806549072,0.79835999011993408,0.80288600921630859,542275703
2023-11-12T00:00:00.000000Z,0.80294102430343628,0.92486101388931274,0.77987498044967651,0.89751201868057251,922611764
2023-11-13T00:00:00.000000Z,0.89766401052474976,0.95115399360656738,0.864329993724823,0.88397699594497681,978252420
2023-11-14T00:00:00.000000Z,0.88418900966644287,0.97889697551727295,0.85551702976226807,0.9155840277671814,1368325088
2023-11-15T00:00:00.000000Z,0.91589897871017456,0.95914798974990845,0.88889801502227783,0.92201298475265503,1071855040
2023-11-16T00:00:00.000000Z,0.92198902368545532,0.94185900688171387,0.83823901414871216,0.84649002552032471,975606904
2023-11-17T00:00:00.000000Z,0.84652000665664673,0.87327998876571655,0.79583698511123657,0.83073198795318604,672907011
2023-11-18T00:00:00.000000Z,0.83086800575256348,0.83206802606582642,0.78296500444412231,0.83196002244949341,450034676
2023-11-19T00:00:00.000000Z,0.83204901218414307,0.85601401329040527,0.81585001945495605,0.8531460165977478,408384335
2023-11-20T00:00:00.000000Z,0.85319399833679199,0.86636698246002197,0.81073302030563354,0.81151801347732544,450411222
2023-11-21T00:00:00.000000Z,0.81154602766036987,0.81985300779342651,0.7261040210723877,0.73254501819610596,649925948
2023-11-22T00:00:00.000000Z,0.73238199949264526,0.78450697660446167,0.72993201017379761,0.77353298664093018,485645439
2023-11-23T00:00:00.000000Z,0.77349799871444702,0.78421300649642944,0.76622802019119263,0.77293699979782104,297757951
2023-11-24T00:00:00.000000Z,0.77293097972869873,0.79470998048782349,0.75656098127365112,0.75996899604797363,442049409
2023-11-25T00:00:00.000000Z,0.75999200344085693,0.77929002046585083,0.75870901346206665,0.77929002046585083,340634643
2023-11-26T00:00:00.000000Z,0.7792930006980896,0.78476697206497192,0.74822598695755005,0.7630159854888916,336657153
2023-11-27T00:00:00.000000Z,0.76292699575424194,0.76711899042129517,0.73096799850463867,0.7430959939956665,347091693
2023-11-28T00:00:00.000000Z,0.74309200048446655,0.75781601667404175,0.73059797286987305,0.74826198816299438,423819851
2023-11-29T00:00:00.000000Z,0.74828100204467773,0.77026098966598511,0.74485599994659424,0.75769698619842529,416128091
2023-11-30T00:00:00.000000Z,0.75770199298858643,0.78066599369049072,0.75328397750854492,0.76251602172851562,479493165
2023-12-01T00:00:00.000000Z,0.76253402233123779,0.79949599504470825,0.75717699527740479,0.79949599504470825,499277190
2023-12-02T00:00:00.000000Z,0.79948002099990845,0.82372099161148071,0.79785901308059692,0.81621599197387695,454913954
2023-12-03T00:00:00.000000Z,0.8161960244178772,0.82266300916671753,0.80085700750350952,0.8141859769821167,458409742
2023-12-04T00:00:00.000000Z,0.81418299674987793,0.8364030122756958,0.78956902027130127,0.80970102548599243,698154396
2023-12-05T00:00:00.000000Z,0.80972802639007568,0.81901901960372925,0.78654497861862183,0.81346601247787476,461846745
2023-12-06T00:00:00.000000Z,0.8134390115737915,0.84573602676391602,0.80567800998687744,0.81885302066802979,620621299
2023-12-07T00:00:00.000000Z,0.81895899772644043,0.85627400875091553,0.81482201814651489,0.84235298633575439,551817471
2023-12-08T00:00:00.000000Z,0.84242701530456543,0.90941697359085083,0.84242701530456543,0.90642398595809937,653682607
2023-12-09T00:00:00.000000Z,0.90642499923706055,0.94356799125671387,0.88065600395202637,0.88491398096084595,786813172
2023-12-10T00:00:00.000000Z,0.88490897417068481,0.92978698015213013,0.88223397731781006,0.92195498943328857,468332239
2023-12-11T00:00:00.000000Z,0.92203801870346069,0.93816101551055908,0.81845098733901978,0.84184998273849487,825560982
2023-12-12T00:00:00.000000Z,0.84182697534561157,0.89798998832702637,0.84156298637390137,0.88609600067138672,643007151
2023-12-13T00:00:00.000000Z,0.88590997457504272,0.89516699314117432,0.83544600009918213,0.8876349925994873,623442157
2023-12-14T00:00:00.000000Z,0.88756197690963745,0.90206700563430786,0.86789202690124512,0.88408702611923218,493117368
2023-12-15T00:00:00.000000Z,0.88408398628234863,0.8843119740486145,0.83952999114990234,0.83952999114990234,371534275
2023-12-16T00:00:00.000000Z,0.83954602479934692,0.86500799655914307,0.83474302291870117,0.84991097450256348,287851796
2023-12-17T00:00:00.000000Z,0.84991997480392456,0.8520740270614624,0.81745600700378418,0.81892198324203491,305937580
2023-12-18T00:00:00.000000Z,0.81887400150299072,0.82468599081039429,0.76227998733520508,0.80029302835464478,511951754
2023-12-19T00:00:00.000000Z,0.80032902956008911,0.82112401723861694,0.75489401817321777,0.76535898447036743,493620445
2023-12-20T00:00:00.000000Z,0.7653999924659729,0.79670798778533936,0.75751799345016479,0.77510297298431396,561206164
2023-12-21T00:00:00.000000Z,0.77520197629928589,0.81844300031661987,0.77129101753234863,0.81721401214599609,541231247
2023-12-22T00:00:00.000000Z,0.81717199087142944,0.87663900852203369,0.81386500597000122,0.87659698724746704,772918598
2023-12-23T00:00:00.000000Z,0.87668699026107788,0.88041001558303833,0.83144497871398926,0.8592190146446228,442128991
2023-12-24T00:00:00.000000Z,0.85920602083206177,0.88299697637557983,0.83618801832199097,0.85102301836013794,669003840
2023-12-25T00:00:00.000000Z,0.85096901655197144,0.92040801048278809,0.83998399972915649,0.91195797920227051,700767553
2023-12-26T00:00:00.000000Z,0.91197997331619263,1.0260339975357056,0.86430799961090088,1.0154169797897339,1725555975
2023-12-27T00:00:00.000000Z,1.0155849456787109,1.0880750417709351,0.98879700899124146,1.0396239757537842,1815090151
2023-12-28T00:00:00.000000Z,1.0394320487976074,1.0678889751434326,0.99066698551177979,1.0034129619598389,1032228501
2023-12-29T00:00:00.000000Z,1.0034370422363281,1.0173039436340332,0.95365601778030396,0.97336500883102417,759508197
2023-12-30T00:00:00.000000Z,0.97336101531982422,0.98736602067947388,0.94761300086975098,0.9530869722366333,388380646
2023-12-31T00:00:00.000000Z,0.95297497510910034,1.0102570056915283,0.94627100229263306,0.97060799598693848,507268025
2024-01-01T00:00:00.000000Z,0.97062897682189941,1.0168319940567017,0.95980900526046753,1.0156519412994385,443087382
2024-01-02T00:00:00.000000Z,1.0157179832458496,1.0322489738464355,0.96708202362060547,0.96971797943115234,562463311
2024-01-03T00:00:00.000000Z,0.96973901987075806,0.98754400014877319,0.83810502290725708,0.85542100667953491,1021527566
2024-01-04T00:00:00.000000Z,0.85539001226425171,0.89146500825881958,0.84486502408981323,0.88343697786331177,514340614
2024-01-05T00:00:00.000000Z,0.88339799642562866,0.8869209885597229,0.82656902074813843,0.85201901197433472,510362752
2024-01-06T00:00:00.000000Z,0.85222899913787842,0.85310298204421997,0.8009830117225647,0.82823997735977173,367787806
2024-01-07T00:00:00.000000Z,0.82828998565673828,0.84354299306869507,0.79768997430801392,0.80074101686477661,314333289
2024-01-08T00:00:00.000000Z,0.8008040189743042,0.84307897090911865,0.74642401933670044,0.84263300895690918,621855718
2024-01-09T00:00:00.000000Z,0.84261202812194824,0.84410601854324341,0.78386199474334717,0.80605798959732056,561069781
2024-01-10T00:00:00.000000Z,0.80615097284317017,0.91091001033782959,0.80497902631759644,0.89788597822189331,781940772
2024-01-11T00:00:00.000000Z,0.89838200807571411,0.95550698041915894,0.88462400436401367,0.92733997106552124,888925487
2024-01-12T00:00:00.000000Z,0.92721498012542725,0.94341397285461426,0.84445101022720337,0.86421197652816772,658365257
2024-01-13T00:00:00.000000Z,0.86400002241134644,0.88733899593353271,0.84521198272705078,0.88191097974777222,324710683
2024-01-14T00:00:00.000000Z,0.88189297914505005,0.88230198621749878,0.83772599697113037,0.83792901039123535,322300964
2024-01-15T00:00:00.000000Z,0.83776402473449707,0.86636799573898315,0.83687400817871094,0.84494799375534058,320038477
2024-01-16T00:00:00.000000Z,0.84481000900268555,0.8570290207862854,0.83041501045227051,0.84517401456832886,293431462
2024-01-17T00:00:00.000000Z,0.84510302543640137,0.84954601526260376,0.80312097072601318,0.80950099229812622,422601741
2024-01-18T00:00:00.000000Z,0.80952900648117065,0.81918901205062866,0.77686202526092529,0.78470498323440552,385922731
2024-01-19T00:00:00.000000Z,0.78471601009368896,0.79583501815795898,0.7442060112953186,0.76099300384521484,485827074
2024-01-20T00:00:00.000000Z,0.76103001832962036,0.78533202409744263,0.75168299674987793,0.78511899709701538,307272865
2024-01-21T00:00:00.000000Z,0.78508102893829346,0.80626499652862549,0.78088802099227905,0.78232401609420776,248417785
2024-01-22T00:00:00.000000Z,0.78251701593399048,0.79014497995376587,0.73641902208328247,0.74568700790405273,420512434
2024-01-23T00:00:00.000000Z,0.74570900201797485,0.76333802938461304,0.69328701496124268,0.72414100170135498,436342212
2024-01-24T00:00:00.000000Z,0.72417300939559937,0.74487602710723877,0.71642202138900757,0.73833602666854858,308315691
2024-01-25T00:00:00.000000Z,0.73837900161743164,0.73860198259353638,0.71776401996612549,0.73225998878479004,218772728
2024-01-26T00:00:00.000000Z,0.73223298788070679,0.76186800003051758,0.72752201557159424,0.75901997089385986,247156121
2024-01-27T00:00:00.000000Z,0.75900298357009888,0.78828400373458862,0.75636297464370728,0.78803098201751709,213655164
2024-01-28T00:00:00.000000Z,0.78802299499511719,0.80970698595046997,0.78236097097396851,0.78928202390670776,298814536
2024-01-29T00:00:00.000000Z,0.78915697336196899,0.81527101993560791,0.77505302429199219,0.81317299604415894,307165972
2024-01-30T00:00:00.000000Z,0.81317299604415894,0.8211669921875,0.7965729832649231,0.79988497495651245,322560869
2024-01-31T00:00:00.000000Z,0.79981797933578491,0.83272600173950195,0.78109002113342285,0.78643697500228882,463753986
2024-02-01T00:00:00.000000Z,0.78643500804901123,0.81601899862289429,0.76613700389862061,0.81107699871063232,311645614
2024-02-02T00:00:00.000000Z,0.81106698513031006,0.82180798053741455,0.79650998115539551,0.79834002256393433,247304224
2024-02-03T00:00:00.000000Z,0.79844599962234497,0.80534499883651733,0.78163999319076538,0.78446197509765625,195829064
2024-02-04T00:00:00.000000Z,0.78449302911758423,0.78762698173522949,0.77100002765655518,0.77391397953033447,185109142
2024-02-05T00:00:00.000000Z,0.77382802963256836,0.79373401403427124,0.76439201831817627,0.77932000160217285,215079612
2024-02-06T00:00:00.000000Z,0.77935898303985596,0.81609702110290527,0.77730697393417358,0.80577999353408813,249129735
2024-02-07T00:00:00.000000Z,0.80576300621032715,0.83664900064468384,0.78744500875473022,0.83353197574615479,266774734
2024-02-08T00:00:00.000000Z,0.83354699611663818,0.8469499945640564,0.82550102472305298,0.83439099788665771,323145784
2024-02-09T00:00:00.000000Z,0.83440202474594116,0.85848498344421387,0.83223098516464233,0.85305798053741455,326260757
2024-02-10T00:00:00.000000Z,0.853069007396698,0.86816102266311646,0.83936798572540283,0.84892499446868896,261630361
2024-02-11T00:00:00.000000Z,0.84894299507141113,0.864795982837677,0.83243298530578613,0.83495402336120605,237749039
2024-02-12T00:00:00.000000Z,0.83505702018737793,0.88452798128128052,0.81920897960662842,0.88102602958679199,367786970
2024-02-13T00:00:00.000000Z,0.88088798522949219,0.88458502292633057,0.84542399644851685,0.85367900133132935,339407397
2024-02-14T00:00:00.000000Z,0.85359197854995728,0.89308202266693115,0.84531301259994507,0.8908730149269104,363639708
2024-02-15T00:00:00.000000Z,0.89085602760314941,0.90917801856994629,0.87406200170516968,0.88992798328399658,414566018
2024-02-16T00:00:00.000000Z,0.88998699188232422,0.95535099506378174,0.88760501146316528,0.95273798704147339,629406406
2024-02-17T00:00:00.000000Z,0.95264297723770142,0.95845299959182739,0.90626198053359985,0.92870801687240601,424799841
2024-02-18T00:00:00.000000Z,0.92869597673416138,0.99896401166915894,0.91944402456283569,0.99896401166915894,446422115
2024-02-19T00:00:00.000000Z,0.99894797801971436,1.0097160339355469,0.97721600532531738,0.99643498659133911,538541025
2024-02-20T00:00:00.000000Z,0.99644798040390015,1.0324820280075073,0.94672697782516479,1.0261470079421997,723109903
2024-02-21T00:00:00.000000Z,1.0259770154953003,1.0342880487442017,0.91049402952194214,0.95082402229309082,663661122
2024-02-22T00:00:00.000000Z,0.95086097717285156,1.0446649789810181,0.92291200160980225,0.99136698246002197,856144265
2024-02-23T00:00:00.000000Z,0.99131202697753906,1.0054600238800049,0.9463689923286438,0.98796302080154419,636720506
2024-02-24T00:00:00.000000Z,0.9878699779510498,1.0289620161056519,0.97479301691055298,0.99493998289108276,414625658
2024-02-25T00:00:00.000000Z,0.99493002891540527,1.0030930042266846,0.96583998203277588,0.99825900793075562,391918401
2024-02-26T00:00:00.000000Z,0.99831098318099976,1.0712929964065552,0.97419601678848267,1.0593090057373047,842425073
2024-02-27T00:00:00.000000Z,1.0593489408493042,1.0761159658432007,1.0210319757461548,1.028594970703125,643333432
2024-02-28T00:00:00.000000Z,1.0286010503768921,1.0678420066833496,0.96677297353744507,1.0107159614562988,899092094
2024-02-29T00:00:00.000000Z,1.0107120275497437,1.0604150295257568,0.9830319881439209,1.0012329816818237,818500152
2024-03-01T00:00:00.000000Z,1.0009169578552246,1.0284090042114258,1.0009169578552246,1.0250710248947144,483269403
2024-03-02T00:00:00.000000Z,1.0251669883728027,1.100633978843689,1.0247310400009155,1.0944709777832031,801150809
2024-03-03T00:00:00.000000Z,1.0945229530334473,1.1170510053634644,1.0468590259552002,1.0892410278320312,756889931
2024-03-04T00:00:00.000000Z,1.0892590284347534,1.1499240398406982,1.082677960395813,1.1472630500793457,1128927831
2024-03-05T00:00:00.000000Z,1.147212028503418,1.147212028503418,0.95029199123382568,1.0340839624404907,1493876586
2024-03-06T00:00:00.000000Z,1.0341119766235352,1.1179150342941284,0.99582600593566895,1.1171560287475586,906983640
2024-03-07T00:00:00.000000Z,1.1171640157699585,1.1752760410308838,1.1021389961242676,1.1613509654998779,796535808
2024-03-08T00:00:00.000000Z,1.161391019821167,1.177981972694397,1.1024149656295776,1.1278760433197021,660137697
2024-03-09T00:00:00.000000Z,1.1278749704360962,1.15864098072052,1.122270941734314,1.1586380004882812,457445910
2024-03-10T00:00:00.000000Z,1.1586199998855591,1.245872974395752,1.1493619680404663,1.230849027633667,1073278624
2024-03-11T00:00:00.000000Z,1.2307699918746948,1.2492090463638306,1.1772229671478271,1.2437700033187866,848063405
2024-03-12T00:00:00.000000Z,1.2437700033187866,1.2450909614562988,1.1366699934005737,1.1817009449005127,764958192
2024-03-13T00:00:00.000000Z,1.1816920042037964,1.2871819734573364,1.1770999431610107,1.2714049816131592,957406863
2024-03-14T00:00:00.000000Z,1.2713749408721924,1.2842119932174683,1.1669379472732544,1.2218940258026123,825429823
2024-03-15T00:00:00.000000Z,1.2218940258026123,1.2290209531784058,1.0773489475250244,1.1406630277633667,976771347
2024-03-16T00:00:00.000000Z,1.1406309604644775,1.1673849821090698,1.0266389846801758,1.0434010028839111,714029994
2024-03-17T00:00:00.000000Z,1.0434019565582275,1.0986590385437012,1.0103169679641724,1.0887809991836548,558016826
2024-03-18T00:00:00.000000Z,1.0887809991836548,1.0888270139694214,1.0097160339355469,1.0304470062255859,464278944
2024-03-19T00:00:00.000000Z,1.0304460525512695,1.03569495677948,0.9116399884223938,0.93205899000167847,773940034
2024-03-20T00:00:00.000000Z,0.93203997611999512,1.0166319608688354,0.91335302591323853,1.0091029405593872,646946323
2024-03-21T00:00:00.000000Z,1.0091079473495483,1.012382984161377,0.97235500812530518,0.99477201700210571,423854093
2024-03-22T00:00:00.000000Z,0.9948049783706665,1.018267035484314,0.95405298471450806,0.97015500068664551,391815039
2024-03-23T00:00:00.000000Z,0.97015500068664551,1.0026170015335083,0.95746099948883057,0.98055797815322876,301894931
2024-03-24T00:00:00.000000Z,0.98055797815322876,1.0142649412155151,0.97710001468658447,1.0111030340194702,295313322
2024-03-25T00:00:00.000000Z,1.0110950469970703,1.0597900152206421,1.0033609867095947,1.0454180240631104,408349421
2024-03-26T00:00:00.000000Z,1.0454180240631104,1.0767910480499268,1.0274169445037842,1.0458710193634033,411442489
2024-03-27T00:00:00.000000Z,1.0458660125732422,1.0830470323562622,1.0006630420684814,1.0088469982147217,555503456
2024-03-28T00:00:00.000000Z,1.0088469982147217,1.0253750085830688,0.99623298645019531,1.00205397605896,347140798
2024-03-29T00:00:00.000000Z,1.00205397605896,1.0058139562606812,0.97847700119018555,0.99144697189331055,302147129
2024-03-30T00:00:00.000000Z,0.99144697189331055,1.0030430555343628,0.97653001546859741,0.98051899671554565,280872821
2024-03-31T00:00:00.000000Z,0.98051899671554565,1.0037230253219604,0.97846400737762451,1.0033919811248779,195642572
2024-04-01T00:00:00.000000Z,1.0033930540084839,1.006850004196167,0.92769402265548706,0.95126897096633911,391430716
2024-04-02T00:00:00.000000Z,0.95128500461578369,0.95139902830123901,0.88663399219512939,0.8998749852180481,385713176
2024-04-03T00:00:00.000000Z,0.8998749852180481,0.92149698734283447,0.87677901983261108,0.89556801319122314,304002133
2024-04-04T00:00:00.000000Z,0.89556801319122314,0.92194199562072754,0.87434601783752441,0.90544599294662476,267673378
2024-04-05T00:00:00.000000Z,0.90547001361846924,0.90843302011489868,0.86190998554229736,0.88489699363708496,261151471
2024-04-06T00:00:00.000000Z,0.88489699363708496,0.9055820107460022,0.88289099931716919,0.89761000871658325,184899620
2024-04-07T00:00:00.000000Z,0.89761000871658325,0.92282801866531372,0.89472001791000366,0.91157901287078857,233917268
2024-04-08T00:00:00.000000Z,0.91157901287078857,0.94855201244354248,0.8907960057258606,0.94615298509597778,325004407
2024-04-09T00:00:00.000000Z,0.94615298509597778,0.94922202825546265,0.89482802152633667,0.89752298593521118,330591603
2024-04-10T00:00:00.000000Z,0.89752399921417236,0.90218299627304077,0.86278897523880005,0.88726001977920532,337597337
2024-04-11T00:00:00.000000Z,0.88726001977920532,0.89581602811813354,0.86308902502059937,0.87834501266479492,266450382
2024-04-12T00:00:00.000000Z,0.87834501266479492,0.89373898506164551,0.7378690242767334,0.76665699481964111,616637181
2024-04-13T00:00:00.000000Z,0.76666200160980225,0.7722809910774231,0.59355199337005615,0.65510600805282593,848052834
2024-04-14T00:00:00.000000Z,0.65510600805282593,0.71758401393890381,0.63607501983642578,0.71218901872634888,623071678
2024-04-15T00:00:00.000000Z,0.71218901872634888,0.75161498785018921,0.68618202209472656,0.70775002241134644,446212817
2024-04-16T00:00:00.000000Z,0.70775002241134644,0.72908300161361694,0.67493999004364014,0.70315802097320557,339894933
2024-04-17T00:00:00.000000Z,0.70315700769424438,0.70964401960372925,0.65785402059555054,0.66805100440979004,297497467
2024-04-18T00:00:00.000000Z,0.66805499792098999,0.69084900617599487,0.65134900808334351,0.67641401290893555,296184652
2024-04-19T00:00:00.000000Z,0.67641401290893555,0.69019997119903564,0.62243902683258057,0.67368698120117188,418150369
2024-04-20T00:00:00.000000Z,0.67368698120117188,0.74032300710678101,0.66538399457931519,0.73815900087356567,249332701
2024-04-21T00:00:00.000000Z,0.7381560206413269,0.74470198154449463,0.70402497053146362,0.71339601278305054,232353521
2024-04-22T00:00:00.000000Z,0.71340799331665039,0.74957001209259033,0.71049600839614868,0.74300998449325562,263391903
2024-04-23T00:00:00.000000Z,0.74300998449325562,0.74858999252319336,0.72440797090530396,0.72844302654266357,220905848
2024-04-24T00:00:00.000000Z,0.72844302654266357,0.76295602321624756,0.69865798950195312,0.7047240138053894,335418929
2024-04-25T00:00:00.000000Z,0.70473301410675049,0.7267720103263855,0.69265502691268921,0.72051197290420532,273344290
2024-04-26T00:00:00.000000Z,0.72051197290420532,0.73112601041793823,0.70123797655105591,0.70268499851226807,247154158
2024-04-27T00:00:00.000000Z,0.70268499851226807,0.73347300291061401,0.68486100435256958,0.73217999935150146,253022018
2024-04-28T00:00:00.000000Z,0.73217999935150146,0.74869602918624878,0.71938097476959229,0.72140997648239136,206609435
2024-04-29T00:00:00.000000Z,0.72140997648239136,0.73243099451065063,0.69042599201202393,0.70481902360916138,283731749
2024-04-30T00:00:00.000000Z,0.70481902360916138,0.71214598417282104,0.65099501609802246,0.6670529842376709,300966791
2024-05-01T00:00:00.000000Z,0.6670529842376709,0.69572901725769043,0.63351798057556152,0.69170397520065308,407649322
2024-05-02T00:00:00.000000Z,0.69169902801513672,0.72604799270629883,0.67446297407150269,0.72039502859115601,241439565
2024-05-03T00:00:00.000000Z,0.72039502859115601,0.74111700057983398,0.71541202068328857,0.73285102844238281,212245896
2024-05-04T00:00:00.000000Z,0.73284900188446045,0.73958802223205566,0.72457998991012573,0.72929197549819946,162223546
2024-05-05T00:00:00.000000Z,0.72929197549819946,0.74073600769042969,0.71949201822280884,0.73417800664901733,155941021
2024-05-06T00:00:00.000000Z,0.73417502641677856,0.77727502584457397,0.71059399843215942,0.71059697866439819,328693039
2024-05-07T00:00:00.000000Z,0.71059697866439819,0.71824097633361816,0.69085401296615601,0.69355499744415283,233130895
2024-05-08T00:00:00.000000Z,0.69355499744415283,0.69483602046966553,0.67307698726654053,0.68154001235961914,244059454
2024-05-09T00:00:00.000000Z,0.6815369725227356,0.6983640193939209,0.67295300960540771,0.69457298517227173,193359830
2024-05-10T00:00:00.000000Z,0.69457298517227173,0.70151001214981079,0.66523498296737671,0.67181497812271118,214296652
2024-05-11T00:00:00.000000Z,0.67181497812271118,0.68643999099731445,0.67181497812271118,0.67556101083755493,145266376
2024-05-12T00:00:00.000000Z,0.67556101083755493,0.68364399671554565,0.66909897327423096,0.67099297046661377,114140760
2024-05-13T00:00:00.000000Z,0.67099297046661377,0.67931097745895386,0.64802700281143188,0.66311299800872803,231504146
2024-05-14T00:00:00.000000Z,0.66311299800872803,0.66678500175476074,0.64834398031234741,0.64909499883651733,285686607
2024-05-15T00:00:00.000000Z,0.64909499883651733,0.68809902667999268,0.64425599575042725,0.68670099973678589,295402743
2024-05-16T00:00:00.000000Z,0.68670600652694702,0.69796097278594971,0.66756099462509155,0.69434100389480591,285418373
2024-05-17T00:00:00.000000Z,0.69434100389480591,0.72048002481460571,0.69084399938583374,0.71377700567245483,266591673
2024-05-18T00:00:00.000000Z,0.71377700567245483,0.72019100189208984,0.70847499370574951,0.70952498912811279,195615156
2024-05-19T00:00:00.000000Z,0.70952498912811279,0.71242302656173706,0.68093901872634888,0.68331301212310791,198194411
2024-05-20T00:00:00.000000Z,0.68331301212310791,0.7559400200843811,0.67655497789382935,0.75044101476669312,395850289
2024-05-21T00:00:00.000000Z,0.75044101476669312,0.75831997394561768,0.72036200761795044,0.72918802499771118,449562405
2024-05-22T00:00:00.000000Z,0.72918701171875,0.73224902153015137,0.70364499092102051,0.72294700145721436,372966290
2024-05-23T00:00:00.000000Z,0.72294598817825317,0.75719600915908813,0.69944500923156738,0.74219298362731934,642961647
2024-05-24T00:00:00.000000Z,0.74219197034835815,0.7547529935836792,0.70487499237060547,0.72326600551605225,307807234
2024-05-25T00:00:00.000000Z,0.72326600551605225,0.73308902978897095,0.721576988697052,0.72968900203704834,174669511
2024-05-26T00:00:00.000000Z,0.72968900203704834,0.7329069972038269,0.71286702156066895,0.71607100963592529,186223198
2024-05-27T00:00:00.000000Z,0.71607100963592529,0.74973899126052856,0.71432197093963623,0.74361801147460938,296911207
2024-05-28T00:00:00.000000Z,0.74361801147460938,0.74842900037765503,0.72321301698684692,0.73165500164031982,360580549
2024-05-29T00:00:00.000000Z,0.73165500164031982,0.74473100900650024,0.71387702226638794,0.71398001909255981,395786150
2024-05-30T00:00:00.000000Z,0.71398001909255981,0.72146797180175781,0.68969500064849854,0.69643497467041016,329219857
2024-05-31T00:00:00.000000Z,0.69643497467041016,0.70786798000335693,0.68462198972702026,0.69462102651596069,286690144
2024-06-01T00:00:00.000000Z,0.69462102651596069,0.70225399732589722,0.69122797250747681,0.69836097955703735,180729766
2024-06-02T00:00:00.000000Z,0.69836097955703735,0.70458799600601196,0.68682402372360229,0.68993401527404785,212510842
2024-06-03T00:00:00.000000Z,0.68993502855300903,0.71195197105407715,0.68377000093460083,0.70443999767303467,291943405
2024-06-04T00:00:00.000000Z,0.70443999767303467,0.7189679741859436,0.69782501459121704,0.71515500545501709,244227368
2024-06-05T00:00:00.000000Z,0.71515500545501709,0.72596299648284912,0.70868402719497681,0.72467297315597534,233784193
2024-06-06T00:00:00.000000Z,0.72467499971389771,0.7397649884223938,0.71477401256561279,0.72559499740600586,315340853
2024-06-07T00:00:00.000000Z,0.72559201717376709,0.72721701860427856,0.62966400384902954,0.66708898544311523,535110156
2024-06-08T00:00:00.000000Z,0.66705399751663208,0.66879498958587646,0.64322400093078613,0.64988201856613159,270248916
2024-06-09T00:00:00.000000Z,0.64986997842788696,0.65614402294158936,0.64518201351165771,0.65507698059082031,274311598
2024-06-10T00:00:00.000000Z,0.65508002042770386,0.65948700904846191,0.63700497150421143,0.64980000257492065,366687512
2024-06-11T00:00:00.000000Z,0.64979201555252075,0.65107202529907227,0.61295998096466064,0.61753898859024048,438483099
2024-06-12T00:00:00.000000Z,0.61754298210144043,0.65011602640151978,0.60721802711486816,0.64412599802017212,334154970
2024-06-13T00:00:00.000000Z,0.64418697357177734,0.64547401666641235,0.60143399238586426,0.60456597805023193,296403464
2024-06-14T00:00:00.000000Z,0.60452002286911011,0.61215698719024658,0.57444697618484497,0.59123897552490234,313473415
2024-06-15T00:00:00.000000Z,0.59123402833938599,0.61772698163986206,0.59123200178146362,0.61711198091506958,186918127
2024-06-16T00:00:00.000000Z,0.61709898710250854,0.62749099731445312,0.60495799779891968,0.61904698610305786,212054601
2024-06-17T00:00:00.000000Z,0.61907297372817993,0.61978399753570557,0.57775300741195679,0.58424997329711914,288659789
2024-06-18T00:00:00.000000Z,0.5842139720916748,0.58613002300262451,0.52379697561264038,0.55719000101089478,499153104
2024-06-19T00:00:00.000000Z,0.55719602108001709,0.58090102672576904,0.55476301908493042,0.5761989951133728,217827372
2024-06-20T00:00:00.000000Z,0.5761989951133728,0.59621298313140869,0.56871300935745239,0.57341098785400391,233563632
2024-06-21T00:00:00.000000Z,0.57341200113296509,0.5815579891204834,0.56725102663040161,0.56845098733901978,216840913
2024-06-22T00:00:00.000000Z,0.56844699382781982,0.57326698303222656,0.56320697069168091,0.57101702690124512,139190687
2024-06-23T00:00:00.000000Z,0.57099401950836182,0.58409100770950317,0.55984002351760864,0.56129801273345947,163112330
2024-06-24T00:00:00.000000Z,0.56127399206161499,0.56570601463317871,0.5413849949836731,0.56106698513031006,313215313
2024-06-25T00:00:00.000000Z,0.56109398603439331,0.57600301504135132,0.55833297967910767,0.5674930214881897,203681208
2024-06-26T00:00:00.000000Z,0.56751000881195068,0.57113200426101685,0.5477679967880249,0.55122900009155273,189116580
2024-06-27T00:00:00.000000Z,0.55121797323226929,0.57023799419403076,0.54356402158737183,0.5662580132484436,192035944
2024-06-28T00:00:00.000000Z,0.56627202033996582,0.56972402334213257,0.55189299583435059,0.55189502239227295,194704855
2024-06-29T00:00:00.000000Z,0.5519220232963562,0.56209802627563477,0.54687702655792236,0.54698002338409424,133548794
2024-06-30T00:00:00.000000Z,0.54700398445129395,0.5640140175819397,0.54511600732803345,0.55999702215194702,157589692
2024-07-01T00:00:00.000000Z,0.55992001295089722,0.56854802370071411,0.55368697643280029,0.55776900053024292,177550094
2024-07-02T00:00:00.000000Z,0.55771797895431519,0.5729219913482666,0.5556570291519165,0.57063698768615723,169715603
2024-07-03T00:00:00.000000Z,0.57064700126647949,0.57264101505279541,0.52676498889923096,0.5306130051612854,318607079
2024-07-04T00:00:00.000000Z,0.53058797121047974,0.53454297780990601,0.49460899829864502,0.49488300085067749,381157784
2024-07-05T00:00:00.000000Z,0.49475899338722229,0.49475899338722229,0.43053999543190002,0.46775299310684204,533995834
2024-07-06T00:00:00.000000Z,0.46774300932884216,0.50818300247192383,0.46650001406669617,0.50668799877166748,175193608
2024-07-07T00:00:00.000000Z,0.50667297840118408,0.50667297840118408,0.47595500946044922,0.47747400403022766,175385143
2024-07-08T00:00:00.000000Z,0.47754299640655518,0.51353299617767334,0.4614889919757843,0.50166201591491699,303449233
2024-07-09T00:00:00.000000Z,0.50161802768707275,0.50767397880554199,0.49396800994873047,0.50091797113418579,212096516
2024-07-10T00:00:00.000000Z,0.50091099739074707,0.51486098766326904,0.49379101395606995,0.51299399137496948,185236898
2024-07-11T00:00:00.000000Z,0.51297599077224731,0.52388900518417358,0.4972899854183197,0.49816399812698364,197820791
2024-07-12T00:00:00.000000Z,0.49816301465034485,0.50957298278808594,0.49215900897979736,0.5071679949760437,164844277
2024-07-13T00:00:00.000000Z,0.50719398260116577,0.53545999526977539,0.50615197420120239,0.5314139723777771,178105252
2024-07-14T00:00:00.000000Z,0.53143900632858276,0.5349079966545105,0.51883101463317871,0.53079897165298462,173257620
2024-07-15T00:00:00.000000Z,0.53087902069091797,0.54953300952911377,0.52959400415420532,0.54947400093078613,248101450
2024-07-16T00:00:00.000000Z,0.54945498704910278,0.55184799432754517,0.521340012550354,0.54330599308013916,294401551
2024-07-17T00:00:00.000000Z,0.54334497451782227,0.56072801351547241,0.54010200500488281,0.54012501239776611,245083074
2024-07-18T00:00:00.000000Z,0.54011797904968262,0.55168402194976807,0.51133400201797485,0.51654499769210815,314376073
2024-07-19T00:00:00.000000Z,0.51652801036834717,0.5345500111579895,0.50761198997497559,0.53345298767089844,246690579
2024-07-20T00:00:00.000000Z,0.53344398736953735,0.54235297441482544,0.52861201763153076,0.54183197021484375,185958759
2024-07-21T00:00:00.000000Z,0.54183197021484375,0.54901701211929321,0.52372997999191284,0.54804402589797974,203441283
2024-07-22T00:00:00.000000Z,0.54805701971054077,0.55197799205780029,0.52789002656936646,0.53038698434829712,221994140
2024-07-23T00:00:00.000000Z,0.53038698434829712,0.55641698837280273,0.52209097146987915,0.53283101320266724,329765704
2024-07-24T00:00:00.000000Z,0.53283399343490601,0.53996098041534424,0.51423698663711548,0.51725399494171143,193410215
2024-07-25T00:00:00.000000Z,0.51725500822067261,0.51967000961303711,0.4822709858417511,0.49710598587989807,244970268
2024-07-26T00:00:00.000000Z,0.49710598587989807,0.51506197452545166,0.4970720112323761,0.51478099822998047,165423973
2024-07-27T00:00:00.000000Z,0.51479601860046387,0.52372002601623535,0.51063597202301025,0.51775199174880981,170157670
2024-07-28T00:00:00.000000Z,0.51774901151657104,0.52033102512359619,0.50561702251434326,0.50852400064468384,136866239
2024-07-29T00:00:00.000000Z,0.50852298736572266,0.52437502145767212,0.50851702690124512,0.51085501909255981,201666056
2024-07-30T00:00:00.000000Z,0.51085597276687622,0.52470999956130981,0.50100702047348022,0.50538098812103271,194927834
2024-07-31T00:00:00.000000Z,0.50538402795791626,0.51943099498748779,0.49199798703193665,0.49590298533439636,227801802
2024-08-01T00:00:00.000000Z,0.49591600894927979,0.50424498319625854,0.46697598695755005,0.49184298515319824,301893604
2024-08-02T00:00:00.000000Z,0.49184000492095947,0.49362599849700928,0.45912399888038635,0.46786400675773621,260579900
2024-08-03T00:00:00.000000Z,0.46786400675773621,0.47301700711250305,0.44355499744415283,0.45476299524307251,212783490
2024-08-04T00:00:00.000000Z,0.45476299524307251,0.45741400122642517,0.41121399402618408,0.42097601294517517,224864630
2024-08-05T00:00:00.000000Z,0.42097800970077515,0.42357701063156128,0.33902901411056519,0.38508498668670654,865536489
2024-08-06T00:00:00.000000Z,0.38508298993110657,0.41735100746154785,0.38482099771499634,0.40788799524307251,260751287
2024-08-07T00:00:00.000000Z,0.40788701176643372,0.41652101278305054,0.389055997133255,0.3916110098361969,215089270
2024-08-08T00:00:00.000000Z,0.3916110098361969,0.43243798613548279,0.38835099339485168,0.43193700909614563,222363640
2024-08-09T00:00:00.000000Z,0.43193799257278442,0.43203699588775635,0.41495999693870544,0.42205598950386047,171183448
2024-08-10T00:00:00.000000Z,0.42205598950386047,0.43118301033973694,0.41926500201225281,0.42602801322937012,122547809
2024-08-11T00:00:00.000000Z,0.42602899670600891,0.43743699789047241,0.40311700105667114,0.40327098965644836,146700550
2024-08-12T00:00:00.000000Z,0.40327000617980957,0.43185600638389587,0.4032059907913208,0.42627200484275818,194857724
2024-08-13T00:00:00.000000Z,0.426270991563797,0.42645600438117981,0.41192701458930969,0.42227301001548767,166497342
2024-08-14T00:00:00.000000Z,0.42227301001548767,0.42504000663757324,0.4087580144405365,0.42393699288368225,173475142
2024-08-15T00:00:00.000000Z,0.42393699288368225,0.43132799863815308,0.39752298593521118,0.40159600973129272,225566435
2024-08-16T00:00:00.000000Z,0.40159600973129272,0.40743198990821838,0.39331600069999695,0.40409499406814575,171040229
2024-08-17T00:00:00.000000Z,0.40409499406814575,0.41019299626350403,0.40227800607681274,0.41017699241638184,107043803
2024-08-18T00:00:00.000000Z,0.41017699241638184,0.41887900233268738,0.40762299299240112,0.41155898571014404,128914865
2024-08-19T00:00:00.000000Z,0.41155898571014404,0.43011701107025146,0.41036000847816467,0.43006300926208496,190572950
2024-08-20T00:00:00.000000Z,0.43006500601768494,0.46640700101852417,0.42964300513267517,0.46204999089241028,236028975
2024-08-21T00:00:00.000000Z,0.4620400071144104,0.52826899290084839,0.45698601007461548,0.52539002895355225,472751510
2024-08-22T00:00:00.000000Z,0.52539300918579102,0.53940600156784058,0.51721101999282837,0.53194797039031982,410484366
2024-08-23T00:00:00.000000Z,0.53194797039031982,0.54301702976226807,0.52104699611663818,0.53821998834609985,329283232
2024-08-24T00:00:00.000000Z,0.53821998834609985,0.581076979637146,0.53158700466156006,0.57214498519897461,381291433
2024-08-25T00:00:00.000000Z,0.57214498519897461,0.57399201393127441,0.52372997999191284,0.52419197559356689,350153918
2024-08-26T00:00:00.000000Z,0.52419799566268921,0.5278090238571167,0.50265699625015259,0.50292998552322388,260800936
2024-08-27T00:00:00.000000Z,0.50290799140930176,0.5141720175743103,0.46286201477050781,0.46603098511695862,285603455
2024-08-28T00:00:00.000000Z,0.46603098511695862,0.46642398834228516,0.42692199349403381,0.43695101141929626,422310006
2024-08-29T00:00:00.000000Z,0.43694999814033508,0.44606301188468933,0.41629499197006226,0.4250749945640564,283215249
2024-08-30T00:00:00.000000Z,0.4250749945640564,0.4298349916934967,0.40112599730491638,0.42104700207710266,248358399
2024-08-31T00:00:00.000000Z,0.42104700207710266,0.42671400308609009,0.41785898804664612,0.42003399133682251,139885533
2024-09-01T00:00:00.000000Z,0.42003399133682251,0.42003899812698364,0.39847001433372498,0.40231698751449585,180859650
2024-09-02T00:00:00.000000Z,0.40231698751449585,0.41363200545310974,0.39677900075912476,0.41092699766159058,230435206
2024-09-03T00:00:00.000000Z,0.41092699766159058,0.41431599855422974,0.39787900447845459,0.39787900447845459,218778333
2024-09-04T00:00:00.000000Z,0.39787900447845459,0.39991199970245361,0.36796098947525024,0.38087001442909241,307835531
2024-09-05T00:00:00.000000Z,0.3808709979057312,0.38500499725341797,0.36376699805259705,0.3685779869556427,161593928
2024-09-06T00:00:00.000000Z,0.3685779869556427,0.37860101461410522,0.35730400681495667,0.3659299910068512,187427984
2024-09-07T00:00:00.000000Z,0.3659299910068512,0.37597998976707458,0.36500400304794312,0.36936798691749573,93787608
2024-09-08T00:00:00.000000Z,0.36936798691749573,0.37936899065971375,0.36799100041389465,0.37570399045944214,64257631
2024-09-09T00:00:00.000000Z,0.37569698691368103,0.38461598753929138,0.37279599905014038,0.38255700469017029,64392827
2024-09-10T00:00:00.000000Z,0.38255700469017029,0.38261899352073669,0.37810298800468445,0.38004601001739502,39576111
2024-09-11T00:00:00.000000Z,0.38004601001739502,0.38036701083183289,0.37379598617553711,0.37639701366424561,40981907
2024-09-12T00:00:00.000000Z,0.37639701366424561,0.37897500395774841,0.37526300549507141,0.37849000096321106,36246540
2024-09-13T00:00:00.000000Z,0.37849000096321106,0.44257301092147827,0.37584200501441956,0.38234299421310425,53147484
2024-09-14T00:00:00.000000Z,0.38234299421310425,0.42296901345252991,0.37601500749588013,0.37841498851776123,42256677
2024-09-15T00:00:00.000000Z,0.37841498851776123,0.38690400123596191,0.37794101238250732,0.38332900404930115,40951885
2024-09-16T00:00:00.000000Z,0.38332900404930115,0.38414499163627625,0.3763670027256012,0.37683498859405518,42297951
2024-09-17T00:00:00.000000Z,0.37683498859405518,0.38910698890686035,0.3761650025844574,0.38070398569107056,40846764
2024-09-18T00:00:00.000000Z,0.38070398569107056,0.38589298725128174,0.37539899349212646,0.38587000966072083,40338717
2024-09-19T00:00:00.000000Z,0.38587000966072083,0.4013729989528656,0.38587000966072083,0.39845401048660278,38641730
2024-09-20T00:00:00.000000Z,0.39845401048660278,0.40876701474189758,0.39197200536727905,0.40032601356506348,38235846
2024-09-21T00:00:00.000000Z,0.40032601356506348,0.41028198599815369,0.39392301440238953,0.40887299180030823,35955520
2024-09-22T00:00:00.000000Z,0.40887299180030823,0.4102729856967926,0.39184999465942383,0.40026301145553589,36241018
2024-09-23T00:00:00.000000Z,0.40026301145553589,0.40693899989128113,0.39513200521469116,0.40592300891876221,37172249
2024-09-24T00:00:00.000000Z,0.40592300891876221,0.40892899036407471,0.39966601133346558,0.40883499383926392,37663870
2024-09-25T00:00:00.000000Z,0.40882998704910278,0.4177829921245575,0.40516799688339233,0.40988901257514954,37761815
2024-09-26T00:00:00.000000Z,0.40987798571586609,0.43117201328277588,0.40371799468994141,0.4249730110168457,37573342
2024-09-27T00:00:00.000000Z,0.4249730110168457,0.43748199939727783,0.42414000630378723,0.43377399444580078,36606744
2024-09-28T00:00:00.000000Z,0.43377399444580078,0.43712401390075684,0.41885200142860413,0.42355901002883911,35909029
2024-09-29T00:00:00.000000Z,0.42355901002883911,0.42481398582458496,0.41544198989868164,0.42141899466514587,33682820
2024-09-30T00:00:00.000000Z,0.42141899466514587,0.42162701487541199,0.39431801438331604,0.39591699838638306,37303732
2024-10-01T00:00:00.000000Z,0.39591699838638306,0.40460899472236633,0.37147799134254456,0.37641200423240662,38635885
2024-10-02T00:00:00.000000Z,0.37640100717544556,0.38591200113296509,0.37240099906921387,0.37510299682617188,36395203
2024-10-03T00:00:00.000000Z,0.37510299682617188,0.37824898958206177,0.36932998895645142,0.37642300128936768,37015414
2024-10-04T00:00:00.000000Z,0.376444011926651,0.3856709897518158,0.37616801261901855,0.38373801112174988,34969976
2024-10-05T00:00:00.000000Z,0.38373801112174988,0.38517600297927856,0.3770039975643158,0.3792870044708252,32946008
2024-10-06T00:00:00.000000Z,0.3792870044708252,0.38421401381492615,0.37811601161956787,0.38245999813079834,33126680
2024-10-07T00:00:00.000000Z,0.38245999813079834,0.38920000195503235,0.37547799944877625,0.37559899687767029,36113304
2024-10-08T00:00:00.000000Z,0.37559899687767029,0.3789139986038208,0.37361100316047668,0.37691900134086609,37012090
2024-10-09T00:00:00.000000Z,0.37691900134086609,0.37991100549697876,0.36776399612426758,0.37033399939537048,36710952
2024-10-10T00:00:00.000000Z,0.37033399939537048,0.37584000825881958,0.36556899547576904,0.37086200714111328,39011395
2024-10-11T00:00:00.000000Z,0.37085899710655212,0.37573099136352539,0.37067499756813049,0.37432199716567993,37396835
2024-10-12T00:00:00.000000Z,0.37432199716567993,0.37627801299095154,0.37266498804092407,0.37318500876426697,34535571
2024-10-13T00:00:00.000000Z,0.37318500876426697,0.37381601333618164,0.36594098806381226,0.36874100565910339,34956395
2024-10-14T00:00:00.000000Z,0.36874100565910339,0.37713098526000977,0.36768600344657898,0.3767549991607666,38282635
2024-10-15T00:00:00.000000Z,0.3767549991607666,0.37775498628616333,0.36780700087547302,0.3721579909324646,43714197
2024-10-16T00:00:00.000000Z,0.3721579909324646,0.37453100085258484,0.37019801139831543,0.37324199080467224,14408687
2024-10-17T00:00:00.000000Z,0.37324601411819458,0.37418299913406372,0.36200401186943054,0.36467298865318298,12180433
2024-10-18T00:00:00.000000Z,0.36467298865318298,0.36966800689697266,0.36453899741172791,0.36855301260948181,10998894
2024-10-19T00:00:00.000000Z,0.36855301260948181,0.37569001317024231,0.36842501163482666,0.37159299850463867,10091988
2024-10-20T00:00:00.000000Z,0.37159299850463867,0.38422501087188721,0.36841800808906555,0.38422501087188721,9978893
2024-10-21T00:00:00.000000Z,0.38422501087188721,0.38623198866844177,0.37017899751663208,0.37188199162483215,12711944
2024-10-22T00:00:00.000000Z,0.37188199162483215,0.37349298596382141,0.36383199691772461,0.36591899394989014,16413632
2024-10-23T00:00:00.000000Z,0.36591899394989014,0.36597400903701782,0.34714201092720032,0.3544900119304657,14905055
2024-10-24T00:00:00.000000Z,0.35472598671913147,0.35852101445198059,0.35225400328636169,0.35611900687217712,14321766
2024-10-25T00:00:00.000000Z,0.35611900687217712,0.35622400045394897,0.31301701068878174,0.32153299450874329,17630734
2024-10-26T00:00:00.000000Z,0.32152500748634338,0.32951098680496216,0.31929200887680054,0.32882300019264221,12609049
2024-10-27T00:00:00.000000Z,0.32882300019264221,0.33094599843025208,0.32547199726104736,0.33041301369667053,8972142
2024-10-28T00:00:00.000000Z,0.33041301369667053,0.33102300763130188,0.31364700198173523,0.32544499635696411,15298622
2024-10-29T00:00:00.000000Z,0.32544499635696411,0.33797699213027954,0.32396501302719116,0.33455199003219604,15452518
2024-10-30T00:00:00.000000Z,0.33455199003219604,0.33650600910186768,0.32994100451469421,0.3326680064201355,13620154
2024-10-31T00:00:00.000000Z,0.3326680064201355,0.3332349956035614,0.31636199355125427,0.32065701484680176,7606928
2024-11-01T00:00:00.000000Z,0.32065701484680176,0.32473400235176086,0.31331300735473633,0.31807100772857666,12692181
2024-11-02T00:00:00.000000Z,0.31807100772857666,0.31997999548912048,0.31164601445198059,0.31355801224708557,9812155
2024-11-03T00:00:00.000000Z,0.31355801224708557,0.31405401229858398,0.29548099637031555,0.30081900954246521,5904535
2024-11-04T00:00:00.000000Z,0.30081900954246521,0.30320200324058533,0.28631201386451721,0.29157999157905579,8039566
2024-11-05T00:00:00.000000Z,0.29157999157905579,0.30719101428985596,0.29112899303436279,0.30387899279594421,6762197
2024-11-06T00:00:00.000000Z,0.30387899279594421,0.33609598875045776,0.30349099636077881,0.33390000462532043,18026241
2024-11-07T00:00:00.000000Z,0.33390000462532043,0.35060200095176697,0.3316349983215332,0.34424999356269836,21974547
2024-11-08T00:00:00.000000Z,0.34425100684165955,0.40522301197052002,0.34022501111030579,0.39261800050735474,34392947
2024-11-09T00:00:00.000000Z,0.39261800050735474,0.39594998955726624,0.37512698769569397,0.38571599125862122,21393513
2024-11-10T00:00:00.000000Z,0.38571599125862122,0.42440098524093628,0.38188499212265015,0.40695399045944214,44209835
2024-11-11T00:00:00.000000Z,0.40695399045944214,0.42563199996948242,0.39879301190376282,0.42518201470375061,38328960
2024-11-12T00:00:00.000000Z,0.42518201470375061,0.44460499286651611,0.38146200776100159,0.40090501308441162,44302196
2024-11-13T00:00:00.000000Z,0.40087100863456726,0.40235701203346252,0.3620229959487915,0.37558498978614807,16745070
2024-11-14T00:00:00.000000Z,0.37558498978614807,0.38170900940895081,0.35556301474571228,0.35814398527145386,13033067
2024-11-15T00:00:00.000000Z,0.35813799500465393,0.37427499890327454,0.35029000043869019,0.37110400199890137,13121965
2024-11-16T00:00:00.000000Z,0.37128099799156189,0.43709298968315125,0.37026199698448181,0.42563998699188232,24089503
2024-11-17T00:00:00.000000Z,0.4256649911403656,0.43989700078964233,0.39247098565101624,0.39867401123046875,15553035
2024-11-18T00:00:00.000000Z,0.39867401123046875,0.46971198916435242,0.39664798974990845,0.45432800054550171,14671583
2024-11-19T00:00:00.000000Z,0.45432800054550171,0.45550799369812012,0.42508700489997864,0.43297100067138672,14293289
2024-11-20T00:00:00.000000Z,0.43297100067138672,0.46253898739814758,0.42230498790740967,0.43117699027061462,17314072
2024-11-21T00:00:00.000000Z,0.4311789870262146,0.45934700965881348,0.41890498995780945,0.45247501134872437,10363461
2024-11-22T00:00:00.000000Z,0.45249900221824646,0.49274599552154541,0.44616299867630005,0.49274298548698425,18849570
2024-11-23T00:00:00.000000Z,0.49274900555610657,0.60623699426651001,0.49057900905609131,0.56814897060394287,51346125
2024-11-24T00:00:00.000000Z,0.56821602582931519,0.59843301773071289,0.52517300844192505,0.57273000478744507,22469241
2024-11-25T00:00:00.000000Z,0.57273000478744507,0.61434799432754517,0.54106801748275757,0.54645997285842896,21710882
2024-11-26T00:00:00.000000Z,0.54641801118850708,0.56187498569488525,0.49859198927879333,0.52816402912139893,14266655
2024-11-27T00:00:00.000000Z,0.52816402912139893,0.58210700750350952,0.51737499237060547,0.5804709792137146,14268720
2024-11-28T00:00:00.000000Z,0.58047300577163696,0.58053398132324219,0.54791700839996338,0.5633080005645752,9047890
2024-11-29T00:00:00.000000Z,0.5633080005645752,0.58628302812576294,0.55797302722930908,0.58377999067306519,11435648
2024-11-30T00:00:00.000000Z,0.58377999067306519,0.61637097597122192,0.57357597351074219,0.59857100248336792,15353804
2024-12-01T00:00:00.000000Z,0.59856200218200684,0.60948401689529419,0.58000797033309937,0.60288101434707642,14211341
2024-12-02T00:00:00.000000Z,0.60288399457931519,0.65094399452209473,0.57290202379226685,0.65094399452209473,38296501
2024-12-03T00:00:00.000000Z,0.65094399452209473,0.76239800453186035,0.64509701728820801,0.70464497804641724,56735669
2024-12-04T00:00:00.000000Z,0.70464497804641724,0.74905699491500854,0.69968599081039429,0.70870101451873779,28738786
2024-12-05T00:00:00.000000Z,0.70870101451873779,0.72120898962020874,0.67124897241592407,0.68756997585296631,28718606
2024-12-06T00:00:00.000000Z,0.68206000328063965,0.72379201650619507,0.66505002975463867,0.71485000848770142,20530122
2024-12-07T00:00:00.000000Z,0.71485000848770142,0.71674799919128418,0.6970059871673584,0.70105201005935669,10598196
2024-12-08T00:00:00.000000Z,0.70064800977706909,0.70592200756072998,0.68068099021911621,0.70411401987075806,10195311
2024-12-09T00:00:00.000000Z,0.70381897687911987,0.70381897687911987,0.52461498975753784,0.58427900075912476,26990818
2024-12-10T00:00:00.000000Z,0.58426600694656372,0.60238200426101685,0.5293470025062561,0.58096098899841309,19100451
2024-12-11T00:00:00.000000Z,0.58100497722625732,0.63513898849487305,0.55748897790908813,0.62953102588653564,14522816
2024-12-12T00:00:00.000000Z,0.62976402044296265,0.66734898090362549,0.61672598123550415,0.62335497140884399,15730431
2024-12-13T00:00:00.000000Z,0.62335497140884399,0.62836897373199463,0.6093909740447998,0.6192290186882019,7774956
2024-12-14T00:00:00.000000Z,0.6192290186882019,0.62736302614212036,0.58605802059173584,0.60115897655487061,5645357
2024-12-15T00:00:00.000000Z,0.60115897655487061,0.61752098798751831,0.58457797765731812,0.61510598659515381,5645556
2024-12-16T00:00:00.000000Z,0.61513698101043701,0.62336897850036621,0.58608001470565796,0.59254199266433716,10313742
2024-12-17T00:00:00.000000Z,0.59254199266433716,0.59793800115585327,0.55964398384094238,0.56482100486755371,8395348
2024-12-18T00:00:00.000000Z,0.56482100486755371,0.56679999828338623,0.4971039891242981,0.51669198274612427,9438377
2024-12-19T00:00:00.000000Z,0.51669400930404663,0.52635699510574341,0.46206098794937134,0.47682198882102966,12233016
2024-12-20T00:00:00.000000Z,0.47679498791694641,0.50312000513076782,0.41451698541641235,0.49818798899650574,10214424
2024-12-21T00:00:00.000000Z,0.49819299578666687,0.52233099937438965,0.46555200219154358,0.47133499383926392,5340573
2024-12-22T00:00:00.000000Z,0.47133499383926392,0.48876699805259705,0.46165400743484497,0.47287601232528687,4391299
2024-12-23T00:00:00.000000Z,0.47287601232528687,0.50458097457885742,0.46272200345993042,0.50033098459243774,6174368
2024-12-24T00:00:00.000000Z,0.50033098459243774,0.53185701370239258,0.49108698964118958,0.52782297134399414,10703494
2024-12-25T00:00:00.000000Z,0.52782297134399414,0.52783298492431641,0.50693899393081665,0.51421898603439331,4204441
2024-12-26T00:00:00.000000Z,0.51421898603439331,0.51673698425292969,0.4720970094203949,0.47555699944496155,3847273
2024-12-27T00:00:00.000000Z,0.47555699944496155,0.49837100505828857,0.4727570116519928,0.47787600755691528,4465258
2024-12-28T00:00:00.000000Z,0.47787600755691528,0.48993301391601562,0.47375500202178955,0.48773598670959473,3521267
2024-12-29T00:00:00.000000Z,0.48773699998855591,0.48802301287651062,0.4620710015296936,0.46514898538589478,3321806
2024-12-30T00:00:00.000000Z,0.46514201164245605,0.47547000646591187,0.45064899325370789,0.46018800139427185,5760321
2024-12-31T00:00:00.000000Z,0.46018901467323303,0.47382599115371704,0.44991600513458252,0.45054599642753601,4898638
2025-01-01T00:00:00.000000Z,0.45054599642753601,0.47637501358985901,0.44593200087547302,0.47343501448631287,5955693
2025-01-02T00:00:00.000000Z,0.47343501448631287,0.49366900324821472,0.47235000133514404,0.48273101449012756,6527970
2025-01-03T00:00:00.000000Z,0.48273101449012756,0.52157998085021973,0.48010900616645813,0.5182110071182251,6055402
2025-01-04T00:00:00.000000Z,0.51820999383926392,0.52818202972412109,0.51277798414230347,0.52326500415802002,5163695
2025-01-05T00:00:00.000000Z,0.52326500415802002,0.52441900968551636,0.50796002149581909,0.51606100797653198,3598448
2025-01-06T00:00:00.000000Z,0.51606100797653198,0.5362510085105896,0.50907999277114868,0.52344000339508057,5030571
2025-01-07T00:00:00.000000Z,0.52344000339508057,0.52462798357009888,0.46836400032043457,0.47007098793983459,5624802
2025-01-08T00:00:00.000000Z,0.47007098793983459,0.47462299466133118,0.44056099653244019,0.4621489942073822,6320648
2025-01-09T00:00:00.000000Z,0.4621489942073822,0.46544000506401062,0.44026398658752441,0.44920998811721802,10685447
2025-01-10T00:00:00.000000Z,0.44920998811721802,0.46360498666763306,0.44687500596046448,0.45789799094200134,6412672
2025-01-11T00:00:00.000000Z,0.45789799094200134,0.4633919894695282,0.4517349898815155,0.45986101031303406,4166745
2025-01-12T00:00:00.000000Z,0.45986101031303406,0.46210300922393799,0.44605600833892822,0.44957798719406128,3750062
2025-01-13T00:00:00.000000Z,0.44957798719406128,0.45897001028060913,0.4113210141658783,0.43916299939155579,9741385
2025-01-14T00:00:00.000000Z,0.43913999199867249,0.45673900842666626,0.43726098537445068,0.45565301179885864,4668417
2025-01-15T00:00:00.000000Z,0.45565098524093628,0.48673498630523682,0.44821000099182129,0.48632898926734924,7583759
2025-01-16T00:00:00.000000Z,0.48632898926734924,0.48687300086021423,0.46935299038887024,0.47290301322937012,8874356
2025-01-17T00:00:00.000000Z,0.47287899255752563,0.51483601331710815,0.47287899255752563,0.50761198997497559,10190373
2025-01-18T00:00:00.000000Z,0.50761198997497559,0.51271998882293701,0.47058901190757751,0.48260799050331116,9508936
2025-01-19T00:00:00.000000Z,0.48260200023651123,0.49180001020431519,0.43784099817276001,0.44384700059890747,18125441
2025-01-20T00:00:00.000000Z,0.44376900792121887,0.48330900073051453,0.43193399906158447,0.44269499182701111,17177951
2025-01-21T00:00:00.000000Z,0.44254899024963379,0.46347299218177795,0.42897099256515503,0.45201900601387024,11955093
2025-01-22T00:00:00.000000Z,0.45201900601387024,0.45409300923347473,0.4410330057144165,0.44162300229072571,6551414
2025-01-23T00:00:00.000000Z,0.44162300229072571,0.44717100262641907,0.4300059974193573,0.44232198596000671,9301113
2025-01-24T00:00:00.000000Z,0.44232198596000671,0.44891801476478577,0.42819198966026306,0.4318859875202179,8417148
2025-01-25T00:00:00.000000Z,0.43192899227142334,0.43800601363182068,0.42915600538253784,0.43551000952720642,4640753
2025-01-26T00:00:00.000000Z,0.43551000952720642,0.44656398892402649,0.43335899710655212,0.43432798981666565,5700356
2025-01-27T00:00:00.000000Z,0.43447399139404297,0.43742099404335022,0.39258798956871033,0.41472500562667847,11218126
2025-01-28T00:00:00.000000Z,0.41472500562667847,0.41769701242446899,0.38697099685668945,0.38980698585510254,7556850
2025-01-29T00:00:00.000000Z,0.38991299271583557,0.4047749936580658,0.38334700465202332,0.39548701047897339,7306958
2025-01-30T00:00:00.000000Z,0.39548701047897339,0.41962501406669617,0.39270699024200439,0.41267499327659607,5862865
2025-01-31T00:00:00.000000Z,0.41267499327659607,0.42295798659324646,0.40209600329399109,0.40719699859619141,4927336
2025-02-01T00:00:00.000000Z,0.40720498561859131,0.41254898905754089,0.37452301383018494,0.3753960132598877,4331421
2025-02-02T00:00:00.000000Z,0.3753960132598877,0.38488900661468506,0.32056900858879089,0.33227100968360901,14589214
2025-02-03T00:00:00.000000Z,0.33222499489784241,0.35173100233078003,0.2829279899597168,0.3425079882144928,15466140
2025-02-04T00:00:00.000000Z,0.3425079882144928,0.34299498796463013,0.30341199040412903,0.31341201066970825,5008270
2025-02-05T00:00:00.000000Z,0.31341201066970825,0.32384899258613586,0.30799698829650879,0.31116798520088196,11038510
2025-02-06T00:00:00.000000Z,0.31116798520088196,0.31983301043510437,0.29536199569702148,0.29698801040649414,16175335
2025-02-07T00:00:00.000000Z,0.29698801040649414,0.31914499402046204,0.29041999578475952,0.29801800847053528,4686437
2025-02-08T00:00:00.000000Z,0.29801800847053528,0.30910998582839966,0.29713299870491028,0.30864998698234558,5167088
2025-02-09T00:00:00.000000Z,0.30863898992538452,0.31825101375579834,0.29333201050758362,0.303631991147995,5504905
2025-02-10T00:00:00.000000Z,0.303631991147995,0.31260201334953308,0.29494601488113403,0.31214100122451782,6259962
2025-02-11T00:00:00.000000Z,0.31214100122451782,0.32825899124145508,0.30454599857330322,0.30773499608039856,6626287
2025-02-12T00:00:00.000000Z,0.30773600935935974,0.33137801289558411,0.30038198828697205,0.32869800925254822,8190191
2025-02-13T00:00:00.000000Z,0.32869800925254822,0.33022299408912659,0.31225299835205078,0.3168259859085083,5275584
2025-02-14T00:00:00.000000Z,0.3168259859085083,0.32879099249839783,0.31642699241638184,0.32311999797821045,6462534
2025-02-15T00:00:00.000000Z,0.32311999797821045,0.32701098918914795,0.31573298573493958,0.31814700365066528,2984398
2025-02-16T00:00:00.000000Z,0.31814700365066528,0.33087301254272461,0.31577900052070618,0.32516300678253174,4359951
2025-02-17T00:00:00.000000Z,0.32523998618125916,0.33321601152420044,0.31350401043891907,0.31951698660850525,5029683
2025-02-18T00:00:00.000000Z,0.31951698660850525,0.31995600461959839,0.29267901182174683,0.3019540011882782,6565144
2025-02-19T00:00:00.000000Z,0.3019540011882782,0.30805900692939758,0.29817000031471252,0.30111199617385864,6543085
2025-02-20T00:00:00.000000Z,0.30111199617385864,0.30869600176811218,0.29959499835968018,0.30757498741149902,4428925
2025-02-21T00:00:00.000000Z,0.30757498741149902,0.31592398881912231,0.28988298773765564,0.293597012758255,5444477
2025-02-22T00:00:00.000000Z,0.293597012758255,0.30459898710250854,0.29225900769233704,0.29840201139450073,2166193
2025-02-23T00:00:00.000000Z,0.29840201139450073,0.29996201395988464,0.2911829948425293,0.29578998684883118,2113545
2025-02-24T00:00:00.000000Z,0.29578998684883118,0.29729300737380981,0.26611599326133728,0.26631399989128113,3580893
2025-02-25T00:00:00.000000Z,0.26631399989128113,0.2748120129108429,0.25034999847412109,0.27247700095176697,12401083
2025-02-26T00:00:00.000000Z,0.27245199680328369,0.28176900744438171,0.26491400599479675,0.27287501096725464,14336073
2025-02-27T00:00:00.000000Z,0.27287501096725464,0.28679800033569336,0.27043500542640686,0.27699300646781921,5729117
2025-02-28T00:00:00.000000Z,0.27699300646781921,0.27709400653839111,0.25551098585128784,0.27201199531555176,9828943
2025-03-01T00:00:00.000000Z,0.27201199531555176,0.28478500247001648,0.26587700843811035,0.28246098756790161,5569465
2025-03-02T00:00:00.000000Z,0.28245401382446289,0.31040701270103455,0.27594000101089478,0.30338200926780701,10770065
2025-03-03T00:00:00.000000Z,0.30338200926780701,0.30357301235198975,0.25137099623680115,0.25525501370429993,16777706
2025-03-04T00:00:00.000000Z,0.25525501370429993,0.25619798898696899,0.23096700012683868,0.24882799386978149,12888501
2025-03-05T00:00:00.000000Z,0.2488120049238205,0.26945298910140991,0.24667400121688843,0.25628998875617981,3003888
2025-03-06T00:00:00.000000Z,0.25627198815345764,0.25988700985908508,0.24575899541378021,0.25056299567222595,3971244
2025-03-07T00:00:00.000000Z,0.25056299567222595,0.25157299637794495,0.23725299537181854,0.24122300744056702,8290476
2025-03-08T00:00:00.000000Z,0.24122300744056702,0.24703599512577057,0.23757100105285645,0.24576400220394135,4895501
2025-03-09T00:00:00.000000Z,0.24576400220394135,0.24676099419593811,0.22010299563407898,0.22058600187301636,6966584
2025-03-10T00:00:00.000000Z,0.22061100602149963,0.23134200274944305,0.20386399328708649,0.20721200108528137,3327258
2025-03-11T00:00:00.000000Z,0.20721200108528137,0.21907100081443787,0.19679899513721466,0.21568199992179871,2582438
2025-03-12T00:00:00.000000Z,0.21568199992179871,0.22295700013637543,0.20969399809837341,0.21659700572490692,6763899
2025-03-13T00:00:00.000000Z,0.21659700572490692,0.2194020003080368,0.20669400691986084,0.21100899577140808,4157863
2025-03-14T00:00:00.000000Z,0.21100899577140808,0.218081995844841,0.21040000021457672,0.21503099799156189,16459561
2025-03-15T00:00:00.000000Z,0.21502700448036194,0.21928900480270386,0.21447299420833588,0.21891100704669952,16790231
2025-03-16T00:00:00.000000Z,0.21891100704669952,0.21930499374866486,0.20757600665092468,0.20963199436664581,4368796
2025-03-17T00:00:00.000000Z,0.20963199436664581,0.21941100060939789,0.20963199436664581,0.21467399597167969,3773385
2025-03-18T00:00:00.000000Z,0.21467399597167969,0.21467399597167969,0.20364600419998169,0.21167899668216705,3453436
2025-03-19T00:00:00.000000Z,0.21167899668216705,0.22073599696159363,0.21145899593830109,0.22012299299240112,3499274
2025-03-20T00:00:00.000000Z,0.22013400495052338,0.22069300711154938,0.2101220041513443,0.21137000620365143,2428683
2025-03-21T00:00:00.000000Z,0.21135999262332916,0.21311700344085693,0.20379999279975891,0.20630599558353424,1028770
2025-03-22T00:00:00.000000Z,0.20630699396133423,0.21399100124835968,0.20627200603485107,0.20994099974632263,527431
2025-03-23T00:00:00.000000Z,0.20994099974632263,0.21476200222969055,0.2085919976234436,0.21272799372673035,543477
2025-03-24T00:00:00.000000Z,0.21274000406265259,0.21696999669075012,0.21032099425792694,0.21641500294208527,699506
