timestamp_utc,Open,High,Low,Close,Volume
2021-07-29T00:00:00.000000Z,0.080270998179912567,0.080498002469539642,0.075191996991634369,0.075586996972560883,0
2021-07-30T00:00:00.000000Z,0.075580999255180359,0.078726001083850861,0.071956999599933624,0.074150003492832184,0
2021-07-31T00:00:00.000000Z,0.0741410031914711,0.076020002365112305,0.068015001714229584,0.07340800017118454,0
2021-08-01T00:00:00.000000Z,0.073399998247623444,0.073399998247623444,0.068529002368450165,0.068613000214099884,0
2021-08-02T00:00:00.000000Z,0.068613000214099884,0.068773001432418823,0.064894996583461761,0.066618002951145172,0
2021-08-03T00:00:00.000000Z,0.0666159987449646,0.067029997706413269,0.064511001110076904,0.06561800092458725,0
2021-08-04T00:00:00.000000Z,0.065619997680187225,0.068916000425815582,0.062565997242927551,0.065995000302791595,0
2021-08-05T00:00:00.000000Z,0.065995998680591583,0.067922003567218781,0.063120998442173004,0.065985001623630524,0
2021-08-06T00:00:00.000000Z,0.065986000001430511,0.071641996502876282,0.065727002918720245,0.069214001297950745,0
2021-08-07T00:00:00.000000Z,0.06921599805355072,0.071078002452850342,0.061778001487255096,0.06499200314283371,0
2021-08-08T00:00:00.000000Z,0.064984999597072601,0.06520099937915802,0.062063001096248627,0.06321900337934494,0
2021-08-09T00:00:00.000000Z,0.063225999474525452,0.064487002789974213,0.062437999993562698,0.064047999680042267,0
2021-08-10T00:00:00.000000Z,0.064049996435642242,0.064211003482341766,0.059539999812841415,0.061978001147508621,0
2021-08-11T00:00:00.000000Z,0.061980001628398895,0.062242999672889709,0.058359000831842422,0.060931000858545303,0
2021-08-12T00:00:00.000000Z,0.060933001339435577,0.062549002468585968,0.060029000043869019,0.060493998229503632,0
2021-08-13T00:00:00.000000Z,0.060492999851703644,0.061471998691558838,0.05869700014591217,0.061200998723506927,0
2021-08-14T00:00:00.000000Z,0.061206001788377762,0.06124500185251236,0.059339001774787903,0.060543999075889587,0
2021-08-15T00:00:00.000000Z,0.060534998774528503,0.062803998589515686,0.059831999242305756,0.061889000236988068,0
2021-08-16T00:00:00.000000Z,0.061889998614788055,0.064030997455120087,0.061760999262332916,0.063764996826648712,0
2021-08-17T00:00:00.000000Z,0.063767999410629272,0.063888996839523315,0.060148999094963074,0.060892999172210693,0
2021-08-18T00:00:00.000000Z,0.060892999172210693,0.063217997550964355,0.059418998658657074,0.061905998736619949,0
2021-08-19T00:00:00.000000Z,0.061898998916149139,0.063075996935367584,0.060929998755455017,0.06244099885225296,0
2021-08-20T00:00:00.000000Z,0.062440000474452972,0.07120099663734436,0.062399998307228088,0.070176996290683746,0
2021-08-21T00:00:00.000000Z,0.070187002420425415,0.073315002024173737,0.069796003401279449,0.069893002510070801,0
2021-08-22T00:00:00.000000Z,0.069899998605251312,0.071534998714923859,0.066132999956607819,0.06791900098323822,0
2021-08-23T00:00:00.000000Z,0.067919999361038208,0.070353999733924866,0.064672000706195831,0.067861996591091156,0
2021-08-24T00:00:00.000000Z,0.067864000797271729,0.068699002265930176,0.064984001219272614,0.066196002066135406,0
2021-08-25T00:00:00.000000Z,0.066187001764774323,0.068529002368450165,0.064549997448921204,0.066147997975349426,0
2021-08-26T00:00:00.000000Z,0.066147997975349426,0.066338002681732178,0.063340999186038971,0.0651559978723526,0
2021-08-27T00:00:00.000000Z,0.065158002078533173,0.066490001976490021,0.064364001154899597,0.066188998520374298,0
2021-08-28T00:00:00.000000Z,0.066373996436595917,0.067151002585887909,0.065525002777576447,0.066739998757839203,0
2021-08-29T00:00:00.000000Z,0.066711999475955963,0.068971000611782074,0.066058002412319183,0.067391000688076019,0
2021-08-30T00:00:00.000000Z,0.067483000457286835,0.0680060014128685,0.064410999417304993,0.064416997134685516,0
2021-08-31T00:00:00.000000Z,0.064413003623485565,0.067722998559474945,0.063353002071380615,0.065071001648902893,0
2021-09-01T00:00:00.000000Z,0.065081000328063965,0.065325997769832611,0.063155002892017365,0.063744001090526581,0
2021-09-02T00:00:00.000000Z,0.063740000128746033,0.066018998622894287,0.06318800151348114,0.065646998584270477,0
2021-09-03T00:00:00.000000Z,0.065637998282909393,0.071897998452186584,0.065102003514766693,0.069895997643470764,0
2021-09-04T00:00:00.000000Z,0.069894999265670776,0.071020998060703278,0.068254001438617706,0.06885799765586853,0
2021-09-05T00:00:00.000000Z,0.068846002221107483,0.071175001561641693,0.067203998565673828,0.070572003722190857,0
2021-09-06T00:00:00.000000Z,0.070568002760410309,0.071174003183841705,0.067463003098964691,0.069238997995853424,0
2021-09-07T00:00:00.000000Z,0.069251999258995056,0.071179002523422241,0.064226999878883362,0.067946001887321472,0
2021-09-08T00:00:00.000000Z,0.06793300062417984,0.068980999290943146,0.06627500057220459,0.067639999091625214,0
2021-09-09T00:00:00.000000Z,0.067411996424198151,0.072373002767562866,0.067028000950813293,0.070371001958847046,0
2021-09-10T00:00:00.000000Z,0.070370003581047058,0.071983002126216888,0.069055996835231781,0.070188000798225403,0
2021-09-11T00:00:00.000000Z,0.070192001760005951,0.072036996483802795,0.069805003702640533,0.070464998483657837,0
2021-09-12T00:00:00.000000Z,0.070459000766277313,0.072626002132892609,0.070105001330375671,0.071383997797966003,0
2021-09-13T00:00:00.000000Z,0.071387998759746552,0.071811996400356293,0.069349996745586395,0.070134997367858887,0
2021-09-14T00:00:00.000000Z,0.070125997066497803,0.072921000421047211,0.069819003343582153,0.072921000421047211,0
2021-09-15T00:00:00.000000Z,0.072915002703666687,0.074831001460552216,0.071852996945381165,0.073944002389907837,0
2021-09-16T00:00:00.000000Z,0.073954001069068909,0.077316999435424805,0.073666997253894806,0.075906001031398773,0
2021-09-17T00:00:00.000000Z,0.075914002954959869,0.076517000794410706,0.072746001183986664,0.072991997003555298,0
2021-09-18T00:00:00.000000Z,0.07299400120973587,0.075196996331214905,0.071776002645492554,0.071924000978469849,0
2021-09-19T00:00:00.000000Z,0.071921996772289276,0.073082998394966125,0.071189001202583313,0.072204001247882843,0
2021-09-20T00:00:00.000000Z,0.072212003171443939,0.073486998677253723,0.068226002156734467,0.070554003119468689,0
2021-09-21T00:00:00.000000Z,0.07054399698972702,0.071998000144958496,0.065802000463008881,0.067266002297401428,0
2021-09-22T00:00:00.000000Z,0.067266002297401428,0.070843003690242767,0.065044000744819641,0.070832997560501099,0
2021-09-23T00:00:00.000000Z,0.070834003388881683,0.075810998678207397,0.068773999810218811,0.073579996824264526,0
2021-09-24T00:00:00.000000Z,0.073577001690864563,0.073839999735355377,0.062937997281551361,0.069297999143600464,0
2021-09-25T00:00:00.000000Z,0.069297000765800476,0.069560997188091278,0.065636001527309418,0.066354997456073761,0
2021-09-26T00:00:00.000000Z,0.066356003284454346,0.066503003239631653,0.062270998954772949,0.065419003367424011,0
2021-09-27T00:00:00.000000Z,0.065416999161243439,0.06654299795627594,0.061324000358581543,0.064052999019622803,0
2021-09-28T00:00:00.000000Z,0.064052999019622803,0.065388999879360199,0.060669001191854477,0.06415499746799469,0
2021-09-29T00:00:00.000000Z,0.064148999750614166,0.072022996842861176,0.063460998237133026,0.06496100127696991,0
2021-09-30T00:00:00.000000Z,0.064957998692989349,0.068070001900196075,0.064957998692989349,0.066821001470088959,0
2021-10-01T00:00:00.000000Z,0.066820003092288971,0.068806000053882599,0.0659170001745224,0.067757003009319305,0
2021-10-02T00:00:00.000000Z,0.067762002348899841,0.068828001618385315,0.065247997641563416,0.067318998277187347,0
2021-10-03T00:00:00.000000Z,0.067308999598026276,0.068222001194953918,0.066122002899646759,0.066996999084949493,0
2021-10-04T00:00:00.000000Z,0.066992998123168945,0.067728996276855469,0.065820999443531036,0.067291997373104095,0
2021-10-05T00:00:00.000000Z,0.067289002239704132,0.068602003157138824,0.066210001707077026,0.067942000925540924,0
2021-10-06T00:00:00.000000Z,0.067939996719360352,0.070064999163150787,0.067858003079891205,0.068278998136520386,0
2021-10-07T00:00:00.000000Z,0.068272002041339874,0.068272002041339874,0.064732000231742859,0.065163001418113708,0
2021-10-08T00:00:00.000000Z,0.065163999795913696,0.066520996391773224,0.064814001321792603,0.065353997051715851,0
2021-10-09T00:00:00.000000Z,0.065357998013496399,0.066004000604152679,0.062135998159646988,0.064410001039505005,0
2021-10-10T00:00:00.000000Z,0.064402997493743896,0.065945997834205627,0.063547998666763306,0.064730003476142883,0
2021-10-11T00:00:00.000000Z,0.064736001193523407,0.065320000052452087,0.06311500072479248,0.063148997724056244,0
2021-10-12T00:00:00.000000Z,0.06315399706363678,0.063404999673366547,0.063046000897884369,0.063119001686573029,0
2021-10-13T00:00:00.000000Z,0.06312599778175354,0.0631679967045784,0.063087001442909241,0.063128001987934113,0
2021-10-14T00:00:00.000000Z,0.06312599778175354,0.063138999044895172,0.063100002706050873,0.063123002648353577,0
2021-10-15T00:00:00.000000Z,0.063121996819972992,0.06315699964761734,0.063055001199245453,0.063065998256206512,0
2021-10-16T00:00:00.000000Z,0.063065998256206512,0.063130997121334076,0.063057996332645416,0.063124001026153564,0
2021-10-17T00:00:00.000000Z,0.063123002648353577,0.063162997364997864,0.063087001442909241,0.063138000667095184,0
2021-10-18T00:00:00.000000Z,0.063138000667095184,0.063910998404026031,0.062311001121997833,0.063303001224994659,0
2021-10-19T00:00:00.000000Z,0.063300997018814087,0.065803997218608856,0.062655001878738403,0.064897000789642334,0
2021-10-20T00:00:00.000000Z,0.064897999167442322,0.069513000547885895,0.063593000173568726,0.06860099732875824,0
2021-10-21T00:00:00.000000Z,0.068605996668338776,0.068985998630523682,0.064589999616146088,0.065851002931594849,0
2021-10-22T00:00:00.000000Z,0.065851002931594849,0.066519998013973236,0.063545003533363342,0.064814001321792603,0
2021-10-23T00:00:00.000000Z,0.06481199711561203,0.064993999898433685,0.063135996460914612,0.063294000923633575,0
2021-10-24T00:00:00.000000Z,0.063291996717453003,0.063308998942375183,0.063184000551700592,0.06325799971818924,0
2021-10-25T00:00:00.000000Z,0.063253998756408691,0.069040998816490173,0.063185997307300568,0.066762998700141907,0
2021-10-26T00:00:00.000000Z,0.066757999360561371,0.067287996411323547,0.064607001841068268,0.065035998821258545,0
2021-10-27T00:00:00.000000Z,0.065035000443458557,0.06655699759721756,0.063279002904891968,0.064733996987342834,0
2021-10-28T00:00:00.000000Z,0.064731001853942871,0.068847000598907471,0.063440002501010895,0.064598001539707184,0
2021-10-29T00:00:00.000000Z,0.064600996673107147,0.066702999174594879,0.064588002860546112,0.066041998565196991,0
2021-10-30T00:00:00.000000Z,0.066042996942996979,0.066284999251365662,0.064226999878883362,0.065002001821994781,0
2021-10-31T00:00:00.000000Z,0.065003998577594757,0.065606996417045593,0.06356000155210495,0.065467998385429382,0
2021-11-01T00:00:00.000000Z,0.065465003252029419,0.065820001065731049,0.063948996365070343,0.064735002815723419,0
2021-11-02T00:00:00.000000Z,0.064728997647762299,0.067801997065544128,0.064110003411769867,0.066953003406524658,0
2021-11-03T00:00:00.000000Z,0.066955000162124634,0.067331999540328979,0.066044002771377563,0.066786997020244598,0
2021-11-04T00:00:00.000000Z,0.066785000264644623,0.067247003316879272,0.063290998339653015,0.065061002969741821,0
2021-11-05T00:00:00.000000Z,0.065056003630161285,0.066055998206138611,0.063624002039432526,0.065361000597476959,0
2021-11-06T00:00:00.000000Z,0.065361000597476959,0.066757000982761383,0.06487700343132019,0.06636500358581543,0
2021-11-07T00:00:00.000000Z,0.066376000642776489,0.067405000329017639,0.066054001450538635,0.066809996962547302,0
2021-11-08T00:00:00.000000Z,0.066811002790927887,0.068827003240585327,0.066705003380775452,0.068552002310752869,0
2021-11-09T00:00:00.000000Z,0.068549998104572296,0.068998001515865326,0.067653998732566833,0.068429000675678253,0
2021-11-10T00:00:00.000000Z,0.068434000015258789,0.068752996623516083,0.065856002271175385,0.066679999232292175,0
2021-11-11T00:00:00.000000Z,0.066675998270511627,0.067233003675937653,0.065283998847007751,0.066766999661922455,0
2021-11-12T00:00:00.000000Z,0.066683001816272736,0.067087002098560333,0.065425001084804535,0.066445998847484589,0
2021-11-13T00:00:00.000000Z,0.066527999937534332,0.068305999040603638,0.065552003681659698,0.067312002182006836,0
2021-11-14T00:00:00.000000Z,0.0673070028424263,0.067587003111839294,0.066215001046657562,0.067372001707553864,0
2021-11-15T00:00:00.000000Z,0.067385002970695496,0.068352997303009033,0.067014001309871674,0.067877002060413361,0
2021-11-16T00:00:00.000000Z,0.067982003092765808,0.068139001727104187,0.064645998179912567,0.065013997256755829,0
2021-11-17T00:00:00.000000Z,0.065003998577594757,0.066322997212409973,0.064092002809047699,0.064952000975608826,0
2021-11-18T00:00:00.000000Z,0.064943999052047729,0.067621998488903046,0.064671002328395844,0.066665001213550568,0
2021-11-19T00:00:00.000000Z,0.066657997667789459,0.067551001906394958,0.06618800014257431,0.066771000623703003,0
2021-11-20T00:00:00.000000Z,0.066765002906322479,0.068764001131057739,0.065502002835273743,0.067231997847557068,0
2021-11-21T00:00:00.000000Z,0.067273996770381927,0.067893996834754944,0.066443003714084625,0.067344002425670624,0
2021-11-22T00:00:00.000000Z,0.067318998277187347,0.07073800265789032,0.066646002233028412,0.069595001637935638,0
2021-11-23T00:00:00.000000Z,0.06959100067615509,0.07515600323677063,0.069179996848106384,0.072736002504825592,0
2021-11-24T00:00:00.000000Z,0.072728998959064484,0.073829002678394318,0.071138001978397369,0.071946002542972565,1
2021-11-25T00:00:00.000000Z,0.073461003601551056,0.077192001044750214,0.073444001376628876,0.074386999011039734,1
2021-11-26T00:00:00.000000Z,0.07703399658203125,0.079003997147083282,0.074055001139640808,0.075088001787662506,0
2021-11-27T00:00:00.000000Z,0.075078003108501434,0.079398997128009796,0.073934003710746765,0.077669002115726471,0
2021-11-28T00:00:00.000000Z,0.077674999833106995,0.078474998474121094,0.075473003089427948,0.078460998833179474,3058037
2021-11-29T00:00:00.000000Z,0.078450001776218414,0.080573000013828278,0.077613003551959991,0.079011999070644379,5800811
2021-11-30T00:00:00.000000Z,0.078992001712322235,0.085960999131202698,0.078960999846458435,0.083604998886585236,6907687
2021-12-01T00:00:00.000000Z,0.083594001829624176,0.084028996527194977,0.077927000820636749,0.077981002628803253,5580784
2021-12-02T00:00:00.000000Z,0.077979996800422668,0.078057996928691864,0.073991000652313232,0.076973997056484222,4506038
2021-12-03T00:00:00.000000Z,0.077042996883392334,0.079563997685909271,0.07203199714422226,0.072177998721599579,2984297
2021-12-04T00:00:00.000000Z,0.072175003588199615,0.073491998016834259,0.065953999757766724,0.06954599916934967,3673368
2021-12-05T00:00:00.000000Z,0.069540001451969147,0.072797000408172607,0.069540001451969147,0.072155997157096863,3348363
2021-12-06T00:00:00.000000Z,0.072164997458457947,0.07368999719619751,0.069426000118255615,0.071296997368335724,3371642
2021-12-07T00:00:00.000000Z,0.071327000856399536,0.073133997619152069,0.068994000554084778,0.070021003484725952,4120814
2021-12-08T00:00:00.000000Z,0.070018000900745392,0.070378996431827545,0.067487001419067383,0.068311996757984161,4303169
2021-12-09T00:00:00.000000Z,0.068236999213695526,0.06892000138759613,0.063074000179767609,0.065323002636432648,4231327
2021-12-10T00:00:00.000000Z,0.065347999334335327,0.065413996577262878,0.062006000429391861,0.062134001404047012,2642256
2021-12-11T00:00:00.000000Z,0.06212799996137619,0.064337000250816345,0.060973998159170151,0.064253002405166626,2972292
2021-12-12T00:00:00.000000Z,0.064245998859405518,0.068539999425411224,0.064205996692180634,0.068519003689289093,4246915
2021-12-13T00:00:00.000000Z,0.068552002310752869,0.068552002310752869,0.065448001027107239,0.067229002714157104,3867188
2021-12-14T00:00:00.000000Z,0.067229002714157104,0.072913996875286102,0.067146003246307373,0.072181001305580139,2263709
2021-12-15T00:00:00.000000Z,0.072172999382019043,0.074463002383708954,0.071892000734806061,0.073260001838207245,3023173
2021-12-16T00:00:00.000000Z,0.073259003460407257,0.074295997619628906,0.072563998401165009,0.072577998042106628,4151345
2021-12-17T00:00:00.000000Z,0.072589002549648285,0.080727003514766693,0.072108998894691467,0.080131001770496368,3791340
2021-12-18T00:00:00.000000Z,0.080177001655101776,0.081973999738693237,0.078521996736526489,0.081205002963542938,3382947
2021-12-19T00:00:00.000000Z,0.08119499683380127,0.08323100209236145,0.080541998147964478,0.080545000731945038,4437062
2021-12-20T00:00:00.000000Z,0.080518998205661774,0.084234997630119324,0.079853996634483337,0.084156997501850128,4569072
2021-12-21T00:00:00.000000Z,0.084163002669811249,0.091909997165203094,0.083935000002384186,0.090295001864433289,3982441
2021-12-22T00:00:00.000000Z,0.090305998921394348,0.091672003269195557,0.088795997202396393,0.089455999433994293,3877051
2021-12-23T00:00:00.000000Z,0.08945000171661377,0.092030003666877747,0.088644996285438538,0.091254003345966339,5184464
2021-12-24T00:00:00.000000Z,0.091265000402927399,0.091311998665332794,0.08904699981212616,0.089746996760368347,4432145
2021-12-25T00:00:00.000000Z,0.089748002588748932,0.091885000467300415,0.089100003242492676,0.090868003666400909,4415053
2021-12-26T00:00:00.000000Z,0.090873003005981445,0.091948002576828003,0.089336998760700226,0.091934002935886383,4199468
2021-12-27T00:00:00.000000Z,0.091921001672744751,0.09208100289106369,0.088294997811317444,0.088428996503353119,4038141
2021-12-28T00:00:00.000000Z,0.088454999029636383,0.089146003127098083,0.085588999092578888,0.086352996528148651,3518651
2021-12-29T00:00:00.000000Z,0.086341001093387604,0.088588997721672058,0.085559003055095673,0.085730001330375671,4106042
2021-12-30T00:00:00.000000Z,0.085735000669956207,0.090925000607967377,0.085400998592376709,0.090117000043392181,5955437
2021-12-31T00:00:00.000000Z,0.090122997760772705,0.098373003304004669,0.089965000748634338,0.098288998007774353,5967551
2022-01-01T00:00:00.000000Z,0.098278999328613281,0.11451800167560577,0.098278000950813293,0.11165600270032883,10500895
2022-01-02T00:00:00.000000Z,0.11165499687194824,0.13997499644756317,0.1112229973077774,0.13101999461650848,13451468
2022-01-03T00:00:00.000000Z,0.1310189962387085,0.13502100110054016,0.12783800065517426,0.13280199468135834,9343535
2022-01-04T00:00:00.000000Z,0.13280099630355835,0.14727599918842316,0.13270500302314758,0.14515000581741333,10360490
2022-01-05T00:00:00.000000Z,0.14515000581741333,0.14520399272441864,0.11186999827623367,0.11399400234222412,13236437
2022-01-06T00:00:00.000000Z,0.11399400234222412,0.11691199988126755,0.11111599951982498,0.1167529970407486,9100849
2022-01-07T00:00:00.000000Z,0.11675400286912918,0.11675400286912918,0.11115100234746933,0.11256799846887589,12401206
2022-01-08T00:00:00.000000Z,0.11256899684667587,0.11505100131034851,0.11187800019979477,0.11369100213050842,9644896
2022-01-09T00:00:00.000000Z,0.11369100213050842,0.11607299745082855,0.11252400279045105,0.11475999653339386,7414771
2022-01-10T00:00:00.000000Z,0.11475899815559387,0.11746200174093246,0.11417900025844574,0.11660099774599075,9470599
2022-01-11T00:00:00.000000Z,0.11660099774599075,0.11812099814414978,0.1159060001373291,0.11692199856042862,9799434
2022-01-12T00:00:00.000000Z,0.11692299693822861,0.12834900617599487,0.11654199659824371,0.12645700573921204,7486021
2022-01-13T00:00:00.000000Z,0.12645600736141205,0.12876799702644348,0.12371599674224854,0.12421000003814697,10221468
2022-01-14T00:00:00.000000Z,0.12421099841594696,0.13334199786186218,0.12414100021123886,0.1321370005607605,11314876
2022-01-15T00:00:00.000000Z,0.13213999569416046,0.13450199365615845,0.13122400641441345,0.13354599475860596,8845293
2022-01-16T00:00:00.000000Z,0.13355700671672821,0.13669000566005707,0.13319200277328491,0.13404600322246552,6906451
2022-01-17T00:00:00.000000Z,0.13404799997806549,0.13490299880504608,0.1276639997959137,0.12988799810409546,6371695
2022-01-18T00:00:00.000000Z,0.12988600134849548,0.13120399415493011,0.1237960010766983,0.12609300017356873,6680183
2022-01-19T00:00:00.000000Z,0.12609200179576874,0.12646700441837311,0.120448999106884,0.12312000244855881,11657397
2022-01-20T00:00:00.000000Z,0.12311899662017822,0.12582099437713623,0.12225800007581711,0.12228100001811981,11164978
2022-01-21T00:00:00.000000Z,0.12228100001811981,0.12239199876785278,0.10513299703598022,0.10611899942159653,11804178
2022-01-22T00:00:00.000000Z,0.10611899942159653,0.10918299853801727,0.10013099759817123,0.10472699999809265,12057262
2022-01-23T00:00:00.000000Z,0.10472600162029266,0.10943999886512756,0.10377699881792068,0.10908400267362595,10822716
2022-01-24T00:00:00.000000Z,0.10908400267362595,0.10975299775600433,0.10154800117015839,0.10959800332784653,14669644
2022-01-25T00:00:00.000000Z,0.10959800332784653,0.11077799648046494,0.10613600164651871,0.10923600196838379,8639326
2022-01-26T00:00:00.000000Z,0.1092350035905838,0.11422000080347061,0.10780999809503555,0.11078000068664551,8399167
2022-01-27T00:00:00.000000Z,0.11078000068664551,0.11139599978923798,0.10795699805021286,0.11125800013542175,9473652
2022-01-28T00:00:00.000000Z,0.11125800013542175,0.11407800018787384,0.10928100347518921,0.1123490035533905,10058478
2022-01-29T00:00:00.000000Z,0.11234799772500992,0.11349800229072571,0.11102399975061417,0.1133510023355484,7784949
2022-01-30T00:00:00.000000Z,0.11336199939250946,0.1138790026307106,0.11100900173187256,0.11201799660921097,6563392
2022-01-31T00:00:00.000000Z,0.11201900243759155,0.1124270036816597,0.10983499884605408,0.11228399723768234,7181864
2022-02-01T00:00:00.000000Z,0.1122869998216629,0.11492200195789337,0.11183100193738937,0.11233799904584885,7214360
2022-02-02T00:00:00.000000Z,0.11233799904584885,0.11258000135421753,0.10874299705028534,0.10879100114107132,7573955
2022-02-03T00:00:00.000000Z,0.10879100114107132,0.11019500344991684,0.10744699835777283,0.10888200253248215,8058919
2022-02-04T00:00:00.000000Z,0.10888200253248215,0.11595000326633453,0.10776899755001068,0.11592499911785126,9471343
2022-02-05T00:00:00.000000Z,0.11592499911785126,0.11753199994564056,0.11504899710416794,0.11639899760484695,7247487
2022-02-06T00:00:00.000000Z,0.11639799922704697,0.11810199916362762,0.1157509982585907,0.11773999780416489,7336122
2022-02-07T00:00:00.000000Z,0.11773999780416489,0.12010499835014343,0.11651299893856049,0.11852599680423737,10072508
2022-02-08T00:00:00.000000Z,0.11852599680423737,0.12096899747848511,0.11813600361347198,0.12055499851703644,8121442
2022-02-09T00:00:00.000000Z,0.12055300176143646,0.12106399983167648,0.1187250018119812,0.11949899792671204,8295524
2022-02-10T00:00:00.000000Z,0.11949700117111206,0.12111900001764297,0.11609400063753128,0.11626400053501129,10364399
2022-02-11T00:00:00.000000Z,0.11626499891281128,0.11808700114488602,0.11417199671268463,0.11417199671268463,9597248
2022-02-12T00:00:00.000000Z,0.11417199671268463,0.11463200300931931,0.11191199719905853,0.11297799646854401,6126026
2022-02-13T00:00:00.000000Z,0.11297699809074402,0.11379099637269974,0.11225800216197968,0.11248099803924561,5692690
2022-02-14T00:00:00.000000Z,0.11247999966144562,0.11395099759101868,0.11095599830150604,0.11282800137996674,8506613
2022-02-15T00:00:00.000000Z,0.11282800137996674,0.11758700013160706,0.11190100014209747,0.11651799827814102,8566258
2022-02-16T00:00:00.000000Z,0.11652000248432159,0.12726299464702606,0.11525200307369232,0.12722000479698181,8871614
2022-02-17T00:00:00.000000Z,0.1272210031747818,0.13537199795246124,0.12586599588394165,0.12867599725723267,9019798
2022-02-18T00:00:00.000000Z,0.12867499887943268,0.13588500022888184,0.12628999352455139,0.12968200445175171,9218993
2022-02-19T00:00:00.000000Z,0.12968100607395172,0.13005800545215607,0.12719500064849854,0.12861399352550507,8086084
2022-02-20T00:00:00.000000Z,0.12861500680446625,0.12861600518226624,0.12186499685049057,0.12747199833393097,5844378
2022-02-21T00:00:00.000000Z,0.12747099995613098,0.12884199619293213,0.12323900312185287,0.12324199825525284,4624682
2022-02-22T00:00:00.000000Z,0.1232369989156723,0.1287350058555603,0.12229300290346146,0.12856000661849976,8986867
2022-02-23T00:00:00.000000Z,0.12856100499629974,0.14311100542545319,0.12842099368572235,0.13143500685691833,9291598
2022-02-24T00:00:00.000000Z,0.13144600391387939,0.13357700407505035,0.12354300171136856,0.13150399923324585,6005559
2022-02-25T00:00:00.000000Z,0.13150399923324585,0.13637800514698029,0.13106800615787506,0.13495400547981262,5317320
2022-02-26T00:00:00.000000Z,0.1349560022354126,0.14358699321746826,0.13487499952316284,0.14271700382232666,9148002
2022-02-27T00:00:00.000000Z,0.14271600544452667,0.14753599464893341,0.14077199995517731,0.1430400013923645,12701083
2022-02-28T00:00:00.000000Z,0.14304199814796448,0.1540520042181015,0.1428460031747818,0.14958199858665466,10707469
2022-03-01T00:00:00.000000Z,0.14958399534225464,0.1699260026216507,0.14958399534225464,0.16114300489425659,7122030
2022-03-02T00:00:00.000000Z,0.16114300489425659,0.19709299504756927,0.14469900727272034,0.17502200603485107,19515217
2022-03-03T00:00:00.000000Z,0.17502300441265106,0.18508100509643555,0.16727599501609802,0.17354300618171692,10732678
2022-03-04T00:00:00.000000Z,0.17354300618171692,0.18943999707698822,0.17051300406455994,0.17935499548912048,8467031
2022-03-05T00:00:00.000000Z,0.17935499548912048,0.20442099869251251,0.17935499548912048,0.20125499367713928,9781117
2022-03-06T00:00:00.000000Z,0.20125499367713928,0.20365199446678162,0.19009900093078613,0.19748799502849579,16946237
2022-03-07T00:00:00.000000Z,0.19749000668525696,0.19938699901103973,0.15934999287128448,0.17450100183486938,12595189
2022-03-08T00:00:00.000000Z,0.17449599504470825,0.18135300278663635,0.15507200360298157,0.16785700619220734,11228348
2022-03-09T00:00:00.000000Z,0.16785800457000732,0.17779499292373657,0.16151300072669983,0.16704900562763214,8716667
2022-03-10T00:00:00.000000Z,0.16704800724983215,0.18172000348567963,0.16667300462722778,0.17239700257778168,12879264
2022-03-11T00:00:00.000000Z,0.17239999771118164,0.17686900496482849,0.16924799978733063,0.17064400017261505,11674126
2022-03-12T00:00:00.000000Z,0.17064699530601501,0.17713500559329987,0.16925899684429169,0.17370399832725525,8898590
2022-03-13T00:00:00.000000Z,0.17370100319385529,0.17462800443172455,0.17005600035190582,0.17055399715900421,6139770
2022-03-14T00:00:00.000000Z,0.17055200040340424,0.17248700559139252,0.16008399426937103,0.16928699612617493,9352827
2022-03-15T00:00:00.000000Z,0.16928699612617493,0.17976300418376923,0.16774100065231323,0.17970000207424164,9643735
2022-03-16T00:00:00.000000Z,0.17970000207424164,0.20228299498558044,0.17912599444389343,0.20060700178146362,10999758
2022-03-17T00:00:00.000000Z,0.20060600340366364,0.20060600340366364,0.18852199614048004,0.1981389969587326,9462118
2022-03-18T00:00:00.000000Z,0.19813500344753265,0.1983879953622818,0.18913300335407257,0.19293299317359924,11957767
2022-03-19T00:00:00.000000Z,0.19293400645256042,0.1947689950466156,0.183446004986763,0.18904599547386169,10531484
2022-03-20T00:00:00.000000Z,0.18904499709606171,0.19824300706386566,0.18778699636459351,0.1962440013885498,8574984
2022-03-21T00:00:00.000000Z,0.19624200463294983,0.197720006108284,0.19143499433994293,0.19632799923419952,8160863
2022-03-22T00:00:00.000000Z,0.19632899761199951,0.19665999710559845,0.19308200478553772,0.19393500685691833,10106438
2022-03-23T00:00:00.000000Z,0.1939380019903183,0.20112599432468414,0.19350899755954742,0.20012199878692627,10591734
2022-03-24T00:00:00.000000Z,0.20013099908828735,0.21132199466228485,0.20003800094127655,0.20561300218105316,8093540
2022-03-25T00:00:00.000000Z,0.20561400055885315,0.21468499302864075,0.20484800636768341,0.20912499725818634,7154098
2022-03-26T00:00:00.000000Z,0.2091280072927475,0.21456000208854675,0.20469200611114502,0.21218700706958771,10176215
2022-03-27T00:00:00.000000Z,0.21218599379062653,0.21220700442790985,0.20013000071048737,0.20791800320148468,10001413
2022-03-28T00:00:00.000000Z,0.2079160064458847,0.20983199775218964,0.19629499316215515,0.19732099771499634,7457670
2022-03-29T00:00:00.000000Z,0.19731999933719635,0.20303300023078918,0.1942179948091507,0.19845899939537048,8111728
2022-03-30T00:00:00.000000Z,0.19845500588417053,0.2025039941072464,0.19452300667762756,0.19784499704837799,10499425
2022-03-31T00:00:00.000000Z,0.197843998670578,0.20761300623416901,0.1975409984588623,0.20761300623416901,15617669
2022-04-01T00:00:00.000000Z,0.20761400461196899,0.21132199466228485,0.20512600243091583,0.2080949991941452,10133403
2022-04-02T00:00:00.000000Z,0.20809699594974518,0.21105700731277466,0.20438200235366821,0.20479999482631683,10563093
2022-04-03T00:00:00.000000Z,0.20480099320411682,0.21392600238323212,0.20094099640846252,0.2130579948425293,12816003
2022-04-04T00:00:00.000000Z,0.21305899322032928,0.2137179970741272,0.2040800005197525,0.20524699985980988,11228633
2022-04-05T00:00:00.000000Z,0.20524600148200989,0.21190899610519409,0.20304100215435028,0.2070000022649765,7819424
2022-04-06T00:00:00.000000Z,0.20700100064277649,0.20726199448108673,0.20003099739551544,0.20003099739551544,7126034
2022-04-07T00:00:00.000000Z,0.20002999901771545,0.20171800255775452,0.19026599824428558,0.19267100095748901,8424434
2022-04-08T00:00:00.000000Z,0.19267000257968903,0.19958400726318359,0.19257600605487823,0.19531600177288055,9909456
2022-04-09T00:00:00.000000Z,0.19531500339508057,0.19616299867630005,0.19093899428844452,0.19358199834823608,8652159
2022-04-10T00:00:00.000000Z,0.19357900321483612,0.19564899802207947,0.19307899475097656,0.19473700225353241,8840617
2022-04-11T00:00:00.000000Z,0.1947380006313324,0.19476500153541565,0.18089799582958221,0.18395400047302246,8707129
2022-04-12T00:00:00.000000Z,0.18395499885082245,0.18601100146770477,0.18012300133705139,0.18374000489711761,13491790
2022-04-13T00:00:00.000000Z,0.1837410032749176,0.19330599904060364,0.18286499381065369,0.19275300204753876,15872252
2022-04-14T00:00:00.000000Z,0.19275300204753876,0.19290399551391602,0.18956400454044342,0.19062399864196777,15127799
2022-04-15T00:00:00.000000Z,0.19062300026416779,0.19070200622081757,0.18704299628734589,0.18704499304294586,18587669
2022-04-16T00:00:00.000000Z,0.18704399466514587,0.18988600373268127,0.18704399466514587,0.18972599506378174,18784040
2022-04-17T00:00:00.000000Z,0.18972499668598175,0.19083400070667267,0.18774899840354919,0.18820899724960327,15734362
2022-04-18T00:00:00.000000Z,0.18820999562740326,0.18889699876308441,0.18448999524116516,0.18663099408149719,17601161
2022-04-19T00:00:00.000000Z,0.1866299957036972,0.18891100585460663,0.18659399449825287,0.18712399899959564,16758699
2022-04-20T00:00:00.000000Z,0.18712599575519562,0.19053000211715698,0.18696600198745728,0.19012799859046936,16816401
2022-04-21T00:00:00.000000Z,0.19012899696826935,0.19446699321269989,0.18843099474906921,0.18876999616622925,14874274
2022-04-22T00:00:00.000000Z,0.18876700103282928,0.18923200666904449,0.17997400462627411,0.18163299560546875,15452368
2022-04-23T00:00:00.000000Z,0.18163000047206879,0.18273299932479858,0.17635700106620789,0.17855100333690643,18010500
2022-04-24T00:00:00.000000Z,0.17854900658130646,0.17854900658130646,0.17077599465847015,0.17297899723052979,16784707
2022-04-25T00:00:00.000000Z,0.17297999560832977,0.17349299788475037,0.16104699671268463,0.17320500314235687,15114302
2022-04-26T00:00:00.000000Z,0.1732030063867569,0.18307599425315857,0.16556400060653687,0.17162199318408966,16059054
2022-04-27T00:00:00.000000Z,0.17161999642848969,0.17778599262237549,0.16997300088405609,0.17450700700283051,17224872
2022-04-28T00:00:00.000000Z,0.17450700700283051,0.17779000103473663,0.16759000718593597,0.17465299367904663,16958514
2022-04-29T00:00:00.000000Z,0.1746550053358078,0.17816300690174103,0.16926899552345276,0.17398299276828766,14433144
2022-04-30T00:00:00.000000Z,0.1739799976348877,0.1756100058555603,0.16825200617313385,0.1710360050201416,16300554
2022-05-01T00:00:00.000000Z,0.1710360050201416,0.18747299909591675,0.17085400223731995,0.18722100555896759,17941863
2022-05-02T00:00:00.000000Z,0.18721899390220642,0.18981599807739258,0.18104900419712067,0.18393200635910034,17642196
2022-05-03T00:00:00.000000Z,0.18393099308013916,0.18977899849414825,0.17919600009918213,0.18096800148487091,15881636
2022-05-04T00:00:00.000000Z,0.18096399307250977,0.19287499785423279,0.17708200216293335,0.19263699650764465,15250021
2022-05-05T00:00:00.000000Z,0.19263699650764465,0.19392900168895721,0.18500499427318573,0.18812799453735352,15677847
2022-05-06T00:00:00.000000Z,0.18812799453735352,0.19261400401592255,0.18290999531745911,0.18891699612140656,9725118
2022-05-07T00:00:00.000000Z,0.18891499936580658,0.1896820068359375,0.1853490024805069,0.18586499989032745,8740917
2022-05-08T00:00:00.000000Z,0.18586499989032745,0.18785800039768219,0.17709499597549438,0.18405300378799438,11238082
2022-05-09T00:00:00.000000Z,0.18405599892139435,0.18469999730587006,0.15404599905014038,0.16070500016212463,14613598
2022-05-10T00:00:00.000000Z,0.16071100533008575,0.18570199608802795,0.15616600215435028,0.18404200673103333,10714308
2022-05-11T00:00:00.000000Z,0.18404099345207214,0.18404099345207214,0.14407800137996674,0.14408299326896667,9884591
2022-05-12T00:00:00.000000Z,0.14408400654792786,0.15076899528503418,0.11524000018835068,0.14714699983596802,10467303
2022-05-13T00:00:00.000000Z,0.14713500440120697,0.16441500186920166,0.1437159925699234,0.15768200159072876,12051579
2022-05-14T00:00:00.000000Z,0.15768200159072876,0.16602900624275208,0.15426400303840637,0.16552799940109253,9582269
2022-05-15T00:00:00.000000Z,0.16552799940109253,0.16668400168418884,0.16083499789237976,0.16507600247859955,8737875
2022-05-16T00:00:00.000000Z,0.16507899761199951,0.16840699315071106,0.1589599996805191,0.16168199479579926,6428255
2022-05-17T00:00:00.000000Z,0.16168099641799927,0.16734400391578674,0.16156800091266632,0.16437000036239624,7972834
2022-05-18T00:00:00.000000Z,0.16436900198459625,0.16820900142192841,0.1578730046749115,0.15999799966812134,13205606
2022-05-19T00:00:00.000000Z,0.15999600291252136,0.1630370020866394,0.15782499313354492,0.15980499982833862,9222402
2022-05-20T00:00:00.000000Z,0.15980300307273865,0.16167500615119934,0.1539590060710907,0.15637500584125519,8558256
2022-05-21T00:00:00.000000Z,0.15638700127601624,0.16077199578285217,0.15583799779415131,0.16057600080966949,7629914
2022-05-22T00:00:00.000000Z,0.16057500243186951,0.16200900077819824,0.15910500288009644,0.16186900436878204,7474010
2022-05-23T00:00:00.000000Z,0.16186800599098206,0.165242999792099,0.16035699844360352,0.16048300266265869,6647561
2022-05-24T00:00:00.000000Z,0.16047699749469757,0.16580000519752502,0.15842899680137634,0.16431300342082977,6850056
2022-05-25T00:00:00.000000Z,0.1643110066652298,0.16821999847888947,0.16243499517440796,0.16443100571632385,7451291
2022-05-26T00:00:00.000000Z,0.16443000733852386,0.16633400321006775,0.15813000500202179,0.16141299903392792,7479779
2022-05-27T00:00:00.000000Z,0.16141299903392792,0.1635109931230545,0.15866300463676453,0.16172599792480469,5664161
2022-05-28T00:00:00.000000Z,0.16251899302005768,0.16301099956035614,0.15650500357151031,0.15796199440956116,7323939
2022-05-29T00:00:00.000000Z,0.15796299278736115,0.15858000516891479,0.15606799721717834,0.15738099813461304,6990327
2022-05-30T00:00:00.000000Z,0.15738199651241302,0.1662839949131012,0.15723399817943573,0.16185900568962097,6158470
2022-05-31T00:00:00.000000Z,0.16185900568962097,0.16354799270629883,0.15925200283527374,0.16155099868774414,4666598
2022-06-01T00:00:00.000000Z,0.16155000030994415,0.1623930037021637,0.15748900175094604,0.1585330069065094,5370359
2022-06-02T00:00:00.000000Z,0.15852800011634827,0.16260899603366852,0.15851099789142609,0.1615699976682663,5954615
2022-06-03T00:00:00.000000Z,0.16156600415706635,0.16533799469470978,0.16092999279499054,0.16422399878501892,6622922
2022-06-04T00:00:00.000000Z,0.16422399878501892,0.16637599468231201,0.16287699341773987,0.16637599468231201,6252325
2022-06-05T00:00:00.000000Z,0.16637499630451202,0.16637499630451202,0.15783500671386719,0.16030700504779816,5059772
2022-06-06T00:00:00.000000Z,0.16030499339103699,0.16336899995803833,0.15838199853897095,0.16255800426006317,5602481
2022-06-07T00:00:00.000000Z,0.162555992603302,0.16317899525165558,0.15805800259113312,0.16032600402832031,7970158
2022-06-08T00:00:00.000000Z,0.16032600402832031,0.16175399720668793,0.15871700644493103,0.16057099401950836,8735832
2022-06-09T00:00:00.000000Z,0.16057300567626953,0.16179099678993225,0.15948000550270081,0.16064999997615814,8673979
2022-06-10T00:00:00.000000Z,0.16065600514411926,0.16280800104141235,0.15948300063610077,0.16036799550056458,9495814
2022-06-11T00:00:00.000000Z,0.16036899387836456,0.16116400063037872,0.15531900525093079,0.1561879962682724,8378694
2022-06-12T00:00:00.000000Z,0.15618599951267242,0.15670900046825409,0.14711900055408478,0.15000200271606445,7887092
2022-06-13T00:00:00.000000Z,0.15000000596046448,0.15000000596046448,0.1200610026717186,0.12009099870920181,8829635
2022-06-14T00:00:00.000000Z,0.1200919970870018,0.127702996134758,0.11467000097036362,0.11467000097036362,9378637
2022-06-15T00:00:00.000000Z,0.11466799676418304,0.12322100251913071,0.11085700243711472,0.12250000238418579,7676445
2022-06-16T00:00:00.000000Z,0.12249799817800522,0.1291780024766922,0.10609199851751328,0.11146099865436554,6183142
2022-06-17T00:00:00.000000Z,0.11146300286054611,0.11437399685382843,0.10455100238323212,0.10596799850463867,5515098
2022-06-18T00:00:00.000000Z,0.1059660017490387,0.11219599843025208,0.10207699984312057,0.10503000020980835,5693698
2022-06-19T00:00:00.000000Z,0.10502900183200836,0.11533100157976151,0.10502900183200836,0.11533100157976151,6708335
2022-06-20T00:00:00.000000Z,0.11532799899578094,0.11534500122070312,0.1092429980635643,0.11271200329065323,7111977
2022-06-21T00:00:00.000000Z,0.1127140000462532,0.11631900072097778,0.11104000359773636,0.11244799941778183,5149974
2022-06-22T00:00:00.000000Z,0.11244799941778183,0.11638599634170532,0.11182799935340881,0.11588499695062637,6510990
2022-06-23T00:00:00.000000Z,0.11588499695062637,0.12900499999523163,0.11557500064373016,0.1256289929151535,6112943
2022-06-24T00:00:00.000000Z,0.12562699615955353,0.13641299307346344,0.12537899613380432,0.13112099468708038,4546960
2022-06-25T00:00:00.000000Z,0.13112300634384155,0.13616999983787537,0.12942400574684143,0.13457900285720825,6236902
2022-06-26T00:00:00.000000Z,0.13458000123500824,0.13990600407123566,0.13448899984359741,0.13809700310230255,6417457
2022-06-27T00:00:00.000000Z,0.13810500502586365,0.13832800090312958,0.13503099977970123,0.1365559995174408,6543122
2022-06-28T00:00:00.000000Z,0.13655699789524078,0.137130007147789,0.13475500047206879,0.1358409970998764,7953784
2022-06-29T00:00:00.000000Z,0.13584299385547638,0.13618600368499756,0.12997700273990631,0.13500900566577911,8253095
2022-06-30T00:00:00.000000Z,0.1350100040435791,0.13712899386882782,0.13027900457382202,0.13200399279594421,8882000
2022-07-01T00:00:00.000000Z,0.13200899958610535,0.13720700144767761,0.13200899958610535,0.13572600483894348,6824541
2022-07-02T00:00:00.000000Z,0.13572399318218231,0.13639500737190247,0.13543699681758881,0.13626900315284729,6565042
2022-07-03T00:00:00.000000Z,0.1362680047750473,0.13646200299263,0.13505299389362335,0.13640600442886353,6383653
2022-07-04T00:00:00.000000Z,0.13640500605106354,0.13965800404548645,0.13621599972248077,0.13904200494289398,7368048
2022-07-05T00:00:00.000000Z,0.13904400169849396,0.14576999843120575,0.13886000216007233,0.14576900005340576,11924440
2022-07-06T00:00:00.000000Z,0.14576999843120575,0.15485300123691559,0.14473499357700348,0.15246400237083435,13957590
2022-07-07T00:00:00.000000Z,0.15246300399303436,0.15482999384403229,0.14697399735450745,0.14725999534130096,6301600
2022-07-08T00:00:00.000000Z,0.14725500345230103,0.15366099774837494,0.14684699475765228,0.14942499995231628,8051100
2022-07-09T00:00:00.000000Z,0.14942599833011627,0.15216399729251862,0.14903700351715088,0.15060800313949585,9154716
2022-07-10T00:00:00.000000Z,0.15060800313949585,0.15132099390029907,0.1493459939956665,0.14965899288654327,5502736
2022-07-11T00:00:00.000000Z,0.14965799450874329,0.15034599602222443,0.14577700197696686,0.14580699801445007,10222617
2022-07-12T00:00:00.000000Z,0.14580699801445007,0.14580699801445007,0.13214799761772156,0.13661600649356842,9443798
2022-07-13T00:00:00.000000Z,0.13661600649356842,0.14629499614238739,0.13608099520206451,0.14248600602149963,10024689
2022-07-14T00:00:00.000000Z,0.14248800277709961,0.14795200526714325,0.14065499603748322,0.14626100659370422,6164767
2022-07-15T00:00:00.000000Z,0.14625699818134308,0.14850999414920807,0.1452769935131073,0.1463949978351593,9424383
2022-07-16T00:00:00.000000Z,0.1463949978351593,0.14833900332450867,0.14587299525737762,0.14826400578022003,6196751
2022-07-17T00:00:00.000000Z,0.14826500415802002,0.15079599618911743,0.14826500415802002,0.14995799958705902,4425891
2022-07-18T00:00:00.000000Z,0.14995700120925903,0.15213200449943542,0.14412899315357208,0.14743100106716156,3975731
2022-07-19T00:00:00.000000Z,0.14743100106716156,0.14944000542163849,0.14461299777030945,0.14839799702167511,3828675
2022-07-20T00:00:00.000000Z,0.1483989953994751,0.15125100314617157,0.14819900691509247,0.14954699575901031,5739630
2022-07-21T00:00:00.000000Z,0.14954499900341034,0.15365800261497498,0.14333400130271912,0.15325400233268738,4238597
2022-07-22T00:00:00.000000Z,0.15325400233268738,0.15484300255775452,0.14952999353408813,0.15019500255584717,3932894
2022-07-23T00:00:00.000000Z,0.15019500255584717,0.15045000612735748,0.14650799334049225,0.14825400710105896,3834196
2022-07-24T00:00:00.000000Z,0.14825400710105896,0.15200600028038025,0.14825400710105896,0.15084199607372284,3835092
2022-07-25T00:00:00.000000Z,0.15084199607372284,0.15084199607372284,0.14501899480819702,0.14968499541282654,4238784
2022-07-26T00:00:00.000000Z,0.14968599379062653,0.15041099488735199,0.14352400600910187,0.1489579975605011,3633531
2022-07-27T00:00:00.000000Z,0.1489579975605011,0.15231600403785706,0.14557300508022308,0.15177300572395325,4124454
2022-07-28T00:00:00.000000Z,0.15177600085735321,0.15341199934482574,0.15026499330997467,0.15294100344181061,4685345
2022-07-29T00:00:00.000000Z,0.15294300019741058,0.15374200046062469,0.15107899904251099,0.15365199744701385,4611230
2022-07-30T00:00:00.000000Z,0.15364700555801392,0.15377900004386902,0.15072299540042877,0.15150900185108185,4674876
2022-07-31T00:00:00.000000Z,0.15150600671768188,0.15267400443553925,0.15020300447940826,0.15048299729824066,4975730
2022-08-01T00:00:00.000000Z,0.15048199892044067,0.1516450047492981,0.15034599602222443,0.15155200660228729,4699622
2022-08-02T00:00:00.000000Z,0.15154899656772614,0.15300700068473816,0.15009100735187531,0.15208999812602997,4323976
2022-08-03T00:00:00.000000Z,0.15209099650382996,0.15364600718021393,0.14964599907398224,0.14993199706077576,6019769
2022-08-04T00:00:00.000000Z,0.14993299543857574,0.15060499310493469,0.14910399913787842,0.14943499863147736,5511364
2022-08-05T00:00:00.000000Z,0.14942899346351624,0.15569199621677399,0.14942899346351624,0.15558399260044098,5182557
2022-08-06T00:00:00.000000Z,0.15558600425720215,0.16581100225448608,0.15558600425720215,0.16314999759197235,4596170
2022-08-07T00:00:00.000000Z,0.16315199434757233,0.16397500038146973,0.15986000001430511,0.16354000568389893,5156908
2022-08-08T00:00:00.000000Z,0.16354399919509888,0.16542500257492065,0.16352899372577667,0.1637050062417984,6269079
2022-08-09T00:00:00.000000Z,0.16370600461959839,0.16734300553798676,0.16349600255489349,0.16731800138950348,5292607
2022-08-10T00:00:00.000000Z,0.1673160046339035,0.17505499720573425,0.16514900326728821,0.17112499475479126,5339811
2022-08-11T00:00:00.000000Z,0.17112599313259125,0.17261199653148651,0.1694830060005188,0.17004600167274475,4539337
2022-08-12T00:00:00.000000Z,0.17004300653934479,0.17026400566101074,0.16810199618339539,0.16897900402545929,6518670
2022-08-13T00:00:00.000000Z,0.16898000240325928,0.16984200477600098,0.16705399751663208,0.16766400635242462,4671181
2022-08-14T00:00:00.000000Z,0.1676660031080246,0.16867800056934357,0.16716699302196503,0.1673630028963089,4930316
2022-08-15T00:00:00.000000Z,0.16736100614070892,0.16909000277519226,0.13454100489616394,0.15435299277305603,5830505
2022-08-16T00:00:00.000000Z,0.1543470025062561,0.15929800271987915,0.15249499678611755,0.15843300521373749,4786891
2022-08-17T00:00:00.000000Z,0.15843300521373749,0.15997299551963806,0.15723599493503571,0.15973299741744995,5045198
2022-08-18T00:00:00.000000Z,0.1597370058298111,0.16395300626754761,0.15945099294185638,0.16221199929714203,4689303
2022-08-19T00:00:00.000000Z,0.16221100091934204,0.16236400604248047,0.14476899802684784,0.14914399385452271,4576008
2022-08-20T00:00:00.000000Z,0.14913900196552277,0.14925199747085571,0.14641599357128143,0.14873699843883514,5210946
2022-08-21T00:00:00.000000Z,0.14873400330543518,0.15359599888324738,0.14852799475193024,0.1529420018196106,4784615
2022-08-22T00:00:00.000000Z,0.15294100344181061,0.15876799821853638,0.15241700410842896,0.15773299336433411,4867713
2022-08-23T00:00:00.000000Z,0.15773600339889526,0.16242000460624695,0.1568329930305481,0.16223500669002533,5440856
2022-08-24T00:00:00.000000Z,0.16223500669002533,0.16267099976539612,0.15939900279045105,0.16248999536037445,4474143
2022-08-25T00:00:00.000000Z,0.16249099373817444,0.16854099929332733,0.16172300279140472,0.16649800539016724,4813741
2022-08-26T00:00:00.000000Z,0.16649499535560608,0.16758300364017487,0.16170699894428253,0.16467200219631195,4443158
2022-08-27T00:00:00.000000Z,0.1646759957075119,0.16487599909305573,0.15714000165462494,0.15879599750041962,4393764
2022-08-28T00:00:00.000000Z,0.15879400074481964,0.15923400223255157,0.14518700540065765,0.14555899798870087,4677767
2022-08-29T00:00:00.000000Z,0.14555999636650085,0.1574379950761795,0.14547500014305115,0.15130700170993805,5085021
2022-08-30T00:00:00.000000Z,0.15130899846553802,0.15805800259113312,0.15015099942684174,0.15667599439620972,4492721
2022-08-31T00:00:00.000000Z,0.15668000280857086,0.15737099945545197,0.15631699562072754,0.15672400593757629,5316066
2022-09-01T00:00:00.000000Z,0.15672400593757629,0.15740500390529633,0.15177799761295319,0.15599000453948975,4279560
2022-09-02T00:00:00.000000Z,0.15598699450492859,0.15791000425815582,0.15307100117206573,0.15388700366020203,4509871
2022-09-03T00:00:00.000000Z,0.15388700366020203,0.15398499369621277,0.15006899833679199,0.15099400281906128,4199397
2022-09-04T00:00:00.000000Z,0.15099500119686127,0.15099500119686127,0.14935100078582764,0.15043500065803528,4278469
2022-09-05T00:00:00.000000Z,0.15043699741363525,0.15159200131893158,0.14993800222873688,0.1515830010175705,4246161
2022-09-06T00:00:00.000000Z,0.15158499777317047,0.15916800498962402,0.15100499987602234,0.15355199575424194,5157278
2022-09-07T00:00:00.000000Z,0.15354299545288086,0.1633789986371994,0.1511790007352829,0.16284400224685669,8268481
2022-09-08T00:00:00.000000Z,0.16284200549125671,0.17715400457382202,0.16212700307369232,0.17081199586391449,7318819
2022-09-09T00:00:00.000000Z,0.17080999910831451,0.18097099661827087,0.17027099430561066,0.17633000016212463,5963546
2022-09-10T00:00:00.000000Z,0.17632700502872467,0.18313199281692505,0.17590199410915375,0.17915900051593781,5613682
2022-09-11T00:00:00.000000Z,0.17915700376033783,0.18090499937534332,0.16586500406265259,0.16982200741767883,5237448
2022-09-12T00:00:00.000000Z,0.1698250025510788,0.17352199554443359,0.16891700029373169,0.17042900621891022,4730400
2022-09-13T00:00:00.000000Z,0.17042499780654907,0.17057600617408752,0.16673099994659424,0.16783100366592407,4820550
2022-09-14T00:00:00.000000Z,0.16777099668979645,0.17621800303459167,0.16673099994659424,0.17441999912261963,5853127
2022-09-15T00:00:00.000000Z,0.1744219958782196,0.17567700147628784,0.17073599994182587,0.170741006731987,5270098
2022-09-16T00:00:00.000000Z,0.17074300348758698,0.17150700092315674,0.16726300120353699,0.17102800309658051,4918019
2022-09-17T00:00:00.000000Z,0.17103199660778046,0.17545999586582184,0.17067399621009827,0.17288699746131897,3523505
2022-09-18T00:00:00.000000Z,0.17288699746131897,0.17457300424575806,0.17232400178909302,0.17292399704456329,2988698
2022-09-19T00:00:00.000000Z,0.17292000353336334,0.17348100244998932,0.1687140017747879,0.17163600027561188,3185498
2022-09-20T00:00:00.000000Z,0.17163699865341187,0.1720539927482605,0.16553500294685364,0.16810999810695648,3056317
2022-09-21T00:00:00.000000Z,0.16810800135135651,0.17163999378681183,0.16111299395561218,0.16350999474525452,3472631
2022-09-22T00:00:00.000000Z,0.16350099444389343,0.17440299689769745,0.16305500268936157,0.17397099733352661,3446121
2022-09-23T00:00:00.000000Z,0.17397099733352661,0.18349899351596832,0.17371299862861633,0.18111699819564819,4133400
2022-09-24T00:00:00.000000Z,0.18111599981784821,0.19089899957180023,0.17991599440574646,0.18494200706481934,3491675
2022-09-25T00:00:00.000000Z,0.18494200706481934,0.19682399928569794,0.18458199501037598,0.19339300692081451,3376224
2022-09-26T00:00:00.000000Z,0.19339600205421448,0.19689899682998657,0.18336200714111328,0.18821799755096436,3311124
2022-09-27T00:00:00.000000Z,0.18821699917316437,0.20317700505256653,0.18626999855041504,0.19220499694347382,3608369
2022-09-28T00:00:00.000000Z,0.19219599664211273,0.19535499811172485,0.18822400271892548,0.19249600172042847,3264934
2022-09-29T00:00:00.000000Z,0.19250200688838959,0.19649800658226013,0.19091999530792236,0.19266200065612793,3313681
2022-09-30T00:00:00.000000Z,0.19266000390052795,0.19560900330543518,0.18626099824905396,0.1876010000705719,4275260
2022-10-01T00:00:00.000000Z,0.18760299682617188,0.1878180056810379,0.18443100154399872,0.18480099737644196,3467579
2022-10-02T00:00:00.000000Z,0.18480199575424194,0.18637800216674805,0.18422700464725494,0.18527199327945709,3224712
2022-10-03T00:00:00.000000Z,0.18527199327945709,0.18819700181484222,0.18509599566459656,0.18577800691127777,3527237
2022-10-04T00:00:00.000000Z,0.18577699363231659,0.18807500600814819,0.18402999639511108,0.18561500310897827,3889844
2022-10-05T00:00:00.000000Z,0.1856130063533783,0.18641999363899231,0.18254299461841583,0.18376900255680084,3417531
2022-10-06T00:00:00.000000Z,0.18377000093460083,0.18420499563217163,0.18219999969005585,0.18249599635601044,3131209
2022-10-07T00:00:00.000000Z,0.18249799311161041,0.1846729964017868,0.18228699266910553,0.1846729964017868,3209021
2022-10-08T00:00:00.000000Z,0.18467199802398682,0.18536600470542908,0.18276500701904297,0.18329699337482452,3145275
2022-10-09T00:00:00.000000Z,0.18329599499702454,0.18481700122356415,0.18311800062656403,0.18364100158214569,3289334
2022-10-10T00:00:00.000000Z,0.18364100158214569,0.18435899913311005,0.18301999568939209,0.18384400010108948,3482813
2022-10-11T00:00:00.000000Z,0.18383799493312836,0.18428599834442139,0.18271100521087646,0.184238001704216,3320398
2022-10-12T00:00:00.000000Z,0.18424299359321594,0.18486900627613068,0.18306399881839752,0.18465900421142578,3244867
2022-10-13T00:00:00.000000Z,0.18465699255466461,0.18470500409603119,0.17561399936676025,0.18296599388122559,3923574
2022-10-14T00:00:00.000000Z,0.1829649955034256,0.18494300544261932,0.17956699430942535,0.18039000034332275,3446486
2022-10-15T00:00:00.000000Z,0.18038900196552277,0.18396000564098358,0.17957800626754761,0.18266099691390991,3297264
2022-10-16T00:00:00.000000Z,0.1826619952917099,0.18626199662685394,0.18058599531650543,0.18375100195407867,3558405
2022-10-17T00:00:00.000000Z,0.18375200033187866,0.19200499355792999,0.18375200033187866,0.18976800143718719,5221354
2022-10-18T00:00:00.000000Z,0.18976700305938721,0.19118399918079376,0.18662199378013611,0.19079899787902832,5576526
2022-10-19T00:00:00.000000Z,0.19079999625682831,0.19577699899673462,0.18844400346279144,0.19517700374126434,6024921
2022-10-20T00:00:00.000000Z,0.19517700374126434,0.22787399590015411,0.19374999403953552,0.22280000150203705,6920043
2022-10-21T00:00:00.000000Z,0.22280000150203705,0.23813599348068237,0.19678199291229248,0.21332700550556183,5986918
2022-10-22T00:00:00.000000Z,0.21332700550556183,0.21837100386619568,0.21053999662399292,0.21628600358963013,4028990
2022-10-23T00:00:00.000000Z,0.21628099679946899,0.21800999343395233,0.20128700137138367,0.20753200352191925,3854469
2022-10-24T00:00:00.000000Z,0.20753300189971924,0.20774699747562408,0.19796299934387207,0.19955800473690033,3720097
2022-10-25T00:00:00.000000Z,0.19954299926757812,0.20406000316143036,0.19584199786186218,0.19931299984455109,3569509
2022-10-26T00:00:00.000000Z,0.19928400218486786,0.20080700516700745,0.19607199728488922,0.19954200088977814,3761028
2022-10-27T00:00:00.000000Z,0.19955700635910034,0.20029500126838684,0.19324600696563721,0.19352500140666962,10875746
2022-10-28T00:00:00.000000Z,0.19352799654006958,0.19780999422073364,0.19288100302219391,0.19615200161933899,4009210
2022-10-29T00:00:00.000000Z,0.19614399969577789,0.19753000140190125,0.1934950053691864,0.19407600164413452,3491407
2022-10-30T00:00:00.000000Z,0.19407300651073456,0.19591799378395081,0.19287300109863281,0.19358299672603607,6020725
2022-10-31T00:00:00.000000Z,0.19356900453567505,0.19497500360012054,0.19179500639438629,0.1929129958152771,12143609
2022-11-01T00:00:00.000000Z,0.19291000068187714,0.19542300701141357,0.19148699939250946,0.19276799261569977,3755751
2022-11-02T00:00:00.000000Z,0.19275599718093872,0.19467900693416595,0.18658199906349182,0.18777100741863251,3573936
2022-11-03T00:00:00.000000Z,0.18777899444103241,0.19192799925804138,0.1873839944601059,0.19040399789810181,3199382
2022-11-04T00:00:00.000000Z,0.19039499759674072,0.19648300111293793,0.19021500647068024,0.19466400146484375,3587751
2022-11-05T00:00:00.000000Z,0.19465899467468262,0.19938200712203979,0.19465899467468262,0.19885799288749695,3700828
2022-11-06T00:00:00.000000Z,0.19886200129985809,0.20238099992275238,0.19790400564670563,0.20013299584388733,3560282
2022-11-07T00:00:00.000000Z,0.20012100040912628,0.2044370025396347,0.19707800447940826,0.19878299534320831,3541005
2022-11-08T00:00:00.000000Z,0.1987680047750473,0.20011800527572632,0.18494300544261932,0.19199199974536896,3938676
2022-11-09T00:00:00.000000Z,0.19201700389385223,0.1955839991569519,0.17496299743652344,0.17626200616359711,3942790
2022-11-10T00:00:00.000000Z,0.17626799643039703,0.1900629997253418,0.17555700242519379,0.18959200382232666,3646523
2022-11-11T00:00:00.000000Z,0.18955899775028229,0.19449900090694427,0.17932899296283722,0.18457299470901489,3422686
2022-11-12T00:00:00.000000Z,0.1845880001783371,0.19101299345493317,0.18322199583053589,0.18415200710296631,3099248
2022-11-13T00:00:00.000000Z,0.18415799736976624,0.18791800737380981,0.17981100082397461,0.18103200197219849,3722956
2022-11-14T00:00:00.000000Z,0.1810310035943985,0.18588200211524963,0.17562299966812134,0.18427099287509918,3789455
2022-11-15T00:00:00.000000Z,0.18427300453186035,0.18622000515460968,0.18111999332904816,0.18161299824714661,3267711
2022-11-16T00:00:00.000000Z,0.18161499500274658,0.18293599784374237,0.17603899538516998,0.17693500220775604,3120813
2022-11-17T00:00:00.000000Z,0.17694799602031708,0.17984099686145782,0.17593500018119812,0.17966699600219727,3475266
2022-11-18T00:00:00.000000Z,0.17966699600219727,0.18151800334453583,0.1780720055103302,0.18120099604129791,3410355
2022-11-19T00:00:00.000000Z,0.181194007396698,0.18187800049781799,0.17982999980449677,0.18146699666976929,3223806
2022-11-20T00:00:00.000000Z,0.18147100508213043,0.18277400732040405,0.17934200167655945,0.17939800024032593,3161883
2022-11-21T00:00:00.000000Z,0.17939400672912598,0.17958800494670868,0.17674300074577332,0.17832100391387939,3666379
2022-11-22T00:00:00.000000Z,0.17828500270843506,0.18157599866390228,0.17685399949550629,0.18004299700260162,3096905
2022-11-23T00:00:00.000000Z,0.18007199466228485,0.18510200083255768,0.17938299477100372,0.18334999680519104,3268371
2022-11-24T00:00:00.000000Z,0.18335799872875214,0.19147199392318726,0.18275199830532074,0.18715199828147888,3439196
2022-11-25T00:00:00.000000Z,0.18713699281215668,0.18989400565624237,0.18630999326705933,0.18929299712181091,3460487
2022-11-26T00:00:00.000000Z,0.18928800523281097,0.19241900742053986,0.1888670027256012,0.19196499884128571,3444069
2022-11-27T00:00:00.000000Z,0.19196499884128571,0.1960739940404892,0.19171500205993652,0.19322699308395386,3373189
2022-11-28T00:00:00.000000Z,0.19320900738239288,0.19380000233650208,0.18672800064086914,0.18953399360179901,3339332
2022-11-29T00:00:00.000000Z,0.18952900171279907,0.19872300326824188,0.18896299600601196,0.19655600190162659,3521656
2022-11-30T00:00:00.000000Z,0.19655799865722656,0.20286199450492859,0.1951030045747757,0.19793899357318878,3627594
2022-12-01T00:00:00.000000Z,0.19794100522994995,0.19847400486469269,0.19367100298404694,0.19516199827194214,3402619
2022-12-02T00:00:00.000000Z,0.19516900181770325,0.19540899991989136,0.18943899869918823,0.19119200110435486,3437413
2022-12-03T00:00:00.000000Z,0.19120199978351593,0.19335900247097015,0.18801100552082062,0.1907850056886673,3333962
2022-12-04T00:00:00.000000Z,0.19078099727630615,0.19305999577045441,0.1880979984998703,0.18965800106525421,3243522
2022-12-05T00:00:00.000000Z,0.18964999914169312,0.19109000265598297,0.18703900277614594,0.18764099478721619,3277059
2022-12-06T00:00:00.000000Z,0.18764999508857727,0.1887499988079071,0.18271499872207642,0.18283000588417053,3294446
2022-12-07T00:00:00.000000Z,0.18282599747180939,0.18527799844741821,0.180758997797966,0.1827239990234375,3382439
2022-12-08T00:00:00.000000Z,0.1827239990234375,0.18648399412631989,0.18258099257946014,0.18510699272155762,3312160
2022-12-09T00:00:00.000000Z,0.18510200083255768,0.18623200058937073,0.18338300287723541,0.18344999849796295,3221294
2022-12-10T00:00:00.000000Z,0.18345600366592407,0.1852709949016571,0.18297700583934784,0.18370899558067322,2953486
2022-12-11T00:00:00.000000Z,0.18371300399303436,0.18920800089836121,0.18354399502277374,0.18815700709819794,3152658
2022-12-12T00:00:00.000000Z,0.18814399838447571,0.18908900022506714,0.18584200739860535,0.18805199861526489,3498099
2022-12-13T00:00:00.000000Z,0.18805399537086487,0.18973800539970398,0.18579000234603882,0.18938800692558289,3549316
2022-12-14T00:00:00.000000Z,0.18939599394798279,0.19116100668907166,0.18637600541114807,0.19079700112342834,3393667
2022-12-15T00:00:00.000000Z,0.19078899919986725,0.19078899919986725,0.18513500690460205,0.18596799671649933,3233371
2022-12-16T00:00:00.000000Z,0.18597100675106049,0.18878799676895142,0.17605200409889221,0.17675800621509552,3390586
2022-12-17T00:00:00.000000Z,0.17674799263477325,0.18209999799728394,0.17543299496173859,0.1788800060749054,3479791
2022-12-18T00:00:00.000000Z,0.17887799441814423,0.18361599743366241,0.17651300132274628,0.18265099823474884,3559014
2022-12-19T00:00:00.000000Z,0.18265700340270996,0.18446500599384308,0.18001300096511841,0.18128100037574768,3463956
2022-12-20T00:00:00.000000Z,0.18129700422286987,0.18776200711727142,0.18104399740695953,0.18670199811458588,3638692
2022-12-21T00:00:00.000000Z,0.18669100105762482,0.19882799685001373,0.18647000193595886,0.19359399378299713,3591204
2022-12-22T00:00:00.000000Z,0.1935960054397583,0.19571800529956818,0.18770700693130493,0.18963600695133209,3375572
2022-12-23T00:00:00.000000Z,0.189628005027771,0.18970599770545959,0.18527700006961823,0.18714000284671783,3328337
2022-12-24T00:00:00.000000Z,0.18713699281215668,0.18721799552440643,0.18243299424648285,0.18596799671649933,3420824
2022-12-25T00:00:00.000000Z,0.18596799671649933,0.18659600615501404,0.18476800620555878,0.18583400547504425,3306105
2022-12-26T00:00:00.000000Z,0.18583400547504425,0.18684199452400208,0.1782819926738739,0.17843399941921234,3540388
2022-12-27T00:00:00.000000Z,0.17843200266361237,0.18035399913787842,0.17809799313545227,0.18005000054836273,3595765
2022-12-28T00:00:00.000000Z,0.18004399538040161,0.18479500710964203,0.17882700264453888,0.18242199718952179,3331371
2022-12-29T00:00:00.000000Z,0.18242000043392181,0.18307100236415863,0.17857199907302856,0.1802079975605011,3041182
2022-12-30T00:00:00.000000Z,0.18020300567150116,0.18175399303436279,0.17876699566841125,0.18151800334453583,3093198
2022-12-31T00:00:00.000000Z,0.18152900040149689,0.18239100277423859,0.17915800213813782,0.18171299993991852,3001340
2023-01-01T00:00:00.000000Z,0.18171200156211853,0.18222300708293915,0.17945200204849243,0.18138499557971954,3648024
2023-01-02T00:00:00.000000Z,0.18139199912548065,0.18239900469779968,0.18045100569725037,0.18133099377155304,3426785
2023-01-03T00:00:00.000000Z,0.18133699893951416,0.18364299833774567,0.18097999691963196,0.18195900321006775,3382833
2023-01-04T00:00:00.000000Z,0.18195800483226776,0.19404199719429016,0.18195800483226776,0.18857899308204651,3712071
2023-01-05T00:00:00.000000Z,0.18857799470424652,0.19238699972629547,0.1883929967880249,0.19035699963569641,3161282
2023-01-06T00:00:00.000000Z,0.19035699963569641,0.19294899702072144,0.18838199973106384,0.19072100520133972,3687632
2023-01-07T00:00:00.000000Z,0.1907230019569397,0.19106699526309967,0.18597100675106049,0.1865369975566864,3569630
2023-01-08T00:00:00.000000Z,0.18652999401092529,0.1870339959859848,0.182778000831604,0.18466900289058685,3448244
2023-01-09T00:00:00.000000Z,0.18468199670314789,0.18633900582790375,0.18257699906826019,0.1833299994468689,1726400
2023-01-10T00:00:00.000000Z,0.1833139955997467,0.18482999503612518,0.18194499611854553,0.18232199549674988,2326207
2023-01-11T00:00:00.000000Z,0.18231900036334991,0.18323600292205811,0.18037399649620056,0.18293899297714233,1719858
2023-01-12T00:00:00.000000Z,0.18420000374317169,0.18994699418544769,0.1834699958562851,0.18801300227642059,2191732
2023-01-13T00:00:00.000000Z,0.18801400065422058,0.19492800533771515,0.18603600561618805,0.19286799430847168,2523351
2023-01-14T00:00:00.000000Z,0.19286000728607178,0.20546899735927582,0.1927579939365387,0.19962200522422791,3356721
2023-01-15T00:00:00.000000Z,0.19962599873542786,0.20210899412631989,0.19382199645042419,0.19476300477981567,2361693
2023-01-16T00:00:00.000000Z,0.19476300477981567,0.20033100247383118,0.19309699535369873,0.19667600095272064,3850571
2023-01-17T00:00:00.000000Z,0.19670100510120392,0.19946500658988953,0.19394400715827942,0.19559100270271301,2867609
2023-01-18T00:00:00.000000Z,0.19558499753475189,0.19900800287723541,0.19362999498844147,0.19590599834918976,3416767
2023-01-19T00:00:00.000000Z,0.19589099287986755,0.19764299690723419,0.19477799534797668,0.19665800034999847,3470283
2023-01-20T00:00:00.000000Z,0.19664900004863739,0.20899899303913116,0.19642500579357147,0.20776000618934631,3276454
2023-01-21T00:00:00.000000Z,0.20776300132274628,0.21174700558185577,0.20463100075721741,0.20849700272083282,3079724
2023-01-22T00:00:00.000000Z,0.2085070013999939,0.2109609991312027,0.20465099811553955,0.2046550065279007,2676953
2023-01-23T00:00:00.000000Z,0.20465399324893951,0.20868900418281555,0.20458100736141205,0.20707300305366516,2850442
2023-01-24T00:00:00.000000Z,0.2070470005273819,0.20775699615478516,0.20048299431800842,0.20074400305747986,3170351
2023-01-25T00:00:00.000000Z,0.20075599849224091,0.20256799459457397,0.19828200340270996,0.20071199536323547,2736083
2023-01-26T00:00:00.000000Z,0.20067200064659119,0.20254999399185181,0.19881899654865265,0.19982700049877167,3109984
2023-01-27T00:00:00.000000Z,0.19982300698757172,0.21107800304889679,0.19909800589084625,0.20873600244522095,3294477
2023-01-28T00:00:00.000000Z,0.20873600244522095,0.21170000731945038,0.20589800179004669,0.20773600041866302,3891554
2023-01-29T00:00:00.000000Z,0.20774300396442413,0.22199499607086182,0.20716400444507599,0.21906100213527679,4167644
2023-01-30T00:00:00.000000Z,0.21906499564647675,0.22390300035476685,0.21357899904251099,0.22125999629497528,4180829
2023-01-31T00:00:00.000000Z,0.22125999629497528,0.22390100359916687,0.20827800035476685,0.21442200243473053,4186531
2023-02-01T00:00:00.000000Z,0.21441599726676941,0.22035199403762817,0.21205000579357147,0.21822799742221832,3734787
2023-02-02T00:00:00.000000Z,0.21820299327373505,0.22225199639797211,0.21598100662231445,0.21634599566459656,4054839
2023-02-03T00:00:00.000000Z,0.21633000671863556,0.21918399631977081,0.21542499959468842,0.21548199653625488,3993020
2023-02-04T00:00:00.000000Z,0.21546299755573273,0.21829399466514587,0.21499499678611755,0.21500000357627869,3992557
2023-02-05T00:00:00.000000Z,0.21500200033187866,0.22090999782085419,0.21402700245380402,0.21483699977397919,4179774
2023-02-06T00:00:00.000000Z,0.21483400464057922,0.22062100470066071,0.21450699865818024,0.21878300607204437,4659943
2023-02-07T00:00:00.000000Z,0.21876199543476105,0.22447100281715393,0.21842299401760101,0.22097299993038177,3578561
2023-02-08T00:00:00.000000Z,0.22096900641918182,0.25059300661087036,0.22031700611114502,0.24512100219726562,5412067
2023-02-09T00:00:00.000000Z,0.2451539933681488,0.29412901401519775,0.2451539933681488,0.27182900905609131,10580456
2023-02-10T00:00:00.000000Z,0.27183601260185242,0.29527398943901062,0.26205500960350037,0.28816398978233337,9648919
2023-02-11T00:00:00.000000Z,0.28817200660705566,0.39197701215744019,0.28784000873565674,0.36814200878143311,21008608
2023-02-12T00:00:00.000000Z,0.36813199520111084,0.39108499884605408,0.34917598962783813,0.35643601417541504,9399609
2023-02-13T00:00:00.000000Z,0.35643100738525391,0.3728649914264679,0.3215239942073822,0.37283399701118469,11400968
2023-02-14T00:00:00.000000Z,0.37279701232910156,0.42866501212120056,0.36476001143455505,0.38414499163627625,14631174
2023-02-15T00:00:00.000000Z,0.38413798809051514,0.48342201113700867,0.38413798809051514,0.45135399699211121,16671773
2023-02-16T00:00:00.000000Z,0.45135399699211121,0.51524102687835693,0.4275679886341095,0.46267300844192505,25061088
2023-02-17T00:00:00.000000Z,0.46267500519752502,0.46928700804710388,0.40104299783706665,0.42833301424980164,15381176
2023-02-18T00:00:00.000000Z,0.42833399772644043,0.4410560131072998,0.41097399592399597,0.41147398948669434,10412177
2023-02-19T00:00:00.000000Z,0.41146999597549438,0.41987299919128418,0.38288798928260803,0.39385899901390076,12091497
2023-02-20T00:00:00.000000Z,0.39395201206207275,0.41404399275779724,0.39000499248504639,0.41066399216651917,16650946
2023-02-21T00:00:00.000000Z,0.41068500280380249,0.43911600112915039,0.39566001296043396,0.39905500411987305,23066744
2023-02-22T00:00:00.000000Z,0.39906999468803406,0.39935499429702759,0.38205000758171082,0.39000800251960754,14811070
2023-02-23T00:00:00.000000Z,0.39002001285552979,0.40031701326370239,0.3815619945526123,0.39180898666381836,13082215
2023-02-24T00:00:00.000000Z,0.3917900025844574,0.39879500865936279,0.3821370005607605,0.38669100403785706,10595284
2023-02-25T00:00:00.000000Z,0.38672098517417908,0.4091779887676239,0.38600501418113708,0.3996720016002655,12714620
2023-02-26T00:00:00.000000Z,0.39963999390602112,0.41791999340057373,0.39963999390602112,0.41656500101089478,13841987
2023-02-27T00:00:00.000000Z,0.41656100749969482,0.44633299112319946,0.41380101442337036,0.42307600378990173,15279625
2023-02-28T00:00:00.000000Z,0.42307999730110168,0.42917901277542114,0.41279700398445129,0.41962400078773499,10166478
2023-03-01T00:00:00.000000Z,0.41965600848197937,0.43847501277923584,0.41876000165939331,0.43088099360466003,15720889
2023-03-02T00:00:00.000000Z,0.43088001012802124,0.43964299559593201,0.42467901110649109,0.43117499351501465,14856954
2023-03-03T00:00:00.000000Z,0.43119800090789795,0.43509799242019653,0.40001100301742554,0.40199899673461914,16053885
2023-03-04T00:00:00.000000Z,0.40200498700141907,0.41520598530769348,0.40171399712562561,0.40871000289916992,9167094
2023-03-05T00:00:00.000000Z,0.40873101353645325,0.41237500309944153,0.39735698699951172,0.39947998523712158,11333689
2023-03-06T00:00:00.000000Z,0.39948201179504395,0.40809199213981628,0.39814099669456482,0.40016400814056396,10688917
2023-03-07T00:00:00.000000Z,0.40015900135040283,0.40468001365661621,0.38155099749565125,0.38337498903274536,9741276
2023-03-08T00:00:00.000000Z,0.38336500525474548,0.38697400689125061,0.36404499411582947,0.37458199262619019,10987049
2023-03-09T00:00:00.000000Z,0.37458500266075134,0.37486299872398376,0.3298259973526001,0.32982900738716125,19675980
2023-03-10T00:00:00.000000Z,0.32984998822212219,0.35634300112724304,0.31350201368331909,0.33624500036239624,18686626
2023-03-11T00:00:00.000000Z,0.33624199032783508,0.34948700666427612,0.32819399237632751,0.33317101001739502,6828932
2023-03-12T00:00:00.000000Z,0.33306699991226196,0.36239099502563477,0.33160799741744995,0.35962098836898804,7173258
2023-03-13T00:00:00.000000Z,0.35964301228523254,0.38786301016807556,0.34468799829483032,0.37023699283599854,17254787
2023-03-14T00:00:00.000000Z,0.37023401260375977,0.39692699909210205,0.3625740110874176,0.38290101289749146,13480876
2023-03-15T00:00:00.000000Z,0.38292801380157471,0.38648501038551331,0.361285001039505,0.36830899119377136,5973326
2023-03-16T00:00:00.000000Z,0.36838799715042114,0.37525901198387146,0.36537399888038635,0.37087801098823547,5827628
2023-03-17T00:00:00.000000Z,0.37089401483535767,0.38919299840927124,0.37081199884414673,0.37650400400161743,11364966
2023-03-18T00:00:00.000000Z,0.37654599547386169,0.39383000135421753,0.37472298741340637,0.39021599292755127,8401359
2023-03-19T00:00:00.000000Z,0.3902130126953125,0.39389801025390625,0.38271299004554749,0.38286098837852478,5986426
2023-03-20T00:00:00.000000Z,0.3828589916229248,0.38488799333572388,0.36380800604820251,0.3639259934425354,7378239
2023-03-21T00:00:00.000000Z,0.36398699879646301,0.38706099987030029,0.36398699879646301,0.37578099966049194,9063204
2023-03-22T00:00:00.000000Z,0.37577798962593079,0.42517700791358948,0.37341400980949402,0.38646098971366882,21273357
2023-03-23T00:00:00.000000Z,0.3864159882068634,0.40994900465011597,0.3864159882068634,0.39537999033927917,7846500
2023-03-24T00:00:00.000000Z,0.39536300301551819,0.41160601377487183,0.3819040060043335,0.3819110095500946,8742956
2023-03-25T00:00:00.000000Z,0.38192400336265564,0.39901500940322876,0.38192400336265564,0.39408400654792786,8965992
2023-03-26T00:00:00.000000Z,0.39409199357032776,0.40785399079322815,0.39252901077270508,0.40311801433563232,7834578
2023-03-27T00:00:00.000000Z,0.40312299132347107,0.40726500749588013,0.38661900162696838,0.39153999090194702,6480978
2023-03-28T00:00:00.000000Z,0.39155799150466919,0.39170101284980774,0.38004198670387268,0.3875960111618042,7088375
2023-03-29T00:00:00.000000Z,0.38756299018859863,0.40950900316238403,0.38756299018859863,0.39342600107192993,12414495
2023-03-30T00:00:00.000000Z,0.39343899488449097,0.40710300207138062,0.39343899488449097,0.39940199255943298,9497180
2023-03-31T00:00:00.000000Z,0.39944401383399963,0.40314298868179321,0.39218199253082275,0.39609301090240479,8328092
2023-04-01T00:00:00.000000Z,0.39609000086784363,0.4055120050907135,0.39558699727058411,0.40094101428985596,6253079
2023-04-02T00:00:00.000000Z,0.39866599440574646,0.40507799386978149,0.39859500527381897,0.40265798568725586,6115301
2023-04-03T00:00:00.000000Z,0.40264001488685608,0.40835601091384888,0.39168000221252441,0.40336298942565918,12454977
2023-04-04T00:00:00.000000Z,0.4033530056476593,0.41721698641777039,0.39989998936653137,0.41340699791908264,9952024
2023-04-05T00:00:00.000000Z,0.41341200470924377,0.42568600177764893,0.40712800621986389,0.41892200708389282,8713822
2023-04-06T00:00:00.000000Z,0.41893398761749268,0.4264259934425354,0.40474599599838257,0.41624200344085693,14461799
2023-04-07T00:00:00.000000Z,0.41623100638389587,0.42306798696517944,0.40754801034927368,0.41136300563812256,14429913
2023-04-08T00:00:00.000000Z,0.41133999824523926,0.42012101411819458,0.41118898987770081,0.41448599100112915,8338222
2023-04-09T00:00:00.000000Z,0.41449099779129028,0.44716799259185791,0.41075500845909119,0.44029399752616882,21303316
2023-04-10T00:00:00.000000Z,0.44028699398040771,0.47497600317001343,0.43825700879096985,0.46557798981666565,22949208
2023-04-11T00:00:00.000000Z,0.46560999751091003,0.47018501162528992,0.45042398571968079,0.45267400145530701,15798122
2023-04-12T00:00:00.000000Z,0.45268198847770691,0.45349401235580444,0.42986300587654114,0.43432000279426575,9166182
2023-04-13T00:00:00.000000Z,0.44051998853683472,0.44506499171257019,0.42986300587654114,0.44410800933837891,7689665
2023-04-14T00:00:00.000000Z,0.44413399696350098,0.45724499225616455,0.43695798516273499,0.43786999583244324,11272320
2023-04-15T00:00:00.000000Z,0.43790501356124878,0.4406760036945343,0.41969498991966248,0.41971498727798462,7803043
2023-04-16T00:00:00.000000Z,0.41970598697662354,0.43238300085067749,0.41720598936080933,0.42952999472618103,6630484
2023-04-17T00:00:00.000000Z,0.42953899502754211,0.44753599166870117,0.42058300971984863,0.42060199379920959,13207298
2023-04-18T00:00:00.000000Z,0.42062801122665405,0.43041300773620605,0.41272500157356262,0.41328400373458862,11375994
2023-04-19T00:00:00.000000Z,0.41326799988746643,0.42181500792503357,0.3866870105266571,0.38902300596237183,12353383
2023-04-20T00:00:00.000000Z,0.38897499442100525,0.39767101407051086,0.38418599963188171,0.38497799634933472,8014616
2023-04-21T00:00:00.000000Z,0.3849869966506958,0.38548099994659424,0.351298987865448,0.351298987865448,10212023
2023-04-22T00:00:00.000000Z,0.35130399465560913,0.35971000790596008,0.323076993227005,0.33894899487495422,13499824
2023-04-23T00:00:00.000000Z,0.33895200490951538,0.38390499353408813,0.33837598562240601,0.37404701113700867,11353887
2023-04-24T00:00:00.000000Z,0.37404900789260864,0.41240501403808594,0.37402299046516418,0.39754700660705566,11571642
2023-04-25T00:00:00.000000Z,0.39753299951553345,0.39871400594711304,0.37611499428749084,0.38217300176620483,9311285
2023-04-26T00:00:00.000000Z,0.38216298818588257,0.39481699466705322,0.37920799851417542,0.37920799851417542,10351817
2023-04-27T00:00:00.000000Z,0.37923899292945862,0.4190250039100647,0.37827900052070618,0.40964201092720032,14525213
2023-04-28T00:00:00.000000Z,0.4096589982509613,0.4152199923992157,0.40047299861907959,0.41074299812316895,9645219
2023-04-29T00:00:00.000000Z,0.41064900159835815,0.41695699095726013,0.40116900205612183,0.40263301134109497,9750867
2023-04-30T00:00:00.000000Z,0.40273401141166687,0.40339198708534241,0.3908039927482605,0.39866098761558533,6352573
2023-05-01T00:00:00.000000Z,0.39863601326942444,0.40331101417541504,0.38646200299263,0.3924039900302887,8338289
2023-05-02T00:00:00.000000Z,0.39240598678588867,0.40435299277305603,0.38642200827598572,0.40350601077079773,7888213
2023-05-03T00:00:00.000000Z,0.40342700481414795,0.40442898869514465,0.39116799831390381,0.40132901072502136,8038965
2023-05-04T00:00:00.000000Z,0.40125799179077148,0.41260099411010742,0.39230599999427795,0.40371200442314148,9950712
2023-05-05T00:00:00.000000Z,0.40371298789978027,0.41178199648857117,0.39782699942588806,0.40003100037574768,14754993
2023-05-06T00:00:00.000000Z,0.40003898739814758,0.40165400505065918,0.38994500041007996,0.39571601152420044,11984714
2023-05-07T00:00:00.000000Z,0.39570298790931702,0.40119299292564392,0.38957500457763672,0.39953500032424927,8718835
2023-05-08T00:00:00.000000Z,0.39944401383399963,0.42793700098991394,0.38298800587654114,0.42631998658180237,22278332
2023-05-09T00:00:00.000000Z,0.42630600929260254,0.47934800386428833,0.41402700543403625,0.44469401240348816,26295828
2023-05-10T00:00:00.000000Z,0.44471201300621033,0.47891700267791748,0.43586599826812744,0.46395599842071533,24363385
2023-05-11T00:00:00.000000Z,0.46430501341819763,0.50685298442840576,0.46430501341819763,0.47894099354743958,29198007
2023-05-12T00:00:00.000000Z,0.4789389967918396,0.48913800716400146,0.45631098747253418,0.46759000420570374,20678222
2023-05-13T00:00:00.000000Z,0.46758100390434265,0.48242700099945068,0.46758100390434265,0.47258800268173218,16984894
2023-05-14T00:00:00.000000Z,0.47258400917053223,0.47284498810768127,0.46713298559188843,0.46756699681282043,17166483
2023-05-15T00:00:00.000000Z,0.46755498647689819,0.47335100173950195,0.46708700060844421,0.47335100173950195,13114953
2023-05-16T00:00:00.000000Z,0.47335401177406311,0.48062500357627869,0.4561769962310791,0.46130099892616272,15959937
2023-05-17T00:00:00.000000Z,0.4613029956817627,0.46483299136161804,0.45121398568153381,0.45629999041557312,13180338
2023-05-18T00:00:00.000000Z,0.4563010036945343,0.46898201107978821,0.4563010036945343,0.46826198697090149,14434200
2023-05-19T00:00:00.000000Z,0.46827501058578491,0.48512500524520874,0.46811699867248535,0.47670799493789673,14069195
2023-05-20T00:00:00.000000Z,0.47672799229621887,0.48999699950218201,0.47490599751472473,0.48881998658180237,13582589
2023-05-21T00:00:00.000000Z,0.48881301283836365,0.49035000801086426,0.47739699482917786,0.48072901368141174,13897729
2023-05-22T00:00:00.000000Z,0.48072001338005066,0.48110601305961609,0.46351200342178345,0.46935400366783142,15080818
2023-05-23T00:00:00.000000Z,0.46953499317169189,0.47116699814796448,0.46197798848152161,0.46197798848152161,14657535
2023-05-24T00:00:00.000000Z,0.46198400855064392,0.48661801218986511,0.45266398787498474,0.46711099147796631,17629538
2023-05-25T00:00:00.000000Z,0.46708598732948303,0.47042000293731689,0.45877599716186523,0.4643000066280365,16345525
2023-05-26T00:00:00.000000Z,0.46430701017379761,0.46487900614738464,0.43233901262283325,0.44093400239944458,15274076
2023-05-27T00:00:00.000000Z,0.44093599915504456,0.45750999450683594,0.44084501266479492,0.45104598999023438,16643168
2023-05-28T00:00:00.000000Z,0.45104199647903442,0.4688270092010498,0.45101401209831238,0.46527999639511108,13181082
2023-05-29T00:00:00.000000Z,0.46530100703239441,0.47123798727989197,0.45480799674987793,0.45971900224685669,12660213
2023-05-30T00:00:00.000000Z,0.45975399017333984,0.46470698714256287,0.45880600810050964,0.45914700627326965,13437882
2023-05-31T00:00:00.000000Z,0.45915898680686951,0.46218299865722656,0.45201501250267029,0.45603498816490173,13695438
2023-06-01T00:00:00.000000Z,0.45603999495506287,0.46817499399185181,0.44421699643135071,0.46817499399185181,16578145
2023-06-02T00:00:00.000000Z,0.46818101406097412,0.48037299513816833,0.46459999680519104,0.47171598672866821,14444313
2023-06-03T00:00:00.000000Z,0.47171899676322937,0.47353601455688477,0.46393299102783203,0.4658760130405426,13472514
2023-06-04T00:00:00.000000Z,0.46588701009750366,0.471110999584198,0.46525201201438904,0.46851500868797302,12428720
2023-06-05T00:00:00.000000Z,0.46850100159645081,0.47965401411056519,0.45710301399230957,0.46634799242019653,16086781
2023-06-06T00:00:00.000000Z,0.46632599830627441,0.47768300771713257,0.46573099493980408,0.47404998540878296,17375749
2023-06-07T00:00:00.000000Z,0.47406899929046631,0.47961100935935974,0.47377300262451172,0.47448199987411499,15265908
2023-06-08T00:00:00.000000Z,0.47448000311851501,0.48555999994277954,0.473906010389328,0.48550900816917419,14823750
2023-06-09T00:00:00.000000Z,0.48554301261901855,0.50535297393798828,0.48260000348091125,0.50194400548934937,19645481
2023-06-10T00:00:00.000000Z,0.5019569993019104,0.51337802410125732,0.46313199400901794,0.48083001375198364,22674768
2023-06-11T00:00:00.000000Z,0.48083901405334473,0.49229198694229126,0.47523599863052368,0.47960799932479858,17052469
2023-06-12T00:00:00.000000Z,0.47928199172019958,0.48434799909591675,0.46537101268768311,0.46558898687362671,17008648
2023-06-13T00:00:00.000000Z,0.46559599041938782,0.47935599088668823,0.46372899413108826,0.46961700916290283,15026492
2023-06-14T00:00:00.000000Z,0.46961501240730286,0.47647398710250854,0.46623000502586365,0.47022700309753418,15382747
2023-06-15T00:00:00.000000Z,0.47017800807952881,0.47510701417922974,0.46731901168823242,0.46961399912834167,15288916
2023-06-16T00:00:00.000000Z,0.46961298584938049,0.47853100299835205,0.46889999508857727,0.47723200917243958,13105459
2023-06-17T00:00:00.000000Z,0.47721600532531738,0.48128399252891541,0.47079199552536011,0.47775501012802124,14009516
2023-06-18T00:00:00.000000Z,0.4777199923992157,0.47804400324821472,0.46766099333763123,0.46957799792289734,14697261
2023-06-19T00:00:00.000000Z,0.46959000825881958,0.47579199075698853,0.46890100836753845,0.47366601228713989,12658879
2023-06-20T00:00:00.000000Z,0.47363901138305664,0.48014900088310242,0.47137901186943054,0.48014700412750244,13220582
2023-06-21T00:00:00.000000Z,0.48013800382614136,0.4859519898891449,0.47682899236679077,0.48593500256538391,15495186
2023-06-22T00:00:00.000000Z,0.48586300015449524,0.49420401453971863,0.48020699620246887,0.4847869873046875,13691114
2023-06-23T00:00:00.000000Z,0.48480600118637085,0.50020599365234375,0.48214399814605713,0.49259001016616821,14317173
2023-06-24T00:00:00.000000Z,0.49259099364280701,0.49329400062561035,0.484375,0.48667898774147034,13790601
2023-06-25T00:00:00.000000Z,0.48669999837875366,0.50385701656341553,0.48492801189422607,0.49590998888015747,13923653
2023-06-26T00:00:00.000000Z,0.49588900804519653,0.49836599826812744,0.48138898611068726,0.48402601480484009,15173171
2023-06-27T00:00:00.000000Z,0.4840410053730011,0.48463499546051025,0.47872099280357361,0.48223000764846802,14783615
2023-06-28T00:00:00.000000Z,0.48223701119422913,0.50097501277923584,0.47978600859642029,0.49640798568725586,14243805
2023-06-29T00:00:00.000000Z,0.49640798568725586,0.50343197584152222,0.48862698674201965,0.49271300435066223,20499549
2023-06-30T00:00:00.000000Z,0.49267300963401794,0.49884501099586487,0.48669898509979248,0.4887470006942749,17187784
2023-07-01T00:00:00.000000Z,0.48875299096107483,0.48963400721549988,0.47959700226783752,0.48497700691223145,18103032
2023-07-02T00:00:00.000000Z,0.48480400443077087,0.48715299367904663,0.4830009937286377,0.48346900939941406,13488205
2023-07-03T00:00:00.000000Z,0.48345598578453064,0.49170199036598206,0.48342400789260864,0.48815500736236572,13699150
2023-07-04T00:00:00.000000Z,0.4881570041179657,0.49424400925636292,0.48450499773025513,0.48883599042892456,13359107
2023-07-05T00:00:00.000000Z,0.48886299133300781,0.4934220016002655,0.47719499468803406,0.48070400953292847,15466395
2023-07-06T00:00:00.000000Z,0.48069798946380615,0.48663601279258728,0.48060798645019531,0.481361985206604,12202823
2023-07-07T00:00:00.000000Z,0.48132500052452087,0.48157399892807007,0.4676240086555481,0.47225698828697205,14555173
2023-07-08T00:00:00.000000Z,0.47228199243545532,0.47297599911689758,0.46218898892402649,0.46994000673294067,8558814
2023-07-09T00:00:00.000000Z,0.46995401382446289,0.47466099262237549,0.46968400478363037,0.47173300385475159,6650738
2023-07-10T00:00:00.000000Z,0.47173398733139038,0.47279000282287598,0.46351999044418335,0.4657059907913208,7712521
2023-07-11T00:00:00.000000Z,0.46573299169540405,0.46942499279975891,0.46151798963546753,0.46914899349212646,10321987
2023-07-12T00:00:00.000000Z,0.46914699673652649,0.4762980043888092,0.46793699264526367,0.47358301281929016,8971728
2023-07-13T00:00:00.000000Z,0.47357800602912903,0.48087498545646667,0.47130098938941956,0.47961398959159851,13258189
2023-07-14T00:00:00.000000Z,0.4795989990234375,0.48474600911140442,0.47090700268745422,0.47435000538825989,12451925
2023-07-15T00:00:00.000000Z,0.47433900833129883,0.47782298922538757,0.46428900957107544,0.47169899940490723,12098516
2023-07-16T00:00:00.000000Z,0.47169199585914612,0.47431400418281555,0.46949300169944763,0.47316798567771912,8277773
2023-07-17T00:00:00.000000Z,0.4731769859790802,0.4739840030670166,0.46787700057029724,0.47061499953269958,12224520
2023-07-18T00:00:00.000000Z,0.47061100602149963,0.4715380072593689,0.46448999643325806,0.46521800756454468,8070970
2023-07-19T00:00:00.000000Z,0.4652169942855835,0.47152799367904663,0.46319600939750671,0.46609899401664734,10900789
2023-07-20T00:00:00.000000Z,0.4661090075969696,0.4710870087146759,0.46353799104690552,0.46716800332069397,11956406
2023-07-21T00:00:00.000000Z,0.46718001365661621,0.46950098872184753,0.45700600743293762,0.45917800068855286,9387137
2023-07-22T00:00:00.000000Z,0.45917999744415283,0.46057799458503723,0.45196700096130371,0.45197299122810364,8791333
2023-07-23T00:00:00.000000Z,0.45180401206016541,0.46478098630905151,0.45180401206016541,0.46304601430892944,10362821
2023-07-24T00:00:00.000000Z,0.463003009557724,0.46511301398277283,0.45024499297142029,0.45256701111793518,10590012
2023-07-25T00:00:00.000000Z,0.45257800817489624,0.46172800660133362,0.45182898640632629,0.45943298935890198,11236599
2023-07-26T00:00:00.000000Z,0.4594460129737854,0.46176999807357788,0.45796000957489014,0.45896801352500916,9799802
2023-07-27T00:00:00.000000Z,0.45897799730300903,0.45942598581314087,0.44414401054382324,0.44621700048446655,10492468
2023-07-28T00:00:00.000000Z,0.44621500372886658,0.45974999666213989,0.44619598984718323,0.45755600929260254,7963390
2023-07-29T00:00:00.000000Z,0.4575360119342804,0.45819100737571716,0.45298400521278381,0.4548490047454834,11318731
2023-07-30T00:00:00.000000Z,0.45485499501228333,0.46249198913574219,0.45423701405525208,0.46227699518203735,10569977
2023-07-31T00:00:00.000000Z,0.46231499314308167,0.46909800171852112,0.45812299847602844,0.46247199177742004,10363788
2023-08-01T00:00:00.000000Z,0.46247801184654236,0.46303799748420715,0.45233801007270813,0.45923399925231934,9171962
2023-08-02T00:00:00.000000Z,0.45926898717880249,0.45997199416160583,0.45041999220848083,0.45247700810432434,10865179
2023-08-03T00:00:00.000000Z,0.45251500606536865,0.45489698648452759,0.45052400231361389,0.45107799768447876,10467694
2023-08-04T00:00:00.000000Z,0.45107299089431763,0.45683899521827698,0.45051699876785278,0.45491901040077209,8395920
2023-08-05T00:00:00.000000Z,0.45515599846839905,0.46355700492858887,0.45189899206161499,0.45415699481964111,11078661
2023-08-06T00:00:00.000000Z,0.45415800809860229,0.45935401320457458,0.45293000340461731,0.4571399986743927,11671146
2023-08-07T00:00:00.000000Z,0.4571399986743927,0.46166899800300598,0.45575401186943054,0.46158298850059509,11136035
2023-08-08T00:00:00.000000Z,0.46157801151275635,0.46863898634910583,0.45685300230979919,0.46422299742698669,11464350
2023-08-09T00:00:00.000000Z,0.46421900391578674,0.46746999025344849,0.4538320004940033,0.45393198728561401,12048317
2023-08-10T00:00:00.000000Z,0.45395201444625854,0.4589180052280426,0.45395201444625854,0.45789700746536255,11041826
2023-08-11T00:00:00.000000Z,0.4579319953918457,0.45868301391601562,0.45187699794769287,0.45298001170158386,7725392
2023-08-12T00:00:00.000000Z,0.4529779851436615,0.46042200922966003,0.45218700170516968,0.45947599411010742,9325633
2023-08-13T00:00:00.000000Z,0.45947599411010742,0.46144101023674011,0.45313400030136108,0.45415601134300232,10244393
2023-08-14T00:00:00.000000Z,0.45415899157524109,0.45501899719238281,0.45108100771903992,0.45216500759124756,12252996
2023-08-15T00:00:00.000000Z,0.4523099958896637,0.45396599173545837,0.44725701212882996,0.44977900385856628,8839106
2023-08-16T00:00:00.000000Z,0.4497779905796051,0.45735898613929749,0.44126901030540466,0.44674399495124817,10318553
2023-08-17T00:00:00.000000Z,0.44674399495124817,0.451447993516922,0.41306999325752258,0.42492800951004028,12629894
2023-08-18T00:00:00.000000Z,0.42490199208259583,0.43237501382827759,0.41750898957252502,0.42421400547027588,9781969
2023-08-19T00:00:00.000000Z,0.42437300086021423,0.43006798624992371,0.42242598533630371,0.42509499192237854,7458651
2023-08-20T00:00:00.000000Z,0.42508998513221741,0.42718100547790527,0.42087200284004211,0.42116200923919678,10464709
2023-08-21T00:00:00.000000Z,0.42115700244903564,0.42675098776817322,0.42109900712966919,0.42211499810218811,11981855
2023-08-22T00:00:00.000000Z,0.42218399047851562,0.42351099848747253,0.42037400603294373,0.42073601484298706,8961365
2023-08-23T00:00:00.000000Z,0.42072999477386475,0.42273598909378052,0.41969698667526245,0.42213600873947144,7772600
2023-08-24T00:00:00.000000Z,0.42212799191474915,0.42715001106262207,0.42195799946784973,0.42621800303459167,9277145
2023-08-25T00:00:00.000000Z,0.42620599269866943,0.43530499935150146,0.4250049889087677,0.43229898810386658,16923463
2023-08-26T00:00:00.000000Z,0.43229499459266663,0.43462800979614258,0.43093100190162659,0.43111300468444824,14753828
2023-08-27T00:00:00.000000Z,0.43111100792884827,0.43180099129676819,0.42920899391174316,0.43011999130249023,15253097
2023-08-28T00:00:00.000000Z,0.43012499809265137,0.43296900391578674,0.42972299456596375,0.43160998821258545,16578292
2023-08-29T00:00:00.000000Z,0.43160900473594666,0.44174098968505859,0.43155500292778015,0.44031500816345215,18054716
2023-08-30T00:00:00.000000Z,0.44031700491905212,0.44070500135421753,0.43539801239967346,0.43611600995063782,14332867
2023-08-31T00:00:00.000000Z,0.43611800670623779,0.43815299868583679,0.42546799778938293,0.42653098702430725,17000662
2023-09-01T00:00:00.000000Z,0.42651501297950745,0.43024000525474548,0.42592900991439819,0.4276140034198761,20150985
2023-09-02T00:00:00.000000Z,0.42761999368667603,0.4302859902381897,0.42729601263999939,0.42976099252700806,18317948
2023-09-03T00:00:00.000000Z,0.42976200580596924,0.42986100912094116,0.42770200967788696,0.42894598841667175,16319118
2023-09-04T00:00:00.000000Z,0.42893901467323303,0.42921799421310425,0.42708298563957214,0.42745500802993774,18014002
2023-09-05T00:00:00.000000Z,0.42746001482009888,0.4363740086555481,0.42737498879432678,0.43568798899650574,20085488
2023-09-06T00:00:00.000000Z,0.43569400906562805,0.43844398856163025,0.43443599343299866,0.4355979859828949,19847200
2023-09-07T00:00:00.000000Z,0.43559300899505615,0.43702501058578491,0.43497198820114136,0.43560001254081726,18745828
2023-09-08T00:00:00.000000Z,0.43561199307441711,0.44070300459861755,0.43521800637245178,0.43657699227333069,20659123
2023-09-09T00:00:00.000000Z,0.43657699227333069,0.44073700904846191,0.43651100993156433,0.44073700904846191,17233436
2023-09-10T00:00:00.000000Z,0.44073900580406189,0.44435301423072815,0.44015899300575256,0.44062000513076782,13066938
2023-09-11T00:00:00.000000Z,0.44054698944091797,0.44356700778007507,0.43444600701332092,0.43695101141929626,19588201
2023-09-12T00:00:00.000000Z,0.43696600198745728,0.44455799460411072,0.43637499213218689,0.44136899709701538,18963322
2023-09-13T00:00:00.000000Z,0.4413830041885376,0.4413830041885376,0.43652200698852539,0.44061601161956787,16581475
2023-09-14T00:00:00.000000Z,0.44061899185180664,0.44857999682426453,0.43829399347305298,0.44515898823738098,23176830
2023-09-15T00:00:00.000000Z,0.44515499472618103,0.44731599092483521,0.44358000159263611,0.44731301069259644,18595691
2023-09-16T00:00:00.000000Z,0.44730699062347412,0.44809699058532715,0.44574099779129028,0.44792801141738892,16622436
2023-09-17T00:00:00.000000Z,0.44792801141738892,0.45335701107978821,0.44773399829864502,0.45006200671195984,19225731
2023-09-18T00:00:00.000000Z,0.45006000995635986,0.45530998706817627,0.44957199692726135,0.45121300220489502,19908715
2023-09-19T00:00:00.000000Z,0.45122000575065613,0.46013998985290527,0.45120400190353394,0.45868399739265442,21937985
2023-09-20T00:00:00.000000Z,0.45868399739265442,0.45979100465774536,0.45570099353790283,0.45801898837089539,16450841
2023-09-21T00:00:00.000000Z,0.45802000164985657,0.45802000164985657,0.45070499181747437,0.45312899351119995,16928794
2023-09-22T00:00:00.000000Z,0.45314499735832214,0.4546700119972229,0.44778901338577271,0.4546700119972229,17394047
2023-09-23T00:00:00.000000Z,0.45480400323867798,0.45516800880432129,0.45147800445556641,0.4530549943447113,15721783
2023-09-24T00:00:00.000000Z,0.45304301381111145,0.45488101243972778,0.44849398732185364,0.44849500060081482,15723368
2023-09-25T00:00:00.000000Z,0.44849100708961487,0.44884398579597473,0.44344198703765869,0.44643300771713257,18567144
2023-09-26T00:00:00.000000Z,0.44643101096153259,0.4506860077381134,0.4461120069026947,0.44734299182891846,16212571
2023-09-27T00:00:00.000000Z,0.44731599092483521,0.45566800236701965,0.4465700089931488,0.45006901025772095,20622663
2023-09-28T00:00:00.000000Z,0.45006600022315979,0.45886200666427612,0.45001700520515442,0.45393499732017517,19203887
2023-09-29T00:00:00.000000Z,0.45394200086593628,0.45757400989532471,0.45177999138832092,0.45378398895263672,16048149
2023-09-30T00:00:00.000000Z,0.45379000902175903,0.4548180103302002,0.45063400268554688,0.45179599523544312,15995159
2023-10-01T00:00:00.000000Z,0.45179000496864319,0.45367899537086487,0.45014300942420959,0.45350399613380432,14685643
2023-10-02T00:00:00.000000Z,0.4535050094127655,0.45766299962997437,0.4535050094127655,0.45410400629043579,16666467
2023-10-03T00:00:00.000000Z,0.4540959894657135,0.45873799920082092,0.4540959894657135,0.45617499947547913,17760363
2023-10-04T00:00:00.000000Z,0.4561690092086792,0.45745700597763062,0.45484000444412231,0.45666199922561646,15490750
2023-10-05T00:00:00.000000Z,0.45667898654937744,0.45736899971961975,0.45497900247573853,0.45500200986862183,13973350
2023-10-06T00:00:00.000000Z,0.45499899983406067,0.45838099718093872,0.45472100377082825,0.45825099945068359,16027041
2023-10-07T00:00:00.000000Z,0.45824500918388367,0.45857599377632141,0.45412498712539673,0.45515498518943787,15146195
2023-10-08T00:00:00.000000Z,0.45515900850296021,0.45602399110794067,0.45036900043487549,0.45090699195861816,15634441
2023-10-09T00:00:00.000000Z,0.45090401172637939,0.4522089958190918,0.44286400079727173,0.44447600841522217,15892148
2023-10-10T00:00:00.000000Z,0.44444799423217773,0.4480690062046051,0.4441559910774231,0.44526800513267517,15296969
2023-10-11T00:00:00.000000Z,0.44531199336051941,0.4469430148601532,0.43752801418304443,0.43857300281524658,17296456
2023-10-12T00:00:00.000000Z,0.43856599926948547,0.44298800826072693,0.43745100498199463,0.44192999601364136,14334295
2023-10-13T00:00:00.000000Z,0.4419269859790802,0.4419730007648468,0.43268600106239319,0.43502500653266907,17768421
2023-10-14T00:00:00.000000Z,0.43502300977706909,0.43603599071502686,0.4302070140838623,0.43020901083946228,15630109
2023-10-15T00:00:00.000000Z,0.43021100759506226,0.43027898669242859,0.42491599917411804,0.42843499779701233,15787379
2023-10-16T00:00:00.000000Z,0.42843198776245117,0.43307399749755859,0.41993099451065063,0.43213599920272827,20765404
2023-10-17T00:00:00.000000Z,0.43204200267791748,0.43231800198554993,0.41398999094963074,0.41615098714828491,15868462
2023-10-18T00:00:00.000000Z,0.41615000367164612,0.4199880063533783,0.41436100006103516,0.41599801182746887,15468699
2023-10-19T00:00:00.000000Z,0.41600099205970764,0.41600099205970764,0.40474900603294373,0.41063100099563599,15422077
2023-10-20T00:00:00.000000Z,0.41063800454139709,0.42419800162315369,0.41034799814224243,0.41987898945808411,16839401
2023-10-21T00:00:00.000000Z,0.41987299919128418,0.42232200503349304,0.41733700037002563,0.42153900861740112,14925743
2023-10-22T00:00:00.000000Z,0.42154499888420105,0.42183899879455566,0.4182249903678894,0.42131298780441284,13646596
2023-10-23T00:00:00.000000Z,0.42110699415206909,0.43849998712539673,0.42110699415206909,0.43597200512886047,18505697
2023-10-24T00:00:00.000000Z,0.43596601486206055,0.4622650146484375,0.43552801012992859,0.44340500235557556,24095088
2023-10-25T00:00:00.000000Z,0.4433949887752533,0.45222601294517517,0.44025799632072449,0.44457599520683289,20118073
2023-10-26T00:00:00.000000Z,0.44457501173019409,0.45502498745918274,0.44425201416015625,0.45473098754882812,19736896
2023-10-27T00:00:00.000000Z,0.45474699139595032,0.46269598603248596,0.45474699139595032,0.4589259922504425,16677371
2023-10-28T00:00:00.000000Z,0.45892998576164246,0.46487799286842346,0.45717498660087585,0.46358400583267212,16878166
2023-10-29T00:00:00.000000Z,0.46358200907707214,0.4639819860458374,0.4619390070438385,0.46308600902557373,14091526
2023-10-30T00:00:00.000000Z,0.46308401226997375,0.48665601015090942,0.46219301223754883,0.47766101360321045,25619517
2023-10-31T00:00:00.000000Z,0.47768598794937134,0.4869459867477417,0.47745001316070557,0.4869459867477417,18101503
2023-11-01T00:00:00.000000Z,0.48694100975990295,0.49561101198196411,0.47606799006462097,0.4833349883556366,18377602
2023-11-02T00:00:00.000000Z,0.48335400223731995,0.49095898866653442,0.48301801085472107,0.48783901333808899,18455601
2023-11-03T00:00:00.000000Z,0.48778900504112244,0.4885919988155365,0.48092800378799438,0.48234701156616211,18062189
2023-11-04T00:00:00.000000Z,0.48235699534416199,0.48533099889755249,0.47808399796485901,0.47808501124382019,16138823
2023-11-05T00:00:00.000000Z,0.47808399796485901,0.48040801286697388,0.47073999047279358,0.47103399038314819,15057052
2023-11-06T00:00:00.000000Z,0.47103899717330933,0.47448301315307617,0.47069799900054932,0.47322899103164673,31073232
2023-11-07T00:00:00.000000Z,0.47322800755500793,0.49045199155807495,0.45669999718666077,0.49043899774551392,52442214
2023-11-08T00:00:00.000000Z,0.49045601487159729,0.49053999781608582,0.4803520143032074,0.48379600048065186,24146555
2023-11-09T00:00:00.000000Z,0.48383200168609619,0.4900909960269928,0.47896400094032288,0.48195898532867432,27633331
2023-11-10T00:00:00.000000Z,0.48197099566459656,0.4831329882144928,0.48047399520874023,0.48192200064659119,24096006
2023-11-11T00:00:00.000000Z,0.48193499445915222,0.48620700836181641,0.47966599464416504,0.48492699861526489,26219908
2023-11-12T00:00:00.000000Z,0.48493099212646484,0.48765701055526733,0.48041701316833496,0.48388299345970154,22178445
2023-11-13T00:00:00.000000Z,0.48380199074745178,0.58365100622177124,0.48336699604988098,0.57281500101089478,30221820
2023-11-14T00:00:00.000000Z,0.57281798124313354,0.57281798124313354,0.50888198614120483,0.5319560170173645,31691382
2023-11-15T00:00:00.000000Z,0.53196299076080322,0.5364689826965332,0.52258700132369995,0.5364689826965332,25123997
2023-11-16T00:00:00.000000Z,0.53649699687957764,0.55953001976013184,0.5033230185508728,0.51380902528762817,25898305
2023-11-17T00:00:00.000000Z,0.51380902528762817,0.5416179895401001,0.50249999761581421,0.53116202354431152,20794752
2023-11-18T00:00:00.000000Z,0.53112798929214478,0.53544902801513672,0.53085702657699585,0.53098702430725098,13598309
2023-11-19T00:00:00.000000Z,0.53099602460861206,0.53447598218917847,0.52482998371124268,0.53447598218917847,15934715
2023-11-20T00:00:00.000000Z,0.53448700904846191,0.53815102577209473,0.52502799034118652,0.52963000535964966,16346872
2023-11-21T00:00:00.000000Z,0.52962899208068848,0.54971998929977417,0.52955901622772217,0.53147101402282715,20968123
2023-11-22T00:00:00.000000Z,0.53148800134658813,0.54069602489471436,0.53042697906494141,0.53610700368881226,19208557
2023-11-23T00:00:00.000000Z,0.53611499071121216,0.54161500930786133,0.53594201803207397,0.54122400283813477,23203644
2023-11-24T00:00:00.000000Z,0.54123002290725708,0.54997599124908447,0.5320659875869751,0.54401898384094238,22149290
2023-11-25T00:00:00.000000Z,0.54401201009750366,0.56093597412109375,0.54361701011657715,0.55023300647735596,20886402
2023-11-26T00:00:00.000000Z,0.55023497343063354,0.55051702260971069,0.54365599155426025,0.54462999105453491,18486835
2023-11-27T00:00:00.000000Z,0.54461002349853516,0.54461002349853516,0.53598099946975708,0.53598099946975708,21369526
2023-11-28T00:00:00.000000Z,0.53598302602767944,0.54789698123931885,0.52181100845336914,0.54591500759124756,25375536
2023-11-29T00:00:00.000000Z,0.54592102766036987,0.55028897523880005,0.53689998388290405,0.54023200273513794,22874621
2023-11-30T00:00:00.000000Z,0.54023498296737671,0.5403599739074707,0.53550201654434204,0.53944802284240723,27125762
2023-12-01T00:00:00.000000Z,0.53944802284240723,0.53956401348114014,0.53199499845504761,0.53380399942398071,17109864
2023-12-02T00:00:00.000000Z,0.53379398584365845,0.53704601526260376,0.50070798397064209,0.51603800058364868,19424109
2023-12-03T00:00:00.000000Z,0.51603198051452637,0.52225899696350098,0.51018601655960083,0.52224099636077881,15245279
2023-12-04T00:00:00.000000Z,0.52228397130966187,0.52481400966644287,0.51475900411605835,0.51507401466369629,16368474
2023-12-05T00:00:00.000000Z,0.51507401466369629,0.51636701822280884,0.51207298040390015,0.51207298040390015,16090944
2023-12-06T00:00:00.000000Z,0.51207298040390015,0.52477598190307617,0.5110200047492981,0.51766198873519897,18878583
2023-12-07T00:00:00.000000Z,0.51769101619720459,0.52111297845840454,0.50961202383041382,0.5143740177154541,13529939
2023-12-08T00:00:00.000000Z,0.5143740177154541,0.51792502403259277,0.51076698303222656,0.51752501726150513,16854727
2023-12-09T00:00:00.000000Z,0.51752901077270508,0.51791799068450928,0.51291698217391968,0.51323002576828003,14778842
2023-12-10T00:00:00.000000Z,0.51323497295379639,0.51340001821517944,0.50087600946426392,0.50552397966384888,13294126
2023-12-11T00:00:00.000000Z,0.50553399324417114,0.50916200876235962,0.48454099893569946,0.48888900876045227,13588372
2023-12-12T00:00:00.000000Z,0.4888949990272522,0.49502798914909363,0.48691898584365845,0.49383598566055298,13929902
2023-12-13T00:00:00.000000Z,0.4939740002155304,0.49480599164962769,0.48697000741958618,0.4897649884223938,16284135
2023-12-14T00:00:00.000000Z,0.48974600434303284,0.5097770094871521,0.48974600434303284,0.49458000063896179,14170761
2023-12-15T00:00:00.000000Z,0.49458101391792297,0.53789800405502319,0.49031400680541992,0.51788502931594849,20157097
2023-12-16T00:00:00.000000Z,0.51788198947906494,0.56313401460647583,0.51720201969146729,0.56299698352813721,22434211
2023-12-17T00:00:00.000000Z,0.56299698352813721,0.59899699687957764,0.56272202730178833,0.5833359956741333,21274737
2023-12-18T00:00:00.000000Z,0.58332401514053345,0.62085002660751343,0.55591499805450439,0.60822099447250366,32541065
2023-12-19T00:00:00.000000Z,0.60822397470474243,0.69745099544525146,0.60790401697158813,0.66499900817871094,29972248
2023-12-20T00:00:00.000000Z,0.66501098871231079,0.67741501331329346,0.63128101825714111,0.64629298448562622,21308179
2023-12-21T00:00:00.000000Z,0.64628899097442627,0.66176998615264893,0.64628899097442627,0.66156601905822754,19315201
2023-12-22T00:00:00.000000Z,0.66156101226806641,0.66779601573944092,0.59332698583602905,0.60246801376342773,24484631
2023-12-23T00:00:00.000000Z,0.60267800092697144,0.61027699708938599,0.5980679988861084,0.6010100245475769,17095662
2023-12-24T00:00:00.000000Z,0.60105198621749878,0.60107797384262085,0.59139800071716309,0.59296900033950806,16545741
2023-12-25T00:00:00.000000Z,0.59297502040863037,0.59502899646759033,0.59060299396514893,0.59076899290084839,16681294
2023-12-26T00:00:00.000000Z,0.59078001976013184,0.59463298320770264,0.57919597625732422,0.5822870135307312,21749155
2023-12-27T00:00:00.000000Z,0.58226799964904785,0.58503901958465576,0.57190102338790894,0.58485400676727295,18453796
2023-12-28T00:00:00.000000Z,0.58486402034759521,0.58916199207305908,0.57371097803115845,0.57372802495956421,17025067
2023-12-29T00:00:00.000000Z,0.57372498512268066,0.57790201902389526,0.57232099771499634,0.57310700416564941,13017146
2023-12-30T00:00:00.000000Z,0.57266998291015625,0.57625299692153931,0.57165098190307617,0.57563698291778564,12646437
2023-12-31T00:00:00.000000Z,0.57563698291778564,0.58555501699447632,0.57561701536178589,0.57948201894760132,15377119
2024-01-01T00:00:00.000000Z,0.57937800884246826,0.59686797857284546,0.57822799682617188,0.59668797254562378,18140697
2024-01-02T00:00:00.000000Z,0.59668397903442383,0.60444599390029907,0.59483599662780762,0.60439199209213257,16941139
2024-01-03T00:00:00.000000Z,0.60440397262573242,0.64011698961257935,0.60440397262573242,0.62795501947402954,28566116
2024-01-04T00:00:00.000000Z,0.62793302536010742,0.68084502220153809,0.62793302536010742,0.6716189980506897,26479914
2024-01-05T00:00:00.000000Z,0.67163902521133423,0.67484700679779053,0.64025002717971802,0.64025002717971802,18964170
2024-01-06T00:00:00.000000Z,0.64025402069091797,0.64025402069091797,0.6146399974822998,0.61464697122573853,13395741
2024-01-07T00:00:00.000000Z,0.61464899778366089,0.62298297882080078,0.60659700632095337,0.61497700214385986,13693711
2024-01-08T00:00:00.000000Z,0.61498302221298218,0.63777697086334229,0.59956002235412598,0.63378000259399414,18722111
2024-01-09T00:00:00.000000Z,0.63376098871231079,0.64077901840209961,0.63114500045776367,0.63445502519607544,15340479
2024-01-10T00:00:00.000000Z,0.63445502519607544,0.63516402244567871,0.61376899480819702,0.62767601013183594,18750338
2024-01-11T00:00:00.000000Z,0.62767601013183594,0.63507699966430664,0.61043202877044678,0.62670797109603882,18965647
2024-01-12T00:00:00.000000Z,0.62670797109603882,0.62670797109603882,0.60004997253417969,0.60026901960372925,15833791
2024-01-13T00:00:00.000000Z,0.60026901960372925,0.60144102573394775,0.59415298700332642,0.60096597671508789,11949984
2024-01-14T00:00:00.000000Z,0.60096597671508789,0.60664099454879761,0.60080897808074951,0.60615801811218262,11066965
2024-01-15T00:00:00.000000Z,0.60615801811218262,0.60694897174835205,0.59820902347564697,0.60267102718353271,13206311
2024-01-16T00:00:00.000000Z,0.60267102718353271,0.60824102163314819,0.59388399124145508,0.60523897409439087,15115720
2024-01-17T00:00:00.000000Z,0.60523897409439087,0.60681098699569702,0.60170197486877441,0.60293400287628174,13246185
2024-01-18T00:00:00.000000Z,0.60293400287628174,0.62396800518035889,0.60293000936508179,0.61853200197219849,20084965
2024-01-19T00:00:00.000000Z,0.61853200197219849,0.61881601810455322,0.5950319766998291,0.59999501705169678,21562044
2024-01-20T00:00:00.000000Z,0.59999501705169678,0.60632997751235962,0.5953490138053894,0.6042330265045166,16855547
2024-01-21T00:00:00.000000Z,0.60428100824356079,0.60447299480438232,0.59874498844146729,0.59885597229003906,14930422
2024-01-22T00:00:00.000000Z,0.59885597229003906,0.6000019907951355,0.58140897750854492,0.58204597234725952,16987410
2024-01-23T00:00:00.000000Z,0.58204597234725952,0.58963501453399658,0.57037097215652466,0.57771998643875122,17452843
2024-01-24T00:00:00.000000Z,0.57771998643875122,0.58743101358413696,0.57669299840927124,0.58485698699951172,22869009
2024-01-25T00:00:00.000000Z,0.58485698699951172,0.58538997173309326,0.57812798023223877,0.58053100109100342,13896584
2024-01-26T00:00:00.000000Z,0.58053100109100342,0.59492498636245728,0.57872498035430908,0.59352397918701172,16596565
2024-01-27T00:00:00.000000Z,0.59352397918701172,0.59898698329925537,0.5879560112953186,0.59014797210693359,22080511
2024-01-28T00:00:00.000000Z,0.59014797210693359,0.59209799766540527,0.58143198490142822,0.58849698305130005,25296888
2024-01-29T00:00:00.000000Z,0.58849698305130005,0.59104102849960327,0.58705401420593262,0.59074699878692627,13865091
2024-01-30T00:00:00.000000Z,0.59074699878692627,0.60026699304580688,0.59074699878692627,0.59795999526977539,16660140
2024-01-31T00:00:00.000000Z,0.59795999526977539,0.60472899675369263,0.5931360125541687,0.59657001495361328,25213105
2024-02-01T00:00:00.000000Z,0.59657001495361328,0.62686800956726074,0.59463298320770264,0.62151002883911133,37950287
2024-02-02T00:00:00.000000Z,0.62151002883911133,0.63738900423049927,0.61760598421096802,0.63205099105834961,42363766
2024-02-03T00:00:00.000000Z,0.63205099105834961,0.63274300098419189,0.62658298015594482,0.63073199987411499,15209977
2024-02-04T00:00:00.000000Z,0.63073199987411499,0.63682401180267334,0.6280210018157959,0.63645899295806885,14166480
2024-02-05T00:00:00.000000Z,0.63645899295806885,0.64163100719451904,0.63251698017120361,0.64044499397277832,21113646
2024-02-06T00:00:00.000000Z,0.64044499397277832,0.64144700765609741,0.63413000106811523,0.63501101732254028,12194436
2024-02-07T00:00:00.000000Z,0.63501101732254028,0.64177298545837402,0.63501101732254028,0.64091497659683228,11667164
2024-02-08T00:00:00.000000Z,0.64091497659683228,0.64475899934768677,0.62396001815795898,0.63344001770019531,14769350
2024-02-09T00:00:00.000000Z,0.63344001770019531,0.66368097066879272,0.63161897659301758,0.6514049768447876,15843763
2024-02-10T00:00:00.000000Z,0.6514049768447876,0.67486900091171265,0.6497730016708374,0.67461699247360229,16171187
2024-02-11T00:00:00.000000Z,0.67461699247360229,0.68034899234771729,0.65820497274398804,0.66267597675323486,14585078
2024-02-12T00:00:00.000000Z,0.66267597675323486,0.67545598745346069,0.64219999313354492,0.66468799114227295,25714765
2024-02-13T00:00:00.000000Z,0.66468799114227295,0.68346899747848511,0.66453498601913452,0.67781597375869751,23691184
2024-02-14T00:00:00.000000Z,0.67781597375869751,0.73085397481918335,0.67780202627182007,0.72735399007797241,19710823
2024-02-15T00:00:00.000000Z,0.72734099626541138,0.89876401424407959,0.72697502374649048,0.87369298934936523,94006452
2024-02-16T00:00:00.000000Z,0.87370097637176514,1.0248520374298096,0.8539310097694397,1.0208159685134888,52904179
2024-02-17T00:00:00.000000Z,1.0208159685134888,1.1531699895858765,0.97466599941253662,1.0629769563674927,84054225
2024-02-18T00:00:00.000000Z,1.0629780292510986,1.070294976234436,1.0183180570602417,1.0402599573135376,33192576
2024-02-19T00:00:00.000000Z,1.0402599573135376,1.0503460168838501,1.010998010635376,1.0276689529418945,24567043
2024-02-20T00:00:00.000000Z,1.0276679992675781,1.0280560255050659,0.96272802352905273,0.96760302782058716,30553395
2024-02-21T00:00:00.000000Z,0.96759301424026489,0.98239302635192871,0.92639398574829102,0.94733297824859619,22330347
2024-02-22T00:00:00.000000Z,0.94733297824859619,1.045632004737854,0.94605797529220581,1.0154769420623779,36581065
2024-02-23T00:00:00.000000Z,1.0155479907989502,1.0198290348052979,0.98153698444366455,0.99617999792098999,29200986
2024-02-24T00:00:00.000000Z,0.99606001377105713,1.0088740587234497,0.99029600620269775,0.99302500486373901,17510368
2024-02-25T00:00:00.000000Z,0.99302500486373901,1.0041429996490479,0.99068599939346313,1.0013320446014404,15191421
2024-02-26T00:00:00.000000Z,1.0013320446014404,1.0158840417861938,0.98016202449798584,1.0158840417861938,20439414
2024-02-27T00:00:00.000000Z,1.0158840417861938,1.0511200428009033,1.0010819435119629,1.0033090114593506,31032045
2024-02-28T00:00:00.000000Z,1.0033090114593506,1.0242470502853394,0.95018500089645386,0.95584100484848022,55022387
2024-02-29T00:00:00.000000Z,0.95584201812744141,0.98978102207183838,0.93577098846435547,0.96504998207092285,29426649
2024-03-01T00:00:00.000000Z,0.96504998207092285,0.96530997753143311,0.92563998699188232,0.93533897399902344,18381990
2024-03-02T00:00:00.000000Z,0.93533897399902344,0.93611997365951538,0.90122401714324951,0.91281098127365112,28392518
2024-03-03T00:00:00.000000Z,0.91281098127365112,0.95295602083206177,0.89980900287628174,0.91170299053192139,25562461
2024-03-04T00:00:00.000000Z,0.91170299053192139,0.92133700847625732,0.88665097951889038,0.90547001361846924,23037677
2024-03-05T00:00:00.000000Z,0.90547001361846924,0.91674399375915527,0.87059897184371948,0.89488798379898071,27768300
2024-03-06T00:00:00.000000Z,0.89488798379898071,0.95009100437164307,0.8836209774017334,0.95005500316619873,32535935
2024-03-07T00:00:00.000000Z,0.95005500316619873,1.0037189722061157,0.90100300312042236,0.92492502927780151,54130791
2024-03-08T00:00:00.000000Z,0.92492502927780151,0.938027024269104,0.85223400592803955,0.85387402772903442,34183549
2024-03-09T00:00:00.000000Z,0.85387402772903442,0.90659600496292114,0.83320999145507812,0.88002300262451172,38170501
2024-03-10T00:00:00.000000Z,0.88002300262451172,0.90659701824188232,0.86727100610733032,0.87790197134017944,47097140
2024-03-11T00:00:00.000000Z,0.87790197134017944,0.92314600944519043,0.86434400081634521,0.91084802150726318,31609341
2024-03-12T00:00:00.000000Z,0.91084802150726318,0.91578799486160278,0.86778098344802856,0.89786398410797119,38677242
2024-03-13T00:00:00.000000Z,0.89786398410797119,0.91930800676345825,0.89156097173690796,0.91763997077941895,79648146
2024-03-14T00:00:00.000000Z,0.91763997077941895,0.91992199420928955,0.8847690224647522,0.90412402153015137,52138201
2024-03-15T00:00:00.000000Z,0.90412402153015137,0.90545099973678589,0.86958599090576172,0.88540101051330566,35106969
2024-03-16T00:00:00.000000Z,0.88540101051330566,0.89368098974227905,0.85664099454879761,0.86135399341583252,36122745
2024-03-17T00:00:00.000000Z,0.86135399341583252,0.8786960244178772,0.85341799259185791,0.86757498979568481,40239661
2024-03-18T00:00:00.000000Z,0.86656999588012695,0.88027399778366089,0.8536909818649292,0.8770490288734436,45663337
2024-03-19T00:00:00.000000Z,0.8770490288734436,0.88750100135803223,0.84481197595596313,0.85620802640914917,48127399
2024-03-20T00:00:00.000000Z,0.85620802640914917,0.92032498121261597,0.85620802640914917,0.918690025806427,40193656
2024-03-21T00:00:00.000000Z,0.918690025806427,0.9481390118598938,0.9133790135383606,0.92942899465560913,34985278
2024-03-22T00:00:00.000000Z,0.92942899465560913,0.93133097887039185,0.91275900602340698,0.91882902383804321,30737361
2024-03-23T00:00:00.000000Z,0.91882902383804321,0.92166697978973389,0.89265298843383789,0.89265298843383789,36109185
2024-03-24T00:00:00.000000Z,0.89265298843383789,0.93513798713684082,0.89265298843383789,0.93508899211883545,26456273
2024-03-25T00:00:00.000000Z,0.93508899211883545,0.95372802019119263,0.92715597152709961,0.93868100643157959,29298865
2024-03-26T00:00:00.000000Z,0.93868100643157959,0.96334797143936157,0.92477697134017944,0.95467299222946167,43775376
2024-03-27T00:00:00.000000Z,0.95467299222946167,0.96784698963165283,0.94054901599884033,0.96348798274993896,40084595
2024-03-28T00:00:00.000000Z,0.96348798274993896,1.0470490455627441,0.95237797498703003,1.0320899486541748,46586549
2024-03-29T00:00:00.000000Z,1.0320899486541748,1.0321379899978638,0.99052202701568604,1.0022139549255371,54340361
2024-03-30T00:00:00.000000Z,1.0022139549255371,1.0580699443817139,1.0022139549255371,1.0293099880218506,78432406
2024-03-31T00:00:00.000000Z,1.0293099880218506,1.0477279424667358,1.0192550420761108,1.0472279787063599,53767873
2024-04-01T00:00:00.000000Z,1.0472279787063599,1.0909010171890259,1.0207129716873169,1.0818530321121216,56879073
2024-04-02T00:00:00.000000Z,1.0818530321121216,1.1807600259780884,1.0617769956588745,1.1801179647445679,100192673
2024-04-03T00:00:00.000000Z,1.1801179647445679,1.3801939487457275,1.1307439804077148,1.3576359748840332,154129367
2024-04-04T00:00:00.000000Z,1.3576359748840332,1.3599330186843872,1.2775659561157227,1.2804280519485474,70939950
2024-04-05T00:00:00.000000Z,1.2804280519485474,1.3025410175323486,1.2025150060653687,1.2404340505599976,55517093
2024-04-06T00:00:00.000000Z,1.2404340505599976,1.2929060459136963,1.2345060110092163,1.2883820533752441,46640248
2024-04-07T00:00:00.000000Z,1.2883820533752441,1.330145001411438,1.2590130567550659,1.3087719678878784,58793164
2024-04-08T00:00:00.000000Z,1.3087719678878784,1.3623330593109131,1.271886944770813,1.3380210399627686,46071515
2024-04-09T00:00:00.000000Z,1.3380210399627686,1.3380210399627686,1.2808129787445068,1.281730055809021,52229295
2024-04-10T00:00:00.000000Z,1.281730055809021,1.2989699840545654,1.2106410264968872,1.2578439712524414,78780142
2024-04-11T00:00:00.000000Z,1.2578439712524414,1.3803670406341553,1.2578439712524414,1.3353819847106934,96526180
2024-04-12T00:00:00.000000Z,1.3353819847106934,1.3475069999694824,1.2065550088882446,1.2191699743270874,78196387
2024-04-13T00:00:00.000000Z,1.2191699743270874,1.2773590087890625,1.1514159440994263,1.1777909994125366,70318348
2024-04-14T00:00:00.000000Z,1.1777909994125366,1.2068940401077271,1.1198920011520386,1.2068929672241211,64852628
2024-04-15T00:00:00.000000Z,1.2068929672241211,1.2568349838256836,1.1477979421615601,1.1572849750518799,117651449
2024-04-16T00:00:00.000000Z,1.1572849750518799,1.1957889795303345,1.1341259479522705,1.1837340593338013,76769515
2024-04-17T00:00:00.000000Z,1.1837340593338013,1.2606220245361328,1.1774990558624268,1.2580059766769409,59441406
2024-04-18T00:00:00.000000Z,1.2580059766769409,1.313012957572937,1.2442259788513184,1.2477359771728516,51431988
2024-04-19T00:00:00.000000Z,1.2477359771728516,1.2658720016479492,1.1864780187606812,1.2514179944992065,78099038
2024-04-20T00:00:00.000000Z,1.2514179944992065,1.2827160358428955,1.2472150325775146,1.2727659940719604,48373779
2024-04-21T00:00:00.000000Z,1.2727659940719604,1.2857420444488525,1.2679150104522705,1.2809330224990845,29829212
2024-04-22T00:00:00.000000Z,1.2809330224990845,1.2882050275802612,1.2730929851531982,1.2756270170211792,26902491
2024-04-23T00:00:00.000000Z,1.2756270170211792,1.2808380126953125,1.2406020164489746,1.2526220083236694,46487228
2024-04-24T00:00:00.000000Z,1.2526220083236694,1.2531969547271729,1.2118090391159058,1.2118090391159058,35700493
2024-04-25T00:00:00.000000Z,1.2118090391159058,1.2170109748840332,1.1767230033874512,1.1915069818496704,34760547
2024-04-26T00:00:00.000000Z,1.1915069818496704,1.1986260414123535,1.1648470163345337,1.170212984085083,42527677
2024-04-27T00:00:00.000000Z,1.170212984085083,1.1798449754714966,1.148157000541687,1.1783629655838013,46013804
2024-04-28T00:00:00.000000Z,1.1783629655838013,1.1976469755172729,1.1529719829559326,1.1858470439910889,33849404
2024-04-29T00:00:00.000000Z,1.1858470439910889,1.1886800527572632,1.1477619409561157,1.1610809564590454,28430217
2024-04-30T00:00:00.000000Z,1.1610809564590454,1.1677860021591187,1.1047240495681763,1.1364890336990356,60791829
2024-05-01T00:00:00.000000Z,1.1364890336990356,1.1367180347442627,1.076557993888855,1.1057000160217285,58003203
2024-05-02T00:00:00.000000Z,1.1057000160217285,1.1401519775390625,1.0882250070571899,1.1351200342178345,48118592
2024-05-03T00:00:00.000000Z,1.1351200342178345,1.1511199474334717,1.1225320100784302,1.1507450342178345,33405301
2024-05-04T00:00:00.000000Z,1.1507450342178345,1.1784369945526123,1.1462290287017822,1.1617519855499268,40774957
2024-05-05T00:00:00.000000Z,1.1617519855499268,1.1763919591903687,1.1459150314331055,1.1604709625244141,45784403
2024-05-06T00:00:00.000000Z,1.1604709625244141,1.1738849878311157,1.1480510234832764,1.1533429622650146,33683506
2024-05-07T00:00:00.000000Z,1.1533429622650146,1.1572240591049194,1.1109139919281006,1.1119580268859863,38500558
2024-05-08T00:00:00.000000Z,1.1119580268859863,1.1273390054702759,1.1050729751586914,1.1220979690551758,50454914
2024-05-09T00:00:00.000000Z,1.1220979690551758,1.1270049810409546,1.0791360139846802,1.1059420108795166,57234945
2024-05-10T00:00:00.000000Z,1.1059420108795166,1.1229449510574341,1.0686520338058472,1.0762670040130615,49069657
2024-05-11T00:00:00.000000Z,1.0762670040130615,1.0902609825134277,1.0732220411300659,1.0902609825134277,25836654
2024-05-12T00:00:00.000000Z,1.0902609825134277,1.0957269668579102,1.0849679708480835,1.0849720239639282,22928580
2024-05-13T00:00:00.000000Z,1.0849720239639282,1.0895689725875854,1.0635629892349243,1.0714550018310547,35484903
2024-05-14T00:00:00.000000Z,1.0714550018310547,1.0726079940795898,1.0399019718170166,1.0450049638748169,37030338
2024-05-15T00:00:00.000000Z,1.0450049638748169,1.0923559665679932,1.0447930097579956,1.09175705909729,33936966
2024-05-16T00:00:00.000000Z,1.09175705909729,1.1107499599456787,1.0612000226974487,1.0745699405670166,44257439
2024-05-17T00:00:00.000000Z,1.0745699405670166,1.1089060306549072,1.0724400281906128,1.0894949436187744,57485580
2024-05-18T00:00:00.000000Z,1.0894949436187744,1.1005699634552002,1.0834840536117554,1.0931229591369629,35419241
2024-05-19T00:00:00.000000Z,1.0931229591369629,1.1082750558853149,1.0833380222320557,1.0846199989318848,26135437
2024-05-20T00:00:00.000000Z,1.0846199989318848,1.144184947013855,1.0833690166473389,1.13965904712677,38342580
2024-05-21T00:00:00.000000Z,1.13965904712677,1.1424950361251831,1.1171729564666748,1.1199129819869995,57680435
2024-05-22T00:00:00.000000Z,1.1199129819869995,1.1346759796142578,1.117933988571167,1.117933988571167,35816923
2024-05-23T00:00:00.000000Z,1.117933988571167,1.1222620010375977,1.0848950147628784,1.0915460586547852,52800404
2024-05-24T00:00:00.000000Z,1.0915460586547852,1.1118049621582031,1.090986967086792,1.110152006149292,30886840
2024-05-25T00:00:00.000000Z,1.110152006149292,1.1346950531005859,1.1046739816665649,1.1287510395050049,33103510
2024-05-26T00:00:00.000000Z,1.1287510395050049,1.1324779987335205,1.117745041847229,1.1187030076980591,31230814
2024-05-27T00:00:00.000000Z,1.1187030076980591,1.2031919956207275,1.1124039888381958,1.1911890506744385,46800204
2024-05-28T00:00:00.000000Z,1.1911890506744385,1.291653037071228,1.1812950372695923,1.2494479417800903,106229766
2024-05-29T00:00:00.000000Z,1.2494479417800903,1.3278770446777344,1.2189539670944214,1.3276970386505127,85852636
2024-05-30T00:00:00.000000Z,1.3276970386505127,1.3797529935836792,1.3089419603347778,1.378074049949646,56759739
2024-05-31T00:00:00.000000Z,1.3703490495681763,1.3984329700469971,1.338083028793335,1.3958430290222168,52887184
2024-06-01T00:00:00.000000Z,1.3958430290222168,1.4849460124969482,1.3958430290222168,1.4306440353393555,71311749
2024-06-02T00:00:00.000000Z,1.4306440353393555,1.4306440353393555,1.2930779457092285,1.3488329648971558,98407972
2024-06-03T00:00:00.000000Z,1.3488329648971558,1.4075750112533569,1.286558985710144,1.286558985710144,108066708
2024-06-04T00:00:00.000000Z,1.286558985710144,1.3557280302047729,1.2859040498733521,1.3237719535827637,56902856
2024-06-05T00:00:00.000000Z,1.3237719535827637,1.343148946762085,1.3107529878616333,1.3245450258255005,32910010
2024-06-06T00:00:00.000000Z,1.3245450258255005,1.3278989791870117,1.1673840284347534,1.2178100347518921,135316164
2024-06-07T00:00:00.000000Z,1.2178100347518921,1.2341330051422119,1.1493890285491943,1.1706509590148926,91127807
2024-06-08T00:00:00.000000Z,1.1706509590148926,1.1969499588012695,1.1569000482559204,1.1824029684066772,41012546
2024-06-09T00:00:00.000000Z,1.1824029684066772,1.1933629512786865,1.1739319562911987,1.1854859590530396,42061017
2024-06-10T00:00:00.000000Z,1.1854859590530396,1.1958190202713013,1.159296989440918,1.1682980060577393,69868262
2024-06-11T00:00:00.000000Z,1.1682980060577393,1.1847330331802368,1.1402649879455566,1.1448910236358643,55166904
2024-06-12T00:00:00.000000Z,1.1448910236358643,1.1837279796600342,1.1437269449234009,1.1802749633789062,39560506
2024-06-13T00:00:00.000000Z,1.1802749633789062,1.1852960586547852,1.1609710454940796,1.1666040420532227,53493536
2024-06-14T00:00:00.000000Z,1.1666040420532227,1.1668039560317993,1.1358300447463989,1.140408992767334,43785308
2024-06-15T00:00:00.000000Z,1.140408992767334,1.1568659543991089,1.134539008140564,1.1543359756469727,31883152
2024-06-16T00:00:00.000000Z,1.1543359756469727,1.1636790037155151,1.1501859426498413,1.1509439945220947,50077327
2024-06-17T00:00:00.000000Z,1.1509439945220947,1.1517659425735474,1.1190910339355469,1.1387399435043335,60493102
2024-06-18T00:00:00.000000Z,1.1387399435043335,1.1925679445266724,1.1097999811172485,1.1526750326156616,112839165
2024-06-19T00:00:00.000000Z,1.1526750326156616,1.1767090559005737,1.1443660259246826,1.1444879770278931,51038120
2024-06-20T00:00:00.000000Z,1.1444879770278931,1.1671739816665649,1.1351289749145508,1.1598999500274658,41242203
2024-06-21T00:00:00.000000Z,1.1598999500274658,1.1598999500274658,1.1231130361557007,1.1303830146789551,50528611
2024-06-22T00:00:00.000000Z,1.1303830146789551,1.1474100351333618,1.130031943321228,1.1449799537658691,44457166
2024-06-23T00:00:00.000000Z,1.1449799537658691,1.1477609872817993,1.1195549964904785,1.1195549964904785,35065396
2024-06-24T00:00:00.000000Z,1.1195549964904785,1.124580979347229,1.0607930421829224,1.0832289457321167,73681311
2024-06-25T00:00:00.000000Z,1.0832289457321167,1.1159759759902954,1.08234703540802,1.1132529973983765,50661787
2024-06-26T00:00:00.000000Z,1.1132529973983765,1.1324969530105591,1.0975029468536377,1.1069329977035522,62663619
2024-06-27T00:00:00.000000Z,1.1069329977035522,1.1679960489273071,1.1030600070953369,1.1304479837417603,54577699
2024-06-28T00:00:00.000000Z,1.1304479837417603,1.1603670120239258,1.1302249431610107,1.141402006149292,42811728
2024-06-29T00:00:00.000000Z,1.141402006149292,1.1485060453414917,1.1329649686813354,1.1416590213775635,36906303
2024-06-30T00:00:00.000000Z,1.1416590213775635,1.1563719511032104,1.1348079442977905,1.1561839580535889,34225652
2024-07-01T00:00:00.000000Z,1.1561839580535889,1.2258930206298828,1.1497349739074707,1.1987930536270142,56541724
2024-07-02T00:00:00.000000Z,1.1987930536270142,1.2229299545288086,1.1819679737091064,1.1916550397872925,58610932
2024-07-03T00:00:00.000000Z,1.1916550397872925,1.1932439804077148,1.1248710155487061,1.1271519660949707,84215734
2024-07-04T00:00:00.000000Z,1.1271519660949707,1.127655029296875,1.0593090057373047,1.0711959600448608,99547922
2024-07-05T00:00:00.000000Z,1.0711959600448608,1.0711959600448608,0.92625600099563599,1.0301270484924316,108568097
2024-07-06T00:00:00.000000Z,1.0301270484924316,1.0587719678878784,1.0173170566558838,1.0536129474639893,52972875
2024-07-07T00:00:00.000000Z,1.0536129474639893,1.0631450414657593,0.99653702974319458,1.0098279714584351,49959294
2024-07-08T00:00:00.000000Z,1.0098279714584351,1.0747900009155273,0.94943797588348389,1.0293159484863281,67968602
2024-07-09T00:00:00.000000Z,1.0293159484863281,1.0442639589309692,1.0203180313110352,1.0351179838180542,37680305
2024-07-10T00:00:00.000000Z,1.0351179838180542,1.0471819639205933,1.0301200151443481,1.0439059734344482,25475738
2024-07-11T00:00:00.000000Z,1.0439059734344482,1.0462160110473633,1.0276809930801392,1.0303250551223755,29080741
2024-07-12T00:00:00.000000Z,1.0303250551223755,1.0356400012969971,1.0272949934005737,1.0346100330352783,22275118
2024-07-13T00:00:00.000000Z,1.0346100330352783,1.0381679534912109,1.0282690525054932,1.0324380397796631,23764024
2024-07-14T00:00:00.000000Z,1.0324380397796631,1.0463559627532959,1.0324380397796631,1.0439740419387817,22543110
2024-07-15T00:00:00.000000Z,1.0439740419387817,1.0933159589767456,1.0437010526657104,1.0929839611053467,29156285
2024-07-16T00:00:00.000000Z,1.0929839611053467,1.1010030508041382,1.0645079612731934,1.083359956741333,28679748
2024-07-17T00:00:00.000000Z,1.083359956741333,1.1021239757537842,1.08269202709198,1.088109016418457,25933772
2024-07-18T00:00:00.000000Z,1.088109016418457,1.1492509841918945,1.087939977645874,1.1258330345153809,31294317
2024-07-19T00:00:00.000000Z,1.1258330345153809,1.1501480340957642,1.1121070384979248,1.14552903175354,26511558
2024-07-20T00:00:00.000000Z,1.14552903175354,1.1504830121994019,1.1328599452972412,1.1443330049514771,23682892
2024-07-21T00:00:00.000000Z,1.1443330049514771,1.1570049524307251,1.1380200386047363,1.1565040349960327,25607299
2024-07-22T00:00:00.000000Z,1.1565040349960327,1.180448055267334,1.154742956161499,1.1714969873428345,26720173
2024-07-23T00:00:00.000000Z,1.1714969873428345,1.2138030529022217,1.1657190322875977,1.1800539493560791,36578727
2024-07-24T00:00:00.000000Z,1.1800539493560791,1.1904369592666626,1.1345549821853638,1.1395479440689087,34775311
2024-07-25T00:00:00.000000Z,1.1395479440689087,1.1401430368423462,1.0744359493255615,1.1001620292663574,31739874
2024-07-26T00:00:00.000000Z,1.1001620292663574,1.1380980014801025,1.0999399423599243,1.1378060579299927,25650852
2024-07-27T00:00:00.000000Z,1.1378060579299927,1.1500450372695923,1.1149519681930542,1.1199480295181274,28648210
2024-07-28T00:00:00.000000Z,1.1199480295181274,1.1199519634246826,1.1123299598693848,1.1156649589538574,25309710
2024-07-29T00:00:00.000000Z,1.1156649589538574,1.1327600479125977,1.1156649589538574,1.1222829818725586,28311991
2024-07-30T00:00:00.000000Z,1.1222829818725586,1.1350059509277344,1.1185059547424316,1.1341190338134766,23979026
2024-07-31T00:00:00.000000Z,1.1341190338134766,1.1349960565567017,1.1219819784164429,1.1231909990310669,26138010
2024-08-01T00:00:00.000000Z,1.1231909990310669,1.1231909990310669,1.0745600461959839,1.0889359712600708,29812195
2024-08-02T00:00:00.000000Z,1.0889359712600708,1.0961929559707642,1.029600977897644,1.0296070575714111,30303828
2024-08-03T00:00:00.000000Z,1.0296070575714111,1.0419039726257324,1.0044610500335693,1.0126140117645264,25173534
2024-08-04T00:00:00.000000Z,1.0126140117645264,1.0160349607467651,0.95573502779006958,0.97197401523590088,24842015
2024-08-05T00:00:00.000000Z,0.97197401523590088,0.97393697500228882,0.83375698328018188,0.90046697854995728,42879854
2024-08-06T00:00:00.000000Z,0.90046697854995728,0.93919497728347778,0.89947199821472168,0.9220539927482605,38756701
2024-08-07T00:00:00.000000Z,0.9220539927482605,0.94633001089096069,0.88561499118804932,0.88857901096343994,34249688
2024-08-08T00:00:00.000000Z,0.88857901096343994,0.97332799434661865,0.88669002056121826,0.96821498870849609,32740196
2024-08-09T00:00:00.000000Z,0.96821498870849609,0.96821498870849609,0.91522097587585449,0.93940699100494385,26949830
2024-08-10T00:00:00.000000Z,0.93940699100494385,0.94233298301696777,0.92750000953674316,0.93783199787139893,23374369
2024-08-11T00:00:00.000000Z,0.93783199787139893,0.94038999080657959,0.91029798984527588,0.91038602590560913,24574641
2024-08-12T00:00:00.000000Z,0.91038602590560913,0.92522299289703369,0.90721702575683594,0.92387497425079346,25802075
2024-08-13T00:00:00.000000Z,0.92387497425079346,0.93205100297927856,0.91454201936721802,0.92180502414703369,23323994
2024-08-14T00:00:00.000000Z,0.92180502414703369,0.94237297773361206,0.91818702220916748,0.92833501100540161,26194292
2024-08-15T00:00:00.000000Z,0.92833501100540161,0.92965900897979736,0.90329700708389282,0.90340298414230347,23863798
2024-08-16T00:00:00.000000Z,0.90340298414230347,0.91081702709197998,0.90039598941802979,0.90836197137832642,23029228
2024-08-17T00:00:00.000000Z,0.90836197137832642,0.93560200929641724,0.90785998106002808,0.91798102855682373,28383351
2024-08-18T00:00:00.000000Z,0.91798102855682373,0.9294390082359314,0.90951699018478394,0.91236799955368042,23628930
2024-08-19T00:00:00.000000Z,0.91236799955368042,0.91925102472305298,0.90445798635482788,0.91735798120498657,23773317
2024-08-20T00:00:00.000000Z,0.91877198219299316,0.94560897350311279,0.91721498966217041,0.92985600233078003,25489003
2024-08-21T00:00:00.000000Z,0.92990201711654663,0.95215499401092529,0.92895299196243286,0.94803398847579956,23091100
2024-08-22T00:00:00.000000Z,0.94803398847579956,0.97510701417922974,0.94436502456665039,0.97249197959899902,26446826
2024-08-23T00:00:00.000000Z,0.97249197959899902,1.0238690376281738,0.97153002023696899,1.0108499526977539,31298276
2024-08-24T00:00:00.000000Z,1.0108499526977539,1.0230230093002319,1.0029380321502686,1.0063819885253906,27213016
2024-08-25T00:00:00.000000Z,1.0063819885253906,1.0084559917449951,0.98396998643875122,0.99785399436950684,26024024
2024-08-26T00:00:00.000000Z,0.99785399436950684,1.0111229419708252,0.98721098899841309,0.99377602338790894,26706048
2024-08-27T00:00:00.000000Z,0.99377602338790894,1.0009759664535522,0.96855098009109497,0.97276902198791504,26217794
2024-08-28T00:00:00.000000Z,0.97276902198791504,0.97283697128295898,0.93133300542831421,0.95313602685928345,29154615
2024-08-29T00:00:00.000000Z,0.95313602685928345,0.9777340292930603,0.95298898220062256,0.96816802024841309,27043915
2024-08-30T00:00:00.000000Z,0.96816802024841309,0.98894202709197998,0.96518301963806152,0.98830497264862061,28078665
2024-08-31T00:00:00.000000Z,0.98830497264862061,0.99647599458694458,0.97881102561950684,0.98251897096633911,25265767
2024-09-01T00:00:00.000000Z,0.98251897096633911,0.98409998416900635,0.95860797166824341,0.95872700214385986,25578355
2024-09-02T00:00:00.000000Z,0.95872700214385986,0.97647601366043091,0.95691698789596558,0.97263699769973755,23199744
2024-09-03T00:00:00.000000Z,0.97263699769973755,0.97947400808334351,0.95183497667312622,0.963034987449646,23270897
2024-09-04T00:00:00.000000Z,0.963034987449646,0.9670259952545166,0.94454801082611084,0.96045500040054321,24203547
2024-09-05T00:00:00.000000Z,0.96045500040054321,0.96196198463439941,0.94606399536132812,0.94882601499557495,26138455
2024-09-06T00:00:00.000000Z,0.94882601499557495,0.9546779990196228,0.92659598588943481,0.93364298343658447,24863200
2024-09-07T00:00:00.000000Z,0.93364298343658447,0.94268602132797241,0.93364298343658447,0.93518298864364624,23141273
2024-09-08T00:00:00.000000Z,0.93518298864364624,0.93990200757980347,0.93090099096298218,0.93786299228668213,21556662
2024-09-09T00:00:00.000000Z,0.93786299228668213,0.94538301229476929,0.92879599332809448,0.94018000364303589,27665728
2024-09-10T00:00:00.000000Z,0.94018000364303589,0.94841301441192627,0.93681997060775757,0.94704097509384155,22681050
2024-09-11T00:00:00.000000Z,0.94704097509384155,0.9472230076789856,0.92880600690841675,0.93584901094436646,22592058
2024-09-12T00:00:00.000000Z,0.93584901094436646,0.95359700918197632,0.93574100732803345,0.95180201530456543,23540787
2024-09-13T00:00:00.000000Z,0.95180201530456543,0.96058499813079834,0.93918502330780029,0.9603239893913269,24237113
2024-09-14T00:00:00.000000Z,0.9603239893913269,0.9605870246887207,0.94072401523590088,0.94378799200057983,24313598
2024-09-15T00:00:00.000000Z,0.94378799200057983,0.94995701313018799,0.93541401624679565,0.93658202886581421,20674936
2024-09-16T00:00:00.000000Z,0.93658202886581421,0.93674898147583008,0.90766900777816772,0.90782701969146729,28177621
2024-09-17T00:00:00.000000Z,0.90782701969146729,0.93356597423553467,0.90514999628067017,0.92364001274108887,25662255
2024-09-18T00:00:00.000000Z,0.92364001274108887,0.92852997779846191,0.89674502611160278,0.92719799280166626,28852548
2024-09-19T00:00:00.000000Z,0.92719799280166626,0.95014697313308716,0.92719799280166626,0.94101798534393311,28129331
2024-09-20T00:00:00.000000Z,0.94101798534393311,0.94867998361587524,0.92100799083709717,0.92549097537994385,22995850
2024-09-21T00:00:00.000000Z,0.92549097537994385,0.94071698188781738,0.92227798700332642,0.94038999080657959,22937872
2024-09-22T00:00:00.000000Z,0.94038999080657959,0.9698140025138855,0.94038999080657959,0.95884597301483154,26692791
2024-09-23T00:00:00.000000Z,0.95884597301483154,0.98326301574707031,0.95450001955032349,0.98078799247741699,33339710
2024-09-24T00:00:00.000000Z,0.98078799247741699,0.98274099826812744,0.95866197347640991,0.98037701845169067,26502344
2024-09-25T00:00:00.000000Z,0.98037701845169067,0.98848199844360352,0.96797400712966919,0.97488600015640259,26615699
2024-09-26T00:00:00.000000Z,0.97488600015640259,1.0031629800796509,0.97154897451400757,0.99908202886581421,26102332
2024-09-27T00:00:00.000000Z,0.99908202886581421,1.0624740123748779,0.998291015625,1.0498390197753906,32077570
2024-09-28T00:00:00.000000Z,1.0498390197753906,1.0768979787826538,1.0274139642715454,1.0414400100708008,30584303
2024-09-29T00:00:00.000000Z,1.0414400100708008,1.0521459579467773,1.0328760147094727,1.049232006072998,24767821
2024-09-30T00:00:00.000000Z,1.049232006072998,1.0496360063552856,1.0031399726867676,1.0144599676132202,32334217
2024-10-01T00:00:00.000000Z,1.0144599676132202,1.022845983505249,0.97512602806091309,0.97757399082183838,29339399
2024-10-02T00:00:00.000000Z,0.97757399082183838,0.98888999223709106,0.96963399648666382,0.96963399648666382,24729692
2024-10-03T00:00:00.000000Z,0.96963399648666382,0.9736970067024231,0.95988798141479492,0.96670198440551758,27499714
2024-10-04T00:00:00.000000Z,0.96670198440551758,1.0300960540771484,0.96633297204971313,1.0194510221481323,31602483
2024-10-05T00:00:00.000000Z,1.0194510221481323,1.0710940361022949,1.0106790065765381,1.0552469491958618,47583849
2024-10-06T00:00:00.000000Z,1.0552469491958618,1.1027079820632935,1.0513410568237305,1.0997970104217529,37841792
2024-10-07T00:00:00.000000Z,1.0997970104217529,1.143638014793396,0.64406198263168335,1.0752799510955811,76524311
2024-10-08T00:00:00.000000Z,1.0752799510955811,1.0904749631881714,1.0421470403671265,1.0587559938430786,42038371
2024-10-09T00:00:00.000000Z,1.0545220375061035,1.0684909820556641,1.0445319414138794,1.0468349456787109,28065535
2024-10-10T00:00:00.000000Z,1.0456409454345703,1.0589519739151001,1.0395569801330566,1.0490260124206543,28281061
2024-10-11T00:00:00.000000Z,1.0490260124206543,1.0902459621429443,1.044281005859375,1.0827039480209351,26553040
2024-10-12T00:00:00.000000Z,1.0827039480209351,1.0889790058135986,1.0751700401306152,1.0813939571380615,27337335
2024-10-13T00:00:00.000000Z,1.0813939571380615,1.0846530199050903,1.0775940418243408,1.0846489667892456,23692081
2024-10-14T00:00:00.000000Z,1.0846489667892456,1.1188980340957642,1.08399498462677,1.1040630340576172,31787153
2024-10-15T00:00:00.000000Z,1.1040630340576172,1.1260370016098022,1.0903060436248779,1.1111880540847778,32354517
2024-10-16T00:00:00.000000Z,1.1111880540847778,1.1198209524154663,1.1098419427871704,1.1158280372619629,26763416
2024-10-17T00:00:00.000000Z,1.1158280372619629,1.1173520088195801,1.091392993927002,1.0983710289001465,41687455
2024-10-18T00:00:00.000000Z,1.0983710289001465,1.1352779865264893,1.0944509506225586,1.1347470283508301,64593876
2024-10-19T00:00:00.000000Z,1.1347470283508301,1.1452280282974243,1.1251959800720215,1.1401220560073853,31076919
2024-10-20T00:00:00.000000Z,1.1401220560073853,1.1497490406036377,1.1353579759597778,1.1497440338134766,40802445
2024-10-21T00:00:00.000000Z,1.151142954826355,1.1586799621582031,1.1402499675750732,1.1571229696273804,35373905
2024-10-22T00:00:00.000000Z,1.1571229696273804,1.1631009578704834,1.1465280055999756,1.1598010063171387,44151597
2024-10-23T00:00:00.000000Z,1.1598010063171387,1.1724450588226318,1.1477090120315552,1.1724450588226318,39524014
2024-10-24T00:00:00.000000Z,1.173253059387207,1.2078720331192017,1.1729990243911743,1.202720046043396,60272917
2024-10-25T00:00:00.000000Z,1.1951639652252197,1.1951639652252197,1.1401350498199463,1.1494929790496826,35597316
2024-10-26T00:00:00.000000Z,1.1494929790496826,1.1740959882736206,1.147570013999939,1.1737459897994995,57114341
2024-10-27T00:00:00.000000Z,1.1737459897994995,1.1902070045471191,1.1650890111923218,1.1752159595489502,59789084
2024-10-28T00:00:00.000000Z,1.1752159595489502,1.1760640144348145,1.1510679721832275,1.1724679470062256,60689718
2024-10-29T00:00:00.000000Z,1.1724679470062256,1.1921969652175903,1.1699960231781006,1.1783360242843628,40201698
2024-10-30T00:00:00.000000Z,1.1783360242843628,1.1795599460601807,1.1587519645690918,1.1610469818115234,37796932
2024-10-31T00:00:00.000000Z,1.1610469818115234,1.1610909700393677,1.1232349872589111,1.1370769739151001,51554841
2024-11-01T00:00:00.000000Z,1.1370769739151001,1.1439160108566284,1.1130030155181885,1.1325099468231201,73802833
2024-11-02T00:00:00.000000Z,1.1325099468231201,1.141482949256897,1.1161450147628784,1.121425986289978,37557056
2024-11-03T00:00:00.000000Z,1.121425986289978,1.1255199909210205,1.1006820201873779,1.1177430152893066,32466247
2024-11-04T00:00:00.000000Z,1.1177430152893066,1.1221740245819092,1.1011190414428711,1.104261040687561,56076089
2024-11-05T00:00:00.000000Z,1.104261040687561,1.1591130495071411,1.1033459901809692,1.1546310186386108,63953087
2024-11-06T00:00:00.000000Z,1.1546310186386108,1.1914360523223877,1.1537690162658691,1.1910459995269775,41451564
2024-11-07T00:00:00.000000Z,1.1908650398254395,1.2703989744186401,1.1848770380020142,1.230597972869873,40727662
2024-11-08T00:00:00.000000Z,1.2415549755096436,1.2417229413986206,1.2145370244979858,1.2270849943161011,52995386
2024-11-09T00:00:00.000000Z,1.2270849943161011,1.2730599641799927,1.2270849943161011,1.2699040174484253,69428776
2024-11-10T00:00:00.000000Z,1.2699040174484253,1.317425012588501,1.2597609758377075,1.2937359809875488,41354969
2024-11-11T00:00:00.000000Z,1.2937359809875488,1.3634179830551147,1.2677930593490601,1.3630889654159546,81941414
2024-11-12T00:00:00.000000Z,1.3630889654159546,1.4270230531692505,1.3322169780731201,1.4202519655227661,93745403
2024-11-13T00:00:00.000000Z,1.4202519655227661,1.4746040105819702,1.3905659914016724,1.4437960386276245,64141260
2024-11-14T00:00:00.000000Z,1.4437960386276245,1.4792319536209106,1.3685879707336426,1.372081995010376,72138642
2024-11-15T00:00:00.000000Z,1.372081995010376,1.3771859407424927,1.3145099878311157,1.3719209432601929,79460374
2024-11-16T00:00:00.000000Z,1.3678590059280396,1.4153690338134766,1.3668400049209595,1.3900519609451294,76520792
2024-11-17T00:00:00.000000Z,1.3900519609451294,1.3984719514846802,1.3446880578994751,1.3746629953384399,41760735
2024-11-18T00:00:00.000000Z,1.3746629953384399,1.3899470567703247,1.3459739685058594,1.3680130243301392,63842821
2024-11-19T00:00:00.000000Z,1.3680130243301392,1.3680130243301392,1.3291319608688354,1.352383017539978,85161556
2024-11-20T00:00:00.000000Z,1.352383017539978,1.3680629730224609,1.3325639963150024,1.3404910564422607,46666683
2024-11-21T00:00:00.000000Z,1.3404910564422607,1.439877986907959,1.3309249877929688,1.4382530450820923,60945533
2024-11-22T00:00:00.000000Z,1.4382530450820923,1.5123230218887329,1.4191910028457642,1.4999040365219116,67207798
2024-11-23T00:00:00.000000Z,1.4999040365219116,1.5975159406661987,1.4855109453201294,1.5562219619750977,56156563
2024-11-24T00:00:00.000000Z,1.5562219619750977,1.6294770240783691,1.5498479604721069,1.5955250263214111,69621059
2024-11-25T00:00:00.000000Z,1.5955250263214111,1.7038940191268921,1.5779509544372559,1.5960179567337036,120277398
2024-11-26T00:00:00.000000Z,1.5960179567337036,1.625898003578186,1.5231200456619263,1.5617489814758301,122755755
2024-11-27T00:00:00.000000Z,1.5617489814758301,1.6353039741516113,1.5367000102996826,1.621785044670105,103118506
2024-11-28T00:00:00.000000Z,1.621785044670105,1.6275999546051025,1.5852400064468384,1.6237599849700928,82920145
2024-11-29T00:00:00.000000Z,1.6237599849700928,1.6405240297317505,1.5945930480957031,1.6323649883270264,70906171
2024-11-30T00:00:00.000000Z,1.6323649883270264,1.6793379783630371,1.5942809581756592,1.6123950481414795,71334041
2024-12-01T00:00:00.000000Z,1.6123950481414795,1.6267729997634888,1.5847879648208618,1.6118420362472534,80915750
2024-12-02T00:00:00.000000Z,1.6048159599304199,1.6423200368881226,1.5559200048446655,1.5846740007400513,89514617
2024-12-03T00:00:00.000000Z,1.5846740007400513,1.624068021774292,1.5091229677200317,1.6058290004730225,48258200
2024-12-04T00:00:00.000000Z,1.6058290004730225,1.7931519746780396,1.6058280467987061,1.7928060293197632,79416760
2024-12-05T00:00:00.000000Z,1.7928060293197632,1.9649829864501953,1.7336330413818359,1.94166100025177,129220777
2024-12-06T00:00:00.000000Z,1.9361790418624878,2.423504114151001,1.9141579866409302,2.3704791069030762,287540695
2024-12-07T00:00:00.000000Z,2.3704791069030762,2.9518558979034424,2.2975060939788818,2.7224059104919434,314347410
2024-12-08T00:00:00.000000Z,2.6967940330505371,2.8493630886077881,2.5540359020233154,2.6586940288543701,191437347
2024-12-09T00:00:00.000000Z,2.6600410938262939,2.7087008953094482,2.4042260646820068,2.5131790637969971,238514902
2024-12-10T00:00:00.000000Z,2.5131790637969971,2.8523728847503662,2.4084060192108154,2.7619900703430176,317855279
2024-12-11T00:00:00.000000Z,2.7619900703430176,3.2971959114074707,2.7044339179992676,3.168349027633667,424299718
2024-12-12T00:00:00.000000Z,3.168349027633667,3.4982230663299561,3.0704290866851807,3.1482100486755371,336349621
2024-12-13T00:00:00.000000Z,3.1482100486755371,3.2839889526367188,3.0997929573059082,3.215609073638916,158549030
2024-12-14T00:00:00.000000Z,3.2399959564208984,3.3366849422454834,2.9482529163360596,3.0846829414367676,191015569
2024-12-15T00:00:00.000000Z,3.0846829414367676,3.1357240676879883,2.8995258808135986,3.0980250835418701,159613984
2024-12-16T00:00:00.000000Z,3.0980250835418701,3.4966080188751221,3.0793681144714355,3.4409990310668945,271183651
2024-12-17T00:00:00.000000Z,3.4409990310668945,3.9646100997924805,3.4278140068054199,3.8976640701293945,240688095
2024-12-18T00:00:00.000000Z,3.8976640701293945,4.4520220756530762,3.8807060718536377,4.1537690162658691,432314115
2024-12-19T00:00:00.000000Z,4.1537690162658691,4.8799247741699219,3.8614110946655273,4.5262551307678223,577396477
2024-12-20T00:00:00.000000Z,4.5262551307678223,4.5278539657592773,3.5511569976806641,4.3120369911193848,455884676
2024-12-21T00:00:00.000000Z,4.3120369911193848,4.697969913482666,4.06396484375,4.1405577659606934,291818942
2024-12-22T00:00:00.000000Z,4.1405577659606934,4.2866048812866211,4.0799880027770996,4.129817008972168,199008724
2024-12-23T00:00:00.000000Z,4.129817008972168,4.3377070426940918,3.9504799842834473,4.2676792144775391,142869052
2024-12-24T00:00:00.000000Z,4.2676792144775391,5.0315051078796387,4.1307377815246582,4.9198088645935059,332439437
2024-12-25T00:00:00.000000Z,4.9198088645935059,5.8858561515808105,4.8705320358276367,5.8086390495300293,685771248
2024-12-26T00:00:00.000000Z,5.8086390495300293,7.8722538948059082,5.7144021987915039,7.2923312187194824,1468638859
2024-12-27T00:00:00.000000Z,7.2923312187194824,8.4850873947143555,6.9002270698547363,8.1039495468139648,1243209557
2024-12-28T00:00:00.000000Z,8.1039495468139648,8.4203605651855469,7.2154130935668945,7.4869217872619629,1014229882
2024-12-29T00:00:00.000000Z,7.4869217872619629,7.8351521492004395,5.9995851516723633,6.3153128623962402,1157556497
2024-12-30T00:00:00.000000Z,6.3153128623962402,7.1192631721496582,6.0153031349182129,6.3859272003173828,1307229438
2024-12-31T00:00:00.000000Z,6.3859272003173828,6.3859272003173828,5.5393848419189453,5.9630451202392578,795013204
2025-01-01T00:00:00.000000Z,5.9630451202392578,6.2358460426330566,5.7475681304931641,5.9141092300415039,510371837
2025-01-02T00:00:00.000000Z,5.9141092300415039,6.4532618522644043,5.8493528366088867,6.3121318817138672,491339271
2025-01-03T00:00:00.000000Z,6.3121318817138672,6.4238390922546387,6.0635180473327637,6.2691531181335449,325417176
2025-01-04T00:00:00.000000Z,6.2691531181335449,6.3159828186035156,5.9591460227966309,6.0122699737548828,227389988
2025-01-05T00:00:00.000000Z,6.0122699737548828,6.1113271713256836,5.9610891342163086,6.0094051361083984,113832532
2025-01-06T00:00:00.000000Z,6.0094051361083984,6.2784409523010254,5.969304084777832,6.2016282081604004,308893890
2025-01-07T00:00:00.000000Z,6.2016282081604004,6.646453857421875,6.1756448745727539,6.560269832611084,644762325
2025-01-08T00:00:00.000000Z,6.560269832611084,6.6166977882385254,6.2175970077514648,6.3248658180236816,354703331
2025-01-09T00:00:00.000000Z,6.3248658180236816,6.4324898719787598,6.2189569473266602,6.3390688896179199,350360822
2025-01-10T00:00:00.000000Z,6.3390688896179199,6.8564190864562988,6.3390688896179199,6.7759737968444824,569718490
2025-01-11T00:00:00.000000Z,6.7759737968444824,7.3483209609985352,6.7428522109985352,7.1063008308410645,625135759
2025-01-12T00:00:00.000000Z,7.1063008308410645,7.4755887985229492,6.9979262351989746,7.1508297920227051,368772679
2025-01-13T00:00:00.000000Z,7.1508297920227051,7.1776361465454102,6.128209114074707,6.5672521591186523,876050377
2025-01-14T00:00:00.000000Z,6.5672521591186523,6.6950387954711914,6.3221931457519531,6.5347352027893066,541953824
2025-01-15T00:00:00.000000Z,6.5347352027893066,6.6290488243103027,6.3746490478515625,6.6290488243103027,302628509
2025-01-16T00:00:00.000000Z,6.6290488243103027,6.8016619682312012,6.5275430679321289,6.6438808441162109,85698689
2025-01-17T00:00:00.000000Z,6.6438808441162109,7.1029047966003418,6.6417560577392578,7.0104660987854004,171488718
2025-01-18T00:00:00.000000Z,7.0104660987854004,7.160797119140625,6.7070960998535156,6.8143701553344727,172904400
2025-01-19T00:00:00.000000Z,6.8143701553344727,7.0880260467529297,6.591278076171875,6.6559967994689941,446391675
2025-01-20T00:00:00.000000Z,6.6559967994689941,7.2267742156982422,6.5956611633300781,7.0441570281982422,293222276
2025-01-21T00:00:00.000000Z,7.0441570281982422,7.2836427688598633,6.9678468704223633,7.223970890045166,135554489
2025-01-22T00:00:00.000000Z,7.223970890045166,7.3345251083374023,7.0508179664611816,7.0772008895874023,120728973
2025-01-23T00:00:00.000000Z,7.0772008895874023,7.2446441650390625,7.005335807800293,7.2012500762939453,276791777
2025-01-24T00:00:00.000000Z,7.2012500762939453,7.4926161766052246,7.0987019538879395,7.4017047882080078,394861201
2025-01-25T00:00:00.000000Z,7.4017047882080078,7.8099188804626465,7.3103790283203125,7.5814099311828613,680420251
2025-01-26T00:00:00.000000Z,7.5814099311828613,7.8584542274475098,7.1596159934997559,7.2001972198486328,356095249
2025-01-27T00:00:00.000000Z,7.2001972198486328,7.2001972198486328,6.5644998550415039,6.8988709449768066,532287724
2025-01-28T00:00:00.000000Z,6.8988709449768066,7.150637149810791,6.8361091613769531,6.9296760559082031,541037370
2025-01-29T00:00:00.000000Z,6.9296760559082031,7.0169649124145508,6.6571378707885742,6.8223872184753418,333792479
2025-01-30T00:00:00.000000Z,6.8223872184753418,7.0195732116699219,6.820131778717041,6.9203739166259766,213581803
2025-01-31T00:00:00.000000Z,6.9203739166259766,7.1098618507385254,6.814155101776123,6.9666352272033691,259836701
2025-02-01T00:00:00.000000Z,6.9666352272033691,6.9879360198974609,6.7504739761352539,6.7790322303771973,241345965
2025-02-02T00:00:00.000000Z,6.7790322303771973,6.8383660316467285,5.9758028984069824,6.1704840660095215,514254249
2025-02-03T00:00:00.000000Z,6.1704840660095215,6.6813812255859375,4.8477091789245605,6.676671028137207,562033198
2025-02-04T00:00:00.000000Z,6.676671028137207,6.676671028137207,6.3347821235656738,6.4991722106933594,364369538
2025-02-05T00:00:00.000000Z,6.4991722106933594,6.6535811424255371,6.4620718955993652,6.5480117797851562,298716099
2025-02-06T00:00:00.000000Z,6.5480117797851562,6.8929729461669922,6.5245771408081055,6.7408318519592285,385008285
2025-02-07T00:00:00.000000Z,6.7408318519592285,6.8008241653442383,6.5738468170166016,6.6271281242370605,431829755
2025-02-08T00:00:00.000000Z,6.6271281242370605,6.6283431053161621,6.3000388145446777,6.406804084777832,324169338
2025-02-09T00:00:00.000000Z,6.406804084777832,6.5096731185913086,6.3047590255737305,6.382692813873291,218858480
2025-02-10T00:00:00.000000Z,6.382692813873291,6.5100002288818359,6.3187298774719238,6.4507222175598145,243353858
2025-02-11T00:00:00.000000Z,6.4507222175598145,6.5064358711242676,6.3294858932495117,6.344048023223877,216567877
2025-02-12T00:00:00.000000Z,6.344048023223877,6.3519201278686523,5.7297449111938477,6.0225830078125,395432126
2025-02-13T00:00:00.000000Z,6.0225830078125,6.0871949195861816,5.216865062713623,5.4896259307861328,430429364
2025-02-14T00:00:00.000000Z,5.4896259307861328,5.6786541938781738,5.4507269859313965,5.5259442329406738,270270449
2025-02-15T00:00:00.000000Z,5.5259442329406738,5.5259442329406738,5.0026469230651855,5.1536421775817871,215797102
2025-02-16T00:00:00.000000Z,5.1536421775817871,5.2159848213195801,4.8247251510620117,4.9155540466308594,221710823
2025-02-17T00:00:00.000000Z,4.9155540466308594,5.2311339378356934,4.8756752014160156,5.0489411354064941,419975379
2025-02-18T00:00:00.000000Z,5.0489411354064941,5.1275620460510254,4.5186052322387695,4.6024589538574219,349451285
2025-02-19T00:00:00.000000Z,4.6024589538574219,4.9187650680541992,4.6024589538574219,4.8578181266784668,401487699
2025-02-20T00:00:00.000000Z,4.8578181266784668,4.8578181266784668,4.3042011260986328,4.5340571403503418,365329168
2025-02-21T00:00:00.000000Z,4.5340571403503418,4.8808708190917969,4.5340571403503418,4.7568349838256836,426673266
2025-02-22T00:00:00.000000Z,4.7568349838256836,5.0993771553039551,4.7222490310668945,4.9379878044128418,449630712
2025-02-23T00:00:00.000000Z,4.9379878044128418,5.2033882141113281,4.9015488624572754,5.0703392028808594,336882743
2025-02-24T00:00:00.000000Z,5.0703392028808594,5.0800571441650391,4.6645569801330566,4.6656417846679688,467869210
2025-02-25T00:00:00.000000Z,4.6656417846679688,4.7313961982727051,4.1156988143920898,4.2954168319702148,422674340
2025-02-26T00:00:00.000000Z,4.2954168319702148,4.433556079864502,3.6995348930358887,3.9920399188995361,451969417
2025-02-27T00:00:00.000000Z,3.9920399188995361,4.1885309219360352,3.8965590000152588,4.1359939575195312,284777564
2025-02-28T00:00:00.000000Z,4.1359939575195312,4.1484451293945312,3.7152609825134277,4.0182070732116699,387636348
2025-03-01T00:00:00.000000Z,4.0182070732116699,4.14544677734375,3.9311609268188477,4.0591177940368652,287058435
2025-03-02T00:00:00.000000Z,4.0591177940368652,4.5314278602600098,3.9917969703674316,4.5043721199035645,393966056
2025-03-03T00:00:00.000000Z,4.5043721199035645,4.8080110549926758,4.2478361129760742,4.3049812316894531,416185039
2025-03-04T00:00:00.000000Z,4.3049812316894531,4.3087100982666016,4.0254898071289062,4.2918472290039062,334820259
2025-03-05T00:00:00.000000Z,4.2918472290039062,4.5483088493347168,4.2226028442382812,4.4440979957580566,232639573
2025-03-06T00:00:00.000000Z,4.4440979957580566,4.7544059753417969,4.4440970420837402,4.7308192253112793,279122943
2025-03-07T00:00:00.000000Z,4.7308192253112793,4.7369050979614258,4.4730792045593262,4.5666289329528809,235893644
2025-03-08T00:00:00.000000Z,4.5666289329528809,4.6467227935791016,4.5436849594116211,4.6139359474182129,95534766
2025-03-09T00:00:00.000000Z,4.6139359474182129,4.6785821914672852,4.2469539642333984,4.2469539642333984,144320930
2025-03-10T00:00:00.000000Z,4.2469539642333984,4.4425158500671387,3.8402159214019775,3.9228289127349854,229421188
2025-03-11T00:00:00.000000Z,3.9228289127349854,4.2346510887145996,3.7994630336761475,4.1993718147277832,297774321
2025-03-12T00:00:00.000000Z,4.1993718147277832,4.2552609443664551,4.1124148368835449,4.1861200332641602,191608848
2025-03-13T00:00:00.000000Z,4.1861200332641602,4.2346091270446777,4.1331768035888672,4.1826791763305664,173395374
2025-03-14T00:00:00.000000Z,4.1826791763305664,4.4836030006408691,4.1759672164916992,4.3727970123291016,204033515
2025-03-15T00:00:00.000000Z,4.3727970123291016,4.4866008758544922,4.3727970123291016,4.472233772277832,99131700
2025-03-16T00:00:00.000000Z,4.472233772277832,4.5053868293762207,4.3345441818237305,4.3718619346618652,141668789
2025-03-17T00:00:00.000000Z,4.3718619346618652,4.4857730865478516,4.3705310821533203,4.4601449966430664,120534216
2025-03-18T00:00:00.000000Z,4.4601449966430664,4.6487588882446289,4.4232068061828613,4.6153230667114258,190790622
2025-03-19T00:00:00.000000Z,4.6153230667114258,4.7862567901611328,4.584226131439209,4.7799229621887207,185680791
2025-03-20T00:00:00.000000Z,4.7799229621887207,4.7959952354431152,4.6293478012084961,4.6790571212768555,89729982
2025-03-21T00:00:00.000000Z,4.6790571212768555,4.7386951446533203,4.5617070198059082,4.6583371162414551,92438008
2025-03-22T00:00:00.000000Z,4.6583371162414551,4.7515778541564941,4.641869068145752,4.7021679878234863,39444462
2025-03-23T00:00:00.000000Z,4.7021679878234863,4.9357137680053711,4.701754093170166,4.9254422187805176,64555583
2025-03-24T00:00:00.000000Z,4.9254422187805176,5.0708780288696289,4.8256969451904297,4.8966240882873535,126210525
2025-03-25T00:00:00.000000Z,4.8966240882873535,4.9900188446044922,4.8115382194519043,4.9555468559265137,139301047
2025-03-26T00:00:00.000000Z,4.9555468559265137,5.1432328224182129,4.9548029899597168,5.0261621475219727,177639647
2025-03-27T00:00:00.000000Z,5.0261621475219727,5.1025729179382324,4.9351382255554199,5.0039072036743164,148626774
2025-03-28T00:00:00.000000Z,5.0039072036743164,5.0301308631896973,4.6727948188781738,4.8155970573425293,119818002
2025-03-29T00:00:00.000000Z,4.8155970573425293,4.8642630577087402,4.567206859588623,4.6270527839660645,125460556
2025-03-30T00:00:00.000000Z,4.6270527839660645,4.705380916595459,4.5489521026611328,4.5866971015930176,64876804
2025-03-31T00:00:00.000000Z,4.5866971015930176,4.592623233795166,4.4064579010009766,4.501640796661377,139311216
2025-04-01T00:00:00.000000Z,4.501640796661377,4.6997652053833008,4.500187873840332,4.6519370079040527,123764880
2025-04-02T00:00:00.000000Z,4.6519370079040527,4.6708388328552246,4.4598708152770996,4.508296012878418,105849329
2025-04-03T00:00:00.000000Z,4.508296012878418,4.5783238410949707,4.4515352249145508,4.50311279296875,133908750
2025-04-04T00:00:00.000000Z,4.50311279296875,4.5746879577636719,4.4598679542541504,4.5283727645874023,87405595
2025-04-05T00:00:00.000000Z,4.5283727645874023,4.5468888282775879,4.4104290008544922,4.4622831344604492,32093076
2025-04-06T00:00:00.000000Z,4.4622831344604492,4.4662141799926758,4.0546669960021973,4.082521915435791,186561259
2025-04-07T00:00:00.000000Z,4.082521915435791,4.1571822166442871,3.7230029106140137,4.1305489540100098,260842049
2025-04-08T00:00:00.000000Z,4.1305489540100098,4.3738141059875488,3.9919219017028809,4.0135679244995117,272329730
2025-04-09T00:00:00.000000Z,4.0135679244995117,4.3269610404968262,3.8793570995330811,4.2849431037902832,323232163
2025-04-10T00:00:00.000000Z,4.2849431037902832,4.3789248466491699,4.1462860107421875,4.1879949569702148,281206011
2025-04-11T00:00:00.000000Z,4.1879949569702148,4.3514838218688965,4.17181396484375,4.3001251220703125,160329725
2025-04-12T00:00:00.000000Z,4.3001251220703125,4.4840588569641113,4.2900972366333008,4.4191131591796875,87257183
2025-04-13T00:00:00.000000Z,4.4191131591796875,4.4380087852478027,4.2498388290405273,4.2665047645568848,90630113
2025-04-14T00:00:00.000000Z,4.2665047645568848,4.3377881050109863,4.2282447814941406,4.3129110336303711,115684367
2025-04-15T00:00:00.000000Z,4.3129110336303711,4.3866329193115234,4.2539739608764648,4.255856990814209,124644392
2025-04-16T00:00:00.000000Z,4.255856990814209,4.3792171478271484,4.1676950454711914,4.3017749786376953,64161762
2025-04-17T00:00:00.000000Z,4.3017749786376953,4.3961658477783203,4.3000340461730957,4.3800568580627441,22265773
2025-04-18T00:00:00.000000Z,4.3800568580627441,4.4193801879882812,4.3427419662475586,4.4078550338745117,88578338
2025-04-19T00:00:00.000000Z,4.4078550338745117,4.5696539878845215,4.3974580764770508,4.5337920188903809,90603899
2025-04-20T00:00:00.000000Z,4.5337920188903809,4.603431224822998,4.3325557708740234,4.419623851776123,148265855
2025-04-21T00:00:00.000000Z,4.419623851776123,4.560636043548584,4.4127259254455566,4.4428520202636719,153199775
2025-04-22T00:00:00.000000Z,4.4428520202636719,4.5915470123291016,4.4130949974060059,4.5828590393066406,143463506
2025-04-23T00:00:00.000000Z,4.5828590393066406,4.683506965637207,4.4617128372192383,4.5141630172729492,116075395
2025-04-24T00:00:00.000000Z,4.5141630172729492,4.5199580192565918,4.3882360458374023,4.4308128356933594,61860216
2025-04-25T00:00:00.000000Z,4.4308128356933594,4.5001459121704102,4.4026250839233398,4.4484567642211914,118899048
2025-04-26T00:00:00.000000Z,4.4484567642211914,4.4789447784423828,4.3697209358215332,4.4269371032714844,46853619
2025-04-27T00:00:00.000000Z,4.4269371032714844,4.4550971984863281,4.3483209609985352,4.3734598159790039,75899013
2025-04-28T00:00:00.000000Z,4.3734598159790039,4.4391531944274902,4.2501220703125,4.4057102203369141,113877837
2025-04-29T00:00:00.000000Z,4.4057102203369141,4.4391889572143555,4.358604907989502,4.3794078826904297,52557841
2025-04-30T00:00:00.000000Z,4.3794078826904297,4.4015312194824219,4.2814850807189941,4.3655500411987305,73821084
2025-05-01T00:00:00.000000Z,4.3655500411987305,4.4093918800354004,4.3439931869506836,4.3819460868835449,82583816
2025-05-02T00:00:00.000000Z,4.3819460868835449,4.481259822845459,4.3776202201843262,4.4359960556030273,68450117
2025-05-03T00:00:00.000000Z,4.4359960556030273,4.4532561302185059,4.3628969192504883,4.3734140396118164,58444692
2025-05-04T00:00:00.000000Z,4.3734140396118164,4.3796200752258301,4.3096909523010254,4.3194842338562012,78289237
2025-05-05T00:00:00.000000Z,4.3194842338562012,4.3362970352172852,4.2815899848937988,4.3025698661804199,50280533
2025-05-06T00:00:00.000000Z,4.3025698661804199,4.3237209320068359,4.2496390342712402,4.3190808296203613,141228607
2025-05-07T00:00:00.000000Z,4.3190808296203613,4.3557929992675781,4.1950721740722656,4.2350678443908691,126231710
2025-05-08T00:00:00.000000Z,4.2350678443908691,4.5082669258117676,4.223480224609375,4.5044441223144531,211688018
2025-05-09T00:00:00.000000Z,4.5044441223144531,4.6018447875976562,4.4112668037414551,4.4529690742492676,186989788
2025-05-10T00:00:00.000000Z,4.4529690742492676,4.9733161926269531,4.4513168334960938,4.9731712341308594,362781709
2025-05-11T00:00:00.000000Z,4.9731712341308594,5.0545392036437988,4.7614021301269531,4.8770060539245605,270253722
2025-05-12T00:00:00.000000Z,4.8770060539245605,4.9818949699401855,4.7018861770629883,4.7916221618652344,261699394
2025-05-13T00:00:00.000000Z,4.7916221618652344,4.8600139617919922,4.6092791557312012,4.837824821472168,272491120
2025-05-14T00:00:00.000000Z,4.837824821472168,4.8694038391113281,4.7059650421142578,4.7550129890441895,149415691
2025-05-15T00:00:00.000000Z,4.7550129890441895,4.9169712066650391,4.623661994934082,4.8919491767883301,230663938
2025-05-16T00:00:00.000000Z,4.8919491767883301,5.0737628936767578,4.8831582069396973,5.0221681594848633,252322112
2025-05-17T00:00:00.000000Z,5.0221681594848633,5.0598697662353516,4.8901901245117188,4.9633908271789551,134030200
2025-05-18T00:00:00.000000Z,4.9633908271789551,5.3058018684387207,4.9556369781494141,5.1612358093261719,91835092
2025-05-19T00:00:00.000000Z,5.1612358093261719,5.2352352142333984,4.9816951751708984,5.2068648338317871,78409610
2025-05-20T00:00:00.000000Z,5.2068648338317871,5.2632918357849121,5.0748281478881836,5.1494760513305664,58392464
2025-05-21T00:00:00.000000Z,5.1494760513305664,5.2748870849609375,5.1241378784179688,5.2517900466918945,79010243
2025-05-22T00:00:00.000000Z,5.2517900466918945,5.3638210296630859,5.1730198860168457,5.2384090423583984,56155671
2025-05-23T00:00:00.000000Z,5.2384090423583984,5.8389458656311035,5.2151689529418945,5.4301319122314453,201761599
2025-05-24T00:00:00.000000Z,5.4301319122314453,5.7025008201599121,5.4301319122314453,5.601895809173584,69239438
2025-05-25T00:00:00.000000Z,5.601895809173584,5.6052532196044922,5.2942280769348145,5.3787879943847656,100470023
2025-05-26T00:00:00.000000Z,5.3787879943847656,5.4718170166015625,5.2782602310180664,5.3187270164489746,33818861
2025-05-27T00:00:00.000000Z,5.3187270164489746,5.4003090858459473,5.2349700927734375,5.3517851829528809,79440058
2025-05-28T00:00:00.000000Z,5.3517851829528809,5.3517851829528809,5.1873741149902344,5.2544951438903809,87393997
2025-05-29T00:00:00.000000Z,5.2544951438903809,5.3711771965026855,5.1435651779174805,5.1447172164916992,121750609
2025-05-30T00:00:00.000000Z,5.1447172164916992,5.1573238372802734,4.7325410842895508,4.7711019515991211,175788670
2025-05-31T00:00:00.000000Z,4.7711019515991211,4.7967991828918457,4.5109119415283203,4.7550320625305176,124521193
2025-06-01T00:00:00.000000Z,4.7550320625305176,4.7948861122131348,4.6461892127990723,4.7916059494018555,55109736
2025-06-02T00:00:00.000000Z,4.7916059494018555,4.7916059494018555,4.6822700500488281,4.7593331336975098,59372500
2025-06-03T00:00:00.000000Z,4.7593331336975098,4.9142298698425293,4.7577619552612305,4.8008580207824707,70114084
2025-06-04T00:00:00.000000Z,4.8008580207824707,4.8657150268554688,4.7623357772827148,4.7674322128295898,47382829
2025-06-05T00:00:00.000000Z,4.7674322128295898,4.7722029685974121,4.5120439529418945,4.5444788932800293,76163961
2025-06-06T00:00:00.000000Z,4.5444788932800293,4.6688218116760254,4.5153460502624512,4.6050410270690918,19070574
2025-06-07T00:00:00.000000Z,4.6050410270690918,4.697941780090332,4.5822367668151855,4.6696438789367676,41100143
2025-06-08T00:00:00.000000Z,4.6696438789367676,4.6826701164245605,4.6264638900756836,4.6501040458679199,47276256
2025-06-09T00:00:00.000000Z,4.6501040458679199,4.784235954284668,4.6334562301635742,4.778892993927002,28281842
2025-06-10T00:00:00.000000Z,4.778892993927002,4.8406448364257812,4.7197198867797852,4.8247098922729492,37996204
2025-06-11T00:00:00.000000Z,4.8247098922729492,4.9019222259521484,4.7406878471374512,4.7691669464111328,27868747
2025-06-12T00:00:00.000000Z,4.7691669464111328,4.7714657783508301,4.5645928382873535,4.5651211738586426,44149121
2025-06-13T00:00:00.000000Z,4.5651211738586426,4.5651211738586426,4.4486641883850098,4.5517110824584961,68220832
2025-06-14T00:00:00.000000Z,4.5517110824584961,4.5627388954162598,4.5022268295288086,4.5260930061340332,35044767
2025-06-15T00:00:00.000000Z,4.5260930061340332,4.5412659645080566,4.4986371994018555,4.5242428779602051,36175023
2025-06-16T00:00:00.000000Z,4.5242428779602051,4.6051220893859863,4.5096611976623535,4.539423942565918,45536429
2025-06-17T00:00:00.000000Z,4.539423942565918,4.5447168350219727,4.3829898834228516,4.4213099479675293,38307307
2025-06-18T00:00:00.000000Z,4.4213099479675293,4.4440689086914062,4.226132869720459,4.302058219909668,43712396
2025-06-19T00:00:00.000000Z,4.302058219909668,4.3322458267211914,4.2403659820556641,4.2883539199829102,33950989
2025-06-20T00:00:00.000000Z,4.2883539199829102,4.3716931343078613,4.2327141761779785,4.2475252151489258,57434822
2025-06-21T00:00:00.000000Z,4.2475252151489258,4.3147058486938477,4.1766138076782227,4.1885781288146973,53132174
2025-06-22T00:00:00.000000Z,4.1885781288146973,4.2368388175964355,3.9143249988555908,4.0359668731689453,116521917
2025-06-23T00:00:00.000000Z,4.0359668731689453,4.2087769508361816,4.0189352035522461,4.2084598541259766,79691097
2025-06-24T00:00:00.000000Z,4.2084598541259766,4.3068761825561523,4.1720948219299316,4.3068761825561523,49978533
2025-06-25T00:00:00.000000Z,4.3068761825561523,4.4662380218505859,4.3013367652893066,4.4035739898681641,95237146
2025-06-26T00:00:00.000000Z,4.4035739898681641,4.6616277694702148,4.4035739898681641,4.6551728248596191,95333103
2025-06-27T00:00:00.000000Z,4.6551728248596191,4.7228150367736816,4.5949811935424805,4.6484899520874023,93234930
2025-06-28T00:00:00.000000Z,4.6484899520874023,4.7166461944580078,4.627443790435791,4.6393141746520996,53454086
2025-06-29T00:00:00.000000Z,4.6393141746520996,4.6503410339355469,4.5881199836730957,4.6269221305847168,18176013
2025-06-30T00:00:00.000000Z,4.6269221305847168,4.6381611824035645,4.497870922088623,4.5399441719055176,43615330
2025-07-01T00:00:00.000000Z,4.5399441719055176,4.5513811111450195,4.4611659049987793,4.4617171287536621,57921548
2025-07-02T00:00:00.000000Z,4.4617171287536621,4.6354351043701172,4.4406108856201172,4.5707168579101562,88241482
2025-07-03T00:00:00.000000Z,4.5707168579101562,4.6265158653259277,4.5525679588317871,4.5703468322753906,92680362
2025-07-04T00:00:00.000000Z,4.5703468322753906,4.5744462013244629,4.3806138038635254,4.4241881370544434,88398447
2025-07-05T00:00:00.000000Z,4.4241881370544434,4.445396900177002,4.3709440231323242,4.3927240371704102,18424331
2025-07-06T00:00:00.000000Z,4.3927240371704102,4.4928750991821289,4.3778538703918457,4.4688720703125,36459492
2025-07-07T00:00:00.000000Z,4.4688720703125,4.4688720703125,4.2776980400085449,4.303192138671875,78776310
2025-07-08T00:00:00.000000Z,4.303192138671875,4.3386640548706055,4.243441104888916,4.3385939598083496,71787734
2025-07-09T00:00:00.000000Z,4.3385939598083496,4.4225969314575195,4.2959580421447754,4.411801815032959,114392410
2025-07-10T00:00:00.000000Z,4.411801815032959,4.6075711250305176,4.3823299407958984,4.6075711250305176,190920644
2025-07-11T00:00:00.000000Z,4.6075711250305176,4.6204991340637207,4.4770679473876953,4.5151681900024414,246744569
2025-07-12T00:00:00.000000Z,4.5151681900024414,4.5169892311096191,4.3314671516418457,4.368861198425293,92544149
2025-07-13T00:00:00.000000Z,4.368861198425293,4.4110307693481445,4.3262348175048828,4.3942718505859375,115793633
2025-07-14T00:00:00.000000Z,4.3942718505859375,4.528350830078125,4.3864078521728516,4.4604058265686035,215273487
2025-07-15T00:00:00.000000Z,4.4604058265686035,4.5592250823974609,4.3237810134887695,4.5579628944396973,335588045
2025-07-16T00:00:00.000000Z,4.5579628944396973,4.7933130264282227,4.5025501251220703,4.7619280815124512,265799438
2025-07-17T00:00:00.000000Z,4.7619280815124512,4.810305118560791,4.6008939743041992,4.7790660858154297,303114043
2025-07-18T00:00:00.000000Z,4.7790660858154297,5.1324000358581543,4.7629389762878418,4.8881001472473145,548057403
2025-07-19T00:00:00.000000Z,4.8881001472473145,5.0773887634277344,4.8371210098266602,4.9462528228759766,255278633
2025-07-20T00:00:00.000000Z,4.9462528228759766,5.0940618515014648,4.9084701538085938,4.9556021690368652,222936641
2025-07-21T00:00:00.000000Z,4.9556021690368652,5.0276761054992676,4.8632698059082031,4.9415369033813477,226998331
2025-07-22T00:00:00.000000Z,4.9415369033813477,4.9497199058532715,4.7429461479187012,4.866239070892334,208335265
2025-07-23T00:00:00.000000Z,4.866239070892334,4.8948030471801758,4.6181159019470215,4.6959228515625,199302656
2025-07-24T00:00:00.000000Z,4.6959228515625,4.7447361946105957,4.4748702049255371,4.6232190132141113,198028908
2025-07-25T00:00:00.000000Z,4.6232190132141113,4.6236982345581055,4.4193549156188965,4.5607738494873047,206597808
2025-07-26T00:00:00.000000Z,4.5607738494873047,4.5870471000671387,4.5353059768676758,4.5576992034912109,78916381
2025-07-27T00:00:00.000000Z,4.5576992034912109,4.6745800971984863,4.552645206451416,4.6667218208312988,119309922
2025-07-28T00:00:00.000000Z,4.6667218208312988,4.7383599281311035,4.5969710350036621,4.6129841804504395,237940243
2025-07-29T00:00:00.000000Z,4.6129841804504395,4.6652531623840332,4.4665050506591797,4.5359058380126953,144786349
2025-07-30T00:00:00.000000Z,4.5359058380126953,4.5663027763366699,4.4639468193054199,4.5223588943481445,117106102
2025-07-31T00:00:00.000000Z,4.5223588943481445,4.5624499320983887,4.3875479698181152,4.3893628120422363,107388034
2025-08-01T00:00:00.000000Z,4.3893628120422363,4.429959774017334,4.257349967956543,4.2850208282470703,189954189
2025-08-02T00:00:00.000000Z,4.2850208282470703,4.3360538482666016,4.2275838851928711,4.242006778717041,86455279
2025-08-03T00:00:00.000000Z,4.242006778717041,4.3411498069763184,4.2419371604919434,4.3297820091247559,61301823
2025-08-04T00:00:00.000000Z,4.3297820091247559,4.3971600532531738,4.3061771392822266,4.3860421180725098,61614861
2025-08-05T00:00:00.000000Z,4.3860421180725098,4.3996901512145996,4.2689599990844727,4.2789192199707031,57166243
2025-08-06T00:00:00.000000Z,4.2789192199707031,4.3753199577331543,4.1978812217712402,4.3697071075439453,93892315
2025-08-07T00:00:00.000000Z,4.3697071075439453,4.5134668350219727,4.3484587669372559,4.5044760704040527,83406326
2025-08-08T00:00:00.000000Z,4.5044760704040527,4.541107177734375,4.4441361427307129,4.4958281517028809,111668924
2025-08-09T00:00:00.000000Z,4.4958281517028809,4.5797100067138672,4.4744119644165039,4.5259418487548828,94362460
2025-08-10T00:00:00.000000Z,4.5259418487548828,4.5369210243225098,4.4028592109680176,4.4528050422668457,78039702
2025-08-11T00:00:00.000000Z,4.4528050422668457,4.5039248466491699,4.3606729507446289,4.3962922096252441,117671162
2025-08-12T00:00:00.000000Z,4.3962922096252441,4.4679269790649414,4.3629961013793945,4.4676179885864258,86601036
2025-08-13T00:00:00.000000Z,4.4676179885864258,5.0345349311828613,4.4293580055236816,4.8647589683532715,529036143
2025-08-14T00:00:00.000000Z,4.8647589683532715,4.8922510147094727,4.52801513671875,4.5893259048461914,311688227
2025-08-15T00:00:00.000000Z,4.5893259048461914,4.7142958641052246,4.5241518020629883,4.6152610778808594,217983143
2025-08-16T00:00:00.000000Z,4.6152610778808594,4.6511530876159668,4.5519618988037109,4.6317877769470215,90761848
2025-08-17T00:00:00.000000Z,4.6317877769470215,4.7360520362854004,4.6122651100158691,4.6711211204528809,69538350
2025-08-18T00:00:00.000000Z,4.6711211204528809,4.6711211204528809,4.4440631866455078,4.5388450622558594,168776520
2025-08-19T00:00:00.000000Z,4.5388450622558594,4.5570158958435059,4.4003310203552246,4.4044508934020996,136014109
2025-08-20T00:00:00.000000Z,4.4044508934020996,4.6101150512695312,4.4044308662414551,4.6039900779724121,191943213
2025-08-21T00:00:00.000000Z,4.6039900779724121,4.7477607727050781,4.5568251609802246,4.6485939025878906,366611055
2025-08-22T00:00:00.000000Z,4.6485939025878906,4.8233561515808105,4.5826821327209473,4.7937641143798828,419581684
2025-08-23T00:00:00.000000Z,4.7937641143798828,4.8235459327697754,4.6830101013183594,4.719998836517334,142354664
2025-08-24T00:00:00.000000Z,4.719998836517334,4.7540359497070312,4.6400818824768066,4.6801362037658691,161620064
2025-08-25T00:00:00.000000Z,4.6801362037658691,4.6824932098388672,4.4749050140380859,4.485846996307373,208446660
2025-08-26T00:00:00.000000Z,4.485846996307373,4.6845932006835938,4.458399772644043,4.660761833190918,145969301
2025-08-27T00:00:00.000000Z,4.660761833190918,4.7046380043029785,4.6009478569030762,4.6124410629272461,148073650
2025-08-28T00:00:00.000000Z,4.6124410629272461,4.6576519012451172,4.5736660957336426,4.6025190353393555,104710899
2025-08-29T00:00:00.000000Z,4.6025190353393555,4.6365199089050293,4.5084919929504395,4.5361828804016113,86761194
2025-08-30T00:00:00.000000Z,4.5361828804016113,4.5636420249938965,4.510828971862793,4.549889087677002,52102248
2025-08-31T00:00:00.000000Z,4.549889087677002,4.5823020935058594,4.5317678451538086,4.5334868431091309,65352634
2025-09-01T00:00:00.000000Z,4.5334868431091309,4.6966791152954102,4.4977822303771973,4.6525821685791016,136072639
2025-09-02T00:00:00.000000Z,4.6525821685791016,5.4446358680725098,4.6500468254089355,5.1398048400878906,666844023
2025-09-03T00:00:00.000000Z,5.1398048400878906,5.2544608116149902,4.7202410697937012,4.9852390289306641,342488126
2025-09-04T00:00:00.000000Z,4.9852390289306641,5.0395431518554688,4.7978930473327637,4.8051252365112305,216389657
2025-09-05T00:00:00.000000Z,4.8051252365112305,4.9189629554748535,4.7403378486633301,4.7936668395996094,206878662
2025-09-06T00:00:00.000000Z,4.7936668395996094,4.8568301200866699,4.7454638481140137,4.7948060035705566,109917795
2025-09-07T00:00:00.000000Z,4.7948060035705566,4.8750491142272949,4.7913141250610352,4.8403449058532715,128030577
2025-09-08T00:00:00.000000Z,4.8403449058532715,4.8836798667907715,4.8225440979003906,4.8591837882995605,181994506
2025-09-09T00:00:00.000000Z,4.8591837882995605,4.9297370910644531,4.7884578704833984,4.8707480430603027,313475627
2025-09-10T00:00:00.000000Z,4.8707480430603027,4.9805350303649902,4.8481259346008301,4.9307999610900879,340988210
2025-09-11T00:00:00.000000Z,4.9307999610900879,4.9916200637817383,4.8638238906860352,4.9251108169555664,182481792
2025-09-12T00:00:00.000000Z,4.9251108169555664,4.9621319770812988,4.8871450424194336,4.9433460235595703,179443826
2025-09-13T00:00:00.000000Z,4.9433460235595703,5.0891990661621094,4.9366211891174316,5.0406050682067871,246513565
2025-09-14T00:00:00.000000Z,5.0406050682067871,5.0501651763916016,4.8890929222106934,4.9388251304626465,216348336
2025-09-15T00:00:00.000000Z,4.9388251304626465,4.9625349044799805,4.8754339218139648,4.9623031616210938,299153325
2025-09-16T00:00:00.000000Z,4.9623031616210938,5.0288667678833008,4.9318380355834961,5.0092501640319824,235628363
2025-09-17T00:00:00.000000Z,5.0092501640319824,5.0405378341674805,4.9283781051635742,5.0264577865600586,281582929
2025-09-18T00:00:00.000000Z,5.0264577865600586,5.3152518272399902,5.0211620330810547,5.2230510711669922,386898122
2025-09-19T00:00:00.000000Z,5.2230510711669922,5.3637208938598633,5.083806037902832,5.1152548789978027,335202403
2025-09-20T00:00:00.000000Z,5.1152548789978027,5.3339838981628418,5.1152467727661133,5.2974209785461426,205120157
2025-09-21T00:00:00.000000Z,5.2974209785461426,5.3954892158508301,5.2143697738647461,5.233942985534668,255186090
2025-09-22T00:00:00.000000Z,5.233942985534668,5.2388420104980469,4.9679780006408691,5.1685910224914551,530699883
2025-09-23T00:00:00.000000Z,5.1685910224914551,5.2782330513000488,5.0979480743408203,5.2545409202575684,279294805
2025-09-24T00:00:00.000000Z,5.2545409202575684,5.3910059928894043,5.1672348976135254,5.3069257736206055,381657089
2025-09-25T00:00:00.000000Z,5.3069257736206055,5.3490471839904785,5.1296801567077637,5.1395220756530762,672350153
2025-09-26T00:00:00.000000Z,5.1395220756530762,5.2202749252319336,5.1059141159057617,5.211604118347168,415962250
2025-09-27T00:00:00.000000Z,5.211604118347168,5.2369108200073242,5.148015022277832,5.1862602233886719,140138539
2025-09-28T00:00:00.000000Z,5.1862602233886719,5.1991291046142578,5.1036181449890137,5.1877140998840332,113268290
2025-09-29T00:00:00.000000Z,5.1877140998840332,5.3228359222412109,5.1732578277587891,5.3023109436035156,289619442
2025-09-30T00:00:00.000000Z,5.3023109436035156,5.3023109436035156,5.1718630790710449,5.2190189361572266,340536802
2025-10-01T00:00:00.000000Z,5.2190189361572266,5.300929069519043,5.2150068283081055,5.294093132019043,157753176
2025-10-02T00:00:00.000000Z,5.294093132019043,5.3317108154296875,5.2430238723754883,5.3012747764587402,180690546
2025-10-03T00:00:00.000000Z,5.3012747764587402,5.3212890625,5.2244791984558105,5.3129639625549316,217809588
2025-10-04T00:00:00.000000Z,5.3129639625549316,5.5825910568237305,5.2813539505004883,5.5105628967285156,283164997
2025-10-05T00:00:00.000000Z,5.5105628967285156,5.6442818641662598,5.4363188743591309,5.5931859016418457,316542968
2025-10-06T00:00:00.000000Z,5.5931859016418457,5.6763739585876465,5.5353541374206543,5.592897891998291,369974473
2025-10-07T00:00:00.000000Z,5.592897891998291,5.7524929046630859,5.4261050224304199,5.4623599052429199,609893944
2025-10-08T00:00:00.000000Z,5.4623599052429199,5.7484631538391113,5.4502859115600586,5.6871509552001953,573542743
2025-10-09T00:00:00.000000Z,5.6871509552001953,5.781364917755127,5.6202669143676758,5.6995401382446289,448187453
2025-10-10T00:00:00.000000Z,5.6995401382446289,5.7185139656066895,4.3485069274902344,4.9611949920654297,720155734
2025-10-11T00:00:00.000000Z,4.9611949920654297,5.0133352279663086,4.5770158767700195,4.7179279327392578,704352767
2025-10-12T00:00:00.000000Z,4.7179279327392578,5.0005178451538086,4.573814868927002,4.9742398262023926,392134818
2025-10-13T00:00:00.000000Z,4.9742398262023926,5.0973129272460938,4.7326397895812988,4.9614691734313965,481142626
2025-10-14T00:00:00.000000Z,4.9614691734313965,4.9750041961669922,4.6563448905944824,4.8553061485290527,487159246
2025-10-15T00:00:00.000000Z,4.8553061485290527,4.9015941619873047,4.7338399887084961,4.73931884765625,248715338
2025-10-16T00:00:00.000000Z,4.73931884765625,4.8431501388549805,4.6505131721496582,4.6798977851867676,220704951
2025-10-17T00:00:00.000000Z,4.6798977851867676,4.7107968330383301,4.4287800788879395,4.5763487815856934,215011123
2025-10-18T00:00:00.000000Z,4.5763487815856934,4.6911392211914062,4.5763387680053711,4.6638932228088379,17903576
2025-10-19T00:00:00.000000Z,4.6638932228088379,4.7356371879577637,4.5955281257629395,4.694612979888916,79052782
2025-10-20T00:00:00.000000Z,4.694612979888916,4.7411952018737793,4.6299138069152832,4.667792797088623,68395020
2025-10-21T00:00:00.000000Z,4.667792797088623,4.7183070182800293,4.5322589874267578,4.6003570556640625,74924357
2025-10-22T00:00:00.000000Z,4.6003570556640625,4.608241081237793,4.5221657752990723,4.5241308212280273,69471765
2025-10-23T00:00:00.000000Z,4.5241308212280273,4.6584019660949707,4.515204906463623,4.6493477821350098,81806390
2025-10-24T00:00:00.000000Z,4.6493477821350098,4.7031550407409668,4.6333751678466797,4.6840090751647949,86150578
2025-10-25T00:00:00.000000Z,4.6840090751647949,4.7030401229858398,4.6567649841308594,4.6813321113586426,60433596
2025-10-26T00:00:00.000000Z,4.6813321113586426,4.8283429145812988,4.6798381805419922,4.8135509490966797,75046455
2025-10-27T00:00:00.000000Z,4.8135509490966797,4.8737120628356934,4.7776050567626953,4.8032279014587402,90173850
2025-10-28T00:00:00.000000Z,4.8032279014587402,4.8069767951965332,4.6670808792114258,4.698516845703125,82674113
2025-10-29T00:00:00.000000Z,4.698516845703125,4.7157840728759766,4.619013786315918,4.642308235168457,79896572
2025-10-30T00:00:00.000000Z,4.642308235168457,4.6621379852294922,4.4253478050231934,4.5177640914916992,66598903
2025-10-31T00:00:00.000000Z,4.5177640914916992,4.5507087707519531,4.4674749374389648,4.5145559310913086,56353410
2025-11-01T00:00:00.000000Z,4.5145559310913086,4.5516009330749512,4.5004467964172363,4.537470817565918,45392912
2025-11-02T00:00:00.000000Z,4.537470817565918,4.5550761222839355,4.4720602035522461,4.5240511894226074,51647998
2025-11-03T00:00:00.000000Z,4.5240511894226074,4.5240511894226074,3.3664009571075439,3.7692420482635498,124503929
2025-11-04T00:00:00.000000Z,3.7692420482635498,4.1829628944396973,3.6955599784851074,4.0894999504089355,102974232
2025-11-05T00:00:00.000000Z,4.0894999504089355,4.2606339454650879,4.0127902030944824,4.1486282348632812,56757997
2025-11-06T00:00:00.000000Z,4.1486282348632812,4.1617288589477539,4.0100641250610352,4.027562141418457,53681919
2025-11-07T00:00:00.000000Z,4.027562141418457,4.1129927635192871,3.8895609378814697,4.1059322357177734,74675422
2025-11-08T00:00:00.000000Z,4.1059322357177734,4.1059350967407227,3.8216500282287598,3.8216500282287598,64203328
2025-11-09T00:00:00.000000Z,3.8216500282287598,4.1094851493835449,3.8216500282287598,4.0867948532104492,66348930
2025-11-10T00:00:00.000000Z,4.0867948532104492,4.1493091583251953,4.0600309371948242,4.0916399955749512,69748196
2025-11-11T00:00:00.000000Z,4.0916399955749512,4.1855149269104004,4.0801949501037598,4.0919508934020996,69468932
2025-11-12T00:00:00.000000Z,4.0919508934020996,4.1586198806762695,4.0486869812011719,4.0563101768493652,67608701
2025-11-13T00:00:00.000000Z,4.0563101768493652,4.1378111839294434,3.9714128971099854,3.9981029033660889,79708117
2025-11-14T00:00:00.000000Z,3.9981029033660889,3.9981029033660889,3.7864511013031006,3.8284130096435547,87259674
2025-11-15T00:00:00.000000Z,3.8284130096435547,3.918118953704834,3.8283131122589111,3.9159989356994629,65178958
2025-11-16T00:00:00.000000Z,3.9159989356994629,3.9169518947601318,3.7562398910522461,3.7744190692901611,71021341
2025-11-17T00:00:00.000000Z,3.7744190692901611,3.8576769828796387,3.7070190906524658,3.729727029800415,78010917
2025-11-18T00:00:00.000000Z,3.729727029800415,3.735806941986084,3.6649100780487061,3.7041831016540527,78288033
2025-11-19T00:00:00.000000Z,3.7041831016540527,3.7042300701141357,3.5742270946502686,3.5951309204101562,74332607
2025-11-20T00:00:00.000000Z,3.5951309204101562,3.6539289951324463,3.5159718990325928,3.5177569389343262,72633338
2025-11-21T00:00:00.000000Z,3.5177569389343262,3.5218420028686523,3.3317229747772217,3.3949790000915527,87780257
2025-11-22T00:00:00.000000Z,3.3949790000915527,3.5689129829406738,3.3949790000915527,3.5309700965881348,64179842
2025-11-23T00:00:00.000000Z,3.5309700965881348,3.5704290866851807,3.5014870166778564,3.560589075088501,57528488
2025-11-24T00:00:00.000000Z,3.560589075088501,3.576056957244873,3.4763491153717041,3.5670239925384521,50906785
2025-11-25T00:00:00.000000Z,3.5670239925384521,3.6292140483856201,3.5233340263366699,3.5664870738983154,53130610
2025-11-26T00:00:00.000000Z,3.5664870738983154,3.6449480056762695,3.565558910369873,3.6418499946594238,49865428
2025-11-27T00:00:00.000000Z,3.6418499946594238,3.6867449283599854,3.6190938949584961,3.6267259120941162,52489203
2025-11-28T00:00:00.000000Z,3.6267259120941162,3.6508419513702393,3.6118710041046143,3.6205930709838867,50187286
2025-11-29T00:00:00.000000Z,3.6205930709838867,3.6425299644470215,3.6099960803985596,3.6181240081787109,46043950
2025-11-30T00:00:00.000000Z,3.6181240081787109,3.625917911529541,3.5869889259338379,3.5909209251403809,51529455
2025-12-01T00:00:00.000000Z,3.5909209251403809,3.5924170017242432,3.4168260097503662,3.4553120136260986,58637124
2025-12-02T00:00:00.000000Z,3.4553120136260986,3.5978100299835205,3.4480099678039551,3.5873029232025146,61957791
2025-12-03T00:00:00.000000Z,3.5873029232025146,3.6755781173706055,3.5781040191650391,3.5945320129394531,65003222
2025-12-04T00:00:00.000000Z,3.5945320129394531,3.6098771095275879,3.5109460353851318,3.5212740898132324,58581924
2025-12-05T00:00:00.000000Z,3.5212740898132324,3.5562310218811035,3.3628029823303223,3.4782099723815918,67407054
2025-12-06T00:00:00.000000Z,3.4782099723815918,3.5393829345703125,3.4678819179534912,3.5213949680328369,52281433
2025-12-07T00:00:00.000000Z,3.5213949680328369,3.5759410858154297,3.5144848823547363,3.5634329319000244,62413224
2025-12-08T00:00:00.000000Z,3.5634329319000244,3.5941898822784424,3.5372130870819092,3.557136058807373,57241042
2025-12-09T00:00:00.000000Z,3.557136058807373,3.6520380973815918,3.5394721031188965,3.6296279430389404,106623963
2025-12-10T00:00:00.000000Z,3.6296279430389404,3.6296279430389404,3.5812540054321289,3.6018509864807129,95176003
2025-12-11T00:00:00.000000Z,3.6018509864807129,3.6489601135253906,3.5690670013427734,3.6425468921661377,54168989
2025-12-12T00:00:00.000000Z,3.6425468921661377,3.6425468921661377,3.58486008644104,3.5963170528411865,58174159
2025-12-13T00:00:00.000000Z,3.5963170528411865,3.613847017288208,3.5935180187225342,3.6093449592590332,67923894
2025-12-14T00:00:00.000000Z,3.6093449592590332,3.6132938861846924,3.5464169979095459,3.5491349697113037,44962668
2025-12-15T00:00:00.000000Z,3.5491349697113037,3.5926940441131592,3.4756400585174561,3.4917750358581543,64686173
2025-12-16T00:00:00.000000Z,3.4917750358581543,3.5531249046325684,3.4617660045623779,3.5409929752349854,114254716
2025-12-17T00:00:00.000000Z,3.5409929752349854,3.5409929752349854,3.4407129287719727,3.479996919631958,59528752
2025-12-18T00:00:00.000000Z,3.479996919631958,3.4824368953704834,3.424138069152832,3.4344010353088379,89303489
2025-12-19T00:00:00.000000Z,3.4344010353088379,3.4897069931030273,3.4268910884857178,3.4793291091918945,62931552
2025-12-20T00:00:00.000000Z,3.4793291091918945,3.4803500175476074,3.4463210105895996,3.4557349681854248,51606399
2025-12-21T00:00:00.000000Z,3.4557349681854248,3.4948599338531494,3.4417788982391357,3.4911649227142334,41380474
2025-12-22T00:00:00.000000Z,3.4911649227142334,3.5205440521240234,3.4751749038696289,3.5014779567718506,63830365
2025-12-23T00:00:00.000000Z,3.5014779567718506,3.5091080665588379,3.4384620189666748,3.4611179828643799,127708854
2025-12-24T00:00:00.000000Z,3.4611179828643799,3.4927749633789062,3.4299709796905518,3.4465088844299316,96213345
2025-12-25T00:00:00.000000Z,3.4465088844299316,3.4748630523681641,3.4409060478210449,3.4494760036468506,53977569
2025-12-26T00:00:00.000000Z,3.4494760036468506,3.4694280624389648,3.4279069900512695,3.4411129951477051,102671256
2025-12-27T00:00:00.000000Z,3.4411129951477051,3.4613840579986572,3.4300270080566406,3.4565811157226562,53928465
2025-12-28T00:00:00.000000Z,3.4565811157226562,3.4851861000061035,3.4394290447235107,3.474916934967041,98960919
2025-12-29T00:00:00.000000Z,3.474916934967041,3.5122089385986328,3.4612720012664795,3.4709639549255371,80547441
2025-12-30T00:00:00.000000Z,3.4709639549255371,3.5062820911407471,3.4647231101989746,3.4886500835418701,78093808
2025-12-31T00:00:00.000000Z,3.4886500835418701,3.5014529228210449,3.4761369228363037,3.4807670116424561,56815709
2026-01-01T00:00:00.000000Z,3.4807670116424561,3.5024950504302979,3.4800519943237305,3.4997189044952393,19236821
2026-01-02T00:00:00.000000Z,3.4997189044952393,3.517096996307373,3.4762771129608154,3.517096996307373,41763817
2026-01-03T00:00:00.000000Z,3.517096996307373,3.5621829032897949,3.517096996307373,3.5396649837493896,31021272
2026-01-04T00:00:00.000000Z,3.5396649837493896,3.5741760730743408,3.5263690948486328,3.5672640800476074,43094653
2026-01-05T00:00:00.000000Z,3.5672640800476074,3.6184899806976318,3.5490360260009766,3.6168758869171143,64987152
2026-01-06T00:00:00.000000Z,3.6168758869171143,3.6179308891296387,3.5457839965820312,3.5747089385986328,91390189
2026-01-07T00:00:00.000000Z,3.5747089385986328,3.5779221057891846,3.5147678852081299,3.5450301170349121,34101870
2026-01-08T00:00:00.000000Z,3.5450301170349121,3.5567870140075684,3.4937779903411865,3.5096139907836914,40746053
2026-01-09T00:00:00.000000Z,3.5096139907836914,3.5384290218353271,3.5030190944671631,3.5184381008148193,43463650
2026-01-10T00:00:00.000000Z,3.5184381008148193,3.525130033493042,3.4914579391479492,3.5004880428314209,23391425
2026-01-11T00:00:00.000000Z,3.5004880428314209,3.5223770141601562,3.4968938827514648,3.5093278884887695,43606164
2026-01-12T00:00:00.000000Z,3.5093278884887695,3.5446579456329346,3.4973978996276855,3.5339128971099854,84359948
2026-01-13T00:00:00.000000Z,3.5339128971099854,3.6759500503540039,3.5290799140930176,3.6759500503540039,107797584
2026-01-14T00:00:00.000000Z,3.675955057144165,3.7759180068969727,3.6336600780487061,3.767949104309082,56913198
2026-01-15T00:00:00.000000Z,3.767949104309082,3.7687809467315674,3.6923179626464844,3.7044761180877686,34022787
2026-01-16T00:00:00.000000Z,3.7044761180877686,3.8033480644226074,3.7036540508270264,3.766840934753418,34332801
2026-01-17T00:00:00.000000Z,3.766840934753418,3.7999680042266846,3.7162559032440186,3.7745640277862549,27046535
2026-01-18T00:00:00.000000Z,3.7745640277862549,3.8064661026000977,3.7566509246826172,3.7792489528656006,30521389
2026-01-19T00:00:00.000000Z,3.7792489528656006,3.7792689800262451,3.6845149993896484,3.7531900405883789,45338612
2026-01-20T00:00:00.000000Z,3.7531900405883789,3.7552459239959717,3.6255159378051758,3.6338050365447998,68255642
2026-01-21T00:00:00.000000Z,3.6338050365447998,3.680974006652832,3.6053380966186523,3.6320691108703613,58743279
2026-01-22T00:00:00.000000Z,3.6320691108703613,3.6759419441223145,3.6318008899688721,3.6531479358673096,120809116
2026-01-23T00:00:00.000000Z,3.6531479358673096,3.6629440784454346,3.6201679706573486,3.6408450603485107,37060763
2026-01-24T00:00:00.000000Z,3.6408450603485107,3.6535189151763916,3.623370885848999,3.6394660472869873,52624221
2026-01-25T00:00:00.000000Z,3.6394660472869873,3.6482779979705811,3.5646669864654541,3.5692451000213623,27770888
2026-01-26T00:00:00.000000Z,3.5692451000213623,3.608849048614502,3.5578238964080811,3.608849048614502,27517626
2026-01-27T00:00:00.000000Z,3.608849048614502,3.6092159748077393,3.5645830631256104,3.5854220390319824,27161191
2026-01-28T00:00:00.000000Z,3.5854220390319824,3.5948729515075684,3.5748450756072998,3.5786149501800537,21598573
2026-01-29T00:00:00.000000Z,3.5786149501800537,3.5829200744628906,3.4565670490264893,3.4718420505523682,26130960
2026-01-30T00:00:00.000000Z,3.4718420505523682,3.4723989963531494,3.3924179077148438,3.4305949211120605,25755463
2026-01-31T00:00:00.000000Z,3.4305949211120605,3.4361701011657715,3.1632199287414551,3.211090087890625,40502498
2026-02-01T00:00:00.000000Z,3.2110960483551025,3.2326281070709229,3.0195310115814209,3.0467419624328613,40843935
2026-02-02T00:00:00.000000Z,3.2110960483551025,3.2326281070709229,3.0195310115814209,3.0467419624328613,40843935
2026-02-03T00:00:00.000000Z,3.0912649631500244,3.0983328819274902,2.9938180446624756,3.0208039283752441,27289463
2026-02-04T00:00:00.000000Z,3.0208039283752441,3.0343480110168457,2.9660739898681641,2.9817380905151367,22649926
2026-02-05T00:00:00.000000Z,2.9817380905151367,2.9827001094818115,2.6577260494232178,2.6577260494232178,47996160
2026-02-06T00:00:00.000000Z,2.6577260494232178,2.7239139080047607,2.5422840118408203,2.7118880748748779,36972547
2026-02-07T00:00:00.000000Z,2.7118880748748779,2.760261058807373,2.5475161075592041,2.5815050601959229,34624123
2026-02-08T00:00:00.000000Z,2.5815050601959229,2.642833948135376,2.5802240371704102,2.6123409271240234,19645694
2026-02-09T00:00:00.000000Z,2.6123409271240234,2.6143350601196289,2.5190489292144775,2.5723779201507568,20158591
2026-02-10T00:00:00.000000Z,2.5723779201507568,2.5777719020843506,2.4021480083465576,2.406851053237915,24038277
2026-02-11T00:00:00.000000Z,2.406851053237915,2.417834997177124,2.2832810878753662,2.338454008102417,32202695
2026-02-12T00:00:00.000000Z,2.338454008102417,2.3936960697174072,2.3313999176025391,2.3601830005645752,20615370
2026-02-13T00:00:00.000000Z,2.3601830005645752,2.4006369113922119,2.3340680599212646,2.3771700859069824,20177035
2026-02-14T00:00:00.000000Z,2.3771700859069824,2.4419500827789307,2.3719170093536377,2.4379749298095703,22379608
2026-02-15T00:00:00.000000Z,2.4379749298095703,2.4459669589996338,2.3515028953552246,2.3676929473876953,19711627
2026-02-16T00:00:00.000000Z,2.3676929473876953,2.3940470218658447,2.3650600910186768,2.386275053024292,16395049
2026-02-17T00:00:00.000000Z,2.386275053024292,2.3898389339447021,2.356781005859375,2.3610858917236328,15555667
2026-02-18T00:00:00.000000Z,2.3610858917236328,2.3733479976654053,2.3158109188079834,2.3268210887908936,16627960
2026-02-19T00:00:00.000000Z,2.3268210887908936,2.3330390453338623,2.3063359260559082,2.3199160099029541,16772143
2026-02-20T00:00:00.000000Z,2.3199160099029541,2.3611900806427002,2.3191831111907959,2.3353190422058105,22379284
2026-02-21T00:00:00.000000Z,2.335319995880127,2.3415570259094238,2.3191790580749512,2.3303539752960205,17144080
2026-02-22T00:00:00.000000Z,2.3303539752960205,2.333198070526123,2.2812368869781494,2.2841639518737793,18547314
2026-02-23T00:00:00.000000Z,2.2841639518737793,2.2851901054382324,2.2213540077209473,2.2383179664611816,21058482
2026-02-24T00:00:00.000000Z,2.2383179664611816,2.2445681095123291,2.1809530258178711,2.1965739727020264,19740520
2026-02-25T00:00:00.000000Z,2.1965739727020264,2.2767040729522705,2.1940710544586182,2.2582550048828125,21285344
2026-02-26T00:00:00.000000Z,2.2582550048828125,2.2613449096679688,2.2121429443359375,2.2192850112915039,17443601
2026-02-27T00:00:00.000000Z,2.2192850112915039,2.2414040565490723,2.1654911041259766,2.17159104347229,12304129
2026-02-28T00:00:00.000000Z,2.17159104347229,2.1852700710296631,2.1292049884796143,2.1632080078125,20462730
2026-03-01T00:00:00.000000Z,2.1632080078125,2.1697208881378174,2.1401779651641846,2.1444900035858154,19648053
2026-03-02T00:00:00.000000Z,2.1444900035858154,2.1707580089569092,2.1083970069885254,2.1465919017791748,24244476
2026-03-03T00:00:00.000000Z,2.1465919017791748,2.1491580009460449,2.1130409240722656,2.1134688854217529,20372331
2026-03-04T00:00:00.000000Z,2.1134688854217529,2.1959800720214844,2.1069018840789795,2.1821820735931396,18378128
2026-03-05T00:00:00.000000Z,2.1821820735931396,2.2461099624633789,2.154292106628418,2.2104120254516602,22690295
2026-03-06T00:00:00.000000Z,2.2104120254516602,2.2123360633850098,2.1534049510955811,2.1595959663391113,22239760
2026-03-07T00:00:00.000000Z,2.1595959663391113,2.1746389865875244,2.1558680534362793,2.165369987487793,16513382
2026-03-08T00:00:00.000000Z,2.165369987487793,2.1759929656982422,2.154897928237915,2.1570549011230469,8443603
2026-03-09T00:00:00.000000Z,2.1570549011230469,2.1823949813842773,2.1491210460662842,2.169888973236084,44096942
2026-03-10T00:00:00.000000Z,2.169888973236084,2.1925599575042725,2.1601459980010986,2.1722140312194824,47679449
2026-03-11T00:00:00.000000Z,2.1722140312194824,2.1924400329589844,2.1616580486297607,2.1682209968566895,91448546
2026-03-12T00:00:00.000000Z,2.1682209968566895,2.1787760257720947,2.1470799446105957,2.1556460857391357,9149833
2026-03-13T00:00:00.000000Z,2.1556460857391357,2.1857709884643555,2.1548008918762207,2.1563889980316162,11412166
2026-03-14T00:00:00.000000Z,2.1563889980316162,2.1679399013519287,2.1550719738006592,2.1679399013519287,10796901
2026-03-15T00:00:00.000000Z,2.1679399013519287,2.1770210266113281,2.1613829135894775,2.1714460849761963,13929889
2026-03-16T00:00:00.000000Z,2.1714460849761963,2.2098360061645508,2.1668069362640381,2.2071549892425537,14639125
2026-03-17T00:00:00.000000Z,2.2071549892425537,2.2101929187774658,2.1816599369049072,2.1915450096130371,11423938
2026-03-18T00:00:00.000000Z,2.1915450096130371,2.1937530040740967,2.1345911026000977,2.1548469066619873,17976598
2026-03-19T00:00:00.000000Z,2.1548469066619873,2.1548469066619873,2.1206080913543701,2.1295371055603027,14233210
2026-03-20T00:00:00.000000Z,2.1295371055603027,2.1438920497894287,2.1220231056213379,2.1376149654388428,13375103
2026-03-21T00:00:00.000000Z,2.1376149654388428,2.1431930065155029,2.1270909309387207,2.1270918846130371,15831986
2026-03-22T00:00:00.000000Z,2.1270918846130371,2.1290628910064697,2.0251059532165527,2.0256130695343018,15595794
2026-03-23T00:00:00.000000Z,2.0256130695343018,2.026216983795166,1.949152946472168,2.0172810554504395,17730569
2026-03-24T00:00:00.000000Z,2.0172810554504395,2.0501809120178223,2.0132079124450684,2.0446999073028564,13693027
2026-03-25T00:00:00.000000Z,2.0446999073028564,2.05560302734375,2.0316500663757324,2.0377299785614014,20024815
2026-03-26T00:00:00.000000Z,2.0377299785614014,2.0388979911804199,1.9872380495071411,1.9962389469146729,20382513
2026-03-27T00:00:00.000000Z,1.9962389469146729,2.00319504737854,1.9329580068588257,1.9375970363616943,21434135
2026-03-28T00:00:00.000000Z,1.9375970363616943,1.9543750286102295,1.9331140518188477,1.9439899921417236,21748249
2026-03-29T00:00:00.000000Z,1.9439899921417236,1.9510259628295898,1.9109100103378296,1.9113240242004395,20594323
2026-03-30T00:00:00.000000Z,1.9113240242004395,1.9440170526504517,1.9081499576568604,1.9231549501419067,22079435
2026-03-31T00:00:00.000000Z,1.9231549501419067,1.9393949508666992,1.9186999797821045,1.9317049980163574,22712417
2026-04-01T00:00:00.000000Z,1.9317049980163574,1.9765410423278809,1.9310339689254761,1.956462025642395,25122264
2026-04-02T00:00:00.000000Z,1.956462025642395,1.9585419893264771,1.903236985206604,1.9184219837188721,24080164
2026-04-03T00:00:00.000000Z,1.9184219837188721,1.9202710390090942,1.9052469730377197,1.9071489572525024,20503624
2026-04-04T00:00:00.000000Z,1.9071489572525024,1.9187389612197876,1.900534987449646,1.9140360355377197,20795600
2026-04-05T00:00:00.000000Z,1.9140360355377197,1.9239670038223267,1.8412660360336304,1.870561957359314,27245777
2026-04-06T00:00:00.000000Z,1.870561957359314,1.8905119895935059,1.859557032585144,1.8596680164337158,25467459
2026-04-07T00:00:00.000000Z,1.8596680164337158,1.8759959936141968,1.8290630578994751,1.8688700199127197,29948648
2026-04-08T00:00:00.000000Z,1.8688709735870361,1.9335340261459351,1.8554439544677734,1.8988189697265625,43586057
2026-04-09T00:00:00.000000Z,1.8988189697265625,1.9417539834976196,1.8861080408096313,1.9343990087509155,28030852
2026-04-10T00:00:00.000000Z,1.9343990087509155,1.9423600435256958,1.9127219915390015,1.9262360334396362,23880935
2026-04-11T00:00:00.000000Z,1.9262360334396362,1.9562020301818848,1.9261130094528198,1.9524550437927246,21383508
2026-04-12T00:00:00.000000Z,1.9524550437927246,1.954118013381958,1.8967570066452026,1.9027290344238281,22507012
2026-04-13T00:00:00.000000Z,1.9027290344238281,1.9232300519943237,1.8783190250396729,1.917072057723999,23607030
2026-04-14T00:00:00.000000Z,1.917072057723999,1.9217129945755005,1.9010360240936279,1.9010360240936279,22058728
2026-04-15T00:00:00.000000Z,1.9010360240936279,1.9119490385055542,1.8927390575408936,1.9111340045928955,19578202
2026-04-16T00:00:00.000000Z,1.9111340045928955,1.9137029647827148,1.8827500343322754,1.9013880491256714,22727852
2026-04-17T00:00:00.000000Z,1.9013880491256714,1.9192949533462524,1.8903000354766846,1.9098459482192993,24932071
2026-04-18T00:00:00.000000Z,1.9098459482192993,1.9172389507293701,1.8469630479812622,1.8609830141067505,33540027
2026-04-19T00:00:00.000000Z,1.8609830141067505,1.8893150091171265,1.8528889417648315,1.8838540315628052,64153941
2026-04-20T00:00:00.000000Z,1.8838540315628052,1.8996169567108154,1.8756749629974365,1.8996169567108154,192230492
2026-04-21T00:00:00.000000Z,1.8996169567108154,1.9031139612197876,1.8765740394592285,1.8814740180969238,62418127
2026-04-22T00:00:00.000000Z,1.8814740180969238,1.9677259922027588,1.8793820142745972,1.944424033164978,22867077
2026-04-23T00:00:00.000000Z,1.944424033164978,1.9534510374069214,1.9046330451965332,1.9527360200881958,20930463
2026-04-24T00:00:00.000000Z,1.9527360200881958,2.0266549587249756,1.94753098487854,1.9810019731521606,24041637
2026-04-25T00:00:00.000000Z,1.9810019731521606,2.0047159194946289,1.9503370523452759,1.9581060409545898,19516438
2026-04-26T00:00:00.000000Z,1.9581060409545898,1.9853030443191528,1.9579999446868896,1.9851009845733643,17362699
2026-04-27T00:00:00.000000Z,1.9851009845733643,2.0063469409942627,1.9590320587158203,1.9674630165100098,16725871
2026-04-28T00:00:00.000000Z,1.9674630165100098,1.9725409746170044,1.9427549839019775,1.9582300186157227,14420743
2026-04-29T00:00:00.000000Z,1.9582300186157227,1.9876270294189453,1.9548850059509277,1.977916955947876,17528575
2026-04-30T00:00:00.000000Z,1.977916955947876,2.0146870613098145,1.9634770154953003,1.9911960363388062,17685878
2026-05-01T00:00:00.000000Z,1.9911960363388062,2.0262629985809326,1.9743200540542603,2.0109589099884033,20198861
2026-05-02T00:00:00.000000Z,2.0109589099884033,2.0238080024719238,2.0009028911590576,2.0138919353485107,13998970
2026-05-03T00:00:00.000000Z,2.0138919353485107,2.0144610404968262,1.9994299411773682,2.0028591156005859,14433487
2026-05-04T00:00:00.000000Z,2.0028591156005859,2.0656349658966064,1.9966479539871216,2.0527729988098145,18616073
2026-05-05T00:00:00.000000Z,2.0527729988098145,2.0841948986053467,2.0474979877471924,2.0606849193572998,18746926
2026-05-06T00:00:00.000000Z,2.0606849193572998,2.1838510036468506,2.0561630725860596,2.1838469505310059,24369390
2026-05-07T00:00:00.000000Z,2.1838469505310059,2.1937170028686523,2.0930221080780029,2.119420051574707,24580854
2026-05-08T00:00:00.000000Z,2.119420051574707,2.1479339599609375,2.0805099010467529,2.1478381156921387,28618410
2026-05-09T00:00:00.000000Z,2.1478381156921387,2.1566181182861328,2.1118900775909424,2.1196060180664062,33393406
2026-05-10T00:00:00.000000Z,2.1196060180664062,2.1681869029998779,2.1132199764251709,2.1591200828552246,16755157
2026-05-11T00:00:00.000000Z,2.1591200828552246,2.1614398956298828,2.1234939098358154,2.1424350738525391,18063982
2026-05-12T00:00:00.000000Z,2.1424350738525391,2.1446750164031982,2.08148193359375,2.0853450298309326,17282330
2026-05-13T00:00:00.000000Z,2.0853450298309326,2.0954039096832275,2.0419409275054932,2.0720880031585693,17223402
2026-05-14T00:00:00.000000Z,2.0720880031585693,2.1011850833892822,2.0523419380187988,2.0961461067199707,15003745
2026-05-15T00:00:00.000000Z,2.0961461067199707,2.0961759090423584,2.047231912612915,2.0582211017608643,21481803
2026-05-16T00:00:00.000000Z,2.0582211017608643,2.0604250431060791,2.0065860748291016,2.0114068984985352,31292737
2026-05-17T00:00:00.000000Z,2.0114068984985352,2.0114068984985352,1.9887139797210693,1.9904789924621582,14230627
2026-05-18T00:00:00.000000Z,1.9904789924621582,1.9970690011978149,1.9737839698791504,1.9968769550323486,13691347
2026-05-19T00:00:00.000000Z,1.9968769550323486,2.0211789608001709,1.992900013923645,2.0028610229492188,14077209
2026-05-20T00:00:00.000000Z,2.0028610229492188,2.0083470344543457,1.9948580265045166,2.0057089328765869,12891607
2026-05-21T00:00:00.000000Z,2.0057089328765869,2.0129220485687256,1.9733489751815796,2.0001060962677002,17050976
2026-05-22T00:00:00.000000Z,2.0001060962677002,2.000654935836792,1.9678939580917358,1.9750629663467407,12566417
2026-05-23T00:00:00.000000Z,1.9750629663467407,1.9812999963760376,1.9535399675369263,1.9708290100097656,13476358
2026-05-24T00:00:00.000000Z,1.9708290100097656,1.9875030517578125,1.9643039703369141,1.9797250032424927,13361827
2026-05-25T00:00:00.000000Z,1.9797250032424927,2.0173790454864502,1.9580199718475342,2.0040481090545654,17375728
2026-05-26T00:00:00.000000Z,2.0040481090545654,2.0386838912963867,1.9871469736099243,2.0285570621490479,19814243
2026-05-27T00:00:00.000000Z,2.0285630226135254,2.057265043258667,1.9970279932022095,2.0085949897766113,17397394
2026-05-28T00:00:00.000000Z,2.0085949897766113,2.0155689716339111,1.9713209867477417,1.9870009422302246,14441653
2026-05-29T00:00:00.000000Z,1.9870009422302246,1.9989440441131592,1.9695819616317749,1.9833539724349976,14763128
2026-05-30T00:00:00.000000Z,1.9833539724349976,2.1594870090484619,1.9833509922027588,2.1594700813293457,26067959
2026-05-31T00:00:00.000000Z,2.1595261096954346,2.2486751079559326,2.0747489929199219,2.0977299213409424,30251031
2026-06-01T00:00:00.000000Z,2.0977299213409424,2.1134190559387207,2.0150620937347412,2.0262789726257324,21196653
2026-06-02T00:00:00.000000Z,2.0262789726257324,2.040895938873291,1.9384750127792358,1.9396580457687378,17506053
2026-06-03T00:00:00.000000Z,1.9396580457687378,1.9513479471206665,1.8882590532302856,1.8883539438247681,16610375
2026-06-04T00:00:00.000000Z,1.8883539438247681,1.9038419723510742,1.8706580400466919,1.881862998008728,16723335
2026-06-05T00:00:00.000000Z,1.881862998008728,1.8859080076217651,1.8077720403671265,1.8251509666442871,20585807
2026-06-06T00:00:00.000000Z,1.8251509666442871,1.8475220203399658,1.8032490015029907,1.8333669900894165,18540034
2026-06-07T00:00:00.000000Z,1.8333669900894165,1.854328989982605,1.8280290365219116,1.8493050336837769,14365092
2026-06-08T00:00:00.000000Z,1.8493050336837769,1.8534029722213745,1.8253309726715088,1.8342089653015137,14885994
2026-06-09T00:00:00.000000Z,1.8342089653015137,1.8344999551773071,1.7683659791946411,1.7747370004653931,17292046
2026-06-10T00:00:00.000000Z,1.7747370004653931,1.7795120477676392,1.7570699453353882,1.7663609981536865,14108168
2026-06-11T00:00:00.000000Z,1.7663609981536865,1.7767759561538696,1.7616310119628906,1.7733160257339478,13705798
2026-06-12T00:00:00.000000Z,1.7733160257339478,1.7824549674987793,1.7646969556808472,1.7805730104446411,13116441
2026-06-13T00:00:00.000000Z,1.7805730104446411,1.7961349487304688,1.7800519466400146,1.7930439710617065,13352330
2026-06-14T00:00:00.000000Z,1.7930439710617065,1.7984310388565063,1.7703709602355957,1.798306941986084,14301370
2026-06-15T00:00:00.000000Z,1.798306941986084,1.8366860151290894,1.7878350019454956,1.8198189735412598,16311992
2026-06-16T00:00:00.000000Z,1.8198189735412598,1.8445390462875366,1.8129639625549316,1.8284000158309937,14376593
2026-06-17T00:00:00.000000Z,1.8284000158309937,1.834712028503418,1.7978270053863525,1.8079789876937866,12615054
2026-06-18T00:00:00.000000Z,1.8079789876937866,1.8108019828796387,1.7802929878234863,1.7917640209197998,12964669
2026-06-19T00:00:00.000000Z,1.7917640209197998,1.7922409772872925,1.7593899965286255,1.7732759714126587,12189498
2026-06-20T00:00:00.000000Z,1.7732759714126587,1.7737439870834351,1.7559429407119751,1.7712069749832153,11204452
2026-06-21T00:00:00.000000Z,1.7712069749832153,1.7731280326843262,1.7503600120544434,1.7521330118179321,11026437
2026-06-22T00:00:00.000000Z,1.7521330118179321,1.7710269689559937,1.7511320114135742,1.7574870586395264,11128137
2026-06-23T00:00:00.000000Z,1.7574870586395264,1.760915994644165,1.7121269702911377,1.7213159799575806,9830205
2026-06-24T00:00:00.000000Z,1.7213159799575806,1.7228790521621704,1.6654709577560425,1.6837480068206787,12714313
2026-06-25T00:00:00.000000Z,1.6837480068206787,1.6844359636306763,1.6233869791030884,1.6353060007095337,13849154
2026-06-26T00:00:00.000000Z,1.6353060007095337,1.6432449817657471,1.6220070123672485,1.6417549848556519,10609490
2026-06-27T00:00:00.000000Z,1.6417549848556519,1.6511340141296387,1.6343510150909424,1.636633038520813,8901913
2026-06-28T00:00:00.000000Z,1.636633038520813,1.6443949937820435,1.6214460134506226,1.6368390321731567,10239914
2026-06-29T00:00:00.000000Z,1.6368390321731567,1.6368390321731567,1.6169179677963257,1.6213719844818115,9463673
2026-06-30T00:00:00.000000Z,1.6213719844818115,1.6309239864349365,1.5860810279846191,1.5925509929656982,6940211
2026-07-01T00:00:00.000000Z,1.5925509929656982,1.6188410520553589,1.5645769834518433,1.6025849580764771,10737808
2026-07-02T00:00:00.000000Z,1.6025849580764771,1.7264360189437866,1.5960999727249146,1.7051880359649658,14465623
2026-07-03T00:00:00.000000Z,1.7051880359649658,1.7514280080795288,1.6677490472793579,1.7462519407272339,9902483
2026-07-04T00:00:00.000000Z,1.7462519407272339,1.7648299932479858,1.7032049894332886,1.7184330224990845,9121554
2026-07-05T00:00:00.000000Z,1.7184330224990845,1.7242280244827271,1.7007839679718018,1.7213430404663086,8455056
2026-07-06T00:00:00.000000Z,1.7213430404663086,1.7310160398483276,1.6307799816131592,1.6996179819107056,10946301
2026-07-07T00:00:00.000000Z,1.6996179819107056,1.7002880573272705,1.6391229629516602,1.6646820306777954,9452239
2026-07-08T00:00:00.000000Z,1.6646820306777954,1.668923020362854,1.631261944770813,1.6436589956283569,8624902
2026-07-09T00:00:00.000000Z,1.6436589956283569,1.6569160223007202,1.6344490051269531,1.6471430063247681,8034910
2026-07-10T00:00:00.000000Z,1.6471430063247681,1.6747180223464966,1.6337920427322388,1.6679409742355347,10102689
2026-07-11T00:00:00.000000Z,1.6679409742355347,1.6740909814834595,1.6420979499816895,1.6440340280532837,8113705
2026-07-12T00:00:00.000000Z,1.6440340280532837,1.7221449613571167,1.5738869905471802,1.6723120212554932,14645782
2026-07-13T00:00:00.000000Z,1.6723120212554932,1.6752970218658447,1.6143679618835449,1.6290290355682373,9240056
2026-07-14T00:00:00.000000Z,1.6290290355682373,1.7040940523147583,1.6183229684829712,1.7001899480819702,10007609
2026-07-15T00:00:00.000000Z,1.7001899480819702,1.7002309560775757,1.6545610427856445,1.6801409721374512,10028909
2026-07-16T00:00:00.000000Z,1.6801409721374512,1.6823680400848389,1.6284339427947998,1.6426539421081543,14062570
2026-07-17T00:00:00.000000Z,1.6426539421081543,1.6480499505996704,1.6110010147094727,1.6412839889526367,9296484
2026-07-18T00:00:00.000000Z,1.6412839889526367,1.6542919874191284,1.6294939517974854,1.6502749919891357,5938398
2026-07-19T00:00:00.000000Z,1.6502749919891357,1.6543060541152954,1.6257799863815308,1.6309720277786255,6605018
2026-07-20T00:00:00.000000Z,1.6309720277786255,1.6631560325622559,1.6256630420684814,1.6506240367889404,7840070
2026-07-21T00:00:00.000000Z,1.6506240367889404,1.7124760150909424,1.6455329656600952,1.7037169933319092,9519441
2026-07-22T00:00:00.000000Z,1.7037169933319092,1.704131007194519,1.681738018989563,1.6969339847564697,6761730
2026-07-23T00:00:00.000000Z,1.6969339847564697,1.6971460580825806,1.6579329967498779,1.6706700325012207,6041267
2026-07-24T00:00:00.000000Z,1.6706700325012207,1.6732000112533569,1.6382600069046021,1.6516380310058594,6631738
2026-07-25T00:00:00.000000Z,1.6516380310058594,1.6860049962997437,1.646481990814209,1.6558279991149902,6148791
2026-07-26T00:00:00.000000Z,1.6558279991149902,1.6906620264053345,1.6544630527496338,1.678596019744873,5841836
2026-07-27T00:00:00.000000Z,1.678596019744873,1.7063900232315063,1.6461869478225708,1.6593259572982788,9614940
2026-07-28T00:00:00.000000Z,1.6593259572982788,1.6697100400924683,1.6404639482498169,1.6618560552597046,7415004
2026-07-29T00:00:00.000000Z,1.6618560552597046,1.6652990579605103,1.6181130409240723,1.6362630128860474,6702361
2026-07-30T00:00:00.000000Z,1.6362630128860474,1.6435559988021851,1.6140639781951904,1.6314400434494019,6219221
2026-07-31T00:00:00.000000Z,1.6314400434494019,1.6378079652786255,1.6125509738922119,1.6175730228424072,6302595
2026-08-01T00:00:00.000000Z,1.6175730228424072,1.6499489545822144,1.6171059608459473,1.6261080503463745,6800013
2026-08-02T00:00:00.000000Z,1.6261080503463745,1.6395130157470703,1.6256860494613647,1.6335070133209229,5523227
2026-08-03T00:00:00.000000Z,1.6335070133209229,1.6348739862442017,1.5757639408111572,1.5972310304641724,8882177
2026-08-04T00:00:00.000000Z,1.5972310304641724,1.6250729560852051,1.5889760255813599,1.6118500232696533,8355147
2026-08-05T00:00:00.000000Z,1.6118500232696533,1.638308048248291,1.6084530353546143,1.6230859756469727,9698549
2026-08-06T00:00:00.000000Z,1.6230859756469727,1.6267440319061279,1.6011970043182373,1.6159520149230957,8157492
2026-08-07T00:00:00.000000Z,1.6159520149230957,1.6238820552825928,1.5966049432754517,1.6203219890594482,7426725
2026-08-08T00:00:00.000000Z,1.6203219890594482,1.6596829891204834,1.6183179616928101,1.6389299631118774,8268073
2026-08-09T00:00:00.000000Z,1.6389340162277222,1.6491309404373169,1.6110999584197998,1.6122950315475464,7573848
2026-08-10T00:00:00.000000Z,1.6122950315475464,1.658005952835083,1.6122950315475464,1.6296960115432739,8728557
2026-08-11T00:00:00.000000Z,1.6296960115432739,1.6532069444656372,1.6288410425186157,1.6369999647140503,4747609
2026-08-12T00:00:00.000000Z,1.6369999647140503,1.7280060052871704,1.6343330144882202,1.6924790143966675,9084108
2026-08-13T00:00:00.000000Z,1.6924790143966675,1.6973530054092407,1.6388119459152222,1.6574850082397461,6199144
2026-08-14T00:00:00.000000Z,1.6574850082397461,1.6693559885025024,1.6429469585418701,1.6564279794692993,6362695
2026-08-15T00:00:00.000000Z,1.6564279794692993,1.6621910333633423,1.6446989774703979,1.6510169506072998,5286976
2026-08-16T00:00:00.000000Z,1.6510169506072998,1.6605260372161865,1.6407129764556885,1.6475709676742554,5651322
2026-08-17T00:00:00.000000Z,1.6475709676742554,1.6784529685974121,1.6466779708862305,1.6732759475708008,6140165
2026-08-18T00:00:00.000000Z,1.6732759475708008,1.6773430109024048,1.6597499847412109,1.6738220453262329,5606620
2026-08-19T00:00:00.000000Z,1.6738220453262329,1.7528890371322632,1.6644539833068848,1.751768946647644,7603804
2026-08-20T00:00:00.000000Z,1.751768946647644,1.8227629661560059,1.751768946647644,1.7984770536422729,9858596
2026-08-21T00:00:00.000000Z,1.7984770536422729,1.8942940235137939,1.7974569797515869,1.8836959600448608,14329515
2026-08-22T00:00:00.000000Z,1.8836959600448608,2.0658519268035889,1.8509130477905273,1.8842959403991699,36281949
2026-08-23T00:00:00.000000Z,1.8842959403991699,1.950355052947998,1.8457159996032715,1.9339669942855835,12750991
2026-08-24T00:00:00.000000Z,1.9339669942855835,1.9434540271759033,1.8760180473327637,1.9085719585418701,9089856
2026-08-25T00:00:00.000000Z,1.9085719585418701,1.9702980518341064,1.8860059976577759,1.912322998046875,10472294
2026-08-26T00:00:00.000000Z,1.912322998046875,1.9286179542541504,1.8861600160598755,1.926645040512085,7730034
2026-08-27T00:00:00.000000Z,1.926645040512085,2.0148050785064697,1.9107650518417358,1.9848450422286987,10696714
2026-08-28T00:00:00.000000Z,1.9848450422286987,2.0061159133911133,1.8680239915847778,1.8949309587478638,10211596
2026-08-29T00:00:00.000000Z,1.8949309587478638,1.9310959577560425,1.8805409669876099,1.9304200410842896,6859748
2026-08-30T00:00:00.000000Z,1.9304200410842896,1.9772900342941284,1.9217139482498169,1.9303170442581177,7273007
2026-08-31T00:00:00.000000Z,1.9303170442581177,1.947545051574707,1.9002790451049805,1.9394170045852661,7763498
2026-09-01T00:00:00.000000Z,1.9394170045852661,1.9507009983062744,1.9219889640808105,1.9326889514923096,7708229
2026-09-02T00:00:00.000000Z,1.9326889514923096,1.9595659971237183,1.8950760364532471,1.955793023109436,9180091
2026-09-03T00:00:00.000000Z,1.955793023109436,2.0189709663391113,1.9483760595321655,2.0032589435577393,14315596
2026-09-04T00:00:00.000000Z,2.0032589435577393,2.0032589435577393,1.9548519849777222,1.9819660186767578,10054211
2026-09-05T00:00:00.000000Z,1.9819660186767578,2.0518789291381836,1.9748330116271973,2.0294098854064941,9272767
2026-09-06T00:00:00.000000Z,2.0294098854064941,2.0464279651641846,1.993162989616394,2.0190060138702393,9073247
2026-09-07T00:00:00.000000Z,2.0190060138702393,2.0609889030456543,1.9980599880218506,2.0012550354003906,11193687
2026-09-08T00:00:00.000000Z,2.0012550354003906,2.0303559303283691,1.962630033493042,1.9984309673309326,12751307
2026-09-09T00:00:00.000000Z,1.9984309673309326,2.0121860504150391,1.9623700380325317,1.9652069807052612,10971585
2026-09-10T00:00:00.000000Z,1.9652069807052612,1.9786950349807739,1.9276289939880371,1.9301860332489014,12150968
2026-09-11T00:00:00.000000Z,1.928786039352417,2.0015869140625,1.9157719612121582,1.9335780143737793,13603658
2026-09-12T00:00:00.000000Z,1.9335780143737793,1.9575929641723633,1.9303799867630005,1.9386850595474243,6957060
2026-09-13T00:00:00.000000Z,1.9386850595474243,1.9579789638519287,1.9143120050430298,1.9237359762191772,8723788
2026-09-14T00:00:00.000000Z,1.9237359762191772,1.9580810070037842,1.9204510450363159,1.9424240589141846,11737853
2026-09-15T00:00:00.000000Z,1.9424240589141846,1.9452630281448364,1.8650070428848267,1.8786519765853882,11512438
2026-09-16T00:00:00.000000Z,1.8786519765853882,1.914247989654541,1.8781399726867676,1.9083689451217651,13025731
2026-09-17T00:00:00.000000Z,1.9083689451217651,1.9317170381546021,1.9008649587631226,1.9264780282974243,7721274
2026-09-18T00:00:00.000000Z,1.9264780282974243,2.0123639106750488,1.9250450134277344,1.9893889427185059,14886858
2026-09-19T00:00:00.000000Z,1.9893889427185059,2.058696985244751,1.9760589599609375,2.0065219402313232,11548355
2026-09-20T00:00:00.000000Z,2.0065219402313232,2.0262269973754883,1.9671319723129272,2.0106019973754883,10869019
2026-09-21T00:00:00.000000Z,2.0106019973754883,2.1749320030212402,1.9979619979858398,2.1749310493469238,24459215
2026-09-22T00:00:00.000000Z,2.1749310493469238,2.1801431179046631,2.0882599353790283,2.1143059730529785,16141615
2026-09-23T00:00:00.000000Z,2.1143059730529785,2.1393880844116211,2.0250740051269531,2.0401439666748047,14865691
2026-09-24T00:00:00.000000Z,2.0401439666748047,2.0718560218811035,1.8906760215759277,1.9550299644470215,43828271
2026-09-25T00:00:00.000000Z,1.9550297260284424,2.0318737030029297,1.9165772199630737,1.9791581630706787,34236220
