timestamp_utc,Open,High,Low,Close,Volume
2019-06-21T00:00:00.000000Z,3.2786679267883301,3.2801790237426758,2.3919970989227295,3.2014119625091553,133488812
2019-06-22T00:00:00.000000Z,3.1536180973052979,3.1558070182800293,1.8760999441146851,2.1589670181274414,223603358
2019-06-23T00:00:00.000000Z,2.1601099967956543,2.2011089324951172,1.7768650054931641,1.8907020092010498,177290665
2019-06-24T00:00:00.000000Z,1.8907020092010498,1.9841079711914062,1.3023220300674438,1.38372802734375,184117575
2019-06-25T00:00:00.000000Z,1.3748569488525391,1.82511305809021,1.3146380186080933,1.5372899770736694,277665414
2019-06-26T00:00:00.000000Z,1.5372899770736694,1.8417680263519287,1.4931119680404663,1.583981990814209,169915841
2019-06-27T00:00:00.000000Z,1.583981990814209,1.5857139825820923,1.3361070156097412,1.390326976776123,117242289
2019-06-28T00:00:00.000000Z,1.3938219547271729,1.5561590194702148,1.3583320379257202,1.4487600326538086,121576369
2019-06-29T00:00:00.000000Z,1.4509819746017456,1.5132499933242798,1.4019839763641357,1.4996939897537231,109982117
2019-06-30T00:00:00.000000Z,1.4973900318145752,1.5757689476013184,1.384706974029541,1.4347820281982422,119391276
2019-07-01T00:00:00.000000Z,1.4347820281982422,1.4578720331192017,1.2480679750442505,1.3472349643707275,114335020
2019-07-02T00:00:00.000000Z,1.3407829999923706,1.3528200387954712,1.0366560220718384,1.1364879608154297,128459505
2019-07-03T00:00:00.000000Z,1.1359020471572876,1.1874489784240723,1.0786739587783813,1.1154179573059082,112712391
2019-07-04T00:00:00.000000Z,1.112089991569519,1.1437699794769287,0.98840498924255371,1.0099550485610962,96454283
2019-07-05T00:00:00.000000Z,1.0096809864044189,1.174003005027771,0.98628497123718262,1.1261529922485352,103703180
2019-07-06T00:00:00.000000Z,1.1275609731674194,1.1295950412750244,1.0248080492019653,1.0271470546722412,64939220
2019-07-07T00:00:00.000000Z,1.0285969972610474,1.1036030054092407,1.0265359878540039,1.0678670406341553,51623447
2019-07-08T00:00:00.000000Z,1.0667749643325806,1.0678809881210327,1.0337439775466919,1.0527750253677368,43616506
2019-07-09T00:00:00.000000Z,1.0533560514450073,1.0828640460968018,1.0241260528564453,1.0451450347900391,94263135
2019-07-10T00:00:00.000000Z,1.042788028717041,1.0808650255203247,0.95105302333831787,1.0299930572509766,146338478
2019-07-11T00:00:00.000000Z,1.0301769971847534,1.0363620519638062,0.84115898609161377,0.86183398962020874,153148499
2019-07-12T00:00:00.000000Z,0.85555797815322876,0.94058799743652344,0.80338400602340698,0.89045798778533936,140797532
2019-07-13T00:00:00.000000Z,0.89166098833084106,1.0227270126342773,0.87553900480270386,0.93620198965072632,132744655
2019-07-14T00:00:00.000000Z,0.93461900949478149,1.019178032875061,0.82394999265670776,0.82394999265670776,119707605
2019-07-15T00:00:00.000000Z,0.82380098104476929,0.84169501066207886,0.7452239990234375,0.80850499868392944,117943656
2019-07-16T00:00:00.000000Z,0.80802500247955322,0.81677401065826416,0.63202100992202759,0.64463299512863159,90581456
2019-07-17T00:00:00.000000Z,0.64293801784515381,0.73538297414779663,0.6126289963722229,0.67316001653671265,109865275
2019-07-18T00:00:00.000000Z,0.67459100484848022,0.70263499021530151,0.64731597900390625,0.69585502147674561,99086040
2019-07-19T00:00:00.000000Z,0.69585502147674561,0.69585502147674561,0.65291500091552734,0.67202597856521606,91624752
2019-07-20T00:00:00.000000Z,0.67246001958847046,0.74921000003814697,0.66474902629852295,0.71069401502609253,112340171
2019-07-21T00:00:00.000000Z,0.71069401502609253,0.71325600147247314,0.66199302673339844,0.69544702768325806,104231794
2019-07-22T00:00:00.000000Z,0.69555801153182983,0.70100700855255127,0.63523602485656738,0.64134800434112549,77239612
2019-07-23T00:00:00.000000Z,0.64113700389862061,0.64297699928283691,0.57221698760986328,0.58104300498962402,78080034
2019-07-24T00:00:00.000000Z,0.58104300498962402,0.61077702045440674,0.55719602108001709,0.60491502285003662,77190533
2019-07-25T00:00:00.000000Z,0.60484999418258667,0.61193102598190308,0.58700001239776611,0.60973697900772095,55944618
2019-07-26T00:00:00.000000Z,0.60995697975158691,0.70841497182846069,0.59568798542022705,0.65612602233886719,89508445
2019-07-27T00:00:00.000000Z,0.65541601181030273,0.66655397415161133,0.5789639949798584,0.58043497800827026,64830897
2019-07-28T00:00:00.000000Z,0.58043497800827026,0.59583097696304321,0.56017601490020752,0.57487201690673828,54003797
2019-07-29T00:00:00.000000Z,0.57551997900009155,0.58978897333145142,0.55947297811508179,0.57279700040817261,61012725
2019-07-30T00:00:00.000000Z,0.57296097278594971,0.58623999357223511,0.56077098846435547,0.56855201721191406,62095437
2019-07-31T00:00:00.000000Z,0.56913900375366211,0.57713598012924194,0.56349998712539673,0.56709802150726318,60419029
2019-08-01T00:00:00.000000Z,0.56805998086929321,0.56894302368164062,0.51414400339126587,0.55773800611495972,50093763
2019-08-02T00:00:00.000000Z,0.55812501907348633,0.88290899991989136,0.55792999267578125,0.80160701274871826,284046277
2019-08-03T00:00:00.000000Z,0.80251199007034302,0.85762602090835571,0.7441210150718689,0.74546700716018677,107927951
2019-08-04T00:00:00.000000Z,0.74575299024581909,0.76387900114059448,0.69729197025299072,0.70638400316238403,73139185
2019-08-05T00:00:00.000000Z,0.70727002620697021,0.80346399545669556,0.68048101663589478,0.7940869927406311,100663102
2019-08-06T00:00:00.000000Z,0.79316902160644531,0.80102998018264771,0.69306200742721558,0.70336198806762695,83242834
2019-08-07T00:00:00.000000Z,0.70072400569915771,0.72213399410247803,0.68447697162628174,0.69233798980712891,69558222
2019-08-08T00:00:00.000000Z,0.69233798980712891,0.77119201421737671,0.66056901216506958,0.72680199146270752,87885109
2019-08-09T00:00:00.000000Z,0.72736901044845581,0.81397402286529541,0.70048797130584717,0.80428200960159302,109884210
2019-08-10T00:00:00.000000Z,0.80428200960159302,0.85852700471878052,0.76456302404403687,0.81690502166748047,98322273
2019-08-11T00:00:00.000000Z,0.81627500057220459,0.87791401147842407,0.81561201810836792,0.82298797369003296,84979681
2019-08-12T00:00:00.000000Z,0.82209700345993042,0.82271301746368408,0.77385801076889038,0.80267000198364258,68002927
2019-08-13T00:00:00.000000Z,0.80245798826217651,0.83623898029327393,0.78409498929977417,0.80280697345733643,66235494
2019-08-14T00:00:00.000000Z,0.80263698101043701,0.84731602668762207,0.71504098176956177,0.71504098176956177,74788787
2019-08-15T00:00:00.000000Z,0.71504098176956177,0.77372598648071289,0.66383898258209229,0.70933300256729126,75226005
2019-08-16T00:00:00.000000Z,0.70785897970199585,0.73215401172637939,0.67986798286437988,0.68201500177383423,62691881
2019-08-17T00:00:00.000000Z,0.68287801742553711,0.71237897872924805,0.67497998476028442,0.68424397706985474,57380881
2019-08-18T00:00:00.000000Z,0.68367701768875122,0.6977350115776062,0.6667640209197998,0.67790502309799194,55153057
2019-08-19T00:00:00.000000Z,0.6760680079460144,0.68240302801132202,0.6555899977684021,0.66095799207687378,61643720
2019-08-20T00:00:00.000000Z,0.66028302907943726,0.66028302907943726,0.60799497365951538,0.62558197975158691,64980440
2019-08-21T00:00:00.000000Z,0.62773197889328003,0.63039600849151611,0.55889898538589478,0.56714397668838501,65334103
2019-08-22T00:00:00.000000Z,0.56764900684356689,0.58744198083877563,0.53071802854537964,0.57307600975036621,57806938
2019-08-23T00:00:00.000000Z,0.57307600975036621,0.58188199996948242,0.55133199691772461,0.56104302406311035,52556814
2019-08-24T00:00:00.000000Z,0.56040102243423462,0.57729798555374146,0.54915100336074829,0.5772479772567749,59964968
2019-08-25T00:00:00.000000Z,0.5772479772567749,0.58767199516296387,0.53469002246856689,0.54418200254440308,42184816
2019-08-26T00:00:00.000000Z,0.54486602544784546,0.55840402841567993,0.52074801921844482,0.52118897438049316,47745079
2019-08-27T00:00:00.000000Z,0.52085602283477783,0.54907602071762085,0.51080101728439331,0.5208050012588501,47432939
2019-08-28T00:00:00.000000Z,0.52110397815704346,0.53759801387786865,0.432669997215271,0.43276599049568176,58911636
2019-08-29T00:00:00.000000Z,0.43873599171638489,0.44465500116348267,0.39479398727416992,0.40146499872207642,39371673
2019-08-30T00:00:00.000000Z,0.40146499872207642,0.43079099059104919,0.39915099740028381,0.42351999878883362,60601525
2019-08-31T00:00:00.000000Z,0.41940298676490784,0.43330299854278564,0.3997420072555542,0.41237801313400269,32449740
2019-09-01T00:00:00.000000Z,0.41415500640869141,0.42069700360298157,0.3816789984703064,0.39204400777816772,52338685
2019-09-02T00:00:00.000000Z,0.39329299330711365,0.39390099048614502,0.37418100237846375,0.3920229971408844,56533885
2019-09-03T00:00:00.000000Z,0.39339101314544678,0.40467798709869385,0.36687999963760376,0.37048101425170898,57922334
2019-09-04T00:00:00.000000Z,0.3694399893283844,0.37137898802757263,0.34589299559593201,0.3497759997844696,45132597
2019-09-05T00:00:00.000000Z,0.3503040075302124,0.39538499712944031,0.33924499154090881,0.38964399695396423,60530608
2019-09-06T00:00:00.000000Z,0.38964399695396423,0.42018398642539978,0.34350699186325073,0.34729200601577759,67226621
2019-09-07T00:00:00.000000Z,0.34694001078605652,0.38888800144195557,0.34126800298690796,0.37127500772476196,60388970
2019-09-08T00:00:00.000000Z,0.37127500772476196,0.38574099540710449,0.35676100850105286,0.38505598902702332,51110858
2019-09-09T00:00:00.000000Z,0.38505598902702332,0.39200800657272339,0.35356399416923523,0.36863300204277039,54595091
2019-09-10T00:00:00.000000Z,0.36879700422286987,0.39594599604606628,0.36277300119400024,0.36621800065040588,54766675
2019-09-11T00:00:00.000000Z,0.3655259907245636,0.37268701195716858,0.34462198615074158,0.3502269983291626,50886261
2019-09-12T00:00:00.000000Z,0.34897300601005554,0.3515779972076416,0.30847099423408508,0.31961598992347717,51789980
2019-09-13T00:00:00.000000Z,0.31891098618507385,0.34527799487113953,0.3126470148563385,0.31842899322509766,48225662
2019-09-14T00:00:00.000000Z,0.31917101144790649,0.32638600468635559,0.31108799576759338,0.32182601094245911,45639521
2019-09-15T00:00:00.000000Z,0.32215398550033569,0.34143200516700745,0.31905698776245117,0.33010199666023254,52252159
2019-09-16T00:00:00.000000Z,0.33014699816703796,0.33940398693084717,0.31548500061035156,0.3219430148601532,45960043
2019-09-17T00:00:00.000000Z,0.32129299640655518,0.33345100283622742,0.31182101368904114,0.3220289945602417,51995583
2019-09-18T00:00:00.000000Z,0.32134199142456055,0.35445401072502136,0.31673800945281982,0.33905500173568726,63274107
2019-09-19T00:00:00.000000Z,0.33661699295043945,0.33922100067138672,0.31296399235725403,0.32237300276756287,43456013
2019-09-20T00:00:00.000000Z,0.32307499647140503,0.33044800162315369,0.31543201208114624,0.32135000824928284,40369809
2019-09-21T00:00:00.000000Z,0.32104599475860596,0.32703301310539246,0.31416898965835571,0.31715700030326843,48926758
2019-09-22T00:00:00.000000Z,0.31771799921989441,0.32329198718070984,0.29716101288795471,0.3010999858379364,49507356
2019-09-23T00:00:00.000000Z,0.30181398987770081,0.30194899439811707,0.26756298542022705,0.26756298542022705,45784300
2019-09-24T00:00:00.000000Z,0.26953500509262085,0.28331199288368225,0.18895600736141205,0.19354100525379181,50165388
2019-09-25T00:00:00.000000Z,0.19453699886798859,0.21538099646568298,0.19377599656581879,0.20492400228977203,38941160
2019-09-26T00:00:00.000000Z,0.20390099287033081,0.20500299334526062,0.1715719997882843,0.19036999344825745,49563434
2019-09-27T00:00:00.000000Z,0.19050300121307373,0.19813400506973267,0.178848996758461,0.19148500263690948,41059414
2019-09-28T00:00:00.000000Z,0.19114099442958832,0.20881800353527069,0.18896900117397308,0.20411799848079681,35505764
2019-09-29T00:00:00.000000Z,0.204367995262146,0.24268099665641785,0.1985819935798645,0.22682200372219086,63293757
2019-09-30T00:00:00.000000Z,0.22682200372219086,0.2577039897441864,0.2158530056476593,0.24965299665927887,57957634
2019-10-01T00:00:00.000000Z,0.25106498599052429,0.26649799942970276,0.22957299649715424,0.23443500697612762,54047913
2019-10-02T00:00:00.000000Z,0.23443500697612762,0.24242599308490753,0.22229500114917755,0.23352700471878052,46753237
2019-10-03T00:00:00.000000Z,0.23261600732803345,0.24097900092601776,0.22361700236797333,0.23050299286842346,39746753
2019-10-04T00:00:00.000000Z,0.23069100081920624,0.2364799976348877,0.22492699325084686,0.23050999641418457,39072129
2019-10-05T00:00:00.000000Z,0.23050999641418457,0.23484000563621521,0.22033500671386719,0.22453999519348145,36662393
2019-10-06T00:00:00.000000Z,0.22356699407100677,0.22696599364280701,0.21316100656986237,0.21521100401878357,41375227
2019-10-07T00:00:00.000000Z,0.21480099856853485,0.22518199682235718,0.20876100659370422,0.21983900666236877,49251945
2019-10-08T00:00:00.000000Z,0.21965700387954712,0.23369200527667999,0.21603600680828094,0.23369200527667999,52663244
2019-10-09T00:00:00.000000Z,0.23356300592422485,0.24364699423313141,0.22843599319458008,0.24024499952793121,59881851
2019-10-10T00:00:00.000000Z,0.24035599827766418,0.26766300201416016,0.23254400491714478,0.25547099113464355,71847676
2019-10-11T00:00:00.000000Z,0.25422298908233643,0.27696800231933594,0.25390100479125977,0.25522100925445557,72716614
2019-10-12T00:00:00.000000Z,0.25522100925445557,0.26206201314926147,0.24635399878025055,0.25800600647926331,63681446
2019-10-13T00:00:00.000000Z,0.25841599702835083,0.26896399259567261,0.24769200384616852,0.25153601169586182,63666806
2019-10-14T00:00:00.000000Z,0.25153601169586182,0.26862698793411255,0.24779799580574036,0.26785600185394287,58972242
2019-10-15T00:00:00.000000Z,0.2675819993019104,0.27376699447631836,0.24695600569248199,0.24855799973011017,93405592
2019-10-16T00:00:00.000000Z,0.24855799973011017,0.24937799572944641,0.22667799890041351,0.22866199910640717,101398604
2019-10-17T00:00:00.000000Z,0.23063200712203979,0.24042400717735291,0.22869099676609039,0.23940500617027283,102887739
2019-10-18T00:00:00.000000Z,0.23940500617027283,0.2409760057926178,0.22025400400161743,0.22717800736427307,103673526
2019-10-19T00:00:00.000000Z,0.22614899277687073,0.23003600537776947,0.22366799414157867,0.22481900453567505,101559487
2019-10-20T00:00:00.000000Z,0.22482399642467499,0.22695399820804596,0.21395599842071533,0.22396400570869446,103428939
2019-10-21T00:00:00.000000Z,0.22533099353313446,0.23118700087070465,0.2236189991235733,0.22957199811935425,101976201
2019-10-22T00:00:00.000000Z,0.22813500463962555,0.23020100593566895,0.22122399508953094,0.22437299787998199,100693564
2019-10-23T00:00:00.000000Z,0.22338099777698517,0.22664700448513031,0.20008400082588196,0.20208600163459778,42468690
2019-10-24T00:00:00.000000Z,0.20348300039768219,0.20921799540519714,0.20128600299358368,0.20390799641609192,79044876
2019-10-25T00:00:00.000000Z,0.20390799641609192,0.21796500682830811,0.20132699608802795,0.21310000121593475,94789175
2019-10-26T00:00:00.000000Z,0.21362699568271637,0.23613700270652771,0.21115900576114655,0.21606199443340302,106291033
2019-10-27T00:00:00.000000Z,0.21606199443340302,0.2323479950428009,0.20890200138092041,0.21871399879455566,108681817
2019-10-28T00:00:00.000000Z,0.21862600743770599,0.23948700726032257,0.21740099787712097,0.23273299634456635,111314851
2019-10-29T00:00:00.000000Z,0.23273299634456635,0.23643499612808228,0.22473399341106415,0.23196400701999664,110758098
2019-10-30T00:00:00.000000Z,0.23244599997997284,0.23302100598812103,0.20754599571228027,0.21556100249290466,48416058
2019-10-31T00:00:00.000000Z,0.21615499258041382,0.22299599647521973,0.20995999872684479,0.2221280038356781,103217930
2019-11-01T00:00:00.000000Z,0.22251099348068237,0.26556500792503357,0.21839399635791779,0.26200801134109497,129875635
2019-11-02T00:00:00.000000Z,0.25982201099395752,0.27942898869514465,0.25527700781822205,0.26056000590324402,139835316
2019-11-03T00:00:00.000000Z,0.26105698943138123,0.26961299777030945,0.24570499360561371,0.26693099737167358,123088158
2019-11-04T00:00:00.000000Z,0.26660299301147461,0.27025899291038513,0.25611600279808044,0.25880500674247742,122831728
2019-11-05T00:00:00.000000Z,0.25880500674247742,0.29441899061203003,0.24832199513912201,0.28867301344871521,135073487
2019-11-06T00:00:00.000000Z,0.2884179949760437,0.30309998989105225,0.28297999501228333,0.28784200549125671,135433269
2019-11-07T00:00:00.000000Z,0.28773298859596252,0.28831100463867188,0.2670460045337677,0.27250400185585022,122412579
2019-11-08T00:00:00.000000Z,0.27263298630714417,0.27798300981521606,0.2487960010766983,0.25650399923324585,119448562
2019-11-09T00:00:00.000000Z,0.25650399923324585,0.26213499903678894,0.2526949942111969,0.25908899307250977,109359112
2019-11-10T00:00:00.000000Z,0.25953200459480286,0.27273398637771606,0.25736901164054871,0.26981300115585327,114838063
2019-11-11T00:00:00.000000Z,0.26981300115585327,0.28619399666786194,0.2588919997215271,0.27987998723983765,125805632
2019-11-12T00:00:00.000000Z,0.28069698810577393,0.28463399410247803,0.26355001330375671,0.2735539972782135,118822818
2019-11-13T00:00:00.000000Z,0.27267000079154968,0.29732599854469299,0.27126699686050415,0.28688099980354309,110070634
2019-11-14T00:00:00.000000Z,0.29035100340843201,0.29338899254798889,0.2797510027885437,0.28149101138114929,119857507
2019-11-15T00:00:00.000000Z,0.28149101138114929,0.28572100400924683,0.26555898785591125,0.27087399363517761,117140025
2019-11-16T00:00:00.000000Z,0.27141100168228149,0.27755698561668396,0.26576200127601624,0.27011299133300781,110695338
2019-11-17T00:00:00.000000Z,0.27011299133300781,0.27911201119422913,0.26873999834060669,0.27164098620414734,107838849
2019-11-18T00:00:00.000000Z,0.27168101072311401,0.27768900990486145,0.25224199891090393,0.25598698854446411,109620690
2019-11-19T00:00:00.000000Z,0.25774401426315308,0.26210701465606689,0.23750500380992889,0.24684199690818787,105684882
2019-11-20T00:00:00.000000Z,0.24684199690818787,0.25336501002311707,0.23986600339412689,0.24979199469089508,104577457
2019-11-21T00:00:00.000000Z,0.24979199469089508,0.25547000765800476,0.23340299725532532,0.24130499362945557,103547880
2019-11-22T00:00:00.000000Z,0.24130499362945557,0.24925699830055237,0.20664699375629425,0.22035600244998932,108075233
2019-11-23T00:00:00.000000Z,0.22029200196266174,0.22910800576210022,0.21101400256156921,0.22713899612426758,102274919
2019-11-24T00:00:00.000000Z,0.22673200070858002,0.2291100025177002,0.20760199427604675,0.21177400648593903,94349402
2019-11-25T00:00:00.000000Z,0.21177400648593903,0.21375399827957153,0.19073200225830078,0.20788699388504028,94920511
2019-11-26T00:00:00.000000Z,0.20781700313091278,0.22286799550056458,0.20465099811553955,0.22162100672721863,97895155
2019-11-27T00:00:00.000000Z,0.2167620062828064,0.23392599821090698,0.21436199545860291,0.2256229966878891,105633208
2019-11-28T00:00:00.000000Z,0.22588500380516052,0.31346398591995239,0.22145900130271912,0.28768101334571838,80117874
2019-11-29T00:00:00.000000Z,0.28722301125526428,0.29935100674629211,0.27309501171112061,0.27653899788856506,135836394
2019-11-30T00:00:00.000000Z,0.28096398711204529,0.28863599896430969,0.26471701264381409,0.26896300911903381,124152762
2019-12-01T00:00:00.000000Z,0.2683660089969635,0.27219599485397339,0.24769300222396851,0.26303601264953613,103782001
2019-12-02T00:00:00.000000Z,0.26602700352668762,0.28201800584793091,0.26023900508880615,0.27467900514602661,125518892
2019-12-03T00:00:00.000000Z,0.27467900514602661,0.29051300883293152,0.27257400751113892,0.28407299518585205,123437259
2019-12-04T00:00:00.000000Z,0.28320398926734924,0.29123198986053467,0.26751399040222168,0.27136999368667603,123356733
2019-12-05T00:00:00.000000Z,0.27064400911331177,0.27406701445579529,0.25635701417922974,0.26631501317024231,105942315
2019-12-06T00:00:00.000000Z,0.2671779990196228,0.27376198768615723,0.25885701179504395,0.26568800210952759,104939728
2019-12-07T00:00:00.000000Z,0.26790601015090942,0.27812200784683228,0.26274999976158142,0.27442601323127747,110285523
2019-12-08T00:00:00.000000Z,0.27442601323127747,0.30279698967933655,0.27442601323127747,0.29399898648262024,132699876
2019-12-09T00:00:00.000000Z,0.29399898648262024,0.33349299430847168,0.2924950122833252,0.29805898666381836,153444332
2019-12-10T00:00:00.000000Z,0.29717200994491577,0.29759499430656433,0.26834499835968018,0.27512100338935852,135244323
2019-12-11T00:00:00.000000Z,0.27502501010894775,0.29396900534629822,0.27441099286079407,0.28487598896026611,95317194
2019-12-12T00:00:00.000000Z,0.28593799471855164,0.28786298632621765,0.27128499746322632,0.27660000324249268,79427507
2019-12-13T00:00:00.000000Z,0.27707201242446899,0.27755999565124512,0.27058300375938416,0.2736549973487854,66629627
2019-12-14T00:00:00.000000Z,0.27305701375007629,0.27503600716590881,0.25282600522041321,0.25537198781967163,66643290
2019-12-15T00:00:00.000000Z,0.25599399209022522,0.26708400249481201,0.25276100635528564,0.26672899723052979,62080771
2019-12-16T00:00:00.000000Z,0.26672899723052979,0.26795101165771484,0.24510699510574341,0.24532899260520935,70448705
2019-12-17T00:00:00.000000Z,0.24532899260520935,0.24693100154399872,0.21886000037193298,0.22019100189208984,59909525
2019-12-18T00:00:00.000000Z,0.21973000466823578,0.24679000675678253,0.21893399953842163,0.24577899277210236,64867877
2019-12-19T00:00:00.000000Z,0.24673199653625488,0.24748200178146362,0.228970006108284,0.23119400441646576,61037260
2019-12-20T00:00:00.000000Z,0.23119400441646576,0.24464599788188934,0.22521500289440155,0.24063099920749664,80216197
2019-12-21T00:00:00.000000Z,0.24080300331115723,0.24160900712013245,0.23253500461578369,0.24098700284957886,64725918
2019-12-22T00:00:00.000000Z,0.2409919947385788,0.25372499227523804,0.23977500200271606,0.24927300214767456,72054881
2019-12-23T00:00:00.000000Z,0.24930700659751892,0.25157099962234497,0.23878300189971924,0.24079300463199615,65563690
2019-12-24T00:00:00.000000Z,0.24083699285984039,0.24149000644683838,0.23360100388526917,0.23405599594116211,49696272
2019-12-25T00:00:00.000000Z,0.23405599594116211,0.2343669980764389,0.22821199893951416,0.22987300157546997,40346130
2019-12-26T00:00:00.000000Z,0.22987300157546997,0.24101400375366211,0.22971299290657043,0.23897199332714081,41835472
2019-12-27T00:00:00.000000Z,0.23902200162410736,0.23902200162410736,0.2252500057220459,0.23005500435829163,41088332
2019-12-28T00:00:00.000000Z,0.23019500076770782,0.23750999569892883,0.2294670045375824,0.23375700414180756,35448160
2019-12-29T00:00:00.000000Z,0.23367699980735779,0.23750700056552887,0.23200899362564087,0.2336679995059967,40574922
2019-12-30T00:00:00.000000Z,0.23360499739646912,0.23581999540328979,0.22656600177288055,0.22674599289894104,39453426
2019-12-31T00:00:00.000000Z,0.22680899500846863,0.22901099920272827,0.21545800566673279,0.21752999722957611,38809044
2020-01-01T00:00:00.000000Z,0.21752999722957611,0.22351400554180145,0.21626399457454681,0.2199379950761795,37144510
2020-01-02T00:00:00.000000Z,0.22041599452495575,0.22077900171279907,0.21189400553703308,0.21351799368858337,37545058
2020-01-03T00:00:00.000000Z,0.21428699791431427,0.2300260066986084,0.2140440046787262,0.22809800505638123,44675624
2020-01-04T00:00:00.000000Z,0.22858899831771851,0.23638199269771576,0.22569000720977783,0.23638199269771576,40304265
2020-01-05T00:00:00.000000Z,0.23591199517250061,0.23990300297737122,0.23091000318527222,0.2316569983959198,40157155
2020-01-06T00:00:00.000000Z,0.23125599324703217,0.24429699778556824,0.2308260053396225,0.24214500188827515,43263431
2020-01-07T00:00:00.000000Z,0.24214500188827515,0.24370799958705902,0.22932200133800507,0.23093000054359436,42565095
2020-01-08T00:00:00.000000Z,0.23093000054359436,0.23617100715637207,0.22675600647926331,0.22990900278091431,37068981
2020-01-09T00:00:00.000000Z,0.2298240065574646,0.23019400238990784,0.22261799871921539,0.2245199978351593,38074471
2020-01-10T00:00:00.000000Z,0.22393299639225006,0.22947399318218231,0.22035300731658936,0.2263299971818924,37994493
2020-01-11T00:00:00.000000Z,0.2261510044336319,0.23036399483680725,0.22430700063705444,0.22708000242710114,39678246
2020-01-12T00:00:00.000000Z,0.22679799795150757,0.23291599750518799,0.22576700150966644,0.22730599343776703,38982886
2020-01-13T00:00:00.000000Z,0.22711999714374542,0.23250399529933929,0.22543400526046753,0.22844499349594116,36991866
2020-01-14T00:00:00.000000Z,0.22834500670433044,0.23601099848747253,0.22477799654006958,0.23072099685668945,39964726
2020-01-15T00:00:00.000000Z,0.23067599534988403,0.2571370005607605,0.22672399878501892,0.24661700427532196,55493957
2020-01-16T00:00:00.000000Z,0.24678699672222137,0.25058600306510925,0.2326350063085556,0.24050900340080261,44406329
2020-01-17T00:00:00.000000Z,0.24062399566173553,0.26673400402069092,0.24016100168228149,0.26248401403427124,52840838
2020-01-18T00:00:00.000000Z,0.26249098777770996,0.26676800847053528,0.24749499559402466,0.2602820098400116,51155200
2020-01-19T00:00:00.000000Z,0.26008099317550659,0.26022899150848389,0.23507200181484222,0.2400210052728653,45351952
2020-01-20T00:00:00.000000Z,0.2400210052728653,0.24221199750900269,0.23379099369049072,0.23785899579524994,40446803
2020-01-21T00:00:00.000000Z,0.23771700263023376,0.25465801358222961,0.23677399754524231,0.24935400485992432,47042882
2020-01-22T00:00:00.000000Z,0.24962000548839569,0.24991999566555023,0.24412600696086884,0.24674099683761597,43873414
2020-01-23T00:00:00.000000Z,0.24671599268913269,0.24716700613498688,0.23341700434684753,0.23468899726867676,40494979
2020-01-24T00:00:00.000000Z,0.23491699993610382,0.24030099809169769,0.23111900687217712,0.23221899569034576,43114097
2020-01-25T00:00:00.000000Z,0.23277799785137177,0.23709799349308014,0.2301499992609024,0.23498900234699249,38944441
2020-01-26T00:00:00.000000Z,0.23485200107097626,0.23825299739837646,0.23397499322891235,0.23778000473976135,39915930
2020-01-27T00:00:00.000000Z,0.23772400617599487,0.24275599420070648,0.2375199943780899,0.24041399359703064,40625478
2020-01-28T00:00:00.000000Z,0.24056300520896912,0.24537600576877594,0.23948200047016144,0.24427799880504608,44353446
2020-01-29T00:00:00.000000Z,0.24439400434494019,0.24480299651622772,0.23969599604606628,0.24139900505542755,45625560
2020-01-30T00:00:00.000000Z,0.24128100275993347,0.24519200623035431,0.23820200562477112,0.24219599366188049,41454623
2020-01-31T00:00:00.000000Z,0.24228599667549133,0.26066100597381592,0.24135099351406097,0.24814599752426147,58427020
2020-02-01T00:00:00.000000Z,0.24756099283695221,0.25141298770904541,0.24450300633907318,0.24919900298118591,48277465
2020-02-02T00:00:00.000000Z,0.24926300346851349,0.25877699255943298,0.24301600456237793,0.25341099500656128,45355590
2020-02-03T00:00:00.000000Z,0.25341099500656128,0.26484501361846924,0.24910800158977509,0.26293098926544189,54451797
2020-02-04T00:00:00.000000Z,0.26284500956535339,0.28683999180793762,0.25970500707626343,0.28146401047706604,76448848
2020-02-05T00:00:00.000000Z,0.28155499696731567,0.28224000334739685,0.26596298813819885,0.27598199248313904,65491076
2020-02-06T00:00:00.000000Z,0.27608400583267212,0.29118999838829041,0.27331000566482544,0.28672701120376587,64810910
2020-02-07T00:00:00.000000Z,0.28703099489212036,0.32050499320030212,0.28194001317024231,0.31277498602867126,77850662
2020-02-08T00:00:00.000000Z,0.31296399235725403,0.31871500611305237,0.29486998915672302,0.30744999647140503,74107627
2020-02-09T00:00:00.000000Z,0.30735701322555542,0.34730300307273865,0.30544900894165039,0.34111601114273071,98891527
2020-02-10T00:00:00.000000Z,0.34134501218795776,0.37206199765205383,0.31227201223373413,0.35985499620437622,119696511
2020-02-11T00:00:00.000000Z,0.3594059944152832,0.37764200568199158,0.34475800395011902,0.36922198534011841,92659982
2020-02-12T00:00:00.000000Z,0.36947599053382874,0.41116800904273987,0.36541599035263062,0.38948801159858704,104098908
2020-02-13T00:00:00.000000Z,0.38948801159858704,0.40352201461791992,0.3478110134601593,0.3478110134601593,99845339
2020-02-14T00:00:00.000000Z,0.34851598739624023,0.38208499550819397,0.34468001127243042,0.36684700846672058,91550466
2020-02-15T00:00:00.000000Z,0.36684700846672058,0.388823002576828,0.33207398653030396,0.33436200022697449,92999232
2020-02-16T00:00:00.000000Z,0.33496999740600586,0.34970200061798096,0.29921400547027588,0.34185001254081726,84144118
2020-02-17T00:00:00.000000Z,0.34290799498558044,0.34290799498558044,0.29446399211883545,0.32879900932312012,96002052
2020-02-18T00:00:00.000000Z,0.32868200540542603,0.35334798693656921,0.30982500314712524,0.34885400533676147,83206321
2020-02-19T00:00:00.000000Z,0.34921398758888245,0.39136898517608643,0.33818000555038452,0.35047999024391174,79241677
2020-02-20T00:00:00.000000Z,0.34918001294136047,0.44774600863456726,0.33913600444793701,0.43721199035644531,196059544
2020-02-21T00:00:00.000000Z,0.43596500158309937,0.47979399561882019,0.41338199377059937,0.41988301277160645,179085806
2020-02-22T00:00:00.000000Z,0.41912299394607544,0.46478000283241272,0.41494700312614441,0.44968301057815552,161184312
2020-02-23T00:00:00.000000Z,0.44981899857521057,0.46535500884056091,0.42685100436210632,0.46081900596618652,128297734
2020-02-24T00:00:00.000000Z,0.46102499961853027,0.49963900446891785,0.43603500723838806,0.49331000447273254,213442024
2020-02-25T00:00:00.000000Z,0.49240899085998535,0.49293801188468933,0.38061198592185974,0.39438998699188232,173413334
2020-02-26T00:00:00.000000Z,0.39404898881912231,0.40411099791526794,0.34444299340248108,0.36820200085639954,151265199
2020-02-27T00:00:00.000000Z,0.36764299869537354,0.39061200618743896,0.34235098958015442,0.37452399730682373,128242670
2020-02-28T00:00:00.000000Z,0.37474998831748962,0.38397899270057678,0.3388499915599823,0.34835898876190186,115075595
2020-02-29T00:00:00.000000Z,0.34840598702430725,0.36895498633384705,0.33372700214385986,0.33407101035118103,99127697
2020-03-01T00:00:00.000000Z,0.33329999446868896,0.34551700949668884,0.31037700176239014,0.31968900561332703,95389369
2020-03-02T00:00:00.000000Z,0.31987598538398743,0.38665300607681274,0.31291699409484863,0.37343901395797729,126753611
2020-03-03T00:00:00.000000Z,0.37371298670768738,0.38615500926971436,0.3568350076675415,0.37051099538803101,121564194
2020-03-04T00:00:00.000000Z,0.37044298648834229,0.40969499945640564,0.36796998977661133,0.39294800162315369,137438963
2020-03-05T00:00:00.000000Z,0.39315500855445862,0.40825998783111572,0.37841200828552246,0.38015800714492798,110467391
2020-03-06T00:00:00.000000Z,0.38016998767852783,0.38519400358200073,0.36570799350738525,0.37404099106788635,98321454
2020-03-07T00:00:00.000000Z,0.37442600727081299,0.38199499249458313,0.33910000324249268,0.33923900127410889,93335259
2020-03-08T00:00:00.000000Z,0.33923900127410889,0.3405739963054657,0.29334598779678345,0.29334598779678345,94191412
2020-03-09T00:00:00.000000Z,0.29375800490379333,0.29822000861167908,0.25298500061035156,0.27422600984573364,108111068
2020-03-10T00:00:00.000000Z,0.27597799897193909,0.29699701070785522,0.27185800671577454,0.28347599506378174,96182444
2020-03-11T00:00:00.000000Z,0.28349900245666504,0.28845900297164917,0.25232100486755371,0.27017998695373535,75489332
2020-03-12T00:00:00.000000Z,0.27056300640106201,0.27107998728752136,0.14101800322532654,0.14101800322532654,80508765
2020-03-13T00:00:00.000000Z,0.14099599421024323,0.173008993268013,0.10240299999713898,0.1513189971446991,96761512
2020-03-14T00:00:00.000000Z,0.1517689973115921,0.1665010005235672,0.14499099552631378,0.14768500626087189,71534047
2020-03-15T00:00:00.000000Z,0.14768500626087189,0.15938800573348999,0.14500999450683594,0.14830599725246429,65236146
2020-03-16T00:00:00.000000Z,0.14951500296592712,0.15011399984359741,0.1182280033826828,0.12647099792957306,62118722
2020-03-17T00:00:00.000000Z,0.12633000314235687,0.13997399806976318,0.12525799870491028,0.13690100610256195,58174227
2020-03-18T00:00:00.000000Z,0.13572800159454346,0.14003099501132965,0.1296750009059906,0.13610300421714783,57511093
2020-03-19T00:00:00.000000Z,0.13610300421714783,0.16912700235843658,0.13610300421714783,0.15900999307632446,81789362
2020-03-20T00:00:00.000000Z,0.1585720032453537,0.18357099592685699,0.14910399913787842,0.15701599419116974,79621990
2020-03-21T00:00:00.000000Z,0.15701599419116974,0.16234199702739716,0.14578799903392792,0.15325100719928741,57755100
2020-03-22T00:00:00.000000Z,0.15307199954986572,0.16521400213241577,0.14575499296188354,0.14724099636077881,69375466
2020-03-23T00:00:00.000000Z,0.14724099636077881,0.1601559966802597,0.14445300400257111,0.15885600447654724,59888502
2020-03-24T00:00:00.000000Z,0.15878400206565857,0.16269400715827942,0.15338499844074249,0.15951299667358398,51348793
2020-03-25T00:00:00.000000Z,0.15963900089263916,0.1606609970331192,0.1515049934387207,0.15334600210189819,53328323
2020-03-26T00:00:00.000000Z,0.15334600210189819,0.15918000042438507,0.15152400732040405,0.15888899564743042,54441140
2020-03-27T00:00:00.000000Z,0.1588670015335083,0.1656470000743866,0.15726999938488007,0.15773500502109528,67581402
2020-03-28T00:00:00.000000Z,0.15719799697399139,0.15719799697399139,0.14586099982261658,0.14956499636173248,49928135
2020-03-29T00:00:00.000000Z,0.14951799809932709,0.15118299424648285,0.14364899694919586,0.14422899484634399,46495007
2020-03-30T00:00:00.000000Z,0.14458000659942627,0.15588900446891785,0.14325200021266937,0.1553570032119751,41837656
2020-03-31T00:00:00.000000Z,0.15518899261951447,0.15731999278068542,0.15238699316978455,0.15465399622917175,55109430
2020-04-01T00:00:00.000000Z,0.15465399622917175,0.15574699640274048,0.14884999394416809,0.15463300049304962,54771424
2020-04-02T00:00:00.000000Z,0.15492099523544312,0.16259300708770752,0.15325400233268738,0.15826599299907684,54655996
2020-04-03T00:00:00.000000Z,0.15821200609207153,0.16185000538825989,0.1556989997625351,0.15881800651550293,66902988
2020-04-04T00:00:00.000000Z,0.15862800180912018,0.17787699401378632,0.15862800180912018,0.17787699401378632,79263376
2020-04-05T00:00:00.000000Z,0.17934000492095947,0.18403400480747223,0.16770200431346893,0.17120000720024109,85592965
2020-04-06T00:00:00.000000Z,0.17148099839687347,0.18693199753761292,0.16969500482082367,0.18590599298477173,71154137
2020-04-07T00:00:00.000000Z,0.18616099655628204,0.198744997382164,0.18397000432014465,0.18524199724197388,75472243
2020-04-08T00:00:00.000000Z,0.1848829984664917,0.20426599681377411,0.18449099361896515,0.20367500185966492,73383030
2020-04-09T00:00:00.000000Z,0.2030549943447113,0.20890699326992035,0.19539600610733032,0.2015720009803772,84237451
2020-04-10T00:00:00.000000Z,0.20205500721931458,0.20205500721931458,0.17231699824333191,0.17914900183677673,84065535
2020-04-11T00:00:00.000000Z,0.17914900183677673,0.18535900115966797,0.17441900074481964,0.17833000421524048,64134763
2020-04-12T00:00:00.000000Z,0.17840400338172913,0.18617799878120422,0.17507299780845642,0.18063299357891083,77523165
2020-04-13T00:00:00.000000Z,0.18039600551128387,0.18039600551128387,0.17006599903106689,0.17528200149536133,75958371
2020-04-14T00:00:00.000000Z,0.17528200149536133,0.18186299502849579,0.17262899875640869,0.17746199667453766,73021132
2020-04-15T00:00:00.000000Z,0.17743100225925446,0.18334299325942993,0.16890400648117065,0.16914600133895874,74008729
2020-04-16T00:00:00.000000Z,0.16944199800491333,0.18810400366783142,0.16590599715709686,0.18533599376678467,78143001
2020-04-17T00:00:00.000000Z,0.18557800352573395,0.19265300035476685,0.18436999619007111,0.18917900323867798,66840388
2020-04-18T00:00:00.000000Z,0.18917900323867798,0.20059500634670258,0.18917900323867798,0.19933499395847321,64241406
2020-04-19T00:00:00.000000Z,0.19914300739765167,0.20018799602985382,0.18914100527763367,0.18949699401855469,63204436
2020-04-20T00:00:00.000000Z,0.18949699401855469,0.19454400241374969,0.17627699673175812,0.17798000574111938,58448787
2020-04-21T00:00:00.000000Z,0.17791800200939178,0.18128399550914764,0.17574200034141541,0.17895700037479401,49135039
2020-04-22T00:00:00.000000Z,0.17919699847698212,0.18869100511074066,0.17707100510597229,0.18722899258136749,45455957
2020-04-23T00:00:00.000000Z,0.18682500720024109,0.19646300375461578,0.18260599672794342,0.19397799670696259,50456386
2020-04-24T00:00:00.000000Z,0.19440999627113342,0.21478800475597382,0.19402700662612915,0.21051900088787079,69664599
2020-04-25T00:00:00.000000Z,0.21035300195217133,0.22235099971294403,0.20513099431991577,0.21243700385093689,62443712
2020-04-26T00:00:00.000000Z,0.21265700459480286,0.23346599936485291,0.21229900419712067,0.22520400583744049,76681404
2020-04-27T00:00:00.000000Z,0.2251020073890686,0.22658400237560272,0.20880399644374847,0.21683700382709503,60508832
2020-04-28T00:00:00.000000Z,0.21797899901866913,0.22383800148963928,0.2112089991569519,0.21732600033283234,45364573
2020-04-29T00:00:00.000000Z,0.21746799349784851,0.23221999406814575,0.21539099514484406,0.23045100271701813,70164558
2020-04-30T00:00:00.000000Z,0.23095700144767761,0.23216399550437927,0.20410500466823578,0.21090300381183624,84265320
2020-05-01T00:00:00.000000Z,0.21090300381183624,0.2228740006685257,0.21039800345897675,0.21467800438404083,56237918
2020-05-02T00:00:00.000000Z,0.21489700675010681,0.22196200489997864,0.21392899751663208,0.21913899481296539,53818143
2020-05-03T00:00:00.000000Z,0.21877500414848328,0.22242200374603271,0.2037619948387146,0.20729100704193115,78042152
2020-05-04T00:00:00.000000Z,0.20724299550056458,0.21150499582290649,0.19178299605846405,0.20691899955272675,64924300
2020-05-05T00:00:00.000000Z,0.20672699809074402,0.21147400140762329,0.20300300419330597,0.20994000136852264,71182196
2020-05-06T00:00:00.000000Z,0.20997999608516693,0.21197199821472168,0.20015400648117065,0.20015400648117065,60724610
2020-05-07T00:00:00.000000Z,0.20015400648117065,0.20615999400615692,0.19506500661373138,0.20332600176334381,60485706
2020-05-08T00:00:00.000000Z,0.20332600176334381,0.22278299927711487,0.20063799619674683,0.21749599277973175,67456129
2020-05-09T00:00:00.000000Z,0.21798999607563019,0.22457499802112579,0.21149200201034546,0.21536999940872192,58914201
2020-05-10T00:00:00.000000Z,0.21551400423049927,0.21551400423049927,0.18371100723743439,0.19120800495147705,59119357
2020-05-11T00:00:00.000000Z,0.19157899916172028,0.19941399991512299,0.18109999597072601,0.18708699941635132,50793469
2020-05-12T00:00:00.000000Z,0.18718600273132324,0.19945700466632843,0.18693999946117401,0.19369499385356903,30782124
2020-05-13T00:00:00.000000Z,0.19311900436878204,0.19856800138950348,0.18969300389289856,0.19614499807357788,32384911
2020-05-14T00:00:00.000000Z,0.19507500529289246,0.20430399477481842,0.19457800686359406,0.19753700494766235,46584124
2020-05-15T00:00:00.000000Z,0.19748499989509583,0.20152400434017181,0.1922840029001236,0.19239400327205658,31883336
2020-05-16T00:00:00.000000Z,0.19308300316333771,0.19970500469207764,0.19091600179672241,0.19790400564670563,30170528
2020-05-17T00:00:00.000000Z,0.19846299290657043,0.20380599796772003,0.1970050036907196,0.19779099524021149,31700968
2020-05-18T00:00:00.000000Z,0.1983799934387207,0.20391599833965302,0.19774499535560608,0.20070800185203552,30816357
2020-05-19T00:00:00.000000Z,0.20157699286937714,0.20246100425720215,0.19638499617576599,0.19983600080013275,30642636
2020-05-20T00:00:00.000000Z,0.20006699860095978,0.2139659970998764,0.1994519978761673,0.20953500270843506,44161496
2020-05-21T00:00:00.000000Z,0.20897300541400909,0.20950900018215179,0.18434800207614899,0.19269600510597229,40452333
2020-05-22T00:00:00.000000Z,0.19262999296188354,0.20838800072669983,0.19013099372386932,0.20489600300788879,42004290
2020-05-23T00:00:00.000000Z,0.20508700609207153,0.21209800243377686,0.19975699484348297,0.20308400690555573,36046130
2020-05-24T00:00:00.000000Z,0.2025350034236908,0.21105200052261353,0.19761599600315094,0.19851699471473694,42598096
2020-05-25T00:00:00.000000Z,0.19820599257946014,0.21263200044631958,0.19584900140762329,0.21138699352741241,41018288
2020-05-26T00:00:00.000000Z,0.21138200163841248,0.22229400277137756,0.20724800229072571,0.21794900298118591,51131422
2020-05-27T00:00:00.000000Z,0.21794900298118591,0.22582699358463287,0.21537899971008301,0.22114899754524231,40930894
2020-05-28T00:00:00.000000Z,0.22088700532913208,0.22723400592803955,0.21457700431346893,0.22642500698566437,34772783
2020-05-29T00:00:00.000000Z,0.22657099366188049,0.23528499901294708,0.22364400327205658,0.22898499667644501,40694258
2020-05-30T00:00:00.000000Z,0.22889900207519531,0.24339200556278229,0.22539600729942322,0.24329900741577148,45564525
2020-05-31T00:00:00.000000Z,0.24342100322246552,0.25859498977661133,0.23033800721168518,0.23467099666595459,68364969
2020-06-01T00:00:00.000000Z,0.23467600345611572,0.25611799955368042,0.23280200362205505,0.24942800402641296,59858535
2020-06-02T00:00:00.000000Z,0.24963399767875671,0.25832998752593994,0.23709399998188019,0.24533100426197052,38177362
2020-06-03T00:00:00.000000Z,0.24533100426197052,0.24563500285148621,0.23853999376296997,0.24209600687026978,25893456
2020-06-04T00:00:00.000000Z,0.24207599461078644,0.24922999739646912,0.24023500084877014,0.24241599440574646,30213204
2020-06-05T00:00:00.000000Z,0.24241599440574646,0.24246899783611298,0.23321199417114258,0.23321199417114258,28128503
2020-06-06T00:00:00.000000Z,0.23322500288486481,0.23830400407314301,0.23010900616645813,0.23717300593852997,24059435
2020-06-07T00:00:00.000000Z,0.23717300593852997,0.23801499605178833,0.22645899653434753,0.23204000294208527,22008257
2020-06-08T00:00:00.000000Z,0.23213000595569611,0.23567700386047363,0.22998200356960297,0.23413799703121185,22525776
2020-06-09T00:00:00.000000Z,0.23424099385738373,0.24343200027942657,0.23086300492286682,0.2429330050945282,24682686
2020-06-10T00:00:00.000000Z,0.24296900629997253,0.24831600487232208,0.24104399979114532,0.24690300226211548,28028320
2020-06-11T00:00:00.000000Z,0.24690300226211548,0.25043100118637085,0.22662200033664703,0.23161299526691437,32256440
2020-06-12T00:00:00.000000Z,0.23149800300598145,0.23362399637699127,0.22679400444030762,0.23216900229454041,24659783
2020-06-13T00:00:00.000000Z,0.23229700326919556,0.2360910028219223,0.22959700226783752,0.23489400744438171,20116921
2020-06-14T00:00:00.000000Z,0.2351280003786087,0.24607299268245697,0.23117800056934357,0.2346780002117157,31124757
2020-06-15T00:00:00.000000Z,0.23456400632858276,0.23456400632858276,0.21138699352741241,0.22733700275421143,35283462
2020-06-16T00:00:00.000000Z,0.22733800113201141,0.24056099355220795,0.22647300362586975,0.23565399646759033,30256963
2020-06-17T00:00:00.000000Z,0.23562400043010712,0.24677500128746033,0.23115099966526031,0.24472500383853912,36893707
2020-06-18T00:00:00.000000Z,0.24463999271392822,0.2513200044631958,0.23950499296188354,0.24114899337291718,36043033
2020-06-19T00:00:00.000000Z,0.24129399657249451,0.24129399657249451,0.23049899935722351,0.23054000735282898,26128647
2020-06-20T00:00:00.000000Z,0.23066699504852295,0.23451399803161621,0.22720099985599518,0.23048900067806244,22772469
2020-06-21T00:00:00.000000Z,0.23045800626277924,0.23898500204086304,0.23045800626277924,0.2328609973192215,21557690
2020-06-22T00:00:00.000000Z,0.23263800144195557,0.2402849942445755,0.23257000744342804,0.2402849942445755,24114135
2020-06-23T00:00:00.000000Z,0.24056300520896912,0.25103101134300232,0.23630300164222717,0.24895299971103668,30239369
2020-06-24T00:00:00.000000Z,0.24955999851226807,0.25620600581169128,0.23260499536991119,0.23886199295520782,42345209
2020-06-25T00:00:00.000000Z,0.23902200162410736,0.24002900719642639,0.22729699313640594,0.23507499694824219,27561878
2020-06-26T00:00:00.000000Z,0.23475499451160431,0.2353920042514801,0.2218330055475235,0.22250500321388245,30965671
2020-06-27T00:00:00.000000Z,0.22266100347042084,0.22363199293613434,0.19989700615406036,0.20586599409580231,30971071
2020-06-28T00:00:00.000000Z,0.20586599409580231,0.21245899796485901,0.19872300326824188,0.20808400213718414,24227939
2020-06-29T00:00:00.000000Z,0.20804500579833984,0.215379998087883,0.2070620059967041,0.21442000567913055,22667921
2020-06-30T00:00:00.000000Z,0.21422399580478668,0.21469399333000183,0.20758700370788574,0.20841200649738312,17000167
2020-07-01T00:00:00.000000Z,0.20851999521255493,0.21819800138473511,0.2076990008354187,0.214369997382164,19987708
2020-07-02T00:00:00.000000Z,0.21436800062656403,0.21779300272464752,0.20393699407577515,0.2072020024061203,24088543
2020-07-03T00:00:00.000000Z,0.20712399482727051,0.20801900327205658,0.20319999754428864,0.20397399365901947,18788671
2020-07-04T00:00:00.000000Z,0.20393599569797516,0.21772000193595886,0.2035910040140152,0.21720999479293823,22962550
2020-07-05T00:00:00.000000Z,0.21730099618434906,0.21925799548625946,0.2097959965467453,0.21514199674129486,21720266
2020-07-06T00:00:00.000000Z,0.21514199674129486,0.23105800151824951,0.21514199674129486,0.22854000329971313,34005170
2020-07-07T00:00:00.000000Z,0.22860799729824066,0.23549999296665192,0.22260800004005432,0.2324959933757782,28795350
2020-07-08T00:00:00.000000Z,0.2324959933757782,0.25111401081085205,0.23045800626277924,0.24686899781227112,39878814
2020-07-09T00:00:00.000000Z,0.24686899781227112,0.25383201241493225,0.23551300168037415,0.24252399802207947,41951827
2020-07-10T00:00:00.000000Z,0.24201899766921997,0.25169900059700012,0.23023100197315216,0.24994400143623352,34658190
2020-07-11T00:00:00.000000Z,0.24993599951267242,0.29325199127197266,0.24938200414180756,0.2798829972743988,97654539
2020-07-12T00:00:00.000000Z,0.27988401055335999,0.28542700409889221,0.26337400078773499,0.27914899587631226,48952586
2020-07-13T00:00:00.000000Z,0.27914899587631226,0.28981098532676697,0.26207301020622253,0.2659049928188324,61304601
2020-07-14T00:00:00.000000Z,0.2659049928188324,0.27628499269485474,0.25295799970626831,0.27228200435638428,47664473
2020-07-15T00:00:00.000000Z,0.27218800783157349,0.29124000668525696,0.26131701469421387,0.28803199529647827,58034540
2020-07-16T00:00:00.000000Z,0.2879129946231842,0.35900598764419556,0.26629599928855896,0.35223999619483948,207333074
2020-07-17T00:00:00.000000Z,0.35430899262428284,0.38094300031661987,0.33296200633049011,0.34683901071548462,146141038
2020-07-18T00:00:00.000000Z,0.34643200039863586,0.36301401257514954,0.33225199580192566,0.3550029993057251,65071045
2020-07-19T00:00:00.000000Z,0.35533300042152405,0.39461898803710938,0.34088999032974243,0.38820099830627441,73970160
2020-07-20T00:00:00.000000Z,0.38830998539924622,0.39366000890731812,0.34427300095558167,0.3597089946269989,103494709
2020-07-21T00:00:00.000000Z,0.3581329882144928,0.36968499422073364,0.33909898996353149,0.34539899230003357,78305897
2020-07-22T00:00:00.000000Z,0.34559899568557739,0.35687699913978577,0.34436601400375366,0.34608900547027588,50305323
2020-07-23T00:00:00.000000Z,0.34603801369667053,0.34909400343894958,0.32594001293182373,0.32869601249694824,53781716
2020-07-24T00:00:00.000000Z,0.32875600457191467,0.33030501008033752,0.31132000684738159,0.31191200017929077,41895273
2020-07-25T00:00:00.000000Z,0.31218498945236206,0.33619898557662964,0.31143298745155334,0.31912699341773987,46361293
2020-07-26T00:00:00.000000Z,0.3190540075302124,0.33074000477790833,0.30638700723648071,0.32054701447486877,52223639
2020-07-27T00:00:00.000000Z,0.32054701447486877,0.32326599955558777,0.27173998951911926,0.28744900226593018,85347338
2020-07-28T00:00:00.000000Z,0.28753599524497986,0.31591400504112244,0.27768498659133911,0.31328898668289185,62403459
2020-07-29T00:00:00.000000Z,0.31393799185752869,0.32691299915313721,0.30759701132774353,0.30885401368141174,50534906
2020-07-30T00:00:00.000000Z,0.30889600515365601,0.34661298990249634,0.30595800280570984,0.33373299241065979,138288081
2020-07-31T00:00:00.000000Z,0.33414000272750854,0.35171800851821899,0.31588399410247803,0.32534199953079224,75002381
2020-08-01T00:00:00.000000Z,0.32534199953079224,0.33383101224899292,0.31995999813079834,0.32655298709869385,58184980
2020-08-02T00:00:00.000000Z,0.32610699534416199,0.33407500386238098,0.28520798683166504,0.30119800567626953,57456906
2020-08-03T00:00:00.000000Z,0.30119800567626953,0.32135498523712158,0.29870900511741638,0.30963200330734253,35563711
2020-08-04T00:00:00.000000Z,0.30963200330734253,0.33070200681686401,0.3096039891242981,0.32636100053787231,36437559
2020-08-05T00:00:00.000000Z,0.32646900415420532,0.34546101093292236,0.32223200798034668,0.33621001243591309,59452182
2020-08-06T00:00:00.000000Z,0.33602100610733032,0.37336501479148865,0.33482098579406738,0.36397799849510193,80849804
2020-08-07T00:00:00.000000Z,0.36398300528526306,0.37964901328086853,0.34228399395942688,0.36985799670219421,65591141
2020-08-08T00:00:00.000000Z,0.36994999647140503,0.45899900794029236,0.36952498555183411,0.45136100053787231,128587701
2020-08-09T00:00:00.000000Z,0.4513239860534668,0.47064700722694397,0.41425400972366333,0.42550700902938843,119127687
2020-08-10T00:00:00.000000Z,0.42550700902938843,0.48624199628829956,0.41010001301765442,0.46851000189781189,130243509
2020-08-11T00:00:00.000000Z,0.46871200203895569,0.48754701018333435,0.40014299750328064,0.43742001056671143,128248142
2020-08-12T00:00:00.000000Z,0.43749698996543884,0.54494297504425049,0.40860098600387573,0.52841800451278687,182545506
2020-08-13T00:00:00.000000Z,0.52834898233413696,0.69650501012802124,0.50873798131942749,0.66828197240829468,462974560
2020-08-14T00:00:00.000000Z,0.66900599002838135,0.76191902160644531,0.62431401014328003,0.63861197233200073,347203425
2020-08-15T00:00:00.000000Z,0.63862097263336182,0.70450800657272339,0.60023802518844604,0.63740098476409912,238718892
2020-08-16T00:00:00.000000Z,0.6369360089302063,0.66338998079299927,0.61844098567962646,0.62941700220108032,167466878
2020-08-17T00:00:00.000000Z,0.62941700220108032,0.6910330057144165,0.58321297168731689,0.5858839750289917,191812541
2020-08-18T00:00:00.000000Z,0.58592098951339722,0.60585099458694458,0.52763402462005615,0.55814898014068604,181855579
2020-08-19T00:00:00.000000Z,0.55793499946594238,0.62273401021957397,0.5161290168762207,0.59779602289199829,276243241
2020-08-20T00:00:00.000000Z,0.59779602289199829,0.66470199823379517,0.5956529974937439,0.62782299518585205,220969281
2020-08-21T00:00:00.000000Z,0.62703198194503784,0.6323699951171875,0.52836698293685913,0.53203201293945312,207671088
2020-08-22T00:00:00.000000Z,0.53312200307846069,0.58655798435211182,0.51445698738098145,0.56817400455474854,168290282
2020-08-23T00:00:00.000000Z,0.56505602598190308,0.63662797212600708,0.54709500074386597,0.61354899406433105,174829794
2020-08-24T00:00:00.000000Z,0.61325597763061523,0.66264301538467407,0.59665298461914062,0.63320398330688477,175121216
2020-08-25T00:00:00.000000Z,0.63163900375366211,0.63690000772476196,0.53521698713302612,0.56352198123931885,229197386
2020-08-26T00:00:00.000000Z,0.5631750226020813,0.58716601133346558,0.53317397832870483,0.55113798379898071,193190502
2020-08-27T00:00:00.000000Z,0.55114400386810303,0.55828702449798584,0.49526500701904297,0.52138602733612061,195555976
2020-08-28T00:00:00.000000Z,0.52126598358154297,0.56048697233200073,0.51459300518035889,0.5352180004119873,165850062
2020-08-29T00:00:00.000000Z,0.53421497344970703,0.54842299222946167,0.52512001991271973,0.5366700291633606,126976934
2020-08-30T00:00:00.000000Z,0.53531599044799805,0.54960799217224121,0.51325899362564087,0.51870197057723999,133607019
2020-08-31T00:00:00.000000Z,0.51854997873306274,0.52634900808334351,0.50376600027084351,0.50376600027084351,130325932
2020-09-01T00:00:00.000000Z,0.50367599725723267,0.55031299591064453,0.49662101268768311,0.51804101467132568,190460341
2020-09-02T00:00:00.000000Z,0.51792097091674805,0.52623999118804932,0.43099400401115417,0.46448901295661926,176105219
2020-09-03T00:00:00.000000Z,0.46447199583053589,0.47055301070213318,0.34171399474143982,0.35182499885559082,141289498
2020-09-04T00:00:00.000000Z,0.35033398866653442,0.38824701309204102,0.33795499801635742,0.37608000636100769,140720515
2020-09-05T00:00:00.000000Z,0.37579700350761414,0.40067601203918457,0.31878000497817993,0.34114700555801392,124160080
2020-09-06T00:00:00.000000Z,0.34165999293327332,0.38661998510360718,0.32042801380157471,0.3746350109577179,140628688
2020-09-07T00:00:00.000000Z,0.37494298815727234,0.38443899154663086,0.33228799700737,0.36998200416564941,142839454
2020-09-08T00:00:00.000000Z,0.37156000733375549,0.37660801410675049,0.33848398923873901,0.34817498922348022,106371786
2020-09-09T00:00:00.000000Z,0.34841799736022949,0.42977100610733032,0.33867800235748291,0.41326901316642761,179285268
2020-09-10T00:00:00.000000Z,0.41383400559425354,0.45034998655319214,0.40221399068832397,0.415242999792099,226878525
2020-09-11T00:00:00.000000Z,0.415242999792099,0.415242999792099,0.39116701483726501,0.41260498762130737,167917174
2020-09-12T00:00:00.000000Z,0.41161501407623291,0.41760200262069702,0.39958399534225464,0.40922701358795166,147918798
2020-09-13T00:00:00.000000Z,0.40923199057579041,0.41570299863815308,0.36032700538635254,0.37727600336074829,146261454
2020-09-14T00:00:00.000000Z,0.37680000066757202,0.39164900779724121,0.36759299039840698,0.38297700881958008,127090720
2020-09-15T00:00:00.000000Z,0.38297700881958008,0.3877750039100647,0.35275799036026001,0.35381001234054565,137166676
2020-09-16T00:00:00.000000Z,0.35414201021194458,0.36246299743652344,0.33881598711013794,0.36079400777816772,131124197
2020-09-17T00:00:00.000000Z,0.36079400777816772,0.37523099780082703,0.34688800573348999,0.35732200741767883,133380024
2020-09-18T00:00:00.000000Z,0.35732200741767883,0.36312100291252136,0.32988199591636658,0.33694300055503845,134404170
2020-09-19T00:00:00.000000Z,0.33728501200675964,0.34537100791931152,0.32635501027107239,0.34220200777053833,95511990
2020-09-20T00:00:00.000000Z,0.34315299987792969,0.35807600617408752,0.31463301181793213,0.32780998945236206,119120575
2020-09-21T00:00:00.000000Z,0.32719799876213074,0.33019199967384338,0.28043699264526367,0.2890700101852417,120549272
2020-09-22T00:00:00.000000Z,0.28871700167655945,0.31309801340103149,0.27730199694633484,0.30679699778556824,73652521
2020-09-23T00:00:00.000000Z,0.30767598748207092,0.30992200970649719,0.26441699266433716,0.26785099506378174,131999425
2020-09-24T00:00:00.000000Z,0.27061399817466736,0.29775300621986389,0.19841200113296509,0.29443800449371338,63506796
2020-09-25T00:00:00.000000Z,0.29406800866127014,0.32705101370811462,0.28993600606918335,0.31749001145362854,69380549
2020-09-26T00:00:00.000000Z,0.31739500164985657,0.34081301093101501,0.31536298990249634,0.32630300521850586,60650635
2020-09-27T00:00:00.000000Z,0.32570499181747437,0.32661798596382141,0.30493700504302979,0.31384000182151794,47989116
2020-09-28T00:00:00.000000Z,0.3141539990901947,0.34760499000549316,0.31345400214195251,0.32833701372146606,67843978
2020-09-29T00:00:00.000000Z,0.32754701375961304,0.34267601370811462,0.32155001163482666,0.33622598648071289,104029049
2020-09-30T00:00:00.000000Z,0.33685699105262756,0.34571099281311035,0.32074901461601257,0.34571099281311035,106426941
2020-10-01T00:00:00.000000Z,0.34657898545265198,0.36910000443458557,0.32839399576187134,0.334291011095047,156750918
2020-10-02T00:00:00.000000Z,0.33397799730300903,0.33964800834655762,0.29409998655319214,0.31711500883102417,208599779
2020-10-03T00:00:00.000000Z,0.31708899140357971,0.32990700006484985,0.31281599402427673,0.31387600302696228,147675549
2020-10-04T00:00:00.000000Z,0.31432101130485535,0.31985300779342651,0.30624198913574219,0.31327301263809204,131929747
2020-10-05T00:00:00.000000Z,0.31327399611473083,0.32232001423835754,0.30780300498008728,0.31787198781967163,122455641
2020-10-06T00:00:00.000000Z,0.31781101226806641,0.32139399647712708,0.28368601202964783,0.2876020073890686,142004290
2020-10-07T00:00:00.000000Z,0.28530898690223694,0.30960100889205933,0.27761700749397278,0.30552199482917786,153773046
2020-10-08T00:00:00.000000Z,0.30738800764083862,0.31392198801040649,0.29018199443817139,0.30737501382827759,147516868
2020-10-09T00:00:00.000000Z,0.30786100029945374,0.3323340117931366,0.30069801211357117,0.33071300387382507,152635150
2020-10-10T00:00:00.000000Z,0.32987299561500549,0.33766800165176392,0.32053300738334656,0.32452300190925598,149128190
2020-10-11T00:00:00.000000Z,0.32449799776077271,0.33791801333427429,0.31663399934768677,0.33220100402832031,150596743
2020-10-12T00:00:00.000000Z,0.33197900652885437,0.36241298913955688,0.3282569944858551,0.34442499279975891,206423893
2020-10-13T00:00:00.000000Z,0.34400901198387146,0.35572001338005066,0.33199000358581543,0.34332799911499023,172399878
2020-10-14T00:00:00.000000Z,0.34439298510551453,0.34794801473617554,0.31996700167655945,0.32695499062538147,171646779
2020-10-15T00:00:00.000000Z,0.32718300819396973,0.33188599348068237,0.30687600374221802,0.31519699096679688,103784753
2020-10-16T00:00:00.000000Z,0.31422600150108337,0.31732800602912903,0.29675498604774475,0.29919400811195374,119502553
2020-10-17T00:00:00.000000Z,0.29940199851989746,0.31784200668334961,0.29875299334526062,0.31250900030136108,77610984
2020-10-18T00:00:00.000000Z,0.3140450119972229,0.31628501415252686,0.30945399403572083,0.3162580132484436,103439389
2020-10-19T00:00:00.000000Z,0.31474798917770386,0.31743800640106201,0.30189201235771179,0.30285799503326416,108467486
2020-10-20T00:00:00.000000Z,0.30287200212478638,0.30467599630355835,0.28213000297546387,0.28730300068855286,74330601
2020-10-21T00:00:00.000000Z,0.2868419885635376,0.31247198581695557,0.28594401478767395,0.30155399441719055,60706484
2020-10-22T00:00:00.000000Z,0.30149799585342407,0.32468599081039429,0.30149799585342407,0.31531700491905212,80446555
2020-10-23T00:00:00.000000Z,0.3153499960899353,0.32320898771286011,0.30128198862075806,0.30869099497795105,80162817
2020-10-24T00:00:00.000000Z,0.30869099497795105,0.3135409951210022,0.30366399884223938,0.30737701058387756,67012147
2020-10-25T00:00:00.000000Z,0.30737701058387756,0.31186801195144653,0.29892298579216003,0.30318799614906311,68278477
2020-10-26T00:00:00.000000Z,0.30318799614906311,0.30698400735855103,0.28540199995040894,0.29146000742912292,81997964
2020-10-27T00:00:00.000000Z,0.2914620041847229,0.2991349995136261,0.28336599469184875,0.28753599524497986,81941358
2020-10-28T00:00:00.000000Z,0.28753799200057983,0.2920520007610321,0.26717600226402283,0.27732700109481812,93228863
2020-10-29T00:00:00.000000Z,0.27732700109481812,0.28343600034713745,0.25376701354980469,0.25608700513839722,82069856
2020-10-30T00:00:00.000000Z,0.25608700513839722,0.25770199298858643,0.23876400291919708,0.25445300340652466,99778074
2020-10-31T00:00:00.000000Z,0.25445398688316345,0.26431301236152649,0.24792200326919556,0.24947099387645721,65674043
2020-11-01T00:00:00.000000Z,0.24947099387645721,0.26181599497795105,0.24374100565910339,0.25729098916053772,58993441
2020-11-02T00:00:00.000000Z,0.25729000568389893,0.26167699694633484,0.24453400075435638,0.24614700675010681,59993282
2020-11-03T00:00:00.000000Z,0.24614700675010681,0.24757100641727448,0.22655400633811951,0.23287099599838257,61006685
2020-11-04T00:00:00.000000Z,0.23287700116634369,0.24353300034999847,0.22212399542331696,0.23859800398349762,68372676
2020-11-05T00:00:00.000000Z,0.23859900236129761,0.25376099348068237,0.23407299816608429,0.24770699441432953,47384257
2020-11-06T00:00:00.000000Z,0.24768799543380737,0.28110000491142273,0.24761000275611877,0.27647098898887634,53370602
2020-11-07T00:00:00.000000Z,0.27647098898887634,0.29678300023078918,0.24512599408626556,0.25826600193977356,93241589
2020-11-08T00:00:00.000000Z,0.25826600193977356,0.27502900362014771,0.25450500845909119,0.26649400591850281,42481944
2020-11-09T00:00:00.000000Z,0.26649400591850281,0.27290099859237671,0.25479599833488464,0.26061999797821045,44327720
2020-11-10T00:00:00.000000Z,0.26064199209213257,0.29205501079559326,0.25708600878715515,0.28678399324417114,66371409
2020-11-11T00:00:00.000000Z,0.28678500652313232,0.29360699653625488,0.27738499641418457,0.27873799204826355,52318889
2020-11-12T00:00:00.000000Z,0.27873298525810242,0.27873298525810242,0.26069200038909912,0.265159010887146,40815820
2020-11-13T00:00:00.000000Z,0.265159010887146,0.28095701336860657,0.26337999105453491,0.27974501252174377,51460690
2020-11-14T00:00:00.000000Z,0.27974501252174377,0.279774010181427,0.26353698968887329,0.2658270001411438,47149542
2020-11-15T00:00:00.000000Z,0.2658270001411438,0.27117499709129333,0.24886099994182587,0.25488600134849548,57838422
2020-11-16T00:00:00.000000Z,0.2548849880695343,0.2721799910068512,0.25272101163864136,0.26969200372695923,61158972
2020-11-17T00:00:00.000000Z,0.27281001210212708,0.27836799621582031,0.26859700679779053,0.27402999997138977,54733261
2020-11-18T00:00:00.000000Z,0.27401700615882874,0.27723100781440735,0.25758299231529236,0.26748201251029968,71924359
2020-11-19T00:00:00.000000Z,0.26748299598693848,0.27129200100898743,0.25560200214385986,0.2645609974861145,41325515
2020-11-20T00:00:00.000000Z,0.26456201076507568,0.28872400522232056,0.26449000835418701,0.28440201282501221,63907790
2020-11-21T00:00:00.000000Z,0.28440201282501221,0.32447299361228943,0.28440201282501221,0.31529399752616882,124532492
2020-11-22T00:00:00.000000Z,0.31529399752616882,0.32326298952102661,0.28137201070785522,0.2970300018787384,104518231
2020-11-23T00:00:00.000000Z,0.2970300018787384,0.34130001068115234,0.29356798529624939,0.33517301082611084,123633926
2020-11-24T00:00:00.000000Z,0.33536601066589355,0.37456798553466797,0.32769399881362915,0.35789200663566589,224480785
2020-11-25T00:00:00.000000Z,0.3578760027885437,0.41900798678398132,0.33339399099349976,0.34371501207351685,222071949
2020-11-26T00:00:00.000000Z,0.34359300136566162,0.3550649881362915,0.28077399730682373,0.30182299017906189,203880410
2020-11-27T00:00:00.000000Z,0.30186000466346741,0.31619301438331604,0.28657999634742737,0.29997798800468445,80462546
2020-11-28T00:00:00.000000Z,0.30016100406646729,0.32359001040458679,0.29579600691795349,0.31311100721359253,69329866
2020-11-29T00:00:00.000000Z,0.31315401196479797,0.32293099164962769,0.30170801281929016,0.31755799055099487,59560847
2020-11-30T00:00:00.000000Z,0.31754899024963379,0.33380299806594849,0.31379899382591248,0.32857099175453186,93029960
2020-12-01T00:00:00.000000Z,0.32885700464248657,0.34624201059341431,0.30681699514389038,0.30906200408935547,101960294
2020-12-02T00:00:00.000000Z,0.30899599194526672,0.34611201286315918,0.30127200484275818,0.34170100092887878,101946818
2020-12-03T00:00:00.000000Z,0.34189200401306152,0.35709500312805176,0.34020501375198364,0.3407210111618042,78058839
2020-12-04T00:00:00.000000Z,0.34078198671340942,0.37320399284362793,0.32316499948501587,0.32695800065994263,110866371
2020-12-05T00:00:00.000000Z,0.32668399810791016,0.35034701228141785,0.31953799724578857,0.34467801451683044,74950311
2020-12-06T00:00:00.000000Z,0.34429600834846497,0.34740999341011047,0.33066201210021973,0.33714398741722107,75516886
2020-12-07T00:00:00.000000Z,0.33713600039482117,0.34290701150894165,0.32423201203346252,0.3311539888381958,52230358
2020-12-08T00:00:00.000000Z,0.33110299706459045,0.33199998736381531,0.29486298561096191,0.30095300078392029,80324528
2020-12-09T00:00:00.000000Z,0.30104199051856995,0.30797699093818665,0.28721299767494202,0.30619001388549805,67088276
2020-12-10T00:00:00.000000Z,0.30616700649261475,0.30732598900794983,0.29163599014282227,0.29434800148010254,41624811
2020-12-11T00:00:00.000000Z,0.29435798525810242,0.29507100582122803,0.27734899520874023,0.28988999128341675,48422448
2020-12-12T00:00:00.000000Z,0.28946700692176819,0.31538400053977966,0.28915101289749146,0.30984398722648621,56942675
2020-12-13T00:00:00.000000Z,0.3098520040512085,0.31951999664306641,0.30531600117683411,0.30914300680160522,47397135
2020-12-14T00:00:00.000000Z,0.30928999185562134,0.31765899062156677,0.30462399125099182,0.31275498867034912,48466155
2020-12-15T00:00:00.000000Z,0.31278699636459351,0.3395250141620636,0.31278699636459351,0.32547599077224731,77662360
2020-12-16T00:00:00.000000Z,0.32548099756240845,0.34400498867034912,0.31930500268936157,0.33995500206947327,106922372
2020-12-17T00:00:00.000000Z,0.34000799059867859,0.35729598999023438,0.32574200630187988,0.33212599158287048,123624266
2020-12-18T00:00:00.000000Z,0.3321709930896759,0.36264899373054504,0.31747600436210632,0.35386300086975098,119453445
2020-12-19T00:00:00.000000Z,0.35379400849342346,0.38403999805450439,0.35095000267028809,0.35662698745727539,130789717
2020-12-20T00:00:00.000000Z,0.35652399063110352,0.35720700025558472,0.33065199851989746,0.3390049934387207,95694398
2020-12-21T00:00:00.000000Z,0.3393779993057251,0.36505898833274841,0.31459999084472656,0.32733100652694702,122394591
2020-12-22T00:00:00.000000Z,0.32668200135231018,0.34749498963356018,0.31853398680686951,0.33688700199127197,90816048
2020-12-23T00:00:00.000000Z,0.33676499128341675,0.35067901015281677,0.26963001489639282,0.28888601064682007,113589408
2020-12-24T00:00:00.000000Z,0.28955298662185669,0.31390601396560669,0.2824699878692627,0.31390601396560669,70852889
2020-12-25T00:00:00.000000Z,0.3137969970703125,0.3287929892539978,0.30445900559425354,0.30974400043487549,70992652
2020-12-26T00:00:00.000000Z,0.30967101454734802,0.32120099663734436,0.30154800415039062,0.30932000279426575,61623355
2020-12-27T00:00:00.000000Z,0.30930399894714355,0.33508199453353882,0.302156001329422,0.31912299990653992,92973623
2020-12-28T00:00:00.000000Z,0.31916999816894531,0.35627800226211548,0.31695300340652466,0.35623899102210999,77096646
2020-12-29T00:00:00.000000Z,0.35652899742126465,0.36083099246025085,0.32089400291442871,0.34591799974441528,114394973
2020-12-30T00:00:00.000000Z,0.34597399830818176,0.35848501324653625,0.32818698883056641,0.33554300665855408,76007919
2020-12-31T00:00:00.000000Z,0.33554300665855408,0.33615699410438538,0.31922701001167297,0.33403998613357544,63753450
2021-01-01T00:00:00.000000Z,0.33420699834823608,0.43128600716590881,0.33238700032234192,0.39812898635864258,341885747
2021-01-02T00:00:00.000000Z,0.39864099025726318,0.46071401238441467,0.38509100675582886,0.40809100866317749,417148719
2021-01-03T00:00:00.000000Z,0.40799099206924438,0.43437600135803223,0.39910998940467834,0.42276701331138611,263098398
2021-01-04T00:00:00.000000Z,0.42407700419425964,0.45952200889587402,0.37007600069046021,0.43866598606109619,257108478
2021-01-05T00:00:00.000000Z,0.44160598516464233,0.49342000484466553,0.40544900298118591,0.47942900657653809,423192879
2021-01-06T00:00:00.000000Z,0.4798780083656311,0.52818399667739868,0.46002399921417236,0.5113149881362915,374099920
2021-01-07T00:00:00.000000Z,0.51184302568435669,0.51904100179672241,0.45164600014686584,0.46282300353050232,295341182
2021-01-08T00:00:00.000000Z,0.46282899379730225,0.48212000727653503,0.4138999879360199,0.45476898550987244,248294641
2021-01-09T00:00:00.000000Z,0.45487800240516663,0.49321600794792175,0.43691098690032959,0.48624199628829956,204728849
2021-01-10T00:00:00.000000Z,0.48603600263595581,0.51387399435043335,0.42043900489807129,0.46203100681304932,257910313
2021-01-11T00:00:00.000000Z,0.46110498905181885,0.46110498905181885,0.37481200695037842,0.41698700189590454,258262717
2021-01-12T00:00:00.000000Z,0.41677498817443848,0.42985999584197998,0.39230901002883911,0.39768999814987183,137219408
2021-01-13T00:00:00.000000Z,0.39770200848579407,0.4519520103931427,0.38222500681877136,0.45074599981307983,128842017
2021-01-14T00:00:00.000000Z,0.45049700140953064,0.46589401364326477,0.43061599135398865,0.45364800095558167,116642595
2021-01-15T00:00:00.000000Z,0.45440700650215149,0.49680599570274353,0.43007498979568481,0.48837000131607056,274399567
2021-01-16T00:00:00.000000Z,0.48799499869346619,0.5498039722442627,0.48528099060058594,0.51889199018478394,296573002
2021-01-17T00:00:00.000000Z,0.5190960168838501,0.58431100845336914,0.48840600252151489,0.58405697345733643,300743172
2021-01-18T00:00:00.000000Z,0.58478999137878418,0.60381299257278442,0.5431789755821228,0.56610000133514404,261142097
2021-01-19T00:00:00.000000Z,0.56618499755859375,0.57169997692108154,0.51752299070358276,0.52348601818084717,182636174
2021-01-20T00:00:00.000000Z,0.52269399166107178,0.5477449893951416,0.48637399077415466,0.54602497816085815,197111759
2021-01-21T00:00:00.000000Z,0.54652899503707886,0.54939502477645874,0.4515799880027771,0.46153900027275085,182613767
2021-01-22T00:00:00.000000Z,0.46147999167442322,0.53851902484893799,0.4322659969329834,0.51102399826049805,185139633
2021-01-23T00:00:00.000000Z,0.50998097658157349,0.57002401351928711,0.5034639835357666,0.55705702304840088,196103379
2021-01-24T00:00:00.000000Z,0.55698698759078979,0.58089101314544678,0.55206501483917236,0.56344902515411377,189233850
2021-01-25T00:00:00.000000Z,0.56342899799346924,0.63262999057769775,0.55155301094055176,0.55824702978134155,277194483
2021-01-26T00:00:00.000000Z,0.5574219822883606,0.61911600828170776,0.53862500190734863,0.60162198543548584,234028040
2021-01-27T00:00:00.000000Z,0.60098600387573242,0.60145699977874756,0.5263180136680603,0.54315298795700073,211490314
2021-01-28T00:00:00.000000Z,0.5431860089302063,0.57780200242996216,0.52834802865982056,0.56116700172424316,200013864
2021-01-29T00:00:00.000000Z,0.5644720196723938,0.67913198471069336,0.55336898565292358,0.64095002412796021,377660793
2021-01-30T00:00:00.000000Z,0.64057302474975586,0.70031601190567017,0.6150820255279541,0.66379201412200928,382878779
2021-01-31T00:00:00.000000Z,0.6642259955406189,0.69730597734451294,0.62430799007415771,0.65124797821044922,309348318
2021-02-01T00:00:00.000000Z,0.65095800161361694,0.66522598266601562,0.6197580099105835,0.64344799518585205,253555579
2021-02-02T00:00:00.000000Z,0.64367097616195679,0.67150098085403442,0.62764400243759155,0.65265601873397827,218901999
2021-02-03T00:00:00.000000Z,0.652351975440979,0.74798697233200073,0.64891898632049561,0.74083399772644043,314896934
2021-02-04T00:00:00.000000Z,0.74252802133560181,0.75698798894882202,0.67507600784301758,0.70750600099563599,357906069
2021-02-05T00:00:00.000000Z,0.70763897895812988,0.88854199647903442,0.70037901401519775,0.83411598205566406,538956814
2021-02-06T00:00:00.000000Z,0.83358299732208252,0.86272901296615601,0.74614799022674561,0.81086498498916626,439952226
2021-02-07T00:00:00.000000Z,0.81076902151107788,0.87489098310470581,0.77414602041244507,0.84504002332687378,453238754
2021-02-08T00:00:00.000000Z,0.84474700689315796,1.0862270593643188,0.84430402517318726,1.0106070041656494,987137198
2021-02-09T00:00:00.000000Z,1.0074700117111206,1.0763829946517944,0.96668797731399536,1.0290169715881348,730369062
2021-02-10T00:00:00.000000Z,1.0290219783782959,1.0476729869842529,0.92183601856231689,1.0320899486541748,629613749
2021-02-11T00:00:00.000000Z,1.0321969985961914,1.2987879514694214,1.0321969985961914,1.2497169971466064,1240723518
2021-02-12T00:00:00.000000Z,1.2454400062561035,1.8246090412139893,1.1815949678421021,1.7124240398406982,2098583771
2021-02-13T00:00:00.000000Z,1.7177339792251587,1.7931180000305176,1.3762689828872681,1.6696950197219849,1617380782
2021-02-14T00:00:00.000000Z,1.6712280511856079,1.6848089694976807,1.4152239561080933,1.4720920324325562,958023564
2021-02-15T00:00:00.000000Z,1.4715859889984131,1.5441670417785645,1.2227369546890259,1.350877046585083,1282829302
2021-02-16T00:00:00.000000Z,1.350011944770813,1.4659719467163086,1.2754149436950684,1.3135279417037964,849383982
2021-02-17T00:00:00.000000Z,1.3138140439987183,1.4150259494781494,1.2049829959869385,1.3692610263824463,918368743
2021-02-18T00:00:00.000000Z,1.368630051612854,1.4469970464706421,1.3560210466384888,1.4006689786911011,613260929
2021-02-19T00:00:00.000000Z,1.4008680582046509,1.4258619546890259,1.3071719408035278,1.3744610548019409,587922601
2021-02-20T00:00:00.000000Z,1.373926043510437,1.4878330230712891,1.2545830011367798,1.3139970302581787,801624385
2021-02-21T00:00:00.000000Z,1.3122559785842896,1.3517650365829468,1.2715259790420532,1.3081640005111694,408227703
2021-02-22T00:00:00.000000Z,1.3084820508956909,1.3137160539627075,0.94946402311325073,1.1444499492645264,786990096
2021-02-23T00:00:00.000000Z,1.1441969871520996,1.1466319561004639,0.84170001745223999,0.9997979998588562,879735912
2021-02-24T00:00:00.000000Z,1.0022629499435425,1.1752430200576782,0.95651799440383911,1.0617610216140747,604870974
2021-02-25T00:00:00.000000Z,1.0618859529495239,1.1456060409545898,0.97600901126861572,0.97600901126861572,529090407
2021-02-26T00:00:00.000000Z,0.97892302274703979,1.0488929748535156,0.9042699933052063,0.97128599882125854,490080858
2021-02-27T00:00:00.000000Z,0.97210502624511719,1.1846779584884644,0.97210502624511719,1.098628044128418,546790290
2021-02-28T00:00:00.000000Z,1.0984989404678345,1.1276470422744751,0.95266097784042358,1.0172239542007446,598035361
2021-03-01T00:00:00.000000Z,1.019400954246521,1.1053709983825684,1.0106749534606934,1.0884579420089722,425868521
2021-03-02T00:00:00.000000Z,1.0886410474777222,1.1658589839935303,1.0434269905090332,1.0806909799575806,552897940
2021-03-03T00:00:00.000000Z,1.0813959836959839,1.2218400239944458,1.0601580142974854,1.1821440458297729,638690035
2021-03-04T00:00:00.000000Z,1.1821099519729614,1.2478929758071899,1.053292989730835,1.0934309959411621,558601276
2021-03-05T00:00:00.000000Z,1.0922549962997437,1.0948150157928467,1.0091079473495483,1.0580359697341919,415618857
2021-03-06T00:00:00.000000Z,1.0567070245742798,1.0707310438156128,1.0093079805374146,1.0540339946746826,269458490
2021-03-07T00:00:00.000000Z,1.0539319515228271,1.1368540525436401,1.0526260137557983,1.1036490201950073,319268550
2021-03-08T00:00:00.000000Z,1.1048409938812256,1.164741039276123,1.0648390054702759,1.1529079675674438,379936908
2021-03-09T00:00:00.000000Z,1.153689980506897,1.1843349933624268,1.1193289756774902,1.1806180477142334,404449001
2021-03-10T00:00:00.000000Z,1.1808010339736938,1.2285130023956299,1.0846790075302124,1.1099950075149536,439787738
2021-03-11T00:00:00.000000Z,1.1078569889068604,1.1245750188827515,1.0545419454574585,1.0828969478607178,331685164
2021-03-12T00:00:00.000000Z,1.0837399959564209,1.1502820253372192,1.0345339775085449,1.0521049499511719,455285823
2021-03-13T00:00:00.000000Z,1.0523519515991211,1.1683640480041504,1.017516016960144,1.1396410465240479,424560368
2021-03-14T00:00:00.000000Z,1.1392539739608765,1.1691910028457642,1.091122031211853,1.1303900480270386,404746123
2021-03-15T00:00:00.000000Z,1.1272120475769043,1.3376929759979248,1.1173889636993408,1.196815013885498,1215427012
2021-03-16T00:00:00.000000Z,1.1947660446166992,1.2454899549484253,1.1312210559844971,1.2005640268325806,632910988
2021-03-17T00:00:00.000000Z,1.2028800249099731,1.2950409650802612,1.1578389406204224,1.2950409650802612,443468960
2021-03-18T00:00:00.000000Z,1.2908409833908081,1.3777660131454468,1.2435619831085205,1.262334942817688,602618872
2021-03-19T00:00:00.000000Z,1.2606899738311768,1.3112050294876099,1.2175029516220093,1.2532080411911011,295857156
2021-03-20T00:00:00.000000Z,1.2536400556564331,1.3169200420379639,1.2068300247192383,1.2068300247192383,284449961
2021-03-21T00:00:00.000000Z,1.2092750072479248,1.2358549833297729,1.1557220220565796,1.1817710399627686,278155215
2021-03-22T00:00:00.000000Z,1.1816829442977905,1.227552056312561,1.0917320251464844,1.1085400581359863,287231851
2021-03-23T00:00:00.000000Z,1.1076749563217163,1.1594140529632568,1.0692069530487061,1.1131249666213989,305034134
2021-03-24T00:00:00.000000Z,1.1126209497451782,1.1848900318145752,1.0040669441223145,1.0334609746932983,355602691
2021-03-25T00:00:00.000000Z,1.0318889617919922,1.0771139860153198,0.98811399936676025,1.045246958732605,371973364
2021-03-26T00:00:00.000000Z,1.0452029705047607,1.1256370544433594,1.0424660444259644,1.1178079843521118,204442462
2021-03-27T00:00:00.000000Z,1.1178009510040283,1.217013955116272,1.0955020189285278,1.1595929861068726,350800206
2021-03-28T00:00:00.000000Z,1.1595690250396729,1.2692099809646606,1.1489200592041016,1.2367429733276367,368338603
2021-03-29T00:00:00.000000Z,1.236536979675293,1.4498709440231323,1.2193700075149536,1.4010679721832275,565200987
2021-03-30T00:00:00.000000Z,1.403296947479248,1.4269020557403564,1.3046660423278809,1.3260949850082397,418633321
2021-03-31T00:00:00.000000Z,1.3263939619064331,1.3724520206451416,1.2553399801254272,1.3696830272674561,369677700
2021-04-01T00:00:00.000000Z,1.3693809509277344,1.3988430500030518,1.3031469583511353,1.3261090517044067,312332954
2021-04-02T00:00:00.000000Z,1.3258470296859741,1.3695640563964844,1.3083980083465576,1.3612699508666992,256028256
2021-04-03T00:00:00.000000Z,1.3612680435180664,1.4702509641647339,1.2695469856262207,1.2695469856262207,457515567
2021-04-04T00:00:00.000000Z,1.2689369916915894,1.3554530143737793,1.2518310546875,1.3149319887161255,259162075
2021-04-05T00:00:00.000000Z,1.3153489828109741,1.4292299747467041,1.2830100059509277,1.4050110578536987,363893378
2021-04-06T00:00:00.000000Z,1.4031100273132324,1.4883149862289429,1.3617110252380371,1.4008500576019287,441199749
2021-04-07T00:00:00.000000Z,1.3999650478363037,1.4830039739608765,1.2554789781570435,1.3038699626922607,545441816
2021-04-08T00:00:00.000000Z,1.3050769567489624,1.3792309761047363,1.2970739603042603,1.3491289615631104,252938907
2021-04-09T00:00:00.000000Z,1.3500659465789795,1.4279119968414307,1.3223960399627686,1.3942450284957886,281543642
2021-04-10T00:00:00.000000Z,1.3948949575424194,1.4758369922637939,1.3557469844818115,1.3934069871902466,335532482
2021-04-11T00:00:00.000000Z,1.3908699750900269,1.5464409589767456,1.3662240505218506,1.5204880237579346,377203338
2021-04-12T00:00:00.000000Z,1.5235660076141357,1.5978519916534424,1.4393500089645386,1.4823789596557617,440923375
2021-04-13T00:00:00.000000Z,1.4813970327377319,1.5490560531616211,1.4234449863433838,1.5152360200881958,395401453
2021-04-14T00:00:00.000000Z,1.5145469903945923,1.5269989967346191,1.3876219987869263,1.4661200046539307,377957613
2021-04-15T00:00:00.000000Z,1.4647259712219238,1.624891996383667,1.4486939907073975,1.5743780136108398,421373869
2021-04-16T00:00:00.000000Z,1.5714119672775269,1.5988670587539673,1.415416955947876,1.5098190307617188,405207049
2021-04-17T00:00:00.000000Z,1.508139967918396,1.8157379627227783,1.508139967918396,1.6978540420532227,941888384
2021-04-18T00:00:00.000000Z,1.7099030017852783,1.7374069690704346,1.2632989883422852,1.4540380239486694,865676730
2021-04-19T00:00:00.000000Z,1.4566960334777832,1.5097609758377075,1.2860219478607178,1.2934010028839111,455800383
2021-04-20T00:00:00.000000Z,1.2908040285110474,1.3483409881591797,1.1657060384750366,1.2911390066146851,505907556
2021-04-21T00:00:00.000000Z,1.2920500040054321,1.3444010019302368,1.1928520202636719,1.2128080129623413,469605920
2021-04-22T00:00:00.000000Z,1.2096350193023682,1.3230750560760498,1.1447490453720093,1.163849949836731,440794544
2021-04-23T00:00:00.000000Z,1.1625159978866577,1.1931940317153931,0.92680001258850098,1.1640390157699585,614781222
2021-04-24T00:00:00.000000Z,1.1666430234909058,1.1698429584503174,1.0789539813995361,1.0881669521331787,196535691
2021-04-25T00:00:00.000000Z,1.0882760286331177,1.1915960311889648,1.0516109466552734,1.0940389633178711,236814426
2021-04-26T00:00:00.000000Z,1.0957180261611938,1.2465139627456665,1.0855690240859985,1.2379560470581055,287758062
2021-04-27T00:00:00.000000Z,1.2363489866256714,1.328205943107605,1.2232329845428467,1.3090460300445557,299152002
2021-04-28T00:00:00.000000Z,1.3085479736328125,1.3354229927062988,1.2112940549850464,1.2880599498748779,253483940
2021-04-29T00:00:00.000000Z,1.2888460159301758,1.3814820051193237,1.2439379692077637,1.3197669982910156,343626935
2021-04-30T00:00:00.000000Z,1.3214590549468994,1.444159984588623,1.297516942024231,1.4036029577255249,327593914
2021-05-01T00:00:00.000000Z,1.4025759696960449,1.4188100099563599,1.3507950305938721,1.3949459791183472,201451324
2021-05-02T00:00:00.000000Z,1.3936150074005127,1.4099390506744385,1.3283519744873047,1.3871430158615112,212251509
2021-05-03T00:00:00.000000Z,1.3872720003128052,1.4735289812088013,1.3872720003128052,1.4359550476074219,240185093
2021-05-04T00:00:00.000000Z,1.4361710548400879,1.444972038269043,1.2748810052871704,1.2785060405731201,319723013
2021-05-05T00:00:00.000000Z,1.2747279405593872,1.4497129917144775,1.2560559511184692,1.4423110485076904,275685656
2021-05-06T00:00:00.000000Z,1.4423459768295288,1.577720046043396,1.4162989854812622,1.5424649715423584,517403025
2021-05-07T00:00:00.000000Z,1.5444669723510742,1.693261981010437,1.473842978477478,1.5819089412689209,573059771
2021-05-08T00:00:00.000000Z,1.5774619579315186,1.620110034942627,1.4954220056533813,1.5174089670181274,290214257
2021-05-09T00:00:00.000000Z,1.5172760486602783,1.5302109718322754,1.4338749647140503,1.5126049518585205,279087115
2021-05-10T00:00:00.000000Z,1.5146820545196533,1.5552510023117065,1.3144199848175049,1.3714859485626221,335009174
2021-05-11T00:00:00.000000Z,1.3710319995880127,1.4764569997787476,1.3261539936065674,1.4764569997787476,287839468
2021-05-12T00:00:00.000000Z,1.4736800193786621,1.4990379810333252,1.2510759830474854,1.2510759830474854,321798109
2021-05-13T00:00:00.000000Z,1.2730649709701538,1.4516040086746216,1.2144429683685303,1.3527920246124268,725615046
2021-05-14T00:00:00.000000Z,1.3509320020675659,1.4881759881973267,1.3240549564361572,1.4687759876251221,630774902
2021-05-15T00:00:00.000000Z,1.4760450124740601,1.5300400257110596,1.3741819858551025,1.3838460445404053,854335171
2021-05-16T00:00:00.000000Z,1.3846310377120972,1.5392270088195801,1.3370970487594604,1.4001990556716919,777139501
2021-05-17T00:00:00.000000Z,1.3970639705657959,1.4097089767456055,1.2596960067749023,1.2853660583496094,599008623
2021-05-18T00:00:00.000000Z,1.2836519479751587,1.394368052482605,1.2601319551467896,1.3660160303115845,283640580
2021-05-19T00:00:00.000000Z,1.3666470050811768,1.3865220546722412,0.78135502338409424,0.94349700212478638,745296374
2021-05-20T00:00:00.000000Z,0.93479102849960327,1.1206870079040527,0.84225302934646606,1.1131600141525269,500925682
2021-05-21T00:00:00.000000Z,1.1106170415878296,1.1475150585174561,0.84897297620773315,0.98097598552703857,373908985
2021-05-22T00:00:00.000000Z,0.98068797588348389,1.0137959718704224,0.86060202121734619,0.97452801465988159,279484690
2021-05-23T00:00:00.000000Z,0.97568601369857788,1.0410670042037964,0.68027299642562866,0.82590299844741821,400419290
2021-05-24T00:00:00.000000Z,0.82008099555969238,1.004673957824707,0.8055570125579834,0.97790300846099854,279993645
2021-05-25T00:00:00.000000Z,0.9791799783706665,1.0165179967880249,0.87115699052810669,0.97635799646377563,275502086
2021-05-26T00:00:00.000000Z,0.97656399011611938,1.0604510307312012,0.95591402053833008,1.024055004119873,239788448
2021-05-27T00:00:00.000000Z,1.0239379405975342,1.0329380035400391,0.93855297565460205,0.96878600120544434,176319855
2021-05-28T00:00:00.000000Z,0.97208100557327271,0.98604100942611694,0.84838300943374634,0.89869701862335205,208004226
2021-05-29T00:00:00.000000Z,0.89907002449035645,0.93034601211547852,0.79207998514175415,0.82941299676895142,154815885
2021-05-30T00:00:00.000000Z,0.82968300580978394,0.8910980224609375,0.78302597999572754,0.85017997026443481,129345362
2021-05-31T00:00:00.000000Z,0.84904897212982178,0.93853598833084106,0.81553298234939575,0.93760800361633301,153097289
2021-06-01T00:00:00.000000Z,0.93627798557281494,0.95154601335525513,0.8781999945640564,0.89469701051712036,133679913
2021-06-02T00:00:00.000000Z,0.89560598134994507,1.0658500194549561,0.8739359974861145,1.0182650089263916,227605338
2021-06-03T00:00:00.000000Z,1.0192190408706665,1.1506919860839844,1.0070739984512329,1.1099220514297485,261940947
2021-06-04T00:00:00.000000Z,1.1103039979934692,1.1329950094223022,0.97497999668121338,1.0287610292434692,212802161
2021-06-05T00:00:00.000000Z,1.0294339656829834,1.0905239582061768,0.95402401685714722,0.9766010046005249,166177746
2021-06-06T00:00:00.000000Z,0.97667700052261353,1.0250940322875977,0.96507000923156738,1.0249010324478149,96681126
2021-06-07T00:00:00.000000Z,1.0254689455032349,1.0897630453109741,0.95047497749328613,0.95525598526000977,146431918
2021-06-08T00:00:00.000000Z,0.96289002895355225,0.97585797309875488,0.85937899351119995,0.94344198703765869,196320510
2021-06-09T00:00:00.000000Z,0.94063901901245117,1.138996958732605,0.90955698490142822,1.046550989151001,418558065
2021-06-10T00:00:00.000000Z,1.0396840572357178,1.0501830577850342,0.97655200958251953,1.0439200401306152,222571007
2021-06-11T00:00:00.000000Z,1.0469590425491333,1.0798300504684448,0.95824402570724487,0.97123199701309204,255879712
2021-06-12T00:00:00.000000Z,0.97339200973510742,1.0096460580825806,0.91204202175140381,0.9861140251159668,159921893
2021-06-13T00:00:00.000000Z,0.98921900987625122,1.0662200450897217,0.96584099531173706,1.040552020072937,136521765
2021-06-14T00:00:00.000000Z,1.040802001953125,1.0999330282211304,1.0262919664382935,1.0862120389938354,149481412
2021-06-15T00:00:00.000000Z,1.0712219476699829,1.093500018119812,1.0257519483566284,1.0711820125579834,148619890
2021-06-16T00:00:00.000000Z,1.0327479839324951,1.0564190149307251,0.99990200996398926,1.0159720182418823,119611912
2021-06-17T00:00:00.000000Z,1.0164350271224976,1.0825239419937134,1.0138390064239502,1.0650780200958252,127908053
2021-06-18T00:00:00.000000Z,1.0649549961090088,1.0914770364761353,0.96210598945617676,0.98502898216247559,130207925
2021-06-19T00:00:00.000000Z,0.9920009970664978,0.99321097135543823,0.93672901391983032,0.94040799140930176,100230103
2021-06-20T00:00:00.000000Z,0.937919020652771,0.95205998420715332,0.8792489767074585,0.93601500988006592,109046816
2021-06-21T00:00:00.000000Z,0.93415498733520508,0.94120997190475464,0.75357097387313843,0.7550010085105896,182298195
2021-06-22T00:00:00.000000Z,0.7543569803237915,0.85026299953460693,0.67437398433685303,0.74326497316360474,255594309
2021-06-23T00:00:00.000000Z,0.74242097139358521,0.87035602331161499,0.71560400724411011,0.83300900459289551,180063286
2021-06-24T00:00:00.000000Z,0.83336502313613892,0.8943830132484436,0.79792702198028564,0.87162101268768311,108344761
2021-06-25T00:00:00.000000Z,0.87383997440338135,0.89818000793457031,0.78033798933029175,0.79680198431015015,131160750
2021-06-26T00:00:00.000000Z,0.79435998201370239,0.82471299171447754,0.76271599531173706,0.80968797206878662,110721191
2021-06-27T00:00:00.000000Z,0.81058198213577271,0.84010201692581177,0.77416300773620605,0.83495402336120605,107192864
2021-06-28T00:00:00.000000Z,0.83478397130966187,0.86380898952484131,0.8233870267868042,0.84048402309417725,101244529
2021-06-29T00:00:00.000000Z,0.84252899885177612,0.92415899038314819,0.84051597118377686,0.88495999574661255,117959912
2021-06-30T00:00:00.000000Z,0.88841301202774048,0.90943098068237305,0.83557999134063721,0.88236802816390991,110681793
2021-07-01T00:00:00.000000Z,0.88234800100326538,0.88234800100326538,0.8127179741859436,0.83850401639938354,131847576
2021-07-02T00:00:00.000000Z,0.83496600389480591,0.84655702114105225,0.80154097080230713,0.84627300500869751,74731232
2021-07-03T00:00:00.000000Z,0.84644901752471924,0.88504701852798462,0.83651697635650635,0.87662100791931152,63127362
2021-07-04T00:00:00.000000Z,0.87695497274398804,0.91237998008728027,0.85785198211669922,0.87984102964401245,64314668
2021-07-05T00:00:00.000000Z,0.88037902116775513,0.89197701215744019,0.842864990234375,0.87426698207855225,72739472
2021-07-06T00:00:00.000000Z,0.87410998344421387,0.93190097808837891,0.87268197536468506,0.9139779806137085,88777773
2021-07-07T00:00:00.000000Z,0.91278797388076782,0.93995499610900879,0.90285402536392212,0.90507900714874268,74920879
2021-07-08T00:00:00.000000Z,0.90675801038742065,0.90720999240875244,0.84803897142410278,0.86934399604797363,74399983
2021-07-09T00:00:00.000000Z,0.86688297986984253,0.93040400743484497,0.82888400554656982,0.90523797273635864,109740119
2021-07-10T00:00:00.000000Z,0.9056670069694519,0.9216499924659729,0.86957001686096191,0.89190798997879028,58773601
2021-07-11T00:00:00.000000Z,0.89246898889541626,0.9190869927406311,0.88573402166366577,0.89243298768997192,55878459
2021-07-12T00:00:00.000000Z,0.89284998178482056,0.90421199798583984,0.85124099254608154,0.87014299631118774,58111585
2021-07-13T00:00:00.000000Z,0.86864602565765381,0.89732599258422852,0.84948897361755371,0.87387597560882568,61289195
2021-07-14T00:00:00.000000Z,0.87479197978973389,0.88047897815704346,0.82419097423553467,0.85883599519729614,68797018
2021-07-15T00:00:00.000000Z,0.85880798101425171,0.8790929913520813,0.82041597366333008,0.8312079906463623,61935014
2021-07-16T00:00:00.000000Z,0.83379501104354858,0.85089200735092163,0.77505499124526978,0.78499299287796021,75971455
2021-07-17T00:00:00.000000Z,0.78391599655151367,0.80613100528717041,0.7740979790687561,0.78469198942184448,58948770
2021-07-18T00:00:00.000000Z,0.78477299213409424,0.81356000900268555,0.7757989764213562,0.7999110221862793,50135048
2021-07-19T00:00:00.000000Z,0.79915499687194824,0.80706197023391724,0.74756801128387451,0.74925398826599121,57986028
2021-07-20T00:00:00.000000Z,0.74979102611541748,0.76464098691940308,0.67777901887893677,0.69720697402954102,101517725
2021-07-21T00:00:00.000000Z,0.69559800624847412,0.78225702047348022,0.68232297897338867,0.76560097932815552,72874105
2021-07-22T00:00:00.000000Z,0.76865297555923462,0.79942899942398071,0.75502198934555054,0.79733800888061523,69932093
2021-07-23T00:00:00.000000Z,0.79631602764129639,0.81557297706604004,0.77205002307891846,0.80798602104187012,59929789
2021-07-24T00:00:00.000000Z,0.80752098560333252,0.8465920090675354,0.80471402406692505,0.82879799604415894,63918498
2021-07-25T00:00:00.000000Z,0.82717198133468628,0.90649199485778809,0.79666602611541748,0.89003002643585205,104461200
2021-07-26T00:00:00.000000Z,0.89032202959060669,0.93313699960708618,0.84091001749038696,0.85076802968978882,144363816
2021-07-27T00:00:00.000000Z,0.84866601228713989,0.87138199806213379,0.8190150260925293,0.85421198606491089,74703385
2021-07-28T00:00:00.000000Z,0.85711300373077393,0.87139701843261719,0.82896798849105835,0.84240502119064331,69584465
2021-07-29T00:00:00.000000Z,0.84600698947906494,0.85481101274490356,0.82598799467086792,0.84551799297332764,51426799
2021-07-30T00:00:00.000000Z,0.8463519811630249,0.85412400960922241,0.80990201234817505,0.85290300846099854,69711314
2021-07-31T00:00:00.000000Z,0.85319399833679199,0.8549649715423584,0.82215702533721924,0.84124898910522461,73099269
2021-08-01T00:00:00.000000Z,0.83740401268005371,0.8767390251159668,0.8036460280418396,0.81414097547531128,83887687
2021-08-02T00:00:00.000000Z,0.81278997659683228,0.84004700183868408,0.80164599418640137,0.81777602434158325,60873000
2021-08-03T00:00:00.000000Z,0.8179439902305603,0.8366360068321228,0.79093301296234131,0.8167719841003418,60751767
2021-08-04T00:00:00.000000Z,0.81893301010131836,0.84090197086334229,0.80262798070907593,0.82778102159500122,65385450
2021-08-05T00:00:00.000000Z,0.82856297492980957,0.85953402519226074,0.81390899419784546,0.85127300024032593,81805489
2021-08-06T00:00:00.000000Z,0.85080802440643311,0.86910498142242432,0.82329297065734863,0.85401898622512817,84440081
2021-08-07T00:00:00.000000Z,0.85500198602676392,0.89461398124694824,0.84673202037811279,0.87549901008605957,135880825
2021-08-08T00:00:00.000000Z,0.87626802921295166,0.88538700342178345,0.81771302223205566,0.82542097568511963,98505146
2021-08-09T00:00:00.000000Z,0.82511502504348755,0.87079399824142456,0.80466699600219727,0.85541099309921265,94570598
2021-08-10T00:00:00.000000Z,0.85676401853561401,0.90900897979736328,0.83893102407455444,0.88265097141265869,120886357
2021-08-11T00:00:00.000000Z,0.88315498828887939,0.97030699253082275,0.8784409761428833,0.91220301389694214,197509572
2021-08-12T00:00:00.000000Z,0.9123070240020752,0.96539199352264404,0.85542702674865723,0.88288700580596924,189841237
2021-08-13T00:00:00.000000Z,0.88492202758789062,0.95612597465515137,0.87221497297286987,0.95463597774505615,158827250
2021-08-14T00:00:00.000000Z,0.954833984375,0.97898197174072266,0.91432201862335205,0.93221497535705566,179265801
2021-08-15T00:00:00.000000Z,0.93265002965927124,1.0236430168151855,0.92593997716903687,0.99645102024078369,210688257
2021-08-16T00:00:00.000000Z,0.99575597047805786,1.0268130302429199,0.93781000375747681,0.94938302040100098,197756775
2021-08-17T00:00:00.000000Z,0.94549697637557983,0.99272900819778442,0.88154202699661255,0.88472497463226318,190876154
2021-08-18T00:00:00.000000Z,0.88384002447128296,0.96276199817657471,0.85582000017166138,0.92482101917266846,174784912
2021-08-19T00:00:00.000000Z,0.92264401912689209,1.0714329481124878,0.91336697340011597,1.0444979667663574,369264543
2021-08-20T00:00:00.000000Z,1.0442789793014526,1.1534080505371094,1.0397390127182007,1.1381640434265137,366283170
2021-08-21T00:00:00.000000Z,1.13850998878479,1.221735954284668,1.0942610502243042,1.1470979452133179,358551641
2021-08-22T00:00:00.000000Z,1.1491659879684448,1.2437959909439087,1.1221159696578979,1.1581649780273438,267624428
2021-08-23T00:00:00.000000Z,1.1580630540847778,1.1868259906768799,1.1104079484939575,1.1593250036239624,203668605
2021-08-24T00:00:00.000000Z,1.159540057182312,1.1597080230712891,1.0163819789886475,1.037632942199707,252498295
2021-08-25T00:00:00.000000Z,1.0400400161743164,1.0796669721603394,1.0019979476928711,1.0630799531936646,206911229
2021-08-26T00:00:00.000000Z,1.0652920007705688,1.0756269693374634,0.97532397508621216,0.98995697498321533,170261170
2021-08-27T00:00:00.000000Z,0.99058699607849121,1.065106987953186,0.96172201633453369,1.065106987953186,171164127
2021-08-28T00:00:00.000000Z,1.0661139488220215,1.0732359886169434,1.0235069990158081,1.036795973777771,139083948
2021-08-29T00:00:00.000000Z,1.0383419990539551,1.0667910575866699,1.0006229877471924,1.0215229988098145,138083109
2021-08-30T00:00:00.000000Z,1.0226809978485107,1.093533992767334,0.9787830114364624,1.0189900398254395,203189086
2021-08-31T00:00:00.000000Z,1.0197559595108032,1.1683180332183838,1.004425048828125,1.116987943649292,374694037
2021-09-01T00:00:00.000000Z,1.1157510280609131,1.1846339702606201,1.0801980495452881,1.1588549613952637,304393969
2021-09-02T00:00:00.000000Z,1.158905029296875,1.1777180433273315,1.1261600255966187,1.1458849906921387,184582918
2021-09-03T00:00:00.000000Z,1.1455399990081787,1.2689319849014282,1.1102540493011475,1.22074294090271,385617547
2021-09-04T00:00:00.000000Z,1.2187340259552002,1.2385979890823364,1.1924749612808228,1.2075560092926025,259993218
2021-09-05T00:00:00.000000Z,1.208488941192627,1.3500570058822632,1.1832089424133301,1.3166719675064087,347343446
2021-09-06T00:00:00.000000Z,1.3142609596252441,1.4860140085220337,1.2950030565261841,1.4679399728775024,563500077
2021-09-07T00:00:00.000000Z,1.4621069431304932,1.5165610313415527,1.0423469543457031,1.266266942024231,751895689
2021-09-08T00:00:00.000000Z,1.2679189443588257,1.9562870264053345,1.2347029447555542,1.9237489700317383,3367355549
2021-09-09T00:00:00.000000Z,1.952146053314209,2.4813868999481201,1.6821589469909668,2.3122479915618896,4812069645
2021-09-10T00:00:00.000000Z,2.3008170127868652,2.4252729415893555,1.8484970331192017,2.0045928955078125,2596891056
2021-09-11T00:00:00.000000Z,2.0112040042877197,2.2835509777069092,1.9701019525527954,1.983834981918335,1798923049
2021-09-12T00:00:00.000000Z,1.9947789907455444,2.4708058834075928,1.911497950553894,2.3794798851013184,2164056922
2021-09-13T00:00:00.000000Z,2.3811450004577637,2.5447020530700684,1.9769409894943237,2.1571691036224365,2298346470
2021-09-14T00:00:00.000000Z,2.1635479927062988,2.2526381015777588,1.9889219999313354,2.0372810363769531,1149444799
2021-09-15T00:00:00.000000Z,2.0373289585113525,2.085284948348999,2.0022099018096924,2.0159220695495605,727448265
2021-09-16T00:00:00.000000Z,2.0146288871765137,2.2219541072845459,1.8676609992980957,2.039315938949585,1313291453
2021-09-17T00:00:00.000000Z,2.0394339561462402,2.1559760570526123,1.9005130529403687,1.9204649925231934,893672200
2021-09-18T00:00:00.000000Z,1.9216439723968506,2.1266889572143555,1.8965539932250977,2.0722110271453857,811391354
2021-09-19T00:00:00.000000Z,2.0670900344848633,2.1511819362640381,1.9443140029907227,1.9734530448913574,745020454
2021-09-20T00:00:00.000000Z,1.973363995552063,1.9755909442901611,1.5541729927062988,1.6504800319671631,1094994134
2021-09-21T00:00:00.000000Z,1.6716899871826172,1.823032021522522,1.5307079553604126,1.5748549699783325,837282638
2021-09-22T00:00:00.000000Z,1.573030948638916,1.8933429718017578,1.548954963684082,1.8421239852905273,794461325
2021-09-23T00:00:00.000000Z,1.8451130390167236,2.0502851009368896,1.7918059825897217,2.0057408809661865,904383367
2021-09-24T00:00:00.000000Z,2.0048220157623291,2.0057320594787598,1.6961690187454224,1.7886890172958374,883429431
2021-09-25T00:00:00.000000Z,1.7876449823379517,1.8127330541610718,1.6967829465866089,1.7330069541931152,502973449
2021-09-26T00:00:00.000000Z,1.7326469421386719,1.7775100469589233,1.5704109668731689,1.7736339569091797,565724981
2021-09-27T00:00:00.000000Z,1.7817870378494263,1.8529319763183594,1.6702820062637329,1.6741830110549927,667754720
2021-09-28T00:00:00.000000Z,1.6752279996871948,1.7186800241470337,1.5542160272598267,1.5619469881057739,535757746
2021-09-29T00:00:00.000000Z,1.5669339895248413,1.7496600151062012,1.5515580177307129,1.6050740480422974,535584347
2021-09-30T00:00:00.000000Z,1.6071029901504517,1.6597590446472168,1.5743180513381958,1.6285949945449829,490314234
2021-10-01T00:00:00.000000Z,1.6270949840545654,1.8115969896316528,1.5961600542068481,1.7742979526519775,624507474
2021-10-02T00:00:00.000000Z,1.7735780477523804,1.8827860355377197,1.7118040323257446,1.7774670124053955,602938373
2021-10-03T00:00:00.000000Z,1.7727869749069214,1.9969199895858765,1.7336410284042358,1.9876610040664673,827903086
2021-10-04T00:00:00.000000Z,1.9840179681777954,2.0928530693054199,1.8906259536743164,1.9330790042877197,1167834065
2021-10-05T00:00:00.000000Z,1.9373600482940674,2.0603420734405518,1.9230550527572632,1.9533560276031494,633197149
2021-10-06T00:00:00.000000Z,1.9519100189208984,1.9868969917297363,1.7862590551376343,1.8194659948348999,686265672
2021-10-07T00:00:00.000000Z,1.8150930404663086,1.9339599609375,1.7544920444488525,1.8882369995117188,641358610
2021-10-08T00:00:00.000000Z,1.8899699449539185,1.9983619451522827,1.8803329467773438,1.899196982383728,596084288
2021-10-09T00:00:00.000000Z,1.8958699703216553,1.9478830099105835,1.865494966506958,1.8905090093612671,327236003
2021-10-10T00:00:00.000000Z,1.891819953918457,1.892179012298584,1.7622120380401611,1.7714530229568481,276716327
2021-10-11T00:00:00.000000Z,1.7680670022964478,1.833448052406311,1.6800780296325684,1.7175250053405762,307108559
2021-10-12T00:00:00.000000Z,1.7170850038528442,1.7543660402297974,1.6085859537124634,1.7449009418487549,411949621
2021-10-13T00:00:00.000000Z,1.7462790012359619,1.8447070121765137,1.6926590204238892,1.838683009147644,356995291
2021-10-14T00:00:00.000000Z,1.8371349573135376,1.8800339698791504,1.7803009748458862,1.8041549921035767,337223002
2021-10-15T00:00:00.000000Z,1.8092520236968994,1.8092520236968994,1.7328180074691772,1.7529439926147461,327662647
2021-10-16T00:00:00.000000Z,1.7532229423522949,1.8478569984436035,1.7356090545654297,1.7967590093612671,353041362
2021-10-17T00:00:00.000000Z,1.7967929840087891,1.8891619443893433,1.7266199588775635,1.7681440114974976,363795236
2021-10-18T00:00:00.000000Z,1.7691179513931274,1.7864749431610107,1.7156959772109985,1.7367429733276367,212462805
2021-10-19T00:00:00.000000Z,1.7377320528030396,1.7675609588623047,1.6864969730377197,1.7111539840698242,221010508
2021-10-20T00:00:00.000000Z,1.7107169628143311,1.8213729858398438,1.6881070137023926,1.7885329723358154,274389721
2021-10-21T00:00:00.000000Z,1.7896929979324341,1.8834069967269897,1.7566230297088623,1.7824109792709351,438671617
2021-10-22T00:00:00.000000Z,1.7843929529190063,1.9381680488586426,1.7725499868392944,1.8594059944152832,534119389
2021-10-23T00:00:00.000000Z,1.8595490455627441,1.9430559873580933,1.8479479551315308,1.9102050065994263,343212664
2021-10-24T00:00:00.000000Z,1.9102330207824707,1.9194860458374023,1.7824749946594238,1.8166329860687256,265679600
2021-10-25T00:00:00.000000Z,1.8155210018157959,2.0728380680084229,1.8084880113601685,2.043942928314209,549366780
2021-10-26T00:00:00.000000Z,2.048037052154541,2.0991780757904053,1.9517530202865601,2.0379040241241455,632762093
2021-10-27T00:00:00.000000Z,2.0416328907012939,2.0861740112304688,1.7063750028610229,1.7886780500411987,726406070
2021-10-28T00:00:00.000000Z,1.7888909578323364,1.8798949718475342,1.7550660371780396,1.8483999967575073,504296756
2021-10-29T00:00:00.000000Z,1.8466099500656128,1.9141759872436523,1.836298942565918,1.870479941368103,392802835
2021-10-30T00:00:00.000000Z,1.8751380443572998,1.8762639760971069,1.7889209985733032,1.8196439743041992,258239743
2021-10-31T00:00:00.000000Z,1.8209249973297119,1.8577660322189331,1.7583379745483398,1.8286900520324707,291738506
2021-11-01T00:00:00.000000Z,1.8287440538406372,1.8664439916610718,1.7797679901123047,1.833672046661377,285592980
2021-11-02T00:00:00.000000Z,1.8329429626464844,1.9090989828109741,1.831421971321106,1.8618329763412476,310956867
2021-11-03T00:00:00.000000Z,1.8625140190124512,1.9724719524383545,1.8269950151443481,1.9278149604797363,466342620
2021-11-04T00:00:00.000000Z,1.9262529611587524,1.9598280191421509,1.8218100070953369,1.8589650392532349,360452517
2021-11-05T00:00:00.000000Z,1.8619680404663086,1.9142199754714966,1.8320430517196655,1.8483380079269409,257097471
2021-11-06T00:00:00.000000Z,1.8459199666976929,1.8680119514465332,1.7805850505828857,1.8369580507278442,215086025
2021-11-07T00:00:00.000000Z,1.8380099534988403,1.8726780414581299,1.8219360113143921,1.8654299974441528,189001016
2021-11-08T00:00:00.000000Z,1.8676619529724121,2.0751349925994873,1.8395249843597412,2.0538129806518555,598547948
2021-11-09T00:00:00.000000Z,2.0482099056243896,2.0565168857574463,1.9341510534286499,1.9441440105438232,430282326
2021-11-10T00:00:00.000000Z,1.9456909894943237,2.2885439395904541,1.8439090251922607,1.934533953666687,1096601258
2021-11-11T00:00:00.000000Z,1.9352070093154907,2.0578110218048096,1.8774160146713257,2.0312590599060059,726397489
2021-11-12T00:00:00.000000Z,2.0240108966827393,2.3398330211639404,2.0043389797210693,2.1504518985748291,1695116317
2021-11-13T00:00:00.000000Z,2.1455979347229004,2.1617209911346436,2.035689115524292,2.0825510025024414,684136646
2021-11-14T00:00:00.000000Z,2.0780799388885498,2.1073229312896729,1.9204210042953491,1.9831290245056152,466084928
2021-11-15T00:00:00.000000Z,1.9847990274429321,2.0093209743499756,1.8649909496307373,1.8896349668502808,469597579
2021-11-16T00:00:00.000000Z,1.8946570158004761,1.8946570158004761,1.5698540210723877,1.7283120155334473,787276524
2021-11-17T00:00:00.000000Z,1.7267760038375854,1.7625809907913208,1.5981299877166748,1.6608229875564575,579988526
2021-11-18T00:00:00.000000Z,1.6591540575027466,2.8298220634460449,1.6507070064544678,1.845844030380249,4203183528
2021-11-19T00:00:00.000000Z,1.8481390476226807,1.9073660373687744,1.7545789480209351,1.8804080486297607,977648884
2021-11-20T00:00:00.000000Z,1.8801690340042114,1.9048670530319214,1.758713960647583,1.8362929821014404,458989518
2021-11-21T00:00:00.000000Z,1.8390779495239258,1.8922309875488281,1.7838989496231079,1.8339359760284424,441289829
2021-11-22T00:00:00.000000Z,1.8325760364532471,1.8382430076599121,1.7163050174713135,1.7357230186462402,453625871
2021-11-23T00:00:00.000000Z,1.7393859624862671,1.8494880199432373,1.6992460489273071,1.8334809541702271,467341509
2021-11-24T00:00:00.000000Z,1.8372930288314819,1.8705090284347534,1.7210979461669922,1.7893029451370239,481534594
2021-11-25T00:00:00.000000Z,1.7432529926300049,1.8445800542831421,1.7246420383453369,1.7529580593109131,424162726
2021-11-26T00:00:00.000000Z,1.8202420473098755,1.8228529691696167,1.5941309928894043,1.5965019464492798,572227584
2021-11-27T00:00:00.000000Z,1.6028640270233154,1.7254869937896729,1.6028640270233154,1.6780120134353638,392327404
2021-11-28T00:00:00.000000Z,1.68122398853302,1.7136770486831665,1.5835980176925659,1.7117149829864502,339904708
2021-11-29T00:00:00.000000Z,1.7126510143280029,1.8266899585723877,1.6976710557937622,1.777569055557251,454280625
2021-11-30T00:00:00.000000Z,1.7735639810562134,1.873350977897644,1.7351839542388916,1.813681960105896,511222408
2021-12-01T00:00:00.000000Z,1.8096280097961426,2.0210700035095215,1.8040399551391602,1.9678950309753418,786558602
2021-12-02T00:00:00.000000Z,1.9624700546264648,2.0422110557556152,1.8525550365447998,1.883213996887207,636253482
2021-12-03T00:00:00.000000Z,1.887895941734314,1.9415839910507202,1.7084970474243164,1.7435179948806763,479972708
2021-12-04T00:00:00.000000Z,1.7507070302963257,1.7507070302963257,1.3483610153198242,1.65168297290802,783999565
2021-12-05T00:00:00.000000Z,1.6501849889755249,1.7584830522537231,1.5896689891815186,1.7584830522537231,722379679
2021-12-06T00:00:00.000000Z,1.763416051864624,1.8554730415344238,1.6171259880065918,1.7721589803695679,973252801
2021-12-07T00:00:00.000000Z,1.7694920301437378,1.8098150491714478,1.6662729978561401,1.6904430389404297,454987178
2021-12-08T00:00:00.000000Z,1.6875489950180054,1.7008270025253296,1.5994210243225098,1.6977529525756836,278239642
2021-12-09T00:00:00.000000Z,1.6972099542617798,1.7140909433364868,1.549767017364502,1.549767017364502,314638284
2021-12-10T00:00:00.000000Z,1.5499119758605957,1.598065972328186,1.4578020572662354,1.4604710340499878,286266331
2021-12-11T00:00:00.000000Z,1.4626599550247192,1.5727430582046509,1.4360530376434326,1.526278018951416,232678452
2021-12-12T00:00:00.000000Z,1.5270110368728638,1.5664010047912598,1.5112229585647583,1.5420000553131104,170703415
2021-12-13T00:00:00.000000Z,1.5422830581665039,1.5588510036468506,1.3195569515228271,1.3213980197906494,300354759
2021-12-14T00:00:00.000000Z,1.3198349475860596,1.3837579488754272,1.3137220144271851,1.3238600492477417,280207962
2021-12-15T00:00:00.000000Z,1.3805129528045654,1.453650951385498,1.3064320087432861,1.4267439842224121,252046202
2021-12-16T00:00:00.000000Z,1.4269989728927612,1.4656790494918823,1.3831319808959961,1.387747049331665,189299840
2021-12-17T00:00:00.000000Z,1.3879209756851196,1.4027800559997559,1.318742036819458,1.3484230041503906,176972348
2021-12-18T00:00:00.000000Z,1.3490619659423828,1.4005769491195679,1.3269879817962646,1.3786189556121826,158325734
2021-12-19T00:00:00.000000Z,1.3789069652557373,1.4208320379257202,1.3535280227661133,1.3555690050125122,156250486
2021-12-20T00:00:00.000000Z,1.3558180332183838,1.357403039932251,1.2567150592803955,1.2953599691390991,204808978
2021-12-21T00:00:00.000000Z,1.2949039936065674,1.361922025680542,1.2920089960098267,1.3556289672851562,234354957
2021-12-22T00:00:00.000000Z,1.3581340312957764,1.4152469635009766,1.34471595287323,1.3633559942245483,245406695
2021-12-23T00:00:00.000000Z,1.3631449937820435,1.4864200353622437,1.3448460102081299,1.4666910171508789,315085977
2021-12-24T00:00:00.000000Z,1.470723032951355,1.6485539674758911,1.4475100040435791,1.5739400386810303,541193577
2021-12-25T00:00:00.000000Z,1.5763269662857056,1.5995099544525146,1.5344350337982178,1.5729390382766724,291169833
2021-12-26T00:00:00.000000Z,1.5747480392456055,1.641880989074707,1.547603964805603,1.608536958694458,429413185
2021-12-27T00:00:00.000000Z,1.6072590351104736,1.72474205493927,1.5810619592666626,1.6582620143890381,435558660
2021-12-28T00:00:00.000000Z,1.6584130525588989,1.6601380109786987,1.4564199447631836,1.4693830013275146,497538077
2021-12-29T00:00:00.000000Z,1.46840500831604,1.6373029947280884,1.4105249643325806,1.5797439813613892,578073496
2021-12-30T00:00:00.000000Z,1.5847439765930176,1.7615950107574463,1.524014949798584,1.7341970205307007,850997248
2021-12-31T00:00:00.000000Z,1.7323499917984009,1.7810310125350952,1.6315900087356567,1.6600240468978882,596832693
2022-01-01T00:00:00.000000Z,1.6599440574645996,1.7645180225372314,1.6333719491958618,1.7401080131530762,312453115
2022-01-02T00:00:00.000000Z,1.7402850389480591,1.7770830392837524,1.6634320020675659,1.6740410327911377,328237594
2022-01-03T00:00:00.000000Z,1.6741269826889038,1.8339860439300537,1.6295119524002075,1.7882100343704224,670050624
2022-01-04T00:00:00.000000Z,1.7882050275802612,1.8315039873123169,1.6635689735412598,1.6746829748153687,735111286
2022-01-05T00:00:00.000000Z,1.6743650436401367,1.7983020544052124,1.4609520435333252,1.5598969459533691,716687740
2022-01-06T00:00:00.000000Z,1.5600600242614746,1.602632999420166,1.489799976348877,1.5667179822921753,555160494
2022-01-07T00:00:00.000000Z,1.5663479566574097,1.5676380395889282,1.4013650417327881,1.441290020942688,571909362
2022-01-08T00:00:00.000000Z,1.4419989585876465,1.4670820236206055,1.32464599609375,1.3873879909515381,344241318
2022-01-09T00:00:00.000000Z,1.3873970508575439,1.4402470588684082,1.3731460571289062,1.4020320177078247,216003353
2022-01-10T00:00:00.000000Z,1.4017970561981201,1.4482100009918213,1.3047120571136475,1.3686729669570923,393570642
2022-01-11T00:00:00.000000Z,1.3679389953613281,1.4497649669647217,1.3517160415649414,1.4466290473937988,365010965
2022-01-12T00:00:00.000000Z,1.4466500282287598,1.5017720460891724,1.4409110546112061,1.4936070442199707,455700299
2022-01-13T00:00:00.000000Z,1.4935669898986816,1.4977899789810181,1.3457909822463989,1.3577510118484497,555873527
2022-01-14T00:00:00.000000Z,1.358098030090332,1.4097549915313721,1.3310079574584961,1.3849639892578125,419744861
2022-01-15T00:00:00.000000Z,1.3849090337753296,1.4144159555435181,1.3601280450820923,1.3828259706497192,214174530
2022-01-16T00:00:00.000000Z,1.3827699422836304,1.44520103931427,1.3700840473175049,1.4303719997406006,272633054
2022-01-17T00:00:00.000000Z,1.4304319620132446,1.4417990446090698,1.3412950038909912,1.3485000133514404,349105980
2022-01-18T00:00:00.000000Z,1.3476589918136597,1.3600339889526367,1.2829329967498779,1.3190469741821289,310548664
2022-01-19T00:00:00.000000Z,1.3192249536514282,1.3215600252151489,1.2291810512542725,1.2699739933013916,316150629
2022-01-20T00:00:00.000000Z,1.2697069644927979,1.3246270418167114,1.1677780151367188,1.1677780151367188,220145807
2022-01-21T00:00:00.000000Z,1.1681269407272339,1.1895509958267212,1.0055619478225708,1.0323480367660522,615015115
2022-01-22T00:00:00.000000Z,1.0323569774627686,1.0590169429779053,0.80816000699996948,0.94970601797103882,799031385
2022-01-23T00:00:00.000000Z,0.95023202896118164,1.0022710561752319,0.92933899164199829,0.98770999908447266,391280346
2022-01-24T00:00:00.000000Z,0.98891699314117432,0.98978102207183838,0.8215559720993042,0.91822099685668945,401783919
2022-01-25T00:00:00.000000Z,0.91785901784896851,0.94034701585769653,0.87091600894927979,0.92929202318191528,299595309
2022-01-26T00:00:00.000000Z,0.92826098203659058,0.98956602811813354,0.89600998163223267,0.92696499824523926,376999339
2022-01-27T00:00:00.000000Z,0.92660397291183472,0.95488697290420532,0.8810499906539917,0.93652200698852539,309306518
2022-01-28T00:00:00.000000Z,0.93626397848129272,0.98394501209259033,0.92410600185394287,0.95666897296905518,278523706
2022-01-29T00:00:00.000000Z,0.95673501491546631,1.0051620006561279,0.95673501491546631,0.96795499324798584,222784574
2022-01-30T00:00:00.000000Z,0.96824002265930176,0.9873499870300293,0.93180602788925171,0.94525599479675293,192809164
2022-01-31T00:00:00.000000Z,0.94524598121643066,0.96895802021026611,0.90720802545547485,0.95280802249908447,221403280
2022-02-01T00:00:00.000000Z,0.95238798856735229,0.989857017993927,0.94849997758865356,0.9670950174331665,207613436
2022-02-02T00:00:00.000000Z,0.96705102920532227,1.0286649465560913,0.92354100942611694,0.92489200830459595,324540676
2022-02-03T00:00:00.000000Z,0.92456299066543579,0.93998599052429199,0.90303999185562134,0.93139898777008057,225526726
2022-02-04T00:00:00.000000Z,0.93122398853302002,0.99793499708175659,0.92776799201965332,0.99688702821731567,236404326
2022-02-05T00:00:00.000000Z,0.99704700708389282,1.0416519641876221,0.98463600873947144,1.002953052520752,252522445
2022-02-06T00:00:00.000000Z,1.0029640197753906,1.0289089679718018,0.97664499282836914,1.0238540172576904,223118123
2022-02-07T00:00:00.000000Z,1.0237259864807129,1.0971800088882446,1.0018500089645386,1.070080041885376,431192583
2022-02-08T00:00:00.000000Z,1.0705679655075073,1.1004810333251953,0.98929202556610107,1.0265350341796875,382640270
2022-02-09T00:00:00.000000Z,1.0259560346603394,1.0448939800262451,0.99986302852630615,1.0379929542541504,264069777
2022-02-10T00:00:00.000000Z,1.0379589796066284,1.0477080345153809,0.97820901870727539,0.98157000541687012,354824893
2022-02-11T00:00:00.000000Z,0.98163402080535889,0.99472999572753906,0.90126198530197144,0.91625297069549561,283556465
2022-02-12T00:00:00.000000Z,0.91633701324462891,0.93942797183990479,0.89411598443984985,0.91778600215911865,180147250
2022-02-13T00:00:00.000000Z,0.91779798269271851,0.9336090087890625,0.88496899604797363,0.90070998668670654,149568052
2022-02-14T00:00:00.000000Z,0.89998197555541992,0.90870499610900879,0.8756909966468811,0.90021800994873047,169827736
2022-02-15T00:00:00.000000Z,0.90025001764297485,0.97226101160049438,0.89985698461532593,0.97017902135848999,193474566
2022-02-16T00:00:00.000000Z,0.97025501728057861,1.0057090520858765,0.95588898658752441,0.97985297441482544,299273104
2022-02-17T00:00:00.000000Z,0.97944200038909912,0.98722100257873535,0.89071798324584961,0.8968539834022522,240735642
2022-02-18T00:00:00.000000Z,0.8973420262336731,0.92498600482940674,0.87681198120117188,0.89661800861358643,170019551
2022-02-19T00:00:00.000000Z,0.89624601602554321,0.91656601428985596,0.87293499708175659,0.89992398023605347,132969149
2022-02-20T00:00:00.000000Z,0.89988899230957031,0.90000301599502563,0.83411198854446411,0.8464999794960022,155813072
2022-02-21T00:00:00.000000Z,0.84623599052429199,0.87791401147842407,0.78168302774429321,0.78515702486038208,256859953
2022-02-22T00:00:00.000000Z,0.78478002548217773,0.81804698705673218,0.75980997085571289,0.81123197078704834,245845039
2022-02-23T00:00:00.000000Z,0.81120401620864868,0.84691101312637329,0.78434699773788452,0.78728097677230835,233082064
2022-02-24T00:00:00.000000Z,0.78690898418426514,0.79171502590179443,0.69042199850082397,0.77675998210906982,424874908
2022-02-25T00:00:00.000000Z,0.77689599990844727,0.83891499042510986,0.77081400156021118,0.82952898740768433,241005972
2022-02-26T00:00:00.000000Z,0.82950997352600098,0.8791159987449646,0.82264000177383423,0.85900598764419556,231979403
2022-02-27T00:00:00.000000Z,0.85873502492904663,0.86058300733566284,0.78664201498031616,0.79712098836898804,235640543
2022-02-28T00:00:00.000000Z,0.79697000980377197,0.86738801002502441,0.78716200590133667,0.86738801002502441,276161913
2022-03-01T00:00:00.000000Z,0.867389976978302,0.89311999082565308,0.84027498960494995,0.85613101720809937,372474801
2022-03-02T00:00:00.000000Z,0.85617101192474365,0.85743600130081177,0.81119102239608765,0.8202049732208252,333382423
2022-03-03T00:00:00.000000Z,0.82019400596618652,0.84982401132583618,0.79047501087188721,0.79771202802658081,414025663
2022-03-04T00:00:00.000000Z,0.79778099060058594,0.80896300077438354,0.75400197505950928,0.76030302047729492,280784209
2022-03-05T00:00:00.000000Z,0.76045101881027222,0.77667897939682007,0.74631601572036743,0.77381497621536255,177046735
2022-03-06T00:00:00.000000Z,0.77380597591400146,0.78117698431015015,0.74567800760269165,0.7474219799041748,173058832
2022-03-07T00:00:00.000000Z,0.74732297658920288,0.77152097225189209,0.72260099649429321,0.73277300596237183,214364989
2022-03-08T00:00:00.000000Z,0.73259401321411133,0.7582629919052124,0.72697901725769043,0.73949700593948364,152444222
2022-03-09T00:00:00.000000Z,0.73971498012542725,0.77907299995422363,0.73971498012542725,0.76877802610397339,162926708
2022-03-10T00:00:00.000000Z,0.76846998929977417,0.77961200475692749,0.72475302219390869,0.73120999336242676,161145479
2022-03-11T00:00:00.000000Z,0.7311440110206604,0.7311440110206604,0.7008020281791687,0.70380401611328125,147997239
2022-03-12T00:00:00.000000Z,0.70361202955245972,0.72086399793624878,0.70282500982284546,0.70604199171066284,81992079
2022-03-13T00:00:00.000000Z,0.70584702491760254,0.71565300226211548,0.67820298671722412,0.68247300386428833,84245362
2022-03-14T00:00:00.000000Z,0.68242901563644409,0.70838600397109985,0.67603200674057007,0.70690697431564331,140799440
2022-03-15T00:00:00.000000Z,0.70685899257659912,0.72625499963760376,0.68143898248672485,0.71697300672531128,179073279
2022-03-16T00:00:00.000000Z,0.7169489860534668,0.73787802457809448,0.69937700033187866,0.7372400164604187,206146303
2022-03-17T00:00:00.000000Z,0.73726797103881836,0.75993198156356812,0.72338199615478516,0.74307698011398315,200041284
2022-03-18T00:00:00.000000Z,0.74292498826980591,0.76273000240325928,0.72833800315856934,0.75729602575302124,216223119
2022-03-19T00:00:00.000000Z,0.75697499513626099,0.77956199645996094,0.75562500953674316,0.76445299386978149,219745801
2022-03-20T00:00:00.000000Z,0.76456201076507568,0.77635300159454346,0.73660498857498169,0.74221301078796387,166871308
2022-03-21T00:00:00.000000Z,0.74224001169204712,0.82516902685165405,0.7330939769744873,0.82516902685165405,442243371
2022-03-22T00:00:00.000000Z,0.8255620002746582,0.85002601146697998,0.80550402402877808,0.82460200786590576,384824564
2022-03-23T00:00:00.000000Z,0.82483702898025513,0.83842098712921143,0.80664700269699097,0.83749401569366455,231787233
2022-03-24T00:00:00.000000Z,0.83767497539520264,0.90644699335098267,0.82298797369003296,0.89157897233963013,342000462
2022-03-25T00:00:00.000000Z,0.8915330171585083,0.94717597961425781,0.88385200500488281,0.88991200923919678,362026711
2022-03-26T00:00:00.000000Z,0.88992798328399658,0.91898900270462036,0.87903302907943726,0.9123920202255249,187726573
2022-03-27T00:00:00.000000Z,0.91243702173233032,0.94882899522781372,0.89730602502822876,0.94836801290512085,182786495
2022-03-28T00:00:00.000000Z,0.94849002361297607,0.97111302614212036,0.90390902757644653,0.90819400548934937,260978608
2022-03-29T00:00:00.000000Z,0.90758699178695679,0.96183598041534424,0.90347301959991455,0.92341500520706177,297453002
2022-03-30T00:00:00.000000Z,0.92338401079177856,0.95461398363113403,0.88962298631668091,0.92692899703979492,284923007
2022-03-31T00:00:00.000000Z,0.92695701122283936,0.98687201738357544,0.91248500347137451,0.92763102054595947,347770069
2022-04-01T00:00:00.000000Z,0.92781800031661987,0.9601060152053833,0.89496499300003052,0.93918299674987793,266226735
2022-04-02T00:00:00.000000Z,0.93926197290420532,0.97510802745819092,0.90435898303985596,0.90556502342224121,292730943
2022-04-03T00:00:00.000000Z,0.90546602010726929,0.94627201557159424,0.89290100336074829,0.93408799171447754,208697698
2022-04-04T00:00:00.000000Z,0.93407297134399414,0.93548399209976196,0.85583400726318359,0.88382101058959961,258918098
2022-04-05T00:00:00.000000Z,0.88386398553848267,0.89957499504089355,0.83422702550888062,0.83510798215866089,216485494
2022-04-06T00:00:00.000000Z,0.83473801612854004,0.83525097370147705,0.76734697818756104,0.76754802465438843,279034243
2022-04-07T00:00:00.000000Z,0.76748198270797729,0.80655002593994141,0.75492399930953979,0.80154597759246826,171599721
2022-04-08T00:00:00.000000Z,0.80143100023269653,0.80894100666046143,0.75376999378204346,0.75742197036743164,142239348
2022-04-09T00:00:00.000000Z,0.75744402408599854,0.78879499435424805,0.75744402408599854,0.78870701789855957,104779713
2022-04-10T00:00:00.000000Z,0.78869599103927612,0.78939998149871826,0.75378900766372681,0.75378900766372681,95242287
2022-04-11T00:00:00.000000Z,0.75341099500656128,0.75986802577972412,0.68428301811218262,0.6914139986038208,178042773
2022-04-12T00:00:00.000000Z,0.69199502468109131,0.74314802885055542,0.68854600191116333,0.72483700513839722,179450303
2022-04-13T00:00:00.000000Z,0.72493201494216919,0.74691301584243774,0.71615397930145264,0.74576097726821899,164241827
2022-04-14T00:00:00.000000Z,0.7452549934387207,0.76032501459121704,0.71701902151107788,0.72635102272033691,235512496
2022-04-15T00:00:00.000000Z,0.72637099027633667,0.74206101894378662,0.72338002920150757,0.73945599794387817,176669693
2022-04-16T00:00:00.000000Z,0.73938602209091187,0.74921900033950806,0.73041301965713501,0.74479502439498901,114846208
2022-04-17T00:00:00.000000Z,0.74452298879623413,0.74495202302932739,0.70813202857971191,0.71098899841308594,123633194
2022-04-18T00:00:00.000000Z,0.71109300851821899,0.73962897062301636,0.68997800350189209,0.737030029296875,183130195
2022-04-19T00:00:00.000000Z,0.73702102899551392,0.76156097650527954,0.73058497905731201,0.75951898097991943,176558754
2022-04-20T00:00:00.000000Z,0.75949198007583618,0.77041500806808472,0.73305797576904297,0.7413250207901001,169080903
2022-04-21T00:00:00.000000Z,0.74128198623657227,0.77005600929260254,0.71153002977371216,0.71871298551559448,220325412
2022-04-22T00:00:00.000000Z,0.71863597631454468,0.73123800754547119,0.71305698156356812,0.72044700384140015,143442976
2022-04-23T00:00:00.000000Z,0.72027701139450073,0.72268402576446533,0.7060210108757019,0.7080879807472229,111792484
2022-04-24T00:00:00.000000Z,0.70791298151016235,0.71427202224731445,0.69862502813339233,0.70063298940658569,99169601
2022-04-25T00:00:00.000000Z,0.70083397626876831,0.70541000366210938,0.65733098983764648,0.70331400632858276,217293783
2022-04-26T00:00:00.000000Z,0.70326399803161621,0.72277998924255371,0.64685201644897461,0.65528500080108643,213615375
2022-04-27T00:00:00.000000Z,0.65543001890182495,0.677528977394104,0.65086501836776733,0.67032897472381592,154129144
2022-04-28T00:00:00.000000Z,0.67043298482894897,0.71297097206115723,0.66356199979782104,0.69950300455093384,227820442
2022-04-29T00:00:00.000000Z,0.69929897785186768,0.7075200080871582,0.62324899435043335,0.63679200410842896,214364306
2022-04-30T00:00:00.000000Z,0.63692599534988403,0.63927298784255981,0.5429530143737793,0.56797200441360474,175022852
2022-05-01T00:00:00.000000Z,0.56804400682449341,0.60466998815536499,0.56757402420043945,0.60194098949432373,174632654
2022-05-02T00:00:00.000000Z,0.60191500186920166,0.64438802003860474,0.58206397294998169,0.61595898866653442,208512646
2022-05-03T00:00:00.000000Z,0.6159980297088623,0.73568898439407349,0.61330199241638184,0.66981601715087891,806953747
2022-05-04T00:00:00.000000Z,0.66969901323318481,0.71455001831054688,0.65503901243209839,0.71443301439285278,496140518
2022-05-05T00:00:00.000000Z,0.71453100442886353,0.72770601511001587,0.61863797903060913,0.63427901268005371,325775330
2022-05-06T00:00:00.000000Z,0.63424199819564819,0.70894300937652588,0.630016028881073,0.69692498445510864,551238247
2022-05-07T00:00:00.000000Z,0.69677501916885376,0.77230900526046753,0.67618697881698608,0.75237500667572021,631163186
2022-05-08T00:00:00.000000Z,0.75204497575759888,0.78118902444839478,0.70983600616455078,0.72592997550964355,627835795
2022-05-09T00:00:00.000000Z,0.72592401504516602,0.75262302160263062,0.58064299821853638,0.58064299821853638,601961290
2022-05-10T00:00:00.000000Z,0.57944798469543457,0.65881901979446411,0.55740898847579956,0.5848659873008728,585516113
2022-05-11T00:00:00.000000Z,0.584663987159729,0.6020200252532959,0.4105370044708252,0.44510099291801453,666386164
2022-05-12T00:00:00.000000Z,0.44573599100112915,0.47905099391937256,0.35736998915672302,0.41888400912284851,472506369
2022-05-13T00:00:00.000000Z,0.41883701086044312,0.5063440203666687,0.41598400473594666,0.44142898917198181,272811411
2022-05-14T00:00:00.000000Z,0.44158300757408142,0.47106000781059265,0.42049899697303772,0.46337598562240601,177896122
2022-05-15T00:00:00.000000Z,0.46332800388336182,0.49252399802207947,0.44556400179862976,0.49116998910903931,121955453
2022-05-16T00:00:00.000000Z,0.49094700813293457,0.49094700813293457,0.44111400842666626,0.45715498924255371,155402416
2022-05-17T00:00:00.000000Z,0.45737600326538086,0.50621002912521362,0.45737600326538086,0.49545100331306458,164358298
2022-05-18T00:00:00.000000Z,0.4954720139503479,0.5020490288734436,0.43300101161003113,0.43300101161003113,161960536
2022-05-19T00:00:00.000000Z,0.43279200792312622,0.46239298582077026,0.42274099588394165,0.4489319920539856,155643692
2022-05-20T00:00:00.000000Z,0.44906100630760193,0.4571169912815094,0.42118799686431885,0.43506801128387451,133976745
2022-05-21T00:00:00.000000Z,0.43494001030921936,0.44163399934768677,0.42450699210166931,0.43413200974464417,112695975
2022-05-22T00:00:00.000000Z,0.43416601419448853,0.44793400168418884,0.42517700791358948,0.44430500268936157,133012863
2022-05-23T00:00:00.000000Z,0.44405800104141235,0.45152899622917175,0.41406399011611938,0.41541698575019836,166561653
2022-05-24T00:00:00.000000Z,0.41550800204277039,0.42128300666809082,0.39279499650001526,0.4183180034160614,129473758
2022-05-25T00:00:00.000000Z,0.41825199127197266,0.42098799347877502,0.40023499727249146,0.40488201379776001,124203274
2022-05-26T00:00:00.000000Z,0.40498200058937073,0.41136899590492249,0.36863499879837036,0.38077899813652039,162560229
2022-05-27T00:00:00.000000Z,0.38053399324417114,0.38370999693870544,0.35688099265098572,0.35943600535392761,143781836
2022-05-28T00:00:00.000000Z,0.36380100250244141,0.37119200825691223,0.35618600249290466,0.36757200956344604,103254390
2022-05-29T00:00:00.000000Z,0.36752998828887939,0.37904199957847595,0.3538149893283844,0.37834000587463379,95337248
2022-05-30T00:00:00.000000Z,0.37832000851631165,0.42226898670196533,0.37718498706817627,0.4197390079498291,135622112
2022-05-31T00:00:00.000000Z,0.41975998878479004,0.42350000143051147,0.39727601408958435,0.41045999526977539,160903066
2022-06-01T00:00:00.000000Z,0.41058200597763062,0.42493399977684021,0.37676998972892761,0.38505500555038452,198214668
2022-06-02T00:00:00.000000Z,0.38494798541069031,0.39652198553085327,0.37745198607444763,0.39517399668693542,108089382
2022-06-03T00:00:00.000000Z,0.39513799548149109,0.39629098773002625,0.37277600169181824,0.38119599223136902,87997071
2022-06-04T00:00:00.000000Z,0.38126298785209656,0.38998699188232422,0.36809000372886658,0.38809201121330261,72933964
2022-06-05T00:00:00.000000Z,0.38809901475906372,0.4020099937915802,0.38023999333381653,0.39120599627494812,98276525
2022-06-06T00:00:00.000000Z,0.39134100079536438,0.42357999086380005,0.39134100079536438,0.4130060076713562,109510773
2022-06-07T00:00:00.000000Z,0.41296699643135071,0.41296699643135071,0.37808701395988464,0.39931398630142212,107880888
2022-06-08T00:00:00.000000Z,0.39935100078582764,0.42994499206542969,0.39919298887252808,0.41691198945045471,171881992
2022-06-09T00:00:00.000000Z,0.41692501306533813,0.41745901107788086,0.4011940062046051,0.40378299355506897,153734204
2022-06-10T00:00:00.000000Z,0.40373098850250244,0.40419399738311768,0.36755099892616272,0.36886700987815857,113984357
2022-06-11T00:00:00.000000Z,0.36886501312255859,0.37911099195480347,0.33904799818992615,0.34693199396133423,103773596
2022-06-12T00:00:00.000000Z,0.34714600443840027,0.35109800100326538,0.32497701048851013,0.32695499062538147,108432943
2022-06-13T00:00:00.000000Z,0.32676199078559875,0.32733199000358582,0.28909501433372498,0.30207100510597229,235772438
2022-06-14T00:00:00.000000Z,0.30215299129486084,0.30959999561309814,0.28322899341583252,0.30892300605773926,181406715
2022-06-15T00:00:00.000000Z,0.30887299776077271,0.3401469886302948,0.27921900153160095,0.33940300345420837,238594693
2022-06-16T00:00:00.000000Z,0.33946600556373596,0.34312701225280762,0.29694700241088867,0.3011620044708252,129853331
2022-06-17T00:00:00.000000Z,0.30128198862075806,0.31660598516464233,0.29940900206565857,0.31041300296783447,84051417
2022-06-18T00:00:00.000000Z,0.31034299731254578,0.31406599283218384,0.27648898959159851,0.29591000080108643,109765578
2022-06-19T00:00:00.000000Z,0.29570099711418152,0.3178040087223053,0.28559499979019165,0.31455698609352112,106912096
2022-06-20T00:00:00.000000Z,0.31454798579216003,0.32620000839233398,0.30245798826217651,0.31978601217269897,95398833
2022-06-21T00:00:00.000000Z,0.31968501210212708,0.34251800179481506,0.3157309889793396,0.32460999488830566,111643822
2022-06-22T00:00:00.000000Z,0.32484298944473267,0.3309130072593689,0.31294798851013184,0.31397199630737305,89396256
2022-06-23T00:00:00.000000Z,0.31398200988769531,0.33686798810958862,0.31342199444770813,0.33613699674606323,83028157
2022-06-24T00:00:00.000000Z,0.33603000640869141,0.35742399096488953,0.33564800024032593,0.35055598616600037,105834579
2022-06-25T00:00:00.000000Z,0.35054099559783936,0.35661399364471436,0.33586299419403076,0.35112801194190979,79926291
2022-06-26T00:00:00.000000Z,0.35102999210357666,0.35899001359939575,0.33222699165344238,0.33229801058769226,77802998
2022-06-27T00:00:00.000000Z,0.33228400349617004,0.34522199630737305,0.32575899362564087,0.32962200045585632,74703461
2022-06-28T00:00:00.000000Z,0.32959100604057312,0.33681398630142212,0.31130298972129822,0.31235998868942261,80242787
2022-06-29T00:00:00.000000Z,0.31242901086807251,0.31625598669052124,0.29599899053573608,0.29893198609352112,89771813
2022-06-30T00:00:00.000000Z,0.29903799295425415,0.31593599915504456,0.28420799970626831,0.31474199891090393,141724278
2022-07-01T00:00:00.000000Z,0.31505000591278076,0.32154199481010437,0.30051600933074951,0.30380699038505554,110957489
2022-07-02T00:00:00.000000Z,0.30421200394630432,0.31123799085617065,0.29976299405097961,0.30782699584960938,89758994
2022-07-03T00:00:00.000000Z,0.30785900354385376,0.31458500027656555,0.30184298753738403,0.30961999297142029,60171439
2022-07-04T00:00:00.000000Z,0.30960699915885925,0.32012799382209778,0.30056801438331604,0.31972000002861023,75740799
2022-07-05T00:00:00.000000Z,0.31965500116348267,0.32199499011039734,0.30222401022911072,0.30798399448394775,76220618
2022-07-06T00:00:00.000000Z,0.3080889880657196,0.31242701411247253,0.30310401320457458,0.3110480010509491,73547307
2022-07-07T00:00:00.000000Z,0.31105300784111023,0.32493200898170471,0.31052100658416748,0.32245799899101257,81311071
2022-07-08T00:00:00.000000Z,0.32244101166725159,0.32750499248504639,0.31042799353599548,0.31483998894691467,96268713
2022-07-09T00:00:00.000000Z,0.31487500667572021,0.32370400428771973,0.31440100073814392,0.32184100151062012,66699580
2022-07-10T00:00:00.000000Z,0.32179400324821472,0.32192999124526978,0.30647599697113037,0.30989199876785278,67639446
2022-07-11T00:00:00.000000Z,0.30988600850105286,0.3099370002746582,0.2970849871635437,0.29757198691368103,69830983
2022-07-12T00:00:00.000000Z,0.29754000902175903,0.3040669858455658,0.29259398579597473,0.29278698563575745,64966309
2022-07-13T00:00:00.000000Z,0.29277798533439636,0.31040599942207336,0.29051798582077026,0.31007000803947449,88967326
2022-07-14T00:00:00.000000Z,0.31001099944114685,0.33156299591064453,0.30176401138305664,0.32900300621986389,100681766
2022-07-15T00:00:00.000000Z,0.32894998788833618,0.33161398768424988,0.32117900252342224,0.32793501019477844,93453695
2022-07-16T00:00:00.000000Z,0.32782500982284546,0.34466099739074707,0.32556700706481934,0.33981800079345703,110690477
2022-07-17T00:00:00.000000Z,0.33984899520874023,0.34302800893783569,0.33324700593948364,0.33716100454330444,92402842
2022-07-18T00:00:00.000000Z,0.33720898628234863,0.36614701151847839,0.33671799302101135,0.36024299263954163,131526181
2022-07-19T00:00:00.000000Z,0.36013901233673096,0.37623399496078491,0.34732800722122192,0.37173599004745483,148454143
2022-07-20T00:00:00.000000Z,0.37168899178504944,0.3766779899597168,0.34249299764633179,0.34476599097251892,135346450
2022-07-21T00:00:00.000000Z,0.34480100870132446,0.35079801082611084,0.33411499857902527,0.34932100772857666,104121841
2022-07-22T00:00:00.000000Z,0.34930101037025452,0.35708600282669067,0.33390399813652039,0.33822301030158997,95226331
2022-07-23T00:00:00.000000Z,0.33801800012588501,0.34380999207496643,0.32678800821304321,0.33544999361038208,76196465
2022-07-24T00:00:00.000000Z,0.33545801043510437,0.34752300381660461,0.33525800704956055,0.34126201272010803,67318793
2022-07-25T00:00:00.000000Z,0.34126898646354675,0.34307399392127991,0.31307598948478699,0.31307598948478699,79254566
2022-07-26T00:00:00.000000Z,0.31310099363327026,0.31310099363327026,0.30195000767707825,0.31132799386978149,75417463
2022-07-27T00:00:00.000000Z,0.31136000156402588,0.32858899235725403,0.30625399947166443,0.32803100347518921,100415843
2022-07-28T00:00:00.000000Z,0.32806900143623352,0.3419719934463501,0.32112300395965576,0.33671998977661133,119975013
2022-07-29T00:00:00.000000Z,0.33671000599861145,0.34458500146865845,0.32596701383590698,0.33646899461746216,159191994
2022-07-30T00:00:00.000000Z,0.3364109992980957,0.35428300499916077,0.33079001307487488,0.33766800165176392,151837849
2022-07-31T00:00:00.000000Z,0.33767199516296387,0.35485801100730896,0.33289000391960144,0.33608099818229675,136658200
2022-08-01T00:00:00.000000Z,0.33608898520469666,0.34386101365089417,0.33141800761222839,0.34317600727081299,133095852
2022-08-02T00:00:00.000000Z,0.34311598539352417,0.34737700223922729,0.32095101475715637,0.3266260027885437,125403543
2022-08-03T00:00:00.000000Z,0.32665601372718811,0.33841401338577271,0.31888800859451294,0.32646700739860535,100042864
2022-08-04T00:00:00.000000Z,0.32651001214981079,0.34142300486564636,0.32608199119567871,0.33542400598526001,115920139
2022-08-05T00:00:00.000000Z,0.33536899089813232,0.35898500680923462,0.33522799611091614,0.35843101143836975,119089093
2022-08-06T00:00:00.000000Z,0.35846599936485291,0.35858801007270813,0.34798198938369751,0.34912499785423279,82161456
2022-08-07T00:00:00.000000Z,0.34912401437759399,0.36187401413917542,0.34378901124000549,0.35558098554611206,94236544
2022-08-08T00:00:00.000000Z,0.35563299059867859,0.37133300304412842,0.35425201058387756,0.36233800649642944,106273017
2022-08-09T00:00:00.000000Z,0.36244899034500122,0.3752020001411438,0.34201100468635559,0.34581300616264343,121104397
2022-08-10T00:00:00.000000Z,0.34578898549079895,0.3648650050163269,0.33689999580383301,0.36397698521614075,108677877
2022-08-11T00:00:00.000000Z,0.36397001147270203,0.36987400054931641,0.35951998829841614,0.36147698760032654,89966072
2022-08-12T00:00:00.000000Z,0.36139100790023804,0.3657430112361908,0.35341200232505798,0.3653700053691864,77094835
2022-08-13T00:00:00.000000Z,0.3654009997844696,0.37349900603294373,0.36489498615264893,0.36826598644256592,78145895
2022-08-14T00:00:00.000000Z,0.3683210015296936,0.38302901387214661,0.36067599058151245,0.36430099606513977,105604975
2022-08-15T00:00:00.000000Z,0.36433100700378418,0.37527498602867126,0.35152500867843628,0.35811498761177063,85536729
2022-08-16T00:00:00.000000Z,0.35797101259231567,0.35981500148773193,0.34999200701713562,0.35304799675941467,61993563
2022-08-17T00:00:00.000000Z,0.35300898551940918,0.364096999168396,0.33812400698661804,0.33959698677062988,86037322
2022-08-18T00:00:00.000000Z,0.33981901407241821,0.34723898768424988,0.32903900742530823,0.33317899703979492,63746142
2022-08-19T00:00:00.000000Z,0.33322799205780029,0.33349999785423279,0.30117899179458618,0.303274005651474,125998377
2022-08-20T00:00:00.000000Z,0.30322399735450745,0.31225299835205078,0.29478800296783447,0.3004859983921051,75438839
2022-08-21T00:00:00.000000Z,0.30039298534393311,0.30880498886108398,0.29811000823974609,0.3067840039730072,61131131
2022-08-22T00:00:00.000000Z,0.30674898624420166,0.30680298805236816,0.29088601469993591,0.30303001403808594,72896184
2022-08-23T00:00:00.000000Z,0.30303999781608582,0.30901899933815002,0.29364600777626038,0.30772900581359863,70940068
2022-08-24T00:00:00.000000Z,0.30769899487495422,0.30900898575782776,0.29937601089477539,0.30235698819160461,69399573
2022-08-25T00:00:00.000000Z,0.302388995885849,0.30949899554252625,0.30091500282287598,0.30725198984146118,71448809
2022-08-26T00:00:00.000000Z,0.30721399188041687,0.30739599466323853,0.28048700094223022,0.28215900063514709,106667550
2022-08-27T00:00:00.000000Z,0.28222200274467468,0.29015100002288818,0.27969300746917725,0.28916999697685242,65267730
2022-08-28T00:00:00.000000Z,0.28915199637413025,0.29484501481056213,0.28199499845504761,0.28203600645065308,51809064
2022-08-29T00:00:00.000000Z,0.28203698992729187,0.29861500859260559,0.28091898560523987,0.29817900061607361,57402405
2022-08-30T00:00:00.000000Z,0.29820799827575684,0.30174499750137329,0.28480499982833862,0.29131099581718445,53897150
2022-08-31T00:00:00.000000Z,0.29137900471687317,0.30027401447296143,0.28776699304580688,0.28856199979782104,51561774
2022-09-01T00:00:00.000000Z,0.28861600160598755,0.2933419942855835,0.28400701284408569,0.29329600930213928,44105297
2022-09-02T00:00:00.000000Z,0.29324701428413391,0.30638399720191956,0.29061099886894226,0.30166000127792358,67192638
2022-09-03T00:00:00.000000Z,0.30173701047897339,0.30322501063346863,0.29645898938179016,0.3027229905128479,41683092
2022-09-04T00:00:00.000000Z,0.30273699760437012,0.31875899434089661,0.30273699760437012,0.31230199337005615,86586016
2022-09-05T00:00:00.000000Z,0.31235399842262268,0.31328099966049194,0.29849699139595032,0.304625004529953,51132956
2022-09-06T00:00:00.000000Z,0.30468198657035828,0.30894699692726135,0.28313601016998291,0.28560099005699158,84354098
2022-09-07T00:00:00.000000Z,0.2855449914932251,0.30128800868988037,0.28207999467849731,0.29926899075508118,82659305
2022-09-08T00:00:00.000000Z,0.2992590069770813,0.30720999836921692,0.29379698634147644,0.30720001459121704,75067076
2022-09-09T00:00:00.000000Z,0.30720499157905579,0.32573199272155762,0.30720499157905579,0.32455098628997803,106805291
2022-09-10T00:00:00.000000Z,0.32451501488685608,0.32706499099731445,0.31863400340080261,0.32263800501823425,76851659
2022-09-11T00:00:00.000000Z,0.32263800501823425,0.33012399077415466,0.31721100211143494,0.32648000121116638,80246615
2022-09-12T00:00:00.000000Z,0.3264940083026886,0.33171600103378296,0.31790199875831604,0.32309499382972717,88326952
2022-09-13T00:00:00.000000Z,0.32306799292564392,0.32329601049423218,0.29523101449012756,0.29831001162528992,107193864
2022-09-14T00:00:00.000000Z,0.29665198922157288,0.30401700735092163,0.29600900411605835,0.30319899320602417,61930119
2022-09-15T00:00:00.000000Z,0.30320000648498535,0.30325499176979065,0.29027000069618225,0.29427599906921387,70276407
2022-09-16T00:00:00.000000Z,0.29435399174690247,0.29987999796867371,0.29106399416923523,0.2972550094127655,63844665
2022-09-17T00:00:00.000000Z,0.29733800888061523,0.31100800633430481,0.29733800888061523,0.31092900037765503,41414334
2022-09-18T00:00:00.000000Z,0.31093698740005493,0.31696298718452454,0.29033699631690979,0.29252299666404724,84448814
2022-09-19T00:00:00.000000Z,0.29257500171661377,0.32340699434280396,0.29201498627662659,0.31723600625991821,237609174
2022-09-20T00:00:00.000000Z,0.31732499599456787,0.34505599737167358,0.31711798906326294,0.32943099737167358,319080992
2022-09-21T00:00:00.000000Z,0.3295930027961731,0.33706700801849365,0.31017699837684631,0.33590200543403625,238190621
2022-09-22T00:00:00.000000Z,0.33609101176261902,0.38423401117324829,0.33039799332618713,0.36982500553131104,502945862
2022-09-23T00:00:00.000000Z,0.36981600522994995,0.40857699513435364,0.36488398909568787,0.40069499611854553,504026246
2022-09-24T00:00:00.000000Z,0.40059998631477356,0.40129300951957703,0.37082099914550781,0.38396799564361572,257903216
2022-09-25T00:00:00.000000Z,0.38407298922538757,0.39967000484466553,0.37939399480819702,0.38886898756027222,275777346
2022-09-26T00:00:00.000000Z,0.38886898756027222,0.39054501056671143,0.35875499248504639,0.36813300848007202,209064739
2022-09-27T00:00:00.000000Z,0.36816498637199402,0.37425100803375244,0.33876198530197144,0.35306298732757568,200841595
2022-09-28T00:00:00.000000Z,0.35301598906517029,0.35588499903678894,0.33300000429153442,0.34916400909423828,184297475
2022-09-29T00:00:00.000000Z,0.34917199611663818,0.36307498812675476,0.33459800481796265,0.35493800044059753,201946704
2022-09-30T00:00:00.000000Z,0.35495299100875854,0.36410099267959595,0.34780400991439819,0.35242098569869995,191019150
2022-10-01T00:00:00.000000Z,0.35248300433158875,0.36725801229476929,0.35248300433158875,0.35509601235389709,120498788
2022-10-02T00:00:00.000000Z,0.35512501001358032,0.37156501412391663,0.35326099395751953,0.35426598787307739,145674980
2022-10-03T00:00:00.000000Z,0.35428699851036072,0.36050599813461304,0.34455201029777527,0.35474699735641479,128202298
2022-10-04T00:00:00.000000Z,0.35469499230384827,0.35935100913047791,0.35059800744056702,0.35740798711776733,95320015
2022-10-05T00:00:00.000000Z,0.3573949933052063,0.3595309853553772,0.34509798884391785,0.35380101203918457,98421379
2022-10-06T00:00:00.000000Z,0.35377499461174011,0.35837298631668091,0.34772101044654846,0.34868898987770081,98500813
2022-10-07T00:00:00.000000Z,0.34871599078178406,0.34953498840332031,0.33682700991630554,0.34134599566459656,105832613
2022-10-08T00:00:00.000000Z,0.34131899476051331,0.34138798713684082,0.33215400576591492,0.33428901433944702,69329530
2022-10-09T00:00:00.000000Z,0.33426201343536377,0.33935600519180298,0.33104801177978516,0.33870500326156616,61607099
2022-10-10T00:00:00.000000Z,0.33867800235748291,0.33963000774383545,0.32015499472618103,0.32015499472618103,84680560
2022-10-11T00:00:00.000000Z,0.32002401351928711,0.32344400882720947,0.31124299764633179,0.31739500164985657,90460621
2022-10-12T00:00:00.000000Z,0.31744199991226196,0.32063600420951843,0.3121190071105957,0.31430599093437195,58357566
2022-10-13T00:00:00.000000Z,0.31429898738861084,0.32323899865150452,0.28864601254463196,0.31931498646736145,160091925
2022-10-14T00:00:00.000000Z,0.31931599974632263,0.32894998788833618,0.31394600868225098,0.31733700633049011,88444861
2022-10-15T00:00:00.000000Z,0.31734201312065125,0.32520601153373718,0.3132149875164032,0.31928500533103943,60209023
2022-10-16T00:00:00.000000Z,0.31929799914360046,0.32716900110244751,0.31922200322151184,0.32267200946807861,54511278
2022-10-17T00:00:00.000000Z,0.32267001271247864,0.33105999231338501,0.31861001253128052,0.33011400699615479,67171414
2022-10-18T00:00:00.000000Z,0.33010900020599365,0.33219501376152039,0.31597399711608887,0.31950101256370544,75101310
2022-10-19T00:00:00.000000Z,0.31951600313186646,0.32010900974273682,0.30614998936653137,0.30717900395393372,61221447
2022-10-20T00:00:00.000000Z,0.30719700455665588,0.31442201137542725,0.30399200320243835,0.30699300765991211,58503418
2022-10-21T00:00:00.000000Z,0.30694299936294556,0.31287100911140442,0.29702299833297729,0.31284099817276001,66219943
2022-10-22T00:00:00.000000Z,0.31284099817276001,0.31410700082778931,0.30960899591445923,0.31345099210739136,35249086
2022-10-23T00:00:00.000000Z,0.31345498561859131,0.31631800532341003,0.3079339861869812,0.31569799780845642,44998643
2022-10-24T00:00:00.000000Z,0.31571000814437866,0.31607198715209961,0.30630499124526978,0.31444999575614929,57523583
2022-10-25T00:00:00.000000Z,0.31446099281311035,0.33803701400756836,0.31396400928497314,0.33170700073242188,150586338
2022-10-26T00:00:00.000000Z,0.33164799213409424,0.34154701232910156,0.32983401417732239,0.33931499719619751,121613365
2022-10-27T00:00:00.000000Z,0.33933401107788086,0.34352999925613403,0.32590198516845703,0.32674801349639893,105477586
2022-10-28T00:00:00.000000Z,0.32673698663711548,0.33725199103355408,0.320374995470047,0.33378699421882629,85453137
2022-10-29T00:00:00.000000Z,0.33374199271202087,0.34512799978256226,0.33368799090385437,0.33867698907852173,101337215
2022-10-30T00:00:00.000000Z,0.33869901299476624,0.36282798647880554,0.33647599816322327,0.35925701260566711,206373092
2022-10-31T00:00:00.000000Z,0.35927599668502808,0.37924900650978088,0.35251399874687195,0.35910099744796753,228259692
2022-11-01T00:00:00.000000Z,0.35906600952148438,0.36891800165176392,0.34700700640678406,0.36001798510551453,148882730
2022-11-02T00:00:00.000000Z,0.36000600457191467,0.36411800980567932,0.34425100684165955,0.36157301068305969,211570252
2022-11-03T00:00:00.000000Z,0.36165699362754822,0.38376900553703308,0.36080700159072876,0.36922198534011841,273078851
2022-11-04T00:00:00.000000Z,0.36922898888587952,0.42691600322723389,0.36740198731422424,0.4148699939250946,383822172
2022-11-05T00:00:00.000000Z,0.41483300924301147,0.45181199908256531,0.40471199154853821,0.42339000105857849,474416254
2022-11-06T00:00:00.000000Z,0.42345601320266724,0.44732999801635742,0.4041379988193512,0.4041379988193512,392151024
2022-11-07T00:00:00.000000Z,0.40403899550437927,0.44679000973701477,0.39787998795509338,0.41834399104118347,482910557
2022-11-08T00:00:00.000000Z,0.41848799586296082,0.41870999336242676,0.29770201444625854,0.33228999376296997,756994801
2022-11-09T00:00:00.000000Z,0.3324350118637085,0.33487999439239502,0.25773000717163086,0.26510599255561829,404531597
2022-11-10T00:00:00.000000Z,0.26517900824546814,0.32623401284217834,0.26336100697517395,0.31977200508117676,340444614
2022-11-11T00:00:00.000000Z,0.31978499889373779,0.32709398865699768,0.28678500652313232,0.30228599905967712,266904457
2022-11-12T00:00:00.000000Z,0.30233100056648254,0.30277100205421448,0.27199199795722961,0.2733759880065918,153619897
2022-11-13T00:00:00.000000Z,0.27336400747299194,0.27684700489044189,0.25705999135971069,0.2621769905090332,158747762
2022-11-14T00:00:00.000000Z,0.2621999979019165,0.26660299301147461,0.23780900239944458,0.26094800233840942,199490082
2022-11-15T00:00:00.000000Z,0.26098600029945374,0.28922000527381897,0.25844401121139526,0.28126698732376099,191000834
2022-11-16T00:00:00.000000Z,0.28127199411392212,0.29725098609924316,0.26559600234031677,0.27616798877716064,226688629
2022-11-17T00:00:00.000000Z,0.27615898847579956,0.279013991355896,0.25849398970603943,0.26797598600387573,129166593
2022-11-18T00:00:00.000000Z,0.26797300577163696,0.29803699254989624,0.26767998933792114,0.29757699370384216,249222621
2022-11-19T00:00:00.000000Z,0.29765000939369202,0.31018799543380737,0.29166701436042786,0.29862099885940552,367504117
2022-11-20T00:00:00.000000Z,0.29861399531364441,0.29896301031112671,0.25434300303459167,0.25611299276351929,269224677
2022-11-21T00:00:00.000000Z,0.25608998537063599,0.25629198551177979,0.23914000391960144,0.24510100483894348,171918589
2022-11-22T00:00:00.000000Z,0.24503800272941589,0.24775099754333496,0.22689999639987946,0.24059900641441345,146152137
2022-11-23T00:00:00.000000Z,0.240680992603302,0.24676899611949921,0.23639599978923798,0.24671800434589386,102360378
2022-11-24T00:00:00.000000Z,0.24678799510002136,0.24892699718475342,0.23892100155353546,0.24211399257183075,75089368
2022-11-25T00:00:00.000000Z,0.24208900332450867,0.24500000476837158,0.23470599949359894,0.24359999597072601,64474014
2022-11-26T00:00:00.000000Z,0.24359799921512604,0.24674400687217712,0.23847100138664246,0.24053700268268585,51580086
2022-11-27T00:00:00.000000Z,0.24052600562572479,0.24842800199985504,0.23986600339412689,0.24046599864959717,50268930
2022-11-28T00:00:00.000000Z,0.2404630035161972,0.24128499627113342,0.22785399854183197,0.23596599698066711,65359827
2022-11-29T00:00:00.000000Z,0.23595499992370605,0.2418150007724762,0.23481699824333191,0.24055500328540802,48892848
2022-11-30T00:00:00.000000Z,0.24056300520896912,0.24941299855709076,0.23971700668334961,0.24830000102519989,70447667
2022-12-01T00:00:00.000000Z,0.24829499423503876,0.2484859973192215,0.23998500406742096,0.24074900150299072,46685927
2022-12-02T00:00:00.000000Z,0.24080100655555725,0.24571999907493591,0.23674200475215912,0.24450799822807312,57867943
2022-12-03T00:00:00.000000Z,0.24451300501823425,0.24513399600982666,0.23747900128364563,0.23791599273681641,49127944
2022-12-04T00:00:00.000000Z,0.23790900409221649,0.24040000140666962,0.23755800724029541,0.24011200666427612,37889987
2022-12-05T00:00:00.000000Z,0.2400210052728653,0.24532899260520935,0.23490400612354279,0.23668700456619263,71798767
2022-12-06T00:00:00.000000Z,0.23669399321079254,0.23724299669265747,0.23242999613285065,0.23409399390220642,44072524
2022-12-07T00:00:00.000000Z,0.2341029942035675,0.23450399935245514,0.22040799260139465,0.22157000005245209,68569468
2022-12-08T00:00:00.000000Z,0.22157299518585205,0.22599700093269348,0.21923300623893738,0.22471800446510315,49488353
2022-12-09T00:00:00.000000Z,0.22471299767494202,0.22602899372577667,0.22281500697135925,0.22571699321269989,43827223
2022-12-10T00:00:00.000000Z,0.22571499645709991,0.23033300042152405,0.22531700134277344,0.2274869978427887,39234108
2022-12-11T00:00:00.000000Z,0.22744600474834442,0.23018999397754669,0.22233200073242188,0.22308699786663055,34176351
2022-12-12T00:00:00.000000Z,0.22309400141239166,0.22309400141239166,0.21419599652290344,0.21865400671958923,50472899
2022-12-13T00:00:00.000000Z,0.21863900125026703,0.22516399621963501,0.21075299382209778,0.22352899610996246,57964593
2022-12-14T00:00:00.000000Z,0.2235260009765625,0.22594299912452698,0.21989999711513519,0.22091600298881531,45370899
2022-12-15T00:00:00.000000Z,0.22092300653457642,0.22829100489616394,0.21042799949645996,0.21050199866294861,102634770
2022-12-16T00:00:00.000000Z,0.21049100160598755,0.21275100111961365,0.18452499806880951,0.18555399775505066,101685228
2022-12-17T00:00:00.000000Z,0.18555200099945068,0.19513200223445892,0.18157699704170227,0.19459599256515503,64779871
2022-12-18T00:00:00.000000Z,0.19462199509143829,0.19493000209331512,0.18830199539661407,0.18884100019931793,51148564
2022-12-19T00:00:00.000000Z,0.18885399401187897,0.19124700129032135,0.17198300361633301,0.17417499423027039,65915384
2022-12-20T00:00:00.000000Z,0.17421199381351471,0.18100500106811523,0.17421199381351471,0.17897500097751617,45261734
2022-12-21T00:00:00.000000Z,0.17893999814987183,0.18034699559211731,0.17039600014686584,0.17188100516796112,51720072
2022-12-22T00:00:00.000000Z,0.17174899578094482,0.17185400426387787,0.16604000329971313,0.17176699638366699,55206447
2022-12-23T00:00:00.000000Z,0.17180399596691132,0.17325299978256226,0.16946800053119659,0.17012199759483337,31676112
2022-12-24T00:00:00.000000Z,0.17013399302959442,0.17061300575733185,0.16811400651931763,0.16837899386882782,19846142
2022-12-25T00:00:00.000000Z,0.16837400197982788,0.16852299869060516,0.16332300007343292,0.1658719927072525,29886441
2022-12-26T00:00:00.000000Z,0.16587300598621368,0.17164599895477295,0.16535399854183197,0.17150300741195679,30286222
2022-12-27T00:00:00.000000Z,0.17150600254535675,0.17202399671077728,0.16587699949741364,0.16997499763965607,28856494
2022-12-28T00:00:00.000000Z,0.16998499631881714,0.17029699683189392,0.16151000559329987,0.16724100708961487,46172647
2022-12-29T00:00:00.000000Z,0.16725000739097595,0.16762599349021912,0.16158600151538849,0.16515100002288818,40661272
2022-12-30T00:00:00.000000Z,0.165133997797966,0.16900800168514252,0.16089899837970734,0.16900800168514252,41936642
2022-12-31T00:00:00.000000Z,0.16905499994754791,0.17460200190544128,0.16781899333000183,0.17281800508499146,46000196
2023-01-01T00:00:00.000000Z,0.17281000316143036,0.17857599258422852,0.17199599742889404,0.1774660050868988,36884680
2023-01-02T00:00:00.000000Z,0.17747299373149872,0.18262200057506561,0.17455199360847473,0.181194007396698,39522483
2023-01-03T00:00:00.000000Z,0.18120299279689789,0.18533900380134583,0.18046799302101135,0.18430200219154358,42799437
2023-01-04T00:00:00.000000Z,0.18430300056934357,0.19134299457073212,0.18398000299930573,0.18709300458431244,52324895
2023-01-05T00:00:00.000000Z,0.18707999587059021,0.19073100388050079,0.18276000022888184,0.18354399502277374,43347762
2023-01-06T00:00:00.000000Z,0.18357099592685699,0.18993000686168671,0.18142800033092499,0.18949699401855469,44074050
2023-01-07T00:00:00.000000Z,0.1894959956407547,0.19547200202941895,0.18852999806404114,0.19438600540161133,42834111
2023-01-08T00:00:00.000000Z,0.19432400166988373,0.19965100288391113,0.1922840029001236,0.19955000281333923,38236365
2023-01-09T00:00:00.000000Z,0.19947199523448944,0.20788200199604034,0.19939599931240082,0.20068800449371338,85397892
2023-01-10T00:00:00.000000Z,0.20059899985790253,0.20471000671386719,0.19881999492645264,0.20407100021839142,50399010
2023-01-11T00:00:00.000000Z,0.20405900478363037,0.21073399484157562,0.19761699438095093,0.21073399484157562,53987029
2023-01-12T00:00:00.000000Z,0.21079699695110321,0.21283799409866333,0.20530100166797638,0.21252599358558655,83284144
2023-01-13T00:00:00.000000Z,0.21254000067710876,0.2222059965133667,0.20910699665546417,0.22101899981498718,69730976
2023-01-14T00:00:00.000000Z,0.22100900113582611,0.23910200595855713,0.22099800407886505,0.22952200472354889,146305142
2023-01-15T00:00:00.000000Z,0.22958000004291534,0.24033500254154205,0.22504900395870209,0.24033500254154205,107565151
2023-01-16T00:00:00.000000Z,0.2403549998998642,0.24133600294589996,0.22648899257183075,0.23428900539875031,98057323
2023-01-17T00:00:00.000000Z,0.23432600498199463,0.23536400496959686,0.22949700057506561,0.22949700057506561,66725576
2023-01-18T00:00:00.000000Z,0.2295210063457489,0.2324800044298172,0.20918899774551392,0.2095939964056015,102596761
2023-01-19T00:00:00.000000Z,0.20956400036811829,0.21798500418663025,0.20948000252246857,0.21752800047397614,57599865
2023-01-20T00:00:00.000000Z,0.21750999987125397,0.23986299335956573,0.21626299619674683,0.23977600038051605,81520520
2023-01-21T00:00:00.000000Z,0.23976199328899384,0.24526199698448181,0.23403599858283997,0.23966699838638306,100722878
2023-01-22T00:00:00.000000Z,0.23961800336837769,0.25438600778579712,0.23663400113582611,0.24671100080013275,121941539
2023-01-23T00:00:00.000000Z,0.24671199917793274,0.25422099232673645,0.24652099609375,0.2503030002117157,99493916
2023-01-24T00:00:00.000000Z,0.25024899840354919,0.25914999842643738,0.2356799989938736,0.23703999817371368,110474128
2023-01-25T00:00:00.000000Z,0.23704899847507477,0.2490839958190918,0.2309039980173111,0.24536800384521484,87129537
2023-01-26T00:00:00.000000Z,0.24519699811935425,0.24854099750518799,0.24223700165748596,0.24580800533294678,70905794
2023-01-27T00:00:00.000000Z,0.24580299854278564,0.25850498676300049,0.2404559999704361,0.25472798943519592,87973627
2023-01-28T00:00:00.000000Z,0.25474399328231812,0.2637610137462616,0.25198200345039368,0.25730198621749878,84403661
2023-01-29T00:00:00.000000Z,0.25743600726127625,0.26446399092674255,0.25539600849151611,0.2621929943561554,71822187
2023-01-30T00:00:00.000000Z,0.26221200823783875,0.26237401366233826,0.23756299912929535,0.23977099359035492,85126947
2023-01-31T00:00:00.000000Z,0.23977699875831604,0.24432900547981262,0.23673099279403687,0.24220600724220276,61930182
2023-02-01T00:00:00.000000Z,0.24216100573539734,0.2519260048866272,0.23259499669075012,0.25103199481964111,96058386
2023-02-02T00:00:00.000000Z,0.25104901194572449,0.26776400208473206,0.25104901194572449,0.25541400909423828,106102449
2023-02-03T00:00:00.000000Z,0.25537499785423279,0.27297300100326538,0.25219500064849854,0.27092799544334412,132688284
2023-02-04T00:00:00.000000Z,0.27089700102806091,0.27358698844909668,0.26629400253295898,0.26702100038528442,78614505
2023-02-05T00:00:00.000000Z,0.2670539915561676,0.27007800340652466,0.25287899374961853,0.25710201263427734,83152126
2023-02-06T00:00:00.000000Z,0.25713300704956055,0.26315298676490784,0.25514701008796692,0.25542101263999939,66235465
2023-02-07T00:00:00.000000Z,0.25536298751831055,0.28523099422454834,0.25498399138450623,0.27915799617767334,194585706
2023-02-08T00:00:00.000000Z,0.27919098734855652,0.29696500301361084,0.27811700105667114,0.29001399874687195,213731969
2023-02-09T00:00:00.000000Z,0.2900330126285553,0.29030901193618774,0.24927900731563568,0.2553040087223053,197237440
2023-02-10T00:00:00.000000Z,0.25530499219894409,0.2630859911441803,0.25025400519371033,0.25200998783111572,115126614
2023-02-11T00:00:00.000000Z,0.25200799107551575,0.25721600651741028,0.24936699867248535,0.25718900561332703,62079971
2023-02-12T00:00:00.000000Z,0.25718501210212708,0.25980100035667419,0.24592499434947968,0.24833700060844421,68975253
2023-02-13T00:00:00.000000Z,0.2483379989862442,0.24900299310684204,0.23542800545692444,0.24465799331665039,90996780
2023-02-14T00:00:00.000000Z,0.24462400376796722,0.25493898987770081,0.2407819926738739,0.25367000699043274,86028993
2023-02-15T00:00:00.000000Z,0.25363001227378845,0.27344399690628052,0.25176098942756653,0.27270799875259399,106214843
2023-02-16T00:00:00.000000Z,0.27264401316642761,0.28007200360298157,0.25800400972366333,0.25860399007797241,145083641
2023-02-17T00:00:00.000000Z,0.25856998562812805,0.27514898777008057,0.2583949863910675,0.27157500386238098,99575419
2023-02-18T00:00:00.000000Z,0.2715420126914978,0.27758699655532837,0.26951700448989868,0.27351400256156921,70508283
2023-02-19T00:00:00.000000Z,0.27347099781036377,0.28246799111366272,0.26935899257659912,0.27816000580787659,106011320
2023-02-20T00:00:00.000000Z,0.27829799056053162,0.29053500294685364,0.2708669900894165,0.28499299287796021,136180970
2023-02-21T00:00:00.000000Z,0.28512299060821533,0.29295799136161804,0.27458000183105469,0.27834498882293701,121387968
2023-02-22T00:00:00.000000Z,0.27834698557853699,0.27933800220489502,0.26261699199676514,0.27132299542427063,99013699
2023-02-23T00:00:00.000000Z,0.27131998538970947,0.27877599000930786,0.26671800017356873,0.26871401071548462,86818704
2023-02-24T00:00:00.000000Z,0.26876598596572876,0.26940900087356567,0.25278300046920776,0.25684601068496704,79896942
2023-02-25T00:00:00.000000Z,0.25683701038360596,0.25766000151634216,0.24575799703598022,0.25130000710487366,52253817
2023-02-26T00:00:00.000000Z,0.25129601359367371,0.25616198778152466,0.24955199658870697,0.25572600960731506,37908316
2023-02-27T00:00:00.000000Z,0.25571998953819275,0.26125600934028625,0.25090000033378601,0.25523200631141663,51910791
2023-02-28T00:00:00.000000Z,0.25516799092292786,0.25560200214385986,0.2440900057554245,0.24494700133800507,50579740
2023-03-01T00:00:00.000000Z,0.2449599951505661,0.25421899557113647,0.24420799314975739,0.2512190043926239,50986141
2023-03-02T00:00:00.000000Z,0.2512269914150238,0.25190401077270508,0.24080799520015717,0.24259699881076813,48090504
2023-03-03T00:00:00.000000Z,0.24255199730396271,0.24261599779129028,0.22520700097084045,0.23344600200653076,69471117
2023-03-04T00:00:00.000000Z,0.23344700038433075,0.23418700695037842,0.22257800400257111,0.22549399733543396,33754152
2023-03-05T00:00:00.000000Z,0.22549499571323395,0.23127500712871552,0.22430300712585449,0.22718599438667297,38013563
2023-03-06T00:00:00.000000Z,0.22718100249767303,0.23075200617313385,0.22017300128936768,0.2259649932384491,62268405
2023-03-07T00:00:00.000000Z,0.22595399618148804,0.22800600528717041,0.2139659970998764,0.21764600276947021,62127121
2023-03-08T00:00:00.000000Z,0.21756400167942047,0.21791799366474152,0.20086699724197388,0.20232799649238586,61164379
2023-03-09T00:00:00.000000Z,0.20225200057029724,0.20692199468612671,0.18917599320411682,0.19357399642467499,72973286
2023-03-10T00:00:00.000000Z,0.19357900321483612,0.1951570063829422,0.18618200719356537,0.18934200704097748,101190349
2023-03-11T00:00:00.000000Z,0.18932700157165527,0.19478599727153778,0.18156899511814117,0.18922099471092224,83489205
2023-03-12T00:00:00.000000Z,0.1892009973526001,0.20310300588607788,0.18440300226211548,0.20239099860191345,71141684
2023-03-13T00:00:00.000000Z,0.20241199433803558,0.21582099795341492,0.19512200355529785,0.21293100714683533,110748843
2023-03-14T00:00:00.000000Z,0.21292500197887421,0.22704200446605682,0.2073570042848587,0.22273099422454834,119645575
2023-03-15T00:00:00.000000Z,0.22283299267292023,0.22625300288200378,0.20029599964618683,0.20487199723720551,93774828
2023-03-16T00:00:00.000000Z,0.20497900247573853,0.21024300158023834,0.20270299911499023,0.20916900038719177,51004142
2023-03-17T00:00:00.000000Z,0.20918199419975281,0.22724099457263947,0.20759600400924683,0.22724099457263947,69940667
2023-03-18T00:00:00.000000Z,0.22723199427127838,0.22993800044059753,0.21536499261856079,0.21567800641059875,82270493
2023-03-19T00:00:00.000000Z,0.21571899950504303,0.22513000667095184,0.21571899950504303,0.22101800143718719,63720019
2023-03-20T00:00:00.000000Z,0.22105699777603149,0.22523599863052368,0.20961299538612366,0.21018199622631073,79112674
2023-03-21T00:00:00.000000Z,0.21026299893856049,0.22565299272537231,0.2067209929227829,0.2245510071516037,76462590
2023-03-22T00:00:00.000000Z,0.22446100413799286,0.24010300636291504,0.21075400710105896,0.21406200528144836,211957606
2023-03-23T00:00:00.000000Z,0.21403400599956512,0.22258099913597107,0.21219800412654877,0.21969099342823029,76021343
2023-03-24T00:00:00.000000Z,0.21965600550174713,0.22009000182151794,0.20705799758434296,0.20921899378299713,63594104
2023-03-25T00:00:00.000000Z,0.20921200513839722,0.21129800379276276,0.20299500226974487,0.20654100179672241,40651505
2023-03-26T00:00:00.000000Z,0.20654299855232239,0.21163000166416168,0.20564299821853638,0.2108290046453476,30772734
2023-03-27T00:00:00.000000Z,0.21081900596618652,0.21088400483131409,0.19643299281597137,0.20027400553226471,53280488
2023-03-28T00:00:00.000000Z,0.20025099813938141,0.20406599342823029,0.1974090039730072,0.20200599730014801,50531386
2023-03-29T00:00:00.000000Z,0.20198999345302582,0.23752699792385101,0.20185799896717072,0.23432700335979462,279749230
2023-03-30T00:00:00.000000Z,0.23434799909591675,0.23850299417972565,0.22169800102710724,0.22458399832248688,131918255
2023-03-31T00:00:00.000000Z,0.22458800673484802,0.22762499749660492,0.21846899390220642,0.22540800273418427,74228214
2023-04-01T00:00:00.000000Z,0.22548200190067291,0.22785300016403198,0.21944199502468109,0.22217999398708344,46137695
2023-04-02T00:00:00.000000Z,0.22321599721908569,0.22433499991893768,0.21178999543190002,0.21409499645233154,44963360
2023-04-03T00:00:00.000000Z,0.21409699320793152,0.21899999678134918,0.20830799639225006,0.21436400711536407,63103831
2023-04-04T00:00:00.000000Z,0.21434099972248077,0.22040799260139465,0.21224300563335419,0.21812200546264648,48671618
2023-04-05T00:00:00.000000Z,0.21812300384044647,0.2237900048494339,0.216156005859375,0.22289200127124786,62049037
2023-04-06T00:00:00.000000Z,0.2229049950838089,0.2229049950838089,0.21619200706481934,0.21777500212192535,51920289
2023-04-07T00:00:00.000000Z,0.21781100332736969,0.21961499750614166,0.21363499760627747,0.2193170040845871,41784835
2023-04-08T00:00:00.000000Z,0.21930399537086487,0.2208079993724823,0.21488100290298462,0.21629899740219116,41570807
2023-04-09T00:00:00.000000Z,0.2162649929523468,0.2181210070848465,0.2135159969329834,0.21685099601745605,34754910
2023-04-10T00:00:00.000000Z,0.21684500575065613,0.22088700532913208,0.21320800483226776,0.22073900699615479,47340467
2023-04-11T00:00:00.000000Z,0.2207770049571991,0.22337000072002411,0.21893900632858276,0.21990500390529633,58513567
2023-04-12T00:00:00.000000Z,0.21991899609565735,0.22057899832725525,0.21218100190162659,0.21490499377250671,60644791
2023-04-13T00:00:00.000000Z,0.21531200408935547,0.22247500717639923,0.21353699266910553,0.22162599861621857,70867248
2023-04-14T00:00:00.000000Z,0.22164300084114075,0.23173399269580841,0.22052100300788879,0.22765199840068817,110334875
2023-04-15T00:00:00.000000Z,0.22764800488948822,0.23294000327587128,0.22421200573444366,0.23224100470542908,69224995
2023-04-16T00:00:00.000000Z,0.23219099640846252,0.23491699993610382,0.22700099647045135,0.23485900461673737,50305952
2023-04-17T00:00:00.000000Z,0.23484300076961517,0.23531100153923035,0.21957099437713623,0.22069300711154938,108617950
2023-04-18T00:00:00.000000Z,0.22074399888515472,0.22558499872684479,0.21807000041007996,0.22236000001430511,87324742
2023-04-19T00:00:00.000000Z,0.22234000265598297,0.22234000265598297,0.19747400283813477,0.19918499886989594,110900648
2023-04-20T00:00:00.000000Z,0.1991180032491684,0.19994199275970459,0.18903300166130066,0.19065499305725098,123321463
2023-04-21T00:00:00.000000Z,0.19065000116825104,0.19086599349975586,0.18314599990844727,0.18518300354480743,81193217
2023-04-22T00:00:00.000000Z,0.1851859986782074,0.19030900299549103,0.18509699404239655,0.19010600447654724,40625049
2023-04-23T00:00:00.000000Z,0.19007599353790283,0.1901170015335083,0.18326300382614136,0.18795199692249298,36280295
2023-04-24T00:00:00.000000Z,0.18796299397945404,0.18994100391864777,0.18244199454784393,0.18533900380134583,39040954
2023-04-25T00:00:00.000000Z,0.18532900512218475,0.18868499994277954,0.18008700013160706,0.18796700239181519,46493029
2023-04-26T00:00:00.000000Z,0.18794800341129303,0.19281600415706635,0.1734900027513504,0.18084000051021576,78999214
2023-04-27T00:00:00.000000Z,0.18086700141429901,0.18500399589538574,0.18035900592803955,0.18385699391365051,51625047
2023-04-28T00:00:00.000000Z,0.18385200202465057,0.18473300337791443,0.18086500465869904,0.18365800380706787,36039045
2023-04-29T00:00:00.000000Z,0.18365700542926788,0.18575300276279449,0.18285000324249268,0.18343900144100189,29740883
2023-04-30T00:00:00.000000Z,0.18343299627304077,0.18457099795341492,0.17990000545978546,0.18094700574874878,31286653
2023-05-01T00:00:00.000000Z,0.18092399835586548,0.18144699931144714,0.17510700225830078,0.17711000144481659,38734856
2023-05-02T00:00:00.000000Z,0.17711600661277771,0.1793539971113205,0.1746010035276413,0.17884700000286102,32224719
2023-05-03T00:00:00.000000Z,0.17885999381542206,0.18172900378704071,0.17477299273014069,0.1811629980802536,34983153
2023-05-04T00:00:00.000000Z,0.18116599321365356,0.18126900494098663,0.1757349967956543,0.17701299488544464,31539438
2023-05-05T00:00:00.000000Z,0.1770080029964447,0.18290099501609802,0.17697800695896149,0.18193599581718445,42362708
2023-05-06T00:00:00.000000Z,0.18188799917697906,0.18285499513149261,0.17353799939155579,0.17525699734687805,35756013
2023-05-07T00:00:00.000000Z,0.17525500059127808,0.17586199939250946,0.17381399869918823,0.17381499707698822,23973737
2023-05-08T00:00:00.000000Z,0.17377600073814392,0.17410799860954285,0.1612280011177063,0.16413900256156921,59600971
2023-05-09T00:00:00.000000Z,0.1641400009393692,0.16692599654197693,0.1636199951171875,0.16516900062561035,31268479
2023-05-10T00:00:00.000000Z,0.16516600549221039,0.17043900489807129,0.16228100657463074,0.16877800226211548,50284133
2023-05-11T00:00:00.000000Z,0.16875199973583221,0.16892699897289276,0.15940600633621216,0.16270600259304047,39072853
2023-05-12T00:00:00.000000Z,0.1626880019903183,0.16456200182437897,0.15810400247573853,0.16455799341201782,41124463
2023-05-13T00:00:00.000000Z,0.16458800435066223,0.16465499997138977,0.16163000464439392,0.1623380035161972,23283216
2023-05-14T00:00:00.000000Z,0.16234299540519714,0.16526399552822113,0.16132499277591705,0.16298599541187286,24217789
2023-05-15T00:00:00.000000Z,0.1629749983549118,0.16857500374317169,0.16146700084209442,0.16695800423622131,32270575
2023-05-16T00:00:00.000000Z,0.16695499420166016,0.17027300596237183,0.16512200236320496,0.16954100131988525,33899126
2023-05-17T00:00:00.000000Z,0.16954199969768524,0.17368400096893311,0.16677199304103851,0.17232300341129303,37251201
2023-05-18T00:00:00.000000Z,0.17231899499893188,0.17231899499893188,0.16347900032997131,0.16546699404716492,36825289
2023-05-19T00:00:00.000000Z,0.16544300317764282,0.16725699603557587,0.16483800113201141,0.16502299904823303,27706155
2023-05-20T00:00:00.000000Z,0.16503900289535522,0.16534499824047089,0.16410499811172485,0.16462600231170654,22189618
2023-05-21T00:00:00.000000Z,0.16463199257850647,0.16469000279903412,0.16080300509929657,0.16166600584983826,23992698
2023-05-22T00:00:00.000000Z,0.16166099905967712,0.16232199966907501,0.15963000059127808,0.16141800582408905,25340320
2023-05-23T00:00:00.000000Z,0.16141800582408905,0.1648470014333725,0.16123999655246735,0.16249600052833557,25378706
2023-05-24T00:00:00.000000Z,0.16249999403953552,0.16251799464225769,0.15437600016593933,0.15438699722290039,41071113
2023-05-25T00:00:00.000000Z,0.1543859988451004,0.15476100146770477,0.14985600113868713,0.15034100413322449,55883363
2023-05-26T00:00:00.000000Z,0.1503870040178299,0.15094900131225586,0.14754000306129456,0.15005099773406982,38106049
2023-05-27T00:00:00.000000Z,0.15004399418830872,0.15163199603557587,0.14940199255943298,0.15061500668525696,29209070
2023-05-28T00:00:00.000000Z,0.15057399868965149,0.15390199422836304,0.15036900341510773,0.15325100719928741,36516936
2023-05-29T00:00:00.000000Z,0.15326499938964844,0.15421399474143982,0.15083500742912292,0.15173900127410889,31790813
2023-05-30T00:00:00.000000Z,0.15171299874782562,0.15250200033187866,0.1495169997215271,0.15148599445819855,38411362
2023-05-31T00:00:00.000000Z,0.15152199566364288,0.15236899256706238,0.14601099491119385,0.14767199754714966,36713988
2023-06-01T00:00:00.000000Z,0.14767900109291077,0.1485770046710968,0.14517199993133545,0.14821699261665344,28626822
2023-06-02T00:00:00.000000Z,0.14820599555969238,0.15239100158214569,0.1472650021314621,0.1518079936504364,28103456
2023-06-03T00:00:00.000000Z,0.15181100368499756,0.15211799740791321,0.15034900605678558,0.15104900300502777,19143273
2023-06-04T00:00:00.000000Z,0.15104900300502777,0.15358300507068634,0.15020200610160828,0.15181499719619751,21580992
2023-06-05T00:00:00.000000Z,0.15183399617671967,0.15192499756813049,0.13294999301433563,0.13805299997329712,61360587
2023-06-06T00:00:00.000000Z,0.13804499804973602,0.13834400475025177,0.13381800055503845,0.13733600080013275,52568885
2023-06-07T00:00:00.000000Z,0.13732999563217163,0.13732999563217163,0.12455499917268753,0.12525400519371033,55080941
2023-06-08T00:00:00.000000Z,0.1252640038728714,0.12546800076961517,0.12116199731826782,0.12326300144195557,58077063
2023-06-09T00:00:00.000000Z,0.12327799946069717,0.12613999843597412,0.12212800234556198,0.12421300262212753,34001712
2023-06-10T00:00:00.000000Z,0.124208003282547,0.124208003282547,0.095798999071121216,0.11119700223207474,101115661
2023-06-11T00:00:00.000000Z,0.11119800060987473,0.11284700036048889,0.10749900341033936,0.11072000116109848,31728552
2023-06-12T00:00:00.000000Z,0.11072500050067902,0.11304499953985214,0.10887099802494049,0.11260800063610077,34798427
2023-06-13T00:00:00.000000Z,0.11260800063610077,0.11653199791908264,0.11187700182199478,0.11290799826383591,31275813
2023-06-14T00:00:00.000000Z,0.11290699988603592,0.11873599886894226,0.11086399853229523,0.11280900239944458,37121623
2023-06-15T00:00:00.000000Z,0.11281099915504456,0.11554499715566635,0.10781099647283554,0.1121160015463829,40855223
2023-06-16T00:00:00.000000Z,0.1121160015463829,0.11733800172805786,0.10973399877548218,0.11607100069522858,26161914
2023-06-17T00:00:00.000000Z,0.11607400327920914,0.12259799987077713,0.11548200249671936,0.11838100105524063,27923586
2023-06-18T00:00:00.000000Z,0.11837500333786011,0.1189349964261055,0.11462800204753876,0.11491599678993225,21581054
2023-06-19T00:00:00.000000Z,0.11491800099611282,0.11731000244617462,0.11420000344514847,0.11625000089406967,22236099
2023-06-20T00:00:00.000000Z,0.11624400317668915,0.12171100080013275,0.11361999809741974,0.12138400226831436,25332935
2023-06-21T00:00:00.000000Z,0.12136799842119217,0.12619100511074066,0.12128599733114243,0.125791996717453,37786577
2023-06-22T00:00:00.000000Z,0.12577700614929199,0.12875500321388245,0.12489999830722809,0.12512899935245514,34612127
2023-06-23T00:00:00.000000Z,0.12512199580669403,0.13864900171756744,0.12475699931383133,0.13515299558639526,40241326
2023-06-24T00:00:00.000000Z,0.13516600430011749,0.13559199869632721,0.13148100674152374,0.13280199468135834,31577408
2023-06-25T00:00:00.000000Z,0.13279800117015839,0.14052300155162811,0.1327580064535141,0.13712300360202789,35775701
2023-06-26T00:00:00.000000Z,0.13711999356746674,0.13864700496196747,0.12947699427604675,0.12955600023269653,52971674
2023-06-27T00:00:00.000000Z,0.12954600155353546,0.13016599416732788,0.12692199647426605,0.12737199664115906,36872267
2023-06-28T00:00:00.000000Z,0.12736399471759796,0.12739600241184235,0.11634500324726105,0.11881600320339203,44376325
2023-06-29T00:00:00.000000Z,0.11881899833679199,0.12401500344276428,0.11840499937534332,0.12025800347328186,31751209
2023-06-30T00:00:00.000000Z,0.12024299800395966,0.12428999692201614,0.11576099693775177,0.12155699729919434,52557484
2023-07-01T00:00:00.000000Z,0.12157300114631653,0.12752999365329742,0.11973299831151962,0.12752799689769745,43963663
2023-07-02T00:00:00.000000Z,0.1276019960641861,0.12778399884700775,0.12212099879980087,0.12373200058937073,44085164
2023-07-03T00:00:00.000000Z,0.12372499704360962,0.12980799376964569,0.12249399721622467,0.12821699678897858,54889116
2023-07-04T00:00:00.000000Z,0.1282069981098175,0.12823599576950073,0.12330599874258041,0.12420099973678589,35894290
2023-07-05T00:00:00.000000Z,0.12420299649238586,0.12515999376773834,0.11833299696445465,0.12005200237035751,37834151
2023-07-06T00:00:00.000000Z,0.12004099786281586,0.12240000069141388,0.11337000131607056,0.11337000131607056,38788606
2023-07-07T00:00:00.000000Z,0.11337099969387054,0.11440200358629227,0.11216399818658829,0.11246100068092346,31511650
2023-07-08T00:00:00.000000Z,0.11247900128364563,0.11322499811649323,0.11006499826908112,0.11180000007152557,27381118
2023-07-09T00:00:00.000000Z,0.11180800199508667,0.1128460019826889,0.11034800112247467,0.11050800234079361,25853758
2023-07-10T00:00:00.000000Z,0.11049500107765198,0.11235900223255157,0.10780400037765503,0.10997200012207031,38915735
2023-07-11T00:00:00.000000Z,0.10997100174427032,0.11138000339269638,0.10582300275564194,0.10858099907636642,46640319
2023-07-12T00:00:00.000000Z,0.10858099907636642,0.11087699979543686,0.1059110015630722,0.10604099929332733,41836736
2023-07-13T00:00:00.000000Z,0.10604400187730789,0.12178099900484085,0.10306300222873688,0.12175600230693817,134566894
2023-07-14T00:00:00.000000Z,0.12175799906253815,0.12293499708175659,0.11027800291776657,0.11331800371408463,127878402
2023-07-15T00:00:00.000000Z,0.11331000179052353,0.11542599648237228,0.11188600212335587,0.11359799653291702,42077640
2023-07-16T00:00:00.000000Z,0.11359699815511703,0.12121199816465378,0.11236199736595154,0.11596400290727615,74711225
2023-07-17T00:00:00.000000Z,0.11596599966287613,0.12607599794864655,0.11504899710416794,0.12005899846553802,130011947
2023-07-18T00:00:00.000000Z,0.12012200057506561,0.12029799818992615,0.11202400177717209,0.11382900178432465,66096371
2023-07-19T00:00:00.000000Z,0.11383800208568573,0.11596000194549561,0.11204399913549423,0.11396399885416031,52814112
2023-07-20T00:00:00.000000Z,0.11397100239992142,0.11550799757242203,0.11204399913549423,0.11497599631547928,54226479
2023-07-21T00:00:00.000000Z,0.11498299986124039,0.11618199944496155,0.11350099742412567,0.11545000225305557,38116590
2023-07-22T00:00:00.000000Z,0.11544100195169449,0.11683599650859833,0.1138869971036911,0.11452999711036682,36677364
2023-07-23T00:00:00.000000Z,0.11454299837350845,0.11720500141382217,0.1139800027012825,0.11608599871397018,33042839
2023-07-24T00:00:00.000000Z,0.11609499901533127,0.11610300093889236,0.10858500003814697,0.10965699702501297,47487503
2023-07-25T00:00:00.000000Z,0.10966300219297409,0.11015299707651138,0.10879799723625183,0.10993699729442596,29342208
2023-07-26T00:00:00.000000Z,0.10994099825620651,0.11234100162982941,0.10850799828767776,0.11096200346946716,34685746
2023-07-27T00:00:00.000000Z,0.11096099764108658,0.11263199895620346,0.10929600149393082,0.109934002161026,28787576
2023-07-28T00:00:00.000000Z,0.10993599891662598,0.11107499897480011,0.10832999646663666,0.11051499843597412,34819163
2023-07-29T00:00:00.000000Z,0.1105090007185936,0.1116349995136261,0.10995599627494812,0.111394003033638,24439680
2023-07-30T00:00:00.000000Z,0.11139299720525742,0.11238700151443481,0.10826800018548965,0.10954999923706055,32990990
2023-07-31T00:00:00.000000Z,0.10954699665307999,0.11079700291156769,0.10856600105762482,0.10976599901914597,44368490
2023-08-01T00:00:00.000000Z,0.10976699739694595,0.11078000068664551,0.10715200006961823,0.11077599972486496,44231175
2023-08-02T00:00:00.000000Z,0.11077400296926498,0.11095599830150604,0.10632400214672089,0.10688900202512741,39691365
2023-08-03T00:00:00.000000Z,0.10690099745988846,0.10790900141000748,0.10596399754285812,0.10635700076818466,26087481
2023-08-04T00:00:00.000000Z,0.1063460037112236,0.10752200335264206,0.10503900051116943,0.10593000054359436,24989698
2023-08-05T00:00:00.000000Z,0.10592799633741379,0.10664699971675873,0.10480699688196182,0.10641700029373169,20620976
2023-08-06T00:00:00.000000Z,0.10641500353813171,0.1101209968328476,0.10635499656200409,0.10970800369977951,29783236
2023-08-07T00:00:00.000000Z,0.10970500111579895,0.11185300350189209,0.10796599835157394,0.11185300350189209,48805931
2023-08-08T00:00:00.000000Z,0.11184900254011154,0.11852400004863739,0.11184900254011154,0.11312799900770187,88503743
2023-08-09T00:00:00.000000Z,0.11313299834728241,0.11426199972629547,0.11150900274515152,0.11298699676990509,39251968
2023-08-10T00:00:00.000000Z,0.1129859983921051,0.11331800371408463,0.11137799918651581,0.11252599954605103,31521310
2023-08-11T00:00:00.000000Z,0.11253000050783157,0.11341600120067596,0.11149299889802933,0.11227700114250183,24261445
2023-08-12T00:00:00.000000Z,0.11226200312376022,0.11579199880361557,0.11188700050115585,0.1155330017209053,27171969
2023-08-13T00:00:00.000000Z,0.11552800238132477,0.11744999885559082,0.11334200203418732,0.11681900173425674,37123963
2023-08-14T00:00:00.000000Z,0.11681699752807617,0.11834000051021576,0.11467999964952469,0.11501400172710419,34453259
2023-08-15T00:00:00.000000Z,0.11500599980354309,0.11501599848270416,0.10747300088405609,0.10839600116014481,48275793
2023-08-16T00:00:00.000000Z,0.10840000212192535,0.10840199887752533,0.10050500184297562,0.10251200199127197,57838233
2023-08-17T00:00:00.000000Z,0.10257499665021896,0.10400000214576721,0.088459998369216919,0.093304999172687531,63166150
2023-08-18T00:00:00.000000Z,0.093359999358654022,0.09674999862909317,0.092667996883392334,0.095389001071453094,42818562
2023-08-19T00:00:00.000000Z,0.095411002635955811,0.097921997308731079,0.094953000545501709,0.096715003252029419,26344650
2023-08-20T00:00:00.000000Z,0.096717998385429382,0.097474001348018646,0.096160002052783966,0.097289003431797028,21318738
2023-08-21T00:00:00.000000Z,0.097285002470016479,0.097285002470016479,0.093891002237796783,0.096318997442722321,27043320
2023-08-22T00:00:00.000000Z,0.096413001418113708,0.097087003290653229,0.093579001724720001,0.096827998757362366,27916075
2023-08-23T00:00:00.000000Z,0.096854999661445618,0.099591001868247986,0.096193999052047729,0.098558001220226288,24241990
2023-08-24T00:00:00.000000Z,0.098563000559806824,0.098766997456550598,0.095692999660968781,0.097254000604152679,19667146
2023-08-25T00:00:00.000000Z,0.097264997661113739,0.097589001059532166,0.095688000321388245,0.096932001411914825,22762098
2023-08-26T00:00:00.000000Z,0.096928998827934265,0.096928998827934265,0.095412001013755798,0.095590002834796906,15744538
2023-08-27T00:00:00.000000Z,0.095588997006416321,0.095775000751018524,0.094729997217655182,0.095177002251148224,15182825
2023-08-28T00:00:00.000000Z,0.095177002251148224,0.09751100093126297,0.092822998762130737,0.097280003130435944,21720104
2023-08-29T00:00:00.000000Z,0.097278997302055359,0.10151199996471405,0.095039002597332001,0.10058599710464478,32977362
2023-08-30T00:00:00.000000Z,0.10058899968862534,0.10065799951553345,0.096210002899169922,0.096839003264904022,21900094
2023-08-31T00:00:00.000000Z,0.096839003264904022,0.09689900279045105,0.09252600371837616,0.093189001083374023,33023839
2023-09-01T00:00:00.000000Z,0.093189001083374023,0.094752997159957886,0.090830996632575989,0.092012003064155579,34179429
2023-09-02T00:00:00.000000Z,0.092013999819755554,0.09428899735212326,0.091792002320289612,0.094231002032756805,14041446
2023-09-03T00:00:00.000000Z,0.094255000352859497,0.094881996512413025,0.093290001153945923,0.094457998871803284,13888119
2023-09-04T00:00:00.000000Z,0.094457000494003296,0.095996998250484467,0.092781998217105865,0.093866996467113495,17570965
2023-09-05T00:00:00.000000Z,0.093869000673294067,0.094099000096321106,0.093174003064632416,0.094030000269412994,16951023
2023-09-06T00:00:00.000000Z,0.094029001891613007,0.094521999359130859,0.091507002711296082,0.094056002795696259,18571446
2023-09-07T00:00:00.000000Z,0.094057999551296234,0.097782999277114868,0.093707002699375153,0.097635999321937561,25478722
2023-09-08T00:00:00.000000Z,0.097649000585079193,0.09821300208568573,0.094856001436710358,0.096035003662109375,17466843
2023-09-09T00:00:00.000000Z,0.096041001379489899,0.096444003283977509,0.094182997941970825,0.094196997582912445,12317051
2023-09-10T00:00:00.000000Z,0.094200000166893005,0.094249002635478973,0.090135999023914337,0.091940000653266907,26142477
2023-09-11T00:00:00.000000Z,0.091941997408866882,0.092187002301216125,0.087610997259616852,0.088541001081466675,25150378
2023-09-12T00:00:00.000000Z,0.088549003005027771,0.092119000852108002,0.088481001555919647,0.089561998844146729,17844378
2023-09-13T00:00:00.000000Z,0.089562997221946716,0.091729000210762024,0.089203998446464539,0.090961001813411713,18180389
2023-09-14T00:00:00.000000Z,0.090956002473831177,0.093763001263141632,0.090731002390384674,0.093208000063896179,19231206
2023-09-15T00:00:00.000000Z,0.093216001987457275,0.096712999045848846,0.093128003180027008,0.096350997686386108,18124261
2023-09-16T00:00:00.000000Z,0.096349999308586121,0.0978659987449646,0.095505997538566589,0.097433999180793762,15882369
2023-09-17T00:00:00.000000Z,0.097433000802993774,0.09743499755859375,0.094001002609729767,0.094925999641418457,15025807
2023-09-18T00:00:00.000000Z,0.094921998679637909,0.098266996443271637,0.094204001128673553,0.09652700275182724,16647534
2023-09-19T00:00:00.000000Z,0.09652700275182724,0.097815997898578644,0.095486998558044434,0.097089998424053192,14854772
2023-09-20T00:00:00.000000Z,0.097089998424053192,0.10015399754047394,0.093974001705646515,0.10015299916267395,31942224
2023-09-21T00:00:00.000000Z,0.10015299916267395,0.10271599888801575,0.097108997404575348,0.097565002739429474,105604909
2023-09-22T00:00:00.000000Z,0.097562998533248901,0.10233999788761139,0.096598997712135315,0.10186000168323517,25615474
2023-09-23T00:00:00.000000Z,0.1018579974770546,0.10279600322246552,0.09973599761724472,0.10054700076580048,15488359
2023-09-24T00:00:00.000000Z,0.10054700076580048,0.10268300026655197,0.10018499940633774,0.10110499709844589,15843402
2023-09-25T00:00:00.000000Z,0.101112000644207,0.101842001080513,0.097520001232624054,0.097653001546859741,22082167
2023-09-26T00:00:00.000000Z,0.097652003169059753,0.09888400137424469,0.095058999955654144,0.095663003623485565,17877359
2023-09-27T00:00:00.000000Z,0.095642998814582825,0.096915997564792633,0.093982003629207611,0.095616996288299561,22905890
2023-09-28T00:00:00.000000Z,0.095616996288299561,0.098254002630710602,0.095494002103805542,0.097526997327804565,20913650
2023-09-29T00:00:00.000000Z,0.097526997327804565,0.10212299972772598,0.097303003072738647,0.10155999660491943,23629998
2023-09-30T00:00:00.000000Z,0.10155899822711945,0.1053289994597435,0.1009489968419075,0.1032940000295639,19828930
2023-10-01T00:00:00.000000Z,0.10327599942684174,0.10729999840259552,0.1030149981379509,0.1062529981136322,20069516
2023-10-02T00:00:00.000000Z,0.10625600069761276,0.10635899752378464,0.10052499920129776,0.10137300193309784,22859316
2023-10-03T00:00:00.000000Z,0.10136999934911728,0.10291200131177902,0.10045599937438965,0.10112100094556808,17385691
2023-10-04T00:00:00.000000Z,0.10112199932336807,0.10119599848985672,0.097566999495029449,0.099462002515792847,30018546
2023-10-05T00:00:00.000000Z,0.099459998309612274,0.10088100284337997,0.097846001386642456,0.10023099929094315,21504984
2023-10-06T00:00:00.000000Z,0.10022900253534317,0.10165400058031082,0.098305001854896545,0.10085500031709671,21796909
2023-10-07T00:00:00.000000Z,0.10085300356149673,0.10107900202274323,0.099769003689289093,0.099974997341632843,18386418
2023-10-08T00:00:00.000000Z,0.099982000887393951,0.10284499824047089,0.099489003419876099,0.1013680025935173,29526269
2023-10-09T00:00:00.000000Z,0.10136400163173676,0.10139700025320053,0.095369003713130951,0.096693001687526703,35429406
2023-10-10T00:00:00.000000Z,0.096685998141765594,0.096850000321865082,0.094838999211788177,0.095264002680778503,27939804
2023-10-11T00:00:00.000000Z,0.095255002379417419,0.095487996935844421,0.093425996601581573,0.095025002956390381,24518124
2023-10-12T00:00:00.000000Z,0.095014996826648712,0.095243997871875763,0.093570001423358917,0.093694999814033508,19223601
2023-10-13T00:00:00.000000Z,0.093693003058433533,0.0964369997382164,0.093671999871730804,0.095100998878479004,18005389
2023-10-14T00:00:00.000000Z,0.095104999840259552,0.095858000218868256,0.09464699774980545,0.095379002392292023,16079791
2023-10-15T00:00:00.000000Z,0.095379002392292023,0.095849998295307159,0.094423003494739532,0.094429001212120056,21170676
2023-10-16T00:00:00.000000Z,0.094447001814842224,0.097686000168323517,0.094176001846790314,0.094880998134613037,37539361
2023-10-17T00:00:00.000000Z,0.094875000417232513,0.094902999699115753,0.091453000903129578,0.091650001704692841,29369638
2023-10-18T00:00:00.000000Z,0.091642998158931732,0.092064999043941498,0.090011999011039734,0.09005100280046463,28056766
2023-10-19T00:00:00.000000Z,0.09005100280046463,0.090310998260974884,0.088119998574256897,0.089601002633571625,27582309
2023-10-20T00:00:00.000000Z,0.089607000350952148,0.092445001006126404,0.089250996708869934,0.091277003288269043,38702560
2023-10-21T00:00:00.000000Z,0.091277003288269043,0.094276003539562225,0.091228999197483063,0.094091996550559998,37848517
2023-10-22T00:00:00.000000Z,0.094095997512340546,0.094823002815246582,0.092450998723506927,0.094177998602390289,30628134
2023-10-23T00:00:00.000000Z,0.094544000923633575,0.098452001810073853,0.093367002904415131,0.098134003579616547,55818998
2023-10-24T00:00:00.000000Z,0.098131999373435974,0.1025329977273941,0.097217001020908356,0.10074999928474426,72095278
2023-10-25T00:00:00.000000Z,0.10078000277280807,0.10309000313282013,0.098695002496242523,0.10079299658536911,41578183
2023-10-26T00:00:00.000000Z,0.10080499947071075,0.10350699722766876,0.09858500212430954,0.10114099830389023,47576859
2023-10-27T00:00:00.000000Z,0.10114700347185135,0.10138600319623947,0.098499000072479248,0.09930100291967392,33467655
2023-10-28T00:00:00.000000Z,0.099306002259254456,0.10220500081777573,0.099264003336429596,0.10179899632930756,25949531
2023-10-29T00:00:00.000000Z,0.10180000215768814,0.1071769967675209,0.10061699897050858,0.10640499740839005,34724407
2023-10-30T00:00:00.000000Z,0.10640499740839005,0.11230000108480453,0.10541199892759323,0.11229100078344345,57954953
2023-10-31T00:00:00.000000Z,0.11228799819946289,0.11357299983501434,0.10682299733161926,0.10936599969863892,51728439
2023-11-01T00:00:00.000000Z,0.10936100035905838,0.11540299654006958,0.10709500312805176,0.1142600029706955,49803302
2023-11-02T00:00:00.000000Z,0.11426699906587601,0.11510699987411499,0.10913699865341187,0.11130499839782715,52553149
2023-11-03T00:00:00.000000Z,0.11129800230264664,0.11315499991178513,0.10738299787044525,0.11173199862241745,43289007
2023-11-04T00:00:00.000000Z,0.11173500120639801,0.11538899689912796,0.11033599823713303,0.11480899900197983,40122764
2023-11-05T00:00:00.000000Z,0.11481499671936035,0.12298499792814255,0.11466299742460251,0.12164600193500519,71532992
2023-11-06T00:00:00.000000Z,0.12163899838924408,0.12985199689865112,0.11943600326776505,0.12921200692653656,58815224
2023-11-07T00:00:00.000000Z,0.12921300530433655,0.12958799302577972,0.11895500123500824,0.12378499656915665,56822887
2023-11-08T00:00:00.000000Z,0.12377499788999557,0.12791399657726288,0.12308800220489502,0.12754200398921967,40974741
2023-11-09T00:00:00.000000Z,0.12752699851989746,0.13140000402927399,0.11730200052261353,0.12375500053167343,84773357
2023-11-10T00:00:00.000000Z,0.12375900149345398,0.12808500230312347,0.12067499756813049,0.12808500230312347,56913637
2023-11-11T00:00:00.000000Z,0.1280909925699234,0.13599799573421478,0.12520800530910492,0.13313999772071838,71611275
2023-11-12T00:00:00.000000Z,0.13313800096511841,0.14796100556850433,0.12892399728298187,0.14573800563812256,97732312
2023-11-13T00:00:00.000000Z,0.14579600095748901,0.14723099768161774,0.13276399672031403,0.13366299867630005,75096702
2023-11-14T00:00:00.000000Z,0.13364000618457794,0.13631300628185272,0.12468200176954269,0.12917399406433105,63564471
2023-11-15T00:00:00.000000Z,0.12917600572109222,0.14478699862957001,0.12900799512863159,0.14241600036621094,69611397
2023-11-16T00:00:00.000000Z,0.14241999387741089,0.14676299691200256,0.13356199860572815,0.13580599427223206,74946054
2023-11-17T00:00:00.000000Z,0.13581399619579315,0.13977499306201935,0.12886300683021545,0.13589100539684296,54785039
2023-11-18T00:00:00.000000Z,0.13592399656772614,0.13597500324249268,0.12697499990463257,0.13426400721073151,41644996
2023-11-19T00:00:00.000000Z,0.13427400588989258,0.14226199686527252,0.13117699325084686,0.14132599532604218,42245547
2023-11-20T00:00:00.000000Z,0.1412699967622757,0.15004399418830872,0.13835999369621277,0.14162999391555786,80312064
2023-11-21T00:00:00.000000Z,0.14163599908351898,0.14258000254631042,0.12442900240421295,0.12442900240421295,78856575
2023-11-22T00:00:00.000000Z,0.12437199801206589,0.13448899984359741,0.12385600060224533,0.13239899277687073,49170721
2023-11-23T00:00:00.000000Z,0.13237699866294861,0.1339460015296936,0.12862400710582733,0.13060800731182098,38222051
2023-11-24T00:00:00.000000Z,0.1306069940328598,0.13508899509906769,0.13051900267601013,0.13351300358772278,40543532
2023-11-25T00:00:00.000000Z,0.13351699709892273,0.14166499674320221,0.13315099477767944,0.14036799967288971,46815072
2023-11-26T00:00:00.000000Z,0.14036700129508972,0.14082199335098267,0.1344980001449585,0.13632799685001373,56025159
2023-11-27T00:00:00.000000Z,0.13632099330425262,0.13832800090312958,0.12951099872589111,0.13184800744056702,50257130
2023-11-28T00:00:00.000000Z,0.13184300065040588,0.1348160058259964,0.12896700203418732,0.133092001080513,78296881
2023-11-29T00:00:00.000000Z,0.13306400179862976,0.13389299809932709,0.13054299354553223,0.13387100398540497,126605542
2023-11-30T00:00:00.000000Z,0.13391800224781036,0.13581700623035431,0.13163800537586212,0.13359600305557251,121744855
2023-12-01T00:00:00.000000Z,0.13359799981117249,0.13923799991607666,0.13322100043296814,0.1392350047826767,156340688
2023-12-02T00:00:00.000000Z,0.13924999535083771,0.14815899729728699,0.13893100619316101,0.14806599915027618,161527081
2023-12-03T00:00:00.000000Z,0.14805899560451508,0.15467700362205505,0.14699399471282959,0.15124499797821045,120331478
2023-12-04T00:00:00.000000Z,0.15123400092124939,0.15933899581432343,0.14757899940013885,0.15278500318527222,170919353
2023-12-05T00:00:00.000000Z,0.15290500223636627,0.15473799407482147,0.14991399645805359,0.15373800694942474,75466044
2023-12-06T00:00:00.000000Z,0.15374000370502472,0.15740600228309631,0.15154600143432617,0.1529030054807663,80128347
2023-12-07T00:00:00.000000Z,0.15292699635028839,0.16471099853515625,0.15292699635028839,0.16404899954795837,103717090
2023-12-08T00:00:00.000000Z,0.16403500735759735,0.18506300449371338,0.16310900449752808,0.18458899855613708,148345583
2023-12-09T00:00:00.000000Z,0.1845649927854538,0.22229400277137756,0.18406899273395538,0.20022900402545929,327541231
2023-12-10T00:00:00.000000Z,0.20020100474357605,0.20402200520038605,0.1899619996547699,0.2012999951839447,119786241
2023-12-11T00:00:00.000000Z,0.2012999951839447,0.20805899798870087,0.17917400598526001,0.20209600031375885,176363995
2023-12-12T00:00:00.000000Z,0.20210300385951996,0.21407899260520935,0.19377200305461884,0.19803899526596069,161236187
2023-12-13T00:00:00.000000Z,0.19803899526596069,0.20338599383831024,0.1848440021276474,0.20057199895381927,121874107
2023-12-14T00:00:00.000000Z,0.20058000087738037,0.2175309956073761,0.19694800674915314,0.21597699820995331,143266296
2023-12-15T00:00:00.000000Z,0.21597999334335327,0.21627900004386902,0.19540099799633026,0.19590699672698975,95183075
2023-12-16T00:00:00.000000Z,0.19592000544071198,0.20349900424480438,0.1938679963350296,0.19801700115203857,70525021
2023-12-17T00:00:00.000000Z,0.19801799952983856,0.20044100284576416,0.19004899263381958,0.19063599407672882,61086175
2023-12-18T00:00:00.000000Z,0.1906139999628067,0.19564899802207947,0.17798000574111938,0.19530600309371948,81923860
2023-12-19T00:00:00.000000Z,0.19531700015068054,0.20467199385166168,0.19150100648403168,0.19244599342346191,77086428
2023-12-20T00:00:00.000000Z,0.19245900213718414,0.20326800644397736,0.18962700664997101,0.19799299538135529,78617580
2023-12-21T00:00:00.000000Z,0.19801799952983856,0.2292339950799942,0.19517999887466431,0.22330300509929657,156816234
2023-12-22T00:00:00.000000Z,0.22330600023269653,0.25226700305938721,0.22330600023269653,0.24017700552940369,334385467
2023-12-23T00:00:00.000000Z,0.24014100432395935,0.24232900142669678,0.22915899753570557,0.23534199595451355,117343370
2023-12-24T00:00:00.000000Z,0.23533600568771362,0.24703800678253174,0.22814400494098663,0.23133100569248199,131172118
2023-12-25T00:00:00.000000Z,0.23135299980640411,0.23905099928379059,0.22821900248527527,0.23812699317932129,87475902
2023-12-26T00:00:00.000000Z,0.2381490021944046,0.24198299646377563,0.22288300096988678,0.23449400067329407,114650273
2023-12-27T00:00:00.000000Z,0.23449699580669403,0.23475299775600433,0.22404800355434418,0.22922599315643311,84380421
2023-12-28T00:00:00.000000Z,0.22924800217151642,0.23750400543212891,0.22238799929618835,0.23421299457550049,112719946
2023-12-29T00:00:00.000000Z,0.23419199883937836,0.2424049973487854,0.22213800251483917,0.2264229953289032,117150704
2023-12-30T00:00:00.000000Z,0.2264229953289032,0.22728000581264496,0.21898899972438812,0.22176699340343475,58754249
2023-12-31T00:00:00.000000Z,0.22170600295066833,0.23188699781894684,0.22044700384140015,0.22277699410915375,57103517
2024-01-01T00:00:00.000000Z,0.22278399765491486,0.23949000239372253,0.22048799693584442,0.23898099362850189,60953802
2024-01-02T00:00:00.000000Z,0.23898999392986298,0.24389000236988068,0.22522200644016266,0.22695900499820709,97317727
2024-01-03T00:00:00.000000Z,0.22696200013160706,0.22999699413776398,0.18879100680351257,0.20472800731658936,149723580
2024-01-04T00:00:00.000000Z,0.2047249972820282,0.20968499779701233,0.19877000153064728,0.20786599814891815,70850705
2024-01-05T00:00:00.000000Z,0.20779499411582947,0.20791199803352356,0.18995599448680878,0.19652499258518219,71929090
2024-01-06T00:00:00.000000Z,0.19653399288654327,0.1965630054473877,0.1804639995098114,0.18982499837875366,54876166
2024-01-07T00:00:00.000000Z,0.18980999290943146,0.19360600411891937,0.17728100717067719,0.17802099883556366,50496420
2024-01-08T00:00:00.000000Z,0.17799699306488037,0.20009799301624298,0.16567400097846985,0.19516800343990326,153140754
2024-01-09T00:00:00.000000Z,0.19518400728702545,0.20148399472236633,0.18016399443149567,0.18571600317955017,113123259
2024-01-10T00:00:00.000000Z,0.18572400510311127,0.20430000126361847,0.17978200316429138,0.1990949958562851,93322422
2024-01-11T00:00:00.000000Z,0.19915300607681274,0.20698399841785431,0.19639399647712708,0.20266899466514587,96481804
2024-01-12T00:00:00.000000Z,0.2026669979095459,0.20409399271011353,0.18192699551582336,0.18666799366474152,78401599
2024-01-13T00:00:00.000000Z,0.18664799630641937,0.1916009932756424,0.18142199516296387,0.18927000463008881,48904203
2024-01-14T00:00:00.000000Z,0.18926499783992767,0.19269700348377228,0.18338300287723541,0.18374499678611755,42170003
2024-01-15T00:00:00.000000Z,0.18367399275302887,0.19080199301242828,0.18367399275302887,0.18828499317169189,42349352
2024-01-16T00:00:00.000000Z,0.18828600645065308,0.19732500612735748,0.18761199712753296,0.19585399329662323,63203761
2024-01-17T00:00:00.000000Z,0.1958640068769455,0.1985200047492981,0.18909800052642822,0.19079199433326721,48458024
2024-01-18T00:00:00.000000Z,0.19082200527191162,0.19326299428939819,0.17690199613571167,0.17869900166988373,52426194
2024-01-19T00:00:00.000000Z,0.17872099578380585,0.17912000417709351,0.16802400350570679,0.17281700670719147,59570109
2024-01-20T00:00:00.000000Z,0.17281399667263031,0.17373299598693848,0.17006699740886688,0.17185400426387787,41006491
2024-01-21T00:00:00.000000Z,0.17185400426387787,0.17434599995613098,0.17005300521850586,0.17005300521850586,34757739
2024-01-22T00:00:00.000000Z,0.17009399831295013,0.17151899635791779,0.16010899841785431,0.1610649973154068,51297303
2024-01-23T00:00:00.000000Z,0.1610729992389679,0.16504800319671631,0.14917400479316711,0.15978500247001648,58792610
2024-01-24T00:00:00.000000Z,0.15982100367546082,0.16407099366188049,0.15811599791049957,0.16311599314212799,35180152
2024-01-25T00:00:00.000000Z,0.16313000023365021,0.16371099650859833,0.15865699946880341,0.16096100211143494,29967735
2024-01-26T00:00:00.000000Z,0.16095900535583496,0.16884699463844299,0.15989699959754944,0.16672900319099426,42403696
2024-01-27T00:00:00.000000Z,0.16673000156879425,0.16837599873542786,0.16432900726795197,0.16763100028038025,27942299
2024-01-28T00:00:00.000000Z,0.16766400635242462,0.16843999922275543,0.16234099864959717,0.1639540046453476,33160602
2024-01-29T00:00:00.000000Z,0.16397300362586975,0.16909100115299225,0.16297000646591187,0.16887800395488739,36285005
2024-01-30T00:00:00.000000Z,0.16887800395488739,0.17101399600505829,0.16391600668430328,0.16436800360679626,37482109
2024-01-31T00:00:00.000000Z,0.16435499489307404,0.16479000449180603,0.15778100490570068,0.15925599634647369,36990701
2024-02-01T00:00:00.000000Z,0.15921700000762939,0.16044299304485321,0.15510599315166473,0.15884199738502502,29552181
2024-02-02T00:00:00.000000Z,0.15883100032806396,0.16412100195884705,0.1584630012512207,0.16083900630474091,30886268
2024-02-03T00:00:00.000000Z,0.16084200143814087,0.16809099912643433,0.16084200143814087,0.16565600037574768,35037673
2024-02-04T00:00:00.000000Z,0.16565500199794769,0.16565500199794769,0.15870699286460876,0.15890499949455261,24196778
2024-02-05T00:00:00.000000Z,0.15889400243759155,0.1620589941740036,0.1564050018787384,0.15977799892425537,24134926
2024-02-06T00:00:00.000000Z,0.15977700054645538,0.16232399642467499,0.15783800184726715,0.1622219979763031,25108586
2024-02-07T00:00:00.000000Z,0.16222399473190308,0.16847099363803864,0.16058500111103058,0.16810600459575653,30629525
2024-02-08T00:00:00.000000Z,0.16810199618339539,0.17018699645996094,0.16647399961948395,0.1689009964466095,33944560
2024-02-09T00:00:00.000000Z,0.16890199482440948,0.175463005900383,0.16862399876117706,0.17439599335193634,47669759
2024-02-10T00:00:00.000000Z,0.17438900470733643,0.17769399285316467,0.17132799327373505,0.17536300420761108,35699873
2024-02-11T00:00:00.000000Z,0.17535699903964996,0.17937000095844269,0.17247900366783142,0.1793690025806427,36644782
2024-02-12T00:00:00.000000Z,0.17946000397205353,0.18361100554466248,0.17433400452136993,0.18323299288749695,64496020
2024-02-13T00:00:00.000000Z,0.18320499360561371,0.18515299260616302,0.17351600527763367,0.17789800465106964,55441678
2024-02-14T00:00:00.000000Z,0.1778859943151474,0.18443599343299866,0.17495200037956238,0.18366099894046783,45982344
2024-02-15T00:00:00.000000Z,0.18365800380706787,0.19169199466705322,0.18319499492645264,0.18778699636459351,59704288
2024-02-16T00:00:00.000000Z,0.18772199749946594,0.19728200137615204,0.18679699301719666,0.19430699944496155,63390931
2024-02-17T00:00:00.000000Z,0.19432300329208374,0.19440799951553345,0.18405500054359436,0.19044999778270721,39555796
2024-02-18T00:00:00.000000Z,0.19045299291610718,0.19701099395751953,0.19007399678230286,0.19624499976634979,38576106
2024-02-19T00:00:00.000000Z,0.19626100361347198,0.20409299433231354,0.19616100192070007,0.20369599759578705,59196392
2024-02-20T00:00:00.000000Z,0.20369699597358704,0.20403100550174713,0.19023600220680237,0.19650599360466003,66233216
2024-02-21T00:00:00.000000Z,0.19650499522686005,0.1971839964389801,0.18197999894618988,0.18890899419784546,51776147
2024-02-22T00:00:00.000000Z,0.18893800675868988,0.19417999684810638,0.18449999392032623,0.18880799412727356,41886051
2024-02-23T00:00:00.000000Z,0.18883499503135681,0.19031499326229095,0.18250800669193268,0.18548500537872314,44395644
2024-02-24T00:00:00.000000Z,0.18551400303840637,0.19727900624275208,0.1820559948682785,0.19709800183773041,48440107
2024-02-25T00:00:00.000000Z,0.19710199534893036,0.21075400710105896,0.19399799406528473,0.20743599534034729,95825884
2024-02-26T00:00:00.000000Z,0.2074970006942749,0.21246099472045898,0.19709600508213043,0.21156899631023407,74995831
2024-02-27T00:00:00.000000Z,0.21162000298500061,0.21207299828529358,0.20277699828147888,0.20843400061130524,76460237
2024-02-28T00:00:00.000000Z,0.20842699706554413,0.22385400533676147,0.20118400454521179,0.21105200052261353,143179959
2024-02-29T00:00:00.000000Z,0.21103499829769135,0.23104499280452728,0.20635500550270081,0.21169200539588928,138632550
2024-03-01T00:00:00.000000Z,0.21162399649620056,0.22839200496673584,0.21162399649620056,0.22824999690055847,88057546
2024-03-02T00:00:00.000000Z,0.22832800447940826,0.2478329986333847,0.22638699412345886,0.24773199856281281,145342491
2024-03-03T00:00:00.000000Z,0.24777799844741821,0.25708898901939392,0.22928799688816071,0.25082099437713623,172680535
2024-03-04T00:00:00.000000Z,0.25086599588394165,0.26472899317741394,0.24301800131797791,0.2508389949798584,200373614
2024-03-05T00:00:00.000000Z,0.2508389949798584,0.25849398970603943,0.20321600139141083,0.23158599436283112,315051946
2024-03-06T00:00:00.000000Z,0.23158299922943115,0.25920701026916504,0.22115600109100342,0.25920701026916504,174093469
2024-03-07T00:00:00.000000Z,0.25920701026916504,0.28458800911903381,0.25904199481010437,0.28069600462913513,325994800
2024-03-08T00:00:00.000000Z,0.28069201111793518,0.28086799383163452,0.25912699103355408,0.27175599336624146,147210946
2024-03-09T00:00:00.000000Z,0.27175599336624146,0.27747300267219543,0.2666189968585968,0.26959800720214844,99213907
2024-03-10T00:00:00.000000Z,0.26959800720214844,0.2737790048122406,0.25624701380729675,0.26283198595046997,98532015
2024-03-11T00:00:00.000000Z,0.26283499598503113,0.30072999000549316,0.25238698720932007,0.29175001382827759,352837336
2024-03-12T00:00:00.000000Z,0.29175001382827759,0.31889599561691284,0.27622300386428833,0.31696298718452454,284253523
2024-03-13T00:00:00.000000Z,0.31696298718452454,0.32899999618530273,0.30562999844551086,0.31887900829315186,238580604
2024-03-14T00:00:00.000000Z,0.31888198852539062,0.32031801342964172,0.29369699954986572,0.31176599860191345,193379725
2024-03-15T00:00:00.000000Z,0.31176599860191345,0.32057899236679077,0.27441400289535522,0.29856398701667786,249793643
2024-03-16T00:00:00.000000Z,0.29856398701667786,0.31034600734710693,0.2613300085067749,0.26715600490570068,164587243
2024-03-17T00:00:00.000000Z,0.26715600490570068,0.28064799308776855,0.25308701395988464,0.27542701363563538,128463665
2024-03-18T00:00:00.000000Z,0.27542498707771301,0.2754560112953186,0.24627000093460083,0.25171500444412231,123273772
2024-03-19T00:00:00.000000Z,0.25171500444412231,0.25265398621559143,0.21931399405002594,0.23016899824142456,170228493
2024-03-20T00:00:00.000000Z,0.23016899824142456,0.25217598676681519,0.21930199861526489,0.25051200389862061,114745691
2024-03-21T00:00:00.000000Z,0.25051200389862061,0.25570499897003174,0.24252200126647949,0.24854600429534912,91301325
2024-03-22T00:00:00.000000Z,0.24854500591754913,0.25441500544548035,0.23460100591182709,0.24044600129127502,73062265
2024-03-23T00:00:00.000000Z,0.24044600129127502,0.25560599565505981,0.23768800497055054,0.24844299256801605,53626465
2024-03-24T00:00:00.000000Z,0.24844299256801605,0.25826001167297363,0.24789300560951233,0.25610300898551941,59524402
2024-03-25T00:00:00.000000Z,0.25609999895095825,0.273142009973526,0.25338798761367798,0.26820099353790283,90614575
2024-03-26T00:00:00.000000Z,0.26820099353790283,0.28579500317573547,0.26758399605751038,0.28012099862098694,113409705
2024-03-27T00:00:00.000000Z,0.28012099862098694,0.28975099325180054,0.26648399233818054,0.2706570029258728,128153319
2024-03-28T00:00:00.000000Z,0.2706570029258728,0.27526000142097473,0.26251000165939331,0.27263399958610535,77855373
2024-03-29T00:00:00.000000Z,0.2726379930973053,0.28277501463890076,0.26470598578453064,0.26848000288009644,98156113
2024-03-30T00:00:00.000000Z,0.26848000288009644,0.27091801166534424,0.25920501351356506,0.260235995054245,59093018
2024-03-31T00:00:00.000000Z,0.260235995054245,0.26796698570251465,0.25975799560546875,0.26792201399803162,43764486
2024-04-01T00:00:00.000000Z,0.26792201399803162,0.26977699995040894,0.24565799534320831,0.25169000029563904,87047790
2024-04-02T00:00:00.000000Z,0.25168699026107788,0.25169101357460022,0.2306549996137619,0.23410199582576752,89597167
2024-04-03T00:00:00.000000Z,0.23410199582576752,0.24388499557971954,0.22701199352741241,0.23255699872970581,64861546
2024-04-04T00:00:00.000000Z,0.23255699872970581,0.2416049987077713,0.22573800384998322,0.23716099560260773,63927842
2024-04-05T00:00:00.000000Z,0.23716099560260773,0.23792900145053864,0.22200900316238403,0.22976799309253693,65427151
2024-04-06T00:00:00.000000Z,0.22976799309253693,0.23578600585460663,0.22843000292778015,0.23388400673866272,29024108
2024-04-07T00:00:00.000000Z,0.23388400673866272,0.23725900053977966,0.23243899643421173,0.23543299734592438,35572315
2024-04-08T00:00:00.000000Z,0.23543299734592438,0.2473520040512085,0.23092000186443329,0.24549600481987,55234800
2024-04-09T00:00:00.000000Z,0.24549600481987,0.24600900709629059,0.23095700144767761,0.23180000483989716,56425210
2024-04-10T00:00:00.000000Z,0.23180599510669708,0.23281300067901611,0.21992300450801849,0.2305230051279068,61780036
2024-04-11T00:00:00.000000Z,0.2305230051279068,0.23443299531936646,0.22690099477767944,0.22799800336360931,46521040
2024-04-12T00:00:00.000000Z,0.22799800336360931,0.23206199705600739,0.17952300608158112,0.19406700134277344,164924426
2024-04-13T00:00:00.000000Z,0.19406700134277344,0.19409200549125671,0.14824600517749786,0.16835199296474457,263708736
2024-04-14T00:00:00.000000Z,0.16835199296474457,0.18171000480651855,0.1624860018491745,0.17954699695110321,138407904
2024-04-15T00:00:00.000000Z,0.17954699695110321,0.18782599270343781,0.16502299904823303,0.17032800614833832,101253861
2024-04-16T00:00:00.000000Z,0.17032800614833832,0.18015199899673462,0.16512499749660492,0.17431099712848663,83995189
2024-04-17T00:00:00.000000Z,0.17430199682712555,0.17587399482727051,0.16257199645042419,0.16847200691699982,65314337
2024-04-18T00:00:00.000000Z,0.16847200691699982,0.17605499923229218,0.16333900392055511,0.17465899884700775,53997837
2024-04-19T00:00:00.000000Z,0.17465899884700775,0.17859399318695068,0.16023600101470947,0.17513899505138397,76797388
2024-04-20T00:00:00.000000Z,0.17513899505138397,0.19190500676631927,0.17305299639701843,0.19159199297428131,49262364
2024-04-21T00:00:00.000000Z,0.19159199297428131,0.19250500202178955,0.18371999263763428,0.1873989999294281,39829154
2024-04-22T00:00:00.000000Z,0.18739600479602814,0.19770599901676178,0.18699300289154053,0.19544099271297455,49580988
2024-04-23T00:00:00.000000Z,0.19544099271297455,0.19652199745178223,0.1900549978017807,0.19379299879074097,50924298
2024-04-24T00:00:00.000000Z,0.19379299879074097,0.25763699412345886,0.19374200701713562,0.2118069976568222,673056354
2024-04-25T00:00:00.000000Z,0.21180100739002228,0.2120710015296936,0.1969359964132309,0.20044200122356415,146553179
2024-04-26T00:00:00.000000Z,0.20044200122356415,0.212909996509552,0.19331200420856476,0.19780799746513367,149207310
2024-04-27T00:00:00.000000Z,0.19780799746513367,0.20203900337219238,0.19112700223922729,0.19836199283599854,91847295
2024-04-28T00:00:00.000000Z,0.19836199283599854,0.20089299976825714,0.1922139972448349,0.19296899437904358,48984766
2024-04-29T00:00:00.000000Z,0.19296899437904358,0.1944430023431778,0.18479999899864197,0.19065900146961212,70912831
2024-04-30T00:00:00.000000Z,0.19065900146961212,0.19240500032901764,0.17096099257469177,0.17797799408435822,86377927
2024-05-01T00:00:00.000000Z,0.17797799408435822,0.18270699679851532,0.16644799709320068,0.1806659996509552,108345574
2024-05-02T00:00:00.000000Z,0.1806659996509552,0.18415699899196625,0.17517499625682831,0.1812559962272644,57425956
2024-05-03T00:00:00.000000Z,0.1812559962272644,0.19427900016307831,0.18021799623966217,0.19197900593280792,51707267
2024-05-04T00:00:00.000000Z,0.19197799265384674,0.19594599306583405,0.18999099731445312,0.19279399514198303,39991569
2024-05-05T00:00:00.000000Z,0.19279399514198303,0.19996300339698792,0.19123600423336029,0.19657899439334869,52737076
2024-05-06T00:00:00.000000Z,0.19657799601554871,0.20237700641155243,0.19299399852752686,0.19396199285984039,64732662
2024-05-07T00:00:00.000000Z,0.19396199285984039,0.19818100333213806,0.19075199961662292,0.19077999889850616,52102355
2024-05-08T00:00:00.000000Z,0.19077999889850616,0.19371199607849121,0.1857140064239502,0.18716299533843994,58821932
2024-05-09T00:00:00.000000Z,0.18716299533843994,0.19443200528621674,0.18454599380493164,0.19346900284290314,43871686
2024-05-10T00:00:00.000000Z,0.19347099959850311,0.1942020058631897,0.18185800313949585,0.18334800004959106,50362768
2024-05-11T00:00:00.000000Z,0.18334800004959106,0.18542200326919556,0.17857299745082855,0.17872500419616699,38789706
2024-05-12T00:00:00.000000Z,0.17873099446296692,0.18113599717617035,0.17592300474643707,0.17698299884796143,27177067
2024-05-13T00:00:00.000000Z,0.17698299884796143,0.18043400347232819,0.17006300389766693,0.1775829941034317,50043499
2024-05-14T00:00:00.000000Z,0.1775829941034317,0.17839300632476807,0.17079900205135345,0.17130699753761292,47105186
2024-05-15T00:00:00.000000Z,0.17130699753761292,0.1831900030374527,0.17010700702667236,0.17989400029182434,60140845
2024-05-16T00:00:00.000000Z,0.17988100647926331,0.18133099377155304,0.17073200643062592,0.17411899566650391,73954547
2024-05-17T00:00:00.000000Z,0.17411899566650391,0.18493300676345825,0.17284899950027466,0.18303799629211426,54837056
2024-05-18T00:00:00.000000Z,0.18303799629211426,0.18657700717449188,0.18241499364376068,0.18290199339389801,40199239
2024-05-19T00:00:00.000000Z,0.18290199339389801,0.18294699490070343,0.17486099898815155,0.17493200302124023,40901732
2024-05-20T00:00:00.000000Z,0.17493200302124023,0.18855099380016327,0.17300300300121307,0.18855099380016327,67118264
2024-05-21T00:00:00.000000Z,0.18854799866676331,0.19529899954795837,0.18582600355148315,0.18820099532604218,86780832
2024-05-22T00:00:00.000000Z,0.18820099532604218,0.18920600414276123,0.18266700208187103,0.18529699742794037,51235425
2024-05-23T00:00:00.000000Z,0.18529699742794037,0.18749099969863892,0.173102006316185,0.18134200572967529,85609406
2024-05-24T00:00:00.000000Z,0.18134200572967529,0.18882100284099579,0.17809799313545227,0.18847799301147461,52530803
2024-05-25T00:00:00.000000Z,0.18847900629043579,0.19524000585079193,0.18846400082111359,0.19354400038719177,49502648
2024-05-26T00:00:00.000000Z,0.19354400038719177,0.19404900074005127,0.18751299381256104,0.18940000236034393,35757912
2024-05-27T00:00:00.000000Z,0.18940000236034393,0.19957800209522247,0.18934699892997742,0.19652999937534332,50691598
2024-05-28T00:00:00.000000Z,0.19652999937534332,0.19724400341510773,0.18953299522399902,0.19415999948978424,59730044
2024-05-29T00:00:00.000000Z,0.19415999948978424,0.19542500376701355,0.18911600112915039,0.18921500444412231,47323233
2024-05-30T00:00:00.000000Z,0.1892160028219223,0.19475400447845459,0.18642400205135345,0.18976299464702606,47311495
2024-05-31T00:00:00.000000Z,0.18976299464702606,0.19067299365997314,0.18547800183296204,0.18825100362300873,37763200
2024-06-01T00:00:00.000000Z,0.18825100362300873,0.18927699327468872,0.186149001121521,0.1881210058927536,21968329
2024-06-02T00:00:00.000000Z,0.1881210058927536,0.18929900228977203,0.1822579950094223,0.18261800706386566,29131972
2024-06-03T00:00:00.000000Z,0.18261800706386566,0.18886800110340118,0.18109500408172607,0.18373900651931763,34891020
2024-06-04T00:00:00.000000Z,0.18373900651931763,0.18688400089740753,0.17934399843215942,0.18621499836444855,34749637
2024-06-05T00:00:00.000000Z,0.18621499836444855,0.18977899849414825,0.18597899377346039,0.18860700726509094,33705840
2024-06-06T00:00:00.000000Z,0.18860700726509094,0.18885000050067902,0.18369500339031219,0.18576100468635559,32570830
2024-06-07T00:00:00.000000Z,0.1857600063085556,0.19285799562931061,0.16578200459480286,0.17471800744533539,94836364
2024-06-08T00:00:00.000000Z,0.17471399903297424,0.1765110045671463,0.16382700204849243,0.1662289947271347,47645894
2024-06-09T00:00:00.000000Z,0.16619500517845154,0.17127600312232971,0.16583199799060822,0.17033000290393829,27511471
2024-06-10T00:00:00.000000Z,0.17032399773597717,0.17177499830722809,0.16607299447059631,0.16650800406932831,38501289
2024-06-11T00:00:00.000000Z,0.16652199625968933,0.16806800663471222,0.15596300363540649,0.15919199585914612,66705927
2024-06-12T00:00:00.000000Z,0.15919600427150726,0.16954000294208527,0.15562200546264648,0.16591799259185791,53987521
2024-06-13T00:00:00.000000Z,0.16593599319458008,0.16680599749088287,0.15574599802494049,0.15585100650787354,41903647
2024-06-14T00:00:00.000000Z,0.15584799647331238,0.15902100503444672,0.14820200204849243,0.15120600163936615,54697968
2024-06-15T00:00:00.000000Z,0.151201993227005,0.15476499497890472,0.14992399513721466,0.15226699411869049,25731437
2024-06-16T00:00:00.000000Z,0.15226900577545166,0.15598900616168976,0.15026000142097473,0.15555399656295776,25219291
2024-06-17T00:00:00.000000Z,0.15555800497531891,0.15640899538993835,0.14192099869251251,0.14521700143814087,56501545
2024-06-18T00:00:00.000000Z,0.14521400630474091,0.14539399743080139,0.12963999807834625,0.13398799300193787,95285323
2024-06-19T00:00:00.000000Z,0.13400499522686005,0.14076299965381622,0.1325480043888092,0.13854299485683441,40242606
2024-06-20T00:00:00.000000Z,0.13854299485683441,0.14611999690532684,0.13805000483989716,0.13812500238418579,39241769
2024-06-21T00:00:00.000000Z,0.13811600208282471,0.14193400740623474,0.13651299476623535,0.13914200663566589,39689157
2024-06-22T00:00:00.000000Z,0.1391569972038269,0.1391569972038269,0.13371099531650543,0.13395500183105469,30435036
2024-06-23T00:00:00.000000Z,0.1339540034532547,0.13645400106906891,0.13201999664306641,0.13228900730609894,22600452
2024-06-24T00:00:00.000000Z,0.13230699300765991,0.13530999422073364,0.12910600006580353,0.13523900508880615,50899343
2024-06-25T00:00:00.000000Z,0.13523499667644501,0.14286600053310394,0.13433699309825897,0.14110299944877625,28752254
2024-06-26T00:00:00.000000Z,0.14111700654029846,0.14262999594211578,0.1393589973449707,0.14068299531936646,24427112
2024-06-27T00:00:00.000000Z,0.14068299531936646,0.14402799308300018,0.13754400610923767,0.14266499876976013,26820638
2024-06-28T00:00:00.000000Z,0.14266499876976013,0.1446869969367981,0.13964399695396423,0.13964499533176422,29761609
2024-06-29T00:00:00.000000Z,0.13965199887752533,0.142302006483078,0.13808999955654144,0.13895800709724426,16863263
2024-06-30T00:00:00.000000Z,0.13895100355148315,0.14459399878978729,0.13713100552558899,0.14419899880886078,24880227
2024-07-01T00:00:00.000000Z,0.14418999850749969,0.14876499772071838,0.14373800158500671,0.14667600393295288,26473982
2024-07-02T00:00:00.000000Z,0.1467600017786026,0.15096600353717804,0.14668099582195282,0.14976899325847626,26728300
2024-07-03T00:00:00.000000Z,0.14977400004863739,0.15074500441551208,0.14142799377441406,0.14254799485206604,33600897
2024-07-04T00:00:00.000000Z,0.14253999292850494,0.1429000049829483,0.13131000101566315,0.13131000101566315,62492717
2024-07-05T00:00:00.000000Z,0.1312360018491745,0.13338199257850647,0.11578900367021561,0.13055500388145447,106637909
2024-07-06T00:00:00.000000Z,0.13056400418281555,0.13923899829387665,0.12901000678539276,0.13880200684070587,37846710
2024-07-07T00:00:00.000000Z,0.13879199326038361,0.13879199326038361,0.1260949969291687,0.12651999294757843,36004620
2024-07-08T00:00:00.000000Z,0.1265220046043396,0.13699199259281158,0.12246199697256088,0.13326899707317352,59638595
2024-07-09T00:00:00.000000Z,0.13326899707317352,0.14082099497318268,0.13288000226020813,0.13957899808883667,39039605
2024-07-10T00:00:00.000000Z,0.13958099484443665,0.14154699444770813,0.13695499300956726,0.13935400545597076,25786438
2024-07-11T00:00:00.000000Z,0.13936300575733185,0.14290499687194824,0.13681399822235107,0.13721099495887756,26624483
2024-07-12T00:00:00.000000Z,0.1371999979019165,0.13862200081348419,0.13411399722099304,0.13814599812030792,27744068
2024-07-13T00:00:00.000000Z,0.13815000653266907,0.1446709930896759,0.13800099492073059,0.14341600239276886,26477140
2024-07-14T00:00:00.000000Z,0.14340700209140778,0.15330600738525391,0.14340700209140778,0.15198899805545807,28522880
2024-07-15T00:00:00.000000Z,0.15201400220394135,0.1595969945192337,0.15201400220394135,0.15808799862861633,46360981
2024-07-16T00:00:00.000000Z,0.15806500613689423,0.16215600073337555,0.15335799753665924,0.15865600109100342,48826456
2024-07-17T00:00:00.000000Z,0.15864700078964233,0.16238799691200256,0.15479099750518799,0.15483200550079346,35519846
2024-07-18T00:00:00.000000Z,0.15480600297451019,0.15740400552749634,0.14964999258518219,0.15188099443912506,32231120
2024-07-19T00:00:00.000000Z,0.15187600255012512,0.15938299894332886,0.14997899532318115,0.15798600018024445,36826331
2024-07-20T00:00:00.000000Z,0.15798400342464447,0.16125200688838959,0.15672700107097626,0.15823699533939362,28624364
2024-07-21T00:00:00.000000Z,0.15823699533939362,0.16074599325656891,0.15166999399662018,0.15934500098228455,33450490
2024-07-22T00:00:00.000000Z,0.15934500098228455,0.15971699357032776,0.1510470062494278,0.15107999742031097,29926010
2024-07-23T00:00:00.000000Z,0.15107999742031097,0.15249699354171753,0.14254699647426605,0.14360900223255157,38713630
2024-07-24T00:00:00.000000Z,0.14360800385475159,0.1466509997844696,0.13915799558162689,0.13989800214767456,28403649
2024-07-25T00:00:00.000000Z,0.13989800214767456,0.13990500569343567,0.13291400671005249,0.1371770054101944,39102626
2024-07-26T00:00:00.000000Z,0.1371770054101944,0.14298799633979797,0.13659200072288513,0.1426829993724823,27636511
2024-07-27T00:00:00.000000Z,0.1426829993724823,0.14593400061130524,0.14072400331497192,0.14312000572681427,26524091
2024-07-28T00:00:00.000000Z,0.14312000572681427,0.14312100410461426,0.13759799301624298,0.139164999127388,19265828
2024-07-29T00:00:00.000000Z,0.139164999127388,0.14481399953365326,0.13883399963378906,0.13893100619316101,30771176
2024-07-30T00:00:00.000000Z,0.13893100619316101,0.14244799315929413,0.1359580010175705,0.13759200274944305,26198260
2024-07-31T00:00:00.000000Z,0.13759200274944305,0.14176200330257416,0.13559000194072723,0.13570700585842133,32673473
2024-08-01T00:00:00.000000Z,0.13570700585842133,0.13679799437522888,0.12629500031471252,0.13472999632358551,38689995
2024-08-02T00:00:00.000000Z,0.13472999632358551,0.13548800349235535,0.12364000082015991,0.12407100200653076,39517135
2024-08-03T00:00:00.000000Z,0.12407100200653076,0.12632499635219574,0.11710099875926971,0.1206279993057251,34840255
2024-08-04T00:00:00.000000Z,0.1206279993057251,0.12234999984502792,0.11044500023126602,0.11463200300931931,39413941
2024-08-05T00:00:00.000000Z,0.11463200300931931,0.11511900275945663,0.095054000616073608,0.11025000363588333,153298380
2024-08-06T00:00:00.000000Z,0.11025000363588333,0.11602699756622314,0.10963799804449081,0.11258800327777863,44132221
2024-08-07T00:00:00.000000Z,0.11258800327777863,0.11719299852848053,0.10860899835824966,0.10967200249433517,38644153
2024-08-08T00:00:00.000000Z,0.10967200249433517,0.12259799987077713,0.10796599835157394,0.12231799960136414,35316922
2024-08-09T00:00:00.000000Z,0.12231799960136414,0.12233500182628632,0.11828000098466873,0.12016899883747101,27748475
2024-08-10T00:00:00.000000Z,0.12016899883747101,0.1224839985370636,0.11823199689388275,0.12107499688863754,19115569
2024-08-11T00:00:00.000000Z,0.12107499688863754,0.12397699803113937,0.11518599838018417,0.11533199995756149,24492222
2024-08-12T00:00:00.000000Z,0.11533199995756149,0.12061099708080292,0.11447499692440033,0.11972499638795853,29536729
2024-08-13T00:00:00.000000Z,0.11972499638795853,0.1216529980301857,0.11600600183010101,0.12113200128078461,25434872
2024-08-14T00:00:00.000000Z,0.12113200128078461,0.1220880001783371,0.11742199957370758,0.1195719987154007,24045515
2024-08-15T00:00:00.000000Z,0.1195719987154007,0.1218160018324852,0.11489100009202957,0.11563199758529663,27054678
2024-08-16T00:00:00.000000Z,0.11563199758529663,0.12010999768972397,0.11345499753952026,0.11571700125932693,29506494
2024-08-17T00:00:00.000000Z,0.11571700125932693,0.11870600283145905,0.11482000350952148,0.11839400231838226,17912725
2024-08-18T00:00:00.000000Z,0.11839400231838226,0.12069500237703323,0.11708600074052811,0.11878199875354767,19040973
2024-08-19T00:00:00.000000Z,0.11878199875354767,0.12463399767875671,0.11742299795150757,0.12392699718475342,25338482
2024-08-20T00:00:00.000000Z,0.12392699718475342,0.12984000146389008,0.12348899990320206,0.12803700566291809,33448285
2024-08-21T00:00:00.000000Z,0.12803700566291809,0.13765899837017059,0.12688599526882172,0.13477499783039093,34971512
2024-08-22T00:00:00.000000Z,0.13477499783039093,0.13693100214004517,0.13444599509239197,0.13571399450302124,23507102
2024-08-23T00:00:00.000000Z,0.13571399450302124,0.14515599608421326,0.13541699945926666,0.14415700733661652,31069084
2024-08-24T00:00:00.000000Z,0.14415700733661652,0.14841699600219727,0.14216600358486176,0.14648999273777008,26210107
2024-08-25T00:00:00.000000Z,0.14648999273777008,0.1466670036315918,0.14142000675201416,0.14180099964141846,23120916
2024-08-26T00:00:00.000000Z,0.14180099964141846,0.14288599789142609,0.13430200517177582,0.13450999557971954,24733417
2024-08-27T00:00:00.000000Z,0.13450999557971954,0.13632400333881378,0.12614600360393524,0.12820799648761749,25048909
2024-08-28T00:00:00.000000Z,0.12820799648761749,0.13122899830341339,0.12515600025653839,0.12690100073814392,30743409
2024-08-29T00:00:00.000000Z,0.12690100073814392,0.13265299797058105,0.12541399896144867,0.12665900588035583,21362153
2024-08-30T00:00:00.000000Z,0.12665900588035583,0.12911200523376465,0.12215700000524521,0.12845799326896667,23614334
2024-08-31T00:00:00.000000Z,0.12845799326896667,0.1288989931344986,0.12329500168561935,0.1232990026473999,15669362
2024-09-01T00:00:00.000000Z,0.1232990026473999,0.12337800115346909,0.11776900291442871,0.1185000017285347,21210865
2024-09-02T00:00:00.000000Z,0.1185000017285347,0.12586699426174164,0.11817099899053574,0.12555800378322601,22210856
2024-09-03T00:00:00.000000Z,0.12555800378322601,0.12692500650882721,0.11939399689435959,0.11939399689435959,20243659
2024-09-04T00:00:00.000000Z,0.11939399689435959,0.12439700216054916,0.11499100178480148,0.12243100255727768,28691194
2024-09-05T00:00:00.000000Z,0.12243100255727768,0.12245800346136093,0.11614400148391724,0.11772800236940384,21520807
2024-09-06T00:00:00.000000Z,0.11772800236940384,0.1210549995303154,0.11196999996900558,0.11618000268936157,33176279
2024-09-07T00:00:00.000000Z,0.11618000268936157,0.12248600274324417,0.1155640035867691,0.12073899805545807,22942654
2024-09-08T00:00:00.000000Z,0.12073899805545807,0.12682400643825531,0.12022700160741806,0.12517499923706055,27726082
2024-09-09T00:00:00.000000Z,0.12517599761486053,0.12897899746894836,0.12414299696683884,0.12791299819946289,24331996
2024-09-10T00:00:00.000000Z,0.12791299819946289,0.12944300472736359,0.12596599757671356,0.12944300472736359,21062636
2024-09-11T00:00:00.000000Z,0.12944300472736359,0.12963099777698517,0.12268300354480743,0.12707999348640442,24092957
2024-09-12T00:00:00.000000Z,0.12707999348640442,0.13041900098323822,0.12671700119972229,0.1300320029258728,19596575
2024-09-13T00:00:00.000000Z,0.1300320029258728,0.13359299302101135,0.12716199457645416,0.13326999545097351,22561860
2024-09-14T00:00:00.000000Z,0.13326999545097351,0.13371500372886658,0.13056099414825439,0.13125999271869659,16663791
2024-09-15T00:00:00.000000Z,0.13125999271869659,0.13161799311637878,0.12621499598026276,0.12647099792957306,17413691
2024-09-16T00:00:00.000000Z,0.12647099792957306,0.12783500552177429,0.12241899967193604,0.12365400046110153,23011699
2024-09-17T00:00:00.000000Z,0.12365400046110153,0.12733399868011475,0.12232500314712524,0.12398800253868103,20510480
2024-09-18T00:00:00.000000Z,0.12398800253868103,0.12753599882125854,0.11946900188922882,0.12752500176429749,27478413
2024-09-19T00:00:00.000000Z,0.12752500176429749,0.13337500393390656,0.12752500176429749,0.1315000057220459,27157650
2024-09-20T00:00:00.000000Z,0.1315000057220459,0.13526299595832825,0.13044300675392151,0.13284499943256378,27264172
2024-09-21T00:00:00.000000Z,0.13284499943256378,0.13638600707054138,0.13202500343322754,0.13626599311828613,19801634
2024-09-22T00:00:00.000000Z,0.13626599311828613,0.13647300004959106,0.12982499599456787,0.13218800723552704,20356851
2024-09-23T00:00:00.000000Z,0.13218800723552704,0.13544699549674988,0.130404993891716,0.13413700461387634,26533571
2024-09-24T00:00:00.000000Z,0.13413700461387634,0.13943299651145935,0.13138699531555176,0.13859599828720093,27815835
2024-09-25T00:00:00.000000Z,0.13859599828720093,0.14222200214862823,0.13681499660015106,0.1372079998254776,32971870
2024-09-26T00:00:00.000000Z,0.1372079998254776,0.14394299685955048,0.13477100431919098,0.14363999664783478,31772236
2024-09-27T00:00:00.000000Z,0.14363999664783478,0.14696300029754639,0.1431179940700531,0.14425200223922729,29700755
2024-09-28T00:00:00.000000Z,0.14425499737262726,0.14505800604820251,0.13936899602413177,0.14130699634552002,24296110
2024-09-29T00:00:00.000000Z,0.14131499826908112,0.14350399374961853,0.13894300162792206,0.14127099514007568,20492950
2024-09-30T00:00:00.000000Z,0.14127099514007568,0.14127899706363678,0.13370999693870544,0.13429300487041473,27836648
2024-10-01T00:00:00.000000Z,0.13429300487041473,0.13705499470233917,0.12268099933862686,0.12485899776220322,41492485
2024-10-02T00:00:00.000000Z,0.12485899776220322,0.12839600443840027,0.11969099938869476,0.12124700099229813,31959008
2024-10-03T00:00:00.000000Z,0.12124700099229813,0.12414500117301941,0.11872400343418121,0.12199400365352631,35579493
2024-10-04T00:00:00.000000Z,0.12199400365352631,0.12759600579738617,0.12152200192213058,0.12590600550174713,29471037
2024-10-05T00:00:00.000000Z,0.12590600550174713,0.12766799330711365,0.12353800237178802,0.12583999335765839,15566217
2024-10-06T00:00:00.000000Z,0.12583999335765839,0.12789799273014069,0.12491899728775024,0.12681299448013306,16137628
2024-10-07T00:00:00.000000Z,0.12681299448013306,0.12959000468254089,0.12464900314807892,0.12470100075006485,27920918
2024-10-08T00:00:00.000000Z,0.12470100075006485,0.12626999616622925,0.12051399797201157,0.12119399756193161,26216046
2024-10-09T00:00:00.000000Z,0.12119399756193161,0.12389899790287018,0.11788000166416168,0.11865200102329254,27012086
2024-10-10T00:00:00.000000Z,0.11865200102329254,0.12038599699735641,0.1157120019197464,0.11835499852895737,24920905
2024-10-11T00:00:00.000000Z,0.11835499852895737,0.12228900194168091,0.11798200011253357,0.12129899859428406,20038641
2024-10-12T00:00:00.000000Z,0.12129899859428406,0.12397699803113937,0.1208140030503273,0.12184099853038788,16950419
2024-10-13T00:00:00.000000Z,0.12184099853038788,0.12272500246763229,0.11906799674034119,0.12070100009441376,17094204
2024-10-14T00:00:00.000000Z,0.12070100009441376,0.12716600298881531,0.11979199945926666,0.12666599452495575,25991722
2024-10-15T00:00:00.000000Z,0.12666599452495575,0.12817199528217316,0.12258599698543549,0.12568700313568115,35823639
2024-10-16T00:00:00.000000Z,0.12568700313568115,0.12589900195598602,0.12239799648523331,0.12304800003767014,26415632
2024-10-17T00:00:00.000000Z,0.12304800003767014,0.12375199794769287,0.11768099665641785,0.11971200257539749,27865949
2024-10-18T00:00:00.000000Z,0.11971200257539749,0.12373799830675125,0.11956000328063965,0.12320099771022797,21363452
2024-10-19T00:00:00.000000Z,0.12320099771022797,0.1264369934797287,0.12186399847269058,0.12333499640226364,18384365
2024-10-20T00:00:00.000000Z,0.12333499640226364,0.13056099414825439,0.12183699756860733,0.13034099340438843,25319008
2024-10-21T00:00:00.000000Z,0.13034099340438843,0.13137899339199066,0.12494900077581406,0.12571099400520325,29361383
2024-10-22T00:00:00.000000Z,0.12571099400520325,0.12816600501537323,0.12263599783182144,0.12414799630641937,26290733
2024-10-23T00:00:00.000000Z,0.12414799630641937,0.12436100095510483,0.11810699850320816,0.12082300335168839,22500408
2024-10-24T00:00:00.000000Z,0.1212100014090538,0.12301900237798691,0.11979500204324722,0.12202499806880951,18918505
2024-10-25T00:00:00.000000Z,0.12202499806880951,0.12227900326251984,0.11143700033426285,0.11407200247049332,31675190
2024-10-26T00:00:00.000000Z,0.11406999826431274,0.11523400247097015,0.11170200258493423,0.11447100341320038,25618056
2024-10-27T00:00:00.000000Z,0.11447100341320038,0.11682400107383728,0.11387400329113007,0.11582600325345993,15831578
2024-10-28T00:00:00.000000Z,0.11582600325345993,0.11923599988222122,0.11334399878978729,0.11833900213241577,25233849
2024-10-29T00:00:00.000000Z,0.11833900213241577,0.12429500371217728,0.11832500249147415,0.12378299981355667,26727150
2024-10-30T00:00:00.000000Z,0.12378299981355667,0.12389300018548965,0.12025099992752075,0.12074899673461914,22737440
2024-10-31T00:00:00.000000Z,0.12074899673461914,0.12098100036382675,0.11370000243186951,0.11431799829006195,25299244
2024-11-01T00:00:00.000000Z,0.11431799829006195,0.11734700202941895,0.11230800300836563,0.11460500210523605,26393605
2024-11-02T00:00:00.000000Z,0.11460500210523605,0.11710699647665024,0.11329899728298187,0.11370600014925003,17818134
2024-11-03T00:00:00.000000Z,0.11370600014925003,0.11404799669981003,0.10593900084495544,0.10949199646711349,34698456
2024-11-04T00:00:00.000000Z,0.10949199646711349,0.11138100177049637,0.10588999837636948,0.109265998005867,32041955
2024-11-05T00:00:00.000000Z,0.109265998005867,0.11530700325965881,0.10923700034618378,0.11411599814891815,28789257
2024-11-06T00:00:00.000000Z,0.11411599814891815,0.12213700264692307,0.11411599814891815,0.1218860000371933,48375225
2024-11-07T00:00:00.000000Z,0.1218860000371933,0.12490399926900864,0.12018299847841263,0.12255000323057175,40807149
2024-11-08T00:00:00.000000Z,0.12255000323057175,0.13142600655555725,0.12090899795293808,0.13138400018215179,55116961
2024-11-09T00:00:00.000000Z,0.13138400018215179,0.13386499881744385,0.12870299816131592,0.13386200368404388,36338557
2024-11-10T00:00:00.000000Z,0.13386200368404388,0.14992499351501465,0.13342300057411194,0.14550699293613434,108197816
2024-11-11T00:00:00.000000Z,0.14550699293613434,0.15927499532699585,0.14201200008392334,0.15922099351882935,124437834
2024-11-12T00:00:00.000000Z,0.15922099351882935,0.16324600577354431,0.14476999640464783,0.15471799671649933,177077174
2024-11-13T00:00:00.000000Z,0.15472400188446045,0.15583999454975128,0.13964499533176422,0.14582699537277222,131581479
2024-11-14T00:00:00.000000Z,0.14582699537277222,0.15507300198078156,0.14206400513648987,0.14541299641132355,112487935
2024-11-15T00:00:00.000000Z,0.14541299641132355,0.18960900604724884,0.14541299641132355,0.18534499406814575,525499026
2024-11-16T00:00:00.000000Z,0.18614600598812103,0.21786899864673615,0.18329200148582458,0.19694399833679199,558411813
2024-11-17T00:00:00.000000Z,0.19692699611186981,0.19787099957466125,0.17980100214481354,0.18369999527931213,178720239
2024-11-18T00:00:00.000000Z,0.18369999527931213,0.23007500171661377,0.18203400075435638,0.21589800715446472,587264551
2024-11-19T00:00:00.000000Z,0.21589800715446472,0.23698799312114716,0.2051129937171936,0.22401200234889984,387641278
2024-11-20T00:00:00.000000Z,0.22401200234889984,0.22767500579357147,0.20895899832248688,0.21153800189495087,228550117
2024-11-21T00:00:00.000000Z,0.21153800189495087,0.22164599597454071,0.2034280002117157,0.21436800062656403,243630613
2024-11-22T00:00:00.000000Z,0.21438899636268616,0.2616649866104126,0.21436700224876404,0.25921601057052612,480009137
2024-11-23T00:00:00.000000Z,0.25921601057052612,0.31903499364852905,0.25895199179649353,0.29375699162483215,973660409
2024-11-24T00:00:00.000000Z,0.29375699162483215,0.32622000575065613,0.25684899091720581,0.28409799933433533,623351599
2024-11-25T00:00:00.000000Z,0.28409799933433533,0.2929689884185791,0.25716501474380493,0.25988000631332397,353136238
2024-11-26T00:00:00.000000Z,0.25988000631332397,0.29766601324081421,0.25154599547386169,0.2974649965763092,446898300
2024-11-27T00:00:00.000000Z,0.2974649965763092,0.30893999338150024,0.28687998652458191,0.29311001300811768,454692848
2024-11-28T00:00:00.000000Z,0.29311099648475647,0.3289560079574585,0.28336399793624878,0.32406899333000183,337633464
2024-11-29T00:00:00.000000Z,0.32406899333000183,0.46669599413871765,0.31957000494003296,0.44086301326751709,1932840725
2024-11-30T00:00:00.000000Z,0.44086301326751709,0.47673800587654114,0.39884999394416809,0.44262599945068359,1788860026
2024-12-01T00:00:00.000000Z,0.44262498617172241,0.51754999160766602,0.42433300614356995,0.48757699131965637,1717511873
2024-12-02T00:00:00.000000Z,0.48758301138877869,0.54939001798629761,0.45807400345802307,0.50188702344894409,1874382870
2024-12-03T00:00:00.000000Z,0.50189101696014404,0.60276299715042114,0.50189101696014404,0.50767099857330322,2378210247
2024-12-04T00:00:00.000000Z,0.50767099857330322,0.53666597604751587,0.46783998608589172,0.47871899604797363,1075403191
2024-12-05T00:00:00.000000Z,0.47871899604797363,0.49289101362228394,0.44737398624420166,0.45268100500106812,892391235
2024-12-06T00:00:00.000000Z,0.45015299320220947,0.51279997825622559,0.43241900205612183,0.50047701597213745,857895312
2024-12-07T00:00:00.000000Z,0.50047701597213745,0.52463501691818237,0.46718001365661621,0.51083797216415405,923904527
2024-12-08T00:00:00.000000Z,0.51573002338409424,0.51628202199935913,0.48564600944519043,0.49836298823356628,495163777
2024-12-09T00:00:00.000000Z,0.49836298823356628,0.49836298823356628,0.37178900837898254,0.41874998807907104,785273139
2024-12-10T00:00:00.000000Z,0.41874998807907104,0.43309101462364197,0.37236800789833069,0.4251990020275116,944481961
2024-12-11T00:00:00.000000Z,0.4252069890499115,0.46335801482200623,0.4020099937915802,0.45443999767303467,537733966
2024-12-12T00:00:00.000000Z,0.45437300205230713,0.47642800211906433,0.42368400096893311,0.42821899056434631,573451492
2024-12-13T00:00:00.000000Z,0.42821499705314636,0.45471400022506714,0.41680899262428284,0.43786600232124329,400353418
2024-12-14T00:00:00.000000Z,0.43786600232124329,0.43786600232124329,0.40761598944664001,0.42112499475479126,246870403
2024-12-15T00:00:00.000000Z,0.42112499475479126,0.43422099947929382,0.40735098719596863,0.43074899911880493,269172844
2024-12-16T00:00:00.000000Z,0.43074899911880493,0.43573901057243347,0.40204900503158569,0.41368600726127625,353781732
2024-12-17T00:00:00.000000Z,0.41367700695991516,0.44188800454139709,0.40460300445556641,0.41301900148391724,497935824
2024-12-18T00:00:00.000000Z,0.41301900148391724,0.41425201296806335,0.36618399620056152,0.36735200881958008,464840765
2024-12-19T00:00:00.000000Z,0.36735200881958008,0.38232201337814331,0.32245799899101257,0.33349499106407166,606760645
2024-12-20T00:00:00.000000Z,0.33349698781967163,0.35472801327705383,0.28361600637435913,0.34757000207901001,651060423
2024-12-21T00:00:00.000000Z,0.34757000207901001,0.37457498908042908,0.32463699579238892,0.32852798700332642,399136026
2024-12-22T00:00:00.000000Z,0.32852798700332642,0.35575500130653381,0.31776401400566101,0.34758800268173218,369728362
2024-12-23T00:00:00.000000Z,0.34758800268173218,0.37803301215171814,0.33527800440788269,0.37502700090408325,414983910
2024-12-24T00:00:00.000000Z,0.37502598762512207,0.41261100769042969,0.3629550039768219,0.3967519998550415,381202987
2024-12-25T00:00:00.000000Z,0.3967519998550415,0.39923599362373352,0.37830200791358948,0.38102099299430847,183934875
2024-12-26T00:00:00.000000Z,0.38102099299430847,0.38321000337600708,0.34428501129150391,0.34644100069999695,196832756
2024-12-27T00:00:00.000000Z,0.34643998742103577,0.36880698800086975,0.3294529914855957,0.33253699541091919,260720536
2024-12-28T00:00:00.000000Z,0.33253699541091919,0.34996199607849121,0.32839500904083252,0.34438300132751465,154893492
2024-12-29T00:00:00.000000Z,0.34438300132751465,0.34796398878097534,0.32185900211334229,0.32530400156974792,159371149
2024-12-30T00:00:00.000000Z,0.32530099153518677,0.34898999333381653,0.31099399924278259,0.3285830020904541,241918064
2024-12-31T00:00:00.000000Z,0.3285830020904541,0.3513999879360199,0.31721800565719604,0.33370101451873779,227972429
2025-01-01T00:00:00.000000Z,0.33370101451873779,0.38479399681091309,0.32729598879814148,0.37626999616622925,293751245
2025-01-02T00:00:00.000000Z,0.37626901268959045,0.40682399272918701,0.376242995262146,0.39224299788475037,355149024
2025-01-03T00:00:00.000000Z,0.39225000143051147,0.42583099007606506,0.39219701290130615,0.41823300719261169,362071902
2025-01-04T00:00:00.000000Z,0.41823300719261169,0.43034398555755615,0.40599000453948975,0.40976899862289429,247562926
2025-01-05T00:00:00.000000Z,0.40976899862289429,0.41547000408172607,0.39672398567199707,0.40515100955963135,220267450
2025-01-06T00:00:00.000000Z,0.40515199303627014,0.4310150146484375,0.39744400978088379,0.41497600078582764,277481613
2025-01-07T00:00:00.000000Z,0.41497498750686646,0.42478400468826294,0.37199100852012634,0.37364101409912109,346570360
2025-01-08T00:00:00.000000Z,0.37364101409912109,0.3813750147819519,0.34182101488113403,0.35918900370597839,310456946
2025-01-09T00:00:00.000000Z,0.35918900370597839,0.36289799213409424,0.33633801341056824,0.34196799993515015,234679223
2025-01-10T00:00:00.000000Z,0.34196799993515015,0.38488000631332397,0.33935800194740295,0.37329000234603882,320981441
2025-01-11T00:00:00.000000Z,0.37327501177787781,0.38504201173782349,0.35912299156188965,0.37730398774147034,184677739
2025-01-12T00:00:00.000000Z,0.37730398774147034,0.37817901372909546,0.35396701097488403,0.36054098606109619,145409603
2025-01-13T00:00:00.000000Z,0.36054098606109619,0.37289199233055115,0.32437801361083984,0.34909799695014954,270540549
2025-01-14T00:00:00.000000Z,0.34909799695014954,0.37732398509979248,0.34580400586128235,0.37242200970649719,186216659
2025-01-15T00:00:00.000000Z,0.37242200970649719,0.44899299740791321,0.37066501379013062,0.44547200202941895,559239188
2025-01-16T00:00:00.000000Z,0.44547700881958008,0.48302501440048218,0.42684200406074524,0.46376100182533264,637648071
2025-01-17T00:00:00.000000Z,0.46376100182533264,0.49491098523139954,0.46345001459121704,0.46952798962593079,435214084
2025-01-18T00:00:00.000000Z,0.46952798962593079,0.47415599226951599,0.43506801128387451,0.44559898972511292,340690873
2025-01-19T00:00:00.000000Z,0.44559898972511292,0.45736199617385864,0.39141198992729187,0.39631199836730957,454305357
2025-01-20T00:00:00.000000Z,0.39624598622322083,0.47657200694084167,0.38567900657653809,0.42889299988746643,680190176
2025-01-21T00:00:00.000000Z,0.4288870096206665,0.4431929886341095,0.40666601061820984,0.42395201325416565,339673810
2025-01-22T00:00:00.000000Z,0.42395201325416565,0.43004998564720154,0.40410199761390686,0.40500101447105408,229509181
2025-01-23T00:00:00.000000Z,0.40499600768089294,0.42195400595664978,0.39016899466514587,0.41001600027084351,275650082
2025-01-24T00:00:00.000000Z,0.40999698638916016,0.42582899332046509,0.3925040066242218,0.40009200572967529,227687863
2025-01-25T00:00:00.000000Z,0.40009298920631409,0.40889900922775269,0.39447000622749329,0.40270200371742249,146018042
2025-01-26T00:00:00.000000Z,0.40275600552558899,0.41789698600769043,0.38229700922966003,0.38229700922966003,168864398
2025-01-27T00:00:00.000000Z,0.38229799270629883,0.38780000805854797,0.34738299250602722,0.38687300682067871,365539080
2025-01-28T00:00:00.000000Z,0.38687300682067871,0.3912929892539978,0.35801199078559875,0.3635219931602478,157857868
2025-01-29T00:00:00.000000Z,0.3635219931602478,0.38483598828315735,0.35447999835014343,0.36922499537467957,156208319
2025-01-30T00:00:00.000000Z,0.36921501159667969,0.39478200674057007,0.36625298857688904,0.3880540132522583,147563078
2025-01-31T00:00:00.000000Z,0.38805299997329712,0.40141800045967102,0.37461701035499573,0.37892100214958191,147919829
2025-02-01T00:00:00.000000Z,0.37891799211502075,0.38537400960922241,0.34519198536872864,0.34892800450325012,120071841
2025-02-02T00:00:00.000000Z,0.34884199500083923,0.35605001449584961,0.28774699568748474,0.30038198828697205,274692517
2025-02-03T00:00:00.000000Z,0.30038300156593323,0.31765401363372803,0.2327519953250885,0.31279799342155457,560479156
2025-02-04T00:00:00.000000Z,0.31279799342155457,0.31685298681259155,0.27867200970649719,0.2921069860458374,234487584
2025-02-05T00:00:00.000000Z,0.2921069860458374,0.29849100112915039,0.27890101075172424,0.28176501393318176,149720369
2025-02-06T00:00:00.000000Z,0.28176599740982056,0.29648199677467346,0.26456201076507568,0.26683199405670166,153491398
2025-02-07T00:00:00.000000Z,0.26683199405670166,0.29497700929641724,0.26119199395179749,0.26962101459503174,179170092
2025-02-08T00:00:00.000000Z,0.26962101459503174,0.27755001187324524,0.26474601030349731,0.27605399489402771,100253886
2025-02-09T00:00:00.000000Z,0.27605399489402771,0.28691500425338745,0.25933998823165894,0.27566099166870117,133202998
2025-02-10T00:00:00.000000Z,0.27566099166870117,0.29688999056816101,0.26920899748802185,0.29000499844551086,140253821
2025-02-11T00:00:00.000000Z,0.29000499844551086,0.31306999921798706,0.28301599621772766,0.2860729992389679,142661294
2025-02-12T00:00:00.000000Z,0.2860729992389679,0.305184006690979,0.2785399854183197,0.3028160035610199,181776001
2025-02-13T00:00:00.000000Z,0.3028160035610199,0.307110995054245,0.28596198558807373,0.29330000281333923,130520996
2025-02-14T00:00:00.000000Z,0.29330000281333923,0.30814999341964722,0.29095399379730225,0.29660600423812866,125644536
2025-02-15T00:00:00.000000Z,0.29660800099372864,0.30224901437759399,0.28156700730323792,0.28429999947547913,77208426
2025-02-16T00:00:00.000000Z,0.28429999947547913,0.28531000018119812,0.27419298887252808,0.27542299032211304,66754589
2025-02-17T00:00:00.000000Z,0.27542701363563538,0.28334900736808777,0.26673001050949097,0.26994100213050842,90864422
2025-02-18T00:00:00.000000Z,0.26994100213050842,0.27149999141693115,0.24516700208187103,0.25705099105834961,126649620
2025-02-19T00:00:00.000000Z,0.25705099105834961,0.26407799124717712,0.25225299596786499,0.26139599084854126,81821197
2025-02-20T00:00:00.000000Z,0.26139599084854126,0.27198401093482971,0.2604140043258667,0.27094098925590515,98275896
2025-02-21T00:00:00.000000Z,0.27094998955726624,0.28939801454544067,0.2555449903011322,0.26341798901557922,137210734
2025-02-22T00:00:00.000000Z,0.26341798901557922,0.27173200249671936,0.26205399632453918,0.26629799604415894,84152424
2025-02-23T00:00:00.000000Z,0.26629799604415894,0.26836198568344116,0.2554669976234436,0.25973600149154663,71360694
2025-02-24T00:00:00.000000Z,0.25973600149154663,0.2610740065574646,0.22718599438667297,0.22725300490856171,134179389
2025-02-25T00:00:00.000000Z,0.22724899649620056,0.236968994140625,0.21059300005435944,0.23158200085163116,165084520
2025-02-26T00:00:00.000000Z,0.23158200085163116,0.24119700491428375,0.22636100649833679,0.23531199991703033,118425540
2025-02-27T00:00:00.000000Z,0.23531199991703033,0.24306100606918335,0.23062600195407867,0.23751899600028992,84175264
2025-02-28T00:00:00.000000Z,0.23751799762248993,0.2419549971818924,0.21286499500274658,0.23781800270080566,155748823
2025-03-01T00:00:00.000000Z,0.23781800270080566,0.25736901164054871,0.23471100628376007,0.25322198867797852,121815313
2025-03-02T00:00:00.000000Z,0.25322198867797852,0.29858601093292236,0.24434199929237366,0.29061201214790344,397583053
2025-03-03T00:00:00.000000Z,0.29061201214790344,0.29797199368476868,0.23624500632286072,0.23789599537849426,226786261
2025-03-04T00:00:00.000000Z,0.23789100348949432,0.24258099496364594,0.21811200678348541,0.23903800547122955,222337844
2025-03-05T00:00:00.000000Z,0.23904600739479065,0.25431698560714722,0.23520700633525848,0.25002899765968323,125813108
2025-03-06T00:00:00.000000Z,0.25002700090408325,0.2595990002155304,0.24052000045776367,0.24052600562572479,108620628
2025-03-07T00:00:00.000000Z,0.24052600562572479,0.24746499955654144,0.22704100608825684,0.23306499421596527,132444406
2025-03-08T00:00:00.000000Z,0.23306499421596527,0.23588399589061737,0.22363999485969543,0.22445599734783173,75026573
2025-03-09T00:00:00.000000Z,0.22445599734783173,0.22638100385665894,0.19970700144767761,0.20110900700092316,113534298
2025-03-10T00:00:00.000000Z,0.20110699534416199,0.21387800574302673,0.18168699741363525,0.18422700464725494,145126452
2025-03-11T00:00:00.000000Z,0.18422199785709381,0.19941000640392303,0.17559100687503815,0.19073399901390076,132859069
2025-03-12T00:00:00.000000Z,0.19073399901390076,0.20051500201225281,0.18627600371837616,0.19538499414920807,99279554
2025-03-13T00:00:00.000000Z,0.19538499414920807,0.20044800639152527,0.18882200121879578,0.19556500017642975,95553534
2025-03-14T00:00:00.000000Z,0.19556300342082977,0.20472300052642822,0.19433100521564484,0.19864000380039215,77009930
2025-03-15T00:00:00.000000Z,0.19863499701023102,0.20340299606323242,0.1983020007610321,0.19992099702358246,62874172
2025-03-16T00:00:00.000000Z,0.19993199408054352,0.20155699551105499,0.18491899967193604,0.1864050030708313,87114204
2025-03-17T00:00:00.000000Z,0.18640400469303131,0.19452600181102753,0.1863580048084259,0.19132000207901001,70434804
2025-03-18T00:00:00.000000Z,0.19132000207901001,0.19132000207901001,0.18049299716949463,0.18648800253868103,77470903
2025-03-19T00:00:00.000000Z,0.18648800253868103,0.20083299279212952,0.18539799749851227,0.1997160017490387,107459435
2025-03-20T00:00:00.000000Z,0.19972400367259979,0.20156699419021606,0.19279700517654419,0.19527100026607513,76790689
2025-03-21T00:00:00.000000Z,0.19526800513267517,0.19653999805450439,0.1870730072259903,0.18718500435352325,63899399
2025-03-22T00:00:00.000000Z,0.18718500435352325,0.19123700261116028,0.18649500608444214,0.1878339946269989,43798603
2025-03-23T00:00:00.000000Z,0.1878339946269989,0.1916860044002533,0.18720999360084534,0.19162899255752563,53146041
2025-03-24T00:00:00.000000Z,0.19162899255752563,0.20728699862957001,0.19081400334835052,0.20339600741863251,76604038
2025-03-25T00:00:00.000000Z,0.20339299738407135,0.21446900069713593,0.20107699930667877,0.21166899800300598,76281763
2025-03-26T00:00:00.000000Z,0.21166899800300598,0.21792200207710266,0.203684002161026,0.20685000717639923,68918551
2025-03-27T00:00:00.000000Z,0.20685000717639923,0.21558299660682678,0.20612199604511261,0.21179300546646118,70743427
2025-03-28T00:00:00.000000Z,0.21179400384426117,0.21544800698757172,0.19689600169658661,0.19951699674129486,73367486
2025-03-29T00:00:00.000000Z,0.19951699674129486,0.20043599605560303,0.18066400289535522,0.18396200239658356,66970149
2025-03-30T00:00:00.000000Z,0.18396200239658356,0.18717999756336212,0.17760999500751495,0.17939099669456482,45710759
2025-03-31T00:00:00.000000Z,0.17938899993896484,0.1815280020236969,0.17269499599933624,0.18009699881076813,70773544
2025-04-01T00:00:00.000000Z,0.18009699881076813,0.19339999556541443,0.17923299968242645,0.18903400003910065,62039656
2025-04-02T00:00:00.000000Z,0.18903100490570068,0.19508400559425354,0.17402300238609314,0.17734700441360474,114353440
2025-04-03T00:00:00.000000Z,0.17734700441360474,0.18125000596046448,0.16884000599384308,0.18068200349807739,79791858
2025-04-04T00:00:00.000000Z,0.18068000674247742,0.19182200729846954,0.17674100399017334,0.18603600561618805,130150064
2025-04-05T00:00:00.000000Z,0.18603600561618805,0.18974199891090393,0.18055799603462219,0.18315699696540833,50479247
2025-04-06T00:00:00.000000Z,0.18315699696540833,0.18476499617099762,0.15868499875068665,0.16207100450992584,84825306
2025-04-07T00:00:00.000000Z,0.16207100450992584,0.17347399890422821,0.14777399599552155,0.16672900319099426,164016113
2025-04-08T00:00:00.000000Z,0.16672900319099426,0.17302100360393524,0.15322099626064301,0.15474100410938263,96016177
2025-04-09T00:00:00.000000Z,0.1547430008649826,0.18455499410629272,0.14930200576782227,0.18035100400447845,151190279
2025-04-10T00:00:00.000000Z,0.18034599721431732,0.18112200498580933,0.17023800313472748,0.17642900347709656,85569069
2025-04-11T00:00:00.000000Z,0.17642900347709656,0.18535000085830688,0.17546099424362183,0.18016499280929565,83552975
2025-04-12T00:00:00.000000Z,0.18016399443149567,0.19603300094604492,0.17710499465465546,0.19103500247001648,110329896
2025-04-13T00:00:00.000000Z,0.19103500247001648,0.19148099422454834,0.17975200712680817,0.18273000419139862,67195690
2025-04-14T00:00:00.000000Z,0.18273100256919861,0.19990900158882141,0.18273000419139862,0.18874600529670715,122252182
2025-04-15T00:00:00.000000Z,0.18874600529670715,0.19882799685001373,0.17869600653648376,0.1796099990606308,102298268
2025-04-16T00:00:00.000000Z,0.17961500585079193,0.18542900681495667,0.17737700045108795,0.18140900135040283,83597693
2025-04-17T00:00:00.000000Z,0.18140900135040283,0.18974499404430389,0.17940899729728699,0.18668599426746368,65268351
2025-04-18T00:00:00.000000Z,0.18668599426746368,0.19214099645614624,0.1854339987039566,0.189410001039505,52629664
2025-04-19T00:00:00.000000Z,0.18941199779510498,0.19435499608516693,0.1893409937620163,0.19320599734783173,39363946
2025-04-20T00:00:00.000000Z,0.19320599734783173,0.19590400159358978,0.18939200043678284,0.19302099943161011,45399661
2025-04-21T00:00:00.000000Z,0.19302099943161011,0.20325599610805511,0.19189199805259705,0.19311399757862091,75649890
2025-04-22T00:00:00.000000Z,0.19311399757862091,0.20974799990653992,0.18965800106525421,0.20948299765586853,104079405
2025-04-23T00:00:00.000000Z,0.20948299765586853,0.22140699625015259,0.20832300186157227,0.21384599804878235,108520887
2025-04-24T00:00:00.000000Z,0.21384699642658234,0.22585299611091614,0.20708200335502625,0.22578200697898865,102910998
2025-04-25T00:00:00.000000Z,0.22578200697898865,0.23341000080108643,0.22115400433540344,0.22779799997806549,96117844
2025-04-26T00:00:00.000000Z,0.22780400514602661,0.23838800191879272,0.22663399577140808,0.22864900529384613,72629607
2025-04-27T00:00:00.000000Z,0.22864900529384613,0.23041699826717377,0.21899199485778809,0.22165200114250183,63937550
2025-04-28T00:00:00.000000Z,0.22165200114250183,0.23544999957084656,0.21572400629520416,0.23048500716686249,100842600
2025-04-29T00:00:00.000000Z,0.23048500716686249,0.23576000332832336,0.22390200197696686,0.22662800550460815,73663231
2025-04-30T00:00:00.000000Z,0.22662800550460815,0.23057000339031219,0.21363300085067749,0.21982200443744659,98732271
2025-05-01T00:00:00.000000Z,0.21982300281524658,0.22763900458812714,0.21596400439739227,0.21732699871063232,83163186
2025-05-02T00:00:00.000000Z,0.21732999384403229,0.22349700331687927,0.21313300728797913,0.21547499299049377,72292281
2025-05-03T00:00:00.000000Z,0.21547499299049377,0.21556299924850464,0.20509199798107147,0.20748700201511383,47493043
2025-05-04T00:00:00.000000Z,0.20748700201511383,0.20938800275325775,0.19908200204372406,0.19964699447154999,45309426
2025-05-05T00:00:00.000000Z,0.19963699579238892,0.20481300354003906,0.19524599611759186,0.19942000508308411,57391370
2025-05-06T00:00:00.000000Z,0.199413001537323,0.20208099484443665,0.19136700034141541,0.19938899576663971,73333052
2025-05-07T00:00:00.000000Z,0.19938899576663971,0.20219899713993073,0.19464099407196045,0.19925199449062347,64700753
2025-05-08T00:00:00.000000Z,0.19925099611282349,0.22653099894523621,0.19925099611282349,0.22502900660037994,110820358
2025-05-09T00:00:00.000000Z,0.22502799332141876,0.23988699913024902,0.2236350029706955,0.23256100714206696,134841077
2025-05-10T00:00:00.000000Z,0.23256100714206696,0.2531140148639679,0.23087799549102783,0.2530759871006012,105849692
2025-05-11T00:00:00.000000Z,0.25307300686836243,0.25644400715827942,0.23602400720119476,0.2395160049200058,106428189
2025-05-12T00:00:00.000000Z,0.23951700329780579,0.25843200087547302,0.23132899403572083,0.2425139993429184,173311912
2025-05-13T00:00:00.000000Z,0.24251000583171844,0.25087100267410278,0.22645799815654755,0.24797399342060089,118811057
2025-05-14T00:00:00.000000Z,0.24796199798583984,0.25035101175308228,0.23513099551200867,0.23717999458312988,93636710
2025-05-15T00:00:00.000000Z,0.23717999458312988,0.23957200348377228,0.22055700421333313,0.22529299557209015,107758231
2025-05-16T00:00:00.000000Z,0.22529299557209015,0.23062899708747864,0.22063000500202179,0.22305800020694733,70631462
2025-05-17T00:00:00.000000Z,0.22305600345134735,0.22329500317573547,0.21186800301074982,0.21581900119781494,68558845
2025-05-18T00:00:00.000000Z,0.21581900119781494,0.23104999959468842,0.21393300592899323,0.22762499749660492,83921271
2025-05-19T00:00:00.000000Z,0.22762499749660492,0.22840699553489685,0.21044400334358215,0.22228799760341644,69735773
2025-05-20T00:00:00.000000Z,0.22228799760341644,0.22726799547672272,0.21649299561977386,0.2243179976940155,53271324
2025-05-21T00:00:00.000000Z,0.2243179976940155,0.23278200626373291,0.22179900109767914,0.23089499771595001,86506521
2025-05-22T00:00:00.000000Z,0.23089300096035004,0.24234899878501892,0.23045499622821808,0.24111199378967285,89261243
2025-05-23T00:00:00.000000Z,0.24111199378967285,0.24749599397182465,0.2235960066318512,0.22367699444293976,99162692
2025-05-24T00:00:00.000000Z,0.22367000579833984,0.22903500497341156,0.21959699690341949,0.22087900340557098,51725347
2025-05-25T00:00:00.000000Z,0.22087900340557098,0.22166800498962402,0.21164199709892273,0.22159700095653534,55206741
2025-05-26T00:00:00.000000Z,0.22159700095653534,0.22804999351501465,0.2157139927148819,0.218967005610466,58915988
2025-05-27T00:00:00.000000Z,0.218967005610466,0.22657500207424164,0.21387399733066559,0.2220740020275116,56480084
2025-05-28T00:00:00.000000Z,0.2220740020275116,0.22427099943161011,0.21264499425888062,0.217289999127388,57981994
2025-05-29T00:00:00.000000Z,0.217289999127388,0.22295500338077545,0.20953500270843506,0.20956699550151825,64290603
2025-05-30T00:00:00.000000Z,0.20956599712371826,0.21040999889373779,0.19212499260902405,0.19240500032901764,106590789
2025-05-31T00:00:00.000000Z,0.19240400195121765,0.19723500311374664,0.18678699433803558,0.19387100636959076,55556310
2025-06-01T00:00:00.000000Z,0.19387100636959076,0.19811099767684937,0.19035099446773529,0.19541500508785248,43666077
2025-06-02T00:00:00.000000Z,0.19541500508785248,0.19921299815177917,0.19056199491024017,0.19903400540351868,47121336
2025-06-03T00:00:00.000000Z,0.19903400540351868,0.20263099670410156,0.19659599661827087,0.19740499556064606,50214855
2025-06-04T00:00:00.000000Z,0.19739800691604614,0.20079000294208527,0.18972299993038177,0.1916310042142868,46650272
2025-06-05T00:00:00.000000Z,0.1916310042142868,0.19374200701713562,0.17774799466133118,0.18144699931144714,77746794
2025-06-06T00:00:00.000000Z,0.18144699931144714,0.19166900217533112,0.18082499504089355,0.1872899979352951,55124404
2025-06-07T00:00:00.000000Z,0.1872899979352951,0.1936430037021637,0.18689599633216858,0.1910959929227829,29944539
2025-06-08T00:00:00.000000Z,0.1910959929227829,0.19342300295829773,0.18705600500106812,0.19055500626564026,39914883
2025-06-09T00:00:00.000000Z,0.19055500626564026,0.19979199767112732,0.18791599571704865,0.19942699372768402,56326297
2025-06-10T00:00:00.000000Z,0.19942900538444519,0.20790800452232361,0.19747099280357361,0.20790800452232361,74738029
2025-06-11T00:00:00.000000Z,0.20790800452232361,0.2088329941034317,0.19538499414920807,0.1971919983625412,87671804
2025-06-12T00:00:00.000000Z,0.1971919983625412,0.19737499952316284,0.17900300025939941,0.18119500577449799,104858669
2025-06-13T00:00:00.000000Z,0.18119500577449799,0.18134799599647522,0.16894599795341492,0.18073399364948273,151656419
2025-06-14T00:00:00.000000Z,0.18073399364948273,0.18106499314308167,0.1740960031747818,0.17724199593067169,47439458
2025-06-15T00:00:00.000000Z,0.17724199593067169,0.17921499907970428,0.17136499285697937,0.17648300528526306,46691711
2025-06-16T00:00:00.000000Z,0.17648300528526306,0.18625900149345398,0.17428900301456451,0.17620199918746948,63770269
2025-06-17T00:00:00.000000Z,0.17620000243186951,0.17895500361919403,0.16609799861907959,0.16966299712657928,81454736
2025-06-18T00:00:00.000000Z,0.16966299712657928,0.17233400046825409,0.16539099812507629,0.1706790030002594,63598359
2025-06-19T00:00:00.000000Z,0.1706790030002594,0.17247800529003143,0.16756400465965271,0.1691800057888031,49862557
2025-06-20T00:00:00.000000Z,0.16918100416660309,0.1720850020647049,0.16153399646282196,0.16716699302196503,84008509
2025-06-21T00:00:00.000000Z,0.16716699302196503,0.16928799450397491,0.15770800411701202,0.16174599528312683,64746558
2025-06-22T00:00:00.000000Z,0.16187399625778198,0.1644040048122406,0.1527010053396225,0.15974800288677216,110716171
2025-06-23T00:00:00.000000Z,0.15974800288677216,0.17983900010585785,0.15855500102043152,0.17943799495697021,88539335
2025-06-24T00:00:00.000000Z,0.17943799495697021,0.18376700580120087,0.17761600017547607,0.18277199566364288,76270896
2025-06-25T00:00:00.000000Z,0.18277199566364288,0.184812992811203,0.17541599273681641,0.17565099895000458,57692523
2025-06-26T00:00:00.000000Z,0.1756490021944046,0.17992399632930756,0.17041699588298798,0.17195099592208862,57049440
2025-06-27T00:00:00.000000Z,0.17195099592208862,0.1759369969367981,0.16939100623130798,0.17474499344825745,45880960
2025-06-28T00:00:00.000000Z,0.17474499344825745,0.17720299959182739,0.17322300374507904,0.17646799981594086,29301066
2025-06-29T00:00:00.000000Z,0.17646799981594086,0.18729199469089508,0.17559200525283813,0.18594899773597717,45332069
2025-06-30T00:00:00.000000Z,0.18594899773597717,0.18696700036525726,0.17714199423789978,0.18545900285243988,64516672
2025-07-01T00:00:00.000000Z,0.18546099960803986,0.19183099269866943,0.16997799277305603,0.17115700244903564,130605176
2025-07-02T00:00:00.000000Z,0.17115700244903564,0.1840129941701889,0.17092899978160858,0.18118900060653687,84233660
2025-07-03T00:00:00.000000Z,0.18118900060653687,0.18867699801921844,0.18118900060653687,0.18223999440670013,58822950
2025-07-04T00:00:00.000000Z,0.18223600089550018,0.18312500417232513,0.17183299362659454,0.17348900437355042,57402341
2025-07-05T00:00:00.000000Z,0.17348900437355042,0.17626300454139709,0.17258800566196442,0.1746399998664856,31143357
2025-07-06T00:00:00.000000Z,0.1746399998664856,0.17900800704956055,0.17362199723720551,0.17706799507141113,35503174
2025-07-07T00:00:00.000000Z,0.17706799507141113,0.17891900241374969,0.17335499823093414,0.17614999413490295,42014882
2025-07-08T00:00:00.000000Z,0.17614999413490295,0.18052999675273895,0.17314200103282928,0.17933599650859833,47970020
2025-07-09T00:00:00.000000Z,0.17933599650859833,0.19353799521923065,0.17854699492454529,0.19243299961090088,76315698
2025-07-10T00:00:00.000000Z,0.19243299961090088,0.2121720016002655,0.19052000343799591,0.21178899705410004,103795582
2025-07-11T00:00:00.000000Z,0.21178899705410004,0.23536199331283569,0.2110230028629303,0.21837699413299561,193899068
2025-07-12T00:00:00.000000Z,0.21837699413299561,0.22688700258731842,0.2128559947013855,0.21884599328041077,107958173
2025-07-13T00:00:00.000000Z,0.21884599328041077,0.26959601044654846,0.21762199699878693,0.26416599750518799,470865309
2025-07-14T00:00:00.000000Z,0.26416599750518799,0.30724701285362244,0.26294100284576416,0.27943399548530579,664671851
2025-07-15T00:00:00.000000Z,0.27943399548530579,0.29259499907493591,0.26950600743293762,0.28377899527549744,357800862
2025-07-16T00:00:00.000000Z,0.28377899527549744,0.29627999663352966,0.27475199103355408,0.28425198793411255,256141379
2025-07-17T00:00:00.000000Z,0.28425198793411255,0.3278299868106842,0.27897799015045166,0.32020899653434753,511390667
2025-07-18T00:00:00.000000Z,0.32022398710250854,0.33480799198150635,0.2893730103969574,0.29396599531173706,389538993
2025-07-19T00:00:00.000000Z,0.29396700859069824,0.29618799686431885,0.28275400400161743,0.29197099804878235,142771778
2025-07-20T00:00:00.000000Z,0.29199200868606567,0.30626600980758667,0.28687798976898193,0.29196301102638245,145305124
2025-07-21T00:00:00.000000Z,0.29196301102638245,0.31101000308990479,0.28699600696563721,0.29833000898361206,203196360
2025-07-22T00:00:00.000000Z,0.29833000898361206,0.29970398545265198,0.2798520028591156,0.29657799005508423,161262803
2025-07-23T00:00:00.000000Z,0.29657799005508423,0.29675200581550598,0.25891798734664917,0.26745501160621643,179322619
2025-07-24T00:00:00.000000Z,0.26746600866317749,0.27311599254608154,0.2504810094833374,0.26167398691177368,142166447
2025-07-25T00:00:00.000000Z,0.26167398691177368,0.26925599575042725,0.25220999121665955,0.26683399081230164,132368622
2025-07-26T00:00:00.000000Z,0.26683199405670166,0.28090000152587891,0.26517900824546814,0.27473300695419312,94229357
2025-07-27T00:00:00.000000Z,0.27473101019859314,0.29046899080276489,0.2736009955406189,0.28628501296043396,127499907
2025-07-28T00:00:00.000000Z,0.28627800941467285,0.28751200437545776,0.26377499103546143,0.26390200853347778,119858285
2025-07-29T00:00:00.000000Z,0.26390600204467773,0.27275100350379944,0.25566500425338745,0.26050099730491638,93435672
2025-07-30T00:00:00.000000Z,0.26050099730491638,0.26217800378799438,0.24280500411987305,0.25366199016571045,102171914
2025-07-31T00:00:00.000000Z,0.25366199016571045,0.26689800620079041,0.24367199838161469,0.24430300295352936,112047245
2025-08-01T00:00:00.000000Z,0.24429699778556824,0.24625599384307861,0.23106199502944946,0.23660700023174286,137165222
2025-08-02T00:00:00.000000Z,0.23660500347614288,0.24012699723243713,0.22398599982261658,0.227525994181633,82858403
2025-08-03T00:00:00.000000Z,0.227525994181633,0.24404700100421906,0.22481800615787506,0.24339500069618225,80597456
2025-08-04T00:00:00.000000Z,0.24339500069618225,0.25059300661087036,0.24177299439907074,0.24828499555587769,96271052
2025-08-05T00:00:00.000000Z,0.24828499555587769,0.24895599484443665,0.23381499946117401,0.23742899298667908,85385040
2025-08-06T00:00:00.000000Z,0.23742899298667908,0.24665699899196625,0.23104900121688843,0.242808997631073,73849287
2025-08-07T00:00:00.000000Z,0.242808997631073,0.26400798559188843,0.24208199977874756,0.26392000913619995,135319274
2025-08-08T00:00:00.000000Z,0.26392000913619995,0.26898500323295593,0.25662100315093994,0.26597899198532104,217890615
2025-08-09T00:00:00.000000Z,0.26597899198532104,0.27711001038551331,0.26566600799560547,0.27012398838996887,115974956
2025-08-10T00:00:00.000000Z,0.27012398838996887,0.2761400043964386,0.26033499836921692,0.2663399875164032,84209930
2025-08-11T00:00:00.000000Z,0.2663399875164032,0.27959001064300537,0.25053399801254272,0.25355198979377747,154332798
2025-08-12T00:00:00.000000Z,0.25355198979377747,0.27679601311683655,0.24990899860858917,0.27126199007034302,223831201
2025-08-13T00:00:00.000000Z,0.27126199007034302,0.2815609872341156,0.26788699626922607,0.28072899580001831,161217035
2025-08-14T00:00:00.000000Z,0.28072899580001831,0.28946000337600708,0.24806499481201172,0.25389701128005981,215482869
2025-08-15T00:00:00.000000Z,0.25389701128005981,0.26614299416542053,0.24681900441646576,0.25386399030685425,128303629
2025-08-16T00:00:00.000000Z,0.25386399030685425,0.26352998614311218,0.25237599015235901,0.2607710063457489,74117370
2025-08-17T00:00:00.000000Z,0.2607710063457489,0.27484500408172607,0.25919601321220398,0.26518198847770691,81967079
2025-08-18T00:00:00.000000Z,0.26518198847770691,0.26617899537086487,0.24854199588298798,0.25522398948669434,127670800
2025-08-19T00:00:00.000000Z,0.25522398948669434,0.25822898745536804,0.23746800422668457,0.2376600056886673,120239924
2025-08-20T00:00:00.000000Z,0.23766300082206726,0.25963801145553589,0.23724399507045746,0.25666999816894531,113288368
2025-08-21T00:00:00.000000Z,0.25666999816894531,0.25848999619483948,0.24661099910736084,0.24821299314498901,74513762
2025-08-22T00:00:00.000000Z,0.24821299314498901,0.26913300156593323,0.23963800072669983,0.26636499166488647,151492768
2025-08-23T00:00:00.000000Z,0.26636499166488647,0.26684600114822388,0.25684499740600586,0.26376199722290039,77263543
2025-08-24T00:00:00.000000Z,0.26376199722290039,0.28095000982284546,0.25305700302124023,0.27125498652458191,179755439
2025-08-25T00:00:00.000000Z,0.27125498652458191,0.27377000451087952,0.24290500581264496,0.24628500640392303,189174215
2025-08-26T00:00:00.000000Z,0.24627600610256195,0.25885000824928284,0.24423900246620178,0.25483301281929016,121742381
2025-08-27T00:00:00.000000Z,0.25481298565864563,0.25630199909210205,0.24705900251865387,0.24709799885749817,92724141
2025-08-28T00:00:00.000000Z,0.24709799885749817,0.25593799352645874,0.24595500528812408,0.25267401337623596,89926176
2025-08-29T00:00:00.000000Z,0.2526710033416748,0.25303900241851807,0.23268400132656097,0.23654399812221527,122447145
2025-08-30T00:00:00.000000Z,0.23654399812221527,0.2370229959487915,0.23051600158214569,0.23361499607563019,57398599
2025-08-31T00:00:00.000000Z,0.23361499607563019,0.23924599587917328,0.23151999711990356,0.23161299526691437,56755234
2025-09-01T00:00:00.000000Z,0.23161299526691437,0.23719500005245209,0.2229360044002533,0.22715400159358978,97702118
2025-09-02T00:00:00.000000Z,0.22715400159358978,0.23460300266742706,0.22612699866294861,0.2332880049943924,76964188
2025-09-03T00:00:00.000000Z,0.2332880049943924,0.2366040050983429,0.2307250052690506,0.23283299803733826,54441872
2025-09-04T00:00:00.000000Z,0.23283299803733826,0.23392899334430695,0.22545099258422852,0.2274090051651001,46504030
2025-09-05T00:00:00.000000Z,0.2274090051651001,0.23588499426841736,0.22723199427127838,0.22970099747180939,71499874
2025-09-06T00:00:00.000000Z,0.22970099747180939,0.23033399879932404,0.22501100599765778,0.22713199257850647,31816962
2025-09-07T00:00:00.000000Z,0.22713199257850647,0.23254899680614471,0.22712700068950653,0.23075200617313385,41284941
2025-09-08T00:00:00.000000Z,0.23075400292873383,0.23887200653553009,0.23041899502277374,0.23636800050735474,70902821
2025-09-09T00:00:00.000000Z,0.23636800050735474,0.24316200613975525,0.23181299865245819,0.23318900167942047,84244865
2025-09-10T00:00:00.000000Z,0.23318900167942047,0.2423039972782135,0.23218800127506256,0.23942500352859497,76898461
2025-09-11T00:00:00.000000Z,0.23942500352859497,0.24493199586868286,0.23841799795627594,0.24410200119018555,76923991
2025-09-12T00:00:00.000000Z,0.24410299956798553,0.24917000532150269,0.24109800159931183,0.24838800728321075,81281505
2025-09-13T00:00:00.000000Z,0.24838800728321075,0.26007699966430664,0.24755899608135223,0.2529740035533905,107535512
2025-09-14T00:00:00.000000Z,0.2529740035533905,0.25338798761367798,0.23884099721908569,0.23956899344921112,92478920
2025-09-15T00:00:00.000000Z,0.23956899344921112,0.24310299754142761,0.22871899604797363,0.23283599317073822,97130032
2025-09-16T00:00:00.000000Z,0.23283599317073822,0.24009799957275391,0.2301499992609024,0.23753699660301208,69886049
2025-09-17T00:00:00.000000Z,0.23753699660301208,0.24697700142860413,0.23231999576091766,0.24416400492191315,85220194
2025-09-18T00:00:00.000000Z,0.24416400492191315,0.25047299265861511,0.24108700454235077,0.24626600742340088,79850015
2025-09-19T00:00:00.000000Z,0.24626600742340088,0.24892500042915344,0.23268599808216095,0.23414799571037292,75236155
2025-09-20T00:00:00.000000Z,0.23414799571037292,0.23852400481700897,0.23271599411964417,0.23562300205230713,50242996
2025-09-21T00:00:00.000000Z,0.23562300205230713,0.23763099312782288,0.23019100725650787,0.23131300508975983,50692237
2025-09-22T00:00:00.000000Z,0.23131099343299866,0.23193299770355225,0.206713005900383,0.21405099332332611,159347489
2025-09-23T00:00:00.000000Z,0.21405099332332611,0.21747100353240967,0.20966899394989014,0.21105900406837463,72930629
2025-09-24T00:00:00.000000Z,0.21105900406837463,0.21820700168609619,0.20845800638198853,0.21297900378704071,71720848
2025-09-25T00:00:00.000000Z,0.21298399567604065,0.21343499422073364,0.20098100602626801,0.20244500041007996,125958764
2025-09-26T00:00:00.000000Z,0.20244500041007996,0.21067400276660919,0.20046800374984741,0.20865899324417114,83207647
2025-09-27T00:00:00.000000Z,0.20865899324417114,0.20867300033569336,0.20453000068664551,0.20595000684261322,43242996
2025-09-28T00:00:00.000000Z,0.20595000684261322,0.20865100622177124,0.20026400685310364,0.20804299414157867,51685913
2025-09-29T00:00:00.000000Z,0.20804500579833984,0.2105029970407486,0.20380100607872009,0.20776300132274628,95228753
2025-09-30T00:00:00.000000Z,0.20776300132274628,0.21022599935531616,0.20166300237178802,0.20789900422096252,107192472
2025-10-01T00:00:00.000000Z,0.20789900422096252,0.22162699699401855,0.20565900206565857,0.22083200514316559,106711733
2025-10-02T00:00:00.000000Z,0.22083200514316559,0.22739799320697784,0.21917000412940979,0.22509700059890747,101740036
2025-10-03T00:00:00.000000Z,0.22509700059890747,0.23044799268245697,0.22078800201416016,0.22493000328540802,93541126
2025-10-04T00:00:00.000000Z,0.22492800652980804,0.22528800368309021,0.21602000296115875,0.21975700557231903,81474263
2025-10-05T00:00:00.000000Z,0.21975700557231903,0.23007099330425262,0.21780699491500854,0.21875900030136108,84074591
2025-10-06T00:00:00.000000Z,0.21875900030136108,0.23070700466632843,0.21649700403213501,0.22931200265884399,103681283
2025-10-07T00:00:00.000000Z,0.22931200265884399,0.2303130030632019,0.2186879962682724,0.21908000111579895,95989779
2025-10-08T00:00:00.000000Z,0.21909199655056,0.22669400274753571,0.21586599946022034,0.22420600056648254,90802648
2025-10-09T00:00:00.000000Z,0.22420600056648254,0.22429800033569336,0.21286800503730774,0.22057700157165527,80874407
2025-10-10T00:00:00.000000Z,0.22056999802589417,0.22518999874591827,0.12088599801063538,0.17594799399375916,310168512
2025-10-11T00:00:00.000000Z,0.17588500678539276,0.19271500408649445,0.17529499530792236,0.18194100260734558,214371229
2025-10-12T00:00:00.000000Z,0.18194100260734558,0.20702500641345978,0.1795089989900589,0.20325300097465515,122301983
2025-10-13T00:00:00.000000Z,0.20325499773025513,0.21471099555492401,0.19979099929332733,0.21331299841403961,129349266
2025-10-14T00:00:00.000000Z,0.21331299841403961,0.2139119952917099,0.1921049952507019,0.20544099807739258,146708330
2025-10-15T00:00:00.000000Z,0.20544099807739258,0.20817899703979492,0.1946599930524826,0.1964620053768158,106098147
2025-10-16T00:00:00.000000Z,0.1964620053768158,0.19884400069713593,0.18363200128078461,0.18492400646209717,125694839
2025-10-17T00:00:00.000000Z,0.18492799997329712,0.18746399879455566,0.17055399715900421,0.1772409975528717,113772683
2025-10-18T00:00:00.000000Z,0.1772409975528717,0.18150900304317474,0.17694300413131714,0.17987300455570221,64539429
2025-10-19T00:00:00.000000Z,0.17987300455570221,0.18822300434112549,0.17686399817466736,0.18356600403785706,62222521
2025-10-20T00:00:00.000000Z,0.18356600403785706,0.19101700186729431,0.17981100082397461,0.18688799440860748,85339005
2025-10-21T00:00:00.000000Z,0.18687699735164642,0.19516800343990326,0.17771999537944794,0.18125499784946442,95907674
2025-10-22T00:00:00.000000Z,0.18125300109386444,0.18456800282001495,0.17548200488090515,0.17849500477313995,100214221
2025-10-23T00:00:00.000000Z,0.17849500477313995,0.18570999801158905,0.17818300426006317,0.18148800730705261,52493607
2025-10-24T00:00:00.000000Z,0.18148800730705261,0.18624100089073181,0.18083600699901581,0.18571700155735016,71329325
2025-10-25T00:00:00.000000Z,0.18571700155735016,0.18688400089740753,0.18258799612522125,0.18527700006961823,39042834
2025-10-26T00:00:00.000000Z,0.18527799844741821,0.19173899292945862,0.18323999643325806,0.19077000021934509,57342180
2025-10-27T00:00:00.000000Z,0.19077000021934509,0.19313399493694305,0.18468999862670898,0.18571500480175018,63642711
2025-10-28T00:00:00.000000Z,0.18571500480175018,0.19875399768352509,0.18203699588775635,0.18455000221729279,148407149
2025-10-29T00:00:00.000000Z,0.1845719963312149,0.18955899775028229,0.18134100735187531,0.18373499810695648,82330222
2025-10-30T00:00:00.000000Z,0.18373499810695648,0.18657700717449188,0.16783499717712402,0.17371700704097748,110315786
2025-10-31T00:00:00.000000Z,0.17370100319385529,0.17889299988746643,0.17336499691009521,0.17735600471496582,55423734
2025-11-01T00:00:00.000000Z,0.17735600471496582,0.18094000220298767,0.17552100121974945,0.17896999418735504,54413325
2025-11-02T00:00:00.000000Z,0.17896999418735504,0.18057799339294434,0.17357499897480011,0.17869000136852264,44116843
2025-11-03T00:00:00.000000Z,0.17868399620056152,0.17869700491428375,0.15585899353027344,0.1599469929933548,127845801
2025-11-04T00:00:00.000000Z,0.15994499623775482,0.16270299255847931,0.14623300731182098,0.1543630063533783,109235402
2025-11-05T00:00:00.000000Z,0.15436400473117828,0.16261099278926849,0.14752300083637238,0.16182200610637665,70341878
2025-11-06T00:00:00.000000Z,0.16182400286197662,0.1618259996175766,0.15380699932575226,0.15729799866676331,61675469
2025-11-07T00:00:00.000000Z,0.15729799866676331,0.1864050030708313,0.15724000334739685,0.18058900535106659,104597610
2025-11-08T00:00:00.000000Z,0.18058900535106659,0.18480800092220306,0.17448000609874725,0.17779199779033661,67182450
2025-11-09T00:00:00.000000Z,0.17779199779033661,0.1817999929189682,0.16988499462604523,0.17774499952793121,68241370
2025-11-10T00:00:00.000000Z,0.17774499952793121,0.19177299737930298,0.17700099945068359,0.18864800035953522,94939551
2025-11-11T00:00:00.000000Z,0.18864800035953522,0.19093300402164459,0.17617900669574738,0.17778399586677551,83302385
2025-11-12T00:00:00.000000Z,0.17778399586677551,0.18409700691699982,0.17080299556255341,0.17167499661445618,73686142
2025-11-13T00:00:00.000000Z,0.17167699337005615,0.17965200543403625,0.16327400505542755,0.16813699901103973,94051544
2025-11-14T00:00:00.000000Z,0.16813500225543976,0.16813600063323975,0.15805000066757202,0.16081899404525757,90977064
2025-11-15T00:00:00.000000Z,0.16081899404525757,0.16736100614070892,0.16078600287437439,0.16346900165081024,61679497
2025-11-16T00:00:00.000000Z,0.16346900165081024,0.16620799899101257,0.15575100481510162,0.1589830070734024,73314496
2025-11-17T00:00:00.000000Z,0.15898500382900238,0.16229499876499176,0.15052099525928497,0.15234200656414032,82522716
2025-11-18T00:00:00.000000Z,0.1523440033197403,0.16027499735355377,0.15070900321006775,0.1568479984998703,75347152
2025-11-19T00:00:00.000000Z,0.15684999525547028,0.1584009975194931,0.1456419974565506,0.15196199715137482,72917644
2025-11-20T00:00:00.000000Z,0.15196399390697479,0.15526799857616425,0.14207600057125092,0.14406099915504456,70463871
2025-11-21T00:00:00.000000Z,0.14407500624656677,0.14577400684356689,0.13181599974632263,0.13674899935722351,101105773
2025-11-22T00:00:00.000000Z,0.13675899803638458,0.13828599452972412,0.13277600705623627,0.1356939971446991,44814871
2025-11-23T00:00:00.000000Z,0.1356939971446991,0.14595900475978851,0.13524200022220612,0.14364400506019592,51053812
2025-11-24T00:00:00.000000Z,0.14365500211715698,0.14711600542068481,0.13923999667167664,0.14367100596427917,64009925
2025-11-25T00:00:00.000000Z,0.14367100596427917,0.1473429948091507,0.14013800024986267,0.14637599885463715,53534086
2025-11-26T00:00:00.000000Z,0.14637599885463715,0.14825299382209778,0.1416810005903244,0.14628399908542633,50693911
2025-11-27T00:00:00.000000Z,0.14629699289798737,0.14743000268936157,0.14407500624656677,0.14435000717639923,35448866
2025-11-28T00:00:00.000000Z,0.14435000717639923,0.14714799821376801,0.14181500673294067,0.14345300197601318,39353103
2025-11-29T00:00:00.000000Z,0.14345300197601318,0.14393199980258942,0.13895800709724426,0.13965299725532532,28608017
2025-11-30T00:00:00.000000Z,0.13965299725532532,0.14093999564647675,0.1369750052690506,0.1369750052690506,29198676
2025-12-01T00:00:00.000000Z,0.1369750052690506,0.13697899878025055,0.12873399257659912,0.13045699894428253,63642976
2025-12-02T00:00:00.000000Z,0.13045600056648254,0.1403450071811676,0.12869499623775482,0.13885800540447235,51316139
2025-12-03T00:00:00.000000Z,0.13885800540447235,0.1444849967956543,0.13730700314044952,0.14384399354457855,47472490
2025-12-04T00:00:00.000000Z,0.14384199678897858,0.14402300119400024,0.13741199672222137,0.13857699930667877,39187539
2025-12-05T00:00:00.000000Z,0.13857699930667877,0.13965299725532532,0.13096800446510315,0.13287700712680817,48015106
2025-12-06T00:00:00.000000Z,0.13287700712680817,0.13528600335121155,0.13205899298191071,0.13367600739002228,33560036
2025-12-07T00:00:00.000000Z,0.13367600739002228,0.13645799458026886,0.13036400079727173,0.13279800117015839,37168201
2025-12-08T00:00:00.000000Z,0.13279999792575836,0.1361750066280365,0.13251300156116486,0.1335110068321228,35971749
2025-12-09T00:00:00.000000Z,0.1335110068321228,0.14176499843597412,0.1319659948348999,0.13820399343967438,43703046
2025-12-10T00:00:00.000000Z,0.1382019966840744,0.14174099266529083,0.13485999405384064,0.13519899547100067,51685210
2025-12-11T00:00:00.000000Z,0.13519799709320068,0.13527199625968933,0.12694500386714935,0.12994000315666199,54347516
2025-12-12T00:00:00.000000Z,0.12993800640106201,0.1310960054397583,0.12188400328159332,0.12293799966573715,52921412
2025-12-13T00:00:00.000000Z,0.12293799966573715,0.12318500131368637,0.12080900371074677,0.12203100323677063,32003782
2025-12-14T00:00:00.000000Z,0.12203100323677063,0.12346500158309937,0.11832799762487411,0.11899899691343307,36939302
2025-12-15T00:00:00.000000Z,0.11899899691343307,0.12180099636316299,0.11181399971246719,0.1154709979891777,51615111
2025-12-16T00:00:00.000000Z,0.1154709979891777,0.11804100126028061,0.11320699751377106,0.11686199903488159,40502051
2025-12-17T00:00:00.000000Z,0.11686000227928162,0.1186629980802536,0.11074800044298172,0.11135900020599365,40713203
2025-12-18T00:00:00.000000Z,0.11136200278997421,0.11437799781560898,0.10529900342226028,0.107294000685215,52842098
2025-12-19T00:00:00.000000Z,0.107294000685215,0.11570899933576584,0.10663200169801712,0.11478299647569656,43226603
2025-12-20T00:00:00.000000Z,0.11478299647569656,0.11505100131034851,0.11314599961042404,0.11479800194501877,21537748
2025-12-21T00:00:00.000000Z,0.11479800194501877,0.11501599848270416,0.11040700227022171,0.11144699901342392,26128107
2025-12-22T00:00:00.000000Z,0.11144699901342392,0.11341600120067596,0.11060500144958496,0.11179500073194504,45282781
2025-12-23T00:00:00.000000Z,0.11179500073194504,0.11402200162410736,0.1088239997625351,0.11366499960422516,36405050
2025-12-24T00:00:00.000000Z,0.11367099732160568,0.11447600275278091,0.11036200076341629,0.11296399682760239,31306169
2025-12-25T00:00:00.000000Z,0.11296399682760239,0.11880200356245041,0.11250799894332886,0.11442500352859497,31943732
2025-12-26T00:00:00.000000Z,0.11442899703979492,0.12024000287055969,0.11423800140619278,0.11814100295305252,38093590
2025-12-27T00:00:00.000000Z,0.11814100295305252,0.12010499835014343,0.11607799679040909,0.11994999647140503,20830549
2025-12-28T00:00:00.000000Z,0.11994899809360504,0.12154100090265274,0.11835599690675735,0.11979100108146667,23500540
2025-12-29T00:00:00.000000Z,0.11979100108146667,0.12179599702358246,0.11652400344610214,0.11723499745130539,33962103
2025-12-30T00:00:00.000000Z,0.11723499745130539,0.11792799830436707,0.11394300311803818,0.11477699875831604,31152991
2025-12-31T00:00:00.000000Z,0.11477699875831604,0.11490699648857117,0.10975500196218491,0.11027199774980545,31342482
2026-01-01T00:00:00.000000Z,0.11027199774980545,0.12118200212717056,0.10927599668502808,0.12000799924135208,37154313
2026-01-02T00:00:00.000000Z,0.12000799924135208,0.12739799916744232,0.11927200108766556,0.12733300030231476,45333262
2026-01-03T00:00:00.000000Z,0.12733300030231476,0.12964600324630737,0.12450099736452103,0.12786799669265747,37218863
2026-01-04T00:00:00.000000Z,0.12786799669265747,0.13793599605560303,0.12786799669265747,0.13582900166511536,54044872
2026-01-05T00:00:00.000000Z,0.13582800328731537,0.14089800417423248,0.1339460015296936,0.13961300253868103,58459033
2026-01-06T00:00:00.000000Z,0.13961300253868103,0.14539200067520142,0.13632400333881378,0.14238500595092773,72170176
2026-01-07T00:00:00.000000Z,0.14238299429416656,0.14275500178337097,0.13475300371646881,0.13618700206279755,45623698
2026-01-08T00:00:00.000000Z,0.13618899881839752,0.13673600554466248,0.1296830028295517,0.13438299298286438,51086299
2026-01-09T00:00:00.000000Z,0.13438199460506439,0.13776999711990356,0.13207800686359406,0.13308000564575195,44292969
2026-01-10T00:00:00.000000Z,0.13308000564575195,0.13510499894618988,0.13073499500751495,0.13363200426101685,22107169
2026-01-11T00:00:00.000000Z,0.13363200426101685,0.13576999306678772,0.13091200590133667,0.13207300007343292,24194582
2026-01-12T00:00:00.000000Z,0.13207300007343292,0.13469700515270233,0.12831300497055054,0.12894000113010406,38588522
2026-01-13T00:00:00.000000Z,0.12894000113010406,0.1405320018529892,0.12886099517345428,0.13841100037097931,52375339
2026-01-14T00:00:00.000000Z,0.13841100037097931,0.14042599499225616,0.13534699380397797,0.13658599555492401,50685870
2026-01-15T00:00:00.000000Z,0.13658599555492401,0.13678300380706787,0.12655700743198395,0.12801000475883484,38647135
2026-01-16T00:00:00.000000Z,0.12801000475883484,0.13169799745082855,0.12464000284671783,0.13027499616146088,33993483
2026-01-17T00:00:00.000000Z,0.13027800619602203,0.13457700610160828,0.13010300695896149,0.13136300444602966,36708736
2026-01-18T00:00:00.000000Z,0.13136300444602966,0.13213500380516052,0.12285999953746796,0.12286199629306793,29744992
2026-01-19T00:00:00.000000Z,0.1228640004992485,0.1228640004992485,0.11699400097131729,0.12080900371074677,49201109
2026-01-20T00:00:00.000000Z,0.12080900371074677,0.12085200101137161,0.11410900205373764,0.11426900327205658,46307113
2026-01-21T00:00:00.000000Z,0.11426900327205658,0.12195900082588196,0.11422800272703171,0.11748600006103516,50713010
2026-01-22T00:00:00.000000Z,0.11748600006103516,0.12011700123548508,0.1156729981303215,0.11845000088214874,32610308
2026-01-23T00:00:00.000000Z,0.11845000088214874,0.12321700155735016,0.11844799667596817,0.12003999948501587,40559691
2026-01-24T00:00:00.000000Z,0.12003999948501587,0.12072400003671646,0.11781100183725357,0.11838000267744064,23789525
2026-01-25T00:00:00.000000Z,0.11837200075387955,0.11900799721479416,0.11242900043725967,0.11452499777078629,36414793
2026-01-26T00:00:00.000000Z,0.11452499777078629,0.12560099363327026,0.11439099907875061,0.12206999957561493,71427401
2026-01-27T00:00:00.000000Z,0.12206800282001495,0.12285099923610687,0.11872699856758118,0.12187899649143219,38771724
2026-01-28T00:00:00.000000Z,0.12187899649143219,0.12490600347518921,0.11939799785614014,0.124890998005867,39708520
2026-01-29T00:00:00.000000Z,0.12490200251340866,0.12629100680351257,0.11248400062322617,0.11428499966859818,62233745
2026-01-30T00:00:00.000000Z,0.11428499966859818,0.11527200043201447,0.10964400321245193,0.11183299869298935,59103587
2026-01-31T00:00:00.000000Z,0.11183299869298935,0.11250600218772888,0.097736001014709473,0.10371699929237366,88109893
2026-02-01T00:00:00.000000Z,0.10371500253677368,0.10543999820947647,0.09889499843120575,0.10050799697637558,49777212
2026-02-02T00:00:00.000000Z,0.10050799697637558,0.1074879989027977,0.098442003130912781,0.10476099699735641,59391378
2026-02-03T00:00:00.000000Z,0.10476099699735641,0.10996799916028976,0.10079599916934967,0.10587400197982788,57892779
2026-02-04T00:00:00.000000Z,0.10588099807500839,0.10958699882030487,0.10131700336933136,0.10292699933052063,55594606
2026-02-05T00:00:00.000000Z,0.10292699933052063,0.10359100252389908,0.088102996349334717,0.088280998170375824,98105034
2026-02-06T00:00:00.000000Z,0.088262997567653656,0.10205899924039841,0.082180000841617584,0.098815001547336578,90886386
2026-02-07T00:00:00.000000Z,0.098815001547336578,0.10013700276613235,0.094857998192310333,0.097686998546123505,51622739
2026-02-08T00:00:00.000000Z,0.097686998546123505,0.099031001329421997,0.095757000148296356,0.096924997866153717,30571657
2026-02-09T00:00:00.000000Z,0.096924997866153717,0.097177997231483459,0.093010000884532928,0.095891997218132019,34444062
2026-02-10T00:00:00.000000Z,0.095891997218132019,0.096073001623153687,0.090729996562004089,0.091609999537467957,34088285
2026-02-11T00:00:00.000000Z,0.091611996293067932,0.092260003089904785,0.088436000049114227,0.088885001838207245,40161608
2026-02-12T00:00:00.000000Z,0.08888699859380722,0.093074999749660492,0.08888699859380722,0.091753996908664703,31842585
2026-02-13T00:00:00.000000Z,0.091753996908664703,0.094961002469062805,0.089750997722148895,0.09401799738407135,28492227
2026-02-14T00:00:00.000000Z,0.09401799738407135,0.10079900175333023,0.093860998749732971,0.099676996469497681,32403316
2026-02-15T00:00:00.000000Z,0.099676996469497681,0.10040300339460373,0.094437003135681152,0.095810003578662872,34440493
2026-02-16T00:00:00.000000Z,0.095810003578662872,0.097010999917984009,0.093363001942634583,0.094562999904155731,29762314
2026-02-17T00:00:00.000000Z,0.094562999904155731,0.095207996666431427,0.092803999781608582,0.09303399920463562,27274065
2026-02-18T00:00:00.000000Z,0.09303399920463562,0.094236999750137329,0.090319998562335968,0.090905003249645233,25019607
2026-02-19T00:00:00.000000Z,0.090905003249645233,0.091729000210762024,0.087348997592926025,0.088996998965740204,32479006
2026-02-20T00:00:00.000000Z,0.088996998965740204,0.09125799685716629,0.087904997169971466,0.090478003025054932,33937053
2026-02-21T00:00:00.000000Z,0.090478003025054932,0.091182999312877655,0.089629001915454865,0.089757002890110016,22982638
2026-02-22T00:00:00.000000Z,0.089757002890110016,0.089757002890110016,0.086080998182296753,0.086809001863002777,18245846
2026-02-23T00:00:00.000000Z,0.086809001863002777,0.087172999978065491,0.082964003086090088,0.083864003419876099,32329654
2026-02-24T00:00:00.000000Z,0.083861999213695526,0.084642000496387482,0.082815997302532196,0.083563998341560364,25185098
2026-02-25T00:00:00.000000Z,0.083562001585960388,0.094719000160694122,0.083494000136852264,0.090898998081684113,39371573
2026-02-26T00:00:00.000000Z,0.090902000665664673,0.091696001589298248,0.087178997695446014,0.088073000311851501,35015282
2026-02-27T00:00:00.000000Z,0.088067002594470978,0.090126998722553253,0.085547000169754028,0.08654099702835083,27922649
2026-02-28T00:00:00.000000Z,0.08654099702835083,0.088164001703262329,0.08195900171995163,0.087944000959396362,34852412
2026-03-01T00:00:00.000000Z,0.08794199675321579,0.090015001595020294,0.08411099761724472,0.085661999881267548,30119826
2026-03-02T00:00:00.000000Z,0.085661999881267548,0.089893996715545654,0.085395000874996185,0.08795899897813797,35739063
2026-03-03T00:00:00.000000Z,0.08795899897813797,0.088062003254890442,0.08497299998998642,0.086191996932029724,33942370
2026-03-04T00:00:00.000000Z,0.086191996932029724,0.090746000409126282,0.085155002772808075,0.088890001177787781,37939700
2026-03-05T00:00:00.000000Z,0.088890001177787781,0.089468002319335938,0.086231999099254608,0.087251000106334686,28741170
2026-03-06T00:00:00.000000Z,0.087249003350734711,0.087838999927043915,0.083490997552871704,0.084412001073360443,33151005
2026-03-07T00:00:00.000000Z,0.084412001073360443,0.08495599776506424,0.082755997776985168,0.083048000931739807,24959981
2026-03-08T00:00:00.000000Z,0.083048000931739807,0.083587996661663055,0.081254996359348297,0.081831000745296478,32024412
2026-03-09T00:00:00.000000Z,0.081831000745296478,0.084545999765396118,0.081702001392841339,0.083198003470897675,46500921
2026-03-10T00:00:00.000000Z,0.083198003470897675,0.089249998331069946,0.08319699764251709,0.085369996726512909,44816442
2026-03-11T00:00:00.000000Z,0.085369996726512909,0.087379999458789825,0.084417000412940979,0.086158998310565948,30989523
2026-03-12T00:00:00.000000Z,0.086158998310565948,0.089079000055789948,0.084974996745586395,0.0890360027551651,33550484
2026-03-13T00:00:00.000000Z,0.0890360027551651,0.096749000251293182,0.0890360027551651,0.09400399774312973,65901356
2026-03-14T00:00:00.000000Z,0.09400399774312973,0.096314996480941772,0.089815996587276459,0.090975001454353333,35089960
2026-03-15T00:00:00.000000Z,0.090975001454353333,0.09306800365447998,0.089396998286247253,0.09246700257062912,33387027
2026-03-16T00:00:00.000000Z,0.09246700257062912,0.097856000065803528,0.091857999563217163,0.097249999642372131,45225783
2026-03-17T00:00:00.000000Z,0.097249999642372131,0.097552001476287842,0.09409700334072113,0.094765998423099518,40202617
2026-03-18T00:00:00.000000Z,0.094765998423099518,0.096431002020835876,0.089530996978282928,0.09015200287103653,40567463
2026-03-19T00:00:00.000000Z,0.090162999927997589,0.091186001896858215,0.086893998086452484,0.089080996811389923,32822395
2026-03-20T00:00:00.000000Z,0.089083001017570496,0.091599002480506897,0.088953003287315369,0.089896000921726227,28718169
2026-03-21T00:00:00.000000Z,0.089892998337745667,0.090411998331546783,0.086814001202583313,0.086837999522686005,15706761
2026-03-22T00:00:00.000000Z,0.086837999522686005,0.08767399936914444,0.084848001599311829,0.085566997528076172,27084140
2026-03-23T00:00:00.000000Z,0.08556000143289566,0.088843002915382385,0.084592998027801514,0.087430998682975769,33235590
2026-03-24T00:00:00.000000Z,0.087430998682975769,0.088532000780105591,0.085551999509334564,0.087240003049373627,31128508
2026-03-25T00:00:00.000000Z,0.087240003049373627,0.08857399970293045,0.086345002055168152,0.087458997964859009,23273875
2026-03-26T00:00:00.000000Z,0.087458997964859009,0.088719002902507782,0.083440996706485748,0.084025003015995026,28167004
2026-03-27T00:00:00.000000Z,0.084025003015995026,0.084210000932216644,0.080893002450466156,0.081326000392436981,22918789
2026-03-28T00:00:00.000000Z,0.081326000392436981,0.083122998476028442,0.080963999032974243,0.081565998494625092,21115449
2026-03-29T00:00:00.000000Z,0.081565998494625092,0.082330003380775452,0.079999998211860657,0.081017002463340759,20467682
2026-03-30T00:00:00.000000Z,0.081013999879360199,0.084026001393795013,0.081013999879360199,0.082149997353553772,19190951
2026-03-31T00:00:00.000000Z,0.082149997353553772,0.094053998589515686,0.082019999623298645,0.09405200183391571,80205376
2026-04-01T00:00:00.000000Z,0.094054996967315674,0.10990999639034271,0.093703001737594604,0.10237699747085571,167449553
2026-04-02T00:00:00.000000Z,0.10237199813127518,0.10990499705076218,0.098220996558666229,0.10624399781227112,125122035
2026-04-03T00:00:00.000000Z,0.10624399781227112,0.12598599493503571,0.10621900111436844,0.12299799919128418,213607360
2026-04-04T00:00:00.000000Z,0.12299799919128418,0.12634199857711792,0.11825200170278549,0.12033200263977051,115127447
2026-04-05T00:00:00.000000Z,0.12035199999809265,0.12481400370597839,0.11444500088691711,0.12135600298643112,88353696
2026-04-06T00:00:00.000000Z,0.12136100232601166,0.12637899816036224,0.11875499784946442,0.11895100027322769,84642568
2026-04-07T00:00:00.000000Z,0.11894500255584717,0.11997999995946884,0.11087299883365631,0.11752700060606003,89268863
2026-04-08T00:00:00.000000Z,0.11753000319004059,0.12405599653720856,0.11406700313091278,0.11416900157928467,78481281
2026-04-09T00:00:00.000000Z,0.11416400223970413,0.11569199711084366,0.10934899747371674,0.11204800009727478,74480935
2026-04-10T00:00:00.000000Z,0.11205100268125534,0.11301600188016891,0.10928600281476974,0.11005900055170059,44377512
2026-04-11T00:00:00.000000Z,0.11005699634552002,0.11034200340509415,0.10602500289678574,0.10829900205135345,35748944
2026-04-12T00:00:00.000000Z,0.10829900205135345,0.10852900147438049,0.10167299956083298,0.10194599628448486,33419031
2026-04-13T00:00:00.000000Z,0.10194599628448486,0.10927300155162811,0.1007469967007637,0.10923899710178375,40193533
2026-04-14T00:00:00.000000Z,0.10924100130796432,0.11426500231027603,0.10663300007581711,0.10778799653053284,64185622
2026-04-15T00:00:00.000000Z,0.10778799653053284,0.11440099775791168,0.10778100043535233,0.11267500370740891,48797883
2026-04-16T00:00:00.000000Z,0.11267500370740891,0.11735799908638,0.11091600358486176,0.11586400121450424,49816408
2026-04-17T00:00:00.000000Z,0.11584500223398209,0.11762499809265137,0.11065299808979034,0.11101700365543365,56700420
2026-04-18T00:00:00.000000Z,0.11101999878883362,0.1119379997253418,0.1067809984087944,0.1067809984087944,38761030
2026-04-19T00:00:00.000000Z,0.10677699744701385,0.10677699744701385,0.10160099714994431,0.10160099714994431,30073655
2026-04-20T00:00:00.000000Z,0.10160099714994431,0.10538599640130997,0.10138700157403946,0.10345800220966339,34555932
2026-04-21T00:00:00.000000Z,0.10345900058746338,0.10526999831199646,0.10159599781036377,0.10322999954223633,30352706
2026-04-22T00:00:00.000000Z,0.10323300212621689,0.10652600228786469,0.10254699736833572,0.103131003677845,29075648
2026-04-23T00:00:00.000000Z,0.10312899947166443,0.10492199659347534,0.10085800290107727,0.10473600029945374,33333052
2026-04-24T00:00:00.000000Z,0.10473600029945374,0.11014200001955032,0.1045290008187294,0.10988999903202057,43842170
2026-04-25T00:00:00.000000Z,0.10988499969244003,0.11805400252342224,0.1087770015001297,0.11534500122070312,71592485
2026-04-26T00:00:00.000000Z,0.11534299701452255,0.12109799683094025,0.1137159988284111,0.12002400308847427,55723611
2026-04-27T00:00:00.000000Z,0.12002400308847427,0.12094199657440186,0.11477600038051605,0.11682300269603729,52012371
2026-04-28T00:00:00.000000Z,0.11682300269603729,0.11708100140094757,0.11101800203323364,0.11188499629497528,40327590
2026-04-29T00:00:00.000000Z,0.11188499629497528,0.11401499807834625,0.10864800214767456,0.11032199859619141,38317896
2026-04-30T00:00:00.000000Z,0.11032500118017197,0.1118369996547699,0.11001099646091461,0.11012300103902817,25378408
2026-05-01T00:00:00.000000Z,0.11012300103902817,0.11060000211000443,0.1073950007557869,0.10856399685144424,30377527
2026-05-02T00:00:00.000000Z,0.10856399685144424,0.11307500302791595,0.10579899698495865,0.11280299723148346,40464853
2026-05-03T00:00:00.000000Z,0.11280100047588348,0.11864600330591202,0.11102300137281418,0.11327999830245972,66121630
2026-05-04T00:00:00.000000Z,0.11327999830245972,0.11614499986171722,0.11175300180912018,0.11175300180912018,41234419
2026-05-05T00:00:00.000000Z,0.11175300180912018,0.12189199775457382,0.1116970032453537,0.12003099918365479,71905507
2026-05-06T00:00:00.000000Z,0.12003099918365479,0.12428499758243561,0.11796899884939194,0.1195250004529953,50190646
2026-05-07T00:00:00.000000Z,0.11955799907445908,0.13070200383663177,0.1189740002155304,0.12833000719547272,87866200
2026-05-08T00:00:00.000000Z,0.12833000719547272,0.13658200204372406,0.12528200447559357,0.13335500657558441,68243778
2026-05-09T00:00:00.000000Z,0.13335500657558441,0.13370199501514435,0.12868699431419373,0.12870599329471588,39852753
2026-05-10T00:00:00.000000Z,0.12870800495147705,0.13093400001525879,0.12583500146865845,0.12908999621868134,45418728
2026-05-11T00:00:00.000000Z,0.12909199297428131,0.12913499772548676,0.1218160018324852,0.12305399775505066,45746721
2026-05-12T00:00:00.000000Z,0.12305399775505066,0.12724900245666504,0.12011100351810455,0.1221110001206398,49401315
2026-05-13T00:00:00.000000Z,0.1221110001206398,0.12479300051927567,0.11634600162506104,0.11800000071525574,37581036
2026-05-14T00:00:00.000000Z,0.11800000071525574,0.12165000289678574,0.11651600152254105,0.11861199885606766,33229718
2026-05-15T00:00:00.000000Z,0.11861199885606766,0.11981000006198883,0.11169599741697311,0.11321800202131271,32414266
2026-05-16T00:00:00.000000Z,0.11321800202131271,0.11441700160503387,0.10954800248146057,0.11023399978876114,25471499
2026-05-17T00:00:00.000000Z,0.11023399978876114,0.11099699884653091,0.10651300102472305,0.10762099921703339,22163243
2026-05-18T00:00:00.000000Z,0.10761799663305283,0.10931400209665298,0.10523200035095215,0.10879000276327133,29967953
2026-05-19T00:00:00.000000Z,0.10879000276327133,0.11469899863004684,0.10689999908208847,0.11258900165557861,50863747
2026-05-20T00:00:00.000000Z,0.11258699744939804,0.1193929985165596,0.11215999722480774,0.1174980029463768,55750602
2026-05-21T00:00:00.000000Z,0.11749599874019623,0.11884599924087524,0.11392900347709656,0.11459299921989441,35655065
2026-05-22T00:00:00.000000Z,0.11459299921989441,0.11950500309467316,0.11140400171279907,0.11156299710273743,42649913
2026-05-23T00:00:00.000000Z,0.11156100034713745,0.11634399741888046,0.10898400098085403,0.1146949976682663,31488073
2026-05-24T00:00:00.000000Z,0.11468999832868576,0.11470499634742737,0.10995200276374817,0.11163199692964554,24151853
2026-05-25T00:00:00.000000Z,0.11163199692964554,0.11597800254821777,0.11140699684619904,0.11259700357913971,31528548
2026-05-26T00:00:00.000000Z,0.11259700357913971,0.11373600363731384,0.10826099663972855,0.10845399647951126,29012781
2026-05-27T00:00:00.000000Z,0.10845399647951126,0.10959900170564651,0.10575100034475327,0.10635700076818466,29198775
2026-05-28T00:00:00.000000Z,0.10635700076818466,0.11534199863672256,0.1030919998884201,0.11529599875211716,57945766
2026-05-29T00:00:00.000000Z,0.1153080016374588,0.12279900163412094,0.11127199977636337,0.12259799987077713,110175833
2026-05-30T00:00:00.000000Z,0.12259799987077713,0.13898299634456635,0.12247899919748306,0.12400200217962265,147602068
2026-05-31T00:00:00.000000Z,0.12400200217962265,0.13277299702167511,0.1235010027885437,0.12722000479698181,69190874
2026-06-01T00:00:00.000000Z,0.12722000479698181,0.12745200097560883,0.11699800193309784,0.11987400054931641,59287869
2026-06-02T00:00:00.000000Z,0.11987400054931641,0.12296299636363983,0.11079400032758713,0.11224199831485748,62665878
2026-06-03T00:00:00.000000Z,0.11224199831485748,0.11416500061750412,0.10526800155639648,0.10638400167226791,56904013
2026-06-04T00:00:00.000000Z,0.10638400167226791,0.10671000182628632,0.09948199987411499,0.10021399706602097,65418225
2026-06-05T00:00:00.000000Z,0.10021600127220154,0.10125400125980377,0.088334999978542328,0.093117997050285339,73628345
2026-06-06T00:00:00.000000Z,0.093117997050285339,0.095224000513553619,0.088522002100944519,0.092205002903938293,36793564
2026-06-07T00:00:00.000000Z,0.092193998396396637,0.097028002142906189,0.090696997940540314,0.094265997409820557,36645553
2026-06-08T00:00:00.000000Z,0.094265997409820557,0.095802001655101776,0.091834999620914459,0.09207800030708313,33743710
2026-06-09T00:00:00.000000Z,0.09207800030708313,0.093129999935626984,0.088544003665447235,0.091191001236438751,36367110
2026-06-10T00:00:00.000000Z,0.091191001236438751,0.092471003532409668,0.086537003517150879,0.086791001260280609,31587155
2026-06-11T00:00:00.000000Z,0.086791001260280609,0.089948996901512146,0.086410000920295715,0.08863300085067749,42980499
2026-06-12T00:00:00.000000Z,0.08863300085067749,0.089482001960277557,0.086754001677036285,0.087058998644351959,33358334
2026-06-13T00:00:00.000000Z,0.087058998644351959,0.090309001505374908,0.086641997098922729,0.089671999216079712,28924957
2026-06-14T00:00:00.000000Z,0.089670002460479736,0.093641996383666992,0.089405998587608337,0.092468000948429108,49986597
2026-06-15T00:00:00.000000Z,0.092468000948429108,0.099149003624916077,0.091912001371383667,0.095155000686645508,48176090
2026-06-16T00:00:00.000000Z,0.095156997442245483,0.096808001399040222,0.092897996306419373,0.094504997134208679,28354808
2026-06-17T00:00:00.000000Z,0.094504997134208679,0.10010799765586853,0.094493001699447632,0.098930999636650085,48472812
2026-06-18T00:00:00.000000Z,0.098927997052669525,0.10359500348567963,0.095642998814582825,0.096226997673511505,53231868
2026-06-19T00:00:00.000000Z,0.096226997673511505,0.097197003662586212,0.090487003326416016,0.095443002879619598,32556340
2026-06-20T00:00:00.000000Z,0.095443002879619598,0.09568999707698822,0.092128999531269073,0.093593001365661621,21017084
2026-06-21T00:00:00.000000Z,0.093593001365661621,0.094485998153686523,0.089070998132228851,0.089253000915050507,22472428
2026-06-22T00:00:00.000000Z,0.089248999953269958,0.093073002994060516,0.088840000331401825,0.089431002736091614,29455675
2026-06-23T00:00:00.000000Z,0.089431002736091614,0.096261002123355865,0.088639996945858002,0.09436500072479248,59456613
2026-06-24T00:00:00.000000Z,0.09436500072479248,0.096139997243881226,0.085662998259067535,0.08972100168466568,51964438
2026-06-25T00:00:00.000000Z,0.08972100168466568,0.090441003441810608,0.083723001182079315,0.084856003522872925,36487186
2026-06-26T00:00:00.000000Z,0.084856003522872925,0.085051998496055603,0.081410996615886688,0.082934997975826263,38225650
2026-06-27T00:00:00.000000Z,0.082934997975826263,0.087784998118877411,0.082736998796463013,0.085831999778747559,30387235
2026-06-28T00:00:00.000000Z,0.085831999778747559,0.088996000587940216,0.085831999778747559,0.087567999958992004,25743540
2026-06-29T00:00:00.000000Z,0.087567999958992004,0.08995799720287323,0.084733001887798309,0.085501998662948608,34183913
2026-06-30T00:00:00.000000Z,0.085501998662948608,0.086441002786159515,0.081536002457141876,0.082817003130912781,31733835
2026-07-01T00:00:00.000000Z,0.082817003130912781,0.086902998387813568,0.081740997731685638,0.084337003529071808,30321146
2026-07-02T00:00:00.000000Z,0.084337003529071808,0.087707996368408203,0.084187999367713928,0.086480997502803802,29594523
2026-07-03T00:00:00.000000Z,0.086480997502803802,0.090466998517513275,0.086425997316837311,0.089351996779441833,27892266
2026-07-04T00:00:00.000000Z,0.089350000023841858,0.092076003551483154,0.088468998670578003,0.090562999248504639,25091514
2026-07-05T00:00:00.000000Z,0.090562999248504639,0.091969996690750122,0.08900199830532074,0.090935997664928436,21048570
2026-07-06T00:00:00.000000Z,0.090935997664928436,0.090948000550270081,0.086600996553897858,0.088411003351211548,25177614
2026-07-07T00:00:00.000000Z,0.088411003351211548,0.088448002934455872,0.085690997540950775,0.086046002805233002,22989360
2026-07-08T00:00:00.000000Z,0.086046002805233002,0.086994998157024384,0.083714000880718231,0.084596000611782074,28403161
2026-07-09T00:00:00.000000Z,0.084595002233982086,0.086113996803760529,0.084481999278068542,0.084647998213768005,22988338
2026-07-10T00:00:00.000000Z,0.084646999835968018,0.087263002991676331,0.083633996546268463,0.085625000298023224,25324840
2026-07-11T00:00:00.000000Z,0.085625000298023224,0.087268002331256866,0.084342002868652344,0.084343999624252319,17431000
2026-07-12T00:00:00.000000Z,0.084343999624252319,0.084501996636390686,0.083006002008914948,0.083472996950149536,14993988
2026-07-13T00:00:00.000000Z,0.083472996950149536,0.084453999996185303,0.081961996853351593,0.083403997123241425,19859260
2026-07-14T00:00:00.000000Z,0.083403997123241425,0.085686996579170227,0.083089999854564667,0.084657996892929077,18668601
2026-07-15T00:00:00.000000Z,0.08466300368309021,0.085941001772880554,0.084046997129917145,0.085092999041080475,18478124
2026-07-16T00:00:00.000000Z,0.085092999041080475,0.085537001490592957,0.082157999277114868,0.082280002534389496,23085779
2026-07-17T00:00:00.000000Z,0.082280002534389496,0.083328001201152802,0.081505998969078064,0.082714997231960297,21754105
2026-07-18T00:00:00.000000Z,0.082714997231960297,0.083553001284599304,0.081855997443199158,0.08310999721288681,13993291
2026-07-19T00:00:00.000000Z,0.08310999721288681,0.083219997584819794,0.08179599791765213,0.082803003489971161,14144051
2026-07-20T00:00:00.000000Z,0.082801997661590576,0.083566002547740936,0.081742003560066223,0.083233997225761414,18904099
2026-07-21T00:00:00.000000Z,0.083233997225761414,0.085138998925685883,0.083057001233100891,0.084472998976707458,20892364
2026-07-22T00:00:00.000000Z,0.084472998976707458,0.08497299998998642,0.083097003400325775,0.084296002984046936,16318969
2026-07-23T00:00:00.000000Z,0.084296002984046936,0.084729999303817749,0.081775002181529999,0.083160996437072754,18356783
2026-07-24T00:00:00.000000Z,0.083160996437072754,0.087292999029159546,0.081690996885299683,0.085850998759269714,26691680
2026-07-25T00:00:00.000000Z,0.085854999721050262,0.08810800313949585,0.083746001124382019,0.084100998938083649,20198403
2026-07-26T00:00:00.000000Z,0.084100998938083649,0.085162997245788574,0.083862997591495514,0.084770999848842621,13221485
2026-07-27T00:00:00.000000Z,0.084771998226642609,0.084799997508525848,0.079939998686313629,0.079998999834060669,21064690
2026-07-28T00:00:00.000000Z,0.079998999834060669,0.081385001540184021,0.078679002821445465,0.079905003309249878,22196597
2026-07-29T00:00:00.000000Z,0.079906001687049866,0.080357000231742859,0.07576800137758255,0.077265001833438873,20046222
2026-07-30T00:00:00.000000Z,0.077266000211238861,0.07960200309753418,0.076861999928951263,0.078964002430438995,13217768
2026-07-31T00:00:00.000000Z,0.078964002430438995,0.080747000873088837,0.077849000692367554,0.07876800000667572,16270896
2026-08-01T00:00:00.000000Z,0.07876800000667572,0.080482997000217438,0.078088998794555664,0.079003997147083282,11955981
2026-08-02T00:00:00.000000Z,0.079003997147083282,0.086755998432636261,0.078622996807098389,0.08596000075340271,26945564
2026-08-03T00:00:00.000000Z,0.08596000075340271,0.092837996780872345,0.083590000867843628,0.090189002454280853,42328174
2026-08-04T00:00:00.000000Z,0.090190999209880829,0.091558001935482025,0.088757999241352081,0.089399002492427826,27755309
2026-08-05T00:00:00.000000Z,0.089399002492427826,0.090770997107028961,0.087995998561382294,0.088180996477603912,19487557
2026-08-06T00:00:00.000000Z,0.088180996477603912,0.090576000511646271,0.086769998073577881,0.087252996861934662,18778257
2026-08-07T00:00:00.000000Z,0.087251998484134674,0.09072200208902359,0.087237998843193054,0.088894002139568329,18927500
2026-08-08T00:00:00.000000Z,0.088894002139568329,0.089524000883102417,0.086791001260280609,0.087480999529361725,11872526
2026-08-09T00:00:00.000000Z,0.087479002773761749,0.087563998997211456,0.082299999892711639,0.082339003682136536,21348493
2026-08-10T00:00:00.000000Z,0.082374997437000275,0.083637997508049011,0.081473998725414276,0.082378998398780823,23781191
2026-08-11T00:00:00.000000Z,0.082374997437000275,0.082919999957084656,0.079567998647689819,0.080890998244285583,19303903
2026-08-12T00:00:00.000000Z,0.080890998244285583,0.081566996872425079,0.078615002334117889,0.078937001526355743,15271031
2026-08-13T00:00:00.000000Z,0.078937999904155731,0.080274000763893127,0.078117996454238892,0.078754998743534088,14073283
2026-08-14T00:00:00.000000Z,0.078754998743534088,0.080614000558853149,0.078126996755599976,0.079384997487068176,13094589
2026-08-15T00:00:00.000000Z,0.079386003315448761,0.080132998526096344,0.078924998641014099,0.079432003200054169,8049084
2026-08-16T00:00:00.000000Z,0.079432003200054169,0.079690001904964447,0.077846996486186981,0.078322000801563263,9940849
2026-08-17T00:00:00.000000Z,0.078323997557163239,0.079914003610610962,0.078258998692035675,0.078492000699043274,11284192
2026-08-18T00:00:00.000000Z,0.078492000699043274,0.07852499932050705,0.07680799812078476,0.077861003577709198,11573409
2026-08-19T00:00:00.000000Z,0.077861003577709198,0.082818001508712769,0.077652998268604279,0.082099996507167816,23064113
2026-08-20T00:00:00.000000Z,0.082098998129367828,0.088177002966403961,0.08208099752664566,0.088055998086929321,34859526
2026-08-21T00:00:00.000000Z,0.08809400349855423,0.097508996725082397,0.08762899786233902,0.097473002970218658,45715494
2026-08-22T00:00:00.000000Z,0.097471997141838074,0.1046380028128624,0.09152500331401825,0.09246700257062912,65174720
2026-08-23T00:00:00.000000Z,0.09246700257062912,0.094492003321647644,0.088142998516559601,0.094072997570037842,31457482
2026-08-24T00:00:00.000000Z,0.094072997570037842,0.094301998615264893,0.091077998280525208,0.091664999723434448,32147098
2026-08-25T00:00:00.000000Z,0.091666996479034424,0.09508100152015686,0.088267996907234192,0.089124001562595367,32707118
2026-08-26T00:00:00.000000Z,0.089124001562595367,0.0908999964594841,0.087038002908229828,0.090216003358364105,24235021
2026-08-27T00:00:00.000000Z,0.090213000774383545,0.092577002942562103,0.08905000239610672,0.09127499908208847,20079533
2026-08-28T00:00:00.000000Z,0.091274000704288483,0.092178001999855042,0.085776001214981079,0.087136998772621155,19912395
2026-08-29T00:00:00.000000Z,0.087136998772621155,0.088059999048709869,0.08566100150346756,0.087793000042438507,10712985
2026-08-30T00:00:00.000000Z,0.087793000042438507,0.088757000863552094,0.083901003003120422,0.084579996764659882,15404701
2026-08-31T00:00:00.000000Z,0.08457600325345993,0.086263999342918396,0.083731003105640411,0.085496000945568085,14131354
2026-09-02T00:00:00.000000Z,0.088152185082435608,0.09102262556552887,0.087021127343177795,0.090980000793933868,25024296
