timestamp_utc,Open,High,Low,Close,Volume
2022-06-01T00:00:00.000000Z,0.00018600000475998968,0.00018899999849963933,0.00016999999934341758,0.00018400000408291817,41607
2022-06-02T00:00:00.000000Z,0.00018400000408291817,0.00050000002374872565,0.0001720000000204891,0.00047999998787418008,57158
2022-06-03T00:00:00.000000Z,0.00047999998787418008,0.00075000000651925802,0.0003499999875202775,0.00058900000294670463,137551
2022-06-04T00:00:00.000000Z,0.00058900000294670463,0.00061500002630054951,0.00045200000749900937,0.00055699999211356044,155008
2022-06-05T00:00:00.000000Z,0.00055699999211356044,0.00056000001495704055,0.00045500000123865902,0.00049900001613423228,115634
2022-06-06T00:00:00.000000Z,0.00049900001613423228,0.00049900001613423228,0.00025000001187436283,0.00039999998989515007,100250
2022-06-07T00:00:00.000000Z,0.00039999998989515007,0.00044999999227002263,0.0003800000122282654,0.0004400000034365803,90467
2022-06-08T00:00:00.000000Z,0.0004400000034365803,0.00054400000954046845,0.0003800000122282654,0.00049900001613423228,106472
2022-06-09T00:00:00.000000Z,0.00049900001613423228,0.00056000001495704055,0.00041000000783242285,0.00055799999972805381,132960
2022-06-10T00:00:00.000000Z,0.00055799999972805381,0.00056000001495704055,0.00047999998787418008,0.00051899999380111694,132038
2022-06-11T00:00:00.000000Z,0.00051899999380111694,0.00051899999380111694,0.00043499999446794391,0.00048300001071766019,105528
2022-06-12T00:00:00.000000Z,0.00048300001071766019,0.00048499999684281647,0.00041000000783242285,0.00043300000834278762,92017
2022-06-13T00:00:00.000000Z,0.00043300000834278762,0.00048200000310316682,0.00036000000545755029,0.00038700000732205808,97205
2022-06-14T00:00:00.000000Z,0.00038700000732205808,0.00041099998634308577,0.00030000001424923539,0.00031299999682232738,90250
2022-06-15T00:00:00.000000Z,0.00031299999682232738,0.00042999998549930751,0.00031299999682232738,0.00038899999344721437,84682
2022-06-16T00:00:00.000000Z,0.00038899999344721437,0.00042299999040551484,0.00035600000410340726,0.00037100000190548599,83774
2022-06-17T00:00:00.000000Z,0.00037100000190548599,0.00041999999666586518,0.00030000001424923539,0.00035600000410340726,85883
2022-06-18T00:00:00.000000Z,0.00035600000410340726,0.00038199999835342169,0.00026999998954124749,0.00032900000223889947,69085
2022-06-19T00:00:00.000000Z,0.00032900000223889947,0.00037900000461377203,0.0002840000088326633,0.0003169999981764704,69793
2022-06-20T00:00:00.000000Z,0.0003169999981764704,0.00037299998803064227,0.0002730000123847276,0.00037100000190548599,74616
2022-06-21T00:00:00.000000Z,0.00037100000190548599,0.00059900002088397741,0.00037100000190548599,0.0004400000034365803,103277
2022-06-22T00:00:00.000000Z,0.0004400000034365803,0.0004400000034365803,0.00033000000985339284,0.00035799999022856355,87761
2022-06-23T00:00:00.000000Z,0.00035799999022856355,0.00039000000106170774,0.00032500000088475645,0.00037200000951997936,73484
2022-06-24T00:00:00.000000Z,0.00037200000951997936,0.00038400001358240843,0.00033000000985339284,0.00038400001358240843,79448
2022-06-25T00:00:00.000000Z,0.00038400001358240843,0.00039999998989515007,0.00032500000088475645,0.00035200000274926424,76193
2022-06-26T00:00:00.000000Z,0.00035200000274926424,0.00036999999429099262,0.00032600000849924982,0.00036700000055134296,79660
2022-06-27T00:00:00.000000Z,0.00036700000055134296,0.00039999998989515007,0.00033099998836405575,0.00035399998887442052,82135
2022-06-28T00:00:00.000000Z,0.00035399998887442052,0.00037399999564513564,0.00034900000900961459,0.00035600000410340726,74917
2022-06-29T00:00:00.000000Z,0.00035600000410340726,0.00041400000918656588,0.00035200000274926424,0.00041400000918656588,86205
2022-06-30T00:00:00.000000Z,0.00041400000918656588,0.00041400000918656588,0.00031199998920783401,0.00032200000714510679,75836
2022-07-01T00:00:00.000000Z,0.00032200000714510679,0.00036100001307204366,0.00028599999495781958,0.00033300000359304249,75354
2022-07-02T00:00:00.000000Z,0.00033300000359304249,0.00034100000630132854,0.00028000000747852027,0.00030700000934302807,67708
2022-07-03T00:00:00.000000Z,0.00030700000934302807,0.00033499998971819878,0.00025899999309331179,0.00030000001424923539,68436
2022-07-04T00:00:00.000000Z,0.00030000001424923539,0.00032200000714510679,0.00025000001187436283,0.00028199999360367656,66932
2022-07-05T00:00:00.000000Z,0.00028199999360367656,0.00033000000985339284,0.00021100000594742596,0.00026900001103058457,64569
2022-07-06T00:00:00.000000Z,0.00026900001103058457,0.00028300000121816993,0.0002570000069681555,0.00028000000747852027,59755
2022-07-07T00:00:00.000000Z,0.00028000000747852027,0.00028000000747852027,0.00023499999952036887,0.00027399999089539051,58106
2022-07-08T00:00:00.000000Z,0.00027399999089539051,0.00028000000747852027,0.00023799999326001853,0.00024799999664537609,55533
2022-07-09T00:00:00.000000Z,0.00024799999664537609,0.00026999998954124749,0.00022200000239536166,0.00023600000713486224,51951
2022-07-10T00:00:00.000000Z,0.00023600000713486224,0.00025899999309331179,0.00020700000459328294,0.00023999999393709004,50929
2022-07-11T00:00:00.000000Z,0.00023999999393709004,0.00023999999393709004,0.00019999999494757503,0.00023999999393709004,52467
2022-07-12T00:00:00.000000Z,0.00023999999393709004,0.0002840000088326633,0.00022000000171829015,0.00024500000290572643,50757
2022-07-13T00:00:00.000000Z,0.00024500000290572643,0.00025899999309331179,0.00022200000239536166,0.00023099999816622585,53830
2022-07-14T00:00:00.000000Z,0.00023099999816622585,0.00025899999309331179,0.00021899999410379678,0.00024399999529123306,49153
2022-07-15T00:00:00.000000Z,0.00024399999529123306,0.00025899999309331179,0.00019500000053085387,0.00025000001187436283,55851
2022-07-16T00:00:00.000000Z,0.00025000001187436283,0.00026000000070780516,0.00022000000171829015,0.00023299999884329736,55698
2022-07-17T00:00:00.000000Z,0.00023299999884329736,0.00024300000222865492,0.00022000000171829015,0.00024300000222865492,50405
2022-07-18T00:00:00.000000Z,0.00024300000222865492,0.00024300000222865492,0.00022600000374950469,0.00024300000222865492,48691
2022-07-19T00:00:00.000000Z,0.00024300000222865492,0.00024300000222865492,0.00021800000104121864,0.00021800000104121864,50303
2022-07-20T00:00:00.000000Z,0.00021800000104121864,0.00023700000019744039,0.00020199999562464654,0.00020799999765586108,47467
2022-07-21T00:00:00.000000Z,0.00020799999765586108,0.00026699999580159783,0.00020500000391621143,0.00020999999833293259,49388
2022-07-22T00:00:00.000000Z,0.00020999999833293259,0.00023999999393709004,0.00020500000391621143,0.00023499999952036887,45933
2022-07-23T00:00:00.000000Z,0.00023499999952036887,0.00023999999393709004,0.00021300000662449747,0.00022099999478086829,49073
2022-07-24T00:00:00.000000Z,0.00022099999478086829,0.00023999999393709004,0.0002119999990100041,0.0002390000008745119,52519
2022-07-25T00:00:00.000000Z,0.0002390000008745119,0.00024500000290572643,0.00021300000662449747,0.00023299999884329736,47364
2022-07-26T00:00:00.000000Z,0.00023299999884329736,0.00037699998938478529,0.00022499999613501132,0.00026699999580159783,61909
2022-07-27T00:00:00.000000Z,0.00026699999580159783,0.0003499999875202775,0.00023400000645779073,0.00028800001018680632,72349
2022-07-28T00:00:00.000000Z,0.00028800001018680632,0.00039599998854100704,0.00025300000561401248,0.00039599998854100704,91429
2022-07-29T00:00:00.000000Z,0.00039599998854100704,0.00053999997908249497,0.00034200001391582191,0.00052900001173838973,135548
2022-07-30T00:00:00.000000Z,0.00052900001173838973,0.00070999999297782779,0.00042500000563450158,0.00067999999737367034,187181
2022-07-31T00:00:00.000000Z,0.00067999999737367034,0.00089999998454004526,0.00060000002849847078,0.00086999998893588781,212276
2022-08-01T00:00:00.000000Z,0.00086999998893588781,0.001500000013038516,0.00045500000123865902,0.00076999998418614268,294093
2022-08-02T00:00:00.000000Z,0.00076999998418614268,0.00085000001126900315,0.000699999975040555,0.00079700001515448093,192724
2022-08-03T00:00:00.000000Z,0.00079700001515448093,0.00082000001566484571,0.00056299997959285975,0.00070400000549852848,174855
2022-08-04T00:00:00.000000Z,0.00070400000549852848,0.00070400000549852848,0.00060999998822808266,0.00061400001868605614,145607
2022-08-05T00:00:00.000000Z,0.00061400001868605614,0.000699999975040555,0.00060000002849847078,0.00068200001260265708,147208
2022-08-06T00:00:00.000000Z,0.00068200001260265708,0.00068200001260265708,0.00060000002849847078,0.00060999998822808266,143118
2022-08-07T00:00:00.000000Z,0.00060999998822808266,0.00064300000667572021,0.00050999998347833753,0.00060000002849847078,151395
2022-08-08T00:00:00.000000Z,0.00060000002849847078,0.00067300000227987766,0.00059900002088397741,0.00067300000227987766,149868
2022-08-09T00:00:00.000000Z,0.00067300000227987766,0.00075000000651925802,0.00063099997350946069,0.00067999999737367034,154758
2022-08-10T00:00:00.000000Z,0.00067999999737367034,0.00080999999772757292,0.00063000002410262823,0.0006910000229254365,174499
2022-08-11T00:00:00.000000Z,0.0006910000229254365,0.00078000000212341547,0.00065000000176951289,0.00076000002445653081,159737
2022-08-12T00:00:00.000000Z,0.00076000002445653081,0.00095000001601874828,0.00073099997825920582,0.00089999998454004526,201643
2022-08-13T00:00:00.000000Z,0.00089999998454004526,0.0012009999481961131,0.00089999998454004526,0.0011390000581741333,295664
2022-08-14T00:00:00.000000Z,0.0011390000581741333,0.0014900000533089042,0.0010849999962374568,0.001306000049225986,364175
2022-08-15T00:00:00.000000Z,0.001306000049225986,0.0014600000577047467,0.0012100000167265534,0.0013800000306218863,396225
2022-08-16T00:00:00.000000Z,0.0013800000306218863,0.0024500000290572643,0.0013800000306218863,0.0024300001095980406,600399
2022-08-17T00:00:00.000000Z,0.0024300001095980406,0.0034229999873787165,0.002099999925121665,0.0034229999873787165,714245
2022-08-18T00:00:00.000000Z,0.0034229999873787165,0.0037499999161809683,0.0028500000480562449,0.0032029999420046806,1057735
2022-08-19T00:00:00.000000Z,0.0032029999420046806,0.003519000019878149,0.0019049999536946416,0.0019290000200271606,882936
2022-08-20T00:00:00.000000Z,0.0019290000200271606,0.0027050001081079245,0.0016420000465586782,0.0019849999807775021,580005
2022-08-21T00:00:00.000000Z,0.0019849999807775021,0.0025780000723898411,0.001930000027641654,0.0024109999649226665,532931
2022-08-22T00:00:00.000000Z,0.0024109999649226665,0.0029100000392645597,0.0022619999945163727,0.0024079999420791864,606564
2022-08-23T00:00:00.000000Z,0.0024079999420791864,0.0033189998939633369,0.0024079999420791864,0.0028969999402761459,775355
2022-08-24T00:00:00.000000Z,0.0028969999402761459,0.003599999938160181,0.0027260000351816416,0.0034980000928044319,844158
2022-08-25T00:00:00.000000Z,0.0034980000928044319,0.0034980000928044319,0.0029599999543279409,0.0030640000477433205,820421
2022-08-26T00:00:00.000000Z,0.0030640000477433205,0.0030650000553578138,0.0023960000835359097,0.00254100002348423,749391
2022-08-27T00:00:00.000000Z,0.0025420000310987234,0.0028470000252127647,0.0022940000053495169,0.0026589999906718731,634739
2022-08-28T00:00:00.000000Z,0.0026589999906718731,0.0028989999555051327,0.0023189999628812075,0.0023189999628812075,608780
2022-08-29T00:00:00.000000Z,0.0023199999704957008,0.0027970001101493835,0.0023089998867362738,0.0025859999004751444,613444
2022-08-30T00:00:00.000000Z,0.0025859999004751444,0.0029959999956190586,0.0025309999473392963,0.0029140000697225332,661630
2022-08-31T00:00:00.000000Z,0.0029140000697225332,0.0029170000925660133,0.0026199999265372753,0.0026990000624209642,631790
2022-09-01T00:00:00.000000Z,0.0026990000624209642,0.0029980000108480453,0.0026000000070780516,0.0029269999358803034,684628
2022-09-02T00:00:00.000000Z,0.0029269999358803034,0.0029529999010264874,0.0024019998963922262,0.0026980000548064709,732197
2022-09-03T00:00:00.000000Z,0.0026980000548064709,0.0028089999686926603,0.0025629999581724405,0.002675000112503767,620580
2022-09-04T00:00:00.000000Z,0.002675000112503767,0.002819000044837594,0.0025009999517351389,0.002736999886110425,614244
2022-09-05T00:00:00.000000Z,0.002736999886110425,0.0028860000893473625,0.0025790000800043344,0.0027419999241828918,684730
2022-09-06T00:00:00.000000Z,0.0027419999241828918,0.0028770000208169222,0.0026289999950677156,0.0028490000404417515,711612
2022-09-07T00:00:00.000000Z,0.0028490000404417515,0.0035000001080334187,0.0026650000363588333,0.0033150000963360071,804554
2022-09-08T00:00:00.000000Z,0.0033150000963360071,0.0044269999489188194,0.0030920000281184912,0.00419999985024333,1219078
2022-09-09T00:00:00.000000Z,0.00419999985024333,0.0050829998217523098,0.0039009999018162489,0.0047920001670718193,1441051
2022-09-10T00:00:00.000000Z,0.0047920001670718193,0.0048030000180006027,0.0041689998470246792,0.0046790000051259995,1144630
2022-09-11T00:00:00.000000Z,0.0046790000051259995,0.0047720000147819519,0.0043520000763237476,0.0043560001067817211,1058571
2022-09-12T00:00:00.000000Z,0.0043560001067817211,0.0044669997878372669,0.0039200000464916229,0.0039309998974204063,1026773
2022-09-13T00:00:00.000000Z,0.0039309998974204063,0.0040899999439716339,0.0036019999533891678,0.0037020000163465738,989681
2022-09-14T00:00:00.000000Z,0.0039110002107918262,0.0042949998751282692,0.0034030000679194927,0.0039800000376999378,955784
2022-09-15T00:00:00.000000Z,0.0039800000376999378,0.0040959999896585941,0.0035069999285042286,0.003913000226020813,921486
2022-09-16T00:00:00.000000Z,0.003913000226020813,0.0043799998238682747,0.0033970000222325325,0.0043489998206496239,1120829
2022-09-17T00:00:00.000000Z,0.0043489998206496239,0.0048879999667406082,0.0039539998397231102,0.0047519998624920845,1078813
2022-09-18T00:00:00.000000Z,0.0047519998624920845,0.0049899998120963573,0.0044559999369084835,0.004666999913752079,1247690
2022-09-19T00:00:00.000000Z,0.004666999913752079,0.0047840001061558723,0.0041020000353455544,0.004290000069886446,1014120
2022-09-20T00:00:00.000000Z,0.004290000069886446,0.0047809998504817486,0.0042030001059174538,0.0043899999000132084,1086291
2022-09-21T00:00:00.000000Z,0.0043899999000132084,0.0044940002262592316,0.0041780001483857632,0.0044470001012086868,1064397
2022-09-22T00:00:00.000000Z,0.0044470001012086868,0.0046020001173019409,0.004207999911159277,0.0044789998792111874,1043584
2022-09-23T00:00:00.000000Z,0.0044789998792111874,0.0046169999986886978,0.0040110000409185886,0.0041490001603960991,1093930
2022-09-24T00:00:00.000000Z,0.0041490001603960991,0.0042730001732707024,0.0037030000239610672,0.0040359999984502792,909120
2022-09-25T00:00:00.000000Z,0.0040359999984502792,0.0040950002148747444,0.0036120000295341015,0.0036200000904500484,888946
2022-09-26T00:00:00.000000Z,0.0036200000904500484,0.0047510000877082348,0.0036069999914616346,0.0047140000388026237,1219255
2022-09-27T00:00:00.000000Z,0.0047140000388026237,0.0051759998314082623,0.0039099999703466892,0.0040770000778138638,1722604
2022-09-28T00:00:00.000000Z,0.0040770000778138638,0.0040790000930428505,0.0035689999349415302,0.0037760001141577959,1298023
2022-09-29T00:00:00.000000Z,0.0037760001141577959,0.0037760001141577959,0.0027129999361932278,0.0028899998869746923,1308857
2022-09-30T00:00:00.000000Z,0.0028899998869746923,0.0032760000322014093,0.0027330000884830952,0.0031479999888688326,859542
2022-10-01T00:00:00.000000Z,0.0031479999888688326,0.0035240000579506159,0.0030179999303072691,0.0031520000193268061,914377
2022-10-02T00:00:00.000000Z,0.0031520000193268061,0.0032240001019090414,0.0028490000404417515,0.0028790000360459089,791790
2022-10-03T00:00:00.000000Z,0.0028790000360459089,0.0028790000360459089,0.0021969999652355909,0.0025470000691711903,1081830
2022-10-04T00:00:00.000000Z,0.0025470000691711903,0.0025470000691711903,0.0021430000197142363,0.0022740000858902931,776888
2022-10-05T00:00:00.000000Z,0.0022740000858902931,0.0025289999321103096,0.0020359999034553766,0.0023660000879317522,783028
2022-10-06T00:00:00.000000Z,0.0023660000879317522,0.0024979999288916588,0.0022030000109225512,0.0023250000085681677,666231
2022-10-07T00:00:00.000000Z,0.0023250000085681677,0.0024739999789744616,0.0022179998923093081,0.0024419999681413174,660644
2022-10-08T00:00:00.000000Z,0.0024419999681413174,0.0025510000996291637,0.0023829999845474958,0.0025180000811815262,663176
2022-10-09T00:00:00.000000Z,0.0025180000811815262,0.0029539999086409807,0.0024759999942034483,0.0027920000720769167,867394
2022-10-10T00:00:00.000000Z,0.0027920000720769167,0.0028460000175982714,0.0023789999540895224,0.0026289999950677156,785793
2022-10-11T00:00:00.000000Z,0.0026289999950677156,0.002693000016734004,0.0024079999420791864,0.0024759999942034483,693589
2022-10-12T00:00:00.000000Z,0.0024759999942034483,0.0025009999517351389,0.0021810000762343407,0.0021810000762343407,709847
2022-10-13T00:00:00.000000Z,0.0021810000762343407,0.0022740000858902931,0.0019069999689236283,0.0021909999195486307,764537
2022-10-14T00:00:00.000000Z,0.0021909999195486307,0.0024240000639110804,0.0020500000100582838,0.0021339999511837959,596555
2022-10-15T00:00:00.000000Z,0.0021339999511837959,0.0023819999769330025,0.0020149999763816595,0.0021210000850260258,695525
2022-10-16T00:00:00.000000Z,0.0021210000850260258,0.0023749999236315489,0.002073999959975481,0.0023260000161826611,590273
2022-10-17T00:00:00.000000Z,0.0023260000161826611,0.0023260000161826611,0.0020179999992251396,0.0021069999784231186,731730
2022-10-18T00:00:00.000000Z,0.0021069999784231186,0.0021289999131113291,0.0019539999775588512,0.0020039998926222324,556634
2022-10-19T00:00:00.000000Z,0.0020039998926222324,0.0020240000449120998,0.0017049999441951513,0.0018100000452250242,637709
2022-10-20T00:00:00.000000Z,0.0018100000452250242,0.0018200000049546361,0.0014909999445080757,0.0016289999475702643,613368
2022-10-21T00:00:00.000000Z,0.0016289999475702643,0.0018339999951422215,0.0013229999458417296,0.001728000002913177,600520
2022-10-22T00:00:00.000000Z,0.001728000002913177,0.0018459999701008201,0.0015119999879971147,0.0015879999846220016,489053
2022-10-23T00:00:00.000000Z,0.0015879999846220016,0.0018070000223815441,0.0015140000032261014,0.0017290000105276704,496781
2022-10-24T00:00:00.000000Z,0.0017290000105276704,0.0018060000147670507,0.0016049999976530671,0.0017450000159442425,468092
2022-10-25T00:00:00.000000Z,0.0017450000159442425,0.0018449999624863267,0.0016159999649971724,0.0017829999560490251,532265
2022-10-26T00:00:00.000000Z,0.0017829999560490251,0.0020910000894218683,0.0017330000409856439,0.001934999949298799,632405
2022-10-27T00:00:00.000000Z,0.001934999949298799,0.0019960000645369291,0.0017960000550374389,0.0018619999755173922,562905
2022-10-28T00:00:00.000000Z,0.0018619999755173922,0.0019340000580996275,0.0017310000257566571,0.0018789999885484576,513479
2022-10-29T00:00:00.000000Z,0.0018789999885484576,0.0019509999547153711,0.0017729999963194132,0.0018279999494552612,522760
2022-10-30T00:00:00.000000Z,0.0018279999494552612,0.0019389999797567725,0.0017940000398084521,0.001858999952673912,486249
2022-10-31T00:00:00.000000Z,0.001858999952673912,0.0020119999535381794,0.0018459999701008201,0.0019910000264644623,643679
2022-11-01T00:00:00.000000Z,0.0019910000264644623,0.0028210000600665808,0.0019280000124126673,0.0027989998925477266,1014445
2022-11-02T00:00:00.000000Z,0.0027989998925477266,0.0029349999967962503,0.0025510000996291637,0.0027310000732541084,1140047
2022-11-03T00:00:00.000000Z,0.0027310000732541084,0.0033700000494718552,0.0025879999157041311,0.0031749999616295099,1237568
2022-11-04T00:00:00.000000Z,0.0031749999616295099,0.0045850002206861973,0.0031119999475777149,0.0040970002301037312,2123615
2022-11-05T00:00:00.000000Z,0.0040970002301037312,0.0043480000458657742,0.0035159999970346689,0.0039320001378655434,1906425
2022-11-06T00:00:00.000000Z,0.0039320001378655434,0.0043279998935759068,0.0039140000008046627,0.0042039998807013035,1421573
2022-11-07T00:00:00.000000Z,0.0042039998807013035,0.0042730001732707024,0.0037640000227838755,0.0039659999310970306,1611918
2022-11-08T00:00:00.000000Z,0.0039659999310970306,0.0041959998197853565,0.0035890000872313976,0.0039670001715421677,2343335
2022-11-09T00:00:00.000000Z,0.0039679999463260174,0.0039679999463260174,0.0031359998974949121,0.0036609999369829893,2307941
2022-11-10T00:00:00.000000Z,0.0036619999445974827,0.0043449997901916504,0.003582000033929944,0.0042550000362098217,1917126
2022-11-11T00:00:00.000000Z,0.0042550000362098217,0.0045300000347197056,0.0040600001811981201,0.0042070001363754272,1648349
2022-11-12T00:00:00.000000Z,0.0042070001363754272,0.0043429997749626637,0.0039820000529289246,0.0040449998341500759,1223726
2022-11-13T00:00:00.000000Z,0.0040400000289082527,0.0049009998328983784,0.0039840000681579113,0.0048210001550614834,2081523
2022-11-14T00:00:00.000000Z,0.0048170001246035099,0.0067710001021623611,0.0046629998832941055,0.0065290001221001148,3408789
2022-11-15T00:00:00.000000Z,0.0065310001373291016,0.0072110001929104328,0.0055550001561641693,0.005853000096976757,3242552
2022-11-16T00:00:00.000000Z,0.005861000157892704,0.006577999796718359,0.0057500000111758709,0.0064070001244544983,2191929
2022-11-17T00:00:00.000000Z,0.0064059998840093613,0.0067190001718699932,0.0062750000506639481,0.0062779998406767845,2094150
2022-11-18T00:00:00.000000Z,0.0062779998406767845,0.0065290001221001148,0.0060339998453855515,0.0061449999921023846,1913445
2022-11-19T00:00:00.000000Z,0.0061460002325475216,0.006794000044465065,0.0061389999464154243,0.006794000044465065,2011884
2022-11-20T00:00:00.000000Z,0.0067949998192489147,0.0087139997631311417,0.0067480001598596573,0.0077940002083778381,4196436
2022-11-21T00:00:00.000000Z,0.0078070000745356083,0.0078220004215836525,0.0062629999592900276,0.0067030000500380993,3680409
2022-11-22T00:00:00.000000Z,0.0067059998400509357,0.0078720003366470337,0.0063609997741878033,0.0074089998379349709,3284330
2022-11-23T00:00:00.000000Z,0.0074100000783801079,0.0076700001955032349,0.0071539999917149544,0.0072099999524652958,2342564
2022-11-24T00:00:00.000000Z,0.0072099999524652958,0.0079910000786185265,0.0071330000646412373,0.0078509999439120293,2538170
2022-11-25T00:00:00.000000Z,0.0078520001843571663,0.0093830004334449768,0.0077729998156428337,0.0090789999812841415,3617365
2022-11-26T00:00:00.000000Z,0.0090760001912713051,0.0092820003628730774,0.0087069999426603317,0.0089010000228881836,3397685
2022-11-27T00:00:00.000000Z,0.0088969999924302101,0.009754999540746212,0.0088210003450512886,0.009422999806702137,3780618
2022-11-28T00:00:00.000000Z,0.009425000287592411,0.0096909999847412109,0.0080899996683001518,0.0089260004460811615,4339164
2022-11-29T00:00:00.000000Z,0.0089269997552037239,0.0091939996927976608,0.0086359996348619461,0.0089440001174807549,3068581
2022-11-30T00:00:00.000000Z,0.0089379996061325073,0.0089840004220604897,0.0086260000243782997,0.0087000001221895218,2836612
2022-12-01T00:00:00.000000Z,0.0087019996717572212,0.0087470002472400665,0.0079570002853870392,0.0082890000194311142,3231810
2022-12-02T00:00:00.000000Z,0.0082890000194311142,0.0082980003207921982,0.0071959998458623886,0.0072070001624524593,2832548
2022-12-03T00:00:00.000000Z,0.0072099999524652958,0.0076410002075135708,0.0065410002134740353,0.0066720000468194485,2628729
2022-12-04T00:00:00.000000Z,0.0066800001077353954,0.0074900002218782902,0.0066800001077353954,0.0072409999556839466,2634566
2022-12-05T00:00:00.000000Z,0.0072470000013709068,0.0083240000531077385,0.0071129999123513699,0.0081620002165436745,2395757
2022-12-06T00:00:00.000000Z,0.0081550003960728645,0.0083170002326369286,0.0073970002122223377,0.0076310001313686371,2582059
2022-12-07T00:00:00.000000Z,0.0076330001465976238,0.0079709999263286591,0.0074149998836219311,0.0074729998596012592,2054252
2022-12-08T00:00:00.000000Z,0.007474999874830246,0.0075719999149441719,0.0070810001343488693,0.0073219998739659786,2270134
2022-12-09T00:00:00.000000Z,0.0073219998739659786,0.0076859998516738415,0.0070949997752904892,0.0073629999533295631,2145429
2022-12-10T00:00:00.000000Z,0.0073569999076426029,0.0076279998756945133,0.0072340001352131367,0.007261000107973814,2038949
2022-12-11T00:00:00.000000Z,0.007261000107973814,0.0073620001785457134,0.0069240001030266285,0.006965000182390213,1811882
2022-12-12T00:00:00.000000Z,0.006963999941945076,0.0071359998546540737,0.0066650002263486385,0.0069160000421106815,2007756
2022-12-13T00:00:00.000000Z,0.0069129997864365578,0.0069720000028610229,0.0060109999030828476,0.0062270001508295536,2272996
2022-12-14T00:00:00.000000Z,0.0062239998951554298,0.0067630000412464142,0.0060259997844696045,0.0061229998245835304,1960779
2022-12-15T00:00:00.000000Z,0.0061209998093545437,0.0062339999713003635,0.0056750001385807991,0.0056920000351965427,1761455
2022-12-16T00:00:00.000000Z,0.0056960000656545162,0.0058300001546740532,0.0051250001415610313,0.0052009997889399529,2216803
2022-12-17T00:00:00.000000Z,0.0052009997889399529,0.006074999924749136,0.0049740001559257507,0.0060689998790621758,1864061
2022-12-18T00:00:00.000000Z,0.0060689998790621758,0.0063229999504983425,0.0056300000287592411,0.0056650000624358654,1909398
2022-12-19T00:00:00.000000Z,0.0056699998676776886,0.0058380002155900002,0.0050730002112686634,0.0052749998867511749,1776499
2022-12-20T00:00:00.000000Z,0.0052720000967383385,0.0053240000270307064,0.0049330000765621662,0.0051429998129606247,1714059
2022-12-21T00:00:00.000000Z,0.005140999797731638,0.0056909997947514057,0.0051219998858869076,0.0055490001104772091,1832105
2022-12-22T00:00:00.000000Z,0.0055510001257061958,0.0057749999687075615,0.0054130000062286854,0.0057560000568628311,1640019
2022-12-23T00:00:00.000000Z,0.0057529998011887074,0.0058200000785291195,0.005169999785721302,0.0051939999684691429,1638058
2022-12-24T00:00:00.000000Z,0.0051930001936852932,0.0053220000118017197,0.005140999797731638,0.0052280002273619175,1301650
2022-12-25T00:00:00.000000Z,0.0052249999716877937,0.0053539997898042202,0.0052029998041689396,0.0053019998595118523,1339500
2022-12-26T00:00:00.000000Z,0.0053010000847280025,0.0053610000759363174,0.0050139999948441982,0.0051159998401999474,1386312
2022-12-27T00:00:00.000000Z,0.0051139998249709606,0.0051230001263320446,0.0046210000291466713,0.004927000030875206,1712336
2022-12-28T00:00:00.000000Z,0.0049250000156462193,0.0049459999427199364,0.0046009998768568039,0.0046979999169707298,1902234
2022-12-29T00:00:00.000000Z,0.0046970001421868801,0.0048389998264610767,0.0045309998095035553,0.0045889997854828835,1346621
2022-12-30T00:00:00.000000Z,0.0045889997854828835,0.0050550000742077827,0.0042539997957646847,0.0048050000332295895,1850994
2022-12-31T00:00:00.000000Z,0.0048070000484585762,0.005386000033468008,0.0047619999386370182,0.0052800001576542854,1604695
2023-01-01T00:00:00.000000Z,0.0052780001424252987,0.0053719999268651009,0.005142000038176775,0.0051899999380111694,1351193
2023-01-02T00:00:00.000000Z,0.0051899999380111694,0.0053110001608729362,0.0051580001600086689,0.0051629999652504921,1354922
2023-01-03T00:00:00.000000Z,0.0051649999804794788,0.0051989997737109661,0.0048310002312064171,0.0049780001863837242,1471210
2023-01-04T00:00:00.000000Z,0.0049780001863837242,0.0050320001319050789,0.0048919999971985817,0.0049540000036358833,1424280
2023-01-05T00:00:00.000000Z,0.0049540000036358833,0.0050130002200603485,0.004505000077188015,0.0045630000531673431,1403123
2023-01-06T00:00:00.000000Z,0.0045659998431801796,0.0047269999049603939,0.0044499998912215233,0.0045130001381039619,1357541
2023-01-07T00:00:00.000000Z,0.0045130001381039619,0.0045480001717805862,0.0043290001340210438,0.0043979999609291553,1300515
2023-01-08T00:00:00.000000Z,0.0043970001861453056,0.0050010001286864281,0.0043529998511075974,0.004794000182300806,1403118
2023-01-09T00:00:00.000000Z,0.004794000182300806,0.0050380001775920391,0.0046720001846551895,0.0048710000701248646,1742620
2023-01-10T00:00:00.000000Z,0.0048719998449087143,0.0048929997719824314,0.0045810001902282238,0.0046830000355839729,1311216
2023-01-11T00:00:00.000000Z,0.0046830000355839729,0.0050010001286864281,0.0045989998616278172,0.0049959998577833176,1504425
2023-01-12T00:00:00.000000Z,0.0049850000068545341,0.0055590001866221428,0.0048000002279877663,0.0054950001649558544,1771009
2023-01-13T00:00:00.000000Z,0.0055040000006556511,0.0063689998351037502,0.0054859998635947704,0.0059679998084902763,2465507
2023-01-14T00:00:00.000000Z,0.0059690000489354134,0.0064429999329149723,0.0058490000665187836,0.0061690001748502254,2087417
2023-01-15T00:00:00.000000Z,0.006165000144392252,0.0061789997853338718,0.005555999930948019,0.006076000165194273,1885287
2023-01-16T00:00:00.000000Z,0.0060729999095201492,0.0068620000965893269,0.0059449998661875725,0.0066200001165270805,2296178
2023-01-17T00:00:00.000000Z,0.0066200001165270805,0.0066979997791349888,0.0063220001757144928,0.0064579998143017292,1881255
2023-01-18T00:00:00.000000Z,0.0064579998143017292,0.0066940002143383026,0.0059130000881850719,0.0059389998205006123,2118259
2023-01-19T00:00:00.000000Z,0.0059389998205006123,0.0062839998863637447,0.0058949999511241913,0.0061980001628398895,1784770
2023-01-20T00:00:00.000000Z,0.0061989999376237392,0.0064329998567700386,0.0060569997876882553,0.006409000139683485,1892419
2023-01-21T00:00:00.000000Z,0.006409000139683485,0.0064750001765787601,0.0061550000682473183,0.0061599998734891415,1755747
2023-01-22T00:00:00.000000Z,0.0061590000987052917,0.0061969999223947525,0.0057919998653233051,0.0059630000032484531,1835261
2023-01-23T00:00:00.000000Z,0.0059639997780323029,0.0064360001124441624,0.005814999807626009,0.0064349998719990253,1999028
2023-01-24T00:00:00.000000Z,0.0064349998719990253,0.0064779999665915966,0.0059259999543428421,0.0059259999543428421,1825288
2023-01-25T00:00:00.000000Z,0.0059259999543428421,0.006283000111579895,0.0059170001186430454,0.0062589999288320541,1779012
2023-01-26T00:00:00.000000Z,0.0062589999288320541,0.0062799998559057713,0.0059690000489354134,0.0061440002173185349,1822067
2023-01-27T00:00:00.000000Z,0.0061429999768733978,0.0062049999833106995,0.0059609999880194664,0.006076000165194273,1984039
2023-01-28T00:00:00.000000Z,0.006076000165194273,0.0061160000041127205,0.0056679998524487019,0.0057689999230206013,1869150
2023-01-29T00:00:00.000000Z,0.0057680001482367516,0.005994000006467104,0.0056739998981356621,0.0059110000729560852,1668574
2023-01-30T00:00:00.000000Z,0.0059110000729560852,0.0059659997932612896,0.0053449999541044235,0.0055979997850954533,2046779
2023-01-31T00:00:00.000000Z,0.0055970000103116035,0.0057359999045729637,0.0053960001096129417,0.0054279998876154423,1754203
2023-02-01T00:00:00.000000Z,0.005429999902844429,0.0058220000937581062,0.0051830001175403595,0.0056790001690387726,1864547
2023-02-02T00:00:00.000000Z,0.0056790001690387726,0.0060220002196729183,0.0056210001930594444,0.0058349999599158764,2011549
2023-02-03T00:00:00.000000Z,0.0058349999599158764,0.0058360002003610134,0.005481999833136797,0.0055849999189376831,1629268
2023-02-04T00:00:00.000000Z,0.0055849999189376831,0.0058479998260736465,0.005483000073581934,0.0057169999927282333,1942682
2023-02-05T00:00:00.000000Z,0.0057169999927282333,0.0069729997776448727,0.0057060001417994499,0.0065449997782707214,3085490
2023-02-06T00:00:00.000000Z,0.0065489998087286949,0.0074339997954666615,0.0062580001540482044,0.0071780001744627953,3285889
2023-02-07T00:00:00.000000Z,0.0071780001744627953,0.0075300000607967377,0.0069539998658001423,0.0073979999870061874,3095981
2023-02-08T00:00:00.000000Z,0.0073959999717772007,0.007565000094473362,0.0069969999603927135,0.0071700001135468483,2637152
2023-02-09T00:00:00.000000Z,0.007170999888330698,0.0072770002298057079,0.0065159997902810574,0.0065879998728632927,2588104
2023-02-10T00:00:00.000000Z,0.0065890001133084297,0.0067610000260174274,0.0062690000049769878,0.0066740000620484352,2238584
2023-02-11T00:00:00.000000Z,0.0066729998216032982,0.0067449999041855335,0.0063749998807907104,0.0063950000330805779,1736736
2023-02-12T00:00:00.000000Z,0.0063959998078644276,0.006705000065267086,0.0063820001669228077,0.0065950001589953899,1852375
2023-02-13T00:00:00.000000Z,0.0065930001437664032,0.0066019999794661999,0.0062580001540482044,0.0064960001036524773,1771801
2023-02-14T00:00:00.000000Z,0.0065000001341104507,0.0068069999106228352,0.0063849999569356441,0.0064989998936653137,1995963
2023-02-15T00:00:00.000000Z,0.0064989998936653137,0.0072269998490810394,0.0064670001156628132,0.007172000128775835,2327771
2023-02-16T00:00:00.000000Z,0.007172000128775835,0.007348999846726656,0.0068459999747574329,0.0068859998136758804,2478903
2023-02-17T00:00:00.000000Z,0.0068950001150369644,0.0075830002315342426,0.0068419999442994595,0.0074849999509751797,2422569
2023-02-18T00:00:00.000000Z,0.0074849999509751797,0.0079340003430843353,0.0074189999140799046,0.00773600023239851,2813675
2023-02-19T00:00:00.000000Z,0.00773600023239851,0.0078360000625252724,0.0075770001858472824,0.0077669997699558735,2540499
2023-02-20T00:00:00.000000Z,0.0077659999951720238,0.0078469999134540558,0.0075880000367760658,0.0076509998179972172,2372212
2023-02-21T00:00:00.000000Z,0.0076500000432133675,0.0076970001682639122,0.0069590001367032528,0.0071359998546540737,2582927
2023-02-22T00:00:00.000000Z,0.0071359998546540737,0.0074470001272857189,0.0068129999563097954,0.0070489998906850815,2439022
2023-02-23T00:00:00.000000Z,0.0070489998906850815,0.007466999813914299,0.006876000203192234,0.0072510000318288803,2350510
2023-02-24T00:00:00.000000Z,0.0072510000318288803,0.0078710000962018967,0.0072119999676942825,0.0077160000801086426,2999433
2023-02-25T00:00:00.000000Z,0.0077149998396635056,0.0084459995850920677,0.0076729999855160713,0.0083769997581839561,3377581
2023-02-26T00:00:00.000000Z,0.0083769997581839561,0.0091450000181794167,0.0082240002229809761,0.0090600000694394112,3619056
2023-02-27T00:00:00.000000Z,0.0090600000694394112,0.011537999846041203,0.00839999970048666,0.010728999972343445,6526004
2023-02-28T00:00:00.000000Z,0.010727999731898308,0.01281100045889616,0.010188000276684761,0.011181999929249287,7625641
2023-03-01T00:00:00.000000Z,0.011181999929249287,0.01321799959987402,0.011181999929249287,0.01307199988514185,6649187
2023-03-02T00:00:00.000000Z,0.01307199988514185,0.014801000244915485,0.012663999572396278,0.014245999976992607,10163122
2023-03-03T00:00:00.000000Z,0.014248999767005444,0.014453000389039516,0.011292999610304832,0.012643000110983849,8464973
2023-03-04T00:00:00.000000Z,0.012648000381886959,0.013318000361323357,0.011656000278890133,0.012226000428199768,5388910
2023-03-05T00:00:00.000000Z,0.012221000157296658,0.012586000375449657,0.011989999562501907,0.012449000030755997,4076120
2023-03-06T00:00:00.000000Z,0.012450999580323696,0.014210999943315983,0.012369000352919102,0.014028999954462051,6493585
2023-03-07T00:00:00.000000Z,0.014028999954462051,0.014399999752640724,0.012555000372231007,0.012795999646186829,7025570
2023-03-08T00:00:00.000000Z,0.012804999947547913,0.013004999607801437,0.011040999554097652,0.01167100016027689,6601684
2023-03-09T00:00:00.000000Z,0.01167100016027689,0.011758999899029732,0.0099649997428059578,0.010363000445067883,6882976
2023-03-10T00:00:00.000000Z,0.010354000143706799,0.011921999976038933,0.0093200001865625381,0.011919000186026096,7659861
2023-03-11T00:00:00.000000Z,0.011924999766051769,0.012724000029265881,0.011227999813854694,0.012110999785363674,6465841
2023-03-12T00:00:00.000000Z,0.012109999544918537,0.012292000465095043,0.011371999979019165,0.012032999657094479,4857388
2023-03-13T00:00:00.000000Z,0.012032999657094479,0.013295999728143215,0.012023000046610832,0.012575999833643436,6089834
2023-03-14T00:00:00.000000Z,0.012577000074088573,0.014378000050783157,0.012095999903976917,0.013946999795734882,8784398
2023-03-15T00:00:00.000000Z,0.013946999795734882,0.014057000167667866,0.01256099995225668,0.01306500006467104,6580873
2023-03-16T00:00:00.000000Z,0.013067999854683876,0.013592000119388103,0.012790000066161156,0.013492999598383904,5288152
2023-03-17T00:00:00.000000Z,0.013492000289261341,0.014384999871253967,0.013403000310063362,0.014059999957680702,6086201
2023-03-18T00:00:00.000000Z,0.014065000228583813,0.014306000433862209,0.013646000064909458,0.013980000279843807,5522646
2023-03-19T00:00:00.000000Z,0.013980000279843807,0.016984999179840088,0.013954999856650829,0.016493000090122223,8414294
2023-03-20T00:00:00.000000Z,0.016493000090122223,0.017761999741196632,0.015788000077009201,0.017045000568032265,8521392
2023-03-21T00:00:00.000000Z,0.017046000808477402,0.017354000359773636,0.015723999589681625,0.015948999673128128,10988845
2023-03-22T00:00:00.000000Z,0.015949999913573265,0.016463000327348709,0.015530000440776348,0.015952000394463539,11239326
2023-03-23T00:00:00.000000Z,0.015952000394463539,0.016915999352931976,0.015867000445723534,0.016914000734686852,13007206
2023-03-24T00:00:00.000000Z,0.016914999112486839,0.017341999337077141,0.016631999984383583,0.016714999452233315,6826965
2023-03-25T00:00:00.000000Z,0.016714999452233315,0.017049999907612801,0.016343999654054642,0.016741000115871429,5114008
2023-03-26T00:00:00.000000Z,0.016730999574065208,0.018612999469041824,0.016592999920248985,0.018285999074578285,7367542
2023-03-27T00:00:00.000000Z,0.018285999074578285,0.022323999553918839,0.018250999972224236,0.022305000573396683,15415577
2023-03-28T00:00:00.000000Z,0.022342000156641006,0.023452999070286751,0.021239999681711197,0.022957000881433487,32359655
2023-03-29T00:00:00.000000Z,0.022955000400543213,0.037314999848604202,0.022938000038266182,0.027897000312805176,62001906
2023-03-30T00:00:00.000000Z,0.02789900079369545,0.032820001244544983,0.027626000344753265,0.02908100001513958,39040892
2023-03-31T00:00:00.000000Z,0.029083000496029854,0.033387001603841782,0.028931999579071999,0.032669000327587128,30545542
2023-04-01T00:00:00.000000Z,0.032653000205755234,0.04018700122833252,0.032180000096559525,0.039831999689340591,33404281
2023-04-02T00:00:00.000000Z,0.035829998552799225,0.042385000735521317,0.035790998488664627,0.038770001381635666,36624883
2023-04-03T00:00:00.000000Z,0.038766998797655106,0.040709998458623886,0.03572399914264679,0.036630000919103622,29150502
2023-04-04T00:00:00.000000Z,0.036626998335123062,0.037537999451160431,0.032017998397350311,0.034742001444101334,35321358
2023-04-05T00:00:00.000000Z,0.03474000096321106,0.036164000630378723,0.028344999998807907,0.030433999374508858,35446540
2023-04-06T00:00:00.000000Z,0.030434999614953995,0.032412998378276825,0.029682999476790428,0.03155599907040596,20487887
2023-04-07T00:00:00.000000Z,0.031562000513076782,0.031562000513076782,0.028872000053524971,0.030177000910043716,17356708
2023-04-08T00:00:00.000000Z,0.030183000490069389,0.030727000907063484,0.028943000361323357,0.029244000092148781,12744500
2023-04-09T00:00:00.000000Z,0.029254000633955002,0.03603300079703331,0.029038999229669571,0.0339680016040802,34255903
2023-04-10T00:00:00.000000Z,0.033991001546382904,0.036662999540567398,0.032963000237941742,0.034694001078605652,31084761
2023-04-11T00:00:00.000000Z,0.034697998315095901,0.036315999925136566,0.032566998153924942,0.033181000500917435,17937293
2023-04-12T00:00:00.000000Z,0.033181998878717422,0.033750999718904495,0.032198000699281693,0.033209998160600662,17035071
2023-04-13T00:00:00.000000Z,0.032646000385284424,0.033224999904632568,0.032014001160860062,0.033073000609874725,19184857
2023-04-14T00:00:00.000000Z,0.033087998628616333,0.035833999514579773,0.033025998622179031,0.035259999334812164,19364727
2023-04-15T00:00:00.000000Z,0.035261999815702438,0.035849999636411667,0.032970000058412552,0.033691998571157455,15982344
2023-04-16T00:00:00.000000Z,0.033700998872518539,0.033978000283241272,0.027405999600887299,0.027405999600887299,25048011
2023-04-17T00:00:00.000000Z,0.02730100043118,0.029851999133825302,0.02618899941444397,0.027777999639511108,26825178
2023-04-18T00:00:00.000000Z,0.027786999940872192,0.028906999155879021,0.024559000506997108,0.025544999167323112,15790248
2023-04-19T00:00:00.000000Z,0.025543000549077988,0.025543000549077988,0.02210799977183342,0.022994000464677811,17995040
2023-04-20T00:00:00.000000Z,0.022973999381065369,0.02759999968111515,0.022973999381065369,0.025653000921010971,15625756
2023-04-21T00:00:00.000000Z,0.025653000921010971,0.027397999539971352,0.024300999939441681,0.024411000311374664,12906898
2023-04-22T00:00:00.000000Z,0.024413999170064926,0.025357000529766083,0.023505000397562981,0.024054000154137611,10510688
2023-04-23T00:00:00.000000Z,0.024055000394582748,0.024838000535964966,0.023653000593185425,0.024001000449061394,8971035
2023-04-24T00:00:00.000000Z,0.024003000929951668,0.026180999353528023,0.023902000859379768,0.025683000683784485,11677928
2023-04-25T00:00:00.000000Z,0.025676999241113663,0.027543999254703522,0.025676999241113663,0.026567999273538589,13311980
2023-04-26T00:00:00.000000Z,0.026567000895738602,0.031722001731395721,0.026192000135779381,0.031026000156998634,21072985
2023-04-27T00:00:00.000000Z,0.031034000217914581,0.031628001481294632,0.029151000082492828,0.031358998268842697,15659730
2023-04-28T00:00:00.000000Z,0.031362999230623245,0.03270300105214119,0.030020000413060188,0.031289000064134598,15088913
2023-04-29T00:00:00.000000Z,0.031286999583244324,0.031488001346588135,0.028193999081850052,0.028860000893473625,12173731
2023-04-30T00:00:00.000000Z,0.028860000893473625,0.029008999466896057,0.026900000870227814,0.028301000595092773,13702493
2023-05-01T00:00:00.000000Z,0.028299000114202499,0.028720999136567116,0.025539999827742577,0.02582399919629097,12481372
2023-05-02T00:00:00.000000Z,0.025825999677181244,0.027403999119997025,0.023288000375032425,0.026196999475359917,15633912
2023-05-03T00:00:00.000000Z,0.02619599923491478,0.026928000152111053,0.024994999170303345,0.026063999161124229,10305446
2023-05-04T00:00:00.000000Z,0.026063999161124229,0.029683999717235565,0.025805000215768814,0.027581000700592995,17521766
2023-05-05T00:00:00.000000Z,0.02758299931883812,0.02805200032889843,0.025124000385403633,0.02660599909722805,16047379
2023-05-06T00:00:00.000000Z,0.026604000478982925,0.029287999495863914,0.02537900023162365,0.026231000199913979,19182117
2023-05-07T00:00:00.000000Z,0.026239000260829926,0.026669999584555626,0.024855000898241997,0.024994000792503357,10098674
2023-05-08T00:00:00.000000Z,0.024991000071167946,0.025071000680327415,0.022609999403357506,0.022820999845862389,15493439
2023-05-09T00:00:00.000000Z,0.022804999724030495,0.023818999528884888,0.021864999085664749,0.022515999153256416,11522827
2023-05-10T00:00:00.000000Z,0.022521000355482101,0.02399899996817112,0.022149000316858292,0.022585000842809677,10933900
2023-05-11T00:00:00.000000Z,0.022580999881029129,0.022679999470710754,0.019133999943733215,0.020542999729514122,15056357
2023-05-12T00:00:00.000000Z,0.020539000630378723,0.021216999739408493,0.018838999792933464,0.020887000486254692,11169594
2023-05-13T00:00:00.000000Z,0.020888999104499817,0.021491000428795815,0.020037999376654625,0.020316999405622482,8894993
2023-05-14T00:00:00.000000Z,0.020316999405622482,0.023883000016212463,0.020151000469923019,0.022191999480128288,13224204
2023-05-15T00:00:00.000000Z,0.022190000861883163,0.022774999961256981,0.021232999861240387,0.022063000127673149,9965942
2023-05-16T00:00:00.000000Z,0.022064000368118286,0.022068999707698822,0.01997699961066246,0.020096000283956528,9316741
2023-05-17T00:00:00.000000Z,0.020098000764846802,0.020331000909209251,0.018750999122858047,0.01970599964261055,12574634
2023-05-18T00:00:00.000000Z,0.019704999402165413,0.01981000043451786,0.017579000443220139,0.017612000927329063,9251501
2023-05-19T00:00:00.000000Z,0.017619000747799873,0.018052000552415848,0.015667000785470009,0.017635000869631767,16687260
2023-05-20T00:00:00.000000Z,0.01763400062918663,0.017643000930547714,0.016052000224590302,0.016969000920653343,11473979
2023-05-21T00:00:00.000000Z,0.016967000439763069,0.017295999452471733,0.016217000782489777,0.016590999439358711,7885254
2023-05-22T00:00:00.000000Z,0.016589999198913574,0.016620000824332237,0.014458999969065189,0.014561000280082226,11992133
2023-05-23T00:00:00.000000Z,0.014560000039637089,0.014814999885857105,0.012238999828696251,0.013443999923765659,14059220
2023-05-24T00:00:00.000000Z,0.013445000164210796,0.016862999647855759,0.012040000408887863,0.016303999349474907,16447412
2023-05-25T00:00:00.000000Z,0.016301000490784645,0.017279999330639839,0.014374000020325184,0.01620900072157383,15927641
2023-05-26T00:00:00.000000Z,0.016209999099373817,0.018745999783277512,0.0154600003734231,0.018250999972224236,12931881
2023-05-27T00:00:00.000000Z,0.018256999552249908,0.01961899921298027,0.018171999603509903,0.018759999424219131,13776392
2023-05-28T00:00:00.000000Z,0.018759999424219131,0.018857000395655632,0.017264999449253082,0.01781499944627285,13103642
2023-05-29T00:00:00.000000Z,0.017826000228524208,0.018486000597476959,0.016885999590158463,0.017139999195933342,10550414
2023-05-30T00:00:00.000000Z,0.017146000638604164,0.017712999135255814,0.015510999597609043,0.01613599993288517,9974541
2023-05-31T00:00:00.000000Z,0.01613599993288517,0.016178000718355179,0.014499000273644924,0.015746999531984329,9898349
2023-06-01T00:00:00.000000Z,0.015746999531984329,0.016304999589920044,0.014893000014126301,0.015706999227404594,8372025
2023-06-02T00:00:00.000000Z,0.015706999227404594,0.016334999352693558,0.01513299997895956,0.015487999655306339,8021181
2023-06-03T00:00:00.000000Z,0.015490000136196613,0.016652999445796013,0.015290999785065651,0.016410000622272491,9100885
2023-06-04T00:00:00.000000Z,0.016409000381827354,0.016840999945998192,0.015921000391244888,0.016065999865531921,8320679
2023-06-05T00:00:00.000000Z,0.016070000827312469,0.01610100083053112,0.014445000328123569,0.014530000276863575,8443701
2023-06-06T00:00:00.000000Z,0.014534000307321548,0.015410999767482281,0.013601000420749187,0.015045999549329281,9275062
2023-06-07T00:00:00.000000Z,0.015045000240206718,0.015340999700129032,0.014537000097334385,0.01498700026422739,7148950
2023-06-08T00:00:00.000000Z,0.014986000023782253,0.01547200046479702,0.014558999799191952,0.015317000448703766,7093770
2023-06-09T00:00:00.000000Z,0.015321999788284302,0.016433000564575195,0.015321999788284302,0.015877999365329742,9361802
2023-06-10T00:00:00.000000Z,0.015878999605774879,0.015949999913573265,0.014469999819993973,0.015593999996781349,10033108
2023-06-11T00:00:00.000000Z,0.015592999756336212,0.015628999099135399,0.015048000030219555,0.015351000241935253,7140042
2023-06-12T00:00:00.000000Z,0.015350000001490116,0.016590999439358711,0.015161000192165375,0.016401000320911407,9494004
2023-06-13T00:00:00.000000Z,0.016398999840021133,0.016789000481367111,0.016044000163674355,0.01667499914765358,8552616
2023-06-14T00:00:00.000000Z,0.01667499914765358,0.01837800070643425,0.016257999464869499,0.01837800070643425,12055527
2023-06-15T00:00:00.000000Z,0.018407000228762627,0.022628000006079674,0.017836000770330429,0.022429000586271286,24906184
2023-06-16T00:00:00.000000Z,0.022422000765800476,0.022425999864935875,0.020020000636577606,0.020483000203967094,15302428
2023-06-17T00:00:00.000000Z,0.020486000925302505,0.021619999781250954,0.020173000171780586,0.021237999200820923,10529611
2023-06-18T00:00:00.000000Z,0.021236000582575798,0.021507000550627708,0.020024999976158142,0.020052000880241394,9667658
2023-06-19T00:00:00.000000Z,0.020052000880241394,0.021553000435233116,0.018728999421000481,0.021553000435233116,12992769
2023-06-20T00:00:00.000000Z,0.021506000310182571,0.023003000766038895,0.020835999399423599,0.0228899996727705,13353294
2023-06-21T00:00:00.000000Z,0.022897999733686447,0.0243500005453825,0.022476999089121819,0.023715000599622726,15244441
2023-06-22T00:00:00.000000Z,0.023726999759674072,0.027750000357627869,0.02324100024998188,0.026782000437378883,21305449
2023-06-23T00:00:00.000000Z,0.026760999113321304,0.027916999533772469,0.026118999347090721,0.026674000546336174,17551528
2023-06-24T00:00:00.000000Z,0.026676999405026436,0.026995999738574028,0.024474000558257103,0.025164000689983368,16175393
2023-06-25T00:00:00.000000Z,0.025164000689983368,0.026201000437140465,0.02472200058400631,0.025623999536037445,12237362
2023-06-26T00:00:00.000000Z,0.025623999536037445,0.02602900005877018,0.024576999247074127,0.024834999814629555,12740212
2023-06-27T00:00:00.000000Z,0.024837000295519829,0.027445999905467033,0.023928999900817871,0.027396000921726227,15527228
2023-06-28T00:00:00.000000Z,0.02739500068128109,0.027408000081777573,0.025088999420404434,0.025216000154614449,15889507
2023-06-29T00:00:00.000000Z,0.025216000154614449,0.026395000517368317,0.025174999609589577,0.025694999843835831,11219897
2023-06-30T00:00:00.000000Z,0.025694999843835831,0.026868000626564026,0.025404000654816628,0.02607399970293045,13068232
2023-07-01T00:00:00.000000Z,0.026071000844240189,0.026071000844240189,0.025181999430060387,0.025376999750733376,9620517
2023-07-02T00:00:00.000000Z,0.025374000892043114,0.025505000725388527,0.024454999715089798,0.024698000401258469,10712484
2023-07-03T00:00:00.000000Z,0.024700000882148743,0.024732999503612518,0.023057000711560249,0.024205999448895454,15032388
2023-07-04T00:00:00.000000Z,0.024205999448895454,0.024615999311208725,0.023210000246763229,0.023710999637842178,10496844
2023-07-05T00:00:00.000000Z,0.023715000599622726,0.023732999339699745,0.021158000454306602,0.022345000877976418,13002341
2023-07-06T00:00:00.000000Z,0.022340999916195869,0.022340999916195869,0.020177999511361122,0.021150000393390656,14953474
2023-07-07T00:00:00.000000Z,0.021150000393390656,0.023571999743580818,0.02107900008559227,0.023197999224066734,12015701
2023-07-08T00:00:00.000000Z,0.023200999945402145,0.025762999430298805,0.022890999913215637,0.02553899958729744,11742740
2023-07-09T00:00:00.000000Z,0.02556299977004528,0.025746999308466911,0.024375999346375465,0.025194000452756882,12050601
2023-07-10T00:00:00.000000Z,0.025193000212311745,0.025282999500632286,0.023178000003099442,0.023940000683069229,12944613
2023-07-11T00:00:00.000000Z,0.023942999541759491,0.024678999558091164,0.02377999946475029,0.024505000561475754,10108339
2023-07-12T00:00:00.000000Z,0.024505000561475754,0.026244999840855598,0.024001000449061394,0.026131000369787216,13627847
2023-07-13T00:00:00.000000Z,0.02613300085067749,0.027471000328660011,0.025467999279499054,0.027378000319004059,17856476
2023-07-14T00:00:00.000000Z,0.027365999296307564,0.029647000133991241,0.026948999613523483,0.028305999934673309,20243046
2023-07-15T00:00:00.000000Z,0.028302999213337898,0.028552999719977379,0.02739500068128109,0.028122000396251678,13136188
2023-07-16T00:00:00.000000Z,0.028119999915361404,0.032795000821352005,0.028108999133110046,0.032512001693248749,26145159
2023-07-17T00:00:00.000000Z,0.032545000314712524,0.034377999603748322,0.031217999756336212,0.033241000026464462,31686229
2023-07-18T00:00:00.000000Z,0.033231999725103378,0.034752000123262405,0.030649999156594276,0.034279998391866684,26194878
2023-07-19T00:00:00.000000Z,0.034286998212337494,0.03540400043129921,0.032976999878883362,0.034889999777078629,27924701
2023-07-20T00:00:00.000000Z,0.034887999296188354,0.035480000078678131,0.033362001180648804,0.034177999943494797,20204953
2023-07-21T00:00:00.000000Z,0.034184999763965607,0.034736998379230499,0.032809998840093613,0.034685000777244568,19470842
2023-07-22T00:00:00.000000Z,0.03467399999499321,0.038913998752832413,0.033982999622821808,0.038901999592781067,26980758
2023-07-23T00:00:00.000000Z,0.038846999406814575,0.041021000593900681,0.037317000329494476,0.040201000869274139,36415441
2023-07-24T00:00:00.000000Z,0.040201999247074127,0.040201999247074127,0.035663001239299774,0.037227001041173935,31173998
2023-07-25T00:00:00.000000Z,0.037238001823425293,0.038070999085903168,0.032896000891923904,0.035771999508142471,40246380
2023-07-26T00:00:00.000000Z,0.035787001252174377,0.039592999964952469,0.035732001066207886,0.038302000612020493,30039372
2023-07-27T00:00:00.000000Z,0.038302000612020493,0.038942001760005951,0.036515001207590103,0.037099998444318771,24830724
2023-07-28T00:00:00.000000Z,0.037103001028299332,0.037250999361276627,0.03490699827671051,0.036437999457120895,25101571
2023-07-29T00:00:00.000000Z,0.036435000598430634,0.037007998675107956,0.034155000001192093,0.035732001066207886,22757669
2023-07-30T00:00:00.000000Z,0.035732999444007874,0.03740600124001503,0.034630998969078064,0.037156000733375549,24884210
2023-07-31T00:00:00.000000Z,0.037142999470233917,0.039147000759840012,0.037103001028299332,0.039120998233556747,26491013
2023-08-01T00:00:00.000000Z,0.039106998592615128,0.040738001465797424,0.037337999790906906,0.040685001760721207,29558457
2023-08-02T00:00:00.000000Z,0.040649998933076859,0.04715299978852272,0.040334999561309814,0.046654999256134033,51487799
2023-08-03T00:00:00.000000Z,0.046617001295089722,0.048443999141454697,0.043696001172065735,0.045217998325824738,50105209
2023-08-04T00:00:00.000000Z,0.045221000909805298,0.04686100035905838,0.04452899843454361,0.046408001333475113,36800477
2023-08-05T00:00:00.000000Z,0.046411000192165375,0.047674998641014099,0.045187998563051224,0.04725399985909462,29829178
2023-08-06T00:00:00.000000Z,0.047260001301765442,0.051481999456882477,0.046721998602151871,0.050207998603582382,40939664
2023-08-07T00:00:00.000000Z,0.050193000584840775,0.051231000572443008,0.046117998659610748,0.048611000180244446,41565707
2023-08-08T00:00:00.000000Z,0.048601001501083374,0.049013998359441757,0.044264998286962509,0.046521998941898346,42944617
2023-08-09T00:00:00.000000Z,0.04652399942278862,0.04714599996805191,0.045416999608278275,0.046507000923156738,26354417
2023-08-10T00:00:00.000000Z,0.046479001641273499,0.046480998396873474,0.04244999960064888,0.042495999485254288,29926867
2023-08-11T00:00:00.000000Z,0.0424950011074543,0.046856999397277832,0.041223000735044479,0.046493999660015106,34497004
2023-08-12T00:00:00.000000Z,0.046484999358654022,0.046569999307394028,0.045051001012325287,0.045526999980211258,24539363
2023-08-13T00:00:00.000000Z,0.045543000102043152,0.045660000294446945,0.042394001036882401,0.04323200136423111,25018564
2023-08-14T00:00:00.000000Z,0.043228000402450562,0.043724000453948975,0.039808999747037888,0.041264001280069351,22852845
2023-08-15T00:00:00.000000Z,0.041230998933315277,0.042711000889539719,0.03804900124669075,0.041544999927282333,27804405
2023-08-16T00:00:00.000000Z,0.041487999260425568,0.042167000472545624,0.038596000522375107,0.038596000522375107,16827846
2023-08-17T00:00:00.000000Z,0.038610998541116714,0.040045000612735748,0.036281999200582504,0.037337001413106918,18644714
2023-08-18T00:00:00.000000Z,0.037337001413106918,0.039624001830816269,0.036065999418497086,0.039624001830816269,20495305
2023-08-19T00:00:00.000000Z,0.039652001112699509,0.042406000196933746,0.039544001221656799,0.041522998362779617,21660438
2023-08-20T00:00:00.000000Z,0.04152199998497963,0.042367998510599136,0.040596999228000641,0.041829001158475876,11290316
2023-08-21T00:00:00.000000Z,0.041822999715805054,0.04415300115942955,0.041285000741481781,0.041717000305652618,20125690
2023-08-22T00:00:00.000000Z,0.041717000305652618,0.042739998549222946,0.039018001407384872,0.040277998894453049,17655480
2023-08-23T00:00:00.000000Z,0.040305998176336288,0.041044000536203384,0.038380000740289688,0.040376000106334686,18206963
2023-08-24T00:00:00.000000Z,0.040373999625444412,0.040557999163866043,0.038068000227212906,0.038555998355150223,12171791
2023-08-25T00:00:00.000000Z,0.038555998355150223,0.038871001452207565,0.036710001528263092,0.037562999874353409,12267738
2023-08-26T00:00:00.000000Z,0.037539001554250717,0.037721000611782074,0.035004999488592148,0.035643000155687332,9025825
2023-08-27T00:00:00.000000Z,0.03564399853348732,0.037117000669240952,0.033959999680519104,0.036093998700380325,13564692
2023-08-28T00:00:00.000000Z,0.036058001220226288,0.036490999162197113,0.034108001738786697,0.034483000636100769,8410655
2023-08-29T00:00:00.000000Z,0.034476000815629959,0.03674599900841713,0.032242998480796814,0.035427000373601913,21129952
2023-08-30T00:00:00.000000Z,0.035436000674962997,0.036471001803874969,0.033704999834299088,0.03399600088596344,11799497
2023-08-31T00:00:00.000000Z,0.033996999263763428,0.035114001482725143,0.033052999526262283,0.033716000616550446,9568204
2023-09-01T00:00:00.000000Z,0.033709999173879623,0.034632999449968338,0.033280998468399048,0.034630000591278076,7796911
2023-09-02T00:00:00.000000Z,0.034703999757766724,0.035716000944375992,0.03462199866771698,0.035487998276948929,8901951
2023-09-03T00:00:00.000000Z,0.035489000380039215,0.035638999193906784,0.034499999135732651,0.034644998610019684,5828047
2023-09-04T00:00:00.000000Z,0.034641001373529434,0.034674998372793198,0.033332999795675278,0.033482000231742859,7031775
2023-09-05T00:00:00.000000Z,0.033482998609542847,0.03471200168132782,0.033132001757621765,0.034572001546621323,8207633
2023-09-06T00:00:00.000000Z,0.034575998783111572,0.04012800008058548,0.034575998783111572,0.038373999297618866,22793014
2023-09-07T00:00:00.000000Z,0.03837599977850914,0.041473999619483948,0.038256000727415085,0.039096001535654068,21822874
2023-09-08T00:00:00.000000Z,0.03909900039434433,0.039455000311136246,0.03730899840593338,0.038830000907182693,11063722
2023-09-09T00:00:00.000000Z,0.038823999464511871,0.039524000138044357,0.038334999233484268,0.039034001529216766,7095572
2023-09-10T00:00:00.000000Z,0.039034001529216766,0.040670998394489288,0.038729000836610794,0.040305998176336288,12324737
2023-09-11T00:00:00.000000Z,0.040302999317646027,0.040594000369310379,0.038920998573303223,0.039540000259876251,10830984
2023-09-12T00:00:00.000000Z,0.039544999599456787,0.042856000363826752,0.039533000439405441,0.042279999703168869,19131445
2023-09-13T00:00:00.000000Z,0.042286001145839691,0.049469999969005585,0.041818000376224518,0.049325998872518539,27430498
2023-09-14T00:00:00.000000Z,0.049329999834299088,0.050186999142169952,0.046553999185562134,0.047116000205278397,21243246
2023-09-15T00:00:00.000000Z,0.047116000205278397,0.048719998449087143,0.047005001455545425,0.048638001084327698,12317676
2023-09-16T00:00:00.000000Z,0.048634998500347137,0.049952000379562378,0.047506999224424362,0.047967001795768738,13787364
2023-09-17T00:00:00.000000Z,0.047981999814510345,0.048103999346494675,0.044971998780965805,0.045747999101877213,15080234
2023-09-18T00:00:00.000000Z,0.04576599970459938,0.049545999616384506,0.045742001384496689,0.048493999987840652,16803571
2023-09-19T00:00:00.000000Z,0.048498000949621201,0.051665998995304108,0.048225998878479004,0.051647000014781952,18274951
2023-09-20T00:00:00.000000Z,0.051649998873472214,0.053463999181985855,0.049199998378753662,0.049295000731945038,23496953
2023-09-21T00:00:00.000000Z,0.04929099977016449,0.050110001116991043,0.045747999101877213,0.045935999602079391,18406046
2023-09-22T00:00:00.000000Z,0.045931000262498856,0.047115001827478409,0.043699998408555984,0.046121001243591309,17803538
2023-09-23T00:00:00.000000Z,0.046128001064062119,0.046675000339746475,0.044791001826524734,0.045127000659704208,9614354
2023-09-24T00:00:00.000000Z,0.045127999037504196,0.047903001308441162,0.045030001550912857,0.047113999724388123,12262087
2023-09-25T00:00:00.000000Z,0.047113999724388123,0.048089999705553055,0.045813001692295074,0.046828001737594604,12710459
2023-09-26T00:00:00.000000Z,0.046826999634504318,0.047148998826742172,0.045310001820325851,0.046829000115394592,11670119
2023-09-27T00:00:00.000000Z,0.046824999153614044,0.047722000628709793,0.046248998492956161,0.046620998531579971,9833904
2023-09-28T00:00:00.000000Z,0.046629000455141068,0.047286000102758408,0.046358000487089157,0.04720500111579895,7063445
2023-09-29T00:00:00.000000Z,0.047205999493598938,0.048312000930309296,0.047116000205278397,0.047610998153686523,9446420
2023-09-30T00:00:00.000000Z,0.047610998153686523,0.048987999558448792,0.04758400097489357,0.048661001026630402,8460765
2023-10-01T00:00:00.000000Z,0.04864799976348877,0.051203001290559769,0.048604998737573624,0.051148001104593277,15194035
2023-10-02T00:00:00.000000Z,0.051144998520612717,0.051435999572277069,0.049548998475074768,0.049986999481916428,13730586
2023-10-03T00:00:00.000000Z,0.049979999661445618,0.051096998155117035,0.049706000834703445,0.050616998225450516,11242128
2023-10-04T00:00:00.000000Z,0.050616998225450516,0.050726998597383499,0.049143999814987183,0.04923899844288826,9015115
2023-10-05T00:00:00.000000Z,0.049242999404668808,0.049318000674247742,0.047088999301195145,0.048264998942613602,13046687
2023-10-06T00:00:00.000000Z,0.048262998461723328,0.050542999058961868,0.048238001763820648,0.0502920001745224,10652278
2023-10-07T00:00:00.000000Z,0.05028500035405159,0.051050998270511627,0.04929099977016449,0.049460001289844513,10881061
2023-10-08T00:00:00.000000Z,0.049463000148534775,0.050218001008033752,0.048245001584291458,0.048686999827623367,9434946
2023-10-09T00:00:00.000000Z,0.048686999827623367,0.048730999231338501,0.045294001698493958,0.045866001397371292,15939876
2023-10-10T00:00:00.000000Z,0.045866001397371292,0.046399001032114029,0.041909001767635345,0.042410001158714294,22078808
2023-10-11T00:00:00.000000Z,0.042410999536514282,0.044197000563144684,0.041499998420476913,0.044029999524354935,17540390
2023-10-12T00:00:00.000000Z,0.044032998383045197,0.04507799819111824,0.042794998735189438,0.043714001774787903,12874495
2023-10-13T00:00:00.000000Z,0.043712999671697617,0.044048000127077103,0.042217999696731567,0.042357999831438065,9924600
2023-10-14T00:00:00.000000Z,0.042360000312328339,0.043223001062870026,0.041953999549150467,0.042497001588344574,8576612
2023-10-15T00:00:00.000000Z,0.04249899834394455,0.043210998177528381,0.042367000132799149,0.043016999959945679,5949740
2023-10-16T00:00:00.000000Z,0.043019000440835953,0.046075999736785889,0.042906999588012695,0.044840998947620392,15778815
2023-10-17T00:00:00.000000Z,0.044840000569820404,0.047988001257181168,0.044436998665332794,0.047495998442173004,13958239
2023-10-18T00:00:00.000000Z,0.047501001507043839,0.04762599989771843,0.045614998787641525,0.046606000512838364,13537009
2023-10-19T00:00:00.000000Z,0.046606000512838364,0.046840999275445938,0.045407000929117203,0.045956999063491821,10109775
2023-10-20T00:00:00.000000Z,0.045956999063491821,0.049320001155138016,0.045887000858783722,0.048810999840497971,17636296
2023-10-21T00:00:00.000000Z,0.048811998218297958,0.050937000662088394,0.048755999654531479,0.049984000623226166,14879451
2023-10-22T00:00:00.000000Z,0.04998600110411644,0.050606001168489456,0.048868000507354736,0.050055000931024551,11797161
2023-10-23T00:00:00.000000Z,0.050223000347614288,0.051431998610496521,0.049665998667478561,0.051199000328779221,14066439
2023-10-24T00:00:00.000000Z,0.051189001649618149,0.052790001034736633,0.050546001642942429,0.051559001207351685,21143766
2023-10-25T00:00:00.000000Z,0.051566999405622482,0.051941998302936554,0.049194999039173126,0.049481999129056931,13422887
2023-10-26T00:00:00.000000Z,0.049502000212669373,0.050207998603582382,0.048758000135421753,0.049584999680519104,14352058
2023-10-27T00:00:00.000000Z,0.04958299919962883,0.050817001610994339,0.04926300048828125,0.050496999174356461,10184195
2023-10-28T00:00:00.000000Z,0.050494998693466187,0.051015999168157578,0.050434999167919159,0.050795000046491623,7574248
2023-10-29T00:00:00.000000Z,0.050795000046491623,0.052822001278400421,0.050728999078273773,0.052338998764753342,11304464
2023-10-30T00:00:00.000000Z,0.052340000867843628,0.052770998328924179,0.050852000713348389,0.051458999514579773,12693882
2023-10-31T00:00:00.000000Z,0.051465999335050583,0.05166500061750412,0.04954800009727478,0.050273999571800232,14692697
2023-11-01T00:00:00.000000Z,0.050269000232219696,0.052060000598430634,0.050252001732587814,0.052000999450683594,12475240
2023-11-02T00:00:00.000000Z,0.05200200155377388,0.052225001156330109,0.050740998238325119,0.051135998219251633,11963744
2023-11-03T00:00:00.000000Z,0.051130000501871109,0.052108999341726303,0.050643999129533768,0.052062999457120895,12495564
2023-11-04T00:00:00.000000Z,0.052067000418901443,0.060141000896692276,0.052067000418901443,0.05950000137090683,42876024
2023-11-05T00:00:00.000000Z,0.059482000768184662,0.066128000617027283,0.057514000684022903,0.064503997564315796,54422508
2023-11-06T00:00:00.000000Z,0.06450200080871582,0.06825999915599823,0.061535000801086426,0.064461000263690948,48481342
2023-11-07T00:00:00.000000Z,0.064456000924110413,0.06928899884223938,0.063896998763084412,0.068135999143123627,36504652
2023-11-08T00:00:00.000000Z,0.068130001425743103,0.078803002834320068,0.067804999649524689,0.078010998666286469,73043618
2023-11-09T00:00:00.000000Z,0.078008003532886505,0.093278996646404266,0.076532997190952301,0.0922589972615242,157880341
2023-11-10T00:00:00.000000Z,0.092283003032207489,0.098806001245975494,0.088665999472141266,0.091297000646591187,85423672
2023-11-11T00:00:00.000000Z,0.09136199951171875,0.092422999441623688,0.08387400209903717,0.088578999042510986,58870703
2023-11-12T00:00:00.000000Z,0.088579997420310974,0.091270998120307922,0.086297996342182159,0.087926998734474182,35785271
2023-11-13T00:00:00.000000Z,0.08794800192117691,0.09005100280046463,0.07842700183391571,0.081331998109817505,54351724
2023-11-14T00:00:00.000000Z,0.081258997321128845,0.09103500097990036,0.080367997288703918,0.089718997478485107,51769156
2023-11-15T00:00:00.000000Z,0.089956998825073242,0.11836499720811844,0.089308001101016998,0.11700300127267838,150136909
2023-11-16T00:00:00.000000Z,0.11699199676513672,0.14554299414157867,0.11199600249528885,0.12614500522613525,260208912
2023-11-17T00:00:00.000000Z,0.12615199387073517,0.14073300361633301,0.11301299929618835,0.13695000112056732,188438370
2023-11-18T00:00:00.000000Z,0.13689799606800079,0.14564299583435059,0.12804600596427917,0.14001800119876862,148475423
2023-11-19T00:00:00.000000Z,0.14002600312232971,0.15401500463485718,0.13441300392150879,0.14484299719333649,135582363
2023-11-20T00:00:00.000000Z,0.14477300643920898,0.14607200026512146,0.12942600250244141,0.13115100562572479,107081295
2023-11-21T00:00:00.000000Z,0.13115400075912476,0.13265499472618103,0.11614900082349777,0.11614900082349777,105364085
2023-11-22T00:00:00.000000Z,0.11612199991941452,0.13536900281906128,0.11606600135564804,0.12840999662876129,96283025
2023-11-23T00:00:00.000000Z,0.12836800515651703,0.13109199702739716,0.12427499890327454,0.12631499767303467,55871395
2023-11-24T00:00:00.000000Z,0.12636800110340118,0.14180000126361847,0.12627899646759033,0.13960400223731995,84589109
2023-11-25T00:00:00.000000Z,0.13960599899291992,0.14163400232791901,0.13427700102329254,0.13736499845981598,40575620
2023-11-26T00:00:00.000000Z,0.13737399876117706,0.13863199949264526,0.12755900621414185,0.13022699952125549,46042877
2023-11-27T00:00:00.000000Z,0.13020800054073334,0.13264000415802002,0.1231049969792366,0.12857399880886078,48577013
2023-11-28T00:00:00.000000Z,0.12862700223922729,0.13520300388336182,0.1236879974603653,0.13242800533771515,53578369
2023-11-29T00:00:00.000000Z,0.13243700563907623,0.13446299731731415,0.12741799652576447,0.12913000583648682,35470682
2023-11-30T00:00:00.000000Z,0.1291310042142868,0.13097499310970306,0.12709900736808777,0.12853799760341644,28426929
2023-12-01T00:00:00.000000Z,0.12854099273681641,0.14097400009632111,0.12825800478458405,0.13771900534629822,54884310
2023-12-02T00:00:00.000000Z,0.13795800507068634,0.14044700562953949,0.13579800724983215,0.13787199556827545,39555948
2023-12-03T00:00:00.000000Z,0.13786900043487549,0.1424659937620163,0.13771000504493713,0.14028799533843994,46263621
2023-12-04T00:00:00.000000Z,0.14026500284671783,0.14983600378036499,0.13917100429534912,0.14523200690746307,168141478
2023-12-05T00:00:00.000000Z,0.14523500204086304,0.14640399813652039,0.13925200700759888,0.14054800570011139,50837281
2023-12-06T00:00:00.000000Z,0.14053800702095032,0.14221900701522827,0.13658800721168518,0.13788799941539764,47822097
2023-12-07T00:00:00.000000Z,0.13794200122356415,0.13945500552654266,0.1269489973783493,0.1274539977312088,46642073
2023-12-08T00:00:00.000000Z,0.12749199569225311,0.13540099561214447,0.12643900513648987,0.13126200437545776,44718159
2023-12-09T00:00:00.000000Z,0.13126799464225769,0.1334650069475174,0.12687699496746063,0.12888200581073761,40329341
2023-12-10T00:00:00.000000Z,0.12886899709701538,0.13147200644016266,0.12505699694156647,0.12970900535583496,30143380
2023-12-11T00:00:00.000000Z,0.12971299886703491,0.12994299829006195,0.11616300046443939,0.119439996778965,54766795
2023-12-12T00:00:00.000000Z,0.11945199966430664,0.12631900608539581,0.11652199923992157,0.11942700296640396,48765052
2023-12-13T00:00:00.000000Z,0.11942999809980392,0.13028700649738312,0.11824300140142441,0.12670600414276123,57811760
2023-12-14T00:00:00.000000Z,0.12671500444412231,0.12947000563144684,0.12506599724292755,0.12888100743293762,47059844
2023-12-15T00:00:00.000000Z,0.12892599403858185,0.12908600270748138,0.11731299757957458,0.11788299679756165,40672385
2023-12-16T00:00:00.000000Z,0.11788000166416168,0.12460199743509293,0.11717800050973892,0.11903099715709686,36513646
2023-12-17T00:00:00.000000Z,0.11903099715709686,0.11993300169706345,0.10427100211381912,0.10714200139045715,68433285
2023-12-18T00:00:00.000000Z,0.10707999765872955,0.10870199650526047,0.096290998160839081,0.10870199650526047,66922666
2023-12-19T00:00:00.000000Z,0.10871399939060211,0.11416000127792358,0.10598199814558029,0.10704100131988525,48722574
2023-12-20T00:00:00.000000Z,0.10704199969768524,0.11726000159978867,0.10560300201177597,0.11367200314998627,51823930
2023-12-21T00:00:00.000000Z,0.1136929988861084,0.11503399908542633,0.10996299982070923,0.11346600204706192,35998712
2023-12-22T00:00:00.000000Z,0.11346700042486191,0.11582999676465988,0.10754799842834473,0.11062800139188766,37541821
2023-12-23T00:00:00.000000Z,0.11061699688434601,0.11440200358629227,0.10678499937057495,0.11324399709701538,31815614
2023-12-24T00:00:00.000000Z,0.1132500022649765,0.1132500022649765,0.10364300012588501,0.10507500171661377,39875978
2023-12-25T00:00:00.000000Z,0.10507900267839432,0.10906500369310379,0.10391899943351746,0.10877499729394913,37301350
2023-12-26T00:00:00.000000Z,0.10877499729394913,0.11238200217485428,0.10096800327301025,0.10480699688196182,39428873
2023-12-27T00:00:00.000000Z,0.10480699688196182,0.10630200058221817,0.10253600031137466,0.10565699636936188,25998255
2023-12-28T00:00:00.000000Z,0.10566800087690353,0.11339599639177322,0.10474000126123428,0.11179599910974503,44279784
2023-12-29T00:00:00.000000Z,0.11184900254011154,0.1282459944486618,0.10981699824333191,0.11961700022220612,85199770
2023-12-30T00:00:00.000000Z,0.11962100118398666,0.12509700655937195,0.11330699920654297,0.1181500032544136,42564110
2023-12-31T00:00:00.000000Z,0.11812300235033035,0.11918699741363525,0.11139100044965744,0.11220400035381317,24932402
2024-01-01T00:00:00.000000Z,0.11242599785327911,0.11641199886798859,0.11052300035953522,0.11641199886798859,24415181
2024-01-02T00:00:00.000000Z,0.11641799658536911,0.1216920018196106,0.11452200263738632,0.11710900068283081,38272750
2024-01-03T00:00:00.000000Z,0.1171099990606308,0.12056600302457809,0.099817998707294464,0.10643599927425385,72491125
2024-01-04T00:00:00.000000Z,0.10644300282001495,0.11757899820804596,0.10351599752902985,0.11681400239467621,39443737
2024-01-05T00:00:00.000000Z,0.11678099632263184,0.1184220016002655,0.10746999830007553,0.11119800060987473,38611124
2024-01-06T00:00:00.000000Z,0.11120700091123581,0.11123300343751907,0.10507900267839432,0.10828500241041183,25597111
2024-01-07T00:00:00.000000Z,0.10832100361585617,0.11212500184774399,0.10587900131940842,0.10704900324344635,22648382
2024-01-08T00:00:00.000000Z,0.10705099999904633,0.11528100073337555,0.099490001797676086,0.11410900205373764,44012876
2024-01-09T00:00:00.000000Z,0.11408799886703491,0.11683999747037888,0.10846900194883347,0.11110799759626389,42712665
2024-01-10T00:00:00.000000Z,0.11110299825668335,0.12302300333976746,0.11021099984645844,0.11986800283193588,42796466
2024-01-11T00:00:00.000000Z,0.11992400139570236,0.12930700182914734,0.11478400230407715,0.12275999784469604,61829449
2024-01-12T00:00:00.000000Z,0.12290599942207336,0.12528300285339355,0.11098399758338928,0.11552900075912476,39135659
2024-01-13T00:00:00.000000Z,0.11551299691200256,0.11681599915027618,0.11255499720573425,0.11432000249624252,19487055
2024-01-14T00:00:00.000000Z,0.11432500183582306,0.11753199994564056,0.11254400014877319,0.11262699961662292,19747066
2024-01-15T00:00:00.000000Z,0.11253300309181213,0.11429999768733978,0.1089790016412735,0.11015100032091141,18378126
2024-01-16T00:00:00.000000Z,0.11006399989128113,0.11400400102138519,0.10966199636459351,0.1125510036945343,21160333
2024-01-17T00:00:00.000000Z,0.11249999701976776,0.11283800005912781,0.11007200181484222,0.11197700351476669,16677940
2024-01-18T00:00:00.000000Z,0.11198700219392776,0.11205200105905533,0.10162600129842758,0.10388000309467316,30416430
2024-01-19T00:00:00.000000Z,0.10388000309467316,0.10645899921655655,0.095664002001285553,0.10618399828672409,34362145
2024-01-20T00:00:00.000000Z,0.10618399828672409,0.106734998524189,0.10148199647665024,0.10287299752235413,16888276
2024-01-21T00:00:00.000000Z,0.10287400335073471,0.10493999719619751,0.10225100070238113,0.10235600173473358,11953806
2024-01-22T00:00:00.000000Z,0.10237400233745575,0.10268300026655197,0.097694002091884613,0.097992002964019775,24364170
2024-01-23T00:00:00.000000Z,0.097992002964019775,0.099725998938083649,0.093413002789020538,0.097875997424125671,27943974
2024-01-24T00:00:00.000000Z,0.097875997424125671,0.10321299731731415,0.096519000828266144,0.10013099759817123,18222978
2024-01-25T00:00:00.000000Z,0.10012999922037125,0.10033900290727615,0.09609600156545639,0.098544999957084656,17183562
2024-01-26T00:00:00.000000Z,0.098582997918128967,0.10539799928665161,0.09777899831533432,0.10463599860668182,20485042
2024-01-27T00:00:00.000000Z,0.10461799800395966,0.10645200312137604,0.10335499793291092,0.10641500353813171,12711722
2024-01-28T00:00:00.000000Z,0.10642199963331223,0.10994499921798706,0.10343900322914124,0.10416699945926666,16763042
2024-01-29T00:00:00.000000Z,0.10418699681758881,0.10801000148057938,0.10151900351047516,0.1074260026216507,17743144
2024-01-30T00:00:00.000000Z,0.1074260026216507,0.10786899924278259,0.1033099964261055,0.10352999716997147,19764272
2024-01-31T00:00:00.000000Z,0.1035740002989769,0.10383400321006775,0.099085003137588501,0.099133998155593872,22085412
2024-02-01T00:00:00.000000Z,0.099133998155593872,0.10200399905443192,0.097419999539852142,0.10121499747037888,19019616
2024-02-02T00:00:00.000000Z,0.10125499963760376,0.10307099670171738,0.1005610004067421,0.10227300226688385,17921111
2024-02-03T00:00:00.000000Z,0.10228300094604492,0.10288900136947632,0.10125800222158432,0.10184600204229355,11064955
2024-02-04T00:00:00.000000Z,0.10183899849653244,0.10232199728488922,0.10008099675178528,0.10076999664306641,12338313
2024-02-05T00:00:00.000000Z,0.10080400109291077,0.1014849990606308,0.099110998213291168,0.099841997027397156,15269873
2024-02-06T00:00:00.000000Z,0.099844999611377716,0.10547299683094025,0.099221996963024139,0.10443100333213806,21133658
2024-02-07T00:00:00.000000Z,0.10443200170993805,0.12107899785041809,0.10318099707365036,0.11686699837446213,54691898
2024-02-08T00:00:00.000000Z,0.1169859990477562,0.12954500317573547,0.11677300184965134,0.12518699467182159,66411149
2024-02-09T00:00:00.000000Z,0.12524899840354919,0.13881599903106689,0.12507399916648865,0.13739900290966034,67308194
2024-02-10T00:00:00.000000Z,0.13739100098609924,0.14195500314235687,0.13289999961853027,0.13899999856948853,55577075
2024-02-11T00:00:00.000000Z,0.13901300728321075,0.14794600009918213,0.13525700569152832,0.14191700518131256,61479371
2024-02-12T00:00:00.000000Z,0.14192800223827362,0.14699099957942963,0.13509400188922882,0.14445999264717102,62586736
2024-02-13T00:00:00.000000Z,0.14445699751377106,0.14523699879646301,0.13556300103664398,0.13760200142860413,49296128
2024-02-14T00:00:00.000000Z,0.13761800527572632,0.14217099547386169,0.13620899617671967,0.14192600548267365,36043122
2024-02-15T00:00:00.000000Z,0.14190599322319031,0.14442799985408783,0.13774099946022034,0.13948400318622589,42720963
2024-02-16T00:00:00.000000Z,0.13946099579334259,0.14801099896430969,0.1388469934463501,0.14801099896430969,48756518
2024-02-17T00:00:00.000000Z,0.14801099896430969,0.16900500655174255,0.14801099896430969,0.16396999359130859,150280718
2024-02-18T00:00:00.000000Z,0.16395500302314758,0.16602699458599091,0.15902599692344666,0.16312000155448914,50546335
2024-02-19T00:00:00.000000Z,0.16313199698925018,0.18370400369167328,0.16264399886131287,0.18367099761962891,104321481
2024-02-20T00:00:00.000000Z,0.18367099761962891,0.18939800560474396,0.16828800737857819,0.17978200316429138,107893109
2024-02-21T00:00:00.000000Z,0.17978200316429138,0.18018500506877899,0.16464699804782867,0.17263300716876984,76941629
2024-02-22T00:00:00.000000Z,0.17265699803829193,0.17430399358272552,0.16674500703811646,0.16868700087070465,50170064
2024-02-23T00:00:00.000000Z,0.16863599419593811,0.17068399488925934,0.16080200672149658,0.16158400475978851,48219770
2024-02-24T00:00:00.000000Z,0.16159400343894958,0.17093999683856964,0.15902499854564667,0.1696150004863739,35118222
2024-02-25T00:00:00.000000Z,0.1696150004863739,0.1748960018157959,0.16921700537204742,0.17075000703334808,40246643
2024-02-26T00:00:00.000000Z,0.1707489937543869,0.1723950058221817,0.1605059951543808,0.17094500362873077,64199526
2024-02-27T00:00:00.000000Z,0.17094500362873077,0.17457999289035797,0.16669599711894989,0.16905100643634796,55990953
2024-02-28T00:00:00.000000Z,0.16905499994754791,0.18542200326919556,0.15562799572944641,0.17519199848175049,125712645
2024-02-29T00:00:00.000000Z,0.1751520037651062,0.18276099860668182,0.16941800713539124,0.17141599953174591,86591369
2024-03-01T00:00:00.000000Z,0.17156399786472321,0.17612400650978088,0.17020300030708313,0.17354400455951691,62721861
2024-03-02T00:00:00.000000Z,0.17356599867343903,0.17418999969959259,0.1667809933423996,0.17055800557136536,59319783
2024-03-03T00:00:00.000000Z,0.17056199908256531,0.17057900130748749,0.16171200573444366,0.16699199378490448,57693357
2024-03-04T00:00:00.000000Z,0.16703300178050995,0.17117899656295776,0.15619799494743347,0.16163699328899384,104843344
2024-03-05T00:00:00.000000Z,0.16187499463558197,0.16794900596141815,0.13168999552726746,0.15266700088977814,128737888
2024-03-06T00:00:00.000000Z,0.15277400612831116,0.15684099495410919,0.14575399458408356,0.14944399893283844,96631489
2024-03-07T00:00:00.000000Z,0.14944399893283844,0.16455000638961792,0.147024005651474,0.16046999394893646,104280333
2024-03-08T00:00:00.000000Z,0.1604589968919754,0.16314800083637238,0.14789499342441559,0.15027500689029694,94840626
2024-03-09T00:00:00.000000Z,0.15027500689029694,0.15132899582386017,0.14245699346065521,0.14851400256156921,85021792
2024-03-10T00:00:00.000000Z,0.1485150009393692,0.15323099493980408,0.14430800080299377,0.14796499907970428,75240739
2024-03-11T00:00:00.000000Z,0.14796699583530426,0.1589449942111969,0.14406199753284454,0.15468800067901611,98612404
2024-03-12T00:00:00.000000Z,0.15468800067901611,0.15905000269412994,0.14328399300575256,0.14955499768257141,93323751
2024-03-13T00:00:00.000000Z,0.14955499768257141,0.15135200321674347,0.14389300346374512,0.14788499474525452,79876487
2024-03-14T00:00:00.000000Z,0.14788499474525452,0.14949500560760498,0.13960100710391998,0.14636099338531494,93249033
2024-03-15T00:00:00.000000Z,0.14636099338531494,0.14729799330234528,0.12567099928855896,0.13995300233364105,106811615
2024-03-16T00:00:00.000000Z,0.13995300233364105,0.14458300173282623,0.1267780065536499,0.12925900518894196,69025726
2024-03-17T00:00:00.000000Z,0.12925900518894196,0.14301499724388123,0.12540200352668762,0.13917499780654907,67998429
2024-03-18T00:00:00.000000Z,0.13917499780654907,0.13918900489807129,0.12809999287128448,0.13189899921417236,61163619
2024-03-19T00:00:00.000000Z,0.13189899921417236,0.13334099948406219,0.11611299961805344,0.11892999708652496,106488290
2024-03-20T00:00:00.000000Z,0.11892999708652496,0.13480000197887421,0.11674199998378754,0.13359600305557251,88808540
2024-03-21T00:00:00.000000Z,0.13359600305557251,0.15334099531173706,0.1326880007982254,0.1475059986114502,125052014
2024-03-22T00:00:00.000000Z,0.1475059986114502,0.15763400495052338,0.14275999367237091,0.14617399871349335,107165999
2024-03-23T00:00:00.000000Z,0.14617399871349335,0.14648200571537018,0.13840700685977936,0.13848899304866791,57823710
2024-03-24T00:00:00.000000Z,0.13848899304866791,0.14876699447631836,0.13841900229454041,0.14810900390148163,47904950
2024-03-25T00:00:00.000000Z,0.14810900390148163,0.1522040069103241,0.14505399763584137,0.14562900364398956,73040283
2024-03-26T00:00:00.000000Z,0.14562900364398956,0.14970399439334869,0.13592399656772614,0.13646300137042999,94810409
2024-03-27T00:00:00.000000Z,0.13646300137042999,0.13912799954414368,0.13044999539852142,0.13282500207424164,106253406
2024-03-28T00:00:00.000000Z,0.13282500207424164,0.14025400578975677,0.13198299705982208,0.13973699510097504,59684646
2024-03-29T00:00:00.000000Z,0.13973699510097504,0.14148099720478058,0.13454699516296387,0.13754400610923767,59783298
2024-03-30T00:00:00.000000Z,0.13754400610923767,0.13889899849891663,0.13166199624538422,0.13268500566482544,43333534
2024-03-31T00:00:00.000000Z,0.13268500566482544,0.13968800008296967,0.13242200016975403,0.13951200246810913,34425494
2024-04-01T00:00:00.000000Z,0.13951100409030914,0.14251700043678284,0.13109800219535828,0.13387300074100494,57518568
2024-04-02T00:00:00.000000Z,0.13387300074100494,0.13405300676822662,0.12268300354480743,0.1277569979429245,81252770
2024-04-03T00:00:00.000000Z,0.1277569979429245,0.13223400712013245,0.12426500022411346,0.12745699286460876,43251921
2024-04-04T00:00:00.000000Z,0.12745699286460876,0.13287000358104706,0.12527699768543243,0.13000999391078949,41030357
2024-04-05T00:00:00.000000Z,0.13000999391078949,0.134661003947258,0.12611100077629089,0.1301950067281723,47153127
2024-04-06T00:00:00.000000Z,0.1301950067281723,0.14599299430847168,0.12950499355792999,0.14155299961566925,49900338
2024-04-07T00:00:00.000000Z,0.14155299961566925,0.14241500198841095,0.13824200630187988,0.1403300017118454,41119504
2024-04-08T00:00:00.000000Z,0.1403300017118454,0.14788800477981567,0.13707999885082245,0.14392499625682831,42111464
2024-04-09T00:00:00.000000Z,0.14392499625682831,0.14791400730609894,0.13476599752902985,0.1359110027551651,42787975
2024-04-10T00:00:00.000000Z,0.1359110027551651,0.14411400258541107,0.13190600275993347,0.14232499897480011,51611399
2024-04-11T00:00:00.000000Z,0.14232499897480011,0.14590999484062195,0.14003300666809082,0.14568799734115601,45500224
2024-04-12T00:00:00.000000Z,0.14568799734115601,0.14864499866962433,0.10708700120449066,0.12888799607753754,97583900
2024-04-13T00:00:00.000000Z,0.12889100611209869,0.12989799678325653,0.10418999940156937,0.11840499937534332,113478657
2024-04-14T00:00:00.000000Z,0.11840499937534332,0.12737199664115906,0.11176600307226181,0.12298800051212311,84055112
2024-04-15T00:00:00.000000Z,0.12298800051212311,0.13425600528717041,0.11481499671936035,0.12071000039577484,77153090
2024-04-16T00:00:00.000000Z,0.12071000039577484,0.12195999920368195,0.11035499721765518,0.11779399961233139,52835381
2024-04-17T00:00:00.000000Z,0.11779399961233139,0.12248799949884415,0.11366000026464462,0.11867400258779526,55795950
2024-04-18T00:00:00.000000Z,0.11867400258779526,0.1211870014667511,0.11379700154066086,0.11917100101709366,45587430
2024-04-19T00:00:00.000000Z,0.11917100101709366,0.11917299777269363,0.11047500371932983,0.11342199891805649,57173102
2024-04-20T00:00:00.000000Z,0.11342299729585648,0.12160299718379974,0.11200399696826935,0.11943600326776505,42461979
2024-04-21T00:00:00.000000Z,0.11943600326776505,0.12184400111436844,0.1148580014705658,0.11704599857330322,37896708
2024-04-22T00:00:00.000000Z,0.11704599857330322,0.1306460052728653,0.11561399698257446,0.12724100053310394,49086149
2024-04-23T00:00:00.000000Z,0.12724100053310394,0.13276000320911407,0.12450800091028214,0.12932300567626953,51387994
2024-04-24T00:00:00.000000Z,0.12932300567626953,0.13030500710010529,0.12121299654245377,0.12326999753713608,46195176
2024-04-25T00:00:00.000000Z,0.12327100336551666,0.12444400042295456,0.11590100079774857,0.11893799901008606,76094375
2024-04-26T00:00:00.000000Z,0.11893799901008606,0.12086399644613266,0.11709699779748917,0.11878900229930878,28269475
2024-04-27T00:00:00.000000Z,0.11878900229930878,0.11904399842023849,0.10843700170516968,0.10879199951887131,67177842
2024-04-28T00:00:00.000000Z,0.10879199951887131,0.12353400141000748,0.10858500003814697,0.11653999984264374,67822098
2024-04-29T00:00:00.000000Z,0.11653999984264374,0.11901800334453583,0.1100199967622757,0.11348400264978409,48170454
2024-04-30T00:00:00.000000Z,0.11348599940538406,0.11481399834156036,0.10537199676036835,0.11005300283432007,55742027
2024-05-01T00:00:00.000000Z,0.11005300283432007,0.111735999584198,0.10130099952220917,0.10912399739027023,53423414
2024-05-02T00:00:00.000000Z,0.10912399739027023,0.10912600159645081,0.10602699965238571,0.10711400210857391,32648689
2024-05-03T00:00:00.000000Z,0.10711400210857391,0.1128389984369278,0.10375300049781799,0.11226300150156021,41226694
2024-05-04T00:00:00.000000Z,0.11226200312376022,0.11445499956607819,0.10926999896764755,0.11082600057125092,38729641
2024-05-05T00:00:00.000000Z,0.11082600057125092,0.11086300015449524,0.10708600282669067,0.1079690009355545,27566540
2024-05-06T00:00:00.000000Z,0.1079690009355545,0.11320400238037109,0.10716400295495987,0.11027400195598602,37912598
2024-05-07T00:00:00.000000Z,0.11027400195598602,0.11562900245189667,0.10969900339841843,0.1122480034828186,39317738
2024-05-08T00:00:00.000000Z,0.1122480034828186,0.12435699999332428,0.1101979985833168,0.1183909997344017,78285452
2024-05-09T00:00:00.000000Z,0.1183909997344017,0.12492399662733078,0.11816299706697464,0.1240060031414032,68079305
2024-05-10T00:00:00.000000Z,0.12400700151920319,0.13278099894523621,0.12031800299882889,0.12382999807596207,71556917
2024-05-11T00:00:00.000000Z,0.12382999807596207,0.1287979930639267,0.12159000337123871,0.12183199822902679,39749299
2024-05-12T00:00:00.000000Z,0.12183199822902679,0.12470400333404541,0.11998999863862991,0.12227500230073929,25041169
2024-05-13T00:00:00.000000Z,0.12227500230073929,0.12318100035190582,0.11382800340652466,0.11710800230503082,48007970
2024-05-14T00:00:00.000000Z,0.11710800230503082,0.11712100356817245,0.11236199736595154,0.11299499869346619,36628561
2024-05-15T00:00:00.000000Z,0.11299499869346619,0.1232369989156723,0.11251399666070938,0.12212999910116196,39303725
2024-05-16T00:00:00.000000Z,0.12213300168514252,0.12406399846076965,0.11802799999713898,0.12021200358867645,25338910
2024-05-17T00:00:00.000000Z,0.12021200358867645,0.12477000057697296,0.12015499919652939,0.12208600342273712,24332849
2024-05-18T00:00:00.000000Z,0.12208600342273712,0.12411700189113617,0.12128999829292297,0.12403099983930588,17389139
2024-05-19T00:00:00.000000Z,0.12403099983930588,0.1245340034365654,0.12144000083208084,0.12200599908828735,18425977
2024-05-20T00:00:00.000000Z,0.12200599908828735,0.12989400327205658,0.1210549995303154,0.12886700034141541,31619613
2024-05-21T00:00:00.000000Z,0.12886300683021545,0.13534800708293915,0.12690100073814392,0.13349300622940063,54163360
2024-05-22T00:00:00.000000Z,0.13349300622940063,0.14173699915409088,0.13051499426364899,0.13680000603199005,61322918
2024-05-23T00:00:00.000000Z,0.13680000603199005,0.14248600602149963,0.13043199479579926,0.13412399590015411,56738570
2024-05-24T00:00:00.000000Z,0.13412399590015411,0.13475100696086884,0.12944300472736359,0.13224400579929352,31764964
2024-05-25T00:00:00.000000Z,0.13224400579929352,0.14081099629402161,0.13096100091934204,0.1407800018787384,25823502
2024-05-26T00:00:00.000000Z,0.1407800018787384,0.14189900457859039,0.13675899803638458,0.13891600072383881,33357713
2024-05-27T00:00:00.000000Z,0.13891600072383881,0.14359599351882935,0.13687899708747864,0.14310400187969208,38429615
2024-05-28T00:00:00.000000Z,0.14310400187969208,0.14393399655818939,0.13827000558376312,0.13931499421596527,34152166
2024-05-29T00:00:00.000000Z,0.13931499421596527,0.14055100083351135,0.13685199618339539,0.13733500242233276,27270697
2024-05-30T00:00:00.000000Z,0.13733500242233276,0.14093400537967682,0.13351799547672272,0.138714998960495,52515581
2024-05-31T00:00:00.000000Z,0.138714998960495,0.13924199342727661,0.13518600165843964,0.1373399943113327,27211778
2024-06-01T00:00:00.000000Z,0.1373399943113327,0.13843999803066254,0.1370290070772171,0.13760900497436523,18520220
2024-06-02T00:00:00.000000Z,0.13760900497436523,0.14789000153541565,0.13744699954986572,0.147366002202034,48413574
2024-06-03T00:00:00.000000Z,0.14736700057983398,0.1762470006942749,0.14434200525283813,0.16908299922943115,165152309
2024-06-04T00:00:00.000000Z,0.16908299922943115,0.18083100020885468,0.16610999405384064,0.18036900460720062,164245659
2024-06-05T00:00:00.000000Z,0.18036900460720062,0.19186000525951385,0.17501200735569,0.17815199494361877,157744611
2024-06-06T00:00:00.000000Z,0.17815199494361877,0.18367899954319,0.1711450070142746,0.17225299775600433,71940203
2024-06-07T00:00:00.000000Z,0.17225100100040436,0.17809799313545227,0.15295100212097168,0.16296699643135071,121658490
2024-06-08T00:00:00.000000Z,0.16296499967575073,0.16970400512218475,0.15590600669384003,0.156482994556427,66017704
2024-06-09T00:00:00.000000Z,0.15644299983978271,0.16924700140953064,0.15550200641155243,0.16882200539112091,71540066
2024-06-10T00:00:00.000000Z,0.16883699595928192,0.16981500387191772,0.16036899387836456,0.16217899322509766,67317267
2024-06-11T00:00:00.000000Z,0.16217400133609772,0.16577699780464172,0.15526999533176422,0.16393099725246429,79837751
2024-06-12T00:00:00.000000Z,0.16393400728702545,0.18030600249767303,0.16084000468254089,0.17049999535083771,115097249
2024-06-13T00:00:00.000000Z,0.17048999667167664,0.1738629937171936,0.16260699927806854,0.16596299409866333,69924833
2024-06-14T00:00:00.000000Z,0.16600599884986877,0.16931499540805817,0.15876500308513641,0.16289299726486206,66538248
2024-06-15T00:00:00.000000Z,0.1628900021314621,0.16660000383853912,0.15054699778556824,0.15320800244808197,87373989
2024-06-16T00:00:00.000000Z,0.15322999656200409,0.16079999506473541,0.1504330039024353,0.15968300402164459,43949114
2024-06-17T00:00:00.000000Z,0.15966899693012238,0.16171300411224365,0.14987200498580933,0.15273299813270569,70495823
2024-06-18T00:00:00.000000Z,0.15273100137710571,0.15280699729919434,0.13517299294471741,0.1435600072145462,111365686
2024-06-19T00:00:00.000000Z,0.14354099333286285,0.14903099834918976,0.14114800095558167,0.14394199848175049,54574018
2024-06-20T00:00:00.000000Z,0.14394199848175049,0.15083000063896179,0.14172300696372986,0.14621700346469879,54048274
2024-06-21T00:00:00.000000Z,0.14627300202846527,0.14697200059890747,0.14213100075721741,0.14535099267959595,47038420
2024-06-22T00:00:00.000000Z,0.14532600343227386,0.15392300486564636,0.14417099952697754,0.15305100381374359,39141691
2024-06-23T00:00:00.000000Z,0.15303599834442139,0.15893100202083588,0.15109899640083313,0.15184399485588074,51190797
2024-06-24T00:00:00.000000Z,0.15181699395179749,0.1559550017118454,0.14454600214958191,0.15420900285243988,83611017
2024-06-25T00:00:00.000000Z,0.15424700081348419,0.16214300692081451,0.15293100476264954,0.16185900568962097,65846788
2024-06-26T00:00:00.000000Z,0.1618340015411377,0.17764300107955933,0.15875199437141418,0.17620599269866943,100363714
2024-06-27T00:00:00.000000Z,0.17619399726390839,0.18261100351810455,0.17174600064754486,0.18166500329971313,152556243
2024-06-28T00:00:00.000000Z,0.18170399963855743,0.1844870001077652,0.17684899270534515,0.17846499383449554,91333698
2024-06-29T00:00:00.000000Z,0.17849999666213989,0.19296500086784363,0.17654100060462952,0.19105200469493866,100628176
2024-06-30T00:00:00.000000Z,0.1911109983921051,0.197611004114151,0.17671400308609009,0.19047300517559052,280539529
2024-07-01T00:00:00.000000Z,0.19049699604511261,0.19419600069522858,0.17780900001525879,0.17931599915027618,128108004
2024-07-02T00:00:00.000000Z,0.17933100461959839,0.18646499514579773,0.17593100666999817,0.17724800109863281,75673450
2024-07-03T00:00:00.000000Z,0.17728300392627716,0.17836900055408478,0.1685979962348938,0.17367799580097198,76757812
2024-07-04T00:00:00.000000Z,0.1735990047454834,0.17498700320720673,0.15982699394226074,0.16635499894618988,113232521
2024-07-05T00:00:00.000000Z,0.16637000441551208,0.16678899526596069,0.14662399888038635,0.16255499422550201,146616656
2024-07-06T00:00:00.000000Z,0.16254499554634094,0.17504900693893433,0.15983599424362183,0.16889800131320953,72798840
2024-07-07T00:00:00.000000Z,0.1688539981842041,0.1707330048084259,0.15892499685287476,0.15930500626564026,62628932
2024-07-08T00:00:00.000000Z,0.15926499664783478,0.16794399917125702,0.15424899756908417,0.16697500646114349,90635790
2024-07-09T00:00:00.000000Z,0.16700099408626556,0.17294000089168549,0.16485799849033356,0.17059400677680969,66226996
2024-07-10T00:00:00.000000Z,0.17060799896717072,0.17358399927616119,0.16698400676250458,0.16985400021076202,50085308
2024-07-11T00:00:00.000000Z,0.1698790043592453,0.17180800437927246,0.16598400473594666,0.16629199683666229,45051019
2024-07-12T00:00:00.000000Z,0.16629199683666229,0.16876299679279327,0.16219200193881989,0.16872400045394897,44858736
2024-07-13T00:00:00.000000Z,0.16871899366378784,0.1691029965877533,0.16625699400901794,0.16763600707054138,24880447
2024-07-14T00:00:00.000000Z,0.16764199733734131,0.17294099926948547,0.16722999513149261,0.17105400562286377,44666383
2024-07-15T00:00:00.000000Z,0.17106400430202484,0.18264000117778778,0.17068399488925934,0.18264000117778778,84734931
2024-07-16T00:00:00.000000Z,0.18263499438762665,0.18322199583053589,0.17442099750041962,0.18014800548553467,68095497
2024-07-17T00:00:00.000000Z,0.18014800548553467,0.18136000633239746,0.17472800612449646,0.17642399668693542,53402259
2024-07-18T00:00:00.000000Z,0.17644299566745758,0.18015000224113464,0.1754859983921051,0.17830400168895721,37660871
2024-07-19T00:00:00.000000Z,0.17831499874591827,0.18301700055599213,0.1763170063495636,0.18105299770832062,46691563
2024-07-20T00:00:00.000000Z,0.18105299770832062,0.18254600465297699,0.17832499742507935,0.18114000558853149,39054656
2024-07-21T00:00:00.000000Z,0.18114000558853149,0.18378899991512299,0.17429900169372559,0.17960600554943085,56900005
2024-07-22T00:00:00.000000Z,0.17960600554943085,0.18002699315547943,0.17261600494384766,0.17555500566959381,49589104
2024-07-23T00:00:00.000000Z,0.17555500566959381,0.17959700524806976,0.17140999436378479,0.17909799516201019,46685255
2024-07-24T00:00:00.000000Z,0.17909300327301025,0.18023599684238434,0.1759829968214035,0.17782899737358093,38793890
2024-07-25T00:00:00.000000Z,0.17782899737358093,0.17813399434089661,0.17350499331951141,0.17631299793720245,52543396
2024-07-26T00:00:00.000000Z,0.17631299793720245,0.18164999783039093,0.17587199807167053,0.18164099752902985,38716062
2024-07-27T00:00:00.000000Z,0.18164099752902985,0.19544599950313568,0.18072399497032166,0.18901899456977844,140696299
2024-07-28T00:00:00.000000Z,0.18901899456977844,0.18925300240516663,0.18383300304412842,0.1881130039691925,42207002
2024-07-29T00:00:00.000000Z,0.1881130039691925,0.19512499868869781,0.18591399490833282,0.19366000592708588,85290929
2024-07-30T00:00:00.000000Z,0.19366000592708588,0.1979680061340332,0.1895730048418045,0.19607700407505035,90741658
2024-07-31T00:00:00.000000Z,0.19607700407505035,0.20740200579166412,0.19526800513267517,0.20558999478816986,187953418
2024-08-01T00:00:00.000000Z,0.20558999478816986,0.20754800736904144,0.19355200231075287,0.20212499797344208,157663106
2024-08-02T00:00:00.000000Z,0.20212499797344208,0.20342099666595459,0.18355199694633484,0.18632200360298157,142840485
2024-08-03T00:00:00.000000Z,0.18632200360298157,0.19071400165557861,0.17115500569343567,0.17881299555301666,149806733
2024-08-04T00:00:00.000000Z,0.17881299555301666,0.1836560070514679,0.16542099416255951,0.16738399863243103,141412882
2024-08-05T00:00:00.000000Z,0.16738399863243103,0.16820700466632843,0.12588499486446381,0.15471899509429932,552449654
2024-08-06T00:00:00.000000Z,0.15473200380802155,0.17279499769210815,0.1539590060710907,0.16061100363731384,205419558
2024-08-07T00:00:00.000000Z,0.16061100363731384,0.16691200435161591,0.14838400483131409,0.15239100158214569,139156140
2024-08-08T00:00:00.000000Z,0.15239100158214569,0.17199799418449402,0.15075899660587311,0.17073999345302582,138043760
2024-08-09T00:00:00.000000Z,0.17073999345302582,0.17082600295543671,0.16248899698257446,0.16787099838256836,78051271
2024-08-10T00:00:00.000000Z,0.16787099838256836,0.16954199969768524,0.16518400609493256,0.16653800010681152,40937102
2024-08-11T00:00:00.000000Z,0.16653800010681152,0.16997799277305603,0.1546970009803772,0.15905599296092987,74099283
2024-08-12T00:00:00.000000Z,0.15905599296092987,0.16301199793815613,0.15597100555896759,0.16210000216960907,96635423
2024-08-13T00:00:00.000000Z,0.16210000216960907,0.17073599994182587,0.16008900105953217,0.1694210022687912,92109583
2024-08-14T00:00:00.000000Z,0.1694210022687912,0.17317700386047363,0.1651960015296936,0.16646300256252289,88387878
2024-08-15T00:00:00.000000Z,0.16646300256252289,0.16888600587844849,0.16281500458717346,0.16531200706958771,91590421
2024-08-16T00:00:00.000000Z,0.16531200706958771,0.16892099380493164,0.16281400620937347,0.16760599613189697,76535582
2024-08-17T00:00:00.000000Z,0.16760599613189697,0.16877399384975433,0.16422300040721893,0.1649709939956665,49296235
2024-08-18T00:00:00.000000Z,0.1649709939956665,0.16712300479412079,0.16215899586677551,0.16215899586677551,47197372
2024-08-19T00:00:00.000000Z,0.16215899586677551,0.16703599691390991,0.15575200319290161,0.16703599691390991,108585947
2024-08-20T00:00:00.000000Z,0.16703599691390991,0.16704200208187103,0.15945200622081757,0.16101199388504028,75842970
2024-08-21T00:00:00.000000Z,0.16101199388504028,0.16398000717163086,0.1578810065984726,0.1595660001039505,81347966
2024-08-22T00:00:00.000000Z,0.1595660001039505,0.16192500293254852,0.15745300054550171,0.15966999530792236,64971876
2024-08-23T00:00:00.000000Z,0.15966999530792236,0.16981400549411774,0.15954899787902832,0.16724400222301483,88235524
2024-08-24T00:00:00.000000Z,0.16724400222301483,0.17812299728393555,0.16616499423980713,0.17340600490570068,86926703
2024-08-25T00:00:00.000000Z,0.17340600490570068,0.17382100224494934,0.16731899976730347,0.17041899263858795,72378384
2024-08-26T00:00:00.000000Z,0.17041899263858795,0.17143000662326813,0.16709500551223755,0.16767099499702454,57131402
2024-08-27T00:00:00.000000Z,0.16767099499702454,0.16983599960803986,0.15748099982738495,0.16154000163078308,71505167
2024-08-28T00:00:00.000000Z,0.16154000163078308,0.16339999437332153,0.15828199684619904,0.16277800500392914,86247316
2024-08-29T00:00:00.000000Z,0.16277800500392914,0.16841399669647217,0.16216500103473663,0.16547000408172607,54985833
2024-08-30T00:00:00.000000Z,0.16547000408172607,0.16884499788284302,0.16196699440479279,0.16600200533866882,66563876
2024-08-31T00:00:00.000000Z,0.16600200533866882,0.16792500019073486,0.16303600370883942,0.16327500343322754,31238336
2024-09-01T00:00:00.000000Z,0.16327500343322754,0.16405500471591949,0.15810699760913849,0.1581989973783493,44671807
2024-09-02T00:00:00.000000Z,0.1581989973783493,0.16198499500751495,0.15755000710487366,0.16161499917507172,39726227
2024-09-03T00:00:00.000000Z,0.16161499917507172,0.16219300031661987,0.15521399676799774,0.15521399676799774,33258042
2024-09-04T00:00:00.000000Z,0.15521399676799774,0.15647299587726593,0.14867499470710754,0.15553000569343567,78982133
2024-09-05T00:00:00.000000Z,0.15553000569343567,0.15616700053215027,0.14535300433635712,0.1466200053691864,62150339
2024-09-06T00:00:00.000000Z,0.1466200053691864,0.1491519957780838,0.1406639963388443,0.14532199501991272,79868490
2024-09-07T00:00:00.000000Z,0.14532199501991272,0.1523980051279068,0.14532199501991272,0.1477150022983551,30059497
2024-09-08T00:00:00.000000Z,0.1477150022983551,0.15198799967765808,0.14638300240039825,0.15043100714683533,26019342
2024-09-09T00:00:00.000000Z,0.15043100714683533,0.16170899569988251,0.14929300546646118,0.15999199450016022,44737651
2024-09-10T00:00:00.000000Z,0.15999199450016022,0.16639600694179535,0.15808600187301636,0.16575300693511963,48747506
2024-09-11T00:00:00.000000Z,0.16575199365615845,0.16793200373649597,0.16052600741386414,0.16698800027370453,55804830
2024-09-12T00:00:00.000000Z,0.16698800027370453,0.17022700607776642,0.16617099940776825,0.16710799932479858,42116587
2024-09-13T00:00:00.000000Z,0.16710799932479858,0.17163500189781189,0.16327199339866638,0.1714169979095459,42628567
2024-09-14T00:00:00.000000Z,0.1714169979095459,0.17775900661945343,0.16956900060176849,0.17738500237464905,47289652
2024-09-15T00:00:00.000000Z,0.17738500237464905,0.18003800511360168,0.16872799396514893,0.17035099864006042,93683048
2024-09-16T00:00:00.000000Z,0.17035099864006042,0.17313100397586823,0.16428500413894653,0.16735599935054779,61253897
2024-09-17T00:00:00.000000Z,0.1673550009727478,0.17500099539756775,0.16601699590682983,0.17086899280548096,60149836
2024-09-18T00:00:00.000000Z,0.17086899280548096,0.17362900078296661,0.16650000214576721,0.17345599830150604,68835810
2024-09-19T00:00:00.000000Z,0.17345599830150604,0.17712399363517761,0.17026400566101074,0.17079499363899231,74013042
2024-09-20T00:00:00.000000Z,0.17079499363899231,0.17247499525547028,0.16714000701904297,0.16995599865913391,53353918
2024-09-21T00:00:00.000000Z,0.16995599865913391,0.17116899788379669,0.16834500432014465,0.17086899280548096,21782192
2024-09-22T00:00:00.000000Z,0.17086899280548096,0.17109900712966919,0.16147099435329437,0.1646140068769455,45448462
2024-09-23T00:00:00.000000Z,0.1646140068769455,0.16759699583053589,0.16343900561332703,0.16421200335025787,42370057
2024-09-24T00:00:00.000000Z,0.16421200335025787,0.16518299281597137,0.15948900580406189,0.16486899554729462,56818635
2024-09-25T00:00:00.000000Z,0.16486899554729462,0.16782300174236298,0.16023799777030945,0.16138200461864471,49682896
2024-09-26T00:00:00.000000Z,0.16138200461864471,0.16582399606704712,0.1602029949426651,0.16396999359130859,48547237
2024-09-27T00:00:00.000000Z,0.16396999359130859,0.17516300082206726,0.16396899521350861,0.17166399955749512,80354762
2024-09-28T00:00:00.000000Z,0.17166399955749512,0.17342700064182281,0.16593100130558014,0.16703000664710999,40882010
2024-09-29T00:00:00.000000Z,0.16703000664710999,0.16705299913883209,0.16200099885463715,0.16307400166988373,31847464
2024-09-30T00:00:00.000000Z,0.16307400166988373,0.1639540046453476,0.15767300128936768,0.15880799293518066,43667235
2024-10-01T00:00:00.000000Z,0.15880799293518066,0.16220900416374207,0.14316500723361969,0.14910300076007843,77422416
2024-10-02T00:00:00.000000Z,0.14910300076007843,0.15340699255466461,0.14230999350547791,0.14339199662208557,49350676
2024-10-03T00:00:00.000000Z,0.14339199662208557,0.14692799746990204,0.14168000221252441,0.14654999971389771,34120379
2024-10-04T00:00:00.000000Z,0.14654999971389771,0.15076899528503418,0.14598299562931061,0.14830499887466431,35118276
2024-10-05T00:00:00.000000Z,0.14830499887466431,0.15069800615310669,0.14563299715518951,0.14787100255489349,19126008
2024-10-06T00:00:00.000000Z,0.14787100255489349,0.14902600646018982,0.14244000613689423,0.14271299540996552,24353135
2024-10-07T00:00:00.000000Z,0.14271299540996552,0.14742200076580048,0.13609200716018677,0.13624900579452515,56322932
2024-10-08T00:00:00.000000Z,0.13624900579452515,0.14366899430751801,0.1315619945526123,0.1401589959859848,58138536
2024-10-09T00:00:00.000000Z,0.1401589959859848,0.14096699655056,0.13061200082302094,0.13276100158691406,40744596
2024-10-10T00:00:00.000000Z,0.13276100158691406,0.13476100564002991,0.12682299315929413,0.13242100179195404,43702829
2024-10-11T00:00:00.000000Z,0.13242100179195404,0.13905200362205505,0.129954993724823,0.13715499639511108,40687815
2024-10-12T00:00:00.000000Z,0.13715499639511108,0.14164300262928009,0.13210999965667725,0.13267999887466431,41038500
2024-10-13T00:00:00.000000Z,0.13267999887466431,0.13508699834346771,0.12970300018787384,0.1328510046005249,25695943
2024-10-14T00:00:00.000000Z,0.1328510046005249,0.14064900577068329,0.13157300651073456,0.13779599964618683,40770180
2024-10-15T00:00:00.000000Z,0.13779599964618683,0.13823799788951874,0.13217699527740479,0.13468199968338013,51863980
2024-10-16T00:00:00.000000Z,0.13468199968338013,0.13474500179290771,0.13025699555873871,0.13105499744415283,31604148
2024-10-17T00:00:00.000000Z,0.13105499744415283,0.13166099786758423,0.12089300155639648,0.12587100267410278,100423088
2024-10-18T00:00:00.000000Z,0.12587100267410278,0.13253900408744812,0.12509700655937195,0.13045200705528259,61835350
2024-10-19T00:00:00.000000Z,0.13045200705528259,0.13305099308490753,0.12742899358272552,0.12920400500297546,32462801
2024-10-20T00:00:00.000000Z,0.12920400500297546,0.13346199691295624,0.12615600228309631,0.13304300606250763,36938774
2024-10-21T00:00:00.000000Z,0.13304300606250763,0.13529899716377258,0.12747900187969208,0.12975700199604034,49517705
2024-10-22T00:00:00.000000Z,0.12975700199604034,0.13817599415779114,0.12839600443840027,0.13597999513149261,83672226
2024-10-23T00:00:00.000000Z,0.13597999513149261,0.13658300042152405,0.1284089982509613,0.13044600188732147,49228786
2024-10-24T00:00:00.000000Z,0.13117200136184692,0.13392700254917145,0.12906000018119812,0.12923100590705872,38382752
2024-10-25T00:00:00.000000Z,0.12923100590705872,0.13084100186824799,0.10485299676656723,0.11272300034761429,93933572
2024-10-26T00:00:00.000000Z,0.11272300034761429,0.12021999806165695,0.10987900197505951,0.11801300197839737,113753747
2024-10-27T00:00:00.000000Z,0.11801300197839737,0.12465099990367889,0.11636599898338318,0.12117599695920944,38869912
2024-10-28T00:00:00.000000Z,0.12117599695920944,0.12174700200557709,0.11628299951553345,0.11913900077342987,49988695
2024-10-29T00:00:00.000000Z,0.11913900077342987,0.12173400074243546,0.10871399939060211,0.11277899891138077,114162891
2024-10-30T00:00:00.000000Z,0.11277899891138077,0.11424800008535385,0.10531900078058243,0.11259099841117859,110075343
2024-10-31T00:00:00.000000Z,0.11259099841117859,0.11802799999713898,0.11214900016784668,0.11421699821949005,129619281
2024-11-01T00:00:00.000000Z,0.11421699821949005,0.12053100019693375,0.11325400322675705,0.11655300110578537,110141937
2024-11-02T00:00:00.000000Z,0.11655399948358536,0.11729799956083298,0.11134999990463257,0.11268600076436996,38275644
2024-11-03T00:00:00.000000Z,0.11268600076436996,0.11294800043106079,0.10601499676704407,0.10826099663972855,61328287
2024-11-04T00:00:00.000000Z,0.10826099663972855,0.11053500324487686,0.10139899700880051,0.10369899868965149,60263850
2024-11-05T00:00:00.000000Z,0.10369899868965149,0.11386899650096893,0.10367300361394882,0.11108899861574173,66593823
2024-11-06T00:00:00.000000Z,0.11108899861574173,0.12358500063419342,0.11095400154590607,0.12013900279998779,153463301
2024-11-07T00:00:00.000000Z,0.12013900279998779,0.12355600297451019,0.11244100332260132,0.11453399807214737,127293994
2024-11-08T00:00:00.000000Z,0.11453399807214737,0.11595399677753448,0.10729099810123444,0.11198999732732773,117657945
2024-11-09T00:00:00.000000Z,0.11198999732732773,0.13599400222301483,0.1099499985575676,0.1344819962978363,239768754
2024-11-10T00:00:00.000000Z,0.1344819962978363,0.16155299544334412,0.13239799439907074,0.15184800326824188,578032473
2024-11-11T00:00:00.000000Z,0.15184800326824188,0.15746599435806274,0.1473190039396286,0.15307000279426575,261951312
2024-11-12T00:00:00.000000Z,0.15307000279426575,0.1531360000371933,0.1326030045747757,0.13883399963378906,269448519
2024-11-13T00:00:00.000000Z,0.13883399963378906,0.14131900668144226,0.12438199669122696,0.12787400186061859,170666196
2024-11-14T00:00:00.000000Z,0.12787400186061859,0.15242800116539001,0.12236999720335007,0.14018699526786804,288612438
2024-11-15T00:00:00.000000Z,0.14018699526786804,0.14243400096893311,0.12688499689102173,0.14241699874401093,218531280
2024-11-16T00:00:00.000000Z,0.13905300199985504,0.14902999997138977,0.13616099953651428,0.14670699834823608,139816372
2024-11-17T00:00:00.000000Z,0.14670699834823608,0.15557000041007996,0.14074599742889404,0.1502079963684082,151486753
2024-11-18T00:00:00.000000Z,0.1502079963684082,0.17473100125789642,0.14892600476741791,0.17066299915313721,267672793
2024-11-19T00:00:00.000000Z,0.17066299915313721,0.17782199382781982,0.15623199939727783,0.1593019962310791,257362993
2024-11-20T00:00:00.000000Z,0.1593019962310791,0.16631199419498444,0.14963699877262115,0.15183700621128082,195482471
2024-11-21T00:00:00.000000Z,0.15183599293231964,0.15714100003242493,0.14547799527645111,0.15335899591445923,173223511
2024-11-22T00:00:00.000000Z,0.15335899591445923,0.15372399985790253,0.14610899984836578,0.15360599756240845,149519602
2024-11-23T00:00:00.000000Z,0.15360599756240845,0.1644970029592514,0.15060999989509583,0.15359599888324738,234395855
2024-11-24T00:00:00.000000Z,0.15359599888324738,0.15754200518131256,0.1451990008354187,0.15239299833774567,211094294
2024-11-25T00:00:00.000000Z,0.15239199995994568,0.15765200555324554,0.14713899791240692,0.14973700046539307,203746493
2024-11-26T00:00:00.000000Z,0.14973700046539307,0.15243400633335114,0.14193400740623474,0.14909200370311737,157670521
2024-11-27T00:00:00.000000Z,0.14909200370311737,0.15365499258041382,0.14641100168228149,0.15355600416660309,145180661
2024-11-28T00:00:00.000000Z,0.15355600416660309,0.15358500182628632,0.14831699430942535,0.15181100368499756,119933763
2024-11-29T00:00:00.000000Z,0.15181100368499756,0.15581700205802917,0.1491519957780838,0.15429399907588959,123157543
2024-11-30T00:00:00.000000Z,0.15429399907588959,0.16510400176048279,0.15348799526691437,0.16128000617027283,207403130
2024-12-01T00:00:00.000000Z,0.16128000617027283,0.16968399286270142,0.15765200555324554,0.16912999749183655,225490759
2024-12-02T00:00:00.000000Z,0.16912999749183655,0.17199000716209412,0.15338100492954254,0.15834200382232666,285068124
2024-12-03T00:00:00.000000Z,0.15834200382232666,0.15975899994373322,0.1491599977016449,0.15904100239276886,278836608
2024-12-04T00:00:00.000000Z,0.15904100239276886,0.16539399325847626,0.15741699934005737,0.15887799859046936,293914852
2024-12-05T00:00:00.000000Z,0.15887799859046936,0.16341200470924377,0.15394300222396851,0.15909600257873535,260351646
2024-12-06T00:00:00.000000Z,0.15890100598335266,0.1752610057592392,0.15857000648975372,0.17473700642585754,349154313
2024-12-07T00:00:00.000000Z,0.17473700642585754,0.1879660040140152,0.16861799359321594,0.18490499258041382,408358135
2024-12-08T00:00:00.000000Z,0.18617799878120422,0.18903100490570068,0.1791280061006546,0.18860700726509094,269023652
2024-12-09T00:00:00.000000Z,0.18860700726509094,0.18902400135993958,0.15483300387859344,0.1650329977273941,383775011
2024-12-10T00:00:00.000000Z,0.1650329977273941,0.16638299822807312,0.14969299733638763,0.15727800130844116,376799078
2024-12-11T00:00:00.000000Z,0.15727800130844116,0.16834099590778351,0.15215699374675751,0.16445699334144592,242971275
2024-12-12T00:00:00.000000Z,0.16445699334144592,0.17292599380016327,0.16084299981594086,0.16312700510025024,269254219
2024-12-13T00:00:00.000000Z,0.16312700510025024,0.16417400538921356,0.15812300145626068,0.16209200024604797,160258382
2024-12-14T00:00:00.000000Z,0.16209200024604797,0.16300900280475616,0.15330900251865387,0.15678699314594269,145149630
2024-12-15T00:00:00.000000Z,0.15678699314594269,0.15793900191783905,0.15226100385189056,0.15661099553108215,117202315
2024-12-16T00:00:00.000000Z,0.15661099553108215,0.15782800316810608,0.14808200299739838,0.14824199676513672,216871539
2024-12-17T00:00:00.000000Z,0.14824199676513672,0.14824199676513672,0.13830199837684631,0.13940699398517609,251160362
2024-12-18T00:00:00.000000Z,0.13940499722957611,0.13947600126266479,0.12492299824953079,0.12731599807739258,270143451
2024-12-19T00:00:00.000000Z,0.12732100486755371,0.13210900127887726,0.11567199975252151,0.12096799910068512,319781176
2024-12-20T00:00:00.000000Z,0.12096799910068512,0.12673699855804443,0.11052899807691574,0.12315300107002258,340212392
2024-12-21T00:00:00.000000Z,0.12315300107002258,0.1291860044002533,0.1171410009264946,0.11872900277376175,157875502
2024-12-22T00:00:00.000000Z,0.11872900277376175,0.12255100160837173,0.11511299759149551,0.11624100059270859,155900615
2024-12-23T00:00:00.000000Z,0.11624100059270859,0.12294600158929825,0.11435800045728683,0.12167400121688843,184906378
2024-12-24T00:00:00.000000Z,0.12167400121688843,0.12309399992227554,0.11526600271463394,0.11823900043964386,215008773
2024-12-25T00:00:00.000000Z,0.11823900043964386,0.1210390031337738,0.1166049987077713,0.11953599750995636,112173359
2024-12-26T00:00:00.000000Z,0.11953599750995636,0.12117499858140945,0.11112499982118607,0.11178699880838394,163899736
2024-12-27T00:00:00.000000Z,0.11178699880838394,0.11887799948453903,0.11104399710893631,0.11767300218343735,124110245
2024-12-28T00:00:00.000000Z,0.11767300218343735,0.12197799980640411,0.11597000062465668,0.12046299874782562,97536104
2024-12-29T00:00:00.000000Z,0.12046299874782562,0.12121199816465378,0.11487600207328796,0.11554999649524689,73542982
2024-12-30T00:00:00.000000Z,0.11554999649524689,0.11883799731731415,0.11289799958467484,0.1153779998421669,97749257
2024-12-31T00:00:00.000000Z,0.1153779998421669,0.11723800003528595,0.11333700269460678,0.11461299657821655,75055891
2025-01-01T00:00:00.000000Z,0.11461299657821655,0.11768800020217896,0.11239200085401535,0.11694800108671188,75598839
2025-01-02T00:00:00.000000Z,0.11694800108671188,0.12629100680351257,0.11689300090074539,0.12263400107622147,119879054
2025-01-03T00:00:00.000000Z,0.12263199687004089,0.13009199500083923,0.12029600143432617,0.12882100045681,116603478
2025-01-04T00:00:00.000000Z,0.12882100045681,0.12948200106620789,0.12576499581336975,0.12641200423240662,90822208
2025-01-05T00:00:00.000000Z,0.12641200423240662,0.12655800580978394,0.1217620000243187,0.12438599765300751,78187770
2025-01-06T00:00:00.000000Z,0.12438599765300751,0.12648199498653412,0.12097200006246567,0.12338399887084961,101263347
2025-01-07T00:00:00.000000Z,0.12338399887084961,0.12382200360298157,0.1134520024061203,0.11393299698829651,120710447
2025-01-08T00:00:00.000000Z,0.11393299698829651,0.11748600006103516,0.10925500094890594,0.11711599677801132,145588770
2025-01-09T00:00:00.000000Z,0.11711599677801132,0.11819600313901901,0.11112099885940552,0.11294800043106079,117975998
2025-01-10T00:00:00.000000Z,0.1129470020532608,0.11628600209951401,0.11264500021934509,0.11470899730920792,79195744
2025-01-11T00:00:00.000000Z,0.11470899730920792,0.11803700029850006,0.11422599852085114,0.11625999957323074,55579483
2025-01-12T00:00:00.000000Z,0.11625999957323074,0.11939000338315964,0.11589100211858749,0.11667100340127945,52444088
2025-01-13T00:00:00.000000Z,0.11667100340127945,0.11800199747085571,0.10811399668455124,0.11715000122785568,137424188
2025-01-14T00:00:00.000000Z,0.11715000122785568,0.13957500457763672,0.11713899672031403,0.13715900480747223,149300973
2025-01-15T00:00:00.000000Z,0.13715900480747223,0.14003999531269073,0.13262400031089783,0.13792499899864197,99101303
2025-01-16T00:00:00.000000Z,0.13792599737644196,0.15321600437164307,0.1367499977350235,0.14564800262451172,124487380
2025-01-17T00:00:00.000000Z,0.14564800262451172,0.1548289954662323,0.14564299583435059,0.15410000085830688,107767289
2025-01-18T00:00:00.000000Z,0.15409800410270691,0.1562110036611557,0.13801999390125275,0.14070500433444977,131710750
2025-01-19T00:00:00.000000Z,0.14070500433444977,0.1412699967622757,0.12307599931955338,0.12424600124359131,232032920
2025-01-20T00:00:00.000000Z,0.12424600124359131,0.13437800109386444,0.12250400334596634,0.12717600166797638,180231943
2025-01-21T00:00:00.000000Z,0.12717600166797638,0.14070500433444977,0.12461499869823456,0.13620400428771973,114919647
2025-01-22T00:00:00.000000Z,0.13620400428771973,0.13759499788284302,0.12936599552631378,0.13046799600124359,59520737
2025-01-23T00:00:00.000000Z,0.13046799600124359,0.13333599269390106,0.12597300112247467,0.13016700744628906,76241727
2025-01-24T00:00:00.000000Z,0.13016700744628906,0.13476100564002991,0.12778900563716888,0.13163399696350098,57906461
2025-01-25T00:00:00.000000Z,0.13161799311637878,0.13439899682998657,0.12794600427150726,0.13177800178527832,50230675
2025-01-26T00:00:00.000000Z,0.13177800178527832,0.13394699990749359,0.12866899371147156,0.12869299948215485,41634980
2025-01-27T00:00:00.000000Z,0.12869299948215485,0.12922400236129761,0.11793799698352814,0.12812900543212891,114786723
2025-01-28T00:00:00.000000Z,0.12812900543212891,0.1291549950838089,0.12044200301170349,0.12147899717092514,60763372
2025-01-29T00:00:00.000000Z,0.12147899717092514,0.12467999756336212,0.11878199875354767,0.12295500189065933,68159117
2025-01-30T00:00:00.000000Z,0.1229579970240593,0.1349090039730072,0.1222900003194809,0.13142499327659607,67809851
2025-01-31T00:00:00.000000Z,0.13142499327659607,0.13326099514961243,0.12870399653911591,0.12982200086116791,52389721
2025-02-01T00:00:00.000000Z,0.12982100248336792,0.13101199269294739,0.1216220036149025,0.12189300358295441,49866739
2025-02-02T00:00:00.000000Z,0.12189300358295441,0.12438199669122696,0.11230900138616562,0.11532899737358093,119417075
2025-02-03T00:00:00.000000Z,0.11532899737358093,0.11541499942541122,0.075351998209953308,0.11027999967336655,408181128
2025-02-04T00:00:00.000000Z,0.11027999967336655,0.1106870025396347,0.094281002879142761,0.099160000681877136,120812600
2025-02-05T00:00:00.000000Z,0.099160000681877136,0.099922999739646912,0.092069998383522034,0.092151999473571777,74455574
2025-02-06T00:00:00.000000Z,0.09215400367975235,0.093240998685359955,0.081859000027179718,0.083053000271320343,117838249
2025-02-07T00:00:00.000000Z,0.083053000271320343,0.094861000776290894,0.082845002412796021,0.087375998497009277,100229592
2025-02-08T00:00:00.000000Z,0.087379001080989838,0.089063003659248352,0.084949001669883728,0.088367000222206116,43728040
2025-02-09T00:00:00.000000Z,0.088367000222206116,0.090135999023914337,0.082353003323078156,0.086588002741336823,53628116
2025-02-10T00:00:00.000000Z,0.086588002741336823,0.093667000532150269,0.084255002439022064,0.092946000397205353,51251350
2025-02-11T00:00:00.000000Z,0.092946000397205353,0.10993999987840652,0.092827998101711273,0.095916002988815308,124866135
2025-02-12T00:00:00.000000Z,0.095916002988815308,0.10014700144529343,0.089493997395038605,0.098255999386310577,99545650
2025-02-13T00:00:00.000000Z,0.098255999386310577,0.10676299780607224,0.095367997884750366,0.10235399752855301,105255314
2025-02-14T00:00:00.000000Z,0.10235399752855301,0.11175300180912018,0.10145100206136703,0.10676699876785278,96361931
2025-02-15T00:00:00.000000Z,0.10676699876785278,0.11000800132751465,0.10515200346708298,0.10710000246763229,53686449
2025-02-16T00:00:00.000000Z,0.10710000246763229,0.11207199841737747,0.10709500312805176,0.10902900248765945,59766190
2025-02-17T00:00:00.000000Z,0.10902900248765945,0.11198899894952774,0.10396800190210342,0.1046999990940094,71865844
2025-02-18T00:00:00.000000Z,0.1046999990940094,0.10658399760723114,0.097921997308731079,0.10202900320291519,66415597
2025-02-19T00:00:00.000000Z,0.10202900320291519,0.10796400159597397,0.10103499889373779,0.10646600276231766,50007201
2025-02-20T00:00:00.000000Z,0.10646600276231766,0.10920000076293945,0.10398499667644501,0.10616199672222137,39611165
2025-02-21T00:00:00.000000Z,0.10616199672222137,0.10872600227594376,0.097677998244762421,0.099393002688884735,80812899
2025-02-22T00:00:00.000000Z,0.099393002688884735,0.10242699831724167,0.098323002457618713,0.10079599916934967,36272178
2025-02-23T00:00:00.000000Z,0.10079599916934967,0.10178600251674652,0.097084999084472656,0.098985999822616577,30905779
2025-02-24T00:00:00.000000Z,0.098985999822616577,0.09950699657201767,0.09012400358915329,0.090134002268314362,65243726
2025-02-25T00:00:00.000000Z,0.090132996439933777,0.093410998582839966,0.085330002009868622,0.092205002903938293,110477223
2025-02-26T00:00:00.000000Z,0.092205002903938293,0.093612000346183777,0.084068998694419861,0.085530996322631836,68824060
2025-02-27T00:00:00.000000Z,0.085530996322631836,0.087729997932910919,0.082212001085281372,0.083979003131389618,51306728
2025-02-28T00:00:00.000000Z,0.083979003131389618,0.084017001092433929,0.074381999671459198,0.078589998185634613,117716292
2025-03-01T00:00:00.000000Z,0.078589998185634613,0.084430001676082611,0.075241997838020325,0.07944200187921524,58935242
2025-03-02T00:00:00.000000Z,0.07944200187921524,0.094091996550559998,0.075488001108169556,0.089739002287387848,117027314
2025-03-03T00:00:00.000000Z,0.089739002287387848,0.089771002531051636,0.077431999146938324,0.078546002507209778,106408393
2025-03-04T00:00:00.000000Z,0.078546002507209778,0.079002000391483307,0.069032996892929077,0.075659997761249542,124711098
2025-03-05T00:00:00.000000Z,0.075659997761249542,0.077832996845245361,0.073225997388362885,0.074813999235630035,59367124
2025-03-06T00:00:00.000000Z,0.074813999235630035,0.076861999928951263,0.073954999446868896,0.075870998203754425,60199995
2025-03-07T00:00:00.000000Z,0.075870998203754425,0.075939998030662537,0.070032998919487,0.070040002465248108,80309323
2025-03-08T00:00:00.000000Z,0.070040002465248108,0.072553001344203949,0.0672139972448349,0.069775998592376709,54474941
2025-03-09T00:00:00.000000Z,0.069775998592376709,0.072320997714996338,0.060332000255584717,0.060584999620914459,85107724
2025-03-10T00:00:00.000000Z,0.060584999620914459,0.064076997339725494,0.055911999195814133,0.058602999895811081,87383804
2025-03-11T00:00:00.000000Z,0.058602999895811081,0.07506600022315979,0.055874001234769821,0.069657996296882629,190947438
2025-03-12T00:00:00.000000Z,0.069657996296882629,0.071915999054908752,0.065963000059127808,0.071794003248214722,95967690
2025-03-13T00:00:00.000000Z,0.071791000664234161,0.074128001928329468,0.068470999598503113,0.070845000445842743,68298382
2025-03-14T00:00:00.000000Z,0.070845000445842743,0.078818999230861664,0.07042200118303299,0.077954001724720001,77220857
2025-03-15T00:00:00.000000Z,0.077953003346920013,0.082561001181602478,0.077939003705978394,0.080514997243881226,61193859
2025-03-16T00:00:00.000000Z,0.080514997243881226,0.08175099641084671,0.073434002697467804,0.073740996420383453,60912503
2025-03-17T00:00:00.000000Z,0.073740996420383453,0.07633499801158905,0.072972998023033142,0.07569500058889389,54005625
2025-03-18T00:00:00.000000Z,0.07567799836397171,0.077995002269744873,0.072415001690387726,0.077982001006603241,57583981
2025-03-19T00:00:00.000000Z,0.077982001006603241,0.082973003387451172,0.07615700364112854,0.082635998725891113,87274977
2025-03-20T00:00:00.000000Z,0.082635998725891113,0.083011999726295471,0.077616997063159943,0.077861003577709198,63882632
2025-03-21T00:00:00.000000Z,0.077861003577709198,0.079236000776290894,0.075850002467632294,0.077388003468513489,46866081
2025-03-22T00:00:00.000000Z,0.077389001846313477,0.080459997057914734,0.077388003468513489,0.07988400012254715,23461515
2025-03-23T00:00:00.000000Z,0.07988400012254715,0.080931000411510468,0.078721001744270325,0.080256000161170959,28990992
2025-03-24T00:00:00.000000Z,0.080256000161170959,0.082465000450611115,0.077927999198436737,0.078248001635074615,61673312
2025-03-25T00:00:00.000000Z,0.078248001635074615,0.078905001282691956,0.076217003166675568,0.07764899730682373,41083829
2025-03-26T00:00:00.000000Z,0.07764899730682373,0.079983003437519073,0.074759997427463531,0.075742997229099274,55194393
2025-03-27T00:00:00.000000Z,0.075742997229099274,0.076885998249053955,0.074120998382568359,0.075498998165130615,35466435
2025-03-28T00:00:00.000000Z,0.075498998165130615,0.07577899843454361,0.068002998828887939,0.069813996553421021,47807303
2025-03-29T00:00:00.000000Z,0.069813996553421021,0.070006996393203735,0.06276799738407135,0.064505003392696381,53272443
2025-03-30T00:00:00.000000Z,0.064505003392696381,0.067047998309135437,0.063300997018814087,0.0644259974360466,38179571
2025-03-31T00:00:00.000000Z,0.0644259974360466,0.06622699648141861,0.062086999416351318,0.064577996730804443,84543645
2025-04-01T00:00:00.000000Z,0.064577996730804443,0.069018997251987457,0.0644880011677742,0.068475000560283661,90822705
2025-04-02T00:00:00.000000Z,0.068475000560283661,0.069030001759529114,0.062167998403310776,0.063225001096725464,130900644
2025-04-03T00:00:00.000000Z,0.063225001096725464,0.065099999308586121,0.060644000768661499,0.06496100127696991,107419382
2025-04-04T00:00:00.000000Z,0.06496100127696991,0.067760996520519257,0.063455000519752502,0.065040998160839081,117582352
2025-04-05T00:00:00.000000Z,0.065040998160839081,0.065839000046253204,0.062835998833179474,0.064001999795436859,72742554
2025-04-06T00:00:00.000000Z,0.064001001417636871,0.064092002809047699,0.05681300163269043,0.057909999042749405,143660783
2025-04-07T00:00:00.000000Z,0.057909999042749405,0.068052999675273895,0.053095001727342606,0.061987001448869705,250845332
2025-04-08T00:00:00.000000Z,0.061987001448869705,0.064961999654769897,0.059656001627445221,0.060178998857736588,105426838
2025-04-09T00:00:00.000000Z,0.060178998857736588,0.070881001651287079,0.05878400057554245,0.067919999361038208,145670844
2025-04-10T00:00:00.000000Z,0.067919999361038208,0.070377998054027557,0.065788000822067261,0.068963997066020966,127003684
2025-04-11T00:00:00.000000Z,0.068963997066020966,0.076343998312950134,0.068715997040271759,0.075489997863769531,131587851
2025-04-12T00:00:00.000000Z,0.075489997863769531,0.077418997883796692,0.072849996387958527,0.077356003224849701,88313377
2025-04-13T00:00:00.000000Z,0.077356003224849701,0.079329997301101685,0.072484999895095825,0.072919003665447235,83552406
2025-04-14T00:00:00.000000Z,0.072920002043247223,0.079121001064777374,0.072856999933719635,0.078487001359462738,90534550
2025-04-15T00:00:00.000000Z,0.078487001359462738,0.079093001782894135,0.074421003460884094,0.074529998004436493,72016504
2025-04-16T00:00:00.000000Z,0.074529998004436493,0.077979996800422668,0.072881996631622314,0.075286999344825745,76248218
2025-04-17T00:00:00.000000Z,0.075286999344825745,0.077758997678756714,0.075047001242637634,0.07639099657535553,62459354
2025-04-18T00:00:00.000000Z,0.07639099657535553,0.078052997589111328,0.07539600133895874,0.076475001871585846,41953600
2025-04-19T00:00:00.000000Z,0.076475001871585846,0.078613996505737305,0.076461002230644226,0.078576996922492981,31736881
2025-04-20T00:00:00.000000Z,0.078580997884273529,0.078890003263950348,0.076003998517990112,0.077947996556758881,38997264
2025-04-21T00:00:00.000000Z,0.077947996556758881,0.084939002990722656,0.077936999499797821,0.084724001586437225,94365320
2025-04-22T00:00:00.000000Z,0.084724001586437225,0.098718002438545227,0.08421800285577774,0.098711997270584106,157611761
2025-04-23T00:00:00.000000Z,0.098711997270584106,0.099751003086566925,0.092954002320766449,0.095271997153759003,124082897
2025-04-24T00:00:00.000000Z,0.095271997153759003,0.098559997975826263,0.094913996756076813,0.097874999046325684,85436997
2025-04-25T00:00:00.000000Z,0.097874999046325684,0.10897699743509293,0.096856996417045593,0.10358099639415741,159793328
2025-04-26T00:00:00.000000Z,0.10358200222253799,0.10782399773597717,0.098020002245903015,0.10073000192642212,112945740
2025-04-27T00:00:00.000000Z,0.1007160022854805,0.1012289971113205,0.095770001411437988,0.096536003053188324,78728306
2025-04-28T00:00:00.000000Z,0.096536003053188324,0.1004600003361702,0.093874000012874603,0.095914997160434723,102442637
2025-04-29T00:00:00.000000Z,0.095914997160434723,0.098104000091552734,0.086520999670028687,0.087676003575325012,86094014
2025-04-30T00:00:00.000000Z,0.087676003575325012,0.091747000813484192,0.083356000483036041,0.089723996818065643,97393376
2025-05-01T00:00:00.000000Z,0.089723996818065643,0.096818000078201294,0.089680999517440796,0.094093002378940582,84859904
2025-05-02T00:00:00.000000Z,0.09409400075674057,0.10243599861860275,0.094081997871398926,0.10194999724626541,74057153
2025-05-03T00:00:00.000000Z,0.10194999724626541,0.1039929986000061,0.09500499814748764,0.095007002353668213,59847729
2025-05-04T00:00:00.000000Z,0.095007002353668213,0.09554000198841095,0.089538998901844025,0.090668998658657074,58044221
2025-05-05T00:00:00.000000Z,0.090668998658657074,0.097396001219749451,0.090466998517513275,0.095769003033638,64404230
2025-05-06T00:00:00.000000Z,0.095769003033638,0.095824003219604492,0.087316997349262238,0.090519003570079803,66899497
2025-05-07T00:00:00.000000Z,0.090519003570079803,0.092932000756263733,0.089079998433589935,0.091866001486778259,58596014
2025-05-08T00:00:00.000000Z,0.091866001486778259,0.10026200115680695,0.091628998517990112,0.099243998527526855,98895135
2025-05-09T00:00:00.000000Z,0.099243998527526855,0.10715900361537933,0.096997000277042389,0.10458400100469589,118750438
2025-05-10T00:00:00.000000Z,0.10458400100469589,0.11011700332164764,0.10363999754190445,0.11005499958992004,94345315
2025-05-11T00:00:00.000000Z,0.11005499958992004,0.11878400295972824,0.10428100079298019,0.11707500368356705,170977635
2025-05-12T00:00:00.000000Z,0.11707500368356705,0.13082200288772583,0.10847499966621399,0.1161080002784729,299124933
2025-05-13T00:00:00.000000Z,0.1161080002784729,0.1268250048160553,0.10779800266027451,0.12509599328041077,198624235
2025-05-14T00:00:00.000000Z,0.12509599328041077,0.12509700655937195,0.11782900243997574,0.12065800279378891,110710486
2025-05-15T00:00:00.000000Z,0.12065800279378891,0.12183400243520737,0.11140800267457962,0.11728200316429138,137958468
2025-05-16T00:00:00.000000Z,0.11728200316429138,0.12225800007581711,0.11684499680995941,0.11798299849033356,92221196
2025-05-17T00:00:00.000000Z,0.11798299849033356,0.11837399750947952,0.1079690009355545,0.10909499973058701,88612341
2025-05-18T00:00:00.000000Z,0.10909499973058701,0.11830999702215195,0.10730600357055664,0.11229799687862396,111805712
2025-05-19T00:00:00.000000Z,0.11229799687862396,0.11239200085401535,0.10317199677228928,0.10794000327587128,80374468
2025-05-20T00:00:00.000000Z,0.10794000327587128,0.11347900331020355,0.10487700253725052,0.11076299846172333,108613755
2025-05-21T00:00:00.000000Z,0.11076299846172333,0.11516100168228149,0.10883700102567673,0.11306899785995483,92582554
2025-05-22T00:00:00.000000Z,0.11307100206613541,0.11907400190830231,0.11104000359773636,0.11725500226020813,106440856
2025-05-23T00:00:00.000000Z,0.11725500226020813,0.1197889968752861,0.10629799962043762,0.10642299801111221,111131531
2025-05-24T00:00:00.000000Z,0.10642299801111221,0.11056400090456009,0.10627999901771545,0.10791800171136856,45022894
2025-05-25T00:00:00.000000Z,0.10791800171136856,0.10844899713993073,0.10196200013160706,0.10676299780607224,61986939
2025-05-26T00:00:00.000000Z,0.10676299780607224,0.10881900042295456,0.10361199826002121,0.10493899881839752,49787057
2025-05-27T00:00:00.000000Z,0.10493899881839752,0.10784000158309937,0.10237699747085571,0.10681899636983871,60082119
2025-05-28T00:00:00.000000Z,0.10681899636983871,0.10773299634456635,0.098899997770786285,0.10172999650239944,60341838
2025-05-29T00:00:00.000000Z,0.10172999650239944,0.10333800315856934,0.096776001155376434,0.096864998340606689,62486926
2025-05-30T00:00:00.000000Z,0.096858002245426178,0.097337998449802399,0.085725001990795135,0.085725001990795135,92670638
2025-05-31T00:00:00.000000Z,0.085724003612995148,0.086732000112533569,0.080159001052379608,0.08361399918794632,97781828
2025-06-01T00:00:00.000000Z,0.08361399918794632,0.089914001524448395,0.083097003400325775,0.088583000004291534,53693481
2025-06-02T00:00:00.000000Z,0.088583000004291534,0.089989997446537018,0.084022998809814453,0.089634999632835388,60494739
2025-06-03T00:00:00.000000Z,0.089634999632835388,0.091835997998714447,0.087523996829986572,0.087737999856472015,50493966
2025-06-04T00:00:00.000000Z,0.087737999856472015,0.088881000876426697,0.082667998969554901,0.083034001290798187,50155675
2025-06-05T00:00:00.000000Z,0.083034001290798187,0.085891999304294586,0.079689003527164459,0.081200003623962402,65339328
2025-06-06T00:00:00.000000Z,0.081200003623962402,0.088012002408504486,0.081023000180721283,0.084911003708839417,51078091
2025-06-07T00:00:00.000000Z,0.084911003708839417,0.089138001203536987,0.084671996533870697,0.088322997093200684,32439884
2025-06-08T00:00:00.000000Z,0.088321998715400696,0.088638000190258026,0.084798999130725861,0.086479999125003815,33326091
2025-06-09T00:00:00.000000Z,0.086479999125003815,0.090089000761508942,0.083679996430873871,0.09001699835062027,60530551
2025-06-10T00:00:00.000000Z,0.09001699835062027,0.091926001012325287,0.088152997195720673,0.090754002332687378,58390587
2025-06-11T00:00:00.000000Z,0.090754002332687378,0.090759001672267914,0.084913000464439392,0.086471997201442719,63693384
2025-06-12T00:00:00.000000Z,0.086471997201442719,0.086861997842788696,0.081973999738693237,0.082910999655723572,57480821
2025-06-13T00:00:00.000000Z,0.082910999655723572,0.082924000918865204,0.074672996997833252,0.078460000455379486,89154374
2025-06-14T00:00:00.000000Z,0.078460000455379486,0.078539997339248657,0.071560002863407135,0.073163002729415894,57614181
2025-06-15T00:00:00.000000Z,0.073163002729415894,0.074271000921726227,0.072019003331661224,0.073517002165317535,38985295
2025-06-16T00:00:00.000000Z,0.073517002165317535,0.082813002169132233,0.072564996778964996,0.076168999075889587,83414831
2025-06-17T00:00:00.000000Z,0.076168999075889587,0.077285997569561005,0.070569999516010284,0.071117997169494629,63604894
2025-06-18T00:00:00.000000Z,0.071117997169494629,0.072752997279167175,0.067764997482299805,0.072460003197193146,83482436
2025-06-19T00:00:00.000000Z,0.072460003197193146,0.073655001819133759,0.068873003125190735,0.069718003273010254,35330757
2025-06-20T00:00:00.000000Z,0.069718003273010254,0.071524001657962799,0.067065998911857605,0.068622000515460968,46362122
2025-06-21T00:00:00.000000Z,0.068622000515460968,0.069242000579833984,0.064163997769355774,0.065768003463745117,46734761
2025-06-22T00:00:00.000000Z,0.065770000219345093,0.067441999912261963,0.060460999608039856,0.064016997814178467,95283683
2025-06-23T00:00:00.000000Z,0.064016997814178467,0.074943996965885162,0.064015999436378479,0.073775999248027802,100359445
2025-06-24T00:00:00.000000Z,0.073775999248027802,0.077476002275943756,0.072911001741886139,0.073922999203205109,91166048
2025-06-25T00:00:00.000000Z,0.073922999203205109,0.080622002482414246,0.073247000575065613,0.077073000371456146,130379100
2025-06-26T00:00:00.000000Z,0.077073000371456146,0.079879999160766602,0.073478996753692627,0.073550000786781311,89952248
2025-06-27T00:00:00.000000Z,0.073550000786781311,0.075419001281261444,0.072453998029232025,0.074666999280452728,73677427
2025-06-28T00:00:00.000000Z,0.074666999280452728,0.078313000500202179,0.074051998555660248,0.07787100225687027,46056622
2025-06-29T00:00:00.000000Z,0.07787100225687027,0.079311996698379517,0.075395002961158752,0.079194001853466034,54175379
2025-06-30T00:00:00.000000Z,0.079194001853466034,0.079281002283096313,0.074317000806331635,0.075467996299266815,78345291
2025-07-01T00:00:00.000000Z,0.075467996299266815,0.07573699951171875,0.072607003152370453,0.073834002017974854,77531584
2025-07-02T00:00:00.000000Z,0.073834002017974854,0.0794529989361763,0.073063001036643982,0.078055001795291901,90759764
2025-07-03T00:00:00.000000Z,0.078055001795291901,0.081156998872756958,0.077146999537944794,0.078565001487731934,87508867
2025-07-04T00:00:00.000000Z,0.078565001487731934,0.078841999173164368,0.074501000344753265,0.075724996626377106,54446620
2025-07-05T00:00:00.000000Z,0.075724996626377106,0.076474003493785858,0.073923997581005096,0.075060002505779266,38371264
2025-07-06T00:00:00.000000Z,0.075060002505779266,0.078460000455379486,0.07397499680519104,0.07744300365447998,48970795
2025-07-07T00:00:00.000000Z,0.07744300365447998,0.078051000833511353,0.074303999543190002,0.075332999229431152,62947575
2025-07-08T00:00:00.000000Z,0.075332999229431152,0.07782600075006485,0.07440900057554245,0.077680997550487518,78420726
2025-07-09T00:00:00.000000Z,0.077680997550487518,0.08183799684047699,0.076338000595569611,0.081625998020172119,86292360
2025-07-10T00:00:00.000000Z,0.081625998020172119,0.087398998439311981,0.080366998910903931,0.086813002824783325,109886412
2025-07-11T00:00:00.000000Z,0.086813002824783325,0.091674000024795532,0.084363996982574463,0.08521299809217453,142236683
2025-07-12T00:00:00.000000Z,0.08521299809217453,0.087531000375747681,0.081509001553058624,0.083890996873378754,81630770
2025-07-13T00:00:00.000000Z,0.083890996873378754,0.088691003620624542,0.083608001470565796,0.086053997278213501,74052824
2025-07-14T00:00:00.000000Z,0.086053997278213501,0.089566998183727264,0.084077998995780945,0.085363999009132385,120535516
2025-07-15T00:00:00.000000Z,0.085363999009132385,0.087715998291969299,0.08251199871301651,0.087470002472400665,97056439
2025-07-16T00:00:00.000000Z,0.087470002472400665,0.095462001860141754,0.086958996951580048,0.09374699741601944,124562577
2025-07-17T00:00:00.000000Z,0.09374699741601944,0.095939002931118011,0.090043999254703522,0.093893997371196747,135920559
2025-07-18T00:00:00.000000Z,0.093893997371196747,0.099201001226902008,0.090723998844623566,0.09206400066614151,156443015
2025-07-19T00:00:00.000000Z,0.09206400066614151,0.095505997538566589,0.090516000986099243,0.095308996737003326,73292016
2025-07-20T00:00:00.000000Z,0.095308996737003326,0.099394999444484711,0.094324000179767609,0.097506001591682434,96773418
2025-07-21T00:00:00.000000Z,0.097506001591682434,0.11715800315141678,0.0964059978723526,0.1149040013551712,239852361
2025-07-22T00:00:00.000000Z,0.1149040013551712,0.11848600208759308,0.10846599936485291,0.11271200329065323,168859759
2025-07-23T00:00:00.000000Z,0.11271200329065323,0.11433599889278412,0.10106500238180161,0.10436099767684937,143547254
2025-07-24T00:00:00.000000Z,0.10436099767684937,0.10597299784421921,0.095852002501487732,0.097920998930931091,154436083
2025-07-25T00:00:00.000000Z,0.097920998930931091,0.10053399950265884,0.095322996377944946,0.10046699643135071,101890693
2025-07-26T00:00:00.000000Z,0.10046699643135071,0.10104600340127945,0.097231999039649963,0.097388997673988342,51443397
2025-07-27T00:00:00.000000Z,0.097388997673988342,0.1068900004029274,0.097384996712207794,0.10498300194740295,94809571
2025-07-28T00:00:00.000000Z,0.10498300194740295,0.10703299939632416,0.096762001514434814,0.096803002059459686,91664557
2025-07-29T00:00:00.000000Z,0.096803002059459686,0.099936999380588531,0.094631999731063843,0.095588997006416321,71335426
2025-07-30T00:00:00.000000Z,0.095588997006416321,0.096180997788906097,0.089712001383304596,0.093933999538421631,87629662
2025-07-31T00:00:00.000000Z,0.093933999538421631,0.096988998353481293,0.088368996977806091,0.088476002216339111,77606519
2025-08-01T00:00:00.000000Z,0.088476002216339111,0.088503003120422363,0.08376699686050415,0.084894001483917236,118955253
2025-08-02T00:00:00.000000Z,0.084894001483917236,0.086166001856327057,0.080181002616882324,0.08266100287437439,75434779
2025-08-03T00:00:00.000000Z,0.08266100287437439,0.087719999253749847,0.081969000399112701,0.085184000432491302,58861930
2025-08-04T00:00:00.000000Z,0.085184000432491302,0.091053999960422516,0.085013002157211304,0.090764999389648438,73653462
2025-08-05T00:00:00.000000Z,0.090764999389648438,0.09163299947977066,0.084651000797748566,0.086643002927303314,64759184
2025-08-06T00:00:00.000000Z,0.086643002927303314,0.088651999831199646,0.084072001278400421,0.087761998176574707,55261273
2025-08-07T00:00:00.000000Z,0.087761998176574707,0.090790003538131714,0.086387999355792999,0.090579003095626831,74187381
2025-08-08T00:00:00.000000Z,0.090577997267246246,0.094412997364997864,0.089020997285842896,0.093662001192569733,77689650
2025-08-09T00:00:00.000000Z,0.093662001192569733,0.097019001841545105,0.093084000051021576,0.095115996897220612,55578895
2025-08-10T00:00:00.000000Z,0.095115996897220612,0.098121002316474915,0.091963998973369598,0.093437999486923218,62521984
2025-08-11T00:00:00.000000Z,0.093437999486923218,0.096182003617286682,0.089097999036312103,0.089850001037120819,82260880
2025-08-12T00:00:00.000000Z,0.089850001037120819,0.099082000553607941,0.086533002555370331,0.096900999546051025,99824074
2025-08-13T00:00:00.000000Z,0.096900999546051025,0.10082799941301346,0.095082998275756836,0.099417001008987427,90110953
2025-08-14T00:00:00.000000Z,0.099417001008987427,0.10109999775886536,0.089120000600814819,0.090580001473426819,97681659
2025-08-15T00:00:00.000000Z,0.090580001473426819,0.09277699887752533,0.087884999811649323,0.089783996343612671,59383729
2025-08-16T00:00:00.000000Z,0.089801996946334839,0.091000996530056,0.088632002472877502,0.090161003172397614,30555307
2025-08-17T00:00:00.000000Z,0.090161003172397614,0.094475999474525452,0.089431002736091614,0.091475002467632294,48856565
2025-08-18T00:00:00.000000Z,0.091475002467632294,0.091729998588562012,0.085942000150680542,0.087700001895427704,70815019
2025-08-19T00:00:00.000000Z,0.087700001895427704,0.088666997849941254,0.082897000014781952,0.082897000014781952,63887417
2025-08-20T00:00:00.000000Z,0.082897000014781952,0.087963998317718506,0.082879997789859772,0.087485998868942261,59379987
2025-08-21T00:00:00.000000Z,0.087485998868942261,0.087779998779296875,0.08497600257396698,0.085698001086711884,48708745
2025-08-22T00:00:00.000000Z,0.085698001086711884,0.093887001276016235,0.084981001913547516,0.093033000826835632,102336413
2025-08-23T00:00:00.000000Z,0.093033000826835632,0.093160003423690796,0.089096002280712128,0.090571001172065735,48758306
2025-08-24T00:00:00.000000Z,0.090571999549865723,0.093677997589111328,0.088048003613948822,0.089864999055862427,63656432
2025-08-25T00:00:00.000000Z,0.089864999055862427,0.091113999485969543,0.082336001098155975,0.084294997155666351,71484085
2025-08-26T00:00:00.000000Z,0.084294997155666351,0.088623002171516418,0.083677999675273895,0.088031001389026642,49576770
2025-08-27T00:00:00.000000Z,0.088031001389026642,0.088655002415180206,0.086434997618198395,0.087024003267288208,41429095
2025-08-28T00:00:00.000000Z,0.087007999420166016,0.091540999710559845,0.086038999259471893,0.089523002505302429,58097854
2025-08-29T00:00:00.000000Z,0.089521996676921844,0.089560002088546753,0.08355499804019928,0.084650002419948578,54613730
2025-08-30T00:00:00.000000Z,0.084650002419948578,0.085533000528812408,0.083421997725963593,0.085355997085571289,23586842
2025-08-31T00:00:00.000000Z,0.085355997085571289,0.086710996925830841,0.083870001137256622,0.083870001137256622,30247436
2025-09-01T00:00:00.000000Z,0.083870001137256622,0.086524002254009247,0.080848999321460724,0.082304000854492188,53408906
2025-09-02T00:00:00.000000Z,0.082304000854492188,0.085070997476577759,0.082125000655651093,0.084119997918605804,39899537
2025-09-03T00:00:00.000000Z,0.084119997918605804,0.085210002958774567,0.082907997071743011,0.084375999867916107,25722184
2025-09-04T00:00:00.000000Z,0.084375999867916107,0.084619000554084778,0.081133000552654266,0.081597998738288879,27259538
2025-09-05T00:00:00.000000Z,0.081597998738288879,0.084375001490116119,0.080282002687454224,0.080628998577594757,40015209
2025-09-06T00:00:00.000000Z,0.080628998577594757,0.081317000091075897,0.075346000492572784,0.077956996858119965,54257028
2025-09-07T00:00:00.000000Z,0.077956996858119965,0.080381996929645538,0.077734000980854034,0.080058999359607697,30607978
2025-09-08T00:00:00.000000Z,0.080058999359607697,0.082988999783992767,0.079544998705387115,0.081041999161243439,36192321
2025-09-09T00:00:00.000000Z,0.081041999161243439,0.082578003406524658,0.07949499785900116,0.080788999795913696,42946489
2025-09-10T00:00:00.000000Z,0.080788999795913696,0.083549000322818756,0.080288000404834747,0.082805998623371124,37877336
2025-09-11T00:00:00.000000Z,0.082805998623371124,0.086358003318309784,0.082482002675533295,0.086352996528148651,49138356
2025-09-12T00:00:00.000000Z,0.086356997489929199,0.088849999010562897,0.085777997970581055,0.088655002415180206,45648014
2025-09-13T00:00:00.000000Z,0.088655002415180206,0.090917997062206268,0.087255001068115234,0.089620001614093781,46879192
2025-09-14T00:00:00.000000Z,0.089620001614093781,0.089837998151779175,0.084908999502658844,0.085578002035617828,50310561
2025-09-15T00:00:00.000000Z,0.085578002035617828,0.086282998323440552,0.081885002553462982,0.083351999521255493,58539185
2025-09-16T00:00:00.000000Z,0.083351999521255493,0.086524002254009247,0.083135999739170074,0.086312003433704376,46097016
2025-09-17T00:00:00.000000Z,0.086312003433704376,0.08927600085735321,0.08425699919462204,0.088668003678321838,63839532
2025-09-18T00:00:00.000000Z,0.088668003678321838,0.089791998267173767,0.086465999484062195,0.088091000914573669,56647557
2025-09-19T00:00:00.000000Z,0.088091000914573669,0.088829003274440765,0.083435997366905212,0.084074996411800385,42586519
2025-09-20T00:00:00.000000Z,0.084074996411800385,0.08533400297164917,0.083328001201152802,0.084114998579025269,25314850
2025-09-21T00:00:00.000000Z,0.084114998579025269,0.084140002727508545,0.081289999186992645,0.081619001924991608,37349898
2025-09-22T00:00:00.000000Z,0.081615999341011047,0.081761002540588379,0.076829001307487488,0.078985996544361115,78427865
2025-09-23T00:00:00.000000Z,0.078985996544361115,0.080782003700733185,0.076210997998714447,0.078291997313499451,46854977
2025-09-24T00:00:00.000000Z,0.078291997313499451,0.080746002495288849,0.077262997627258301,0.078755997121334076,36745951
2025-09-25T00:00:00.000000Z,0.078755997121334076,0.078902997076511383,0.074519999325275421,0.07535099983215332,64534516
2025-09-26T00:00:00.000000Z,0.07535099983215332,0.079885996878147125,0.075350001454353333,0.07813899964094162,56122498
2025-09-27T00:00:00.000000Z,0.07813899964094162,0.078344002366065979,0.075470000505447388,0.076347000896930695,27956034
2025-09-28T00:00:00.000000Z,0.076347000896930695,0.077941000461578369,0.074387997388839722,0.077716000378131866,37450161
2025-09-29T00:00:00.000000Z,0.077716000378131866,0.078703999519348145,0.075165003538131714,0.077023997902870178,43458957
2025-09-30T00:00:00.000000Z,0.077023997902870178,0.077053003013134003,0.07415500283241272,0.075185999274253845,48485586
2025-10-01T00:00:00.000000Z,0.075185999274253845,0.079774998128414154,0.07432200014591217,0.079770997166633606,54878077
2025-10-02T00:00:00.000000Z,0.079770997166633606,0.08186899870634079,0.079154998064041138,0.081525996327400208,48817137
2025-10-03T00:00:00.000000Z,0.081525996327400208,0.081772997975349426,0.078451000154018402,0.080576002597808838,52997830
2025-10-04T00:00:00.000000Z,0.080576002597808838,0.080576002597808838,0.075355000793933868,0.076389998197555542,38468496
2025-10-05T00:00:00.000000Z,0.076389998197555542,0.077875003218650818,0.073146000504493713,0.074885003268718719,66496437
2025-10-06T00:00:00.000000Z,0.074885003268718719,0.079452000558376312,0.074446000158786774,0.078161001205444336,83764474
2025-10-07T00:00:00.000000Z,0.078161001205444336,0.079170003533363342,0.074932999908924103,0.075053997337818146,48078689
2025-10-08T00:00:00.000000Z,0.075053997337818146,0.076943002641201019,0.074560999870300293,0.075119003653526306,42156931
2025-10-09T00:00:00.000000Z,0.075119003653526306,0.075283996760845184,0.072300001978874207,0.073908999562263489,54539760
2025-10-10T00:00:00.000000Z,0.073908999562263489,0.074888996779918671,0.013934999704360962,0.055341999977827072,203589067
2025-10-11T00:00:00.000000Z,0.055341999977827072,0.06422799825668335,0.051194000989198685,0.057087000459432602,189947937
2025-10-12T00:00:00.000000Z,0.057087000459432602,0.062077999114990234,0.055149998515844345,0.061659000813961029,92082608
2025-10-13T00:00:00.000000Z,0.061659999191761017,0.065770000219345093,0.06040399894118309,0.064710997045040131,97177295
2025-10-14T00:00:00.000000Z,0.064710997045040131,0.064910002052783966,0.057812001556158066,0.060711998492479324,80132638
2025-10-15T00:00:00.000000Z,0.060711998492479324,0.062063001096248627,0.056379999965429306,0.056926000863313675,69474726
2025-10-16T00:00:00.000000Z,0.056926000863313675,0.05879800021648407,0.052691999822854996,0.053532000631093979,79426089
2025-10-17T00:00:00.000000Z,0.053532000631093979,0.054221000522375107,0.04830000177025795,0.051848001778125763,115421152
2025-10-18T00:00:00.000000Z,0.051846999675035477,0.052482999861240387,0.049201000481843948,0.050473999232053757,50350099
2025-10-19T00:00:00.000000Z,0.050473999232053757,0.054588001221418381,0.049520000815391541,0.052705999463796616,52895307
2025-10-20T00:00:00.000000Z,0.052705999463796616,0.055785998702049255,0.05189099907875061,0.054834999144077301,48662155
2025-10-21T00:00:00.000000Z,0.054894000291824341,0.055155999958515167,0.051135998219251633,0.051729999482631683,61318898
2025-10-22T00:00:00.000000Z,0.051729999482631683,0.052372001111507416,0.048243999481201172,0.049258001148700714,57155680
2025-10-23T00:00:00.000000Z,0.049258001148700714,0.052182998508214951,0.04825500026345253,0.051398999989032745,48201365
2025-10-24T00:00:00.000000Z,0.051398999989032745,0.053226999938488007,0.051033001393079758,0.053063001483678818,38057948
2025-10-25T00:00:00.000000Z,0.053063001483678818,0.058750998228788376,0.052622999995946884,0.058228999376296997,60105242
2025-10-26T00:00:00.000000Z,0.058228999376296997,0.059307001531124115,0.056816000491380692,0.058295998722314835,55745625
2025-10-27T00:00:00.000000Z,0.058295998722314835,0.059101998805999756,0.057029001414775848,0.057381000369787216,37490343
2025-10-28T00:00:00.000000Z,0.057381000369787216,0.058687999844551086,0.055599000304937363,0.056637000292539597,45219267
2025-10-29T00:00:00.000000Z,0.056637000292539597,0.060256000608205795,0.056483000516891479,0.058442998677492142,49917580
2025-10-30T00:00:00.000000Z,0.058442998677492142,0.058687001466751099,0.051304001361131668,0.05376800149679184,51582990
2025-10-31T00:00:00.000000Z,0.05376800149679184,0.054512999951839447,0.051805999130010605,0.05301700159907341,35775386
2025-11-01T00:00:00.000000Z,0.05301700159907341,0.054182000458240509,0.052267000079154968,0.053242001682519913,35206253
2025-11-02T00:00:00.000000Z,0.053242001682519913,0.053738001734018326,0.050981998443603516,0.052170000970363617,29749515
2025-11-03T00:00:00.000000Z,0.052170000970363617,0.052193000912666321,0.046036001294851303,0.046673998236656189,62722093
2025-11-04T00:00:00.000000Z,0.046673998236656189,0.047143999487161636,0.041257999837398529,0.044123999774456024,85099543
2025-11-05T00:00:00.000000Z,0.044123999774456024,0.047981001436710358,0.042261999100446701,0.046881001442670822,50308093
2025-11-06T00:00:00.000000Z,0.046881001442670822,0.052675001323223114,0.04388900101184845,0.050445999950170517,72250359
2025-11-07T00:00:00.000000Z,0.050450000911951065,0.05466800183057785,0.048799000680446625,0.052085001021623611,96042947
2025-11-08T00:00:00.000000Z,0.052085001021623611,0.052914999425411224,0.049417998641729355,0.051825001835823059,58253208
2025-11-09T00:00:00.000000Z,0.051825001835823059,0.05236399918794632,0.049288999289274216,0.051780000329017639,42052054
2025-11-10T00:00:00.000000Z,0.051780000329017639,0.054329998791217804,0.051385000348091125,0.052480999380350113,56039095
2025-11-11T00:00:00.000000Z,0.052480999380350113,0.053828001022338867,0.049401000142097473,0.049417998641729355,42793665
2025-11-12T00:00:00.000000Z,0.049417998641729355,0.050533998757600784,0.047410000115633011,0.049506999552249908,52468403
2025-11-13T00:00:00.000000Z,0.049506999552249908,0.050999000668525696,0.04714599996805191,0.048415999859571457,50664157
2025-11-14T00:00:00.000000Z,0.048415999859571457,0.048415999859571457,0.044084001332521439,0.044518999755382538,53303855
2025-11-15T00:00:00.000000Z,0.044518999755382538,0.046011999249458313,0.04447999969124794,0.04516100138425827,21378478
2025-11-16T00:00:00.000000Z,0.04516100138425827,0.046356000006198883,0.042798001319169998,0.043554998934268951,33336189
2025-11-17T00:00:00.000000Z,0.043554998934268951,0.046004999428987503,0.041629001498222351,0.042663998901844025,46751167
2025-11-18T00:00:00.000000Z,0.042663998901844025,0.044714000076055527,0.04115699976682663,0.043290998786687851,53852839
2025-11-19T00:00:00.000000Z,0.043290998786687851,0.043352998793125153,0.040052998811006546,0.042227998375892639,46810741
2025-11-20T00:00:00.000000Z,0.042227998375892639,0.043545998632907867,0.039985999464988708,0.040056999772787094,46790590
2025-11-21T00:00:00.000000Z,0.040056999772787094,0.040651999413967133,0.036428000777959824,0.038587998598814011,67826821
2025-11-22T00:00:00.000000Z,0.038587998598814011,0.038784001022577286,0.037241000682115555,0.038100000470876694,26674390
2025-11-23T00:00:00.000000Z,0.038100000470876694,0.041487999260425568,0.037595998495817184,0.039969000965356827,38102934
2025-11-24T00:00:00.000000Z,0.039969000965356827,0.046177998185157776,0.039675001055002213,0.045223001390695572,50713150
2025-11-25T00:00:00.000000Z,0.045223001390695572,0.052818998694419861,0.044828999787569046,0.050530999898910522,112389214
2025-11-26T00:00:00.000000Z,0.050530999898910522,0.059845000505447388,0.049814999103546143,0.057702001184225082,92239957
2025-11-27T00:00:00.000000Z,0.057702001184225082,0.062143001705408096,0.057702001184225082,0.058490999042987823,78126557
2025-11-28T00:00:00.000000Z,0.058490999042987823,0.062740996479988098,0.054820999503135681,0.057891998440027237,84801365
2025-11-29T00:00:00.000000Z,0.057891998440027237,0.058761000633239746,0.056141000241041183,0.05638200044631958,32427079
2025-11-30T00:00:00.000000Z,0.05638200044631958,0.060339000076055527,0.055936999619007111,0.057390999048948288,40689307
2025-12-01T00:00:00.000000Z,0.057390999048948288,0.057395998388528824,0.050475001335144043,0.05197799950838089,67678661
2025-12-02T00:00:00.000000Z,0.05197799950838089,0.058187998831272125,0.05197799950838089,0.054542999714612961,43531677
2025-12-03T00:00:00.000000Z,0.054542999714612961,0.058959998190402985,0.053931999951601028,0.056887999176979065,46313153
2025-12-04T00:00:00.000000Z,0.056891001760959625,0.057895999401807785,0.0547030009329319,0.055112000554800034,30889351
2025-12-05T00:00:00.000000Z,0.055112000554800034,0.055810000747442245,0.051382001489400864,0.052538000047206879,27329017
2025-12-06T00:00:00.000000Z,0.052538000047206879,0.053215999156236649,0.050872001796960831,0.051052000373601913,19451418
2025-12-07T00:00:00.000000Z,0.051052000373601913,0.053904999047517776,0.049945000559091568,0.051465000957250595,27295455
2025-12-08T00:00:00.000000Z,0.051465000957250595,0.053835000842809677,0.051231000572443008,0.052145000547170639,20782157
2025-12-09T00:00:00.000000Z,0.052145000547170639,0.055344000458717346,0.049644000828266144,0.049984999001026154,49429664
2025-12-10T00:00:00.000000Z,0.049984999001026154,0.051543001085519791,0.048620998859405518,0.048693001270294189,32212990
2025-12-11T00:00:00.000000Z,0.048693001270294189,0.048817999660968781,0.046009998768568039,0.047743000090122223,29554938
2025-12-12T00:00:00.000000Z,0.047743000090122223,0.048071999102830887,0.045444000512361526,0.046344000846147537,19301310
2025-12-13T00:00:00.000000Z,0.046344000846147537,0.046994999051094055,0.045743998140096664,0.046780999749898911,15915447
2025-12-14T00:00:00.000000Z,0.046780999749898911,0.046966001391410828,0.044139999896287918,0.044319000095129013,17616544
2025-12-15T00:00:00.000000Z,0.044319998472929001,0.045318998396396637,0.041740000247955322,0.042945001274347305,28542308
2025-12-16T00:00:00.000000Z,0.042945001274347305,0.045492000877857208,0.04215800017118454,0.044714000076055527,30282991
2025-12-17T00:00:00.000000Z,0.044714000076055527,0.045056000351905823,0.041517999023199081,0.041978001594543457,27880580
2025-12-18T00:00:00.000000Z,0.041978001594543457,0.043744001537561417,0.04013499990105629,0.040527999401092529,28140204
2025-12-19T00:00:00.000000Z,0.040527999401092529,0.043729998171329498,0.04046500101685524,0.043264999985694885,23579916
2025-12-20T00:00:00.000000Z,0.043264999985694885,0.044980000704526901,0.04323200136423111,0.0449180006980896,15865875
2025-12-21T00:00:00.000000Z,0.0449180006980896,0.04726799950003624,0.04385099932551384,0.046783998608589172,29526943
2025-12-22T00:00:00.000000Z,0.046783998608589172,0.048661001026630402,0.046075999736785889,0.046629000455141068,27183199
2025-12-23T00:00:00.000000Z,0.046629000455141068,0.04680199921131134,0.044197000563144684,0.045085001736879349,19001262
2025-12-24T00:00:00.000000Z,0.045085001736879349,0.045416001230478287,0.043779000639915466,0.044566001743078232,17647846
2025-12-25T00:00:00.000000Z,0.044566001743078232,0.045035000890493393,0.04352099820971489,0.043618001043796539,13877784
2025-12-26T00:00:00.000000Z,0.043618001043796539,0.046140000224113464,0.043593000620603561,0.044808000326156616,18659791
2025-12-27T00:00:00.000000Z,0.044808000326156616,0.04547400027513504,0.044300001114606857,0.045455001294612885,11012149
2025-12-28T00:00:00.000000Z,0.045455001294612885,0.04549499973654747,0.044114001095294952,0.04453900083899498,11704068
2025-12-29T00:00:00.000000Z,0.04453900083899498,0.045455999672412872,0.043184000998735428,0.043462000787258148,21856727
2025-12-30T00:00:00.000000Z,0.043462000787258148,0.044275999069213867,0.042771000415086746,0.043930001556873322,19900498
2025-12-31T00:00:00.000000Z,0.043930001556873322,0.044105999171733856,0.042704999446868896,0.042911000549793243,21235443
2026-01-01T00:00:00.000000Z,0.042911000549793243,0.0448170006275177,0.042417999356985092,0.044681999832391739,17074263
2026-01-02T00:00:00.000000Z,0.044681999832391739,0.046463999897241592,0.043917000293731689,0.045991998165845871,24428592
2026-01-03T00:00:00.000000Z,0.045991998165845871,0.046144999563694,0.044121000915765762,0.045671001076698303,17183909
2026-01-04T00:00:00.000000Z,0.045671001076698303,0.051821999251842499,0.045671001076698303,0.049469001591205597,43192797
2026-01-05T00:00:00.000000Z,0.049469001591205597,0.052290000021457672,0.049467999488115311,0.050951000303030014,39874482
2026-01-06T00:00:00.000000Z,0.050951000303030014,0.053146000951528549,0.049166999757289886,0.051465000957250595,39991568
2026-01-07T00:00:00.000000Z,0.051465000957250595,0.051465999335050583,0.048004999756813049,0.048849001526832581,27520000
2026-01-08T00:00:00.000000Z,0.048849001526832581,0.049095001071691513,0.045366998761892319,0.046978998929262161,32592293
2026-01-09T00:00:00.000000Z,0.046978998929262161,0.048004001379013062,0.046209000051021576,0.047040000557899475,20103299
2026-01-10T00:00:00.000000Z,0.047040000557899475,0.047081999480724335,0.045967999845743179,0.046461001038551331,11431264
2026-01-11T00:00:00.000000Z,0.046461001038551331,0.048484001308679581,0.046108998358249664,0.046725999563932419,17438957
2026-01-12T00:00:00.000000Z,0.046725999563932419,0.04780299961566925,0.045974001288414001,0.046323001384735107,19245808
2026-01-13T00:00:00.000000Z,0.046323001384735107,0.049114000052213669,0.046316999942064285,0.048301000148057938,27839152
2026-01-14T00:00:00.000000Z,0.048301000148057938,0.049196001142263412,0.047276001423597336,0.048108998686075211,32361423
2026-01-15T00:00:00.000000Z,0.048108998686075211,0.048108998686075211,0.04485899955034256,0.045534998178482056,26179622
2026-01-16T00:00:00.000000Z,0.045534998178482056,0.045958001166582108,0.044070001691579819,0.045194998383522034,42950148
2026-01-17T00:00:00.000000Z,0.045194998383522034,0.04524800181388855,0.044341001659631729,0.044348001480102539,21156815
2026-01-18T00:00:00.000000Z,0.044348001480102539,0.044941999018192291,0.042667999863624573,0.042720001190900803,16880732
2026-01-19T00:00:00.000000Z,0.042720001190900803,0.043099001049995422,0.041517999023199081,0.042683999985456467,26719062
2026-01-20T00:00:00.000000Z,0.042683999985456467,0.042716000229120255,0.040061000734567642,0.040176000446081161,27804105
2026-01-21T00:00:00.000000Z,0.040176000446081161,0.041944999247789383,0.039726000279188156,0.041097000241279602,29619898
2026-01-22T00:00:00.000000Z,0.041097000241279602,0.041308000683784485,0.039739001542329788,0.03982900083065033,19672269
2026-01-23T00:00:00.000000Z,0.03982900083065033,0.041044998914003372,0.039531998336315155,0.040144000202417374,22349492
2026-01-24T00:00:00.000000Z,0.040144000202417374,0.042165998369455338,0.040144000202417374,0.041643999516963959,18245159
2026-01-25T00:00:00.000000Z,0.041643999516963959,0.041767999529838562,0.038798999041318893,0.039565999060869217,28082094
2026-01-26T00:00:00.000000Z,0.039565999060869217,0.040605001151561737,0.039237000048160553,0.039801999926567078,22630947
2026-01-27T00:00:00.000000Z,0.039801999926567078,0.040318999439477921,0.038885999470949173,0.03976299986243248,19529548
2026-01-28T00:00:00.000000Z,0.03976299986243248,0.040249999612569809,0.039315998554229736,0.039854001253843307,18561516
2026-01-29T00:00:00.000000Z,0.039854001253843307,0.039870999753475189,0.037225998938083649,0.038444001227617264,29669190
2026-01-30T00:00:00.000000Z,0.038444001227617264,0.038612999022006989,0.036543998867273331,0.037383999675512314,24338967
2026-01-31T00:00:00.000000Z,0.037383999675512314,0.037438999861478806,0.030644999817013741,0.033119998872280121,54128799
2026-02-01T00:00:00.000000Z,0.033119998872280121,0.033399000763893127,0.03020700067281723,0.030691999942064285,29885495
2026-02-02T00:00:00.000000Z,0.030691999942064285,0.034210000187158585,0.029524000361561775,0.033146999776363373,47081298
2026-02-03T00:00:00.000000Z,0.033146999776363373,0.033854998648166656,0.031160999089479446,0.03195900097489357,33818391
2026-02-04T00:00:00.000000Z,0.03195900097489357,0.033541001379489899,0.030626000836491585,0.031046999618411064,36810691
2026-02-05T00:00:00.000000Z,0.031046999618411064,0.031385000795125961,0.026650000363588333,0.027062999084591866,60020732
2026-02-06T00:00:00.000000Z,0.027062999084591866,0.032480001449584961,0.025428000837564468,0.031989000737667084,46985783
2026-02-07T00:00:00.000000Z,0.031989000737667084,0.032458998262882233,0.03039499931037426,0.031364001333713531,22152824
2026-02-08T00:00:00.000000Z,0.031364001333713531,0.034921001642942429,0.031192999333143234,0.03403099998831749,22688750
2026-02-09T00:00:00.000000Z,0.03403099998831749,0.034031998366117477,0.031417001038789749,0.031594999134540558,20870270
2026-02-10T00:00:00.000000Z,0.031594999134540558,0.031716000288724899,0.030422000214457512,0.03102399967610836,11881379
2026-02-11T00:00:00.000000Z,0.03102399967610836,0.032829999923706055,0.030592000111937523,0.031470999121665955,21708103
2026-02-12T00:00:00.000000Z,0.031470999121665955,0.032496999949216843,0.030799999833106995,0.031380999833345413,16282873
2026-02-13T00:00:00.000000Z,0.031380999833345413,0.032434999942779541,0.030765999108552933,0.032141998410224915,13901757
2026-02-14T00:00:00.000000Z,0.032143000513315201,0.033698000013828278,0.032097000628709793,0.033440999686717987,12888401
2026-02-15T00:00:00.000000Z,0.033440999686717987,0.033677998930215836,0.031232999637722969,0.032109998166561127,13569058
2026-02-16T00:00:00.000000Z,0.032109998166561127,0.032451998442411423,0.031312000006437302,0.032210998237133026,10243731
2026-02-17T00:00:00.000000Z,0.032210998237133026,0.032791998237371445,0.031433999538421631,0.031877998262643814,11074384
2026-02-18T00:00:00.000000Z,0.031877998262643814,0.03261600062251091,0.030988000333309174,0.031060999259352684,11614411
2026-02-19T00:00:00.000000Z,0.031060999259352684,0.031348001211881638,0.029688000679016113,0.030115999281406403,11331655
2026-02-20T00:00:00.000000Z,0.030115999281406403,0.031957998871803284,0.029741000384092331,0.031145000830292702,16144234
2026-02-21T00:00:00.000000Z,0.031151000410318375,0.031766999512910843,0.03071100078523159,0.031129999086260796,8774621
2026-02-22T00:00:00.000000Z,0.031129999086260796,0.031130999326705933,0.030012000352144241,0.030365999788045883,8453940
2026-02-23T00:00:00.000000Z,0.030365999788045883,0.03089899942278862,0.029155999422073364,0.029663000255823135,18707416
2026-02-24T00:00:00.000000Z,0.029663000255823135,0.030006000772118568,0.029145000502467155,0.029151000082492828,11499378
2026-02-25T00:00:00.000000Z,0.029151000082492828,0.032554000616073608,0.029089000076055527,0.0308190006762743,25605154
2026-02-26T00:00:00.000000Z,0.030820000916719437,0.033643998205661774,0.030820000916719437,0.031355999410152435,23174297
2026-02-27T00:00:00.000000Z,0.031355999410152435,0.031748998910188675,0.029461000114679337,0.030269000679254532,19963483
2026-02-28T00:00:00.000000Z,0.030269000679254532,0.030270999297499657,0.028376000002026558,0.030100999400019646,17416721
2026-03-01T00:00:00.000000Z,0.030100999400019646,0.030860999599099159,0.029147999361157417,0.029395999386906624,15524166
2026-03-02T00:00:00.000000Z,0.029395999386906624,0.030729999765753746,0.029312999919056892,0.030329000204801559,15139017
2026-03-03T00:00:00.000000Z,0.030329000204801559,0.030728999525308609,0.029500000178813934,0.030502999201416969,13014362
2026-03-04T00:00:00.000000Z,0.030502999201416969,0.032687999308109283,0.030270000919699669,0.030762000009417534,26042033
2026-03-05T00:00:00.000000Z,0.030762000009417534,0.031488001346588135,0.030293000862002373,0.030469000339508057,12918917
2026-03-06T00:00:00.000000Z,0.030469000339508057,0.030974000692367554,0.029690999537706375,0.030138999223709106,15279546
2026-03-07T00:00:00.000000Z,0.030138999223709106,0.030243000015616417,0.029523000121116638,0.029581999406218529,8318209
2026-03-08T00:00:00.000000Z,0.029581999406218529,0.029870999976992607,0.029068000614643097,0.029534000903367996,9549128
2026-03-09T00:00:00.000000Z,0.029534000903367996,0.030477000400424004,0.029320999979972839,0.030054999515414238,11908392
2026-03-10T00:00:00.000000Z,0.030054999515414238,0.030913000926375389,0.029983999207615852,0.030274000018835068,13321045
2026-03-11T00:00:00.000000Z,0.030275000259280205,0.030702000483870506,0.02995000034570694,0.030370000749826431,10802767
2026-03-12T00:00:00.000000Z,0.030370000749826431,0.030657999217510223,0.030132999643683434,0.03060000017285347,9537305
2026-03-13T00:00:00.000000Z,0.03060000017285347,0.031401999294757843,0.030232999473810196,0.030482999980449677,15874372
2026-03-14T00:00:00.000000Z,0.030482999980449677,0.030681999400258064,0.030254999175667763,0.030678000301122665,6776728
2026-03-15T00:00:00.000000Z,0.030678000301122665,0.031029999256134033,0.030130999162793159,0.030919000506401062,9894907
2026-03-16T00:00:00.000000Z,0.030919000506401062,0.034116998314857483,0.030911000445485115,0.033746998757123947,32807976
2026-03-17T00:00:00.000000Z,0.033746998757123947,0.036986000835895538,0.03333200141787529,0.036274001002311707,33607708
2026-03-18T00:00:00.000000Z,0.036274001002311707,0.040375001728534698,0.036274001002311707,0.039540000259876251,49685786
2026-03-19T00:00:00.000000Z,0.039540000259876251,0.041715998202562332,0.037229999899864197,0.037321999669075012,39578437
2026-03-20T00:00:00.000000Z,0.037321999669075012,0.038963999599218369,0.034279000014066696,0.038102999329566956,40497399
2026-03-21T00:00:00.000000Z,0.038102999329566956,0.038509998470544815,0.035872001200914383,0.035872001200914383,14227287
2026-03-22T00:00:00.000000Z,0.035872001200914383,0.037383001297712326,0.035792000591754913,0.03642600029706955,14454826
2026-03-23T00:00:00.000000Z,0.03642600029706955,0.036552000790834427,0.033922001719474792,0.035011999309062958,25916734
2026-03-24T00:00:00.000000Z,0.035011999309062958,0.037546999752521515,0.034481000155210495,0.036299999803304672,22445733
2026-03-25T00:00:00.000000Z,0.036299999803304672,0.040015000849962234,0.036081999540328979,0.038582000881433487,46224545
2026-03-26T00:00:00.000000Z,0.038582000881433487,0.038812998682260513,0.035424001514911652,0.036035999655723572,25146966
2026-03-27T00:00:00.000000Z,0.036035999655723572,0.036587998270988464,0.034180998802185059,0.034490998834371567,21144040
2026-03-28T00:00:00.000000Z,0.034490998834371567,0.035718999803066254,0.034138001501560211,0.034770999103784561,10939545
2026-03-29T00:00:00.000000Z,0.034770999103784561,0.035468999296426773,0.032097999006509781,0.032892998307943344,23995152
2026-03-30T00:00:00.000000Z,0.032892998307943344,0.033270001411437988,0.031734000891447067,0.03189300000667572,20051076
2026-03-31T00:00:00.000000Z,0.03189300000667572,0.032827001065015793,0.031383000314235687,0.032634999603033066,19526761
2026-04-01T00:00:00.000000Z,0.032634999603033066,0.033256001770496368,0.031216999515891075,0.032092001289129257,37930460
2026-04-02T00:00:00.000000Z,0.032092001289129257,0.032292000949382782,0.030794000253081322,0.031230999156832695,15622881
2026-04-03T00:00:00.000000Z,0.031230999156832695,0.031454000622034073,0.030719000846147537,0.030953999608755112,13966932
2026-04-04T00:00:00.000000Z,0.030953999608755112,0.031842000782489777,0.030582999810576439,0.031179999932646751,12621403
2026-04-05T00:00:00.000000Z,0.031179999932646751,0.031470999121665955,0.03052699938416481,0.031470999121665955,11308909
2026-04-06T00:00:00.000000Z,0.031470999121665955,0.031748998910188675,0.03089899942278862,0.031220000237226486,16260427
2026-04-07T00:00:00.000000Z,0.031220000237226486,0.032912999391555786,0.030920000746846199,0.032834000885486603,30126856
2026-04-08T00:00:00.000000Z,0.032832998782396317,0.033406000584363937,0.031950999051332474,0.031957000494003296,24605026
2026-04-09T00:00:00.000000Z,0.031957000494003296,0.03253600001335144,0.031718000769615173,0.032141000032424927,13848494
2026-04-10T00:00:00.000000Z,0.032141998410224915,0.034152999520301819,0.031755998730659485,0.033404998481273651,30521450
2026-04-11T00:00:00.000000Z,0.033404998481273651,0.033486001193523407,0.032528001815080643,0.032940000295639038,21115981
2026-04-12T00:00:00.000000Z,0.032940000295639038,0.03306100144982338,0.031438998878002167,0.031465999782085419,18602226
2026-04-13T00:00:00.000000Z,0.031465999782085419,0.033032000064849854,0.031445000320672989,0.033029999583959579,23372489
2026-04-14T00:00:00.000000Z,0.033029999583959579,0.033387001603841782,0.032202001661062241,0.032356999814510345,25625134
2026-04-15T00:00:00.000000Z,0.032356999814510345,0.033314000815153122,0.03185499832034111,0.033133000135421753,21611901
2026-04-16T00:00:00.000000Z,0.033133000135421753,0.034118998795747757,0.032751999795436859,0.034072000533342361,22473134
2026-04-17T00:00:00.000000Z,0.034072000533342361,0.037181001156568527,0.033688001334667206,0.036146000027656555,38385337
2026-04-18T00:00:00.000000Z,0.036146000027656555,0.03666900098323822,0.034099001437425613,0.03421499952673912,24678800
2026-04-19T00:00:00.000000Z,0.03421499952673912,0.035321000963449478,0.034042999148368835,0.034187000244855881,24944461
2026-04-20T00:00:00.000000Z,0.034187000244855881,0.035151999443769455,0.034100998193025589,0.034843001514673233,25834580
2026-04-21T00:00:00.000000Z,0.034843001514673233,0.035436000674962997,0.033799998462200165,0.03425300121307373,24229757
2026-04-22T00:00:00.000000Z,0.03425300121307373,0.035202000290155411,0.034044001251459122,0.034357000142335892,21509838
2026-04-23T00:00:00.000000Z,0.034357000142335892,0.034733999520540237,0.033275999128818512,0.034288998693227768,20555967
2026-04-24T00:00:00.000000Z,0.034288998693227768,0.034393999725580215,0.033615998923778534,0.033732999116182327,16941503
2026-04-25T00:00:00.000000Z,0.033732999116182327,0.033805999904870987,0.03319999948143959,0.033640999346971512,10462864
2026-04-26T00:00:00.000000Z,0.033640999346971512,0.034184001386165619,0.033381998538970947,0.033877000212669373,14046801
2026-04-27T00:00:00.000000Z,0.033877000212669373,0.034432999789714813,0.032944001257419586,0.03336000069975853,18597153
2026-04-28T00:00:00.000000Z,0.03336000069975853,0.033401999622583389,0.032559998333454132,0.032779000699520111,13157473
2026-04-29T00:00:00.000000Z,0.032779000699520111,0.033333998173475266,0.031982999294996262,0.03255699947476387,15340932
2026-04-30T00:00:00.000000Z,0.03255699947476387,0.032722000032663345,0.032108999788761139,0.032499998807907104,10248071
2026-05-01T00:00:00.000000Z,0.032499998807907104,0.033015001565217972,0.032427001744508743,0.032620001584291458,11888744
2026-05-02T00:00:00.000000Z,0.032620001584291458,0.033617999404668808,0.03229999914765358,0.03321399912238121,10374789
2026-05-03T00:00:00.000000Z,0.03321399912238121,0.034230001270771027,0.032742999494075775,0.033649999648332596,20874107
2026-05-04T00:00:00.000000Z,0.033649999648332596,0.034575998783111572,0.033378999680280685,0.033399999141693115,22671961
2026-05-05T00:00:00.000000Z,0.033399999141693115,0.034605998545885086,0.033397998660802841,0.034416001290082932,16061877
2026-05-06T00:00:00.000000Z,0.034416001290082932,0.036522001028060913,0.034357000142335892,0.036520998924970627,25523134
2026-05-07T00:00:00.000000Z,0.036520998924970627,0.037213001400232315,0.034995000809431076,0.035385001450777054,27714860
2026-05-08T00:00:00.000000Z,0.035385001450777054,0.037064000964164734,0.034974001348018646,0.036437999457120895,21969361
2026-05-09T00:00:00.000000Z,0.036437999457120895,0.037579998373985291,0.036339998245239258,0.037241000682115555,16025933
2026-05-10T00:00:00.000000Z,0.037241000682115555,0.038920000195503235,0.036665000021457672,0.038566999137401581,21969084
2026-05-11T00:00:00.000000Z,0.038566999137401581,0.040892999619245529,0.038451999425888062,0.040394000709056854,30689159
2026-05-12T00:00:00.000000Z,0.040394000709056854,0.040704000741243362,0.037372998893260956,0.038072001188993454,29624850
2026-05-13T00:00:00.000000Z,0.038072001188993454,0.038826998323202133,0.036825999617576599,0.037216998636722565,22524540
2026-05-14T00:00:00.000000Z,0.037216998636722565,0.038350999355316162,0.036490999162197113,0.037565000355243683,18569358
2026-05-15T00:00:00.000000Z,0.037565000355243683,0.038043998181819916,0.035069998353719711,0.035126000642776489,18217044
2026-05-16T00:00:00.000000Z,0.035126000642776489,0.035241998732089996,0.033528998494148254,0.034162998199462891,13582936
2026-05-17T00:00:00.000000Z,0.034162998199462891,0.035023998469114304,0.033732999116182327,0.033991001546382904,12392543
2026-05-18T00:00:00.000000Z,0.033991001546382904,0.034843999892473221,0.033532999455928802,0.034798000007867813,13365981
2026-05-19T00:00:00.000000Z,0.034798000007867813,0.034938998520374298,0.033580999821424484,0.033693999052047729,10636844
2026-05-20T00:00:00.000000Z,0.033693999052047729,0.035055000334978104,0.033587001264095306,0.034914001822471619,11241479
2026-05-21T00:00:00.000000Z,0.034914001822471619,0.035693999379873276,0.033812999725341797,0.035255998373031616,11640504
2026-05-22T00:00:00.000000Z,0.035255998373031616,0.035399999469518661,0.03359600156545639,0.033709999173879623,12682873
2026-05-23T00:00:00.000000Z,0.033709999173879623,0.03426399827003479,0.032474998384714127,0.033835001289844513,14575968
2026-05-24T00:00:00.000000Z,0.033835001289844513,0.034258000552654266,0.032802000641822815,0.033351998776197433,10581019
2026-05-25T00:00:00.000000Z,0.033351998776197433,0.034090001136064529,0.033130001276731491,0.033659998327493668,12525124
2026-05-26T00:00:00.000000Z,0.033659998327493668,0.033709000796079636,0.032441001385450363,0.03263700008392334,13012393
2026-05-27T00:00:00.000000Z,0.03263700008392334,0.032937999814748764,0.031923998147249222,0.032062999904155731,10268083
2026-05-28T00:00:00.000000Z,0.032062999904155731,0.032092001289129257,0.030504999682307243,0.031086999922990799,13935896
2026-05-29T00:00:00.000000Z,0.031086999922990799,0.031573999673128128,0.030239000916481018,0.030953999608755112,11117602
2026-05-30T00:00:00.000000Z,0.030953999608755112,0.031415000557899475,0.030106000602245331,0.030804999172687531,9853409
2026-05-31T00:00:00.000000Z,0.030804999172687531,0.030962999910116196,0.02997099980711937,0.030683999881148338,10721252
2026-06-01T00:00:00.000000Z,0.030683999881148338,0.03077399916946888,0.029339000582695007,0.030409999191761017,14774335
2026-06-02T00:00:00.000000Z,0.030409999191761017,0.030432999134063721,0.028173999860882759,0.028485000133514404,13963642
2026-06-03T00:00:00.000000Z,0.028485000133514404,0.03286999836564064,0.028322000056505203,0.031909000128507614,20455476
2026-06-04T00:00:00.000000Z,0.031909000128507614,0.032099999487400055,0.028720000758767128,0.029487000778317451,19721297
2026-06-05T00:00:00.000000Z,0.029487000778317451,0.031941000372171402,0.028762999922037125,0.030855000019073486,24829559
2026-06-06T00:00:00.000000Z,0.030855000019073486,0.031360000371932983,0.029583999887108803,0.0299880001693964,11663804
2026-06-07T00:00:00.000000Z,0.0299880001693964,0.031205000355839729,0.029952999204397202,0.031205000355839729,11225233
2026-06-08T00:00:00.000000Z,0.031205000355839729,0.033344998955726624,0.030882999300956726,0.032049000263214111,15141747
2026-06-09T00:00:00.000000Z,0.032049000263214111,0.032464999705553055,0.029966000467538834,0.030217999592423439,19294967
2026-06-10T00:00:00.000000Z,0.030217999592423439,0.032414998859167099,0.030058000236749649,0.0303530003875494,14642213
2026-06-11T00:00:00.000000Z,0.0303530003875494,0.031284000724554062,0.030187999829649925,0.031068999320268631,10825377
2026-06-12T00:00:00.000000Z,0.031068999320268631,0.031433001160621643,0.030522000044584274,0.030929999426007271,9882742
2026-06-13T00:00:00.000000Z,0.030929999426007271,0.031853001564741135,0.03075999952852726,0.031394999474287033,7397341
2026-06-14T00:00:00.000000Z,0.031394999474287033,0.032278001308441162,0.031147999688982964,0.032241001725196838,10691556
2026-06-15T00:00:00.000000Z,0.032241001725196838,0.03363800048828125,0.031922001391649246,0.033020000904798508,16338557
2026-06-16T00:00:00.000000Z,0.033020000904798508,0.034632999449968338,0.032485000789165497,0.032485000789165497,12679580
2026-06-17T00:00:00.000000Z,0.032485000789165497,0.032825998961925507,0.031177999451756477,0.031904000788927078,13563192
2026-06-18T00:00:00.000000Z,0.031904000788927078,0.031932998448610306,0.029771000146865845,0.030407000333070755,12682978
2026-06-19T00:00:00.000000Z,0.030407000333070755,0.030530000105500221,0.02961299940943718,0.0298909991979599,9180907
2026-06-20T00:00:00.000000Z,0.0298909991979599,0.030465999618172646,0.029570000246167183,0.029779000207781792,10135208
2026-06-21T00:00:00.000000Z,0.029779000207781792,0.030035000294446945,0.029141999781131744,0.029169000685214996,7572162
2026-06-22T00:00:00.000000Z,0.029169000685214996,0.030321000143885612,0.029160000383853912,0.029347000643610954,11096235
2026-06-23T00:00:00.000000Z,0.029347000643610954,0.030159000307321548,0.028304999694228172,0.028860999271273613,17580702
2026-06-24T00:00:00.000000Z,0.028860999271273613,0.029574999585747719,0.027112999930977821,0.0279339998960495,16550828
2026-06-25T00:00:00.000000Z,0.0279339998960495,0.028294000774621964,0.026768999174237251,0.027550000697374344,13246300
2026-06-26T00:00:00.000000Z,0.027550000697374344,0.028401000425219536,0.026977000758051872,0.02806599996984005,9841983
2026-06-27T00:00:00.000000Z,0.02806599996984005,0.029145000502467155,0.027615999802947044,0.027784999459981918,8950173
2026-06-28T00:00:00.000000Z,0.027784999459981918,0.028032999485731125,0.027250999584794044,0.027706999331712723,8589571
2026-06-29T00:00:00.000000Z,0.027706999331712723,0.030441999435424805,0.027581999078392982,0.030247999355196953,17835271
2026-06-30T00:00:00.000000Z,0.030247999355196953,0.03188600018620491,0.029082000255584717,0.02924799919128418,23690636
2026-07-01T00:00:00.000000Z,0.02924799919128418,0.031573999673128128,0.029239000752568245,0.030820000916719437,17750031
2026-07-02T00:00:00.000000Z,0.030820000916719437,0.031339999288320541,0.030595000833272934,0.030964000150561333,9724021
2026-07-03T00:00:00.000000Z,0.030964000150561333,0.031408999115228653,0.03073200024664402,0.031378999352455139,8355768
2026-07-04T00:00:00.000000Z,0.031378999352455139,0.031925000250339508,0.030988000333309174,0.031870000064373016,8480137
2026-07-05T00:00:00.000000Z,0.031870000064373016,0.031870000064373016,0.030741000548005104,0.030944999307394028,9416855
2026-07-06T00:00:00.000000Z,0.030944999307394028,0.031043000519275665,0.030037999153137207,0.030237000435590744,11895807
2026-07-07T00:00:00.000000Z,0.030237000435590744,0.030240999534726143,0.029223000630736351,0.029270999133586884,7698553
2026-07-08T00:00:00.000000Z,0.029270999133586884,0.029550999402999878,0.028665000572800636,0.029224000871181488,8663318
2026-07-09T00:00:00.000000Z,0.029224000871181488,0.029758000746369362,0.02891400083899498,0.029501000419259071,6849532
2026-07-10T00:00:00.000000Z,0.029501000419259071,0.030062999576330185,0.029441999271512032,0.029458999633789062,7970597
2026-07-11T00:00:00.000000Z,0.029458999633789062,0.030326999723911285,0.029343999922275543,0.029346000403165817,7711580
2026-07-12T00:00:00.000000Z,0.029346000403165817,0.029355999082326889,0.028426999226212502,0.028432000428438187,8771540
2026-07-13T00:00:00.000000Z,0.028432000428438187,0.029009999707341194,0.028057999908924103,0.028379999101161957,8093166
2026-07-14T00:00:00.000000Z,0.028379999101161957,0.028929999098181725,0.02811099961400032,0.028589000925421715,7356157
2026-07-15T00:00:00.000000Z,0.028589000925421715,0.02920600026845932,0.028464000672101974,0.028896000236272812,10386251
2026-07-16T00:00:00.000000Z,0.028896000236272812,0.029115999117493629,0.028181999921798706,0.028186999261379242,7556675
2026-07-17T00:00:00.000000Z,0.028186999261379242,0.028379999101161957,0.027560999616980553,0.027866000309586525,10829920
2026-07-18T00:00:00.000000Z,0.027866000309586525,0.028001999482512474,0.027357999235391617,0.027778999879956245,9050616
2026-07-19T00:00:00.000000Z,0.027778999879956245,0.028307000175118446,0.027611000463366508,0.028286000713706017,8693632
2026-07-20T00:00:00.000000Z,0.028286000713706017,0.028447000309824944,0.027688000351190567,0.028362000361084938,9860564
2026-07-21T00:00:00.000000Z,0.028362000361084938,0.028731999918818474,0.028147999197244644,0.028578000143170357,12729027
2026-07-22T00:00:00.000000Z,0.028578000143170357,0.028615999966859818,0.02795100025832653,0.028203999623656273,6621781
2026-07-23T00:00:00.000000Z,0.028203999623656273,0.02846900001168251,0.027834000065922737,0.027974000200629234,5189528
2026-07-24T00:00:00.000000Z,0.027974000200629234,0.028325000777840614,0.027580000460147858,0.02770099975168705,5478086
2026-07-25T00:00:00.000000Z,0.02770099975168705,0.02820499986410141,0.027550000697374344,0.028063999488949776,4671578
2026-07-26T00:00:00.000000Z,0.028063999488949776,0.029307000339031219,0.028015999123454094,0.029268000274896622,6448026
2026-07-27T00:00:00.000000Z,0.029268000274896622,0.029764000326395035,0.028083000332117081,0.028131000697612762,7382831
2026-07-28T00:00:00.000000Z,0.028131000697612762,0.028132999315857887,0.027503000572323799,0.027908999472856522,6922349
2026-07-29T00:00:00.000000Z,0.027908999472856522,0.028012000024318695,0.027181999757885933,0.027403000742197037,5796980
2026-07-30T00:00:00.000000Z,0.027403000742197037,0.027712000533938408,0.027288999408483505,0.027657000347971916,4833422
2026-07-31T00:00:00.000000Z,0.027657000347971916,0.027902999892830849,0.027099000290036201,0.027192000299692154,4992847
2026-08-01T00:00:00.000000Z,0.027192000299692154,0.027357999235391617,0.02645299956202507,0.026771999895572662,5426183
2026-08-02T00:00:00.000000Z,0.026771999895572662,0.02715500071644783,0.026615999639034271,0.026786999776959419,4887797
2026-08-03T00:00:00.000000Z,0.026786999776959419,0.026799000799655914,0.025958999991416931,0.026120999827980995,8904144
2026-08-04T00:00:00.000000Z,0.026120999827980995,0.026967000216245651,0.025815000757575035,0.026410000398755074,7532256
2026-08-05T00:00:00.000000Z,0.026410000398755074,0.026484999805688858,0.025945000350475311,0.026058999821543694,6325783
2026-08-06T00:00:00.000000Z,0.026058999821543694,0.026316000148653984,0.025140000507235527,0.025622999295592308,7006721
2026-08-07T00:00:00.000000Z,0.025622999295592308,0.026564000174403191,0.025404000654816628,0.026421999558806419,6264661
2026-08-08T00:00:00.000000Z,0.026421999558806419,0.027164999395608902,0.026335999369621277,0.02665100060403347,4390810
2026-08-09T00:00:00.000000Z,0.02665100060403347,0.026794999837875366,0.026009999215602875,0.026010999456048012,5060056
2026-08-10T00:00:00.000000Z,0.026010999456048012,0.026280999183654785,0.025857999920845032,0.025910999625921249,4388274
2026-08-11T00:00:00.000000Z,0.025910999625921249,0.026472000405192375,0.025606999173760414,0.025962000712752342,5337495
2026-08-12T00:00:00.000000Z,0.025962000712752342,0.026162000373005867,0.025220999494194984,0.025508999824523926,4730450
2026-08-13T00:00:00.000000Z,0.025508999824523926,0.025751000270247459,0.02515999972820282,0.02522600069642067,7106589
2026-08-14T00:00:00.000000Z,0.02522600069642067,0.025460999459028244,0.025036999955773354,0.025414999574422836,5652363
2026-08-15T00:00:00.000000Z,0.025414999574422836,0.025915000587701797,0.025359999388456345,0.02579599991440773,3853163
2026-08-16T00:00:00.000000Z,0.02579599991440773,0.027006000280380249,0.025487000122666359,0.025544000789523125,5831418
2026-08-17T00:00:00.000000Z,0.025544000789523125,0.025854999199509621,0.025462999939918518,0.025675000622868538,5303246
2026-08-18T00:00:00.000000Z,0.025675000622868538,0.025721000507473946,0.025150999426841736,0.025281000882387161,4393315
2026-08-19T00:00:00.000000Z,0.025281000882387161,0.027150999754667282,0.025167999789118767,0.026962000876665115,8335985
2026-08-20T00:00:00.000000Z,0.026962000876665115,0.028510000556707382,0.026327000930905342,0.028026999905705452,13704148
2026-08-21T00:00:00.000000Z,0.028026999905705452,0.03007500059902668,0.027976000681519508,0.029663000255823135,19016053
2026-08-22T00:00:00.000000Z,0.029662000015377998,0.031771000474691391,0.028751000761985779,0.029123000800609589,19237632
2026-08-23T00:00:00.000000Z,0.029123000800609589,0.02949099987745285,0.027994999662041664,0.029245000332593918,9845208
2026-08-24T00:00:00.000000Z,0.029245000332593918,0.030321000143885612,0.028180999681353569,0.029103999957442284,16171375
2026-08-25T00:00:00.000000Z,0.029103999957442284,0.030319999903440475,0.027355000376701355,0.027670999988913536,17039487
2026-08-26T00:00:00.000000Z,0.027670999988913536,0.028181999921798706,0.026714000850915909,0.028012000024318695,10293627
2026-08-27T00:00:00.000000Z,0.028012000024318695,0.029547000303864479,0.027336999773979187,0.029546000063419342,9797209
2026-08-28T00:00:00.000000Z,0.029546000063419342,0.029810000211000443,0.027683999389410019,0.028031000867486,11733271
2026-08-29T00:00:00.000000Z,0.028031000867486,0.028056999668478966,0.027550000697374344,0.02768700011074543,4956260
2026-08-30T00:00:00.000000Z,0.02768700011074543,0.028690999373793602,0.026822999119758606,0.027016999199986458,8927392
2026-08-31T00:00:00.000000Z,0.027016999199986458,0.028076000511646271,0.026852000504732132,0.027851000428199768,6987142
2026-09-01T00:00:00.000000Z,0.027851000428199768,0.028416000306606293,0.026954999193549156,0.027482999488711357,9388035
2026-09-02T00:00:00.000000Z,0.027482999488711357,0.0279339998960495,0.027193000540137291,0.027891999110579491,6365614
2026-09-03T00:00:00.000000Z,0.027891999110579491,0.029951000586152077,0.027891000732779503,0.029786000028252602,12704494
2026-09-04T00:00:00.000000Z,0.029786000028252602,0.030473999679088593,0.028931999579071999,0.029355999082326889,11461299
2026-09-05T00:00:00.000000Z,0.029355999082326889,0.030690999701619148,0.029355999082326889,0.030570000410079956,11110952
2026-09-06T00:00:00.000000Z,0.030570000410079956,0.032389998435974121,0.03010999970138073,0.032260000705718994,11047558
2026-09-07T00:00:00.000000Z,0.032260000705718994,0.03742700070142746,0.031697001308202744,0.036522999405860901,50086168
2026-09-08T00:00:00.000000Z,0.036522999405860901,0.037197999656200409,0.033890999853610992,0.035436999052762985,26171284
2026-09-09T00:00:00.000000Z,0.035436999052762985,0.037225998938083649,0.034933999180793762,0.036508001387119293,17009250
2026-09-10T00:00:00.000000Z,0.036508001387119293,0.039269998669624329,0.035291999578475952,0.035397998988628387,29728289
2026-09-11T00:00:00.000000Z,0.035397998988628387,0.036481998860836029,0.034090999513864517,0.035911001265048981,16443612
2026-09-12T00:00:00.000000Z,0.035911001265048981,0.036720998585224152,0.034729998558759689,0.035209000110626221,6759410
2026-09-13T00:00:00.000000Z,0.035209000110626221,0.035528000444173813,0.033075999468564987,0.03325900062918663,6663778
2026-09-14T00:00:00.000000Z,0.03325900062918663,0.035307001322507858,0.0332380011677742,0.034915998578071594,10252690
2026-09-15T00:00:00.000000Z,0.034915998578071594,0.035220000892877579,0.032412000000476837,0.032910000532865524,13037221
2026-09-16T00:00:00.000000Z,0.032910000532865524,0.033011998981237411,0.031729999929666519,0.032933000475168228,10879749
2026-09-17T00:00:00.000000Z,0.032933000475168228,0.034517001360654831,0.032866001129150391,0.033688999712467194,9979949
2026-09-18T00:00:00.000000Z,0.033688999712467194,0.037966001778841019,0.033688999712467194,0.037966001778841019,18968143
2026-09-19T00:00:00.000000Z,0.037966001778841019,0.040848001837730408,0.037597998976707458,0.039143998175859451,23022571
2026-09-20T00:00:00.000000Z,0.039142999798059464,0.040470000356435776,0.037700999528169632,0.039937000721693039,18188524
2026-09-21T00:00:00.000000Z,0.039939001202583313,0.045021999627351761,0.03939099982380867,0.043262999504804611,30266793
2026-09-22T00:00:00.000000Z,0.043262999504804611,0.044553998857736588,0.041336998343467712,0.041588999330997467,23616040
2026-09-23T00:00:00.000000Z,0.041588999330997467,0.042706001549959183,0.038345001637935638,0.038486000150442123,19722916
2026-09-24T00:00:00.000000Z,0.038486000150442123,0.040536001324653625,0.038130000233650208,0.039834998548030853,13422382
2026-09-25T00:00:00.000000Z,0.039833948016166687,0.04226958379149437,0.039639178663492203,0.042113915085792542,7893442
2026-09-26T00:00:00.000000Z,0.042138468474149704,0.043844442814588547,0.041747033596038818,0.043534304946660995,22696930
