timestamp_utc,Open,High,Low,Close,Volume
2018-04-13T00:00:00.000000Z,0.0028979999478906393,0.003212000010535121,0.0028280001133680344,0.0030229999683797359,170872
2018-04-14T00:00:00.000000Z,0.0030789999291300774,0.0043899999000132084,0.0030330000445246696,0.0035880000796169043,191869
2018-04-15T00:00:00.000000Z,0.003590000094845891,0.0037459998857229948,0.0031000000890344381,0.0035470000002533197,72010
2018-04-16T00:00:00.000000Z,0.0035459999926388264,0.0036400000099092722,0.0031159999780356884,0.0033219999168068171,158925
2018-04-17T00:00:00.000000Z,0.0033229999244213104,0.0036959999706596136,0.0029619999695569277,0.0029639999847859144,147983
2018-04-18T00:00:00.000000Z,0.0029660000000149012,0.0037020000163465738,0.0029589999467134476,0.0036589999217540026,141980
2018-04-19T00:00:00.000000Z,0.0036609999369829893,0.0060370001010596752,0.0035580000840127468,0.0052749998867511749,217537
2018-04-20T00:00:00.000000Z,0.0052789999172091484,0.012985000386834145,0.0051690000109374523,0.012176999822258949,998303
2018-04-21T00:00:00.000000Z,0.011924999766051769,0.01918799988925457,0.011016000062227249,0.011566000059247017,1180750
2018-04-22T00:00:00.000000Z,0.011517999693751335,0.015685999765992165,0.0081609999760985374,0.0089389998465776443,805276
2018-04-23T00:00:00.000000Z,0.0090210000053048134,0.011474999599158764,0.0079079996794462204,0.0094050001353025436,643074
2018-04-24T00:00:00.000000Z,0.0094109997153282166,0.010385000146925449,0.007044999860227108,0.007091000210493803,407171
2018-04-25T00:00:00.000000Z,0.0070620002225041389,0.0072189997881650925,0.0046870000660419464,0.0064869998022913933,736712
2018-04-26T00:00:00.000000Z,0.0065069999545812607,0.014965999871492386,0.0061789997853338718,0.011711999773979187,1751490
2018-04-27T00:00:00.000000Z,0.011601000092923641,0.013176999986171722,0.0096399998292326927,0.01014500018209219,626246
2018-04-28T00:00:00.000000Z,0.010088000446557999,0.010929999873042107,0.0084769995883107185,0.010409999638795853,363651
2018-04-29T00:00:00.000000Z,0.010360999964177608,0.011169999837875366,0.0088170003145933151,0.0093299997970461845,147023
2018-04-30T00:00:00.000000Z,0.009343000128865242,0.0099600004032254219,0.0076750000007450581,0.0097260000184178352,483700
2018-05-01T00:00:00.000000Z,0.0096439998596906662,0.0098019996657967567,0.0084469998255372047,0.0087700001895427704,277744
2018-05-02T00:00:00.000000Z,0.0087670003995299339,0.0097489999607205391,0.0084300003945827484,0.0094550000503659248,335878
2018-05-03T00:00:00.000000Z,0.0095170000568032265,0.010340999811887741,0.0093830004334449768,0.0098249996080994606,409715
2018-05-04T00:00:00.000000Z,0.0097949998453259468,0.010747999884188175,0.0093780001625418663,0.010029999539256096,371775
2018-05-05T00:00:00.000000Z,0.0099609997123479843,0.010363000445067883,0.007980000227689743,0.0089229997247457504,545451
2018-05-06T00:00:00.000000Z,0.0089060002937912941,0.0091199995949864388,0.0077169998548924923,0.0081799998879432678,481637
2018-05-07T00:00:00.000000Z,0.0081839999184012413,0.0082740001380443573,0.0071160001680254936,0.0075840000063180923,517101
2018-05-08T00:00:00.000000Z,0.0076109999790787697,0.0080540003255009651,0.0073689999990165234,0.0077240001410245895,611421
2018-05-09T00:00:00.000000Z,0.0077030002139508724,0.0084570003673434258,0.0072789997793734074,0.0084049999713897705,641760
2018-05-10T00:00:00.000000Z,0.0084229996427893639,0.0096399998292326927,0.0082660000771284103,0.0088360002264380455,702304
2018-05-11T00:00:00.000000Z,0.0088409995660185814,0.0091930003836750984,0.007683000061661005,0.0081780003383755684,621252
2018-05-12T00:00:00.000000Z,0.0082350000739097595,0.0088550001382827759,0.0079239998012781143,0.0083809997886419296,934078
2018-05-13T00:00:00.000000Z,0.0083720004186034203,0.0088999997824430466,0.0076230000704526901,0.0078229997307062149,920203
2018-05-14T00:00:00.000000Z,0.0078189997002482414,0.0081430003046989441,0.0071580000221729279,0.0075260000303387642,1246110
2018-05-15T00:00:00.000000Z,0.0075170001946389675,0.0080719999969005585,0.0068520000204443932,0.0069099999964237213,1240270
2018-05-16T00:00:00.000000Z,0.0069099999964237213,0.0069309999234974384,0.0062839998863637447,0.0064039998687803745,614401
2018-05-17T00:00:00.000000Z,0.006380000151693821,0.0065759997814893723,0.0054449997842311859,0.0054460000246763229,692767
2018-05-18T00:00:00.000000Z,0.0054489998146891594,0.0058209998533129692,0.0044999998062849045,0.005106000229716301,766162
2018-05-19T00:00:00.000000Z,0.0051609999500215054,0.0059259999543428421,0.0043509998358786106,0.0053920000791549683,826408
2018-05-20T00:00:00.000000Z,0.005394000094383955,0.0064880000427365303,0.0052490001544356346,0.0056509999558329582,1179660
2018-05-21T00:00:00.000000Z,0.0056110001169145107,0.0059730000793933868,0.0054429997690021992,0.0057999999262392521,3231330
2018-05-22T00:00:00.000000Z,0.0057819997891783714,0.0061180000193417072,0.005305000115185976,0.0053159999661147594,3417120
2018-05-23T00:00:00.000000Z,0.0054199998266994953,0.005429999902844429,0.0043930001556873322,0.0048239999450743198,3819100
2018-05-24T00:00:00.000000Z,0.0048039997927844524,0.0056039998307824135,0.004792999941855669,0.0048039997927844524,579655
2018-05-25T00:00:00.000000Z,0.0048509999178349972,0.0052020000293850899,0.0047369999811053276,0.0049600000493228436,294340
2018-05-26T00:00:00.000000Z,0.0049669998697936535,0.0051549999043345451,0.0045219999738037586,0.0046540000475943089,334199
2018-05-27T00:00:00.000000Z,0.0046569998376071453,0.0047430000267922878,0.0042730001732707024,0.0044979997910559177,182248
2018-05-28T00:00:00.000000Z,0.0044999998062849045,0.0051640002056956291,0.0036639999598264694,0.0043930001556873322,292117
2018-05-29T00:00:00.000000Z,0.0042619998566806316,0.0046740001998841763,0.0038240000139921904,0.0045929998159408569,507103
2018-05-30T00:00:00.000000Z,0.0045969998463988304,0.0049080001190304756,0.0044350000098347664,0.0047260001301765442,507614
2018-05-31T00:00:00.000000Z,0.0047419997863471508,0.0051839998923242092,0.0045830002054572105,0.0048429998569190502,510060
2018-06-01T00:00:00.000000Z,0.0047909999266266823,0.0052399998530745506,0.0047369999811053276,0.004970999900251627,461132
2018-06-02T00:00:00.000000Z,0.0049689998850226402,0.0056630000472068787,0.0049689998850226402,0.0055499998852610588,402205
2018-06-03T00:00:00.000000Z,0.0055749998427927494,0.0062959999777376652,0.0047399997711181641,0.0062890001572668552,625091
2018-06-04T00:00:00.000000Z,0.0062680002301931381,0.0068430001847445965,0.0060430001467466354,0.0060780001804232597,601610
2018-06-05T00:00:00.000000Z,0.0060780001804232597,0.0064880000427365303,0.0049910000525414944,0.0064880000427365303,629482
2018-06-06T00:00:00.000000Z,0.0064819999970495701,0.0065449997782707214,0.0053900000639259815,0.0060729999095201492,562198
2018-06-07T00:00:00.000000Z,0.0060740001499652863,0.0061289998702704906,0.0056389998644590378,0.0056389998644590378,476292
2018-06-08T00:00:00.000000Z,0.005646000150591135,0.0057190000079572201,0.0050180000253021717,0.0056340000592172146,452127
2018-06-09T00:00:00.000000Z,0.0056329998187720776,0.0060109999030828476,0.0055579999461770058,0.0055579999461770058,438282
2018-06-10T00:00:00.000000Z,0.0055660000070929527,0.0056949998252093792,0.0044120000675320625,0.0046350001357495785,210360
2018-06-11T00:00:00.000000Z,0.0046419999562203884,0.0051150000654160976,0.0046169999986886978,0.0048969998024404049,551712
2018-06-12T00:00:00.000000Z,0.0048980000428855419,0.0050139999948441982,0.0045599997974932194,0.0046149999834597111,386665
2018-06-13T00:00:00.000000Z,0.004631000105291605,0.0047949999570846558,0.004372000228613615,0.0045010000467300415,460202
2018-06-14T00:00:00.000000Z,0.0045059998519718647,0.00483699981123209,0.0043930001556873322,0.0047439998015761375,366304
2018-06-15T00:00:00.000000Z,0.0047380002215504646,0.0048070000484585762,0.0042739999480545521,0.0046169999986886978,381890
2018-06-16T00:00:00.000000Z,0.0046029998920857906,0.0047419997863471508,0.0045119998976588249,0.0046930001117289066,443498
2018-06-17T00:00:00.000000Z,0.0046990001574158669,0.0047840001061558723,0.004639000166207552,0.0047360002063214779,428961
2018-06-18T00:00:00.000000Z,0.0047289999201893806,0.0048980000428855419,0.0044479998759925365,0.0048059998080134392,396330
2018-06-19T00:00:00.000000Z,0.0048239999450743198,0.004927000030875206,0.0047459998168051243,0.0048949997872114182,396454
2018-06-20T00:00:00.000000Z,0.0048980000428855419,0.004935000091791153,0.0046939998865127563,0.0049129999242722988,435513
2018-06-21T00:00:00.000000Z,0.0049120001494884491,0.0050139999948441982,0.0047399997711181641,0.0048779998905956745,430774
2018-06-22T00:00:00.000000Z,0.0048750001005828381,0.0048770001158118248,0.0041470001451671124,0.0042500002309679985,429638
2018-06-23T00:00:00.000000Z,0.0042779999785125256,0.0043899999000132084,0.0041430001147091389,0.0042650001123547554,380691
2018-06-24T00:00:00.000000Z,0.0042639998719096184,0.0042639998719096184,0.0037549999542534351,0.0041169999167323112,96548
2018-06-25T00:00:00.000000Z,0.0041149999015033245,0.0042280000634491444,0.0040139998309314251,0.0041570002213120461,428479
2018-06-26T00:00:00.000000Z,0.0041570002213120461,0.0041769999079406261,0.0039300001226365566,0.0039340001530945301,364376
2018-06-27T00:00:00.000000Z,0.0039269998669624329,0.0040690000168979168,0.0038709999062120914,0.0040029999800026417,347362
2018-06-28T00:00:00.000000Z,0.0040090000256896019,0.0040609999559819698,0.0038099999073892832,0.0038769999518990517,307179
2018-06-29T00:00:00.000000Z,0.0038660001009702682,0.0043839998543262482,0.0038580000400543213,0.0041390000842511654,400751
2018-06-30T00:00:00.000000Z,0.0041430001147091389,0.0045540002174675465,0.0041430001147091389,0.0045139999128878117,334186
2018-07-01T00:00:00.000000Z,0.0045210001990199089,0.004542000126093626,0.0040600001811981201,0.0042409999296069145,140584
2018-07-02T00:00:00.000000Z,0.0042420001700520515,0.0043560001067817211,0.0040560001507401466,0.0042209997773170471,339783
2018-07-03T00:00:00.000000Z,0.0042130001820623875,0.0047010001726448536,0.0041740001179277897,0.0044010002166032791,412297
2018-07-04T00:00:00.000000Z,0.0044010002166032791,0.0046000001020729542,0.0040420000441372395,0.0045079998672008514,374383
2018-07-05T00:00:00.000000Z,0.0045219999738037586,0.0045599997974932194,0.0042699999175965786,0.0043850000947713852,345879
2018-07-06T00:00:00.000000Z,0.0043819998390972614,0.004424000158905983,0.004201000090688467,0.0044140000827610493,262124
2018-07-07T00:00:00.000000Z,0.0044100000523030758,0.0045670000836253166,0.0041419998742640018,0.0044849999248981476,320410
2018-07-08T00:00:00.000000Z,0.0044570001773536205,0.0045059998519718647,0.0042170002125203609,0.0042519997805356979,203664
2018-07-09T00:00:00.000000Z,0.00432599987834692,0.0044140000827610493,0.0041539999656379223,0.0042400001548230648,474376
2018-07-10T00:00:00.000000Z,0.004236999899148941,0.0042750001884996891,0.0037459998857229948,0.0039019999094307423,384574
2018-07-11T00:00:00.000000Z,0.0039019999094307423,0.004118999931961298,0.0036549998912960291,0.0040600001811981201,450982
2018-07-12T00:00:00.000000Z,0.0040589999407529831,0.0040779998525977135,0.0034849999938160181,0.0035870000720024109,514393
2018-07-13T00:00:00.000000Z,0.0035800000187009573,0.0036480000708252192,0.0033829999156296253,0.0035659999120980501,440950
2018-07-14T00:00:00.000000Z,0.0035679999273270369,0.0036820000968873501,0.0034729999024420977,0.0035429999697953463,390963
2018-07-15T00:00:00.000000Z,0.0035989999305456877,0.0037299999967217445,0.0034870000090450048,0.0037050000391900539,142351
2018-07-16T00:00:00.000000Z,0.0037090000696480274,0.0039889998733997345,0.0034429999068379402,0.0038880000356584787,555086
2018-07-17T00:00:00.000000Z,0.003886000020429492,0.0041069998405873775,0.0036800000816583633,0.0040029999800026417,460790
2018-07-18T00:00:00.000000Z,0.0040029999800026417,0.0041160001419484615,0.0037710000760853291,0.0038419999182224274,427082
2018-07-19T00:00:00.000000Z,0.003840999910607934,0.0039969999343156815,0.0036500000860542059,0.0037040000315755606,481634
2018-07-20T00:00:00.000000Z,0.0037070000544190407,0.0037070000544190407,0.0033599999733269215,0.0034139999188482761,424600
2018-07-21T00:00:00.000000Z,0.0034129999112337828,0.0038139999378472567,0.003392999991774559,0.0036289999261498451,447659
2018-07-22T00:00:00.000000Z,0.0036480000708252192,0.0036659999750554562,0.0033009999897330999,0.0034749999176710844,98703
2018-07-23T00:00:00.000000Z,0.0034759999252855778,0.0037159998901188374,0.003249000059440732,0.0032569998875260353,440936
2018-07-24T00:00:00.000000Z,0.003258999902755022,0.0036200000904500484,0.0032520000822842121,0.0036190000828355551,518798
2018-07-25T00:00:00.000000Z,0.0035910001024603844,0.0036150000523775816,0.0033199999015778303,0.0033569999504834414,465659
2018-07-26T00:00:00.000000Z,0.0033539999276399612,0.0034499999601393938,0.0031610000878572464,0.003186000045388937,463087
2018-07-27T00:00:00.000000Z,0.0031850000377744436,0.0033660000190138817,0.0021110000088810921,0.0033080000430345535,376875
2018-07-28T00:00:00.000000Z,0.0033140000887215137,0.0033839999232441187,0.0032579998951405287,0.0032909999135881662,363510
2018-07-29T00:00:00.000000Z,0.0032979999668896198,0.0033420000690966845,0.0029400000348687172,0.0029400000348687172,237923
2018-07-30T00:00:00.000000Z,0.0033060000278055668,0.0033130000811070204,0.0028460000175982714,0.0030489999335259199,499124
2018-07-31T00:00:00.000000Z,0.0030479999259114265,0.0030769999139010906,0.0026579999830573797,0.0028049999382346869,176046
2018-08-01T00:00:00.000000Z,0.0028059999458491802,0.0028570001013576984,0.0026459998916834593,0.0028470000252127647,746017
2018-08-02T00:00:00.000000Z,0.0028490000404417515,0.0028790000360459089,0.0027169999666512012,0.0027499999850988388,681550
2018-08-03T00:00:00.000000Z,0.0027499999850988388,0.0028109999839216471,0.0025690000038594007,0.0026879999786615372,741866
2018-08-04T00:00:00.000000Z,0.0026879999786615372,0.0028160000219941139,0.0015950000379234552,0.0026710000820457935,616194
2018-08-05T00:00:00.000000Z,0.0026710000820457935,0.0026809999253600836,0.0022640000097453594,0.0025390000082552433,186909
2018-08-06T00:00:00.000000Z,0.0025430000387132168,0.002693000016734004,0.0024739999789744616,0.0026219999417662621,364091
2018-08-07T00:00:00.000000Z,0.0026219999417662621,0.002693000016734004,0.0023809999693185091,0.0024029999040067196,392476
2018-08-08T00:00:00.000000Z,0.0024029999040067196,0.0024550000671297312,0.0019660000689327717,0.002171000000089407,306650
2018-08-09T00:00:00.000000Z,0.0021750000305473804,0.0022609999869018793,0.0019030000548809767,0.002225999953225255,337692
2018-08-10T00:00:00.000000Z,0.0022249999456107616,0.0022529999259859324,0.001943000010214746,0.002019000006839633,286657
2018-08-11T00:00:00.000000Z,0.002019000006839633,0.002019000006839633,0.0016370000084862113,0.0018609999679028988,340923
2018-08-12T00:00:00.000000Z,0.001854000031016767,0.0018729999428614974,0.0017170000355690718,0.0018680000212043524,187267
2018-08-13T00:00:00.000000Z,0.0018690000288188457,0.0019650000613182783,0.0016720000421628356,0.0016720000421628356,345714
2018-08-14T00:00:00.000000Z,0.0016720000421628356,0.0016720000421628356,0.0012250000145286322,0.001484000007621944,107191
2018-08-15T00:00:00.000000Z,0.0014850000152364373,0.0017689999658614397,0.0014479999663308263,0.0015510000521317124,291869
2018-08-16T00:00:00.000000Z,0.0015800000401213765,0.001614999957382679,0.0014750000555068254,0.0015709999715909362,208384
2018-08-17T00:00:00.000000Z,0.0015719999792054296,0.0017620000289753079,0.0015630000270903111,0.0016769999638199806,275257
2018-08-18T00:00:00.000000Z,0.0016809999942779541,0.0017190000507980585,0.0013780000153928995,0.001538999960757792,153862
2018-08-19T00:00:00.000000Z,0.0015399999683722854,0.0016700000269338489,0.0013070000568404794,0.0014880000380799174,115247
2018-08-20T00:00:00.000000Z,0.0014890000456944108,0.0015979999443516135,0.0014149999478831887,0.0014329999685287476,315661
2018-08-21T00:00:00.000000Z,0.0014299999456852674,0.0014919999521225691,0.0013699999544769526,0.0014799999771639705,228788
2018-08-22T00:00:00.000000Z,0.0014799999771639705,0.0016289999475702643,0.001395000028423965,0.0014459999511018395,309132
2018-08-23T00:00:00.000000Z,0.0014479999663308263,0.0015539999585598707,0.0014290000544860959,0.0014769999543204904,170872
2018-08-24T00:00:00.000000Z,0.0014769999543204904,0.0016210000030696392,0.0014690000098198652,0.0016189999878406525,237299
2018-08-25T00:00:00.000000Z,0.0016169999726116657,0.0017030000453814864,0.0015429999912157655,0.0016830000095069408,434680
2018-08-26T00:00:00.000000Z,0.0016850000247359276,0.0019049999536946416,0.0016740000573918223,0.0017419999931007624,141040
2018-08-27T00:00:00.000000Z,0.0017430000007152557,0.0018489999929443002,0.0016899999463930726,0.001791000016964972,345714
2018-08-28T00:00:00.000000Z,0.0017920000245794654,0.001854000031016767,0.0016309999627992511,0.0017190000507980585,284122
2018-08-29T00:00:00.000000Z,0.0017190000507980585,0.0017800000496208668,0.0016179999802261591,0.0016499999910593033,380681
2018-08-30T00:00:00.000000Z,0.0016509999986737967,0.0016749999485909939,0.0014669999945908785,0.0014890000456944108,415638
2018-08-31T00:00:00.000000Z,0.0014900000533089042,0.0015399999683722854,0.0014270000392571092,0.0014609999489039183,374288
2018-09-01T00:00:00.000000Z,0.0014590000500902534,0.0015229999553412199,0.0014120000414550304,0.0015059999423101544,321319
2018-09-02T00:00:00.000000Z,0.0015059999423101544,0.0016380000161007047,0.0014720000326633453,0.0015279999934136868,41667
2018-09-03T00:00:00.000000Z,0.0015279999934136868,0.0016530000139027834,0.0014550000196322799,0.0015279999934136868,316622
2018-09-04T00:00:00.000000Z,0.0015279999934136868,0.0015360000543296337,0.0014440000522881746,0.0014700000174343586,352075
2018-09-05T00:00:00.000000Z,0.0014700000174343586,0.0015610000118613243,0.0012900000438094139,0.0012900000438094139,341417
2018-09-06T00:00:00.000000Z,0.0012910000514239073,0.0012910000514239073,0.0010319999419152737,0.0011129999766126275,392355
2018-09-07T00:00:00.000000Z,0.0011119999689981341,0.0011490000179037452,0.00099099997896701097,0.0010059999767690897,348834
2018-09-08T00:00:00.000000Z,0.0010029999539256096,0.0010300000431016088,0.00079999997979030013,0.00082399998791515827,189731
2018-09-09T00:00:00.000000Z,0.00082600000314414501,0.0010179999517276883,0.00080500001786276698,0.00095700001111254096,63333
2018-09-10T00:00:00.000000Z,0.00095700001111254096,0.00099500000942498446,0.00091499998234212399,0.00096999999368563294,353775
2018-09-11T00:00:00.000000Z,0.00097100000130012631,0.0012860000133514404,0.00092700001550838351,0.0011370000429451466,368971
2018-09-12T00:00:00.000000Z,0.0011370000429451466,0.0012499999720603228,0.0010489999549463391,0.0012499999720603228,288180
2018-09-13T00:00:00.000000Z,0.0012509999796748161,0.0014319999609142542,0.0011869999580085278,0.0014070000033825636,383339
2018-09-14T00:00:00.000000Z,0.0014059999957680702,0.0014100000262260437,0.0012090000091120601,0.0013289999915286899,423112
2018-09-15T00:00:00.000000Z,0.0013269999762997031,0.0013680000556632876,0.0012590000405907631,0.0013650000328198075,392782
2018-09-16T00:00:00.000000Z,0.0013680000556632876,0.0013680000556632876,0.0012090000091120601,0.001256000017747283,127286
2018-09-17T00:00:00.000000Z,0.0012570000253617764,0.001686000032350421,0.0012499999720603228,0.0014260000316426158,382281
2018-09-18T00:00:00.000000Z,0.0014260000316426158,0.0016039999900385737,0.0013729999773204327,0.0014130000490695238,351179
2018-09-19T00:00:00.000000Z,0.0014130000490695238,0.0014890000456944108,0.0013770000077784061,0.0014019999653100967,451685
2018-09-20T00:00:00.000000Z,0.0014019999653100967,0.0014600000577047467,0.0013249999610707164,0.001449999981559813,385143
2018-09-21T00:00:00.000000Z,0.001449999981559813,0.0015050000511109829,0.0013030000263825059,0.0015050000511109829,455735
2018-09-22T00:00:00.000000Z,0.0015079999575391412,0.0019389999797567725,0.0014590000500902534,0.0014750000555068254,340197
2018-09-23T00:00:00.000000Z,0.0014740000478923321,0.0018149999668821692,0.0014740000478923321,0.0016929999692365527,167620
2018-09-24T00:00:00.000000Z,0.0016929999692365527,0.0017620000289753079,0.0015170000260695815,0.0015979999443516135,382266
2018-09-25T00:00:00.000000Z,0.0016009999671950936,0.0016029999824240804,0.0013980000512674451,0.0014979999978095293,435500
2018-09-26T00:00:00.000000Z,0.0014979999978095293,0.0015099999727681279,0.0013630000175908208,0.0014979999978095293,361673
2018-09-27T00:00:00.000000Z,0.0014990000054240227,0.0015399999683722854,0.0012509999796748161,0.0012829999905079603,447687
2018-09-28T00:00:00.000000Z,0.0012819999828934669,0.0014489999739453197,0.0012679999927058816,0.0014149999478831887,476946
2018-09-29T00:00:00.000000Z,0.0014130000490695238,0.0014280000468716025,0.0013150000013411045,0.0014059999957680702,575236
2018-09-30T00:00:00.000000Z,0.0014049999881535769,0.00145800004247576,0.0011459999950602651,0.0013269999762997031,59010
2018-10-01T00:00:00.000000Z,0.0013249999610707164,0.0013859999598935246,0.001256000017747283,0.0013399999588727951,686401
2018-10-02T00:00:00.000000Z,0.0013379999436438084,0.0013419999741017818,0.0012440000427886844,0.0012570000253617764,515646
2018-10-03T00:00:00.000000Z,0.001243000035174191,0.0013330000219866633,0.0012130000395700336,0.0013050000416114926,575084
2018-10-04T00:00:00.000000Z,0.001306000049225986,0.0013660000404343009,0.0012870000209659338,0.0013279999839141965,510053
2018-10-05T00:00:00.000000Z,0.0013299999991431832,0.0014209999935701489,0.0012969999806955457,0.001395000028423965,466674
2018-10-06T00:00:00.000000Z,0.0013970000436529517,0.0014459999511018395,0.0013480000197887421,0.0014359999913722277,483796
2018-10-07T00:00:00.000000Z,0.0014390000142157078,0.0014449999434873462,0.0013370000524446368,0.0013650000328198075,151918
2018-10-08T00:00:00.000000Z,0.0013699999544769526,0.0014890000456944108,0.0013599999947473407,0.0014860000228509307,567495
2018-10-09T00:00:00.000000Z,0.0014880000380799174,0.0014900000533089042,0.0013429999817162752,0.0013470000121742487,497748
2018-10-10T00:00:00.000000Z,0.0013429999817162752,0.0014329999685287476,0.0013419999741017818,0.0013780000153928995,519091
2018-10-11T00:00:00.000000Z,0.0013749999925494194,0.0013749999925494194,0.0011899999808520079,0.0011940000113099813,428886
2018-10-12T00:00:00.000000Z,0.001193000003695488,0.0013010000111535192,0.0011899999808520079,0.0012440000427886844,391284
2018-10-13T00:00:00.000000Z,0.001243000035174191,0.0012730000307783484,0.0011599999852478504,0.0011650000233203173,352484
2018-10-14T00:00:00.000000Z,0.0011650000233203173,0.0012250000145286322,0.0011380000505596399,0.0011390000581741333,12903
2018-10-15T00:00:00.000000Z,0.0011409999569877982,0.0013960000360384583,0.0011340000201016665,0.0012809999752789736,528216
2018-10-16T00:00:00.000000Z,0.0012809999752789736,0.0013490000274032354,0.0012250000145286322,0.0013350000372156501,383818
2018-10-17T00:00:00.000000Z,0.0013379999436438084,0.0013549999566748738,0.001234999974258244,0.001269000000320375,427315
2018-10-18T00:00:00.000000Z,0.0012700000079348683,0.0013830000534653664,0.001243000035174191,0.0013830000534653664,416691
2018-10-19T00:00:00.000000Z,0.001382000045850873,0.0014819999923929572,0.0013220000546425581,0.0014530000044032931,480407
2018-10-20T00:00:00.000000Z,0.0014530000044032931,0.0014909999445080757,0.0014220000011846423,0.0014669999945908785,463793
2018-10-21T00:00:00.000000Z,0.0014680000022053719,0.0014959999825805426,0.0013389999512583017,0.0013520000502467155,153634
2018-10-22T00:00:00.000000Z,0.001361000002361834,0.0014720000326633453,0.0013549999566748738,0.0013889999827370048,521422
2018-10-23T00:00:00.000000Z,0.0013899999903514981,0.0014530000044032931,0.0013350000372156501,0.0014280000468716025,522596
2018-10-24T00:00:00.000000Z,0.0014260000316426158,0.0014459999511018395,0.001382000045850873,0.0013849999522790313,441962
2018-10-25T00:00:00.000000Z,0.0013859999598935246,0.0014220000011846423,0.0013490000274032354,0.0013770000077784061,494690
2018-10-26T00:00:00.000000Z,0.0013749999925494194,0.0014090000186115503,0.0013439999893307686,0.0013680000556632876,527194
2018-10-27T00:00:00.000000Z,0.0013660000404343009,0.0013930000131949782,0.00133200001437217,0.0013889999827370048,673618
2018-10-28T00:00:00.000000Z,0.0013930000131949782,0.0014169999631121755,0.0013340000296011567,0.0013790000230073929,211739
2018-10-29T00:00:00.000000Z,0.0013719999697059393,0.0013909999979659915,0.0013040000339969993,0.0013269999762997031,658279
2018-10-30T00:00:00.000000Z,0.0013279999839141965,0.0013800000306218863,0.0012590000405907631,0.0013770000077784061,682721
2018-10-31T00:00:00.000000Z,0.0013790000230073929,0.0013839999446645379,0.001269000000320375,0.0013180000241845846,499180
2018-11-01T00:00:00.000000Z,0.0013180000241845846,0.0014590000500902534,0.0013020000187680125,0.0013409999664872885,536486
2018-11-02T00:00:00.000000Z,0.0013409999664872885,0.0013559999642893672,0.0012890000361949205,0.0013399999588727951,549941
2018-11-03T00:00:00.000000Z,0.0013399999588727951,0.0013510000426322222,0.0013010000111535192,0.0013269999762997031,494933
2018-11-04T00:00:00.000000Z,0.0013269999762997031,0.001386999967508018,0.001306000049225986,0.001386999967508018,311929
2018-11-05T00:00:00.000000Z,0.0013930000131949782,0.001408000010997057,0.0013200000394135714,0.001382000045850873,825247
2018-11-06T00:00:00.000000Z,0.0013839999446645379,0.0014019999653100967,0.0013249999610707164,0.0013389999512583017,744104
2018-11-07T00:00:00.000000Z,0.0013399999588727951,0.0015559999737888575,0.0013370000524446368,0.0015050000511109829,643533
2018-11-08T00:00:00.000000Z,0.0015050000511109829,0.0016740000573918223,0.0015050000511109829,0.0015820000553503633,469550
2018-11-09T00:00:00.000000Z,0.0015940000303089619,0.0016880000475794077,0.001484000007621944,0.0016749999485909939,785938
2018-11-10T00:00:00.000000Z,0.0016260000411421061,0.0019480000482872128,0.0015109999803826213,0.001816999982111156,442186
2018-11-11T00:00:00.000000Z,0.0018149999668821692,0.0019089999841526151,0.0018050000071525574,0.0018840000266209245,258954
2018-11-12T00:00:00.000000Z,0.0018860000418499112,0.002440999960526824,0.0018360000103712082,0.0023169999476522207,918956
2018-11-13T00:00:00.000000Z,0.0023129999171942472,0.0023620000574737787,0.0021120000164955854,0.002136999974027276,809082
2018-11-14T00:00:00.000000Z,0.0021490000654011965,0.0021490000654011965,0.0017209999496117234,0.0017790000420063734,607577
2018-11-15T00:00:00.000000Z,0.0017869999865069985,0.0018210000125691295,0.0015930000226944685,0.0017330000409856439,541936
2018-11-16T00:00:00.000000Z,0.0017340000486001372,0.0019990000873804092,0.0017229999648407102,0.0019270000047981739,539646
2018-11-17T00:00:00.000000Z,0.0019280000124126673,0.0020530000329017639,0.0019079999765381217,0.0020300000905990601,580327
2018-11-18T00:00:00.000000Z,0.0020330001134425402,0.0023240000009536743,0.0020179999992251396,0.0021510000806301832,289638
2018-11-19T00:00:00.000000Z,0.0021540001034736633,0.0021979999728500843,0.001740999985486269,0.0017989999614655972,764136
2018-11-20T00:00:00.000000Z,0.001803999999538064,0.0018210000125691295,0.0015109999803826213,0.0015579999890178442,716353
2018-11-21T00:00:00.000000Z,0.0015640000347048044,0.0016710000345483422,0.0014469999587163329,0.0016309999627992511,525529
2018-11-22T00:00:00.000000Z,0.0016270000487565994,0.0017259999876841903,0.0016210000030696392,0.0016210000030696392,528317
2018-11-23T00:00:00.000000Z,0.0016120000509545207,0.0016230000182986259,0.0014540000120177865,0.0015650000423192978,530460
2018-11-24T00:00:00.000000Z,0.0015640000347048044,0.0016080000204965472,0.001344999996945262,0.0013810000382363796,569577
2018-11-25T00:00:00.000000Z,0.0013800000306218863,0.0014890000456944108,0.0012529999949038029,0.0014540000120177865,335978
2018-11-26T00:00:00.000000Z,0.0014509999891743064,0.0014929999597370625,0.0013340000296011567,0.0014400000218302011,536020
2018-11-27T00:00:00.000000Z,0.0014380000066012144,0.0014700000174343586,0.0013340000296011567,0.0014430000446736813,681039
2018-11-28T00:00:00.000000Z,0.0014449999434873462,0.0017099999822676182,0.0014440000522881746,0.0016659999964758754,622643
2018-11-29T00:00:00.000000Z,0.0016700000269338489,0.0017559999832883477,0.0015920000150799751,0.0016789999790489674,595068
2018-11-30T00:00:00.000000Z,0.0016820000018924475,0.0017740000039339066,0.0015979999443516135,0.0016799999866634607,622795
2018-12-01T00:00:00.000000Z,0.001677999971434474,0.0017810000572353601,0.0016370000084862113,0.0017379999626427889,547634
2018-12-02T00:00:00.000000Z,0.0017350000562146306,0.0017800000496208668,0.0016479999758303165,0.0017180000431835651,148618
2018-12-03T00:00:00.000000Z,0.0017209999496117234,0.0018060000147670507,0.0016959999920800328,0.0017190000507980585,784272
2018-12-04T00:00:00.000000Z,0.0017140000127255917,0.0019920000340789557,0.0017000000225380063,0.0019180000526830554,690015
2018-12-05T00:00:00.000000Z,0.0019199999514967203,0.0019440000178292394,0.0016570000443607569,0.0016980000073090196,665163
2018-12-06T00:00:00.000000Z,0.0016969999996945262,0.0017209999496117234,0.001534000039100647,0.001534000039100647,522873
2018-12-07T00:00:00.000000Z,0.0015539999585598707,0.0015689999563619494,0.0010900000343099236,0.0011220000451430678,725058
2018-12-08T00:00:00.000000Z,0.0011200000299140811,0.0011970000341534615,0.00080699997488409281,0.00094300002092495561,453721
2018-12-09T00:00:00.000000Z,0.00094100000569596887,0.00095499999588355422,0.00066000001970678568,0.00078699999721720815,94562
2018-12-10T00:00:00.000000Z,0.00078599998960271478,0.00089999998454004526,0.00072700000600889325,0.00078800000483170152,386738
2018-12-11T00:00:00.000000Z,0.00078800000483170152,0.00079999997979030013,0.00064400001429021358,0.00076299998909235001,307149
2018-12-12T00:00:00.000000Z,0.00076199998147785664,0.00079399999231100082,0.00069199997233226895,0.00077199999941512942,385806
2018-12-13T00:00:00.000000Z,0.00077300000702962279,0.00077500002225860953,0.00070700002834200859,0.00071400002343580127,289773
2018-12-14T00:00:00.000000Z,0.00071400002343580127,0.00073000002885237336,0.00068400002783164382,0.00069499999517574906,420827
2018-12-15T00:00:00.000000Z,0.00069499999517574906,0.00069900002563372254,0.00065399997401982546,0.00067199999466538429,307847
2018-12-16T00:00:00.000000Z,0.00067400000989437103,0.00074200000381097198,0.00065800000447779894,0.00072700000600889325,123912
2018-12-17T00:00:00.000000Z,0.00072800001362338662,0.00080400001024827361,0.0007130000158213079,0.00079000002006068826,296933
2018-12-18T00:00:00.000000Z,0.00078900001244619489,0.0008140000281855464,0.00066100002732127905,0.00077799998689442873,328089
2018-12-19T00:00:00.000000Z,0.00077799998689442873,0.00082600000314414501,0.00074799999129027128,0.00077199999941512942,268137
2018-12-20T00:00:00.000000Z,0.00076999998418614268,0.00083999999333173037,0.00073099997825920582,0.00078499998198822141,333473
2018-12-21T00:00:00.000000Z,0.00078300002496689558,0.00083299999823793769,0.00074599997606128454,0.00075499998638406396,237509
2018-12-22T00:00:00.000000Z,0.00075499998638406396,0.00082600000314414501,0.00074500002665445209,0.00080999999772757292,276039
2018-12-23T00:00:00.000000Z,0.00080999999772757292,0.00084300001617521048,0.00074099999619647861,0.00075900001684203744,127184
2018-12-24T00:00:00.000000Z,0.00075800000922754407,0.00097100000130012631,0.0007570000016130507,0.00078000000212341547,333697
2018-12-25T00:00:00.000000Z,0.00078399997437372804,0.00079399999231100082,0.00069199997233226895,0.00069199997233226895,178313
2018-12-26T00:00:00.000000Z,0.00069299997994676232,0.00075299997115507722,0.00067600002512335777,0.00073400000110268593,240226
2018-12-27T00:00:00.000000Z,0.0007350000087171793,0.0008229999803006649,0.00065800000447779894,0.00077199999941512942,124187
2018-12-28T00:00:00.000000Z,0.00077300000702962279,0.00083199999062344432,0.00070700002834200859,0.0008140000281855464,307535
2018-12-29T00:00:00.000000Z,0.00081699999282136559,0.00082600000314414501,0.00073000002885237336,0.00076099997386336327,207270
2018-12-30T00:00:00.000000Z,0.00075900001684203744,0.00084300001617521048,0.00065399997401982546,0.00067899998975917697,86351
2018-12-31T00:00:00.000000Z,0.00067999999737367034,0.00075900001684203744,0.00067999999737367034,0.00070999999297782779,343910
2019-01-01T00:00:00.000000Z,0.00071100000059232116,0.0007789999945089221,0.00070400000549852848,0.00076700001955032349,242219
2019-01-02T00:00:00.000000Z,0.00076999998418614268,0.00082800001837313175,0.00064500002190470695,0.00079100002767518163,247010
2019-01-03T00:00:00.000000Z,0.00079000002006068826,0.00082800001837313175,0.00069199997233226895,0.00076099997386336327,205796
2019-01-04T00:00:00.000000Z,0.00076099997386336327,0.00079000002006068826,0.00066600000718608499,0.00076199998147785664,203886
2019-01-05T00:00:00.000000Z,0.00076000002445653081,0.00078599998960271478,0.00063600001158192754,0.00063600001158192754,203980
2019-01-06T00:00:00.000000Z,0.00064300000667572021,0.00074200000381097198,0.00063800002681091428,0.00069499999517574906,89027
2019-01-07T00:00:00.000000Z,0.00069600000279024243,0.00078200001735240221,0.00066399999195709825,0.00074300001142546535,267810
2019-01-08T00:00:00.000000Z,0.00074400001903995872,0.00080199999501928687,0.00070999999297782779,0.00076899997657164931,222937
2019-01-09T00:00:00.000000Z,0.00076899997657164931,0.00081800000043585896,0.00071400002343580127,0.00072299997555091977,207548
2019-01-10T00:00:00.000000Z,0.00071699998807162046,0.00074099999619647861,0.00060500000836327672,0.00060500000836327672,184816
2019-01-11T00:00:00.000000Z,0.00060400000074878335,0.00072800001362338662,0.00060199998551979661,0.00066800002241507173,202063
2019-01-12T00:00:00.000000Z,0.00066800002241507173,0.0006750000175088644,0.00062700000125914812,0.00062800000887364149,185433
2019-01-13T00:00:00.000000Z,0.00062800000887364149,0.00064500002190470695,0.0005549999768845737,0.00057899998500943184,69080
2019-01-14T00:00:00.000000Z,0.00057999999262392521,0.00067099998705089092,0.00057099998230114579,0.00065900001209229231,213375
2019-01-15T00:00:00.000000Z,0.00065900001209229231,0.00067400000989437103,0.00062700000125914812,0.00063700001919642091,181390
2019-01-16T00:00:00.000000Z,0.00063000002410262823,0.00064099999144673347,0.00060799997299909592,0.0006179999909363687,182811
2019-01-17T00:00:00.000000Z,0.00061899999855086207,0.00062599999364465475,0.00050999998347833753,0.00061099999584257603,167964
2019-01-18T00:00:00.000000Z,0.00060999998822808266,0.0006120000034570694,0.00053199997637420893,0.00060500000836327672,170599
2019-01-19T00:00:00.000000Z,0.00060700002359226346,0.00068699999246746302,0.00057799997739493847,0.00065699999686330557,174738
2019-01-20T00:00:00.000000Z,0.00062100001377984881,0.00063199998112395406,0.00054999999701976776,0.00057700002798810601,84074
2019-01-21T00:00:00.000000Z,0.00057700002798810601,0.00060700002359226346,0.00054400000954046845,0.0005740000051446259,223557
2019-01-22T00:00:00.000000Z,0.00057299999753013253,0.00064199999906122684,0.00057099998230114579,0.00059499999042600393,176655
2019-01-23T00:00:00.000000Z,0.00059499999042600393,0.00060899998061358929,0.00057899998500943184,0.00060500000836327672,197797
2019-01-24T00:00:00.000000Z,0.00059100001817569137,0.00061400001868605614,0.00056299997959285975,0.00058900000294670463,209292
2019-01-25T00:00:00.000000Z,0.000590000010561198,0.00060400000074878335,0.00056499999482184649,0.00057099998230114579,192467
2019-01-26T00:00:00.000000Z,0.00056999997468665242,0.00059499999042600393,0.00050700001884251833,0.00057999999262392521,213967
2019-01-27T00:00:00.000000Z,0.00058300001546740532,0.00060099997790530324,0.00053999997908249497,0.00055400002747774124,214925
2019-01-28T00:00:00.000000Z,0.00055400002747774124,0.00057199998991563916,0.00051799998618662357,0.00054500001715496182,210968
2019-01-29T00:00:00.000000Z,0.00054099998669698834,0.00054600002476945519,0.0005169999785721302,0.00053399999160319567,151023
2019-01-30T00:00:00.000000Z,0.00053399999160319567,0.00055300001986324787,0.00049100001342594624,0.00054300000192597508,165369
2019-01-31T00:00:00.000000Z,0.00054300000192597508,0.00066600000718608499,0.00048200000310316682,0.00066600000718608499,165960
2019-02-01T00:00:00.000000Z,0.00066600000718608499,0.00069900002563372254,0.00048799999058246613,0.00063800002681091428,181841
2019-02-02T00:00:00.000000Z,0.00063700001919642091,0.00068100000498816371,0.00049399997806176543,0.00060899998061358929,133681
2019-02-03T00:00:00.000000Z,0.00060899998061358929,0.0006120000034570694,0.00050500000361353159,0.0005080000264570117,69786
2019-02-04T00:00:00.000000Z,0.00050700001884251833,0.00058100000023841858,0.00047100000665523112,0.0005520000122487545,208514
2019-02-05T00:00:00.000000Z,0.0005520000122487545,0.00055900000734254718,0.00050700001884251833,0.00052599998889490962,111622
2019-02-06T00:00:00.000000Z,0.0005300000193528831,0.00059900002088397741,0.00049700000090524554,0.00059499999042600393,151703
2019-02-07T00:00:00.000000Z,0.00059399998281151056,0.00063199998112395406,0.00058100000023841858,0.00060600001597777009,152790
2019-02-08T00:00:00.000000Z,0.00060999998822808266,0.0007190000033006072,0.00060199998551979661,0.0006750000175088644,214977
2019-02-09T00:00:00.000000Z,0.00067099998705089092,0.00074899999890476465,0.00066299998434260488,0.00066700001480057836,224983
2019-02-10T00:00:00.000000Z,0.00066700001480057836,0.00071699998807162046,0.00060600001597777009,0.00066999997943639755,92108
2019-02-11T00:00:00.000000Z,0.00067099998705089092,0.0007350000087171793,0.00062200002139434218,0.00072000001091510057,287242
2019-02-12T00:00:00.000000Z,0.00072000001091510057,0.00073000002885237336,0.00065900001209229231,0.00072000001091510057,276975
2019-02-13T00:00:00.000000Z,0.00072000001091510057,0.00072900002123787999,0.00063199998112395406,0.00063800002681091428,271325
2019-02-14T00:00:00.000000Z,0.00063700001919642091,0.00068200001260265708,0.00062900001648813486,0.00065200001699849963,246819
2019-02-15T00:00:00.000000Z,0.000653000024612993,0.00068599998485296965,0.00060500000836327672,0.00063299998873844743,272918
2019-02-16T00:00:00.000000Z,0.00061099999584257603,0.00068100000498816371,0.00061099999584257603,0.00066800002241507173,296952
2019-02-17T00:00:00.000000Z,0.00066899997182190418,0.00069499999517574906,0.00062300002900883555,0.00064599997131153941,70292
2019-02-18T00:00:00.000000Z,0.00064199999906122684,0.00078300002496689558,0.00064199999906122684,0.00076500000432133675,389870
2019-02-19T00:00:00.000000Z,0.00076600001193583012,0.00077500002225860953,0.00074599997606128454,0.00075000000651925802,309095
2019-02-20T00:00:00.000000Z,0.00074899999890476465,0.00076000002445653081,0.00071699998807162046,0.00075399997876957059,291503
2019-02-21T00:00:00.000000Z,0.00074200000381097198,0.00074899999890476465,0.00069399998756125569,0.00069900002563372254,240246
2019-02-22T00:00:00.000000Z,0.00069900002563372254,0.00077400001464411616,0.00069800001801922917,0.00073400000110268593,295128
2019-02-23T00:00:00.000000Z,0.00073400000110268593,0.00074500002665445209,0.00068200001260265708,0.00072599999839439988,377188
2019-02-24T00:00:00.000000Z,0.00072299997555091977,0.00078100000973790884,0.00055100000463426113,0.000590000010561198,108011
2019-02-25T00:00:00.000000Z,0.00058900000294670463,0.00067099998705089092,0.00057299999753013253,0.00064599997131153941,209734
2019-02-26T00:00:00.000000Z,0.00065399997401982546,0.00069900002563372254,0.00060299999313428998,0.0006970000104047358,319104
2019-02-27T00:00:00.000000Z,0.00069800001801922917,0.000699999975040555,0.00057899998500943184,0.00064699997892603278,262889
2019-02-28T00:00:00.000000Z,0.00064699997892603278,0.00066399999195709825,0.00062100001377984881,0.00062700000125914812,281937
2019-03-01T00:00:00.000000Z,0.00062599999364465475,0.00064400001429021358,0.00060999998822808266,0.00061899999855086207,259026
2019-03-02T00:00:00.000000Z,0.0006179999909363687,0.00066700001480057836,0.00059700000565499067,0.0006339999963529408,268614
2019-03-03T00:00:00.000000Z,0.00063500000396743417,0.00064199999906122684,0.0005520000122487545,0.00058900000294670463,142248
2019-03-04T00:00:00.000000Z,0.00059499999042600393,0.00061500002630054951,0.00058599998010322452,0.00060199998551979661,327354
2019-03-05T00:00:00.000000Z,0.00060299999313428998,0.00061699998332187533,0.00056900002527981997,0.00060999998822808266,273521
2019-03-06T00:00:00.000000Z,0.00060999998822808266,0.00062200002139434218,0.00060500000836327672,0.00061899999855086207,326990
2019-03-07T00:00:00.000000Z,0.00060700002359226346,0.00065399997401982546,0.00054300000192597508,0.00060299999313428998,389717
2019-03-08T00:00:00.000000Z,0.00060000002849847078,0.00066199997672811151,0.00056199997197836637,0.00056600000243633986,448046
2019-03-09T00:00:00.000000Z,0.00056499999482184649,0.00068699999246746302,0.00053999997908249497,0.00054300000192597508,503857
2019-03-10T00:00:00.000000Z,0.00054400000954046845,0.0006399999838322401,0.00053499999921768904,0.00063199998112395406,309752
2019-03-11T00:00:00.000000Z,0.00063299998873844743,0.00063700001919642091,0.00059700000565499067,0.00060099997790530324,537494
2019-03-12T00:00:00.000000Z,0.00062499998603016138,0.00062900001648813486,0.00054899998940527439,0.00058100000023841858,416254
2019-03-13T00:00:00.000000Z,0.00058200000785291195,0.00061300001107156277,0.00053999997908249497,0.00060700002359226346,438110
2019-03-14T00:00:00.000000Z,0.00060799997299909592,0.00061300001107156277,0.00054500001715496182,0.00055300001986324787,499218
2019-03-15T00:00:00.000000Z,0.0005520000122487545,0.0006179999909363687,0.00052499998128041625,0.00057500001275911927,535865
2019-03-16T00:00:00.000000Z,0.00057500001275911927,0.00063600001158192754,0.00057500001275911927,0.00059499999042600393,586723
2019-03-17T00:00:00.000000Z,0.00059499999042600393,0.00062100001377984881,0.00054699997417628765,0.00058599998010322452,322015
2019-03-18T00:00:00.000000Z,0.00058599998010322452,0.00062499998603016138,0.00058599998010322452,0.00059499999042600393,551683
2019-03-19T00:00:00.000000Z,0.00059499999042600393,0.00060600001597777009,0.00057199998991563916,0.00059900002088397741,545061
2019-03-20T00:00:00.000000Z,0.00059900002088397741,0.00060099997790530324,0.00056100002257153392,0.00056700001005083323,534349
2019-03-21T00:00:00.000000Z,0.0005680000176653266,0.00059499999042600393,0.00052100000903010368,0.0005329999839887023,523213
2019-03-22T00:00:00.000000Z,0.00053199997637420893,0.00053700001444667578,0.00052399997366592288,0.00053199997637420893,586370
2019-03-23T00:00:00.000000Z,0.00053199997637420893,0.00059200002579018474,0.00050899997586384416,0.00056000001495704055,811041
2019-03-24T00:00:00.000000Z,0.00055900000734254718,0.00056199997197836637,0.00052000000141561031,0.00056100002257153392,705258
2019-03-25T00:00:00.000000Z,0.00056100002257153392,0.00056700001005083323,0.0005300000193528831,0.0005549999768845737,905879
2019-03-26T00:00:00.000000Z,0.00055300001986324787,0.00055599998449906707,0.00049399997806176543,0.00052000000141561031,660897
2019-03-27T00:00:00.000000Z,0.00052000000141561031,0.00056299997959285975,0.00049900001613423228,0.00054300000192597508,820157
2019-03-28T00:00:00.000000Z,0.00054199999431148171,0.00054600002476945519,0.0005169999785721302,0.0005329999839887023,630685
2019-03-29T00:00:00.000000Z,0.0005329999839887023,0.00054300000192597508,0.00052599998889490962,0.00054099998669698834,641904
2019-03-30T00:00:00.000000Z,0.00054099998669698834,0.00057199998991563916,0.00053100002696737647,0.00053999997908249497,662774
2019-03-31T00:00:00.000000Z,0.00053999997908249497,0.00053999997908249497,0.00052599998889490962,0.00052900001173838973,544553
2019-04-01T00:00:00.000000Z,0.00052900001173838973,0.00053600000683218241,0.00051400001393631101,0.00052699999650940299,155295
2019-04-02T00:00:00.000000Z,0.00052699999650940299,0.00062900001648813486,0.00051799998618662357,0.00061899999855086207,197063
2019-04-03T00:00:00.000000Z,0.00061899999855086207,0.00068499997723847628,0.00059100001817569137,0.00060299999313428998,357697
2019-04-04T00:00:00.000000Z,0.00060400000074878335,0.00071400002343580127,0.000590000010561198,0.00070099998265504837,423229
2019-04-05T00:00:00.000000Z,0.00070099998265504837,0.00072700000600889325,0.00061899999855086207,0.00066100002732127905,292552
2019-04-06T00:00:00.000000Z,0.00066100002732127905,0.00066899997182190418,0.00062700000125914812,0.00064599997131153941,293322
2019-04-07T00:00:00.000000Z,0.00064599997131153941,0.00065900001209229231,0.00059299997519701719,0.00061400001868605614,97730
2019-04-08T00:00:00.000000Z,0.00061500002630054951,0.00073400000110268593,0.00059900002088397741,0.00070899998536333442,526076
2019-04-09T00:00:00.000000Z,0.00070899998536333442,0.00072100001852959394,0.00066000001970678568,0.00066700001480057836,430416
2019-04-10T00:00:00.000000Z,0.00066700001480057836,0.00068100000498816371,0.00055799999972805381,0.00062000000616535544,343790
2019-04-11T00:00:00.000000Z,0.00062100001377984881,0.00062200002139434218,0.00053499999921768904,0.00057500001275911927,322408
2019-04-12T00:00:00.000000Z,0.0005740000051446259,0.0005959999980404973,0.00055300001986324787,0.00059299997519701719,320111
2019-04-13T00:00:00.000000Z,0.00059299997519701719,0.00059399998281151056,0.00056100002257153392,0.00057500001275911927,372981
2019-04-14T00:00:00.000000Z,0.00057500001275911927,0.00057700002798810601,0.00054799998179078102,0.00055799999972805381,91370
2019-04-15T00:00:00.000000Z,0.00055799999972805381,0.00062800000887364149,0.00055799999972805381,0.00056900002527981997,279092
2019-04-16T00:00:00.000000Z,0.00056900002527981997,0.00091900001280009747,0.00052499998128041625,0.00073400000110268593,1119352
2019-04-17T00:00:00.000000Z,0.00057999999262392521,0.00095700001111254096,0.0005300000193528831,0.00064899999415501952,1315949
2019-04-18T00:00:00.000000Z,0.00065000000176951289,0.00071100000059232116,0.00050500000361353159,0.00060799997299909592,1547961
2019-04-19T00:00:00.000000Z,0.00055300001986324787,0.00067999999737367034,0.00050600001122802496,0.00065800000447779894,1863466
2019-04-20T00:00:00.000000Z,0.00066199997672811151,0.00069299997994676232,0.00064500002190470695,0.00066499999957159162,1656651
2019-04-21T00:00:00.000000Z,0.00066499999957159162,0.00075399997876957059,0.00063800002681091428,0.00069600000279024243,1442362
2019-04-22T00:00:00.000000Z,0.00068200001260265708,0.00069900002563372254,0.00062499998603016138,0.00064899999415501952,1470777
2019-04-23T00:00:00.000000Z,0.00063600001158192754,0.00071100000059232116,0.000590000010561198,0.00060600001597777009,1054553
2019-04-24T00:00:00.000000Z,0.00060600001597777009,0.00070700002834200859,0.00056199997197836637,0.00056499999482184649,505670
2019-04-25T00:00:00.000000Z,0.00056499999482184649,0.00056900002527981997,0.00050999998347833753,0.00052800000412389636,370535
2019-04-26T00:00:00.000000Z,0.00052800000412389636,0.00062100001377984881,0.00049300002865493298,0.00060999998822808266,748013
2019-04-27T00:00:00.000000Z,0.00058400002308189869,0.00062800000887364149,0.00045699998736381531,0.00054400000954046845,1342646
2019-04-28T00:00:00.000000Z,0.0005169999785721302,0.00055100000463426113,0.0005080000264570117,0.00053999997908249497,730942
2019-04-29T00:00:00.000000Z,0.00053800002206116915,0.00067300000227987766,0.00046800001291558146,0.00057500001275911927,1114562
2019-04-30T00:00:00.000000Z,0.00056900002527981997,0.00065200001699849963,0.00056600000243633986,0.00064300000667572021,1486229
2019-05-01T00:00:00.000000Z,0.00064300000667572021,0.00072200002614408731,0.00049399997806176543,0.00050199998077005148,796249
2019-05-02T00:00:00.000000Z,0.00050000002374872565,0.00072200002614408731,0.00046300000394694507,0.00050299998838454485,900965
2019-05-03T00:00:00.000000Z,0.00055300001986324787,0.00058499997248873115,0.00049200002104043961,0.00057099998230114579,1333242
2019-05-04T00:00:00.000000Z,0.00057099998230114579,0.00058200000785291195,0.00054699997417628765,0.00055100000463426113,1001311
2019-05-05T00:00:00.000000Z,0.00055900000734254718,0.00056299997959285975,0.00053700001444667578,0.00054999999701976776,1159975
2019-05-06T00:00:00.000000Z,0.00055799999972805381,0.00058100000023841858,0.00052100000903010368,0.0005680000176653266,1155348
2019-05-07T00:00:00.000000Z,0.0005680000176653266,0.00060000002849847078,0.00056199997197836637,0.00056199997197836637,1038479
2019-05-08T00:00:00.000000Z,0.00056100002257153392,0.00060700002359226346,0.00046099998871795833,0.0004839999892283231,1176549
2019-05-09T00:00:00.000000Z,0.00047599998652003706,0.00064699997892603278,0.00047599998652003706,0.00053600000683218241,1045506
2019-05-10T00:00:00.000000Z,0.00051599997095763683,0.00058699998771771789,0.00039999998989515007,0.00041000000783242285,922604
2019-05-11T00:00:00.000000Z,0.00041000000783242285,0.00070199999026954174,0.00029600001289509237,0.00047200001426972449,546930
2019-05-12T00:00:00.000000Z,0.00047200001426972449,0.00066100002732127905,0.00036299999919719994,0.00043899999582208693,714761
2019-05-13T00:00:00.000000Z,0.00043899999582208693,0.00052200001664459705,0.00036400000681169331,0.00047400000039488077,904808
2019-05-14T00:00:00.000000Z,0.00046899999142624438,0.00052300002425909042,0.00045799999497830868,0.00047500000800937414,713684
2019-05-15T00:00:00.000000Z,0.00047500000800937414,0.00058200000785291195,0.00047400000039488077,0.00058200000785291195,896621
2019-05-16T00:00:00.000000Z,0.00058200000785291195,0.00063299998873844743,0.00054600002476945519,0.00058300001546740532,649239
2019-05-17T00:00:00.000000Z,0.00058300001546740532,0.00066399999195709825,0.00046700000530108809,0.00054699997417628765,678901
2019-05-18T00:00:00.000000Z,0.00054699997417628765,0.00056700001005083323,0.00048499999684281647,0.0005109999910928309,1303907
2019-05-19T00:00:00.000000Z,0.00050700001884251833,0.00088900001719594002,0.00049300002865493298,0.00087400001939386129,2034283
2019-05-20T00:00:00.000000Z,0.00087400001939386129,0.00088499998673796654,0.00049399997806176543,0.00084300001617521048,2037024
2019-05-21T00:00:00.000000Z,0.00084300001617521048,0.00086199998622760177,0.00049100001342594624,0.00064500002190470695,1454880
2019-05-22T00:00:00.000000Z,0.00064500002190470695,0.00084200000856071711,0.00044400000479072332,0.00045799999497830868,1009922
2019-05-23T00:00:00.000000Z,0.00050899997586384416,0.00081200001295655966,0.00044500001240521669,0.00059700000565499067,1264773
2019-05-24T00:00:00.000000Z,0.00059700000565499067,0.00061500002630054951,0.00052900001173838973,0.0005549999768845737,1164096
2019-05-25T00:00:00.000000Z,0.0005549999768845737,0.00058100000023841858,0.00045500000123865902,0.00048200000310316682,800397
2019-05-26T00:00:00.000000Z,0.00048200000310316682,0.00057600002037361264,0.00044199998956173658,0.00055300001986324787,728006
2019-05-27T00:00:00.000000Z,0.00057299999753013253,0.00060899998061358929,0.00046499999007210135,0.00059900002088397741,1359705
2019-05-28T00:00:00.000000Z,0.00057099998230114579,0.00066499999957159162,0.00045900000259280205,0.00066100002732127905,1386378
2019-05-29T00:00:00.000000Z,0.00066100002732127905,0.0007379999733529985,0.00056299997959285975,0.00067400000989437103,1154991
2019-05-30T00:00:00.000000Z,0.00067400000989437103,0.00073700002394616604,0.00059499999042600393,0.00062399997841566801,1103995
2019-05-31T00:00:00.000000Z,0.00062399997841566801,0.00067300000227987766,0.00061500002630054951,0.00066399999195709825,540227
2019-06-01T00:00:00.000000Z,0.00066299998434260488,0.00068900000769644976,0.00063700001919642091,0.00065100000938400626,1254806
2019-06-02T00:00:00.000000Z,0.00065100000938400626,0.00068499997723847628,0.00062599999364465475,0.0006779999821446836,1187620
2019-06-03T00:00:00.000000Z,0.00067699997453019023,0.00068499997723847628,0.00056000001495704055,0.0005959999980404973,777674
2019-06-04T00:00:00.000000Z,0.00056900002527981997,0.0006179999909363687,0.00055100000463426113,0.00058799999533221126,839486
2019-06-05T00:00:00.000000Z,0.00058799999533221126,0.00059700000565499067,0.00054799998179078102,0.0005740000051446259,801523
2019-06-06T00:00:00.000000Z,0.0005740000051446259,0.00060099997790530324,0.00037900000461377203,0.00060099997790530324,1286411
2019-06-07T00:00:00.000000Z,0.00059900002088397741,0.00061400001868605614,0.00056199997197836637,0.00058400002308189869,1293238
2019-06-08T00:00:00.000000Z,0.00057899998500943184,0.00059399998281151056,0.00050099997315555811,0.00055900000734254718,989033
2019-06-09T00:00:00.000000Z,0.00055900000734254718,0.00056299997959285975,0.00047900000936351717,0.00053800002206116915,832921
2019-06-10T00:00:00.000000Z,0.00053800002206116915,0.00057999999262392521,0.0005300000193528831,0.0005740000051446259,1160531
2019-06-11T00:00:00.000000Z,0.00057600002037361264,0.00058300001546740532,0.00054300000192597508,0.00057199998991563916,1158896
2019-06-12T00:00:00.000000Z,0.00057199998991563916,0.0006120000034570694,0.00055400002747774124,0.00061099999584257603,1350524
2019-06-13T00:00:00.000000Z,0.00061099999584257603,0.00061899999855086207,0.00052399997366592288,0.00058200000785291195,1109921
2019-06-14T00:00:00.000000Z,0.00057500001275911927,0.00062399997841566801,0.00051899999380111694,0.00062000000616535544,1124678
2019-06-15T00:00:00.000000Z,0.00062100001377984881,0.00065200001699849963,0.00058799999533221126,0.00064899999415501952,1069735
2019-06-16T00:00:00.000000Z,0.00064899999415501952,0.00066999997943639755,0.00050399999599903822,0.00054300000192597508,928592
2019-06-17T00:00:00.000000Z,0.00054300000192597508,0.00065399997401982546,0.00053999997908249497,0.00064799998654052615,124863
2019-06-18T00:00:00.000000Z,0.00064799998654052615,0.00065000000176951289,0.00046499999007210135,0.00063299998873844743,404686
2019-06-19T00:00:00.000000Z,0.00063299998873844743,0.00064300000667572021,0.00054500001715496182,0.00055699999211356044,436141
2019-06-20T00:00:00.000000Z,0.00055599998449906707,0.00065699999686330557,0.00015700000221841037,0.00047900000936351717,547188
2019-06-21T00:00:00.000000Z,0.00047900000936351717,0.00067899998975917697,0.00047900000936351717,0.00060700002359226346,617406
2019-06-22T00:00:00.000000Z,0.00060799997299909592,0.00065200001699849963,0.00052599998889490962,0.0005389999714680016,350491
2019-06-23T00:00:00.000000Z,0.0005389999714680016,0.00058799999533221126,0.00053600000683218241,0.00055100000463426113,121868
2019-06-24T00:00:00.000000Z,0.00055100000463426113,0.00056000001495704055,0.00044999999227002263,0.00054300000192597508,339571
2019-06-25T00:00:00.000000Z,0.00054300000192597508,0.00055400002747774124,0.00044900001375935972,0.00048099999548867345,355679
2019-06-26T00:00:00.000000Z,0.00048099999548867345,0.00080699997488409281,0.00047200001426972449,0.00056399998720735312,421819
2019-06-27T00:00:00.000000Z,0.00056399998720735312,0.00059800001326948404,0.00040300001273863018,0.00044400000479072332,170003
2019-06-28T00:00:00.000000Z,0.00044400000479072332,0.00056100002257153392,0.00043099999311380088,0.00054099998669698834,365802
2019-06-29T00:00:00.000000Z,0.00054099998669698834,0.00055900000734254718,0.00048300001071766019,0.00054600002476945519,350767
2019-06-30T00:00:00.000000Z,0.00054500001715496182,0.00055100000463426113,0.0004180000105407089,0.00043600000208243728,164571
2019-07-01T00:00:00.000000Z,0.00043600000208243728,0.00049800000851973891,0.00041499998769722879,0.0004949999856762588,397580
2019-07-02T00:00:00.000000Z,0.0004949999856762588,0.00052399997366592288,0.00040399999124929309,0.00044400000479072332,313421
2019-07-03T00:00:00.000000Z,0.00044400000479072332,0.00051500002155080438,0.00043700000969693065,0.00051400001393631101,195558
2019-07-04T00:00:00.000000Z,0.00051400001393631101,0.00052900001173838973,0.00044999999227002263,0.00046400001156143844,185500
2019-07-05T00:00:00.000000Z,0.00046400001156143844,0.0005329999839887023,0.00043300000834278762,0.00046300000394694507,210974
2019-07-06T00:00:00.000000Z,0.00045799999497830868,0.00051799998618662357,0.00045699998736381531,0.00050199998077005148,235876
2019-07-07T00:00:00.000000Z,0.00050299998838454485,0.0005680000176653266,0.00046899999142624438,0.0005680000176653266,177875
2019-07-08T00:00:00.000000Z,0.00057700002798810601,0.00057899998500943184,0.00049800000851973891,0.00055799999972805381,231281
2019-07-09T00:00:00.000000Z,0.00055900000734254718,0.00056999997468665242,0.00049900001613423228,0.00052000000141561031,266644
2019-07-10T00:00:00.000000Z,0.00052000000141561031,0.00053399999160319567,0.00046300000394694507,0.0004949999856762588,233575
2019-07-11T00:00:00.000000Z,0.0004949999856762588,0.0005080000264570117,0.00044299999717622995,0.00048200000310316682,194394
2019-07-12T00:00:00.000000Z,0.00048300001071766019,0.00061699998332187533,0.00047999998787418008,0.0005169999785721302,161957
2019-07-13T00:00:00.000000Z,0.00051799998618662357,0.0005329999839887023,0.00044999999227002263,0.00051599997095763683,124031
2019-07-14T00:00:00.000000Z,0.00051599997095763683,0.00057600002037361264,0.00041099998634308577,0.00044400000479072332,120441
2019-07-15T00:00:00.000000Z,0.00048200000310316682,0.00050700001884251833,0.00041499998769722879,0.00046800001291558146,197145
2019-07-16T00:00:00.000000Z,0.00046800001291558146,0.0005169999785721302,0.0004400000034365803,0.00044500001240521669,174136
2019-07-17T00:00:00.000000Z,0.00044400000479072332,0.0004780000017490238,0.00042200001189485192,0.00044599999091587961,140885
2019-07-18T00:00:00.000000Z,0.00044599999091587961,0.0005169999785721302,0.00043300000834278762,0.00051199999870732427,142311
2019-07-19T00:00:00.000000Z,0.00051199999870732427,0.00051300000632181764,0.00043300000834278762,0.00048700001207180321,144081
2019-07-20T00:00:00.000000Z,0.00048700001207180321,0.00052399997366592288,0.00047500000800937414,0.00051400001393631101,112478
2019-07-21T00:00:00.000000Z,0.00051400001393631101,0.00051899999380111694,0.00045900000259280205,0.00047999998787418008,129794
2019-07-22T00:00:00.000000Z,0.00047999998787418008,0.00058200000785291195,0.00046400001156143844,0.00050899997586384416,171157
2019-07-23T00:00:00.000000Z,0.00050899997586384416,0.00054799998179078102,0.00043499999446794391,0.00045500000123865902,148146
2019-07-24T00:00:00.000000Z,0.00045500000123865902,0.00056000001495704055,0.0004400000034365803,0.00055900000734254718,216025
2019-07-25T00:00:00.000000Z,0.00055900000734254718,0.00057700002798810601,0.00049000000581145287,0.00049200002104043961,175091
2019-07-26T00:00:00.000000Z,0.00049200002104043961,0.00057099998230114579,0.0004780000017490238,0.00056600000243633986,284093
2019-07-27T00:00:00.000000Z,0.00056600000243633986,0.00057500001275911927,0.00045900000259280205,0.00046899999142624438,248190
2019-07-28T00:00:00.000000Z,0.00046899999142624438,0.00050299998838454485,0.00044500001240521669,0.00048499999684281647,220753
2019-07-29T00:00:00.000000Z,0.00048499999684281647,0.00054500001715496182,0.00048099999548867345,0.00049200002104043961,246279
2019-07-30T00:00:00.000000Z,0.00049200002104043961,0.00050199998077005148,0.00048200000310316682,0.00049300002865493298,204681
2019-07-31T00:00:00.000000Z,0.00049300002865493298,0.00052200001664459705,0.00049100001342594624,0.0005080000264570117,267114
2019-08-01T00:00:00.000000Z,0.0005080000264570117,0.00056600000243633986,0.00049700000090524554,0.00052399997366592288,280966
2019-08-02T00:00:00.000000Z,0.00052399997366592288,0.00053499999921768904,0.00050399999599903822,0.00052100000903010368,242324
2019-08-03T00:00:00.000000Z,0.00052100000903010368,0.00054400000954046845,0.00048200000310316682,0.00053700001444667578,219275
2019-08-04T00:00:00.000000Z,0.00053700001444667578,0.00054600002476945519,0.00049700000090524554,0.00053600000683218241,203336
2019-08-05T00:00:00.000000Z,0.00053600000683218241,0.00058499997248873115,0.00053499999921768904,0.00054600002476945519,282640
2019-08-06T00:00:00.000000Z,0.00054600002476945519,0.00057799997739493847,0.00051400001393631101,0.00053100002696737647,265163
2019-08-07T00:00:00.000000Z,0.00053100002696737647,0.00057700002798810601,0.00049599999329075217,0.00056700001005083323,345408
2019-08-08T00:00:00.000000Z,0.00056700001005083323,0.00059299997519701719,0.00049800000851973891,0.00059299997519701719,325373
2019-08-09T00:00:00.000000Z,0.00059299997519701719,0.00074599997606128454,0.00050399999599903822,0.00059399998281151056,409507
2019-08-10T00:00:00.000000Z,0.00059399998281151056,0.00060000002849847078,0.0005520000122487545,0.00057299999753013253,344691
2019-08-11T00:00:00.000000Z,0.00057299999753013253,0.00058900000294670463,0.00054400000954046845,0.00056999997468665242,144500
2019-08-12T00:00:00.000000Z,0.00056999997468665242,0.00065800000447779894,0.00056499999482184649,0.00056999997468665242,389230
2019-08-13T00:00:00.000000Z,0.00056999997468665242,0.0006559999892488122,0.0005389999714680016,0.00054400000954046845,341846
2019-08-14T00:00:00.000000Z,0.00054400000954046845,0.00059299997519701719,0.00043399998685345054,0.00049900001613423228,335554
2019-08-15T00:00:00.000000Z,0.00049900001613423228,0.00053499999921768904,0.00045200000749900937,0.00052699999650940299,312655
2019-08-16T00:00:00.000000Z,0.00052699999650940299,0.00053499999921768904,0.00043300000834278762,0.00044999999227002263,198844
2019-08-17T00:00:00.000000Z,0.00044999999227002263,0.0004889999981969595,0.00043700000969693065,0.0004729999927803874,114152
2019-08-18T00:00:00.000000Z,0.0004729999927803874,0.00047900000936351717,0.0004290000069886446,0.00042999998549930751,75801
2019-08-19T00:00:00.000000Z,0.00042999998549930751,0.0005080000264570117,0.00042699999175965786,0.0004889999981969595,98544
2019-08-20T00:00:00.000000Z,0.0004889999981969595,0.00050199998077005148,0.00044999999227002263,0.00046599999768659472,138966
2019-08-21T00:00:00.000000Z,0.00046599999768659472,0.0004839999892283231,0.00042100000428035855,0.00044999999227002263,106486
2019-08-22T00:00:00.000000Z,0.00044999999227002263,0.00046700000530108809,0.0004290000069886446,0.00045299998600967228,130199
2019-08-23T00:00:00.000000Z,0.00045299998600967228,0.00046800001291558146,0.00043700000969693065,0.00045299998600967228,108303
2019-08-24T00:00:00.000000Z,0.00045399999362416565,0.00046499999007210135,0.00043600000208243728,0.00045399999362416565,151154
2019-08-25T00:00:00.000000Z,0.00045399999362416565,0.00054799998179078102,0.00041899998905137181,0.00051899999380111694,110209
2019-08-26T00:00:00.000000Z,0.00052000000141561031,0.00052499998128041625,0.00045600000885315239,0.00046800001291558146,126780
2019-08-27T00:00:00.000000Z,0.00046800001291558146,0.00046800001291558146,0.00044100001105107367,0.00045299998600967228,103132
2019-08-28T00:00:00.000000Z,0.00045399999362416565,0.00049399997806176543,0.00044400000479072332,0.00044500001240521669,74623
2019-08-29T00:00:00.000000Z,0.00044500001240521669,0.00047699999413453043,0.00043600000208243728,0.00046700000530108809,123656
2019-08-30T00:00:00.000000Z,0.00046700000530108809,0.0004729999927803874,0.00045200000749900937,0.00045200000749900937,113507
2019-08-31T00:00:00.000000Z,0.00045200000749900937,0.00048600000445730984,0.00041999999666586518,0.00047500000800937414,160181
2019-09-01T00:00:00.000000Z,0.00047500000800937414,0.00049100001342594624,0.00044500001240521669,0.00046400001156143844,109039
2019-09-02T00:00:00.000000Z,0.00046400001156143844,0.0005300000193528831,0.00045699998736381531,0.00051300000632181764,200123
2019-09-03T00:00:00.000000Z,0.00051300000632181764,0.00059200002579018474,0.00049000000581145287,0.00057199998991563916,254093
2019-09-04T00:00:00.000000Z,0.00057099998230114579,0.00058100000023841858,0.00050899997586384416,0.00056000001495704055,238801
2019-09-05T00:00:00.000000Z,0.00056000001495704055,0.00056700001005083323,0.00047699999413453043,0.00052900001173838973,267529
2019-09-06T00:00:00.000000Z,0.00052900001173838973,0.00055900000734254718,0.00051899999380111694,0.00052399997366592288,299911
2019-09-07T00:00:00.000000Z,0.00052399997366592288,0.0005549999768845737,0.00052000000141561031,0.00054600002476945519,243802
2019-09-08T00:00:00.000000Z,0.00054600002476945519,0.00059800001326948404,0.00053499999921768904,0.0005959999980404973,205223
2019-09-09T00:00:00.000000Z,0.0005959999980404973,0.00060099997790530324,0.00050999998347833753,0.00055799999972805381,166679
2019-09-10T00:00:00.000000Z,0.00055799999972805381,0.00057199998991563916,0.00052100000903010368,0.0005300000193528831,185265
2019-09-11T00:00:00.000000Z,0.0005300000193528831,0.00063899997621774673,0.0005300000193528831,0.00059900002088397741,227234
2019-09-12T00:00:00.000000Z,0.00059900002088397741,0.00061599997570738196,0.00058599998010322452,0.00060199998551979661,247109
2019-09-13T00:00:00.000000Z,0.00060299999313428998,0.00075299997115507722,0.00060099997790530324,0.00070999999297782779,305121
2019-09-14T00:00:00.000000Z,0.00070999999297782779,0.0009239999926649034,0.00070199999026954174,0.00088599999435245991,413366
2019-09-15T00:00:00.000000Z,0.00088599999435245991,0.0012779999524354935,0.00088599999435245991,0.0012669999850913882,446656
2019-09-16T00:00:00.000000Z,0.0012679999927058816,0.0018889999482780695,0.0011749999830499291,0.0018889999482780695,797618
2019-09-17T00:00:00.000000Z,0.0018889999482780695,0.0026169999036937952,0.0015429999912157655,0.0016830000095069408,1343386
2019-09-18T00:00:00.000000Z,0.0016499999910593033,0.0017099999822676182,0.0011399999493733048,0.0013760000001639128,501760
2019-09-19T00:00:00.000000Z,0.0013470000121742487,0.0017529999604448676,0.0012550000101327896,0.0017440000083297491,831209
2019-09-20T00:00:00.000000Z,0.0017440000083297491,0.0018050000071525574,0.0015879999846220016,0.0016659999964758754,448299
2019-09-21T00:00:00.000000Z,0.0016670000040903687,0.0017340000486001372,0.0015910000074654818,0.0016220000106841326,353583
2019-09-22T00:00:00.000000Z,0.0016220000106841326,0.0017389999702572823,0.0015419999836012721,0.0016589999431744218,315018
2019-09-23T00:00:00.000000Z,0.0016589999431744218,0.0016899999463930726,0.001534000039100647,0.0015559999737888575,397103
2019-09-24T00:00:00.000000Z,0.0015559999737888575,0.0015650000423192978,0.0011320000048726797,0.0013139999937266111,376860
2019-09-25T00:00:00.000000Z,0.0013139999937266111,0.0013920000055804849,0.0011660000309348106,0.0013500000350177288,366577
2019-09-26T00:00:00.000000Z,0.0013500000350177288,0.0013770000077784061,0.0011769999982789159,0.0012949999654665589,339651
2019-09-27T00:00:00.000000Z,0.0012949999654665589,0.0015559999737888575,0.0012679999927058816,0.0015409999759867787,444187
2019-09-28T00:00:00.000000Z,0.0015409999759867787,0.0015869999770075083,0.0014130000490695238,0.0015099999727681279,496446
2019-09-29T00:00:00.000000Z,0.0015239999629557133,0.001551999943330884,0.0014250000240281224,0.0014919999521225691,163230
2019-09-30T00:00:00.000000Z,0.0014919999521225691,0.0015989999519661069,0.0013350000372156501,0.0015600000042468309,357120
2019-10-01T00:00:00.000000Z,0.0015610000118613243,0.0015979999443516135,0.001484000007621944,0.0015170000260695815,330057
2019-10-02T00:00:00.000000Z,0.0015170000260695815,0.0015200000489130616,0.0014179999707266688,0.001475999946705997,144668
2019-10-03T00:00:00.000000Z,0.0014769999543204904,0.0014860000228509307,0.0014149999478831887,0.0014390000142157078,217579
2019-10-04T00:00:00.000000Z,0.0014380000066012144,0.001471000025048852,0.0013709999620914459,0.0014489999739453197,255105
2019-10-05T00:00:00.000000Z,0.0014489999739453197,0.0015069999499246478,0.0013909999979659915,0.0015010000206530094,404746
2019-10-06T00:00:00.000000Z,0.0015010000206530094,0.0015030000358819962,0.0013180000241845846,0.0013389999512583017,143123
2019-10-07T00:00:00.000000Z,0.0013379999436438084,0.0015539999585598707,0.0013160000089555979,0.001547000021673739,416516
2019-10-08T00:00:00.000000Z,0.001547000021673739,0.001547000021673739,0.0013839999446645379,0.0014440000522881746,224914
2019-10-09T00:00:00.000000Z,0.0014440000522881746,0.0015140000032261014,0.0014140000566840172,0.0014939999673515558,237761
2019-10-10T00:00:00.000000Z,0.0014939999673515558,0.0015050000511109829,0.001386999967508018,0.001436999998986721,257441
2019-10-11T00:00:00.000000Z,0.001436999998986721,0.0014410000294446945,0.0013249999610707164,0.0013620000099763274,218432
2019-10-12T00:00:00.000000Z,0.0013620000099763274,0.0015059999423101544,0.0013129999861121178,0.0014159999554976821,241071
2019-10-13T00:00:00.000000Z,0.0014149999478831887,0.0014309999532997608,0.0012420000275596976,0.001323999953456223,136442
2019-10-14T00:00:00.000000Z,0.001323999953456223,0.0013719999697059393,0.0012750000460073352,0.0013549999566748738,158176
2019-10-15T00:00:00.000000Z,0.0013549999566748738,0.0013579999795183539,0.0011370000429451466,0.0011599999852478504,185113
2019-10-16T00:00:00.000000Z,0.001158999977633357,0.0012270000297576189,0.0010949999559670687,0.0011409999569877982,190677
2019-10-17T00:00:00.000000Z,0.0011390000581741333,0.001234999974258244,0.0010939999483525753,0.0012159999459981918,224870
2019-10-18T00:00:00.000000Z,0.0012159999459981918,0.0012819999828934669,0.0011380000505596399,0.0012250000145286322,160933
2019-10-19T00:00:00.000000Z,0.0012250000145286322,0.0012550000101327896,0.0010900000343099236,0.0011230000527575612,150770
2019-10-20T00:00:00.000000Z,0.0011239999439567327,0.0011859999503940344,0.0010610000463202596,0.0011050000321120024,123289
2019-10-21T00:00:00.000000Z,0.0011050000321120024,0.0011439999798312783,0.0010160000529140234,0.0010440000332891941,238553
2019-10-22T00:00:00.000000Z,0.0010479999473318458,0.0010920000495389104,0.0010110000148415565,0.0010389999952167273,147059
2019-10-23T00:00:00.000000Z,0.0010389999952167273,0.0010560000082477927,0.00094400002853944898,0.00097499997355043888,179018
2019-10-24T00:00:00.000000Z,0.00097499997355043888,0.0010160000529140234,0.00093899999046698213,0.00095700001111254096,217632
2019-10-25T00:00:00.000000Z,0.00095700001111254096,0.0010930000571534038,0.00095600000349804759,0.0010870000114664435,230757
2019-10-26T00:00:00.000000Z,0.0010870000114664435,0.001158999977633357,0.0010049999691545963,0.0010499999625608325,276040
2019-10-27T00:00:00.000000Z,0.0010499999625608325,0.0010760000441223383,0.00093600002583116293,0.0010239999974146485,171133
2019-10-28T00:00:00.000000Z,0.0010229999898001552,0.0010349999647587538,0.00095700001111254096,0.00098500004969537258,143247
2019-10-29T00:00:00.000000Z,0.00098400004208087921,0.0010529999854043126,0.00098400004208087921,0.0010470000561326742,265453
2019-10-30T00:00:00.000000Z,0.0010470000561326742,0.0010489999549463391,0.00094699999317526817,0.0009899999713525176,185677
2019-10-31T00:00:00.000000Z,0.0009899999713525176,0.0010659999679774046,0.00096400000620633364,0.0010199999669566751,223239
2019-11-01T00:00:00.000000Z,0.0010199999669566751,0.0010529999854043126,0.00097499997355043888,0.0010130000300705433,160383
2019-11-02T00:00:00.000000Z,0.0010130000300705433,0.0010440000332891941,0.00093199999537318945,0.00095800001872703433,238165
2019-11-03T00:00:00.000000Z,0.00095800001872703433,0.0010010000551119447,0.00087899999925866723,0.00091900001280009747,211993
2019-11-04T00:00:00.000000Z,0.0009180000051856041,0.00095499999588355422,0.00085599999874830246,0.00091499998234212399,306237
2019-11-05T00:00:00.000000Z,0.00091499998234212399,0.00095800001872703433,0.00088399997912347317,0.00093099998775869608,351221
2019-11-06T00:00:00.000000Z,0.00093099998775869608,0.0011139999842271209,0.00092199997743591666,0.00097300001652911305,352891
2019-11-07T00:00:00.000000Z,0.00097300001652911305,0.001028000027872622,0.00091699999757111073,0.0010010000551119447,271544
2019-11-08T00:00:00.000000Z,0.0010010000551119447,0.0010760000441223383,0.00089800002751871943,0.00091300002532079816,264427
2019-11-09T00:00:00.000000Z,0.00091300002532079816,0.00097499997355043888,0.00086600001668557525,0.00089099997421726584,244976
2019-11-10T00:00:00.000000Z,0.00089099997421726584,0.0009459999855607748,0.00088700000196695328,0.00091599998995661736,192832
2019-11-11T00:00:00.000000Z,0.00091499998234212399,0.0009399999980814755,0.00088900001719594002,0.00089600001228973269,273573
2019-11-12T00:00:00.000000Z,0.00089600001228973269,0.00094800000078976154,0.0008580000139772892,0.00091100001009181142,240909
2019-11-13T00:00:00.000000Z,0.00091100001009181142,0.00092800002312287688,0.00087799999164417386,0.00089999998454004526,240717
2019-11-14T00:00:00.000000Z,0.00089999998454004526,0.00096600002143532038,0.00087200000416487455,0.00096099998336285353,262641
2019-11-15T00:00:00.000000Z,0.00096099998336285353,0.0009619999909773469,0.00086999998893588781,0.00087300001177936792,218376
2019-11-16T00:00:00.000000Z,0.00087400001939386129,0.00095399998826906085,0.00087099999655038118,0.00088900001719594002,251810
2019-11-17T00:00:00.000000Z,0.00088900001719594002,0.00097100000130012631,0.00087500002700835466,0.00095199997304007411,217901
2019-11-18T00:00:00.000000Z,0.00095199997304007411,0.00098500004969537258,0.00089500000467523932,0.00097799999639391899,461539
2019-11-19T00:00:00.000000Z,0.00097799999639391899,0.00098500004969537258,0.00093300000298768282,0.0009619999909773469,425112
2019-11-20T00:00:00.000000Z,0.0009619999909773469,0.00099500000942498446,0.00091699999757111073,0.00095800001872703433,333052
2019-11-21T00:00:00.000000Z,0.00095800001872703433,0.00096700002904981375,0.0008360000210814178,0.00084699998842552304,402511
2019-11-22T00:00:00.000000Z,0.00084699998842552304,0.00087400001939386129,0.00075399997876957059,0.00079199997708201408,333657
2019-11-23T00:00:00.000000Z,0.00079199997708201408,0.00085399998351931572,0.00076899997657164931,0.00083099998300895095,410838
2019-11-24T00:00:00.000000Z,0.00083099998300895095,0.00085399998351931572,0.00078300002496689558,0.00078300002496689558,345374
2019-11-25T00:00:00.000000Z,0.00078300002496689558,0.00082999997539445758,0.00073000002885237336,0.00081200001295655966,396947
2019-11-26T00:00:00.000000Z,0.00081200001295655966,0.00081300002057105303,0.00073400000110268593,0.00077300000702962279,284145
2019-11-27T00:00:00.000000Z,0.00076999998418614268,0.00083700002869591117,0.00073999998858198524,0.00080999999772757292,237648
2019-11-28T00:00:00.000000Z,0.00080999999772757292,0.00085100001888349652,0.00074899999890476465,0.00078499998198822141,255914
2019-11-29T00:00:00.000000Z,0.00078499998198822141,0.00083299999823793769,0.00077500002225860953,0.00082000001566484571,208540
2019-11-30T00:00:00.000000Z,0.00082000001566484571,0.00086400000145658851,0.00077799998689442873,0.00078100000973790884,245971
2019-12-01T00:00:00.000000Z,0.00078100000973790884,0.00086400000145658851,0.00078100000973790884,0.00080300000263378024,167998
2019-12-02T00:00:00.000000Z,0.00080300000263378024,0.00087099999655038118,0.0007980000227689743,0.00084200000856071711,342873
2019-12-03T00:00:00.000000Z,0.00084200000856071711,0.00086799997370690107,0.0007980000227689743,0.00081800000043585896,233544
2019-12-04T00:00:00.000000Z,0.00081800000043585896,0.00087099999655038118,0.00077699997927993536,0.00081699999282136559,299935
2019-12-05T00:00:00.000000Z,0.00081699999282136559,0.00083199999062344432,0.00077400001464411616,0.00083099998300895095,255489
2019-12-06T00:00:00.000000Z,0.00083099998300895095,0.00084200000856071711,0.00079399999231100082,0.00082000001566484571,262497
2019-12-07T00:00:00.000000Z,0.00082100002327933908,0.00093300000298768282,0.00080300000263378024,0.00083299999823793769,249285
2019-12-08T00:00:00.000000Z,0.00083299999823793769,0.00093300000298768282,0.00082800001837313175,0.00091100001009181142,309287
2019-12-09T00:00:00.000000Z,0.00091100001009181142,0.0010379999876022339,0.00086299999384209514,0.0010209999745711684,327942
2019-12-10T00:00:00.000000Z,0.0010209999745711684,0.0011889999732375145,0.00099400000181049109,0.0011279999744147062,353776
2019-12-11T00:00:00.000000Z,0.0011279999744147062,0.0011549999471753836,0.0010120000224560499,0.0010679999832063913,329488
2019-12-12T00:00:00.000000Z,0.0010710000060498714,0.0011340000201016665,0.0010440000332891941,0.0011340000201016665,317835
2019-12-13T00:00:00.000000Z,0.0011320000048726797,0.0011399999493733048,0.0010829999810084701,0.0010979999788105488,255796
2019-12-14T00:00:00.000000Z,0.0010989999864250422,0.0011459999950602651,0.0010890000266954303,0.0011269999668002129,285546
2019-12-15T00:00:00.000000Z,0.0011269999668002129,0.0011330000124871731,0.0010430000256747007,0.0010659999679774046,201548
2019-12-16T00:00:00.000000Z,0.0010679999832063913,0.0011010000016540289,0.0010260000126436353,0.0010499999625608325,386366
2019-12-17T00:00:00.000000Z,0.0010499999625608325,0.0010639999527484179,0.00096299999859184027,0.00098600005730986595,324759
2019-12-18T00:00:00.000000Z,0.00098600005730986595,0.0010550000006332994,0.00095800001872703433,0.0010460000485181808,393932
2019-12-19T00:00:00.000000Z,0.0010460000485181808,0.0010679999832063913,0.0010059999767690897,0.0010590000310912728,367036
2019-12-20T00:00:00.000000Z,0.0010590000310912728,0.001104000024497509,0.001032999949529767,0.0010839999886229634,325050
2019-12-21T00:00:00.000000Z,0.0010839999886229634,0.0010949999559670687,0.0010580000234767795,0.001091000041924417,386362
2019-12-22T00:00:00.000000Z,0.0010900000343099236,0.0011330000124871731,0.0010720000136643648,0.001117000007070601,336834
2019-12-23T00:00:00.000000Z,0.001117000007070601,0.0011259999591857195,0.0010110000148415565,0.001032999949529767,317165
2019-12-24T00:00:00.000000Z,0.0010339999571442604,0.0010560000082477927,0.0010059999767690897,0.0010179999517276883,387143
2019-12-25T00:00:00.000000Z,0.0010169999441131949,0.0010290000354871154,0.00097499997355043888,0.00098699994850903749,278725
2019-12-26T00:00:00.000000Z,0.00098699994850903749,0.0010460000485181808,0.00097499997355043888,0.0010079999919980764,341186
2019-12-27T00:00:00.000000Z,0.0010079999919980764,0.0010369999799877405,0.00096400000620633364,0.0010059999767690897,355798
2019-12-28T00:00:00.000000Z,0.0010049999691545963,0.0010389999952167273,0.00097100000130012631,0.00099900003988295794,276854
2019-12-29T00:00:00.000000Z,0.00099900003988295794,0.0010629999451339245,0.00099600001703947783,0.0010550000006332994,199207
2019-12-30T00:00:00.000000Z,0.0010550000006332994,0.0010750000365078449,0.00097100000130012631,0.00098699994850903749,264454
2019-12-31T00:00:00.000000Z,0.00098699994850903749,0.0010550000006332994,0.00097200000891461968,0.00099099997896701097,245926
2020-01-01T00:00:00.000000Z,0.00099099997896701097,0.0010740000288933516,0.00097900000400841236,0.0010219999821856618,262609
2020-01-02T00:00:00.000000Z,0.0010229999898001552,0.0010499999625608325,0.00095499999588355422,0.00097100000130012631,264969
2020-01-03T00:00:00.000000Z,0.00097200000891461968,0.0010489999549463391,0.00095000001601874828,0.0010300000431016088,282390
2020-01-04T00:00:00.000000Z,0.0010300000431016088,0.0010580000234767795,0.0010140000376850367,0.0010290000354871154,259840
2020-01-05T00:00:00.000000Z,0.001028000027872622,0.0010489999549463391,0.00097300001652911305,0.00097300001652911305,256645
2020-01-06T00:00:00.000000Z,0.00097300001652911305,0.0010440000332891941,0.00097200000891461968,0.0010400000028312206,259821
2020-01-07T00:00:00.000000Z,0.0010420000180602074,0.0010550000006332994,0.001003999961540103,0.0010199999669566751,332598
2020-01-08T00:00:00.000000Z,0.0010199999669566751,0.0011239999439567327,0.0010179999517276883,0.0010770000517368317,261819
2020-01-09T00:00:00.000000Z,0.0010629999451339245,0.0011239999439567327,0.0010260000126436353,0.0010310000507161021,274965
2020-01-10T00:00:00.000000Z,0.0010310000507161021,0.0010760000441223383,0.0010049999691545963,0.0010499999625608325,298068
2020-01-11T00:00:00.000000Z,0.0010499999625608325,0.0010789999505504966,0.0010369999799877405,0.0010440000332891941,313163
2020-01-12T00:00:00.000000Z,0.0010440000332891941,0.0010829999810084701,0.0010420000180602074,0.0010829999810084701,230768
2020-01-13T00:00:00.000000Z,0.0010829999810084701,0.0010880000190809369,0.0010300000431016088,0.0010450000409036875,268562
2020-01-14T00:00:00.000000Z,0.0010450000409036875,0.001171999960206449,0.001032999949529767,0.0011390000581741333,273704
2020-01-15T00:00:00.000000Z,0.0011390000581741333,0.001167000038549304,0.0010849999962374568,0.001142999972216785,290650
2020-01-16T00:00:00.000000Z,0.0011419999646022916,0.0012029999634250998,0.0010470000561326742,0.001117000007070601,307760
2020-01-17T00:00:00.000000Z,0.0011030000168830156,0.0011640000157058239,0.001053999993018806,0.0011210000375285745,390704
2020-01-18T00:00:00.000000Z,0.0011190000222995877,0.0011380000505596399,0.001066999975591898,0.0010880000190809369,363310
2020-01-19T00:00:00.000000Z,0.0010829999810084701,0.0011210000375285745,0.0010169999441131949,0.0010560000082477927,349400
2020-01-20T00:00:00.000000Z,0.0010590000310912728,0.0010689999908208847,0.0010290000354871154,0.0010460000485181808,371506
2020-01-21T00:00:00.000000Z,0.0010460000485181808,0.0010720000136643648,0.001028000027872622,0.0010590000310912728,319709
2020-01-22T00:00:00.000000Z,0.0010590000310912728,0.0010710000060498714,0.0010430000256747007,0.0010550000006332994,356851
2020-01-23T00:00:00.000000Z,0.0010560000082477927,0.0010560000082477927,0.0010110000148415565,0.0010359999723732471,284633
2020-01-24T00:00:00.000000Z,0.0010359999723732471,0.0010509999701753259,0.0010100000072270632,0.001032999949529767,367272
2020-01-25T00:00:00.000000Z,0.001032999949529767,0.001041000010445714,0.0010110000148415565,0.001028000027872622,284810
2020-01-26T00:00:00.000000Z,0.001028000027872622,0.0010550000006332994,0.0010120000224560499,0.0010479999473318458,295831
2020-01-27T00:00:00.000000Z,0.0010479999473318458,0.0010930000571534038,0.0010479999473318458,0.0010789999505504966,325852
2020-01-28T00:00:00.000000Z,0.0010789999505504966,0.0011099999537691474,0.0010699999984353781,0.0010979999788105488,430237
2020-01-29T00:00:00.000000Z,0.0010979999788105488,0.0011249999515712261,0.0010860000038519502,0.0011020000092685223,401292
2020-01-30T00:00:00.000000Z,0.0011010000016540289,0.0011620000004768372,0.0010710000060498714,0.0011419999646022916,425159
2020-01-31T00:00:00.000000Z,0.0011520000407472253,0.0011569999624043703,0.0010920000495389104,0.0011119999689981341,403652
2020-02-01T00:00:00.000000Z,0.0011119999689981341,0.0012469999492168427,0.0011080000549554825,0.0011390000581741333,386499
2020-02-02T00:00:00.000000Z,0.0011390000581741333,0.0011950000189244747,0.0011109999613836408,0.0011249999515712261,390835
2020-02-03T00:00:00.000000Z,0.0011249999515712261,0.001154000055976212,0.0010779999429360032,0.0011230000527575612,406305
2020-02-04T00:00:00.000000Z,0.0011230000527575612,0.0011380000505596399,0.0010629999451339245,0.0011050000321120024,424000
2020-02-05T00:00:00.000000Z,0.0011050000321120024,0.001234999974258244,0.0011010000016540289,0.0012019999558106065,449717
2020-02-06T00:00:00.000000Z,0.0012019999558106065,0.0012319999514147639,0.0011129999766126275,0.0011569999624043703,395133
2020-02-07T00:00:00.000000Z,0.0011569999624043703,0.0012309999438002706,0.0011530000483617187,0.0012309999438002706,478200
2020-02-08T00:00:00.000000Z,0.0012290000449866056,0.0012469999492168427,0.0011660000309348106,0.0012189999688416719,405343
2020-02-09T00:00:00.000000Z,0.0012179999612271786,0.0012850000057369471,0.0012169999536126852,0.0012610000558197498,406064
2020-02-10T00:00:00.000000Z,0.0012610000558197498,0.0012669999850913882,0.0011279999744147062,0.001167000038549304,438758
2020-02-11T00:00:00.000000Z,0.001167000038549304,0.0012420000275596976,0.0011380000505596399,0.0012069999938830733,401609
2020-02-12T00:00:00.000000Z,0.0012069999938830733,0.0013520000502467155,0.0011470000026747584,0.001306000049225986,514903
2020-02-13T00:00:00.000000Z,0.0012369999894872308,0.0016329999780282378,0.0012100000167265534,0.0015940000303089619,1023716
2020-02-14T00:00:00.000000Z,0.0016570000443607569,0.0017249999800696969,0.0015569999814033508,0.0017140000127255917,1886830
2020-02-15T00:00:00.000000Z,0.0017140000127255917,0.0017219999572262168,0.0015190000412985682,0.0015869999770075083,1037192
2020-02-16T00:00:00.000000Z,0.0015879999846220016,0.0016309999627992511,0.0013760000001639128,0.0014669999945908785,505670
2020-02-17T00:00:00.000000Z,0.0014649999793618917,0.001475999946705997,0.0013460000045597553,0.0014270000392571092,1150909
2020-02-18T00:00:00.000000Z,0.0014260000316426158,0.0015849999617785215,0.0014260000316426158,0.0015510000521317124,1146678
2020-02-19T00:00:00.000000Z,0.0015750000020489097,0.0016380000161007047,0.0014639999717473984,0.0014979999978095293,1002309
2020-02-20T00:00:00.000000Z,0.0014949999749660492,0.0015030000358819962,0.0014070000033825636,0.0014299999456852674,990237
2020-02-21T00:00:00.000000Z,0.0014290000544860959,0.0014990000054240227,0.001408000010997057,0.0014880000380799174,990662
2020-02-22T00:00:00.000000Z,0.0014900000533089042,0.0015269999857991934,0.0014220000011846423,0.0014560000272467732,546584
2020-02-23T00:00:00.000000Z,0.0014560000272467732,0.001500000013038516,0.0013719999697059393,0.0014769999543204904,520204
2020-02-24T00:00:00.000000Z,0.0014779999619349837,0.0015050000511109829,0.0014169999631121755,0.0014410000294446945,509841
2020-02-25T00:00:00.000000Z,0.0014410000294446945,0.0014459999511018395,0.0013129999861121178,0.0013510000426322222,481261
2020-02-26T00:00:00.000000Z,0.0013500000350177288,0.0013559999642893672,0.0012039999710395932,0.0012540000025182962,362436
2020-02-27T00:00:00.000000Z,0.0012550000101327896,0.0013409999664872885,0.0011739999754354358,0.0012039999710395932,400249
2020-02-28T00:00:00.000000Z,0.0012039999710395932,0.0013020000187680125,0.0011559999547898769,0.0011980000417679548,436128
2020-02-29T00:00:00.000000Z,0.0011990000493824482,0.0012600000482052565,0.0011729999678209424,0.0011739999754354358,403948
2020-03-01T00:00:00.000000Z,0.0011739999754354358,0.0012199999764561653,0.0011459999950602651,0.001171999960206449,365676
2020-03-02T00:00:00.000000Z,0.001171999960206449,0.0012509999796748161,0.0011680000461637974,0.0012329999590292573,389812
2020-03-03T00:00:00.000000Z,0.0012329999590292573,0.0013020000187680125,0.0012219999916851521,0.0012669999850913882,351522
2020-03-04T00:00:00.000000Z,0.0012669999850913882,0.0013849999522790313,0.001243000035174191,0.0013279999839141965,457461
2020-03-05T00:00:00.000000Z,0.0013279999839141965,0.0013909999979659915,0.0012600000482052565,0.0013160000089555979,605693
2020-03-06T00:00:00.000000Z,0.0013160000089555979,0.0013549999566748738,0.0012949999654665589,0.0013520000502467155,720983
2020-03-07T00:00:00.000000Z,0.0013549999566748738,0.0013689999468624592,0.0012229999992996454,0.0012369999894872308,635883
2020-03-08T00:00:00.000000Z,0.0012379999971017241,0.0012460000580176711,0.0011080000549554825,0.0011159999994561076,397342
2020-03-09T00:00:00.000000Z,0.0011159999994561076,0.0011549999471753836,0.00099400000181049109,0.0010740000288933516,357891
2020-03-10T00:00:00.000000Z,0.0010750000365078449,0.0011139999842271209,0.0010359999723732471,0.0010710000060498714,386559
2020-03-11T00:00:00.000000Z,0.0010710000060498714,0.0010920000495389104,0.0009459999855607748,0.0010369999799877405,330489
2020-03-12T00:00:00.000000Z,0.0010369999799877405,0.0010379999876022339,0.0006179999909363687,0.0006179999909363687,249003
2020-03-13T00:00:00.000000Z,0.00062100001377984881,0.00075399997876957059,0.00053700001444667578,0.00074400001903995872,312330
2020-03-14T00:00:00.000000Z,0.00074500002665445209,0.00080799998249858618,0.00067300000227987766,0.0006779999821446836,161701
2020-03-15T00:00:00.000000Z,0.0006779999821446836,0.00072299997555091977,0.00066100002732127905,0.00070600002072751522,212832
2020-03-16T00:00:00.000000Z,0.00070600002072751522,0.00070600002072751522,0.00057600002037361264,0.000590000010561198,321207
2020-03-17T00:00:00.000000Z,0.00058900000294670463,0.00066100002732127905,0.00058799999533221126,0.00060000002849847078,247279
2020-03-18T00:00:00.000000Z,0.00060000002849847078,0.00065000000176951289,0.00055699999211356044,0.00060899998061358929,202305
2020-03-19T00:00:00.000000Z,0.00060899998061358929,0.00075100001413375139,0.00060099997790530324,0.00072499999077990651,333482
2020-03-20T00:00:00.000000Z,0.00072499999077990651,0.00082800001837313175,0.00065900001209229231,0.00070700002834200859,313988
2020-03-21T00:00:00.000000Z,0.00070700002834200859,0.00075200002174824476,0.000653000024612993,0.00073899998096749187,248502
2020-03-22T00:00:00.000000Z,0.00073999998858198524,0.00074599997606128454,0.00066600000718608499,0.00067199999466538429,204556
2020-03-23T00:00:00.000000Z,0.00067199999466538429,0.00073000002885237336,0.00067099998705089092,0.00072299997555091977,232193
2020-03-24T00:00:00.000000Z,0.00072399998316541314,0.00075800000922754407,0.00069199997233226895,0.00070299999788403511,221530
2020-03-25T00:00:00.000000Z,0.0006970000104047358,0.00071599998045712709,0.00067600002512335777,0.00068699999246746302,269744
2020-03-26T00:00:00.000000Z,0.00068699999246746302,0.000699999975040555,0.00067699997453019023,0.00069900002563372254,271190
2020-03-27T00:00:00.000000Z,0.0006970000104047358,0.00074599997606128454,0.0006910000229254365,0.00070199999026954174,257809
2020-03-28T00:00:00.000000Z,0.00070199999026954174,0.00070199999026954174,0.00065800000447779894,0.00067999999737367034,306936
2020-03-29T00:00:00.000000Z,0.00067999999737367034,0.00069199997233226895,0.00065000000176951289,0.00066100002732127905,264109
2020-03-30T00:00:00.000000Z,0.00066199997672811151,0.00071100000059232116,0.00063600001158192754,0.00070400000549852848,302217
2020-03-31T00:00:00.000000Z,0.00070299999788403511,0.00070600002072751522,0.00064699997892603278,0.00066899997182190418,293135
2020-04-01T00:00:00.000000Z,0.00066899997182190418,0.0006750000175088644,0.00062399997841566801,0.00066199997672811151,258301
2020-04-02T00:00:00.000000Z,0.00066199997672811151,0.00070199999026954174,0.00065699999686330557,0.00067199999466538429,300373
2020-04-03T00:00:00.000000Z,0.0006750000175088644,0.00077300000702962279,0.00066199997672811151,0.00072800001362338662,271301
2020-04-04T00:00:00.000000Z,0.00072800001362338662,0.00077799998689442873,0.00068800000008195639,0.00075299997115507722,301696
2020-04-05T00:00:00.000000Z,0.0007570000016130507,0.00077300000702962279,0.00071100000059232116,0.00073400000110268593,292334
2020-04-06T00:00:00.000000Z,0.00073400000110268593,0.00080699997488409281,0.00070999999297782779,0.00080699997488409281,369093
2020-04-07T00:00:00.000000Z,0.00080699997488409281,0.00082900002598762512,0.00075000000651925802,0.00075000000651925802,287370
2020-04-08T00:00:00.000000Z,0.00075000000651925802,0.00081800000043585896,0.00074300001142546535,0.00076999998418614268,1012087
2020-04-09T00:00:00.000000Z,0.00076999998418614268,0.00081100000534206629,0.00069900002563372254,0.00074599997606128454,633975
2020-04-10T00:00:00.000000Z,0.00074300001142546535,0.00076399999670684338,0.00065499998163431883,0.00069499999517574906,562554
2020-04-11T00:00:00.000000Z,0.00069499999517574906,0.0007350000087171793,0.00067600002512335777,0.0006970000104047358,540884
2020-04-12T00:00:00.000000Z,0.0006970000104047358,0.00074500002665445209,0.00068400002783164382,0.00071100000059232116,547538
2020-04-13T00:00:00.000000Z,0.00071200000820681453,0.00074099999619647861,0.0006750000175088644,0.00071200000820681453,545279
2020-04-14T00:00:00.000000Z,0.00071200000820681453,0.00075299997115507722,0.000699999975040555,0.00072900002123787999,469267
2020-04-15T00:00:00.000000Z,0.00073000002885237336,0.00075900001684203744,0.00070400000549852848,0.00071799999568611383,390841
2020-04-16T00:00:00.000000Z,0.00071699998807162046,0.00080199999501928687,0.00069600000279024243,0.00074099999619647861,455352
2020-04-17T00:00:00.000000Z,0.00074099999619647861,0.00078100000973790884,0.00070500001311302185,0.00072100001852959394,534492
2020-04-18T00:00:00.000000Z,0.00072100001852959394,0.00079199997708201408,0.00070600002072751522,0.00075499998638406396,726603
2020-04-19T00:00:00.000000Z,0.00075200002174824476,0.00076999998418614268,0.000699999975040555,0.00073600001633167267,694027
2020-04-20T00:00:00.000000Z,0.00073600001633167267,0.00078100000973790884,0.00068900000769644976,0.00075800000922754407,630457
2020-04-21T00:00:00.000000Z,0.00075900001684203744,0.00078000000212341547,0.00066700001480057836,0.00068599998485296965,571317
2020-04-22T00:00:00.000000Z,0.00068599998485296965,0.00076199998147785664,0.00066899997182190418,0.00069399998756125569,667703
2020-04-23T00:00:00.000000Z,0.00069399998756125569,0.00075100001413375139,0.00065000000176951289,0.00071100000059232116,401725
2020-04-24T00:00:00.000000Z,0.00071100000059232116,0.00076999998418614268,0.00070799997774884105,0.00073600001633167267,526416
2020-04-25T00:00:00.000000Z,0.00073600001633167267,0.00076600001193583012,0.00070600002072751522,0.00071799999568611383,603190
2020-04-26T00:00:00.000000Z,0.00074099999619647861,0.00075399997876957059,0.00069800001801922917,0.00074699998367577791,579664
2020-04-27T00:00:00.000000Z,0.00074699998367577791,0.00077500002225860953,0.00071200000820681453,0.00075900001684203744,625627
2020-04-28T00:00:00.000000Z,0.00075900001684203744,0.00078399997437372804,0.00072700000600889325,0.00075100001413375139,587545
2020-04-29T00:00:00.000000Z,0.00075100001413375139,0.00083099998300895095,0.00074099999619647861,0.00080699997488409281,663997
2020-04-30T00:00:00.000000Z,0.00080799998249858618,0.00091499998234212399,0.00079199997708201408,0.00080799998249858618,548431
2020-05-01T00:00:00.000000Z,0.00080799998249858618,0.00086999998893588781,0.00077199999941512942,0.00081499997759237885,505886
2020-05-02T00:00:00.000000Z,0.00083199999062344432,0.00089000002481043339,0.00079999997979030013,0.00088499998673796654,521025
2020-05-03T00:00:00.000000Z,0.00088499998673796654,0.00092100002802908421,0.00084900000365450978,0.00087899999925866723,489197
2020-05-04T00:00:00.000000Z,0.00087799999164417386,0.00092199997743591666,0.00081300002057105303,0.00086299999384209514,583379
2020-05-05T00:00:00.000000Z,0.00086199998622760177,0.00091900001280009747,0.00084200000856071711,0.00087799999164417386,586475
2020-05-06T00:00:00.000000Z,0.00087699998402968049,0.00093400001060217619,0.00086400000145658851,0.00090699997963383794,694786
2020-05-07T00:00:00.000000Z,0.00090699997963383794,0.0012529999949038029,0.00088100001448765397,0.0012199999764561653,851514
2020-05-08T00:00:00.000000Z,0.0012039999710395932,0.0012240000069141388,0.0011220000451430678,0.0011739999754354358,714045
2020-05-09T00:00:00.000000Z,0.0011690000537782907,0.0012069999938830733,0.0010750000365078449,0.0011500000255182385,476405
2020-05-10T00:00:00.000000Z,0.0011500000255182385,0.0011520000407472253,0.00093500001821666956,0.001028000027872622,456833
2020-05-11T00:00:00.000000Z,0.001028000027872622,0.0011370000429451466,0.0009590000263415277,0.0010499999625608325,540380
2020-05-12T00:00:00.000000Z,0.0010499999625608325,0.0011320000048726797,0.0010400000028312206,0.0011070000473409891,556472
2020-05-13T00:00:00.000000Z,0.0011070000473409891,0.0012090000091120601,0.0011060000397264957,0.0012090000091120601,623802
2020-05-14T00:00:00.000000Z,0.0012080000014975667,0.0012080000014975667,0.0011320000048726797,0.0011640000157058239,657152
2020-05-15T00:00:00.000000Z,0.0011630000080913305,0.001180000021122396,0.0010450000409036875,0.0010470000561326742,589882
2020-05-16T00:00:00.000000Z,0.0010860000038519502,0.0013099999632686377,0.0010489999549463391,0.0012700000079348683,691494
2020-05-17T00:00:00.000000Z,0.0012700000079348683,0.0014120000414550304,0.0012339999666437507,0.0013399999588727951,629728
2020-05-18T00:00:00.000000Z,0.0013399999588727951,0.0014750000555068254,0.0013350000372156501,0.0014669999945908785,707873
2020-05-19T00:00:00.000000Z,0.0014730000402778387,0.0015239999629557133,0.0013889999827370048,0.0015229999553412199,644023
2020-05-20T00:00:00.000000Z,0.0015229999553412199,0.0018420000560581684,0.001512999995611608,0.0018420000560581684,882358
2020-05-21T00:00:00.000000Z,0.0018420000560581684,0.0026090000756084919,0.0018420000560581684,0.0026090000756084919,6511607
2020-05-22T00:00:00.000000Z,0.0026100000832229853,0.0033150000963360071,0.0020389999262988567,0.002756000030785799,10023072
2020-05-23T00:00:00.000000Z,0.0031010000966489315,0.0051509998738765717,0.0027209999971091747,0.0050050001591444016,14027817
2020-05-24T00:00:00.000000Z,0.0050240000709891319,0.0063649998046457767,0.003401000052690506,0.0041350000537931919,6225338
2020-05-25T00:00:00.000000Z,0.0041180001571774483,0.0042039998807013035,0.0031069999095052481,0.0035590000916272402,2891317
2020-05-26T00:00:00.000000Z,0.003527000080794096,0.0049479999579489231,0.0035200000274926424,0.0042679999023675919,4268535
2020-05-27T00:00:00.000000Z,0.0042679999023675919,0.0047129997983574867,0.0042099999263882637,0.0046190000139176846,3778771
2020-05-28T00:00:00.000000Z,0.0046179997734725475,0.0050490000285208225,0.0044419998303055763,0.004801000002771616,4506853
2020-05-29T00:00:00.000000Z,0.0048030000180006027,0.0049580000340938568,0.0046239998191595078,0.0047269999049603939,2513051
2020-05-30T00:00:00.000000Z,0.0047419997863471508,0.0050960001535713673,0.0043219998478889465,0.0047539998777210712,2122351
2020-05-31T00:00:00.000000Z,0.0047539998777210712,0.0048400000669062138,0.0040460000745952129,0.0040799998678267002,2547571
2020-06-01T00:00:00.000000Z,0.0041589997708797455,0.0045619998127222061,0.0039450000040233135,0.004424000158905983,3155035
2020-06-02T00:00:00.000000Z,0.0044280001893639565,0.0045960000716149807,0.0041869999840855598,0.0044450000859797001,3907786
2020-06-03T00:00:00.000000Z,0.0044450000859797001,0.0044450000859797001,0.0039429999887943268,0.004081999883055687,1762216
2020-06-04T00:00:00.000000Z,0.0040799998678267002,0.0041069998405873775,0.0034719998948276043,0.0035969999153167009,2314590
2020-06-05T00:00:00.000000Z,0.0035969999153167009,0.0036740000359714031,0.0033080000430345535,0.0035659999120980501,2104652
2020-06-06T00:00:00.000000Z,0.0035659999120980501,0.0036810000892728567,0.0034290000330656767,0.0035379999317228794,2093930
2020-06-07T00:00:00.000000Z,0.0035379999317228794,0.0040059997700154781,0.0034320000559091568,0.0038449999410659075,2998139
2020-06-08T00:00:00.000000Z,0.0038519999943673611,0.0044639999978244305,0.003831000067293644,0.004164000041782856,3138071
2020-06-09T00:00:00.000000Z,0.0041609997861087322,0.0043429997749626637,0.0039639999158680439,0.0041570002213120461,2739937
2020-06-10T00:00:00.000000Z,0.0042139999568462372,0.0043230000883340836,0.0039329999126493931,0.0039969999343156815,2880542
2020-06-11T00:00:00.000000Z,0.0039969999343156815,0.0040480000898241997,0.0037090000696480274,0.0037920000031590462,3839732
2020-06-12T00:00:00.000000Z,0.0037950000260025263,0.0039329999126493931,0.0036659999750554562,0.0038789999671280384,2207400
2020-06-13T00:00:00.000000Z,0.0038040000945329666,0.0039579998701810837,0.0036840001121163368,0.0038640000857412815,2200911
2020-06-14T00:00:00.000000Z,0.003734000027179718,0.0041789999231696129,0.0037299999967217445,0.0038650000933557749,2699609
2020-06-15T00:00:00.000000Z,0.0038650000933557749,0.003992999903857708,0.0036700000055134296,0.0036760000512003899,3822413
2020-06-16T00:00:00.000000Z,0.003785999957472086,0.0039739999920129776,0.0035719999577850103,0.0039450000040233135,1797170
2020-06-17T00:00:00.000000Z,0.003949000034481287,0.0040130000561475754,0.0037229999434202909,0.0039180000312626362,2097564
2020-06-18T00:00:00.000000Z,0.0039180000312626362,0.0039670001715421677,0.0036939999554306269,0.0039440002292394638,2077170
2020-06-19T00:00:00.000000Z,0.0038099999073892832,0.0040429998189210892,0.0036379999946802855,0.0037440001033246517,2133351
2020-06-20T00:00:00.000000Z,0.0037440001033246517,0.0038469999562948942,0.0035800000187009573,0.0037159998901188374,1930575
2020-06-21T00:00:00.000000Z,0.0037370000500231981,0.0038360001053661108,0.0036130000371485949,0.0037040000315755606,1679704
2020-06-22T00:00:00.000000Z,0.0036659999750554562,0.0040779998525977135,0.0035300001036375761,0.003777999896556139,2132178
2020-06-23T00:00:00.000000Z,0.0037930000107735395,0.0041140001267194748,0.0036639999598264694,0.0038340000901371241,1951995
2020-06-24T00:00:00.000000Z,0.0038219999987632036,0.0040400000289082527,0.0036279999185353518,0.0038280000444501638,1827864
2020-06-25T00:00:00.000000Z,0.0038010000716894865,0.0038850000128149986,0.0035639998968690634,0.0036410000175237656,1585623
2020-06-26T00:00:00.000000Z,0.0036460000555962324,0.0037259999662637711,0.0034459999296814203,0.0034580000210553408,1413010
2020-06-27T00:00:00.000000Z,0.0034519999753683805,0.0035870000720024109,0.003329999977722764,0.0033869999460875988,1280123
2020-06-28T00:00:00.000000Z,0.0033869999460875988,0.0034429999068379402,0.0032049999572336674,0.0033770001027733088,1379971
2020-06-29T00:00:00.000000Z,0.0033770001027733088,0.0034829999785870314,0.0032309999223798513,0.0033859999384731054,1437192
2020-06-30T00:00:00.000000Z,0.0034229999873787165,0.003501000115647912,0.0032250001095235348,0.0033150000963360071,1358643
2020-07-01T00:00:00.000000Z,0.0033599999733269215,0.0035910001024603844,0.0032909999135881662,0.0033430000767111778,1441289
2020-07-02T00:00:00.000000Z,0.0033179998863488436,0.0034650000743567944,0.003286000108346343,0.0033489998895674944,1455845
2020-07-03T00:00:00.000000Z,0.0033519999124109745,0.0033889999613165855,0.0032240001019090414,0.0032820000778883696,1274430
2020-07-04T00:00:00.000000Z,0.0032649999484419823,0.0033460000995546579,0.0031749999616295099,0.003249000059440732,1308063
2020-07-05T00:00:00.000000Z,0.0032430000137537718,0.0034920000471174717,0.0031920000910758972,0.0034910000395029783,1443300
2020-07-06T00:00:00.000000Z,0.0034910000395029783,0.0034940000623464584,0.003240999998524785,0.0033960000146180391,1407125
2020-07-07T00:00:00.000000Z,0.0033839999232441187,0.0034340000711381435,0.0031789999920874834,0.0032709999941289425,1097874
2020-07-08T00:00:00.000000Z,0.0032520000822842121,0.0034050000831484795,0.003203999949619174,0.0032389999832957983,1841691
2020-07-09T00:00:00.000000Z,0.0032399999909102917,0.0032899999059736729,0.0030710001010447741,0.0031840000301599503,1678388
2020-07-10T00:00:00.000000Z,0.0032049999572336674,0.0032430000137537718,0.0030730001162737608,0.0031610000878572464,1488369
2020-07-11T00:00:00.000000Z,0.0031729999464005232,0.0032879998907446861,0.0031179999932646751,0.003203999949619174,1358324
2020-07-12T00:00:00.000000Z,0.0031999999191612005,0.0032760000322014093,0.0030960000585764647,0.0031429999507963657,1755628
2020-07-13T00:00:00.000000Z,0.0031429999507963657,0.0032780000474303961,0.0030879999976605177,0.0031139999628067017,1965678
2020-07-14T00:00:00.000000Z,0.0031159999780356884,0.0035520000383257866,0.0030890000052750111,0.0035250000655651093,2392022
2020-07-15T00:00:00.000000Z,0.0035260000731796026,0.0036800000816583633,0.0034390001092106104,0.0036500000860542059,1940944
2020-07-16T00:00:00.000000Z,0.0036500000860542059,0.0037559999618679285,0.0035459999926388264,0.003708000062033534,1858838
2020-07-17T00:00:00.000000Z,0.0037050000391900539,0.0039300001226365566,0.003653000108897686,0.0037330000195652246,1507421
2020-07-18T00:00:00.000000Z,0.0037380000576376915,0.0044019999913871288,0.0036909999325871468,0.0043089999817311764,1912303
2020-07-19T00:00:00.000000Z,0.0042969998903572559,0.0048560001887381077,0.0042670001275837421,0.0046020001173019409,2349562
2020-07-20T00:00:00.000000Z,0.0046040001325309277,0.0049430001527070999,0.0044080000370740891,0.0045659998431801796,2108018
2020-07-21T00:00:00.000000Z,0.0045599997974932194,0.0049399998970329762,0.0045099998824298382,0.0048320000059902668,1729114
2020-07-22T00:00:00.000000Z,0.0048400000669062138,0.0050220000557601452,0.0046419999562203884,0.0049950000829994678,1692552
2020-07-23T00:00:00.000000Z,0.0049930000677704811,0.0051299999468028545,0.004846000112593174,0.0049600000493228436,1832698
2020-07-24T00:00:00.000000Z,0.0049600000493228436,0.0052800001576542854,0.0049279998056590557,0.0051070000045001507,1501850
2020-07-25T00:00:00.000000Z,0.0051119998097419739,0.0060789999552071095,0.0051029999740421772,0.0059059998020529747,1958295
2020-07-26T00:00:00.000000Z,0.0059250001795589924,0.0066660000011324883,0.0058320001699030399,0.0064409999176859856,2795568
2020-07-27T00:00:00.000000Z,0.0064229997806251049,0.0069209998473525047,0.0058760000392794609,0.0060580000281333923,2165241
2020-07-28T00:00:00.000000Z,0.0060589998029172421,0.0068199997767806053,0.0057959998957812786,0.0064389999024569988,1521897
2020-07-29T00:00:00.000000Z,0.006453000009059906,0.0068970001302659512,0.0062600001692771912,0.0065970001742243767,1537411
2020-07-30T00:00:00.000000Z,0.0066039999946951866,0.0071399998851120472,0.0064400001429021358,0.0070960000157356262,1632013
2020-07-31T00:00:00.000000Z,0.0070879999548196793,0.0070890001952648163,0.0061739999800920486,0.0063120000995695591,2868479
2020-08-01T00:00:00.000000Z,0.0063120000995695591,0.006876000203192234,0.0062400000169873238,0.0067659998312592506,2910467
2020-08-02T00:00:00.000000Z,0.0067650000564754009,0.0073620001785457134,0.0061909998767077923,0.006273999810218811,2406433
2020-08-03T00:00:00.000000Z,0.0062890001572668552,0.0065970001742243767,0.0059639997780323029,0.0060950000770390034,2469674
2020-08-04T00:00:00.000000Z,0.0060950000770390034,0.0064220000058412552,0.0059279999695718288,0.0060279997996985912,2498129
2020-08-05T00:00:00.000000Z,0.0060220002196729183,0.0062270001508295536,0.0058670002035796642,0.0061730002053081989,2488914
2020-08-06T00:00:00.000000Z,0.0061690001748502254,0.0063749998807907104,0.0059960000216960907,0.0061719999648630619,2187066
2020-08-07T00:00:00.000000Z,0.0061869998462498188,0.0063599999994039536,0.0059270001947879791,0.0060959998518228531,2141935
2020-08-08T00:00:00.000000Z,0.00608400022611022,0.0063299997709691525,0.0059400000609457493,0.006120000034570694,2160802
2020-08-09T00:00:00.000000Z,0.0061349999159574509,0.0064300000667572021,0.0057629998773336411,0.0059960000216960907,2139446
2020-08-10T00:00:00.000000Z,0.005985999945551157,0.0068399999290704727,0.0059199999086558819,0.0065390001982450485,2416775
2020-08-11T00:00:00.000000Z,0.0065390001982450485,0.0075659998692572117,0.0063620000146329403,0.0066200001165270805,2949242
2020-08-12T00:00:00.000000Z,0.0066109998151659966,0.011013000272214413,0.0062179998494684696,0.010955000296235085,5010378
2020-08-13T00:00:00.000000Z,0.010817999951541424,0.011234999634325504,0.0085190003737807274,0.0095349997282028198,4879554
2020-08-14T00:00:00.000000Z,0.0095170000568032265,0.0097669996321201324,0.0086740003898739815,0.0091920001432299614,4025175
2020-08-15T00:00:00.000000Z,0.0091949999332427979,0.0096789998933672905,0.0082959998399019241,0.0091749997809529305,3705184
2020-08-16T00:00:00.000000Z,0.0091650001704692841,0.0093240002170205116,0.0088360002264380455,0.0088849999010562897,2857104
2020-08-17T00:00:00.000000Z,0.0088849999010562897,0.0091650001704692841,0.0080490000545978546,0.0081390002742409706,2987313
2020-08-18T00:00:00.000000Z,0.0081270001828670502,0.0083649996668100357,0.0078220004215836525,0.0081000002101063728,4000013
2020-08-19T00:00:00.000000Z,0.0081000002101063728,0.0081759998574852943,0.0072920001111924648,0.0074559999629855156,3594808
2020-08-20T00:00:00.000000Z,0.0074559999629855156,0.0082109998911619186,0.0074490001425147057,0.0081660002470016479,3631945
2020-08-21T00:00:00.000000Z,0.0081550003960728645,0.0086009996011853218,0.0080749997869133949,0.0082179997116327286,2695237
2020-08-22T00:00:00.000000Z,0.0082099996507167816,0.0082189999520778656,0.0077450000680983067,0.0080709997564554214,3493801
2020-08-23T00:00:00.000000Z,0.0081129996106028557,0.0081970002502202988,0.0077050002291798592,0.0078210001811385155,3143748
2020-08-24T00:00:00.000000Z,0.0078309997916221619,0.0080350004136562347,0.0076979999430477619,0.0078659998252987862,2779803
2020-08-25T00:00:00.000000Z,0.0078809997066855431,0.0081630004569888115,0.0075079998932778835,0.0078469999134540558,2737426
2020-08-26T00:00:00.000000Z,0.0078419996425509453,0.0079169999808073044,0.0075019998475909233,0.0076729999855160713,2108436
2020-08-27T00:00:00.000000Z,0.0076740002259612083,0.0079079996794462204,0.0069260001182556152,0.0073290001600980759,1813047
2020-08-28T00:00:00.000000Z,0.0073440000414848328,0.007691000122576952,0.007261000107973814,0.0075229997746646404,2701680
2020-08-29T00:00:00.000000Z,0.0074889999814331532,0.0077060000039637089,0.0073739998042583466,0.007594000082463026,2472448
2020-08-30T00:00:00.000000Z,0.0075909998267889023,0.0076199998147785664,0.0070969997905194759,0.0073580001480877399,2098321
2020-08-31T00:00:00.000000Z,0.007296999916434288,0.0074359998106956482,0.0069229998625814915,0.007052999921143055,3901372
2020-09-01T00:00:00.000000Z,0.0070489998906850815,0.0073090000078082085,0.0066030002199113369,0.0068729999475181103,4899086
2020-09-02T00:00:00.000000Z,0.0068270000629127026,0.0070919999852776527,0.0063129998743534088,0.006585999857634306,4798484
2020-09-03T00:00:00.000000Z,0.0065839998424053192,0.007089999970048666,0.0057299998588860035,0.005772000178694725,3143899
2020-09-04T00:00:00.000000Z,0.0057780002243816853,0.006291000172495842,0.005652999971061945,0.0059890002012252808,4237956
2020-09-05T00:00:00.000000Z,0.0061150002293288708,0.0062489998526871204,0.0053190002217888832,0.0055539999157190323,4500549
2020-09-06T00:00:00.000000Z,0.0055539999157190323,0.0063840001821517944,0.0053739999420940876,0.0062719997949898243,3658209
2020-09-07T00:00:00.000000Z,0.0062719997949898243,0.006535000167787075,0.0058720000088214874,0.006246000062674284,4157469
2020-09-08T00:00:00.000000Z,0.0062400000169873238,0.0064849997870624065,0.0061070001684129238,0.0062580001540482044,4557279
2020-09-09T00:00:00.000000Z,0.0062370002269744873,0.006318999920040369,0.0059159998781979084,0.0059799998998641968,4691740
2020-09-10T00:00:00.000000Z,0.0060609998181462288,0.006372000090777874,0.0059099998325109482,0.0060970000922679901,5958789
2020-09-11T00:00:00.000000Z,0.0061530000530183315,0.0061909998767077923,0.0056400001049041748,0.0059670000337064266,5120980
2020-09-12T00:00:00.000000Z,0.0059719998389482498,0.0061249998398125172,0.0053829997777938843,0.006022999994456768,4509483
2020-09-13T00:00:00.000000Z,0.0060270000249147415,0.0061460002325475216,0.005518999882042408,0.005646000150591135,4512193
2020-09-14T00:00:00.000000Z,0.0056289997883141041,0.0059320000000298023,0.0054560001008212566,0.0057489997707307339,4413189
2020-09-15T00:00:00.000000Z,0.005743000190705061,0.0063120000995695591,0.0056859999895095825,0.0058229998685419559,5343503
2020-09-16T00:00:00.000000Z,0.0058180000633001328,0.0063169999048113823,0.0055049997754395008,0.005727000068873167,5097926
2020-09-17T00:00:00.000000Z,0.00572599982842803,0.0060740001499652863,0.0056579997763037682,0.0057669999077916145,4563872
2020-09-18T00:00:00.000000Z,0.0057669999077916145,0.0060029998421669006,0.0056779999285936356,0.0057629998773336411,4071581
2020-09-19T00:00:00.000000Z,0.0057479999959468842,0.0058419997803866863,0.0053110001608729362,0.0054959999397397041,4004875
2020-09-20T00:00:00.000000Z,0.0055140000768005848,0.0057439999654889107,0.0053440001793205738,0.0054839998483657837,3474898
2020-09-21T00:00:00.000000Z,0.0054810000583529472,0.0056250002235174179,0.0047980002127587795,0.005135000217705965,3927779
2020-09-22T00:00:00.000000Z,0.005140999797731638,0.0053619998507201672,0.004844999872148037,0.0051899999380111694,3905001
2020-09-23T00:00:00.000000Z,0.0052260002121329308,0.0052590002305805683,0.004658999852836132,0.004844999872148037,3726332
2020-09-24T00:00:00.000000Z,0.0049279998056590557,0.0049589998088777065,0.0041279997676610947,0.0047260001301765442,3200770
2020-09-25T00:00:00.000000Z,0.0048119998537003994,0.0052120001055300236,0.0046430001966655254,0.0048270002007484436,4381499
2020-09-26T00:00:00.000000Z,0.0048270002007484436,0.0053300000727176666,0.0044740000739693642,0.005007999949157238,3673704
2020-09-27T00:00:00.000000Z,0.0049990001134574413,0.0053670001216232777,0.0048600002191960812,0.0052209999412298203,3043755
2020-09-28T00:00:00.000000Z,0.0051130000501871109,0.0052160001359879971,0.0048299999907612801,0.0050699999555945396,3938080
2020-09-29T00:00:00.000000Z,0.0050670001655817032,0.00508899986743927,0.0046740001998841763,0.0048139998689293861,3175897
2020-09-30T00:00:00.000000Z,0.0048059998080134392,0.0054489998146891594,0.0046540000475943089,0.0053229997865855694,4160245
2020-10-01T00:00:00.000000Z,0.0051589999347925186,0.0052809999324381351,0.0048560001887381077,0.0050139999948441982,5710548
2020-10-02T00:00:00.000000Z,0.0050139999948441982,0.0053889998234808445,0.0046370001509785652,0.004792999941855669,2483231
2020-10-03T00:00:00.000000Z,0.004792999941855669,0.0052359998226165771,0.0046500000171363354,0.0046509997919201851,4652361
2020-10-04T00:00:00.000000Z,0.0046509997919201851,0.0050989999435842037,0.0046509997919201851,0.00508899986743927,2824680
2020-10-05T00:00:00.000000Z,0.00508899986743927,0.005090000107884407,0.0047459998168051243,0.004954999778419733,4314495
2020-10-06T00:00:00.000000Z,0.0049540000036358833,0.0049540000036358833,0.0042770002037286758,0.0046560000628232956,4322780
2020-10-07T00:00:00.000000Z,0.0046560000628232956,0.0048079998232424259,0.0041519999504089355,0.0043759997934103012,4113154
2020-10-08T00:00:00.000000Z,0.0044329999946057796,0.0046179997734725475,0.0042770002037286758,0.004459999967366457,4309952
2020-10-09T00:00:00.000000Z,0.0044579999521374702,0.0047289999201893806,0.0042940001003444195,0.0047289999201893806,3834228
2020-10-10T00:00:00.000000Z,0.0047289999201893806,0.0048340000212192535,0.0039530000649392605,0.0044109998270869255,3707477
2020-10-11T00:00:00.000000Z,0.0044450000859797001,0.0047160000540316105,0.004118999931961298,0.0045179999433457851,3339819
2020-10-12T00:00:00.000000Z,0.0045269997790455818,0.0046970001421868801,0.0044040000066161156,0.004540999885648489,2586547
2020-10-13T00:00:00.000000Z,0.0045320000499486923,0.0047070002183318138,0.0044940002262592316,0.0045889997854828835,3969489
2020-10-14T00:00:00.000000Z,0.0046049999073147774,0.0046990001574158669,0.0044539999216794968,0.0045170001685619354,4411352
2020-10-15T00:00:00.000000Z,0.0045010000467300415,0.0047050002031028271,0.0044399998150765896,0.0045170001685619354,4556470
2020-10-16T00:00:00.000000Z,0.0045030000619590282,0.0046939998865127563,0.0044129998423159122,0.0044740000739693642,4997107
2020-10-17T00:00:00.000000Z,0.0045150001533329487,0.0047670002095401287,0.0043529998511075974,0.0044189998880028725,4213203
2020-10-18T00:00:00.000000Z,0.0044450000859797001,0.0048199999146163464,0.0043319999240338802,0.0044129998423159122,4241705
2020-10-19T00:00:00.000000Z,0.0044220001436769962,0.0046999999321997166,0.004379000049084425,0.0044269999489188194,3641697
2020-10-20T00:00:00.000000Z,0.0044269999489188194,0.0057009998708963394,0.0044260001741349697,0.0057009998708963394,3116710
2020-10-21T00:00:00.000000Z,0.0056880000047385693,0.0065729999914765358,0.005185999907553196,0.0056429998949170113,3661743
2020-10-22T00:00:00.000000Z,0.0056440001353621483,0.0061499997973442078,0.0050039999186992645,0.0054109999909996986,1034665
2020-10-23T00:00:00.000000Z,0.0054100002162158489,0.0063439998775720596,0.0052009997889399529,0.0054080002009868622,894990
2020-10-24T00:00:00.000000Z,0.0054080002009868622,0.0069809998385608196,0.0051049999892711639,0.0068350001238286495,2074442
2020-10-25T00:00:00.000000Z,0.0068350001238286495,0.0074499999172985554,0.0064759999513626099,0.0073319999501109123,1403242
2020-10-26T00:00:00.000000Z,0.0073330001905560493,0.0085580004379153252,0.0071820002049207687,0.0073469998314976692,2936815
2020-10-27T00:00:00.000000Z,0.0073469998314976692,0.007422999944537878,0.0061659999191761017,0.0064699999056756496,1674477
2020-10-28T00:00:00.000000Z,0.0064699999056756496,0.0067759999074041843,0.0058490000665187836,0.0060200002044439316,1452240
2020-10-29T00:00:00.000000Z,0.0060200002044439316,0.0066109998151659966,0.0059259999543428421,0.0065139997750520706,2390630
2020-10-30T00:00:00.000000Z,0.0065139997750520706,0.0065890001133084297,0.0060270000249147415,0.006281999871134758,1822568
2020-10-31T00:00:00.000000Z,0.006281999871134758,0.0063939997926354408,0.0060609998181462288,0.0061599998734891415,2199799
2020-11-01T00:00:00.000000Z,0.0061599998734891415,0.006498000118881464,0.0058189998380839825,0.0064929998479783535,1668332
2020-11-02T00:00:00.000000Z,0.0064929998479783535,0.0065609999001026154,0.0057910000905394554,0.0059250001795589924,3104404
2020-11-03T00:00:00.000000Z,0.0059250001795589924,0.0061340001411736012,0.0057439999654889107,0.0059460001066327095,1396690
2020-11-04T00:00:00.000000Z,0.0059460001066327095,0.0061920001171529293,0.0058590001426637173,0.0058659999631345272,1243789
2020-11-05T00:00:00.000000Z,0.0058659999631345272,0.0062069999985396862,0.0057839998044073582,0.0058220000937581062,1268855
2020-11-06T00:00:00.000000Z,0.0058229998685419559,0.0060220002196729183,0.0053380001336336136,0.0056739998981356621,1529798
2020-11-07T00:00:00.000000Z,0.0056739998981356621,0.0058650001883506775,0.0053019998595118523,0.0056259999983012676,1715418
2020-11-08T00:00:00.000000Z,0.0056259999983012676,0.0059349997900426388,0.0055240001529455185,0.0058439997956156731,1280723
2020-11-09T00:00:00.000000Z,0.0058439997956156731,0.0059110000729560852,0.005431000143289566,0.0058019999414682388,1879773
2020-11-10T00:00:00.000000Z,0.0058019999414682388,0.0058430000208318233,0.0053639998659491539,0.0055829999037086964,2030747
2020-11-11T00:00:00.000000Z,0.0055829999037086964,0.0057970001362264156,0.0054620001465082169,0.0055240001529455185,1332753
2020-11-12T00:00:00.000000Z,0.0055240001529455185,0.0055370000191032887,0.0053280000574886799,0.0054170000366866589,1256397
2020-11-13T00:00:00.000000Z,0.0054179998114705086,0.0055800001136958599,0.004970999900251627,0.0052889999933540821,1650513
2020-11-14T00:00:00.000000Z,0.0052889999933540821,0.0057179997675120831,0.005090000107884407,0.0057149999774992466,1223869
2020-11-15T00:00:00.000000Z,0.0057149999774992466,0.0078959995880723,0.0055329999886453152,0.0075240000151097775,2821753
2020-11-16T00:00:00.000000Z,0.0075240000151097775,0.0079190004616975784,0.0070989998057484627,0.0077780000865459442,1469634
2020-11-17T00:00:00.000000Z,0.0077829998917877674,0.0084469998255372047,0.0075340000912547112,0.0082360003143548965,2019122
2020-11-18T00:00:00.000000Z,0.0082329995930194855,0.0084760002791881561,0.0078689996153116226,0.0081390002742409706,1340055
2020-11-19T00:00:00.000000Z,0.0081420000642538071,0.0083640003576874733,0.007548999972641468,0.0080610001459717751,2169213
2020-11-20T00:00:00.000000Z,0.008059999905526638,0.0085239997133612633,0.0079610003158450127,0.0083379996940493584,1797828
2020-11-21T00:00:00.000000Z,0.008337000384926796,0.0090990001335740089,0.0082170004025101662,0.0087200002744793892,1979341
2020-11-22T00:00:00.000000Z,0.0087200002744793892,0.0091310003772377968,0.0073429998010396957,0.0081359995529055595,2286390
2020-11-23T00:00:00.000000Z,0.0081359995529055595,0.0084659997373819351,0.0074410000815987587,0.0081289997324347496,2005210
2020-11-24T00:00:00.000000Z,0.0081289997324347496,0.0081970002502202988,0.0075759999454021454,0.0077630002051591873,1075240
2020-11-25T00:00:00.000000Z,0.0077630002051591873,0.0081829996779561043,0.0076250000856816769,0.008066999725997448,1107639
2020-11-26T00:00:00.000000Z,0.008066999725997448,0.008317999541759491,0.0071870000101625919,0.0076439999975264072,2451049
2020-11-27T00:00:00.000000Z,0.007644999772310257,0.008480999618768692,0.007555999793112278,0.0083320001140236855,591199
2020-11-28T00:00:00.000000Z,0.0083320001140236855,0.008750000037252903,0.0081519996747374535,0.0083630001172423363,1772511
2020-11-29T00:00:00.000000Z,0.0083630001172423363,0.0087099997326731682,0.0080779995769262314,0.0086030000820755959,968428
2020-11-30T00:00:00.000000Z,0.0086030000820755959,0.0094429999589920044,0.0085669998079538345,0.0092099998146295547,2132126
2020-12-01T00:00:00.000000Z,0.0092099998146295547,0.00941499974578619,0.0082940002903342247,0.0085969995707273483,1692078
2020-12-02T00:00:00.000000Z,0.0085969995707273483,0.0087639996781945229,0.0081979995593428612,0.0084269996732473373,1576896
2020-12-03T00:00:00.000000Z,0.0084279999136924744,0.0085249999538064003,0.0062239998951554298,0.0080939996987581253,1049555
2020-12-04T00:00:00.000000Z,0.0081010004505515099,0.0083400001749396324,0.0067870002239942551,0.0074459998868405819,787455
2020-12-05T00:00:00.000000Z,0.0074450001120567322,0.007780000101774931,0.0065509998239576817,0.0073270001448690891,848755
2020-12-06T00:00:00.000000Z,0.0073310001753270626,0.0077120000496506691,0.0069340001791715622,0.0070589999668300152,343381
2020-12-07T00:00:00.000000Z,0.0070639997720718384,0.0074220001697540283,0.006533999927341938,0.0071319998241961002,898545
2020-12-08T00:00:00.000000Z,0.0071319998241961002,0.0071319998241961002,0.006461000069975853,0.0067759999074041843,963124
2020-12-09T00:00:00.000000Z,0.0067770001478493214,0.0070569999516010284,0.0063310000114142895,0.0067759999074041843,850843
2020-12-10T00:00:00.000000Z,0.0067759999074041843,0.0069129997864365578,0.0063840001821517944,0.0065310001373291016,488673
2020-12-11T00:00:00.000000Z,0.0065310001373291016,0.0065629999153316021,0.0054720002226531506,0.0058369999751448631,941348
2020-12-12T00:00:00.000000Z,0.0058329999446868896,0.0066349999979138374,0.0053659998811781406,0.0064550000242888927,1214082
2020-12-13T00:00:00.000000Z,0.0064389999024569988,0.0067360000684857368,0.0060419999063014984,0.0066399998031556606,1130313
2020-12-14T00:00:00.000000Z,0.0066399998031556606,0.0067019998095929623,0.0063249999657273293,0.0065890001133084297,994410
2020-12-15T00:00:00.000000Z,0.0065890001133084297,0.0068109999410808086,0.006417000200599432,0.006535000167787075,665475
2020-12-16T00:00:00.000000Z,0.006535000167787075,0.0067759999074041843,0.0060450001619756222,0.0066459998488426208,978812
2020-12-17T00:00:00.000000Z,0.0066459998488426208,0.0068350001238286495,0.0062660002149641514,0.0064779999665915966,380079
2020-12-18T00:00:00.000000Z,0.006490000057965517,0.0069140000268816948,0.0060580000281333923,0.0067610000260174274,818764
2020-12-19T00:00:00.000000Z,0.0067610000260174274,0.0068430001847445965,0.0061209998093545437,0.0062350002117455006,661536
2020-12-20T00:00:00.000000Z,0.0062339999713003635,0.0066689997911453247,0.0061139999888837337,0.0061630001291632652,778097
2020-12-21T00:00:00.000000Z,0.0061630001291632652,0.0067010000348091125,0.0054480000399053097,0.005932999774813652,1036704
2020-12-22T00:00:00.000000Z,0.005932999774813652,0.0062270001508295536,0.0052970000542700291,0.0057769999839365482,848952
2020-12-23T00:00:00.000000Z,0.0057890000753104687,0.0058209998533129692,0.0048279999755322933,0.0050349999219179153,817798
2020-12-24T00:00:00.000000Z,0.0050329999066889286,0.0052269999869167805,0.0043970001861453056,0.0049109999090433121,626776
2020-12-25T00:00:00.000000Z,0.0049120001494884491,0.0054190000519156456,0.0048719998449087143,0.0052109998650848866,1220815
2020-12-26T00:00:00.000000Z,0.0052109998650848866,0.0052709998562932014,0.0049020000733435154,0.0050289998762309551,785361
2020-12-27T00:00:00.000000Z,0.0050260000862181187,0.0054100002162158489,0.0045139999128878117,0.0053590000607073307,1319163
2020-12-28T00:00:00.000000Z,0.0053579998202621937,0.006194000132381916,0.0051640002056956291,0.0060009998269379139,704315
2020-12-29T00:00:00.000000Z,0.0060009998269379139,0.0060279997996985912,0.0048529999330639839,0.0054279998876154423,1439762
2020-12-30T00:00:00.000000Z,0.0054279998876154423,0.0056520001962780952,0.0047820000909268856,0.004964000079780817,901910
2020-12-31T00:00:00.000000Z,0.0049700001254677773,0.0054890001192688942,0.0048039997927844524,0.0049749999307096004,769631
2021-01-01T00:00:00.000000Z,0.0049729999154806137,0.0056099998764693737,0.0046259998343884945,0.0049040000885725021,964229
2021-01-02T00:00:00.000000Z,0.0048969998024404049,0.0051489998586475849,0.0045850002206861973,0.004757000133395195,911786
2021-01-03T00:00:00.000000Z,0.004757000133395195,0.0052000000141561031,0.0046729999594390392,0.0051719998009502888,1735080
2021-01-04T00:00:00.000000Z,0.005179000087082386,0.0055610002018511295,0.0048059998080134392,0.0054150000214576721,1711901
2021-01-05T00:00:00.000000Z,0.0054159997962415218,0.0055260001681745052,0.0048079998232424259,0.0050320001319050789,1088065
2021-01-06T00:00:00.000000Z,0.0050300001166760921,0.0074379998259246349,0.0048879999667406082,0.007340999785810709,2963016
2021-01-07T00:00:00.000000Z,0.0073359999805688858,0.0076239998452365398,0.0068700001575052738,0.0074330000206828117,2892230
2021-01-08T00:00:00.000000Z,0.0074319997802376747,0.0076919998973608017,0.0069479998201131821,0.0072019998915493488,1587852
2021-01-09T00:00:00.000000Z,0.0072010001167654991,0.0081919999793171883,0.0070179998874664307,0.0073970002122223377,2415339
2021-01-10T00:00:00.000000Z,0.0073970002122223377,0.007513000164180994,0.0064289998263120651,0.006622999906539917,1204024
2021-01-11T00:00:00.000000Z,0.006622999906539917,0.0069869998842477798,0.0052000000141561031,0.0059170001186430454,1750162
2021-01-12T00:00:00.000000Z,0.0059239999391138554,0.0066439998336136341,0.0057190000079572201,0.0059639997780323029,2062584
2021-01-13T00:00:00.000000Z,0.0059670000337064266,0.006461000069975853,0.0055120000615715981,0.006461000069975853,1556826
2021-01-14T00:00:00.000000Z,0.0064619998447597027,0.006624000146985054,0.0053469999693334103,0.0061849998310208321,1703285
2021-01-15T00:00:00.000000Z,0.0061840000562369823,0.0064340000972151756,0.0053159999661147594,0.0056859999895095825,1266723
2021-01-16T00:00:00.000000Z,0.0056850002147257328,0.0063100000843405724,0.0055660000070929527,0.0059299999848008156,1384495
2021-01-17T00:00:00.000000Z,0.0059259999543428421,0.006380000151693821,0.005681999959051609,0.0059589999727904797,1031092
2021-01-18T00:00:00.000000Z,0.0059719998389482498,0.0073680002242326736,0.0058380002155900002,0.0070159998722374439,1569933
2021-01-19T00:00:00.000000Z,0.0070150000974535942,0.0072329998947679996,0.0063319997861981392,0.0068709999322891235,1633273
2021-01-20T00:00:00.000000Z,0.006874999962747097,0.0071169999428093433,0.0053739999420940876,0.0066289999522268772,1512698
2021-01-21T00:00:00.000000Z,0.0066260001622140408,0.0066260001622140408,0.0054970001801848412,0.0058800000697374344,1422171
2021-01-22T00:00:00.000000Z,0.0058809998445212841,0.0068080001510679722,0.0056719998829066753,0.0063880002126097679,1361414
2021-01-23T00:00:00.000000Z,0.0063889999873936176,0.0068649998866021633,0.0056440001353621483,0.0061150002293288708,985309
2021-01-24T00:00:00.000000Z,0.0061169997788965702,0.0070719998329877853,0.0058639999479055405,0.0070580001920461655,1325188
2021-01-25T00:00:00.000000Z,0.0070569999516010284,0.0071479999460279942,0.0059139998629689217,0.0060809999704360962,1471234
2021-01-26T00:00:00.000000Z,0.0060809999704360962,0.0066849999129772186,0.0057899998500943184,0.0064139999449253082,1585907
2021-01-27T00:00:00.000000Z,0.0064220000058412552,0.0068509997799992561,0.0054109999909996986,0.0061889998614788055,1418533
2021-01-28T00:00:00.000000Z,0.0061889998614788055,0.006802000105381012,0.0057330001145601273,0.0063049998134374619,1626281
2021-01-29T00:00:00.000000Z,0.0065020001493394375,0.0067079998552799225,0.0058869998902082443,0.0060490001924335957,1742339
2021-01-30T00:00:00.000000Z,0.0060499999672174454,0.0063330000266432762,0.0056699998676776886,0.0061829998157918453,1720269
2021-01-31T00:00:00.000000Z,0.0061789997853338718,0.0063789999112486839,0.0055789998732507229,0.006238000001758337,1115718
2021-02-01T00:00:00.000000Z,0.0062350002117455006,0.0075170001946389675,0.0059270001947879791,0.0072800000198185444,1966210
2021-02-02T00:00:00.000000Z,0.0072809997946023941,0.0079939998686313629,0.0068129999563097954,0.0078739998862147331,2307060
2021-02-03T00:00:00.000000Z,0.0078720003366470337,0.0083039999008178711,0.0072420001961290836,0.0082339998334646225,2028648
2021-02-04T00:00:00.000000Z,0.0082280002534389496,0.0096429996192455292,0.0079469997435808182,0.0093710003420710564,2164060
2021-02-05T00:00:00.000000Z,0.0093710003420710564,0.010042999871075153,0.0090060001239180565,0.0098259998485445976,1503052
2021-02-06T00:00:00.000000Z,0.0098249996080994606,0.010297000408172607,0.0094729997217655182,0.0099309999495744705,1827108
2021-02-07T00:00:00.000000Z,0.0099299997091293335,0.010236999951303005,0.0087289996445178986,0.0092369997873902321,2975832
2021-02-08T00:00:00.000000Z,0.0092190001159906387,0.0096370000392198563,0.0077909999527037144,0.0089769996702671051,3362125
2021-02-09T00:00:00.000000Z,0.0089830001816153526,0.0097850002348423004,0.0087630003690719604,0.0093590002506971359,1866304
2021-02-10T00:00:00.000000Z,0.0093599995598196983,0.0099729998037219048,0.008248000405728817,0.009073999710381031,2142041
2021-02-11T00:00:00.000000Z,0.009073999710381031,0.0097960000857710838,0.008922000415623188,0.0094760004431009293,2165610
2021-02-12T00:00:00.000000Z,0.0094950003549456596,0.0099459998309612274,0.0091159995645284653,0.0097890002653002739,2250233
2021-02-13T00:00:00.000000Z,0.0097890002653002739,0.010990999639034271,0.0091329999268054962,0.010990999639034271,3373302
2021-02-14T00:00:00.000000Z,0.010991999879479408,0.016069000586867332,0.010576999746263027,0.014921000227332115,3096459
2021-02-15T00:00:00.000000Z,0.014926999807357788,0.019144000485539436,0.014078999869525433,0.01853800006210804,6032071
2021-02-16T00:00:00.000000Z,0.018566999584436417,0.03057200089097023,0.018132999539375305,0.025443000718951225,18361717
2021-02-17T00:00:00.000000Z,0.025273000821471214,0.027811000123620033,0.022543000057339668,0.024461999535560608,8419279
2021-02-18T00:00:00.000000Z,0.024454999715089798,0.030544999986886978,0.024447999894618988,0.028761999681591988,6184414
2021-02-19T00:00:00.000000Z,0.028777999803423882,0.029293999075889587,0.023641999810934067,0.023987000808119774,6325704
2021-02-20T00:00:00.000000Z,0.023972000926733017,0.026754999533295631,0.023306999355554581,0.023767000064253807,5484203
2021-02-21T00:00:00.000000Z,0.023762000724673271,0.027266999706625938,0.023008000105619431,0.027070999145507812,3084409
2021-02-22T00:00:00.000000Z,0.027188999578356743,0.027605000883340836,0.022794000804424286,0.025135999545454979,6172764
2021-02-23T00:00:00.000000Z,0.025131000205874443,0.026689000427722931,0.019399000331759453,0.022184999659657478,3648136
2021-02-24T00:00:00.000000Z,0.022234000265598297,0.024284999817609787,0.021271999925374985,0.022086000069975853,3027127
2021-02-25T00:00:00.000000Z,0.02208700031042099,0.025022000074386597,0.021772999316453934,0.024699000641703606,3378097
2021-02-26T00:00:00.000000Z,0.024686999619007111,0.028615999966859818,0.023535000160336494,0.027484999969601631,2990610
2021-02-27T00:00:00.000000Z,0.028189999982714653,0.030517999082803726,0.027478000149130821,0.030425999313592911,5779868
2021-02-28T00:00:00.000000Z,0.030412999913096428,0.033218000084161758,0.02827800065279007,0.031422000378370285,2855189
2021-03-01T00:00:00.000000Z,0.031422000378370285,0.041423000395298004,0.031060999259352684,0.041374001652002335,15634949
2021-03-02T00:00:00.000000Z,0.041414998471736908,0.047446999698877335,0.035422999411821365,0.040396999567747116,20371465
2021-03-03T00:00:00.000000Z,0.040380001068115234,0.042286999523639679,0.035585999488830566,0.036554999649524689,9073875
2021-03-04T00:00:00.000000Z,0.036554999649524689,0.03837599977850914,0.031768999993801117,0.035222001373767853,9660375
2021-03-05T00:00:00.000000Z,0.035215999931097031,0.036138001829385757,0.032565999776124954,0.035957999527454376,3823442
2021-03-06T00:00:00.000000Z,0.035959001630544662,0.037661999464035034,0.034968998283147812,0.035675998777151108,2924432
2021-03-07T00:00:00.000000Z,0.035675998777151108,0.038589999079704285,0.035300001502037048,0.037824999541044235,4798933
2021-03-08T00:00:00.000000Z,0.037820998579263687,0.03834100067615509,0.034164000302553177,0.036439001560211182,4388745
2021-03-09T00:00:00.000000Z,0.036437999457120895,0.037207998335361481,0.034099999815225601,0.034515000879764557,3189563
2021-03-10T00:00:00.000000Z,0.034517999738454819,0.036540001630783081,0.033541999757289886,0.036093998700380325,4270971
2021-03-11T00:00:00.000000Z,0.036086000502109528,0.03699599951505661,0.033179998397827148,0.036003001034259796,2297509
2021-03-12T00:00:00.000000Z,0.036045998334884644,0.037886999547481537,0.035870999097824097,0.037886999547481537,4415150
2021-03-13T00:00:00.000000Z,0.037827998399734497,0.040146999061107635,0.037128999829292297,0.038766998797655106,4750778
2021-03-14T00:00:00.000000Z,0.03874799981713295,0.039193999022245407,0.035162001848220825,0.035677000880241394,4003973
2021-03-15T00:00:00.000000Z,0.035666998475790024,0.038825999945402145,0.033844001591205597,0.037565998733043671,2332833
2021-03-16T00:00:00.000000Z,0.037535000592470169,0.038947999477386475,0.036056999117136002,0.037523999810218811,4824863
2021-03-17T00:00:00.000000Z,0.037532001733779907,0.038805000483989716,0.034878998994827271,0.036651000380516052,3558100
2021-03-18T00:00:00.000000Z,0.03666599839925766,0.037137001752853394,0.034628000110387802,0.03533799946308136,2371459
2021-03-19T00:00:00.000000Z,0.035324998199939728,0.035861000418663025,0.033792998641729355,0.035624999552965164,2784991
2021-03-20T00:00:00.000000Z,0.03562299907207489,0.036081001162528992,0.031812999397516251,0.032662998884916306,4716499
2021-03-21T00:00:00.000000Z,0.032655999064445496,0.033636998385190964,0.029841000214219093,0.030019000172615051,3828797
2021-03-22T00:00:00.000000Z,0.030020000413060188,0.032503001391887665,0.028642000630497932,0.029185999184846878,3939780
2021-03-23T00:00:00.000000Z,0.029186999425292015,0.032919000834226608,0.027742000296711922,0.032533999532461166,3492874
2021-03-24T00:00:00.000000Z,0.032528001815080643,0.035075001418590546,0.030894000083208084,0.030962999910116196,5461922
2021-03-25T00:00:00.000000Z,0.03097200021147728,0.032055001705884933,0.029534999281167984,0.03076699934899807,2810338
2021-03-26T00:00:00.000000Z,0.030765000730752945,0.032455001026391983,0.030229000374674797,0.032359998673200607,2626102
2021-03-27T00:00:00.000000Z,0.032365001738071442,0.03266499936580658,0.031152000650763512,0.03190699964761734,2095453
2021-03-28T00:00:00.000000Z,0.031906001269817352,0.033006001263856888,0.031789999455213547,0.032930001616477966,2225727
2021-03-29T00:00:00.000000Z,0.032926000654697418,0.033372998237609863,0.031838998198509216,0.032604999840259552,2416752
2021-03-30T00:00:00.000000Z,0.032604999840259552,0.039354998618364334,0.032508000731468201,0.039128001779317856,7493191
2021-03-31T00:00:00.000000Z,0.039129000157117844,0.040072001516819,0.036398999392986298,0.038260001689195633,7310446
2021-04-01T00:00:00.000000Z,0.038256000727415085,0.046045999974012375,0.038219999521970749,0.045416001230478287,9728697
2021-04-02T00:00:00.000000Z,0.045396000146865845,0.048962000757455826,0.045014999806880951,0.048386000096797943,8464787
2021-04-03T00:00:00.000000Z,0.048369001597166061,0.048882000148296356,0.045795001089572906,0.047589000314474106,4955176
2021-04-04T00:00:00.000000Z,0.047582998871803284,0.051860000938177109,0.046551000326871872,0.051693998277187347,6316864
2021-04-05T00:00:00.000000Z,0.051699001342058182,0.053181998431682587,0.050149999558925629,0.053073998540639877,6910494
2021-04-06T00:00:00.000000Z,0.053137999027967453,0.054852999746799469,0.049522999674081802,0.054267998784780502,7913930
2021-04-07T00:00:00.000000Z,0.054219000041484833,0.058432001620531082,0.05265200138092041,0.055948000401258469,9789728
2021-04-08T00:00:00.000000Z,0.055987998843193054,0.064424999058246613,0.055201999843120575,0.063789002597332001,12218344
2021-04-09T00:00:00.000000Z,0.063780002295970917,0.074049003422260284,0.063780002295970917,0.073455996811389923,18740267
2021-04-10T00:00:00.000000Z,0.073495000600814819,0.076347999274730682,0.069614998996257782,0.074198000133037567,14956295
2021-04-11T00:00:00.000000Z,0.074198000133037567,0.076035000383853912,0.06897299736738205,0.0707240030169487,8141301
2021-04-12T00:00:00.000000Z,0.070747002959251404,0.071906000375747681,0.065333999693393707,0.065907001495361328,7326317
2021-04-13T00:00:00.000000Z,0.065880000591278076,0.086930997669696808,0.064452998340129852,0.084953002631664276,13903659
2021-04-14T00:00:00.000000Z,0.084900997579097748,0.11162099987268448,0.084900997579097748,0.10922099649906158,21969170
2021-04-15T00:00:00.000000Z,0.10919199883937836,0.14478699862957001,0.10919199883937836,0.13156099617481232,37376744
2021-04-16T00:00:00.000000Z,0.13152499496936798,0.13321000337600708,0.11121600121259689,0.12072200328111649,18250330
2021-04-17T00:00:00.000000Z,0.12053900212049484,0.12725600600242615,0.1116970032453537,0.1124190017580986,12412070
2021-04-18T00:00:00.000000Z,0.11247099936008453,0.11348599940538406,0.092014998197555542,0.10765399783849716,25108578
2021-04-19T00:00:00.000000Z,0.10769999772310257,0.1122329980134964,0.094485998153686523,0.097810998558998108,11342322
2021-04-20T00:00:00.000000Z,0.097701996564865112,0.10091300308704376,0.090883001685142517,0.10082100331783295,10585833
2021-04-21T00:00:00.000000Z,0.10086199641227722,0.10538800060749054,0.089930996298789978,0.091595999896526337,9331712
2021-04-22T00:00:00.000000Z,0.091611996293067932,0.095076002180576324,0.076835997402667999,0.078106999397277832,9722953
2021-04-23T00:00:00.000000Z,0.078082002699375153,0.081385001540184021,0.062065999954938889,0.080771997570991516,14645680
2021-04-24T00:00:00.000000Z,0.080775998532772064,0.085280001163482666,0.074427001178264618,0.081891000270843506,8318956
2021-04-25T00:00:00.000000Z,0.081871002912521362,0.086172997951507568,0.078693002462387085,0.081095002591609955,6658384
2021-04-26T00:00:00.000000Z,0.081072002649307251,0.095026999711990356,0.080202996730804443,0.095026999711990356,10302709
2021-04-27T00:00:00.000000Z,0.095013000071048737,0.097932003438472748,0.089998997747898102,0.091224998235702515,9213937
2021-04-28T00:00:00.000000Z,0.091228999197483063,0.093344002962112427,0.08800700306892395,0.091332003474235535,7773697
2021-04-29T00:00:00.000000Z,0.09134799987077713,0.093199998140335083,0.085952997207641602,0.086254999041557312,7116423
2021-04-30T00:00:00.000000Z,0.086245998740196228,0.089541003108024597,0.085579998791217804,0.08904699981212616,7237601
2021-05-01T00:00:00.000000Z,0.089060001075267792,0.093480996787548065,0.088265001773834229,0.093304000794887543,6826972
2021-05-02T00:00:00.000000Z,0.093255996704101562,0.094098001718521118,0.088027998805046082,0.089282996952533722,5439939
2021-05-03T00:00:00.000000Z,0.089284002780914307,0.091650001704692841,0.088232003152370453,0.089902997016906738,7304506
2021-05-04T00:00:00.000000Z,0.089969001710414886,0.090389996767044067,0.081499002873897552,0.084265001118183136,8161361
2021-05-05T00:00:00.000000Z,0.084325999021530151,0.091826997697353363,0.0834989994764328,0.091287001967430115,8123728
2021-05-06T00:00:00.000000Z,0.091288000345230103,0.12346299737691879,0.089263997972011566,0.10722599923610687,24308533
2021-05-07T00:00:00.000000Z,0.10725200176239014,0.11722800135612488,0.1040479987859726,0.10629499703645706,19417623
2021-05-08T00:00:00.000000Z,0.10628099739551544,0.10934299975633621,0.097258001565933228,0.1050959974527359,7123051
2021-05-09T00:00:00.000000Z,0.10508699715137482,0.10780700296163559,0.094071000814437866,0.096294000744819641,5902802
2021-05-10T00:00:00.000000Z,0.096257999539375305,0.10152500122785568,0.088636003434658051,0.088729999959468842,8856124
2021-05-11T00:00:00.000000Z,0.088701002299785614,0.093378998339176178,0.085070997476577759,0.085070997476577759,6130365
2021-05-12T00:00:00.000000Z,0.08504900336265564,0.094287998974323273,0.077816002070903778,0.082815997302532196,7310803
2021-05-13T00:00:00.000000Z,0.082698002457618713,0.083039000630378723,0.074612997472286224,0.076849997043609619,6642490
2021-05-14T00:00:00.000000Z,0.076880000531673431,0.083016000688076019,0.075148999691009521,0.079604998230934143,6686376
2021-05-15T00:00:00.000000Z,0.079645998775959015,0.080806002020835876,0.072687000036239624,0.076802000403404236,6652747
2021-05-16T00:00:00.000000Z,0.076710999011993408,0.085551999509334564,0.0747079998254776,0.077109001576900482,7532764
2021-05-17T00:00:00.000000Z,0.077114000916481018,0.078074999153614044,0.069044999778270721,0.070680998265743256,6345475
2021-05-18T00:00:00.000000Z,0.070748999714851379,0.078547000885009766,0.069197997450828552,0.073016002774238586,4879511
2021-05-19T00:00:00.000000Z,0.072993002831935883,0.073873996734619141,0.050441998988389969,0.056977998465299606,10688549
2021-05-20T00:00:00.000000Z,0.056891001760959625,0.068717002868652344,0.051998000591993332,0.063894003629684448,6957144
2021-05-21T00:00:00.000000Z,0.063915997743606567,0.064935997128486633,0.053233001381158829,0.057472001761198044,7058636
2021-05-22T00:00:00.000000Z,0.05745600163936615,0.057913001626729965,0.043754000216722488,0.054350998252630234,10488141
2021-05-23T00:00:00.000000Z,0.054356999695301056,0.056295998394489288,0.0424639992415905,0.047155000269412994,6066055
2021-05-24T00:00:00.000000Z,0.047157000750303268,0.05536000058054924,0.04680899903178215,0.053270000964403152,5105460
2021-05-25T00:00:00.000000Z,0.053284000605344772,0.055929001420736313,0.049780998378992081,0.052255000919103622,5585199
2021-05-26T00:00:00.000000Z,0.052345000207424164,0.057355999946594238,0.052145000547170639,0.055881001055240631,4501831
2021-05-27T00:00:00.000000Z,0.055950000882148743,0.056908000260591507,0.051346000283956528,0.055966999381780624,5065326
2021-05-28T00:00:00.000000Z,0.055977001786231995,0.059682998806238174,0.049361001700162888,0.04958999902009964,5239158
2021-05-29T00:00:00.000000Z,0.049552999436855316,0.052071999758481979,0.047111999243497849,0.049743998795747757,3911260
2021-05-30T00:00:00.000000Z,0.049757998436689377,0.054267998784780502,0.047058001160621643,0.053222998976707458,3408862
2021-05-31T00:00:00.000000Z,0.053226001560688019,0.059960000216960907,0.050618000328540802,0.057516001164913177,4574386
2021-06-01T00:00:00.000000Z,0.057573001831769943,0.061870001256465912,0.055560000240802765,0.057789001613855362,4320707
2021-06-02T00:00:00.000000Z,0.057812999933958054,0.06087300181388855,0.052200000733137131,0.05884300172328949,3350050
2021-06-03T00:00:00.000000Z,0.058816999197006226,0.062813997268676758,0.057525001466274261,0.060527998954057693,3466681
2021-06-04T00:00:00.000000Z,0.060538001358509064,0.060674998909235001,0.053289998322725296,0.057472001761198044,4318056
2021-06-05T00:00:00.000000Z,0.057463999837636948,0.058572001755237579,0.052572999149560928,0.052852001041173935,3287381
2021-06-06T00:00:00.000000Z,0.052850998938083649,0.057282999157905579,0.052811000496149063,0.054944999516010284,3238651
2021-06-07T00:00:00.000000Z,0.054947998374700546,0.05743899941444397,0.049724001437425613,0.052905000746250153,4205425
2021-06-08T00:00:00.000000Z,0.052848998457193375,0.053706001490354538,0.046335000544786453,0.049042999744415283,4338622
2021-06-09T00:00:00.000000Z,0.049012001603841782,0.053366001695394516,0.04788300022482872,0.053302999585866928,3663262
2021-06-10T00:00:00.000000Z,0.053332999348640442,0.053412001579999924,0.048367001116275787,0.048388000577688217,4193610
2021-06-11T00:00:00.000000Z,0.048395998775959015,0.051004000008106232,0.046987000852823257,0.047972999513149261,3432915
2021-06-12T00:00:00.000000Z,0.047993998974561691,0.050542999058961868,0.04448699951171875,0.049915000796318054,4485033
2021-06-13T00:00:00.000000Z,0.049926001578569412,0.05299299955368042,0.047945000231266022,0.05228399857878685,3893577
2021-06-14T00:00:00.000000Z,0.05230100080370903,0.05392099916934967,0.050951000303030014,0.053364001214504242,3923365
2021-06-15T00:00:00.000000Z,0.053686000406742096,0.055665001273155212,0.052264001220464706,0.054556999355554581,3863509
2021-06-16T00:00:00.000000Z,0.052715998142957687,0.054673999547958374,0.050822999328374863,0.053828999400138855,4349220
2021-06-17T00:00:00.000000Z,0.053835999220609665,0.074908003211021423,0.053775999695062637,0.074642002582550049,12886150
2021-06-18T00:00:00.000000Z,0.074619002640247345,0.0800819993019104,0.064322002232074738,0.07021699845790863,11617760
2021-06-19T00:00:00.000000Z,0.070174001157283783,0.07471899688243866,0.063914000988006592,0.071543999016284943,6144795
2021-06-20T00:00:00.000000Z,0.071243003010749817,0.075372003018856049,0.06551700085401535,0.072210997343063354,8035021
2021-06-21T00:00:00.000000Z,0.072187997400760651,0.072677001357078552,0.05883299931883812,0.060430999845266342,6852920
2021-06-22T00:00:00.000000Z,0.060458000749349594,0.06278499960899353,0.046484999358654022,0.053128000348806381,8517540
2021-06-23T00:00:00.000000Z,0.053167998790740967,0.059000000357627869,0.052639000117778778,0.05881199985742569,6103297
2021-06-24T00:00:00.000000Z,0.056793000549077988,0.061873000115156174,0.054191000759601593,0.057539001107215881,3896708
2021-06-25T00:00:00.000000Z,0.057537999004125595,0.062160000205039978,0.052661001682281494,0.054017998278141022,4837426
2021-06-26T00:00:00.000000Z,0.05403599888086319,0.0563960000872612,0.052795000374317169,0.0563960000872612,4672948
2021-06-27T00:00:00.000000Z,0.05643099918961525,0.069293998181819916,0.056274998933076859,0.06840900331735611,7315693
2021-06-28T00:00:00.000000Z,0.068405002355575562,0.07155899703502655,0.067464999854564667,0.069443002343177795,5913932
2021-06-29T00:00:00.000000Z,0.069430999457836151,0.079965002834796906,0.069283001124858856,0.079544000327587128,8414139
2021-06-30T00:00:00.000000Z,0.079511001706123352,0.079862996935844421,0.071170002222061157,0.078890003263950348,6147371
2021-07-01T00:00:00.000000Z,0.078899003565311432,0.090443998575210571,0.078899003565311432,0.088048003613948822,11492050
2021-07-02T00:00:00.000000Z,0.088025003671646118,0.11219599843025208,0.08560200035572052,0.11189000308513641,22240814
2021-07-03T00:00:00.000000Z,0.11209499835968018,0.12390600144863129,0.097222998738288879,0.10239200294017792,13596307
2021-07-04T00:00:00.000000Z,0.10240399837493896,0.1202159970998764,0.10170599818229675,0.11853200197219849,8592453
2021-07-05T00:00:00.000000Z,0.11855100095272064,0.11855100095272064,0.098707996308803558,0.10229799896478653,9037157
2021-07-06T00:00:00.000000Z,0.10222599655389786,0.11047500371932983,0.10032600164413452,0.10176999866962433,5643814
2021-07-07T00:00:00.000000Z,0.10167399793863297,0.10342500358819962,0.094311997294425964,0.095986999571323395,7303187
2021-07-08T00:00:00.000000Z,0.096082001924514771,0.096082001924514771,0.085858002305030823,0.08968699723482132,5265368
2021-07-09T00:00:00.000000Z,0.089739002287387848,0.10047899931669235,0.086782000958919525,0.095959998667240143,5168127
2021-07-10T00:00:00.000000Z,0.095840997993946075,0.098913997411727905,0.090369001030921936,0.091854996979236603,4332315
2021-07-11T00:00:00.000000Z,0.091831997036933899,0.094371996819972992,0.088267996907234192,0.092812001705169678,3042216
2021-07-12T00:00:00.000000Z,0.092814996838569641,0.094190999865531921,0.087288998067378998,0.088246002793312073,4787397
2021-07-13T00:00:00.000000Z,0.088276997208595276,0.089195996522903442,0.083613000810146332,0.08381199836730957,4503040
2021-07-14T00:00:00.000000Z,0.083791002631187439,0.093681998550891876,0.081280000507831573,0.08907800167798996,6104361
2021-07-15T00:00:00.000000Z,0.089194998145103455,0.089194998145103455,0.08191700279712677,0.083540000021457672,5153831
2021-07-16T00:00:00.000000Z,0.083557002246379852,0.084331996738910675,0.07817000150680542,0.079291000962257385,3930416
2021-07-17T00:00:00.000000Z,0.079240001738071442,0.079758003354072571,0.076243996620178223,0.078547999262809753,2813448
2021-07-18T00:00:00.000000Z,0.07857300341129303,0.083477996289730072,0.078331001102924347,0.080756999552249908,3347220
2021-07-19T00:00:00.000000Z,0.080747000873088837,0.080926001071929932,0.074750997126102448,0.074905000627040863,2317007
2021-07-20T00:00:00.000000Z,0.074931003153324127,0.075543001294136047,0.068960003554821014,0.069496996700763702,3062519
2021-07-21T00:00:00.000000Z,0.069486998021602631,0.0754069983959198,0.068421997129917145,0.071773998439311981,5121360
2021-07-22T00:00:00.000000Z,0.071795001626014709,0.073582999408245087,0.070494003593921661,0.072131998836994171,3332430
2021-07-23T00:00:00.000000Z,0.072070002555847168,0.076480001211166382,0.071799002587795258,0.076338998973369598,2675548
2021-07-24T00:00:00.000000Z,0.076346002519130707,0.081059001386165619,0.074896998703479767,0.080274000763893127,3954297
2021-07-25T00:00:00.000000Z,0.080292999744415283,0.081701003015041351,0.074657000601291656,0.078969001770019531,3770334
2021-07-26T00:00:00.000000Z,0.078960999846458435,0.086121998727321625,0.078808002173900604,0.079691998660564423,11766506
2021-07-27T00:00:00.000000Z,0.079639002680778503,0.081284999847412109,0.077584996819496155,0.080398999154567719,3613692
2021-07-28T00:00:00.000000Z,0.080380998551845551,0.081060998141765594,0.076385997235774994,0.077876999974250793,4699587
2021-07-29T00:00:00.000000Z,0.07779199630022049,0.083472996950149536,0.076949000358581543,0.07987300306558609,4677798
2021-07-30T00:00:00.000000Z,0.079962000250816345,0.090052001178264618,0.076819002628326416,0.080932997167110443,5431690
2021-07-31T00:00:00.000000Z,0.0809129998087883,0.083079002797603607,0.078827999532222748,0.079919002950191498,2940172
2021-08-01T00:00:00.000000Z,0.079834997653961182,0.0856190025806427,0.07745400071144104,0.078988999128341675,4320581
2021-08-02T00:00:00.000000Z,0.078910999000072479,0.083185002207756042,0.07847200334072113,0.078740999102592468,4163956
2021-08-03T00:00:00.000000Z,0.078763000667095184,0.079212002456188202,0.071431003510951996,0.072182998061180115,4214597
2021-08-04T00:00:00.000000Z,0.072189003229141235,0.078731000423431396,0.072117000818252563,0.077055998146533966,3533917
2021-08-05T00:00:00.000000Z,0.077032998204231262,0.079517997801303864,0.073473997414112091,0.075530998408794403,4160871
2021-08-06T00:00:00.000000Z,0.07552800327539444,0.078658998012542725,0.074276000261306763,0.078088000416755676,3969111
2021-08-07T00:00:00.000000Z,0.078051000833511353,0.080660000443458557,0.076073996722698212,0.079398997128009796,5136574
2021-08-08T00:00:00.000000Z,0.079314999282360077,0.10870300233364105,0.076555997133255005,0.10006900131702423,18647843
2021-08-09T00:00:00.000000Z,0.10009299963712692,0.11139199882745743,0.090547002851963043,0.094682998955249786,18736900
2021-08-10T00:00:00.000000Z,0.094706997275352478,0.099785998463630676,0.093428000807762146,0.096070997416973114,5790002
2021-08-11T00:00:00.000000Z,0.096078000962734222,0.12040899693965912,0.095591001212596893,0.11203200370073318,15169357
2021-08-12T00:00:00.000000Z,0.11198800057172775,0.16147300601005554,0.11170999705791473,0.11799400299787521,36842683
2021-08-13T00:00:00.000000Z,0.118026003241539,0.15140700340270996,0.118026003241539,0.1433199942111969,20632214
2021-08-14T00:00:00.000000Z,0.14345000684261322,0.15094999969005585,0.13500100374221802,0.14644700288772583,15734493
2021-08-15T00:00:00.000000Z,0.14646099507808685,0.14790800213813782,0.12886600196361542,0.14170500636100769,12466159
2021-08-16T00:00:00.000000Z,0.14180999994277954,0.14196500182151794,0.12535299360752106,0.12582799792289734,12609495
2021-08-17T00:00:00.000000Z,0.12572099268436432,0.15627400577068329,0.12143799662590027,0.14208699762821198,22421992
2021-08-18T00:00:00.000000Z,0.14191199839115143,0.1561489999294281,0.13534000515937805,0.15208399295806885,19509712
2021-08-19T00:00:00.000000Z,0.15208199620246887,0.1617330014705658,0.14808900654315948,0.16052499413490295,14823712
2021-08-20T00:00:00.000000Z,0.16075299680233002,0.18331100046634674,0.16075299680233002,0.18330599367618561,20588118
2021-08-21T00:00:00.000000Z,0.18335500359535217,0.19387400150299072,0.1719290018081665,0.1758279949426651,21344726
2021-08-22T00:00:00.000000Z,0.17593500018119812,0.18280600011348724,0.16746999323368073,0.1798270046710968,14700867
2021-08-23T00:00:00.000000Z,0.17998600006103516,0.18829600512981415,0.17208899557590485,0.17629699409008026,13930052
2021-08-24T00:00:00.000000Z,0.17635400593280792,0.18058200180530548,0.15929800271987915,0.16002899408340454,12401320
2021-08-25T00:00:00.000000Z,0.15997600555419922,0.16184000670909882,0.15309199690818787,0.15538999438285828,10516812
2021-08-26T00:00:00.000000Z,0.15540699660778046,0.15848700702190399,0.13612300157546997,0.13990600407123566,14717109
2021-08-27T00:00:00.000000Z,0.13986599445343018,0.15613199770450592,0.13645899295806885,0.15538099408149719,11567779
2021-08-28T00:00:00.000000Z,0.15561600029468536,0.15561600029468536,0.14084799587726593,0.14350500702857971,9030057
2021-08-29T00:00:00.000000Z,0.14343099296092987,0.14824199676513672,0.13849399983882904,0.13922600448131561,8113061
2021-08-30T00:00:00.000000Z,0.13923400640487671,0.13923400640487671,0.12791100144386292,0.12963800132274628,10093369
2021-08-31T00:00:00.000000Z,0.12960299849510193,0.13508400321006775,0.12782500684261322,0.13053500652313232,9068087
2021-09-01T00:00:00.000000Z,0.13051299750804901,0.15473300218582153,0.12855799496173859,0.14970600605010986,14673660
2021-09-02T00:00:00.000000Z,0.14970499277114868,0.15163500607013702,0.142876997590065,0.14942300319671631,13341352
2021-09-03T00:00:00.000000Z,0.14923299849033356,0.15372699499130249,0.14381100237369537,0.14639799296855927,7426086
2021-09-04T00:00:00.000000Z,0.14638300240039825,0.15019999444484711,0.14007599651813507,0.14203000068664551,5182115
2021-09-05T00:00:00.000000Z,0.14208100736141205,0.14601099491119385,0.13755300641059875,0.14442199468612671,5895982
2021-09-06T00:00:00.000000Z,0.14431299269199371,0.15214799344539642,0.14142699539661407,0.14518600702285767,7988090
2021-09-07T00:00:00.000000Z,0.14498299360275269,0.14649400115013123,0.12929299473762512,0.13348999619483948,11619023
2021-09-08T00:00:00.000000Z,0.13356600701808929,0.13512299954891205,0.12671099603176117,0.13291600346565247,7150465
2021-09-09T00:00:00.000000Z,0.13145799934864044,0.13945199549198151,0.1287979930639267,0.13403899967670441,6905406
2021-09-10T00:00:00.000000Z,0.13402000069618225,0.13664300739765167,0.12043499946594238,0.12126500159502029,6810756
2021-09-11T00:00:00.000000Z,0.1210860013961792,0.12864199280738831,0.12070299685001373,0.12591199576854706,6579433
2021-09-12T00:00:00.000000Z,0.1259550005197525,0.12925399839878082,0.12318699806928635,0.12699800729751587,5107690
2021-09-13T00:00:00.000000Z,0.12697799503803253,0.12954999506473541,0.11716099828481674,0.11896499991416931,6821699
2021-09-14T00:00:00.000000Z,0.11894500255584717,0.13042700290679932,0.11771299690008163,0.12319599837064743,10537153
2021-09-15T00:00:00.000000Z,0.12385500222444534,0.13094499707221985,0.12385500222444534,0.1288129985332489,8635164
2021-09-16T00:00:00.000000Z,0.12912799417972565,0.13086000084877014,0.12140099704265594,0.12178400158882141,7297850
2021-09-17T00:00:00.000000Z,0.12180600315332413,0.12456899881362915,0.11711700260639191,0.12021999806165695,6619570
2021-09-18T00:00:00.000000Z,0.12026000022888184,0.12225700169801712,0.11750400066375732,0.11882100254297256,4725704
2021-09-19T00:00:00.000000Z,0.11885000020265579,0.12230800092220306,0.11147899925708771,0.11147899925708771,7709990
2021-09-20T00:00:00.000000Z,0.11136399954557419,0.11136399954557419,0.099683001637458801,0.10009200125932693,9265052
2021-09-21T00:00:00.000000Z,0.10003700107336044,0.12386000156402588,0.098546996712684631,0.11283999681472778,16429023
2021-09-22T00:00:00.000000Z,0.1128700003027916,0.12243299931287766,0.11234699934720993,0.12222199887037277,8369394
2021-09-23T00:00:00.000000Z,0.1223049983382225,0.12655399739742279,0.11973799765110016,0.1249840036034584,7308477
2021-09-24T00:00:00.000000Z,0.12501800060272217,0.12637799978256226,0.11584100127220154,0.12449000030755997,7758482
2021-09-25T00:00:00.000000Z,0.1244330033659935,0.12617099285125732,0.12138500064611435,0.12497399747371674,4170506
2021-09-26T00:00:00.000000Z,0.12495200335979462,0.14000600576400757,0.11880200356245041,0.13954299688339233,7480203
2021-09-27T00:00:00.000000Z,0.13951200246810913,0.14922599494457245,0.13425600528717041,0.13626100122928619,11821509
2021-09-28T00:00:00.000000Z,0.13635799288749695,0.14709800481796265,0.12892800569534302,0.13092799484729767,8405127
2021-09-29T00:00:00.000000Z,0.13083499670028687,0.13425099849700928,0.12649700045585632,0.12688900530338287,6246561
2021-09-30T00:00:00.000000Z,0.12692900002002716,0.1322769969701767,0.12182100117206573,0.1233770027756691,6560220
2021-10-01T00:00:00.000000Z,0.12350799888372421,0.13365499675273895,0.12242499738931656,0.13247999548912048,7842333
2021-10-02T00:00:00.000000Z,0.13245099782943726,0.13702200353145599,0.12934400141239166,0.13422100245952606,4395374
2021-10-03T00:00:00.000000Z,0.13410699367523193,0.13579300045967102,0.12951000034809113,0.13045600056648254,6544899
2021-10-04T00:00:00.000000Z,0.1302579939365387,0.13061399757862091,0.12369100004434586,0.12657700479030609,7935704
2021-10-05T00:00:00.000000Z,0.12660799920558929,0.14324100315570831,0.12660799920558929,0.13939400017261505,10959343
2021-10-06T00:00:00.000000Z,0.13939599692821503,0.14025799930095673,0.13135099411010742,0.13339699804782867,9181971
2021-10-07T00:00:00.000000Z,0.13336099684238434,0.13344800472259521,0.1265140026807785,0.12678900361061096,6009144
2021-10-08T00:00:00.000000Z,0.12676100432872772,0.12994100153446198,0.12277200073003769,0.12509000301361084,6559851
2021-10-09T00:00:00.000000Z,0.12507399916648865,0.12533299624919891,0.11979600042104721,0.12259399890899658,6298895
2021-10-10T00:00:00.000000Z,0.12258200347423553,0.12454900145530701,0.11705700308084488,0.11747600138187408,5196042
2021-10-11T00:00:00.000000Z,0.11735399812459946,0.12069500237703323,0.11620199680328369,0.11682199686765671,4860193
2021-10-12T00:00:00.000000Z,0.11685500293970108,0.11733999848365784,0.11427000164985657,0.11456199735403061,5144644
2021-10-13T00:00:00.000000Z,0.11454399675130844,0.12114199995994568,0.11272700130939484,0.120619997382164,5968370
2021-10-14T00:00:00.000000Z,0.12055300176143646,0.12489300221204758,0.11842799931764603,0.12022799998521805,5872002
2021-10-15T00:00:00.000000Z,0.12011600285768509,0.12053000181913376,0.11237300187349319,0.11369600147008896,8108748
2021-10-16T00:00:00.000000Z,0.11382000148296356,0.11528400331735611,0.11045800149440765,0.11250200122594833,8391006
2021-10-17T00:00:00.000000Z,0.11249300092458725,0.11249300092458725,0.10442399978637695,0.10729499906301498,5392008
2021-10-18T00:00:00.000000Z,0.10746800154447556,0.11000800132751465,0.10539700090885162,0.1062140017747879,5607848
2021-10-19T00:00:00.000000Z,0.10620500147342682,0.1149590015411377,0.10481499880552292,0.11228799819946289,5239324
2021-10-20T00:00:00.000000Z,0.11229299753904343,0.11566700041294098,0.1091499999165535,0.11232700198888779,6117039
2021-10-21T00:00:00.000000Z,0.11233100295066833,0.11697500199079514,0.10896299779415131,0.10949400067329407,6448001
2021-10-22T00:00:00.000000Z,0.10959900170564651,0.11099100112915039,0.10418699681758881,0.10692699998617172,5353058
2021-10-23T00:00:00.000000Z,0.10692200064659119,0.10819300264120102,0.10504899919033051,0.10723699629306793,4453297
2021-10-24T00:00:00.000000Z,0.1071930006146431,0.10736899822950363,0.099092997610569,0.099092997610569,5534567
2021-10-25T00:00:00.000000Z,0.099170997738838196,0.10755900293588638,0.099170997738838196,0.10710900276899338,7734297
2021-10-26T00:00:00.000000Z,0.10700800269842148,0.1080389991402626,0.10075300186872482,0.10096000134944916,5955122
2021-10-27T00:00:00.000000Z,0.10096199810504913,0.10283400118350983,0.087677001953125,0.093438997864723206,9644039
2021-10-28T00:00:00.000000Z,0.093281999230384827,0.098782002925872803,0.090830996632575989,0.097084999084472656,7385801
2021-10-29T00:00:00.000000Z,0.097098998725414276,0.098410002887248993,0.090879999101161957,0.091241002082824707,7631332
2021-10-30T00:00:00.000000Z,0.091237999498844147,0.093363001942634583,0.089622996747493744,0.091867998242378235,4238139
2021-10-31T00:00:00.000000Z,0.091921001672744751,0.10266900062561035,0.08870299905538559,0.10231299698352814,5310812
2021-11-01T00:00:00.000000Z,0.10230900347232819,0.10624799877405167,0.094001002609729767,0.095209002494812012,7351125
2021-11-02T00:00:00.000000Z,0.095201000571250916,0.097693003714084625,0.091811001300811768,0.094296000897884369,5588483
2021-11-03T00:00:00.000000Z,0.094273999333381653,0.09900200366973877,0.093236997723579407,0.095539003610610962,6643502
2021-11-04T00:00:00.000000Z,0.095476001501083374,0.095523998141288757,0.090418003499507904,0.091430999338626862,5728220
2021-11-05T00:00:00.000000Z,0.091417998075485229,0.095840997993946075,0.090347997844219208,0.094901002943515778,5202642
2021-11-06T00:00:00.000000Z,0.094922997057437897,0.098610997200012207,0.09436199814081192,0.095801003277301788,6133004
2021-11-07T00:00:00.000000Z,0.095715999603271484,0.097000002861022949,0.092727996408939362,0.095352999866008759,5869538
2021-11-08T00:00:00.000000Z,0.095450997352600098,0.095824003219604492,0.091548003256320953,0.092270001769065857,6432784
2021-11-09T00:00:00.000000Z,0.092266999185085297,0.09585300087928772,0.08892899751663208,0.095086000859737396,5543876
2021-11-10T00:00:00.000000Z,0.09516800194978714,0.10135000199079514,0.084620997309684753,0.095816001296043396,7128125
2021-11-11T00:00:00.000000Z,0.095934003591537476,0.098411999642848969,0.09264799952507019,0.097488999366760254,5007369
2021-11-12T00:00:00.000000Z,0.097505003213882446,0.099463000893592834,0.093658998608589172,0.097084999084472656,5360648
2021-11-13T00:00:00.000000Z,0.097053997218608856,0.097773000597953796,0.092093996703624725,0.094871997833251953,4349707
2021-11-14T00:00:00.000000Z,0.094934999942779541,0.097277998924255371,0.091642998158931732,0.094047002494335175,3709597
2021-11-15T00:00:00.000000Z,0.094080999493598938,0.096869997680187225,0.089340001344680786,0.089778997004032135,4408067
2021-11-16T00:00:00.000000Z,0.089832998812198639,0.092321000993251801,0.08551499992609024,0.086162999272346497,6271258
2021-11-17T00:00:00.000000Z,0.086087003350257874,0.090966001152992249,0.084192000329494476,0.089909002184867859,5174132
2021-11-18T00:00:00.000000Z,0.089909002184867859,0.094327002763748169,0.082464002072811127,0.082727000117301941,6487881
2021-11-19T00:00:00.000000Z,0.082719996571540833,0.088054001331329346,0.082239001989364624,0.087194003164768219,4561305
2021-11-20T00:00:00.000000Z,0.087190002202987671,0.089887998998165131,0.085190996527671814,0.08800700306892395,3471423
2021-11-21T00:00:00.000000Z,0.088019996881484985,0.090824000537395477,0.085182003676891327,0.08773600310087204,3477384
2021-11-22T00:00:00.000000Z,0.087852001190185547,0.099609002470970154,0.083887003362178802,0.094268001616001129,5343601
2021-11-23T00:00:00.000000Z,0.094259999692440033,0.10140799731016159,0.092339001595973969,0.10090299695730209,7088419
2021-11-24T00:00:00.000000Z,0.10078799724578857,0.11652000248432159,0.099004998803138733,0.099027998745441437,6510770
2021-11-25T00:00:00.000000Z,0.10328400135040283,0.10988699644804001,0.10178100317716599,0.10521300137042999,8970662
2021-11-26T00:00:00.000000Z,0.10937900096178055,0.11011199653148651,0.094896003603935242,0.097880996763706207,10221057
2021-11-27T00:00:00.000000Z,0.097791999578475952,0.098824001848697662,0.091876998543739319,0.093694999814033508,6163096
2021-11-28T00:00:00.000000Z,0.093804001808166504,0.095025002956390381,0.087577000260353088,0.090485997498035431,5848920
2021-11-29T00:00:00.000000Z,0.090530999004840851,0.095724001526832581,0.089235998690128326,0.092607997357845306,6829081
2021-11-30T00:00:00.000000Z,0.092667996883392334,0.09531799703836441,0.088541999459266663,0.090516000986099243,6947410
2021-12-01T00:00:00.000000Z,0.090412996709346771,0.091922998428344727,0.086165003478527069,0.087168999016284943,7649631
2021-12-02T00:00:00.000000Z,0.087177000939846039,0.090288996696472168,0.08559100329875946,0.088633999228477478,6845258
2021-12-03T00:00:00.000000Z,0.08866100013256073,0.091092996299266815,0.083026997745037079,0.084247998893260956,7709928
2021-12-04T00:00:00.000000Z,0.084237001836299896,0.084960997104644775,0.071823000907897949,0.079138003289699554,10652892
2021-12-05T00:00:00.000000Z,0.079112999141216278,0.082892999053001404,0.075877003371715546,0.079833999276161194,5493018
2021-12-06T00:00:00.000000Z,0.079819999635219574,0.079906001687049866,0.071851000189781189,0.076436996459960938,8254533
2021-12-07T00:00:00.000000Z,0.076479002833366394,0.080054998397827148,0.074927002191543579,0.076182000339031219,6567914
2021-12-08T00:00:00.000000Z,0.076174996793270111,0.079640999436378479,0.074568003416061401,0.078615002334117889,5394234
2021-12-09T00:00:00.000000Z,0.078582003712654114,0.080255001783370972,0.070395000278949738,0.075620003044605255,4706839
2021-12-10T00:00:00.000000Z,0.075534000992774963,0.076434999704360962,0.069613002240657806,0.069677002727985382,5804307
2021-12-11T00:00:00.000000Z,0.069608002901077271,0.07303900271654129,0.068383000791072845,0.072728998959064484,4956859
2021-12-12T00:00:00.000000Z,0.072654001414775848,0.07409299910068512,0.070046998560428619,0.07297399640083313,4005990
2021-12-13T00:00:00.000000Z,0.07293199747800827,0.07343599945306778,0.068053998053073883,0.068556003272533417,4912830
2021-12-14T00:00:00.000000Z,0.068591997027397156,0.07025899738073349,0.065964996814727783,0.066657997667789459,4633794
2021-12-15T00:00:00.000000Z,0.070125997066497803,0.088867001235485077,0.069577999413013458,0.082535997033119202,13237148
2021-12-16T00:00:00.000000Z,0.082523003220558167,0.097915001213550568,0.082523003220558167,0.08316899836063385,16009516
2021-12-17T00:00:00.000000Z,0.083219997584819794,0.086088001728057861,0.078511998057365417,0.080393999814987183,8854224
2021-12-18T00:00:00.000000Z,0.080356001853942871,0.088146001100540161,0.079654000699520111,0.08636000007390976,6726405
2021-12-19T00:00:00.000000Z,0.086381003260612488,0.087402999401092529,0.082379996776580811,0.082379996776580811,5028430
2021-12-20T00:00:00.000000Z,0.082378000020980835,0.085009001195430756,0.078037001192569733,0.08208099752664566,7472674
2021-12-21T00:00:00.000000Z,0.082073003053665161,0.086920000612735748,0.08045099675655365,0.085864998400211334,7088884
2021-12-22T00:00:00.000000Z,0.085920996963977814,0.08682599663734436,0.08212599903345108,0.083998002111911774,6129644
2021-12-23T00:00:00.000000Z,0.084008999168872833,0.085983000695705414,0.08017999678850174,0.084940001368522644,10295254
2021-12-24T00:00:00.000000Z,0.084908001124858856,0.085182003676891327,0.080637000501155853,0.081932000815868378,8645941
2021-12-25T00:00:00.000000Z,0.08190300315618515,0.083915002644062042,0.080618001520633698,0.081500999629497528,5770910
2021-12-26T00:00:00.000000Z,0.081450998783111572,0.084054999053478241,0.080384001135826111,0.081918999552726746,5343987
2021-12-27T00:00:00.000000Z,0.081887997686862946,0.085162997245788574,0.080275997519493103,0.083314001560211182,5654419
2021-12-28T00:00:00.000000Z,0.08322499692440033,0.08322499692440033,0.079187996685504913,0.080136999487876892,7039182
2021-12-29T00:00:00.000000Z,0.080118000507354736,0.09336099773645401,0.079575002193450928,0.090542003512382507,13145882
2021-12-30T00:00:00.000000Z,0.090552002191543579,0.094954997301101685,0.089354999363422394,0.090893998742103577,12685122
2021-12-31T00:00:00.000000Z,0.090870000422000885,0.09940599650144577,0.090331003069877625,0.098081000149250031,12588684
2022-01-01T00:00:00.000000Z,0.098113000392913818,0.10697799921035767,0.098024003207683563,0.1062529981136322,12981941
2022-01-02T00:00:00.000000Z,0.10622700303792953,0.10698600113391876,0.099198997020721436,0.10129699856042862,11061587
2022-01-03T00:00:00.000000Z,0.10130500048398972,0.10165700316429138,0.095195002853870392,0.095289997756481171,8739360
2022-01-04T00:00:00.000000Z,0.095293000340461731,0.097213998436927795,0.091707997024059296,0.091858997941017151,9843347
2022-01-05T00:00:00.000000Z,0.091834999620914459,0.099740996956825256,0.091485999524593353,0.094150997698307037,12384408
2022-01-06T00:00:00.000000Z,0.094158001244068146,0.094416998326778412,0.090548999607563019,0.092280998826026917,8027778
2022-01-07T00:00:00.000000Z,0.092271000146865845,0.092309996485710144,0.086859002709388733,0.086859002709388733,7796199
2022-01-08T00:00:00.000000Z,0.086865998804569244,0.088330000638961792,0.082102999091148376,0.083636999130249023,8327918
2022-01-09T00:00:00.000000Z,0.083641998469829559,0.088106997311115265,0.083002001047134399,0.087458997964859009,6420355
2022-01-10T00:00:00.000000Z,0.087467998266220093,0.087778002023696899,0.081798002123832703,0.083747997879981995,6742467
2022-01-11T00:00:00.000000Z,0.083746001124382019,0.086800999939441681,0.083590999245643616,0.086759001016616821,5976467
2022-01-12T00:00:00.000000Z,0.086741000413894653,0.09215100109577179,0.086176000535488129,0.091773003339767456,7093771
2022-01-13T00:00:00.000000Z,0.091760002076625824,0.096954002976417542,0.090210996568202972,0.09037800133228302,9860994
2022-01-14T00:00:00.000000Z,0.090403996407985687,0.091282002627849579,0.088698998093605042,0.091087996959686279,7786010
2022-01-15T00:00:00.000000Z,0.091116003692150116,0.091353997588157654,0.089579001069068909,0.089661002159118652,6100559
2022-01-16T00:00:00.000000Z,0.08966200053691864,0.090609997510910034,0.089340999722480774,0.089831002056598663,5911215
2022-01-17T00:00:00.000000Z,0.089854001998901367,0.08997199684381485,0.08494199812412262,0.085307002067565918,6475249
2022-01-18T00:00:00.000000Z,0.08530300110578537,0.085854001343250275,0.080977000296115875,0.081578001379966736,8466283
2022-01-19T00:00:00.000000Z,0.081578001379966736,0.082166999578475952,0.080073997378349304,0.080173999071121216,7056063
2022-01-20T00:00:00.000000Z,0.080170996487140656,0.083116002380847931,0.079550996422767639,0.079576000571250916,8126057
2022-01-21T00:00:00.000000Z,0.079586997628211975,0.079983003437519073,0.063858002424240112,0.063864998519420624,13182104
2022-01-22T00:00:00.000000Z,0.06386200338602066,0.065756998956203461,0.058175999671220779,0.060825999826192856,12086649
2022-01-23T00:00:00.000000Z,0.060793999582529068,0.066715002059936523,0.060717999935150146,0.065785996615886688,8565465
2022-01-24T00:00:00.000000Z,0.06582699716091156,0.066403999924659729,0.05744900181889534,0.062373999506235123,12247775
2022-01-25T00:00:00.000000Z,0.062375001609325409,0.064236998558044434,0.061788000166416168,0.063478998839855194,7879738
2022-01-26T00:00:00.000000Z,0.063478000462055206,0.066151998937129974,0.063208997249603271,0.064119003713130951,10500472
2022-01-27T00:00:00.000000Z,0.064103998243808746,0.064204998314380646,0.061443999409675598,0.062385000288486481,9484653
2022-01-28T00:00:00.000000Z,0.062430001795291901,0.06281600147485733,0.060107000172138214,0.061592001467943192,8291873
2022-01-29T00:00:00.000000Z,0.061517000198364258,0.063534997403621674,0.061204001307487488,0.061220001429319382,8244718
2022-01-30T00:00:00.000000Z,0.061168000102043152,0.061684001237154007,0.059711001813411713,0.060026001185178757,7399338
2022-01-31T00:00:00.000000Z,0.060029998421669006,0.060029998421669006,0.058685999363660812,0.059650000184774399,7251948
2022-02-01T00:00:00.000000Z,0.059649001806974411,0.060610000044107437,0.059041999280452728,0.059624999761581421,7588101
2022-02-02T00:00:00.000000Z,0.059627000242471695,0.059645999222993851,0.055638998746871948,0.055750001221895218,9861648
2022-02-03T00:00:00.000000Z,0.055730998516082764,0.057158999145030975,0.055293001234531403,0.056469999253749847,8326016
2022-02-04T00:00:00.000000Z,0.056467000395059586,0.061172999441623688,0.055984001606702805,0.060931000858545303,10070638
2022-02-05T00:00:00.000000Z,0.060931999236345291,0.06314300000667572,0.0607759989798069,0.061434999108314514,10166404
2022-02-06T00:00:00.000000Z,0.061439000070095062,0.062043998390436172,0.060180000960826874,0.060981001704931259,9147100
2022-02-07T00:00:00.000000Z,0.060979001224040985,0.067492999136447906,0.06084199994802475,0.067455999553203583,13080305
2022-02-08T00:00:00.000000Z,0.067455001175403595,0.068351000547409058,0.063196003437042236,0.065369002521038055,12904424
2022-02-09T00:00:00.000000Z,0.06527700275182724,0.065877996385097504,0.063270002603530884,0.064864002168178558,10877718
2022-02-10T00:00:00.000000Z,0.064861997961997986,0.065154999494552612,0.062521003186702728,0.063598997890949249,9332046
2022-02-11T00:00:00.000000Z,0.063596002757549286,0.063596002757549286,0.059560000896453857,0.059576001018285751,9356941
2022-02-12T00:00:00.000000Z,0.059585001319646835,0.060297001153230667,0.058733999729156494,0.059340000152587891,7194263
2022-02-13T00:00:00.000000Z,0.059330001473426819,0.059836998581886292,0.057996999472379684,0.058194998651742935,7083443
2022-02-14T00:00:00.000000Z,0.057939000427722931,0.058189000934362411,0.056168999522924423,0.056671999394893646,8091473
2022-02-15T00:00:00.000000Z,0.056669000536203384,0.05877000093460083,0.056589998304843903,0.058630999177694321,8198391
2022-02-16T00:00:00.000000Z,0.05873199924826622,0.059737000614404678,0.057473998516798019,0.058634001761674881,7191735
2022-02-17T00:00:00.000000Z,0.058616001158952713,0.058931998908519745,0.055482998490333557,0.055544998496770859,7847663
2022-02-18T00:00:00.000000Z,0.055537998676300049,0.056221000850200653,0.053996000438928604,0.054324999451637268,8372562
2022-02-19T00:00:00.000000Z,0.054322000592947006,0.057390999048948288,0.053980998694896698,0.056659001857042313,9839505
2022-02-20T00:00:00.000000Z,0.056678000837564468,0.056876000016927719,0.054448001086711884,0.054806001484394073,9438465
2022-02-21T00:00:00.000000Z,0.054800998419523239,0.055693000555038452,0.053082000464200974,0.053118001669645309,7594564
2022-02-22T00:00:00.000000Z,0.053102001547813416,0.053564999252557755,0.050507001578807831,0.053403999656438828,12013660
2022-02-23T00:00:00.000000Z,0.053420998156070709,0.055080000311136246,0.051506999880075455,0.051706999540328979,14071696
2022-02-24T00:00:00.000000Z,0.051697999238967896,0.051697999238967896,0.043358001857995987,0.048246998339891434,19946982
2022-02-25T00:00:00.000000Z,0.048245001584291458,0.052188001573085785,0.048062000423669815,0.051573000848293304,8824002
2022-02-26T00:00:00.000000Z,0.051575001329183578,0.053390998393297195,0.051575001329183578,0.052981998771429062,7310513
2022-02-27T00:00:00.000000Z,0.052978001534938812,0.053883001208305359,0.052165001630783081,0.052655000239610672,7968041
2022-02-28T00:00:00.000000Z,0.052650999277830124,0.054671000689268112,0.051470000296831131,0.054664000868797302,11644889
2022-03-01T00:00:00.000000Z,0.054673999547958374,0.054960999637842178,0.052965998649597168,0.052965998649597168,10468078
2022-03-02T00:00:00.000000Z,0.052963998168706894,0.053346000611782074,0.051486998796463013,0.051624998450279236,9649647
2022-03-03T00:00:00.000000Z,0.05162300169467926,0.052707001566886902,0.050299998372793198,0.050416998565196991,8358816
2022-03-04T00:00:00.000000Z,0.050416000187397003,0.051013000309467316,0.049695000052452087,0.049821998924016953,8203258
2022-03-05T00:00:00.000000Z,0.049837999045848846,0.050353001803159714,0.049497999250888824,0.050234999507665634,7513934
2022-03-06T00:00:00.000000Z,0.050234999507665634,0.050402000546455383,0.048861000686883926,0.048911001533269882,7186262
2022-03-07T00:00:00.000000Z,0.048920001834630966,0.048920001834630966,0.046091999858617783,0.046461001038551331,7903765
2022-03-08T00:00:00.000000Z,0.046459000557661057,0.047777000814676285,0.046222999691963196,0.047478999942541122,7863541
2022-03-09T00:00:00.000000Z,0.047485999763011932,0.055484000593423843,0.047485999763011932,0.055275999009609222,13044002
2022-03-10T00:00:00.000000Z,0.055266000330448151,0.05570099875330925,0.052758999168872833,0.053254000842571259,10409781
2022-03-11T00:00:00.000000Z,0.053254000842571259,0.053415998816490173,0.051497999578714371,0.051520999521017075,9044594
2022-03-12T00:00:00.000000Z,0.051522001624107361,0.052099999040365219,0.050932999700307846,0.051128000020980835,6920386
2022-03-13T00:00:00.000000Z,0.051196999847888947,0.052230000495910645,0.051061000674962997,0.051989998668432236,7617720
2022-03-14T00:00:00.000000Z,0.051980998367071152,0.053247999399900436,0.051371000707149506,0.051796000450849533,8789302
2022-03-15T00:00:00.000000Z,0.051793999969959259,0.052200999110937119,0.051309000700712204,0.051973000168800354,9048485
2022-03-16T00:00:00.000000Z,0.051975000649690628,0.05269400030374527,0.050370000302791595,0.051961001008749008,10005393
2022-03-17T00:00:00.000000Z,0.051956001669168472,0.053240999579429626,0.051775000989437103,0.053031999617815018,9849141
2022-03-18T00:00:00.000000Z,0.05302799865603447,0.054019998759031296,0.052806001156568527,0.053591001778841019,6378468
2022-03-19T00:00:00.000000Z,0.053587999194860458,0.054237999022006989,0.053015001118183136,0.05329899862408638,6405263
2022-03-20T00:00:00.000000Z,0.053300000727176666,0.053355999290943146,0.051800999790430069,0.05190499871969223,5772225
2022-03-21T00:00:00.000000Z,0.051901001483201981,0.052163001149892807,0.051205001771450043,0.05199500173330307,6903665
2022-03-22T00:00:00.000000Z,0.05199500173330307,0.053222000598907471,0.051816001534461975,0.05291299894452095,7722993
2022-03-23T00:00:00.000000Z,0.052921000868082047,0.054104000329971313,0.052664998918771744,0.054104000329971313,6225185
2022-03-24T00:00:00.000000Z,0.054035000503063202,0.056276999413967133,0.053936000913381577,0.056276001036167145,7147587
2022-03-25T00:00:00.000000Z,0.056281998753547668,0.057854000478982925,0.056095998734235764,0.057546000927686691,8435401
2022-03-26T00:00:00.000000Z,0.057542998343706131,0.059663999825716019,0.057542998343706131,0.059509001672267914,7469057
2022-03-27T00:00:00.000000Z,0.059509001672267914,0.06144300103187561,0.059454001486301422,0.061407998204231262,8222682
2022-03-28T00:00:00.000000Z,0.061411000788211823,0.062029998749494553,0.061048001050949097,0.061239000409841537,8816928
2022-03-29T00:00:00.000000Z,0.061213001608848572,0.061402998864650726,0.059934001415967941,0.06011199951171875,7037339
2022-03-30T00:00:00.000000Z,0.060107000172138214,0.060231998562812805,0.058419998735189438,0.058589998632669449,6394726
2022-03-31T00:00:00.000000Z,0.058591999113559723,0.059013999998569489,0.057032998651266098,0.057250998914241791,6258801
2022-04-01T00:00:00.000000Z,0.057243999093770981,0.057553000748157501,0.056598000228404999,0.057519000023603439,7665956
2022-04-02T00:00:00.000000Z,0.057519000023603439,0.05903099849820137,0.057339999824762344,0.058738000690937042,8080637
2022-04-03T00:00:00.000000Z,0.058740001171827316,0.0604109987616539,0.058607000857591629,0.06012900173664093,6387041
2022-04-04T00:00:00.000000Z,0.060132000595331192,0.060439001768827438,0.059477999806404114,0.059827998280525208,5080409
2022-04-05T00:00:00.000000Z,0.059826001524925232,0.059868998825550079,0.058658000081777573,0.058687001466751099,4546816
2022-04-06T00:00:00.000000Z,0.058681998401880264,0.058720000088214874,0.055334001779556274,0.055569000542163849,7234639
2022-04-07T00:00:00.000000Z,0.055435001850128174,0.056166000664234161,0.055298000574111938,0.055406000465154648,5058786
2022-04-08T00:00:00.000000Z,0.05540899932384491,0.056127000600099564,0.054939001798629761,0.055091999471187592,5674374
2022-04-09T00:00:00.000000Z,0.055137999355792999,0.056101001799106598,0.05498100072145462,0.056001998484134674,4867169
2022-04-10T00:00:00.000000Z,0.056007999926805496,0.057482998818159103,0.056001998484134674,0.057321999222040176,4565914
2022-04-11T00:00:00.000000Z,0.057328000664710999,0.057525001466274261,0.054625999182462692,0.054653998464345932,6195758
2022-04-12T00:00:00.000000Z,0.05466499924659729,0.055197998881340027,0.054276000708341599,0.054540999233722687,6423672
2022-04-13T00:00:00.000000Z,0.054536998271942139,0.05495699867606163,0.054173000156879425,0.054855000227689743,4126126
2022-04-14T00:00:00.000000Z,0.054850000888109207,0.055153999477624893,0.053794998675584793,0.053936000913381577,3736975
2022-04-15T00:00:00.000000Z,0.053943000733852386,0.054544001817703247,0.053396999835968018,0.054517000913619995,3744664
2022-04-16T00:00:00.000000Z,0.054542001336812973,0.054770000278949738,0.054264001548290253,0.054568998515605927,3301014
2022-04-17T00:00:00.000000Z,0.054579000920057297,0.055776998400688171,0.054522000253200531,0.055298998951911926,3877529
2022-04-18T00:00:00.000000Z,0.055302999913692474,0.055302999913692474,0.053598001599311829,0.054021000862121582,6222676
2022-04-19T00:00:00.000000Z,0.054023999720811844,0.05508200079202652,0.054023999720811844,0.054880999028682709,4873031
2022-04-20T00:00:00.000000Z,0.054887998849153519,0.055663999170064926,0.054744001477956772,0.055566001683473587,5018308
2022-04-21T00:00:00.000000Z,0.055564999580383301,0.059916000813245773,0.055516000837087631,0.057232998311519623,7784911
2022-04-22T00:00:00.000000Z,0.057229999452829361,0.057668998837471008,0.054467998445034027,0.054669000208377838,6697348
2022-04-23T00:00:00.000000Z,0.054676000028848648,0.056683998554944992,0.054623998701572418,0.056363999843597412,4335543
2022-04-24T00:00:00.000000Z,0.05635799840092659,0.058058001101016998,0.05635400116443634,0.05741799995303154,5013590
2022-04-25T00:00:00.000000Z,0.057418998330831528,0.057440001517534256,0.054644998162984848,0.055077999830245972,5994292
2022-04-26T00:00:00.000000Z,0.05507500097155571,0.05560699850320816,0.053390000015497208,0.054161000996828079,5419709
2022-04-27T00:00:00.000000Z,0.054157998412847519,0.054405998438596725,0.052983999252319336,0.053881000727415085,5747991
2022-04-28T00:00:00.000000Z,0.053888998925685883,0.05663599818944931,0.053569000214338303,0.056320000439882278,6852780
2022-04-29T00:00:00.000000Z,0.056313998997211456,0.063970997929573059,0.056242998689413071,0.063970997929573059,19770209
2022-04-30T00:00:00.000000Z,0.063961997628211975,0.068168997764587402,0.062019001692533493,0.062093999236822128,22101093
2022-05-01T00:00:00.000000Z,0.06206899881362915,0.062137000262737274,0.060433000326156616,0.061549000442028046,12082590
2022-05-02T00:00:00.000000Z,0.061556000262498856,0.062449000775814056,0.061011001467704773,0.061655998229980469,9739245
2022-05-03T00:00:00.000000Z,0.061641998589038849,0.063657999038696289,0.061562001705169678,0.06360500305891037,7766347
2022-05-04T00:00:00.000000Z,0.063587002456188202,0.065693996846675873,0.063576996326446533,0.065462000668048859,12973105
2022-05-05T00:00:00.000000Z,0.065449997782707214,0.065756000578403473,0.062350001186132431,0.063211001455783844,11360808
2022-05-06T00:00:00.000000Z,0.063206002116203308,0.063248001039028168,0.060508999973535538,0.061969999223947525,11192872
2022-05-07T00:00:00.000000Z,0.061973001807928085,0.063383996486663818,0.061834000051021576,0.06252799928188324,9489373
2022-05-08T00:00:00.000000Z,0.06251700222492218,0.063582003116607666,0.0611720010638237,0.063514001667499542,12250614
2022-05-09T00:00:00.000000Z,0.06351500004529953,0.063739001750946045,0.058173999190330505,0.058173999190330505,16001521
2022-05-10T00:00:00.000000Z,0.058148998767137527,0.059512000530958176,0.057824999094009399,0.058591000735759735,13930770
2022-05-11T00:00:00.000000Z,0.058582000434398651,0.058903999626636505,0.045503001660108566,0.045719001442193985,26748550
2022-05-12T00:00:00.000000Z,0.04576599970459938,0.046631999313831329,0.035693001002073288,0.042141001671552658,18512179
2022-05-13T00:00:00.000000Z,0.04211600124835968,0.047967001795768738,0.040963999927043915,0.045600000768899918,15139148
2022-05-14T00:00:00.000000Z,0.045605998486280441,0.046672999858856201,0.041705001145601273,0.046022001653909683,12415864
2022-05-15T00:00:00.000000Z,0.045933999121189117,0.050985999405384064,0.044943001121282578,0.047557998448610306,12510670
2022-05-16T00:00:00.000000Z,0.047561999410390854,0.047561999410390854,0.045402001589536667,0.046291999518871307,9699729
2022-05-17T00:00:00.000000Z,0.046294998377561569,0.04745899885892868,0.045127999037504196,0.045558001846075058,9784847
2022-05-18T00:00:00.000000Z,0.045559998601675034,0.045775998383760452,0.041776999831199646,0.042343001812696457,10535134
2022-05-19T00:00:00.000000Z,0.042309999465942383,0.048569999635219574,0.041627999395132065,0.045827999711036682,17347831
2022-05-20T00:00:00.000000Z,0.045875001698732376,0.046528000384569168,0.042174998670816422,0.043319001793861389,16326681
2022-05-21T00:00:00.000000Z,0.043315999209880829,0.04450799897313118,0.042261999100446701,0.043432999402284622,14940759
2022-05-22T00:00:00.000000Z,0.043418999761343002,0.044282998889684677,0.042056001722812653,0.042994998395442963,14652424
2022-05-23T00:00:00.000000Z,0.042968999594449997,0.04317300021648407,0.040835998952388763,0.04177200049161911,19771339
2022-05-24T00:00:00.000000Z,0.041770998388528824,0.042275000363588333,0.039409000426530838,0.041584998369216919,10521072
2022-05-25T00:00:00.000000Z,0.041593000292778015,0.041620999574661255,0.040061000734567642,0.040288999676704407,12383778
2022-05-26T00:00:00.000000Z,0.040286999195814133,0.040612000972032547,0.038079999387264252,0.038766998797655106,10948009
2022-05-27T00:00:00.000000Z,0.038821000605821609,0.039276000112295151,0.037445999681949615,0.037633001804351807,6961890
2022-05-28T00:00:00.000000Z,0.037636000663042068,0.039804000407457352,0.036026999354362488,0.039746001362800598,5417723
2022-05-29T00:00:00.000000Z,0.039749998599290848,0.041971001774072647,0.037983998656272888,0.041963998228311539,6435794
2022-05-30T00:00:00.000000Z,0.041962999850511551,0.045644000172615051,0.039657998830080032,0.042121998965740204,12461984
2022-05-31T00:00:00.000000Z,0.04212300106883049,0.044257000088691711,0.040947999805212021,0.040957998484373093,15205914
2022-06-01T00:00:00.000000Z,0.040954999625682831,0.041219998151063919,0.038949001580476761,0.039167001843452454,10946688
2022-06-02T00:00:00.000000Z,0.03916500136256218,0.03916500136256218,0.037946999073028564,0.038357999175786972,9263141
2022-06-03T00:00:00.000000Z,0.03836899995803833,0.038626000285148621,0.037154000252485275,0.037239998579025269,10114573
2022-06-04T00:00:00.000000Z,0.037223000079393387,0.039363998919725418,0.037158999592065811,0.038205001503229141,9436182
2022-06-05T00:00:00.000000Z,0.038210999220609665,0.038658998906612396,0.037594001740217209,0.037808001041412354,7393624
2022-06-06T00:00:00.000000Z,0.037810999900102615,0.039105001837015152,0.037723999470472336,0.038244999945163727,9099117
2022-06-07T00:00:00.000000Z,0.038249000906944275,0.03829599916934967,0.036708001047372818,0.037810999900102615,9079778
2022-06-08T00:00:00.000000Z,0.037884999066591263,0.037900000810623169,0.036593001335859299,0.037108998745679855,7664685
2022-06-09T00:00:00.000000Z,0.037170000374317169,0.037409000098705292,0.036635998636484146,0.037176001816987991,6190341
2022-06-10T00:00:00.000000Z,0.037177000194787979,0.037241000682115555,0.035457000136375427,0.0362900011241436,8265050
2022-06-11T00:00:00.000000Z,0.03629399836063385,0.036839000880718231,0.033766001462936401,0.034421000629663467,16393870
2022-06-12T00:00:00.000000Z,0.034448001533746719,0.034554000943899155,0.032604001462459564,0.033392999321222305,7148112
2022-06-13T00:00:00.000000Z,0.033374998718500137,0.033505000174045563,0.029353000223636627,0.029952000826597214,11595925
2022-06-14T00:00:00.000000Z,0.02993600070476532,0.031148999929428101,0.028725000098347664,0.029549999162554741,8950708
2022-06-15T00:00:00.000000Z,0.02957800030708313,0.030691999942064285,0.026892000809311867,0.030306000262498856,11318743
2022-06-16T00:00:00.000000Z,0.030307000502943993,0.031026000156998634,0.027586000040173531,0.028200000524520874,7438256
2022-06-17T00:00:00.000000Z,0.028199000284075737,0.029967999085783958,0.028147000819444656,0.029893999919295311,5670695
2022-06-18T00:00:00.000000Z,0.029887000098824501,0.030286999419331551,0.028217000886797905,0.029600000008940697,7220728
2022-06-19T00:00:00.000000Z,0.029597999528050423,0.031674999743700027,0.029151000082492828,0.031240999698638916,5496055
2022-06-20T00:00:00.000000Z,0.031239999458193779,0.032219000160694122,0.030048999935388565,0.03122900053858757,8795908
2022-06-21T00:00:00.000000Z,0.031218999996781349,0.032035999000072479,0.030223999172449112,0.030531000345945358,13903410
2022-06-22T00:00:00.000000Z,0.03053399920463562,0.03059300035238266,0.029046999290585518,0.029650000855326653,18250002
2022-06-23T00:00:00.000000Z,0.029650000855326653,0.030153000727295876,0.028632000088691711,0.029423000290989876,8115921
2022-06-24T00:00:00.000000Z,0.029426999390125275,0.030400000512599945,0.029262000694870949,0.029442999511957169,7403576
2022-06-25T00:00:00.000000Z,0.02944600023329258,0.029797999188303947,0.028797000646591187,0.029162999242544174,5885332
2022-06-26T00:00:00.000000Z,0.029198000207543373,0.029389999806880951,0.028787000104784966,0.028946999460458755,6026976
2022-06-27T00:00:00.000000Z,0.028947999700903893,0.029138000681996346,0.025694999843835831,0.025903999805450439,16561330
2022-06-28T00:00:00.000000Z,0.025887999683618546,0.026815000921487808,0.024730000644922256,0.025366999208927155,13709848
2022-06-29T00:00:00.000000Z,0.025357000529766083,0.025427000597119331,0.024330999702215195,0.024359000846743584,6709220
2022-06-30T00:00:00.000000Z,0.024365000426769257,0.02443699911236763,0.022355999797582626,0.023652000352740288,5973654
2022-07-01T00:00:00.000000Z,0.023654000833630562,0.024230999872088432,0.023187000304460526,0.023940000683069229,5812929
2022-07-02T00:00:00.000000Z,0.02396400086581707,0.024236999452114105,0.023823000490665436,0.024024000391364098,3588578
2022-07-03T00:00:00.000000Z,0.024020999670028687,0.025018999353051186,0.02399899996817112,0.024785000830888748,3559141
2022-07-04T00:00:00.000000Z,0.024806000292301178,0.026043999940156937,0.024560999125242233,0.02592100016772747,3849241
2022-07-05T00:00:00.000000Z,0.025919999927282333,0.026102000847458839,0.024452999234199524,0.024969000369310379,4046186
2022-07-06T00:00:00.000000Z,0.024979999288916588,0.025505999103188515,0.024853000417351723,0.025438999757170677,3866196
2022-07-07T00:00:00.000000Z,0.025449000298976898,0.025839999318122864,0.024159999564290047,0.025753000751137733,4910565
2022-07-08T00:00:00.000000Z,0.025760000571608543,0.026820000261068344,0.025689000263810158,0.026592999696731567,4020799
2022-07-09T00:00:00.000000Z,0.026580000296235085,0.027580000460147858,0.026391999796032906,0.027505999431014061,3715938
2022-07-10T00:00:00.000000Z,0.027504999190568924,0.027939999476075172,0.02637300081551075,0.026655999943614006,4267795
2022-07-11T00:00:00.000000Z,0.026649000123143196,0.026686999946832657,0.026084000244736671,0.026231000199913979,3171422
2022-07-12T00:00:00.000000Z,0.026232000440359116,0.026597000658512115,0.025968000292778015,0.026020999997854233,3181459
2022-07-13T00:00:00.000000Z,0.026033999398350716,0.027468999847769737,0.025262000039219856,0.02741600014269352,4502231
2022-07-14T00:00:00.000000Z,0.027419000864028931,0.027445999905467033,0.02665800042450428,0.027247000485658646,3610785
2022-07-15T00:00:00.000000Z,0.027241000905632973,0.027566999197006226,0.026863999664783478,0.027165999636054039,3231865
2022-07-16T00:00:00.000000Z,0.02716900035738945,0.027716999873518944,0.026887999847531319,0.027650000527501106,3687260
2022-07-17T00:00:00.000000Z,0.027651000767946243,0.028798000887036324,0.027552999556064606,0.028467999771237373,3374034
2022-07-18T00:00:00.000000Z,0.028458999469876289,0.030035000294446945,0.028458999469876289,0.029944000765681267,3986468
2022-07-19T00:00:00.000000Z,0.029910000041127205,0.030882000923156738,0.02878200076520443,0.030610000714659691,5505481
2022-07-20T00:00:00.000000Z,0.030567999929189682,0.030990999191999435,0.029800999909639359,0.030780000612139702,4697710
2022-07-21T00:00:00.000000Z,0.030774999409914017,0.030981000512838364,0.029247000813484192,0.030141999945044518,4604268
2022-07-22T00:00:00.000000Z,0.030132999643683434,0.03021400049328804,0.028612999245524406,0.028851000592112541,3816434
2022-07-23T00:00:00.000000Z,0.028844000771641731,0.029084000736474991,0.028386000543832779,0.028983000665903091,3230392
2022-07-24T00:00:00.000000Z,0.028985999524593353,0.0297240000218153,0.028633000329136848,0.029482999816536903,3847132
2022-07-25T00:00:00.000000Z,0.029456000775098801,0.029596999287605286,0.0279339998960495,0.027970999479293823,4518028
2022-07-26T00:00:00.000000Z,0.027956999838352203,0.028037000447511673,0.026302000507712364,0.02742299996316433,3621436
2022-07-27T00:00:00.000000Z,0.027520999312400818,0.029333999380469322,0.026872999966144562,0.029231000691652298,4796916
2022-07-28T00:00:00.000000Z,0.029238000512123108,0.029632000252604485,0.028209999203681946,0.029337000101804733,5063811
2022-07-29T00:00:00.000000Z,0.029315000399947166,0.029814999550580978,0.028266999870538712,0.028878999873995781,4324859
2022-07-30T00:00:00.000000Z,0.028862999752163887,0.030031999573111534,0.028200000524520874,0.029586000367999077,4477746
2022-07-31T00:00:00.000000Z,0.029594000428915024,0.030197000131011009,0.02922699972987175,0.02948400005698204,6168393
2022-08-01T00:00:00.000000Z,0.02950499951839447,0.029734000563621521,0.028738999739289284,0.029658999294042587,4802265
2022-08-02T00:00:00.000000Z,0.029648000374436378,0.030321000143885612,0.027829000726342201,0.028365999460220337,7422802
2022-08-03T00:00:00.000000Z,0.028377000242471695,0.030167000368237495,0.027750000357627869,0.029170000925660133,9076456
2022-08-04T00:00:00.000000Z,0.029170999303460121,0.029743000864982605,0.028413999825716019,0.028971999883651733,5812133
2022-08-05T00:00:00.000000Z,0.028968999162316322,0.030121000483632088,0.028968999162316322,0.030036000534892082,3910373
2022-08-06T00:00:00.000000Z,0.030035000294446945,0.031127000227570534,0.030035000294446945,0.030601000413298607,4204041
2022-08-07T00:00:00.000000Z,0.030611999332904816,0.031739998608827591,0.030471000820398331,0.031562000513076782,7465481
2022-08-08T00:00:00.000000Z,0.031566999852657318,0.032577000558376312,0.031065000221133232,0.032503999769687653,6038736
2022-08-09T00:00:00.000000Z,0.032508999109268188,0.033413998782634735,0.032416999340057373,0.033245999366044998,4321556
2022-08-10T00:00:00.000000Z,0.03322799876332283,0.033968999981880188,0.033018000423908234,0.033798001706600189,4243593
2022-08-11T00:00:00.000000Z,0.033743001520633698,0.036935999989509583,0.033743001520633698,0.03604700043797493,6134995
2022-08-12T00:00:00.000000Z,0.036056000739336014,0.036350999027490616,0.035966001451015472,0.036148000508546829,3886975
2022-08-13T00:00:00.000000Z,0.036143999546766281,0.036302998661994934,0.035707999020814896,0.035790998488664627,3880233
2022-08-14T00:00:00.000000Z,0.035790998488664627,0.036083001643419266,0.035542000085115433,0.035854998975992203,3681536
2022-08-15T00:00:00.000000Z,0.035852000117301941,0.036242000758647919,0.035107001662254333,0.035107001662254333,4704577
2022-08-16T00:00:00.000000Z,0.035105999559164047,0.03536200150847435,0.034255001693964005,0.03436800092458725,4556018
2022-08-17T00:00:00.000000Z,0.03434399887919426,0.034758001565933228,0.033702999353408813,0.033854000270366669,4248537
2022-08-18T00:00:00.000000Z,0.033858001232147217,0.033998001366853714,0.033119998872280121,0.033171001821756363,3683611
2022-08-19T00:00:00.000000Z,0.033169999718666077,0.033199001103639603,0.031644999980926514,0.032398998737335205,5489483
2022-08-20T00:00:00.000000Z,0.032375998795032501,0.033505000174045563,0.031254999339580536,0.032483998686075211,6183831
2022-08-21T00:00:00.000000Z,0.032481998205184937,0.032481998205184937,0.030799999833106995,0.031376998871564865,6932019
2022-08-22T00:00:00.000000Z,0.031231999397277832,0.031410001218318939,0.028791999444365501,0.029838999733328819,7395015
2022-08-23T00:00:00.000000Z,0.029814999550580978,0.033767998218536377,0.028318999335169792,0.033535998314619064,11908709
2022-08-24T00:00:00.000000Z,0.03351299837231636,0.03351299837231636,0.030708000063896179,0.031300000846385956,10760426
2022-08-25T00:00:00.000000Z,0.031304001808166504,0.03186500072479248,0.030043000355362892,0.030092999339103699,5031964
2022-08-26T00:00:00.000000Z,0.030091999098658562,0.030274000018835068,0.028046999126672745,0.02817000076174736,4542872
2022-08-27T00:00:00.000000Z,0.02812499925494194,0.028261000290513039,0.027099000290036201,0.027458000928163528,5297197
2022-08-28T00:00:00.000000Z,0.027457000687718391,0.027558000758290291,0.026285000145435333,0.026285000145435333,3877786
2022-08-29T00:00:00.000000Z,0.026278000324964523,0.026514999568462372,0.025815000757575035,0.026468999683856964,2970491
2022-08-30T00:00:00.000000Z,0.026471000164747238,0.02753400057554245,0.026404000818729401,0.026636999100446701,3405121
2022-08-31T00:00:00.000000Z,0.026642000302672386,0.027457000687718391,0.026592999696731567,0.026660999283194542,2702958
2022-09-01T00:00:00.000000Z,0.026667000725865364,0.026893999427556992,0.025668000802397728,0.025984000414609909,3195840
2022-09-02T00:00:00.000000Z,0.025981999933719635,0.026335999369621277,0.025837000459432602,0.026111999526619911,3077468
2022-09-03T00:00:00.000000Z,0.026117000728845596,0.026179000735282898,0.02578900009393692,0.026108000427484512,2425715
2022-09-04T00:00:00.000000Z,0.026105999946594238,0.026296999305486679,0.025894999504089355,0.026189999654889107,2110217
2022-09-05T00:00:00.000000Z,0.026252999901771545,0.026255000382661819,0.025965999811887741,0.026062000542879105,1968582
2022-09-06T00:00:00.000000Z,0.026047000661492348,0.02629300020635128,0.025507999584078789,0.025535000488162041,2505571
2022-09-07T00:00:00.000000Z,0.025529000908136368,0.025779999792575836,0.025333000347018242,0.025490999221801758,2649711
2022-09-08T00:00:00.000000Z,0.025475999340415001,0.025543000549077988,0.025017000734806061,0.025165000930428505,2816104
2022-09-09T00:00:00.000000Z,0.025160999968647957,0.026319000869989395,0.025160999968647957,0.026294000446796417,3204690
2022-09-10T00:00:00.000000Z,0.026305999606847763,0.026500999927520752,0.026045000180602074,0.026111999526619911,2350893
2022-09-11T00:00:00.000000Z,0.026119999587535858,0.026793999597430229,0.026110999286174774,0.026762999594211578,2429004
2022-09-12T00:00:00.000000Z,0.026775000616908073,0.027184000238776207,0.026488000527024269,0.027184000238776207,3590516
2022-09-13T00:00:00.000000Z,0.02716900035738945,0.027336999773979187,0.026466000825166702,0.026698999106884003,3327175
2022-09-14T00:00:00.000000Z,0.026508999988436699,0.026961000636219978,0.026371000334620476,0.02675900049507618,2481975
2022-09-15T00:00:00.000000Z,0.026763999834656715,0.026992000639438629,0.026184000074863434,0.0263069998472929,2624031
2022-09-16T00:00:00.000000Z,0.0263069998472929,0.026774000376462936,0.026187999173998833,0.026767000555992126,1841169
2022-09-17T00:00:00.000000Z,0.026761999353766441,0.027048999443650246,0.02658499963581562,0.027017999440431595,2201919
2022-09-18T00:00:00.000000Z,0.026954999193549156,0.027098000049591064,0.026841999962925911,0.026883000507950783,1757438
2022-09-19T00:00:00.000000Z,0.026884999126195908,0.026976000517606735,0.026254000142216682,0.026788000017404556,1981424
2022-09-20T00:00:00.000000Z,0.026791999116539955,0.02683199942111969,0.026148999109864235,0.026234999299049377,2299828
2022-09-21T00:00:00.000000Z,0.026239000260829926,0.026860000565648079,0.026138000190258026,0.026655999943614006,2311189
2022-09-22T00:00:00.000000Z,0.026650000363588333,0.028418999165296555,0.026486000046133995,0.02832300029695034,3175220
2022-09-23T00:00:00.000000Z,0.02830900065600872,0.030798999592661858,0.02827100083231926,0.030693000182509422,4322510
2022-09-24T00:00:00.000000Z,0.030696999281644821,0.031351000070571899,0.029944000765681267,0.030267000198364258,3473143
2022-09-25T00:00:00.000000Z,0.030264999717473984,0.030277000740170479,0.029498999938368797,0.029549000784754753,2240487
2022-09-26T00:00:00.000000Z,0.0295570008456707,0.029952000826597214,0.029540000483393669,0.029874999076128006,2232677
2022-09-27T00:00:00.000000Z,0.0298909991979599,0.030736999586224556,0.029852999374270439,0.030224999412894249,2834865
2022-09-28T00:00:00.000000Z,0.030225999653339386,0.030334999784827232,0.029786000028252602,0.030131999403238297,2927062
2022-09-29T00:00:00.000000Z,0.030135000124573708,0.031417999416589737,0.030135000124573708,0.03127799928188324,3115118
2022-09-30T00:00:00.000000Z,0.031385000795125961,0.031996998935937881,0.03130900114774704,0.031867001205682755,2880135
2022-10-01T00:00:00.000000Z,0.031869001686573029,0.032632999122142792,0.031828999519348145,0.032478999346494675,3265536
2022-10-02T00:00:00.000000Z,0.032474000006914139,0.032669000327587128,0.031335998326539993,0.031520001590251923,4428710
2022-10-03T00:00:00.000000Z,0.031493000686168671,0.031626001000404358,0.030706999823451042,0.031089000403881073,3887856
2022-10-04T00:00:00.000000Z,0.031073000282049179,0.031527001410722733,0.031041000038385391,0.031337998807430267,3912390
2022-10-05T00:00:00.000000Z,0.031341001391410828,0.031344000250101089,0.029808999970555305,0.029941000044345856,4285302
2022-10-06T00:00:00.000000Z,0.029924999922513962,0.031459998339414597,0.029920000582933426,0.031396999955177307,3888089
2022-10-07T00:00:00.000000Z,0.031394999474287033,0.031909998506307602,0.031394001096487045,0.031858000904321671,3807022
2022-10-08T00:00:00.000000Z,0.031803000718355179,0.032666999846696854,0.031803000718355179,0.032476000487804413,3441788
2022-10-09T00:00:00.000000Z,0.032492000609636307,0.033052001148462296,0.032363999634981155,0.032997000962495804,3216363
2022-10-10T00:00:00.000000Z,0.032997000962495804,0.033123999834060669,0.032485999166965485,0.032558999955654144,3432280
2022-10-11T00:00:00.000000Z,0.032565999776124954,0.032565999776124954,0.031823001801967621,0.031858999282121658,3588341
2022-10-12T00:00:00.000000Z,0.031975001096725464,0.032067000865936279,0.03155900165438652,0.031677998602390289,3906755
2022-10-13T00:00:00.000000Z,0.031723000109195709,0.031778000295162201,0.031137000769376755,0.031546998769044876,4366808
2022-10-14T00:00:00.000000Z,0.031544998288154602,0.031989000737667084,0.031544998288154602,0.0318479984998703,4146203
2022-10-15T00:00:00.000000Z,0.031851001083850861,0.031989999115467072,0.031644001603126526,0.03195900097489357,3320260
2022-10-16T00:00:00.000000Z,0.031959999352693558,0.032161999493837357,0.031810998916625977,0.031985998153686523,3755298
2022-10-17T00:00:00.000000Z,0.031989000737667084,0.03235900029540062,0.031881000846624374,0.031977001577615738,4129959
2022-10-18T00:00:00.000000Z,0.031975999474525452,0.032037999480962753,0.031263001263141632,0.031433999538421631,2939795
2022-10-19T00:00:00.000000Z,0.031454998999834061,0.031555000692605972,0.03111799992620945,0.031153999269008636,3838651
2022-10-20T00:00:00.000000Z,0.031158000230789185,0.031353998929262161,0.030959000810980797,0.031060999259352684,4211679
2022-10-21T00:00:00.000000Z,0.031060000881552696,0.031199999153614044,0.030802000313997269,0.03100300021469593,4037763
2022-10-22T00:00:00.000000Z,0.030997000634670258,0.031153999269008636,0.030789999291300774,0.030912000685930252,3608274
2022-10-23T00:00:00.000000Z,0.030836999416351318,0.031057000160217285,0.030623000115156174,0.030641000717878342,3848100
2022-10-24T00:00:00.000000Z,0.030633000656962395,0.030817000195384026,0.030130000784993172,0.030507000163197517,3658261
2022-10-25T00:00:00.000000Z,0.030518999323248863,0.030921999365091324,0.03014099970459938,0.030744999647140503,3282989
2022-10-26T00:00:00.000000Z,0.030744999647140503,0.031514998525381088,0.030671000480651855,0.031396999955177307,3254847
2022-10-27T00:00:00.000000Z,0.031397998332977295,0.031690999865531921,0.031175000593066216,0.03131600096821785,4074807
2022-10-28T00:00:00.000000Z,0.031367000192403793,0.031509999185800552,0.031039999797940254,0.031348001211881638,3790458
2022-10-29T00:00:00.000000Z,0.031360998749732971,0.031709998846054077,0.031134000048041344,0.031136000528931618,4032575
2022-10-30T00:00:00.000000Z,0.031127000227570534,0.031334999948740005,0.030957000330090523,0.031100999563932419,3800811
2022-10-31T00:00:00.000000Z,0.031094999983906746,0.031153999269008636,0.030665000900626183,0.030693000182509422,3047450
2022-11-01T00:00:00.000000Z,0.030688000842928886,0.030988000333309174,0.030069999396800995,0.030277000740170479,2869298
2022-11-02T00:00:00.000000Z,0.030252000316977501,0.030332999303936958,0.029934000223875046,0.030104000121355057,2385521
2022-11-03T00:00:00.000000Z,0.030114000663161278,0.030247999355196953,0.029722999781370163,0.029938999563455582,2835715
2022-11-04T00:00:00.000000Z,0.029938999563455582,0.030494000762701035,0.029828999191522598,0.030371999368071556,3005805
2022-11-05T00:00:00.000000Z,0.030423000454902649,0.031031999737024307,0.030316999182105064,0.030822999775409698,3077102
2022-11-06T00:00:00.000000Z,0.030817000195384026,0.031074000522494316,0.030679000541567802,0.03075299970805645,3040854
2022-11-07T00:00:00.000000Z,0.030750999227166176,0.030765000730752945,0.030327999964356422,0.030463999137282372,3162715
2022-11-08T00:00:00.000000Z,0.030463000759482384,0.030649000778794289,0.028271999210119247,0.028629999607801437,4132752
2022-11-09T00:00:00.000000Z,0.028618000447750092,0.028975000604987144,0.02591400034725666,0.026213999837636948,3986524
2022-11-10T00:00:00.000000Z,0.026211999356746674,0.027645999565720558,0.026086000725626945,0.0274020005017519,4316045
2022-11-11T00:00:00.000000Z,0.027403000742197037,0.027676999568939209,0.026250999420881271,0.026450000703334808,3827997
2022-11-12T00:00:00.000000Z,0.026455000042915344,0.026636999100446701,0.026128999888896942,0.026319000869989395,2549827
2022-11-13T00:00:00.000000Z,0.026324000209569931,0.026821000501513481,0.025022000074386597,0.025141000747680664,3386928
2022-11-14T00:00:00.000000Z,0.025144999846816063,0.025361999869346619,0.024149000644683838,0.02530599944293499,2958468
2022-11-15T00:00:00.000000Z,0.025303000584244728,0.026395000517368317,0.025260999798774719,0.026009999215602875,2922608
2022-11-16T00:00:00.000000Z,0.026004999876022339,0.026116000488400459,0.0251460000872612,0.025214999914169312,2490237
2022-11-17T00:00:00.000000Z,0.02521900087594986,0.026091000065207481,0.025094000622630119,0.025845000520348549,2041554
2022-11-18T00:00:00.000000Z,0.025845000520348549,0.026111999526619911,0.02576100081205368,0.025840999558568001,2293276
2022-11-19T00:00:00.000000Z,0.025846000760793686,0.02627200074493885,0.025585999712347984,0.026063999161124229,2373930
2022-11-20T00:00:00.000000Z,0.026058999821543694,0.02638000063598156,0.025260999798774719,0.025329999625682831,2435518
2022-11-21T00:00:00.000000Z,0.025330999866127968,0.025333000347018242,0.023607000708580017,0.02435700036585331,2823682
2022-11-22T00:00:00.000000Z,0.0243500005453825,0.024481000378727913,0.023625999689102173,0.024217000231146812,2220628
2022-11-23T00:00:00.000000Z,0.024230999872088432,0.024640999734401703,0.024063000455498695,0.024535000324249268,2782625
2022-11-24T00:00:00.000000Z,0.024531999602913857,0.024927999824285507,0.024373000487685204,0.024714000523090363,2996144
2022-11-25T00:00:00.000000Z,0.024707000702619553,0.024824000895023346,0.024052999913692474,0.024194000288844109,3135822
2022-11-26T00:00:00.000000Z,0.024196000769734383,0.024481000378727913,0.024062000215053558,0.024152999743819237,2723746
2022-11-27T00:00:00.000000Z,0.02415899932384491,0.024267999455332756,0.023701999336481094,0.023711999878287315,2476082
2022-11-28T00:00:00.000000Z,0.023708999156951904,0.0237869992852211,0.023055000230669975,0.023105999454855919,3007989
2022-11-29T00:00:00.000000Z,0.023117000237107277,0.023629000410437584,0.022971000522375107,0.023022999987006187,2888567
2022-11-30T00:00:00.000000Z,0.023024000227451324,0.02336600050330162,0.02273700013756752,0.023187000304460526,3119205
2022-12-01T00:00:00.000000Z,0.023187000304460526,0.023298000916838646,0.02243800088763237,0.022469999268651009,2961369
2022-12-02T00:00:00.000000Z,0.022469999268651009,0.022923000156879425,0.022377999499440193,0.022773999720811844,2859612
2022-12-03T00:00:00.000000Z,0.022783000022172928,0.022833999246358871,0.022012000903487206,0.022081000730395317,2710325
2022-12-04T00:00:00.000000Z,0.022032000124454498,0.022463999688625336,0.021549999713897705,0.02174999937415123,3017094
2022-12-05T00:00:00.000000Z,0.021748000755906105,0.022143000736832619,0.021602999418973923,0.021747000515460968,2871313
2022-12-06T00:00:00.000000Z,0.02174999937415123,0.021856000646948814,0.021104000508785248,0.021330000832676888,2842817
2022-12-07T00:00:00.000000Z,0.021328000351786613,0.021328000351786613,0.020317999646067619,0.020764999091625214,3137888
2022-12-08T00:00:00.000000Z,0.020764999091625214,0.021483000367879868,0.020666999742388725,0.021416999399662018,2791190
2022-12-09T00:00:00.000000Z,0.021408999338746071,0.021950000897049904,0.021405000239610672,0.021694999188184738,2645008
2022-12-10T00:00:00.000000Z,0.021694999188184738,0.022104000672698021,0.021677000448107719,0.021950999274849892,2711916
2022-12-11T00:00:00.000000Z,0.021950999274849892,0.022162999957799911,0.021787999197840691,0.021935999393463135,2936951
2022-12-12T00:00:00.000000Z,0.021919999271631241,0.021919999271631241,0.021019000560045242,0.021198999136686325,2503241
2022-12-13T00:00:00.000000Z,0.021180000156164169,0.022293999791145325,0.021031999960541725,0.022293999791145325,2789650
2022-12-14T00:00:00.000000Z,0.022293999791145325,0.023800000548362732,0.022055000066757202,0.023748999461531639,3228448
2022-12-15T00:00:00.000000Z,0.023746000602841377,0.025332000106573105,0.023707000538706779,0.024248000234365463,3840417
2022-12-16T00:00:00.000000Z,0.024253999814391136,0.024550000205636024,0.023273000493645668,0.023439999669790268,2414688
2022-12-17T00:00:00.000000Z,0.023442000150680542,0.023607999086380005,0.02313699945807457,0.023334000259637833,2499796
2022-12-18T00:00:00.000000Z,0.02333500050008297,0.024207999929785728,0.023258000612258911,0.024080999195575714,2135490
2022-12-19T00:00:00.000000Z,0.024080000817775726,0.026823999360203743,0.024066999554634094,0.026536999270319939,4534355
2022-12-20T00:00:00.000000Z,0.026543000712990761,0.028201000764966011,0.026020999997854233,0.027922999113798141,3559073
2022-12-21T00:00:00.000000Z,0.027924999594688416,0.028206000104546547,0.027286000549793243,0.027420999482274055,3201607
2022-12-22T00:00:00.000000Z,0.027418000623583794,0.027566999197006226,0.026508999988436699,0.026755999773740768,2603713
2022-12-23T00:00:00.000000Z,0.026754999533295631,0.027403000742197037,0.026610000059008598,0.026728000491857529,2747992
2022-12-24T00:00:00.000000Z,0.026722000911831856,0.026954000815749168,0.026456000283360481,0.026730999350547791,2263671
2022-12-25T00:00:00.000000Z,0.026727000251412392,0.026993999257683754,0.026629000902175903,0.026864999905228615,2114379
2022-12-26T00:00:00.000000Z,0.026853000745177269,0.027633000165224075,0.026853000745177269,0.027513999491930008,2399353
2022-12-27T00:00:00.000000Z,0.027506999671459198,0.028189999982714653,0.027406999841332436,0.027551999315619469,2510626
2022-12-28T00:00:00.000000Z,0.02754800021648407,0.027646999806165695,0.026389999315142632,0.026433000341057777,2574071
2022-12-29T00:00:00.000000Z,0.026440000161528587,0.026449000462889671,0.025503000244498253,0.025747999548912048,3070743
2022-12-30T00:00:00.000000Z,0.025746999308466911,0.025870999321341515,0.025387000292539597,0.025513000786304474,2261197
2022-12-31T00:00:00.000000Z,0.025513000786304474,0.025543000549077988,0.025073999539017677,0.025375999510288239,2382507
2023-01-01T00:00:00.000000Z,0.025380000472068787,0.025803999975323677,0.025340000167489052,0.025752000510692596,1950773
2023-01-02T00:00:00.000000Z,0.025756999850273132,0.025756999850273132,0.02526400052011013,0.025402000173926353,2379993
2023-01-03T00:00:00.000000Z,0.025404000654816628,0.025499999523162842,0.02443699911236763,0.024599000811576843,2270075
2023-01-04T00:00:00.000000Z,0.024599000811576843,0.025005999952554703,0.024441000074148178,0.024597000330686569,2694918
2023-01-05T00:00:00.000000Z,0.024591000750660896,0.025134999305009842,0.024588000029325485,0.024856999516487122,3180111
2023-01-06T00:00:00.000000Z,0.024850999936461449,0.025962000712752342,0.024786999449133873,0.025867000222206116,2238337
2023-01-07T00:00:00.000000Z,0.02586900070309639,0.026249000802636147,0.025683000683784485,0.026056999340653419,2150717
2023-01-08T00:00:00.000000Z,0.02604999952018261,0.026948999613523483,0.026037000119686127,0.026934999972581863,2871955
2023-01-09T00:00:00.000000Z,0.026931999251246452,0.02770099975168705,0.026398999616503716,0.027628999203443527,2693706
2023-01-10T00:00:00.000000Z,0.027627000585198402,0.027676999568939209,0.026333000510931015,0.026598000898957253,2706420
2023-01-11T00:00:00.000000Z,0.026588000357151031,0.026643000543117523,0.025833999738097191,0.026378000155091286,2634960
2023-01-12T00:00:00.000000Z,0.02646699920296669,0.027056999504566193,0.026402000337839127,0.026924999430775642,3059703
2023-01-13T00:00:00.000000Z,0.026921000331640244,0.027522999793291092,0.026845000684261322,0.02744700014591217,2358518
2023-01-14T00:00:00.000000Z,0.027451999485492706,0.028150999918580055,0.027230000123381615,0.027905000373721123,3958181
2023-01-15T00:00:00.000000Z,0.027904000133275986,0.027969000861048698,0.027055000886321068,0.027506999671459198,2824589
2023-01-16T00:00:00.000000Z,0.027506999671459198,0.027814999222755432,0.027008999139070511,0.027022000402212143,2851803
2023-01-17T00:00:00.000000Z,0.027022000402212143,0.027092000469565392,0.026570999994874001,0.027068000286817551,3257390
2023-01-18T00:00:00.000000Z,0.02707199938595295,0.027783999219536781,0.027016999199986458,0.027359999716281891,3014243
2023-01-19T00:00:00.000000Z,0.027352999895811081,0.02765900082886219,0.027041999623179436,0.027494000270962715,3176973
2023-01-20T00:00:00.000000Z,0.027490999549627304,0.028897000476717949,0.027320999652147293,0.028873000293970108,3334855
2023-01-21T00:00:00.000000Z,0.028863999992609024,0.029001999646425247,0.028310999274253845,0.028622999787330627,3830842
2023-01-22T00:00:00.000000Z,0.028625000268220901,0.028991999104619026,0.028533000499010086,0.028690999373793602,2968159
2023-01-23T00:00:00.000000Z,0.028694000095129013,0.028984000906348228,0.02859799936413765,0.028810000047087669,3019054
2023-01-24T00:00:00.000000Z,0.028798000887036324,0.029634999111294746,0.028741000220179558,0.028998000547289848,3607082
2023-01-25T00:00:00.000000Z,0.029027000069618225,0.029168000444769859,0.028292000293731689,0.028536999598145485,3464665
2023-01-26T00:00:00.000000Z,0.028534999117255211,0.029295999556779861,0.02848299965262413,0.029183000326156616,3697550
2023-01-27T00:00:00.000000Z,0.029103999957442284,0.029309999197721481,0.028529999777674675,0.028913000598549843,3605884
2023-01-28T00:00:00.000000Z,0.028903000056743622,0.029720999300479889,0.028762999922037125,0.029369000345468521,2793607
2023-01-29T00:00:00.000000Z,0.02936599962413311,0.029983999207615852,0.029052000492811203,0.029859999194741249,3150147
2023-01-30T00:00:00.000000Z,0.02984900027513504,0.029961999505758286,0.028328999876976013,0.02841000072658062,3787489
2023-01-31T00:00:00.000000Z,0.028408000245690346,0.028627000749111176,0.028229000046849251,0.028535999357700348,3280579
2023-02-01T00:00:00.000000Z,0.028541000559926033,0.029043000191450119,0.028212999925017357,0.02898699976503849,3228010
2023-02-02T00:00:00.000000Z,0.028977999463677406,0.029391000047326088,0.028843000531196594,0.029164999723434448,2959974
2023-02-03T00:00:00.000000Z,0.029171999543905258,0.029756000265479088,0.028999999165534973,0.029733000323176384,2849455
2023-02-04T00:00:00.000000Z,0.029729999601840973,0.029865000396966934,0.029113000258803368,0.029122000560164452,2390440
2023-02-05T00:00:00.000000Z,0.029120000079274178,0.029247000813484192,0.028634000569581985,0.028728000819683075,1968475
2023-02-06T00:00:00.000000Z,0.028720999136567116,0.028838999569416046,0.02776000089943409,0.027775999158620834,2515672
2023-02-07T00:00:00.000000Z,0.027775000780820847,0.028001999482512474,0.027100000530481339,0.027434000745415688,2953346
2023-02-08T00:00:00.000000Z,0.027433000504970551,0.027796000242233276,0.02667899988591671,0.026768999174237251,2701730
2023-02-09T00:00:00.000000Z,0.026765000075101852,0.02703000046312809,0.026344999670982361,0.026427000761032104,2477896
2023-02-10T00:00:00.000000Z,0.026415999978780746,0.026572000235319138,0.025893000885844231,0.026016000658273697,2455393
2023-02-11T00:00:00.000000Z,0.026017000898718834,0.026427000761032104,0.025955000892281532,0.026395000517368317,2124270
2023-02-12T00:00:00.000000Z,0.026389999315142632,0.026977000758051872,0.026333000510931015,0.026642000302672386,2473062
2023-02-13T00:00:00.000000Z,0.026645999401807785,0.026796000078320503,0.026342999190092087,0.026531999930739403,2488890
2023-02-14T00:00:00.000000Z,0.026534000411629677,0.026708999648690224,0.026350000873208046,0.026458999142050743,2377270
2023-02-15T00:00:00.000000Z,0.026473000645637512,0.02733599953353405,0.026412999257445335,0.027296999469399452,2312017
2023-02-16T00:00:00.000000Z,0.027298999950289726,0.027622999623417854,0.026954000815749168,0.02702300064265728,2656818
2023-02-17T00:00:00.000000Z,0.02695699967443943,0.027870999649167061,0.026925999671220779,0.027722999453544617,2868422
2023-02-18T00:00:00.000000Z,0.027716999873518944,0.027860000729560852,0.02745399996638298,0.027645999565720558,2592552
2023-02-19T00:00:00.000000Z,0.027643000707030296,0.027716999873518944,0.02705099992454052,0.027155999094247818,2573551
2023-02-20T00:00:00.000000Z,0.027155999094247818,0.027643999084830284,0.027003999799489975,0.027521999552845955,2521888
2023-02-21T00:00:00.000000Z,0.02753400057554245,0.027781000360846519,0.02731500007212162,0.027620000764727592,2410013
2023-02-22T00:00:00.000000Z,0.027630999684333801,0.027674999088048935,0.027240000665187836,0.027442000806331635,2627517
2023-02-23T00:00:00.000000Z,0.027443999424576759,0.027620000764727592,0.027060000225901604,0.027143999934196472,2571995
2023-02-24T00:00:00.000000Z,0.027153000235557556,0.027354000136256218,0.026872999966144562,0.026991000398993492,2073348
2023-02-25T00:00:00.000000Z,0.026982000097632408,0.027168000116944313,0.026200000196695328,0.026703000068664551,3118240
2023-02-26T00:00:00.000000Z,0.026700999587774277,0.026968000456690788,0.026568999513983727,0.026805000379681587,2341538
2023-02-27T00:00:00.000000Z,0.02680400013923645,0.026813000440597534,0.026393000036478043,0.026717999950051308,2195370
2023-02-28T00:00:00.000000Z,0.026724999770522118,0.027230000123381615,0.026616999879479408,0.026932999491691589,2382069
2023-03-01T00:00:00.000000Z,0.026932999491691589,0.028401000425219536,0.026932999491691589,0.02822599932551384,3103636
2023-03-02T00:00:00.000000Z,0.028227999806404114,0.02984900027513504,0.02817000076174736,0.0294599998742342,3313015
2023-03-03T00:00:00.000000Z,0.029535999521613121,0.029647000133991241,0.028674999251961708,0.029333999380469322,3548027
2023-03-04T00:00:00.000000Z,0.029330000281333923,0.030184999108314514,0.029298000037670135,0.029727000743150711,3651282
2023-03-05T00:00:00.000000Z,0.029726000502705574,0.030119000002741814,0.029681999236345291,0.029960000887513161,2139412
2023-03-06T00:00:00.000000Z,0.029959000647068024,0.030025999993085861,0.02891400083899498,0.029215000569820404,3198200
2023-03-07T00:00:00.000000Z,0.029209999367594719,0.030023999512195587,0.029113000258803368,0.030012000352144241,2969439
2023-03-08T00:00:00.000000Z,0.030014999210834503,0.030048999935388565,0.028366999700665474,0.02848999947309494,2548135
2023-03-09T00:00:00.000000Z,0.028494000434875488,0.028643000870943069,0.027656000107526779,0.027795000001788139,1744019
2023-03-10T00:00:00.000000Z,0.027795000001788139,0.027873000130057335,0.027293000370264053,0.02775299921631813,1627007
2023-03-11T00:00:00.000000Z,0.027750000357627869,0.029037000611424446,0.027735000476241112,0.028943000361323357,2163374
2023-03-12T00:00:00.000000Z,0.028937999159097672,0.029588000848889351,0.028842000290751457,0.029400000348687172,1970952
2023-03-13T00:00:00.000000Z,0.029403999447822571,0.030285999178886414,0.029036000370979309,0.029798999428749084,2146084
2023-03-14T00:00:00.000000Z,0.029789999127388,0.030257999897003174,0.029412999749183655,0.030050000175833702,1961255
2023-03-15T00:00:00.000000Z,0.030053000897169113,0.03231700137257576,0.029944000765681267,0.031658999621868134,3054524
2023-03-16T00:00:00.000000Z,0.031674999743700027,0.031927000731229782,0.031109999865293503,0.03164299950003624,1858046
2023-03-17T00:00:00.000000Z,0.031647000461816788,0.035441000014543533,0.03160800039768219,0.035433001816272736,3042198
2023-03-18T00:00:00.000000Z,0.035436000674962997,0.035744998604059219,0.034837000072002411,0.035041000694036484,2437473
2023-03-19T00:00:00.000000Z,0.03503900021314621,0.035686001181602478,0.034876998513936996,0.035199999809265137,4351666
2023-03-20T00:00:00.000000Z,0.035192001610994339,0.039572998881340027,0.035048998892307281,0.039294000715017319,6922594
2023-03-21T00:00:00.000000Z,0.039053000509738922,0.043758001178503036,0.038927000015974045,0.039585001766681671,13562627
2023-03-22T00:00:00.000000Z,0.039588000625371933,0.040816999971866608,0.038733001798391342,0.038818001747131348,6254870
2023-03-23T00:00:00.000000Z,0.038821998983621597,0.039462000131607056,0.037888001650571823,0.038029000163078308,5609358
2023-03-24T00:00:00.000000Z,0.038026001304388046,0.038504999130964279,0.037748999893665314,0.037939999252557755,4951472
2023-03-25T00:00:00.000000Z,0.03794499859213829,0.039769001305103302,0.037918999791145325,0.039746001362800598,4584152
2023-03-26T00:00:00.000000Z,0.03974900022149086,0.040553998202085495,0.039558000862598419,0.040252000093460083,4371735
2023-03-27T00:00:00.000000Z,0.040270999073982239,0.040536999702453613,0.039599001407623291,0.039712999016046524,5560114
2023-03-28T00:00:00.000000Z,0.039716001600027084,0.040885001420974731,0.039716001600027084,0.040833000093698502,5143573
2023-03-29T00:00:00.000000Z,0.040826000273227692,0.042642999440431595,0.040826000273227692,0.04240100085735321,5473891
2023-03-30T00:00:00.000000Z,0.04239099845290184,0.042764000594615936,0.041122999042272568,0.041356001049280167,5160404
2023-03-31T00:00:00.000000Z,0.041354000568389893,0.043071001768112183,0.040812000632286072,0.042986001819372177,5130838
2023-04-01T00:00:00.000000Z,0.042973998934030533,0.043145999312400818,0.042339000850915909,0.042426999658346176,5447276
2023-04-02T00:00:00.000000Z,0.04247099906206131,0.042585998773574829,0.041505001485347748,0.04174799844622612,4458863
2023-04-03T00:00:00.000000Z,0.041747000068426132,0.041747000068426132,0.040391001850366592,0.040405001491308212,4477854
2023-04-04T00:00:00.000000Z,0.040391001850366592,0.040589001029729843,0.039907999336719513,0.040077999234199524,4809745
2023-04-05T00:00:00.000000Z,0.040070999413728714,0.040835998952388763,0.040066000074148178,0.040761999785900116,4591794
2023-04-06T00:00:00.000000Z,0.040755998343229294,0.041026998311281204,0.040091000497341156,0.040428001433610916,4272398
2023-04-07T00:00:00.000000Z,0.0404059998691082,0.041230998933315277,0.040270999073982239,0.04071199893951416,4610817
2023-04-08T00:00:00.000000Z,0.040700998157262802,0.041025999933481216,0.04032599925994873,0.040716998279094696,4190499
2023-04-09T00:00:00.000000Z,0.040731001645326614,0.041547000408172607,0.040637999773025513,0.041547000408172607,4600209
2023-04-10T00:00:00.000000Z,0.041538000106811523,0.042263999581336975,0.041223999112844467,0.041476000100374222,6239943
2023-04-11T00:00:00.000000Z,0.041459999978542328,0.042155999690294266,0.041271999478340149,0.042018000036478043,4750201
2023-04-12T00:00:00.000000Z,0.042013999074697495,0.042146001011133194,0.041168000549077988,0.041845999658107758,4746505
2023-04-13T00:00:00.000000Z,0.041719000786542892,0.042892001569271088,0.041675001382827759,0.042886000126600266,4610693
2023-04-14T00:00:00.000000Z,0.042892001569271088,0.043359000235795975,0.042722001671791077,0.043281000107526779,4790825
2023-04-15T00:00:00.000000Z,0.043280001729726791,0.044573001563549042,0.043212998658418655,0.04456000030040741,4845796
2023-04-16T00:00:00.000000Z,0.044557999819517136,0.045327000319957733,0.044390998780727386,0.045085001736879349,5103120
2023-04-17T00:00:00.000000Z,0.045076999813318253,0.045345999300479889,0.044300999492406845,0.04450400173664093,5264238
2023-04-18T00:00:00.000000Z,0.044496998190879822,0.04450400173664093,0.043379999697208405,0.043901000171899796,5574119
2023-04-19T00:00:00.000000Z,0.043878000229597092,0.044034998863935471,0.042045000940561295,0.042190998792648315,5689767
2023-04-20T00:00:00.000000Z,0.042188998311758041,0.04274899885058403,0.041556999087333679,0.041689999401569366,5492166
2023-04-21T00:00:00.000000Z,0.041685000061988831,0.041815001517534256,0.040387999266386032,0.040431998670101166,5324373
2023-04-22T00:00:00.000000Z,0.04042699933052063,0.042546998709440231,0.040391001850366592,0.042520999908447266,5371433
2023-04-23T00:00:00.000000Z,0.042529001832008362,0.043037999421358109,0.042114000767469406,0.042323000729084015,4844072
2023-04-24T00:00:00.000000Z,0.042328000068664551,0.042429998517036438,0.041561000049114227,0.041669998317956924,4650216
2023-04-25T00:00:00.000000Z,0.041659999638795853,0.041763000190258026,0.040842998772859573,0.041411001235246658,4949819
2023-04-26T00:00:00.000000Z,0.041418999433517456,0.041627001017332077,0.040316998958587646,0.04081999883055687,5206690
2023-04-27T00:00:00.000000Z,0.040817998349666595,0.041558999568223953,0.040665999054908752,0.041177999228239059,4888590
2023-04-28T00:00:00.000000Z,0.04118800163269043,0.041413001716136932,0.040630999952554703,0.04075000062584877,3847821
2023-04-29T00:00:00.000000Z,0.040762998163700104,0.040970001369714737,0.040399998426437378,0.040470998734235764,3250259
2023-04-30T00:00:00.000000Z,0.040470000356435776,0.040615998208522797,0.040224000811576843,0.040224000811576843,3661362
2023-05-01T00:00:00.000000Z,0.040245000272989273,0.040291998535394669,0.037069998681545258,0.037363998591899872,5230837
2023-05-02T00:00:00.000000Z,0.037367001175880432,0.038022000342607498,0.037273000925779343,0.037962000817060471,3649077
2023-05-03T00:00:00.000000Z,0.037967000156641006,0.037983998656272888,0.037122000008821487,0.03764599934220314,3560749
2023-05-04T00:00:00.000000Z,0.037638001143932343,0.038293000310659409,0.037386998534202576,0.037675000727176666,3648880
2023-05-05T00:00:00.000000Z,0.037673000246286392,0.038097001612186432,0.037321999669075012,0.037370998412370682,3839747
2023-05-06T00:00:00.000000Z,0.037370998412370682,0.037491001188755035,0.036221001297235489,0.036391999572515488,3282039
2023-05-07T00:00:00.000000Z,0.036405999213457108,0.03703099861741066,0.036200001835823059,0.036947999149560928,3628425
2023-05-08T00:00:00.000000Z,0.036935999989509583,0.0371210016310215,0.035018999129533768,0.035277001559734344,3811798
2023-05-09T00:00:00.000000Z,0.035277001559734344,0.035447001457214355,0.034710999578237534,0.034843001514673233,3727656
2023-05-10T00:00:00.000000Z,0.034843001514673233,0.034986000508069992,0.034573998302221298,0.034614000469446182,3387678
2023-05-11T00:00:00.000000Z,0.034729998558759689,0.034729998558759689,0.033886998891830444,0.034166000783443451,3583694
2023-05-12T00:00:00.000000Z,0.034171998500823975,0.034586001187562943,0.033204000443220139,0.03365899994969368,3869797
2023-05-13T00:00:00.000000Z,0.033654000610113144,0.033952001482248306,0.033590000122785568,0.033769998699426651,3323162
2023-05-14T00:00:00.000000Z,0.033773001283407211,0.033980999141931534,0.033516999334096909,0.033767998218536377,3166340
2023-05-15T00:00:00.000000Z,0.033764999359846115,0.033913999795913696,0.032887998968362808,0.032891001552343369,3341308
2023-05-16T00:00:00.000000Z,0.032900001853704453,0.032935000956058502,0.031380001455545425,0.031621001660823822,4173077
2023-05-17T00:00:00.000000Z,0.031626999378204346,0.031667999923229218,0.031209999695420265,0.031516999006271362,3379894
2023-05-18T00:00:00.000000Z,0.031516999006271362,0.031757999211549759,0.031357001513242722,0.031589001417160034,913145
2023-05-19T00:00:00.000000Z,0.031589999794960022,0.032494001090526581,0.031461998820304871,0.032494001090526581,758914
2023-05-20T00:00:00.000000Z,0.032485999166965485,0.032813999801874161,0.032460998743772507,0.032655999064445496,664998
2023-05-21T00:00:00.000000Z,0.03265799954533577,0.032779000699520111,0.032187998294830322,0.032187998294830322,452324
2023-05-22T00:00:00.000000Z,0.032193001359701157,0.032239999622106552,0.031474001705646515,0.031923998147249222,1334570
2023-05-23T00:00:00.000000Z,0.031918998807668686,0.032180998474359512,0.031670000404119492,0.031815998256206512,797883
2023-05-24T00:00:00.000000Z,0.031819999217987061,0.031830001622438431,0.030401000753045082,0.030528999865055084,2073372
2023-05-25T00:00:00.000000Z,0.03052699938416481,0.030827000737190247,0.030245000496506691,0.030817000195384026,1796092
2023-05-26T00:00:00.000000Z,0.030833000317215919,0.031536001712083817,0.030818000435829163,0.031351998448371887,1920528
2023-05-27T00:00:00.000000Z,0.031348001211881638,0.031474001705646515,0.031178999692201614,0.031392998993396759,1479943
2023-05-28T00:00:00.000000Z,0.031389001756906509,0.032060999423265457,0.031362000852823257,0.031941000372171402,1669481
2023-05-29T00:00:00.000000Z,0.031939998269081116,0.032053999602794647,0.031156999990344048,0.031282998621463776,2579695
2023-05-30T00:00:00.000000Z,0.031279999762773514,0.031463000923395157,0.031057000160217285,0.031367000192403793,1882185
2023-05-31T00:00:00.000000Z,0.031367998570203781,0.036671001464128494,0.031152000650763512,0.036671001464128494,7281737
2023-06-01T00:00:00.000000Z,0.036722999066114426,0.041567999869585037,0.035440001636743546,0.03706200048327446,8997075
2023-06-02T00:00:00.000000Z,0.03704499825835228,0.03704499825835228,0.036003999412059784,0.036215998232364655,3700897
2023-06-03T00:00:00.000000Z,0.036212999373674393,0.036288000643253326,0.035300001502037048,0.035346001386642456,2248794
2023-06-04T00:00:00.000000Z,0.035351000726222992,0.035578001290559769,0.034917999058961868,0.034917999058961868,2087720
2023-06-05T00:00:00.000000Z,0.034919001162052155,0.035043001174926758,0.033181998878717422,0.033279001712799072,2837655
2023-06-06T00:00:00.000000Z,0.03328000009059906,0.033714000135660172,0.032522998750209808,0.033674001693725586,2685686
2023-06-07T00:00:00.000000Z,0.033674001693725586,0.034488998353481293,0.033355001360177994,0.034448001533746719,2283894
2023-06-08T00:00:00.000000Z,0.034455999732017517,0.034967001527547836,0.034279000014066696,0.034853000193834305,1852752
2023-06-09T00:00:00.000000Z,0.034866999834775925,0.036143001168966293,0.034793000668287277,0.036134999245405197,2201252
2023-06-10T00:00:00.000000Z,0.036141000688076019,0.03625199943780899,0.033805999904870987,0.03392300009727478,2920943
2023-06-11T00:00:00.000000Z,0.033927001059055328,0.034285001456737518,0.033684000372886658,0.034095000475645065,1622457
2023-06-12T00:00:00.000000Z,0.034090001136064529,0.034242000430822372,0.03332199901342392,0.033367998898029327,2003324
2023-06-13T00:00:00.000000Z,0.033348999917507172,0.033473998308181763,0.032315000891685486,0.032478999346494675,3288055
2023-06-14T00:00:00.000000Z,0.032478999346494675,0.032744001597166061,0.031621001660823822,0.031835999339818954,1716360
2023-06-15T00:00:00.000000Z,0.03184099867939949,0.033376999199390411,0.031502000987529755,0.033064998686313629,2916485
2023-06-16T00:00:00.000000Z,0.033057998865842819,0.034177999943494797,0.032170001417398453,0.03295699879527092,4355872
2023-06-17T00:00:00.000000Z,0.032954998314380646,0.033916998654603958,0.032519001513719559,0.03270300105214119,1938190
2023-06-18T00:00:00.000000Z,0.032706998288631439,0.033165998756885529,0.032209999859333038,0.032464001327753067,1672962
2023-06-19T00:00:00.000000Z,0.032464999705553055,0.032752998173236847,0.03102399967610836,0.031576000154018402,1862028
2023-06-20T00:00:00.000000Z,0.03160100057721138,0.032648000866174698,0.03160100057721138,0.032253000885248184,2175278
2023-06-21T00:00:00.000000Z,0.03225800022482872,0.033819001168012619,0.032191000878810883,0.032786998897790909,2503969
2023-06-22T00:00:00.000000Z,0.032777000218629837,0.034047000110149384,0.032742001116275787,0.033711999654769897,2487033
2023-06-23T00:00:00.000000Z,0.033711999654769897,0.033762998878955841,0.032905001193284988,0.033514000475406647,2089965
2023-06-24T00:00:00.000000Z,0.033516000956296921,0.033601999282836914,0.032722998410463333,0.032937999814748764,1563929
2023-06-25T00:00:00.000000Z,0.032940998673439026,0.033348999917507172,0.032703999429941177,0.032767999917268753,1603494
2023-06-26T00:00:00.000000Z,0.032765999436378479,0.03286299854516983,0.031628001481294632,0.03166700154542923,1771001
2023-06-27T00:00:00.000000Z,0.031665999442338943,0.032430998980998993,0.031631000339984894,0.031922999769449234,2093874
2023-06-28T00:00:00.000000Z,0.03192799910902977,0.031991001218557358,0.030555000528693199,0.030587999150156975,2399432
2023-06-29T00:00:00.000000Z,0.030574999749660492,0.032154001295566559,0.030014000833034515,0.032138999551534653,2094730
2023-06-30T00:00:00.000000Z,0.032131999731063843,0.032692998647689819,0.031114999204874039,0.031713001430034637,2085778
2023-07-01T00:00:00.000000Z,0.031720001250505447,0.033130999654531479,0.031651001423597336,0.03258499875664711,1726589
2023-07-02T00:00:00.000000Z,0.032595999538898468,0.032834000885486603,0.031925998628139496,0.032814998179674149,1571310
2023-07-03T00:00:00.000000Z,0.032825000584125519,0.033192001283168793,0.032094001770019531,0.033176001161336899,1867212
2023-07-04T00:00:00.000000Z,0.033179998397827148,0.033220000565052032,0.031876001507043839,0.032814998179674149,2054624
2023-07-05T00:00:00.000000Z,0.032816998660564423,0.032878998667001724,0.031667999923229218,0.032028000801801682,1254987
2023-07-06T00:00:00.000000Z,0.032044000923633575,0.03254299983382225,0.031440999358892441,0.031454998999834061,1554624
2023-07-07T00:00:00.000000Z,0.031461998820304871,0.032111000269651413,0.031419001519680023,0.031750001013278961,1577812
2023-07-08T00:00:00.000000Z,0.031762998551130295,0.03194199874997139,0.031484000384807587,0.031932000070810318,1347844
2023-07-09T00:00:00.000000Z,0.031955000013113022,0.032118998467922211,0.031663998961448669,0.031961001455783844,1479562
2023-07-10T00:00:00.000000Z,0.03197300061583519,0.03197300061583519,0.03095800057053566,0.03184099867939949,1830634
2023-07-11T00:00:00.000000Z,0.031842999160289764,0.031870998442173004,0.030569000169634819,0.030874999240040779,1979920
2023-07-12T00:00:00.000000Z,0.030867999419569969,0.031964998692274094,0.030867999419569969,0.031849000602960587,1669664
2023-07-13T00:00:00.000000Z,0.031842999160289764,0.034717001020908356,0.031615000218153,0.034253999590873718,4828301
2023-07-14T00:00:00.000000Z,0.03424999862909317,0.034697998315095901,0.032503001391887665,0.03305400162935257,3593575
2023-07-15T00:00:00.000000Z,0.033059999346733093,0.033270999789237976,0.032373998314142227,0.032558001577854156,2009573
2023-07-16T00:00:00.000000Z,0.032568998634815216,0.032611001282930374,0.031998999416828156,0.032405998557806015,2209998
2023-07-17T00:00:00.000000Z,0.032398998737335205,0.034093998372554779,0.032388001680374146,0.033822000026702881,2728360
2023-07-18T00:00:00.000000Z,0.033835001289844513,0.035000000149011612,0.033748000860214233,0.034373000264167786,3440072
2023-07-19T00:00:00.000000Z,0.034366998821496964,0.037696000188589096,0.034366998821496964,0.037468999624252319,9329236
2023-07-20T00:00:00.000000Z,0.037569001317024231,0.040343999862670898,0.034761998802423477,0.04018000140786171,12378329
2023-07-21T00:00:00.000000Z,0.040181998163461685,0.042536001652479172,0.040153000503778458,0.041859999299049377,12711193
2023-07-22T00:00:00.000000Z,0.041862998157739639,0.058678001165390015,0.041862998157739639,0.056517999619245529,27003681
2023-07-23T00:00:00.000000Z,0.056520000100135803,0.056520000100135803,0.047332998365163803,0.051670998334884644,17395364
2023-07-24T00:00:00.000000Z,0.051679998636245728,0.055589001625776291,0.046395000070333481,0.054389998316764832,15161101
2023-07-25T00:00:00.000000Z,0.054409001022577286,0.061002001166343689,0.053975999355316162,0.053975999355316162,20759571
2023-07-26T00:00:00.000000Z,0.05396600067615509,0.058812998235225677,0.053619001060724258,0.05880500003695488,13610700
2023-07-27T00:00:00.000000Z,0.058809999376535416,0.06466200202703476,0.058809999376535416,0.06109200045466423,17513628
2023-07-28T00:00:00.000000Z,0.06109200045466423,0.061551999300718307,0.058290999382734299,0.058329999446868896,13742837
2023-07-29T00:00:00.000000Z,0.058324001729488373,0.0591140016913414,0.054779998958110809,0.056922998279333115,13447198
2023-07-30T00:00:00.000000Z,0.056926000863313675,0.057822998613119125,0.056340999901294708,0.057592000812292099,12492433
2023-07-31T00:00:00.000000Z,0.057592999190092087,0.061004001647233963,0.057537999004125595,0.05980600044131279,13117945
2023-08-01T00:00:00.000000Z,0.059801001101732254,0.06663300096988678,0.05810299888253212,0.063234999775886536,19533540
2023-08-02T00:00:00.000000Z,0.06323300302028656,0.074740998446941376,0.062940999865531921,0.074026003479957581,23670884
2023-08-03T00:00:00.000000Z,0.074041999876499176,0.088359996676445007,0.072254002094268799,0.08822999894618988,44301679
2023-08-04T00:00:00.000000Z,0.088261999189853668,0.091539002954959869,0.069546997547149658,0.071942001581192017,37329819
2023-08-05T00:00:00.000000Z,0.071843996644020081,0.074623003602027893,0.065479002892971039,0.066362999379634857,23137834
2023-08-06T00:00:00.000000Z,0.06629200279712677,0.080387003719806671,0.06211400032043457,0.075963996350765228,25021974
2023-08-07T00:00:00.000000Z,0.07597699761390686,0.07597699761390686,0.066073000431060791,0.067893996834754944,19623953
2023-08-08T00:00:00.000000Z,0.067892000079154968,0.0705609992146492,0.065325997769832611,0.066987000405788422,16906958
2023-08-09T00:00:00.000000Z,0.06699100136756897,0.068057999014854431,0.061524000018835068,0.062345001846551895,17354336
2023-08-10T00:00:00.000000Z,0.062337998300790787,0.0726189985871315,0.062251999974250793,0.069213002920150757,18000347
2023-08-11T00:00:00.000000Z,0.0692019984126091,0.069344997406005859,0.064106002449989319,0.064777001738548279,15320112
2023-08-12T00:00:00.000000Z,0.064774997532367706,0.065977998077869415,0.063239000737667084,0.064167998731136322,13753286
2023-08-13T00:00:00.000000Z,0.064165003597736359,0.06645599752664566,0.063207998871803284,0.064107999205589294,12641286
2023-08-14T00:00:00.000000Z,0.064110003411769867,0.065466001629829407,0.061464998871088028,0.062189001590013504,14313637
2023-08-15T00:00:00.000000Z,0.06219099834561348,0.066102996468544006,0.059390000998973846,0.063951000571250916,13254469
2023-08-16T00:00:00.000000Z,0.063946999609470367,0.064135000109672546,0.056646998971700668,0.057457000017166138,7956264
2023-08-17T00:00:00.000000Z,0.057466998696327209,0.061576999723911285,0.055493000894784927,0.055674999952316284,9657787
2023-08-18T00:00:00.000000Z,0.055679000914096832,0.059657000005245209,0.055016998201608658,0.058600001037120819,11336486
2023-08-19T00:00:00.000000Z,0.058600999414920807,0.058945998549461365,0.054719001054763794,0.05743899941444397,9745350
2023-08-20T00:00:00.000000Z,0.057463999837636948,0.059604998677968979,0.056543998420238495,0.058618001639842987,10062893
2023-08-21T00:00:00.000000Z,0.058625999838113785,0.059553001075983047,0.055408000946044922,0.055684998631477356,12536455
2023-08-22T00:00:00.000000Z,0.055688001215457916,0.056159000843763351,0.052933000028133392,0.054753001779317856,12642804
2023-08-23T00:00:00.000000Z,0.054786000400781631,0.054905001074075699,0.053282000124454498,0.053564999252557755,12275953
2023-08-24T00:00:00.000000Z,0.053568001836538315,0.054774999618530273,0.053258001804351807,0.053619999438524246,11994983
2023-08-25T00:00:00.000000Z,0.053624000400304794,0.053644001483917236,0.052698999643325806,0.052907001227140427,10528677
2023-08-26T00:00:00.000000Z,0.052901998162269592,0.053084000945091248,0.051107998937368393,0.051217000931501389,10414151
2023-08-27T00:00:00.000000Z,0.051238000392913818,0.052120998501777649,0.05024300143122673,0.051920998841524124,10291109
2023-08-28T00:00:00.000000Z,0.051915999501943588,0.053824000060558319,0.051430001854896545,0.053431000560522079,8867000
2023-08-29T00:00:00.000000Z,0.053424999117851257,0.065724000334739685,0.053240001201629639,0.065724000334739685,12639984
2023-08-30T00:00:00.000000Z,0.065728001296520233,0.066592998802661896,0.061597000807523727,0.061597000807523727,15945331
2023-08-31T00:00:00.000000Z,0.061586998403072357,0.061597000807523727,0.057774998247623444,0.058905001729726791,12325200
2023-09-01T00:00:00.000000Z,0.058903001248836517,0.060086999088525772,0.055952001363039017,0.05913500115275383,13636076
2023-09-02T00:00:00.000000Z,0.05913199856877327,0.059376001358032227,0.058038998395204544,0.058942001312971115,12233947
2023-09-03T00:00:00.000000Z,0.058945000171661377,0.059438999742269516,0.057172000408172607,0.05735500156879425,11827702
2023-09-04T00:00:00.000000Z,0.057353001087903976,0.058318000286817551,0.056483998894691467,0.05745600163936615,8121597
2023-09-05T00:00:00.000000Z,0.057461999356746674,0.057831998914480209,0.055525001138448715,0.05571499839425087,8563185
2023-09-06T00:00:00.000000Z,0.055723998695611954,0.055810000747442245,0.053707998245954514,0.053890999406576157,8505627
2023-09-07T00:00:00.000000Z,0.053895000368356705,0.056556999683380127,0.053732998669147491,0.056244999170303345,8781163
2023-09-08T00:00:00.000000Z,0.056246001273393631,0.058040998876094818,0.056189000606536865,0.056189000606536865,9140869
2023-09-09T00:00:00.000000Z,0.056193999946117401,0.05676800012588501,0.054946001619100571,0.055585999041795731,6147079
2023-09-10T00:00:00.000000Z,0.055592998862266541,0.055619001388549805,0.053442999720573425,0.054349001497030258,6004663
2023-09-11T00:00:00.000000Z,0.05435200035572052,0.054632000625133514,0.052581999450922012,0.053061001002788544,8619903
2023-09-12T00:00:00.000000Z,0.053061001002788544,0.05368499830365181,0.051263000816106796,0.052818000316619873,4471760
2023-09-13T00:00:00.000000Z,0.052815999835729599,0.053096998482942581,0.051658999174833298,0.05201999843120575,3285755
2023-09-14T00:00:00.000000Z,0.052012000232934952,0.05467500165104866,0.051472000777721405,0.054003000259399414,8900899
2023-09-15T00:00:00.000000Z,0.054005999118089676,0.056850001215934753,0.053268000483512878,0.055009998381137848,9118157
2023-09-16T00:00:00.000000Z,0.055013000965118408,0.055284999310970306,0.054115001112222672,0.054161000996828079,7691180
2023-09-17T00:00:00.000000Z,0.054159998893737793,0.054496999830007553,0.052515000104904175,0.05254799872636795,3042417
2023-09-18T00:00:00.000000Z,0.052542001008987427,0.053757000714540482,0.052250001579523087,0.0522800013422966,3465468
2023-09-19T00:00:00.000000Z,0.052285000681877136,0.054561000317335129,0.051968000829219818,0.054331999272108078,3139975
2023-09-20T00:00:00.000000Z,0.05433100089430809,0.055934000760316849,0.053238999098539352,0.054055001586675644,3540014
2023-09-21T00:00:00.000000Z,0.054051000624895096,0.054554998874664307,0.052032001316547394,0.052110001444816589,2956369
2023-09-22T00:00:00.000000Z,0.052104000002145767,0.052124001085758209,0.050934001803398132,0.051088001579046249,3104371
2023-09-23T00:00:00.000000Z,0.051093999296426773,0.051674999296665192,0.050563998520374298,0.05131400004029274,2116529
2023-09-24T00:00:00.000000Z,0.051313001662492752,0.051337998360395432,0.050200998783111572,0.05027100071310997,2022359
2023-09-25T00:00:00.000000Z,0.05027100071310997,0.050739999860525131,0.049098998308181763,0.049658998847007751,2771281
2023-09-26T00:00:00.000000Z,0.0496629998087883,0.049869000911712646,0.047423999756574631,0.047602999955415726,3275515
2023-09-27T00:00:00.000000Z,0.047605998814105988,0.049639999866485596,0.046992000192403793,0.04958999902009964,3093104
2023-09-28T00:00:00.000000Z,0.04958999902009964,0.049959998577833176,0.048868998885154724,0.049293000251054764,2889314
2023-09-29T00:00:00.000000Z,0.049299001693725586,0.049791000783443451,0.048369001597166061,0.049580998718738556,3618455
2023-09-30T00:00:00.000000Z,0.049582000821828842,0.053231000900268555,0.049159001559019089,0.053137000650167465,5133343
2023-10-01T00:00:00.000000Z,0.053132001310586929,0.053539000451564789,0.050230000168085098,0.051525000482797623,6112915
2023-10-02T00:00:00.000000Z,0.051520001143217087,0.052239999175071716,0.050475999712944031,0.050682999193668365,6075645
2023-10-03T00:00:00.000000Z,0.050666000694036484,0.051091000437736511,0.049192000180482864,0.049208998680114746,2670635
2023-10-04T00:00:00.000000Z,0.049205001443624496,0.050374001264572144,0.048980999737977982,0.049878999590873718,3015033
2023-10-05T00:00:00.000000Z,0.049880001693964005,0.050062000751495361,0.048932000994682312,0.0495930016040802,2273525
2023-10-06T00:00:00.000000Z,0.049591999500989914,0.050172001123428345,0.049442999064922333,0.049998000264167786,2243377
2023-10-07T00:00:00.000000Z,0.049998000264167786,0.050073999911546707,0.049109999090433121,0.049601998180150986,5076189
2023-10-08T00:00:00.000000Z,0.049605000764131546,0.049750998616218567,0.049293998628854752,0.049458000808954239,4566976
2023-10-09T00:00:00.000000Z,0.049454998224973679,0.049564000219106674,0.048726998269557953,0.048921000212430954,6072945
2023-10-10T00:00:00.000000Z,0.048934001475572586,0.049747001379728317,0.048011001199483871,0.048176001757383347,7595395
2023-10-11T00:00:00.000000Z,0.048172999173402786,0.048406001180410385,0.046332001686096191,0.047674998641014099,8511789
2023-10-12T00:00:00.000000Z,0.047676999121904373,0.048475001007318497,0.046480000019073486,0.046670001000165939,7502542
2023-10-13T00:00:00.000000Z,0.046670001000165939,0.049114000052213669,0.046231001615524292,0.049114000052213669,4110377
2023-10-14T00:00:00.000000Z,0.049120001494884491,0.049855999648571014,0.048714999109506607,0.049058999866247177,2322593
2023-10-15T00:00:00.000000Z,0.049054000526666641,0.049116000533103943,0.04782399907708168,0.048342999070882797,2075322
2023-10-16T00:00:00.000000Z,0.048344001173973083,0.048489999026060104,0.047003000974655151,0.047003000974655151,2831081
2023-10-17T00:00:00.000000Z,0.046999998390674591,0.047513000667095184,0.046374998986721039,0.046542998403310776,10713414
2023-10-18T00:00:00.000000Z,0.0465410016477108,0.047173000872135162,0.046158000826835632,0.046339001506567001,9905659
2023-10-19T00:00:00.000000Z,0.046339001506567001,0.046578999608755112,0.045396998524665833,0.045682001858949661,11296536
2023-10-20T00:00:00.000000Z,0.045674998313188553,0.046702999621629715,0.045634001493453979,0.046316999942064285,4144628
2023-10-21T00:00:00.000000Z,0.046323001384735107,0.047412998974323273,0.046176999807357788,0.047028001397848129,3173269
2023-10-22T00:00:00.000000Z,0.047031998634338379,0.047320000827312469,0.045623000711202621,0.046156000345945358,3046784
2023-10-23T00:00:00.000000Z,0.045951001346111298,0.049531001597642899,0.045951001346111298,0.049531001597642899,5565920
2023-10-24T00:00:00.000000Z,0.049550000578165054,0.04997900128364563,0.048604998737573624,0.049327999353408813,4167831
2023-10-25T00:00:00.000000Z,0.049346998333930969,0.049766000360250473,0.048960000276565552,0.048990000039339066,2842635
2023-10-26T00:00:00.000000Z,0.04899200052022934,0.049848001450300217,0.048820000141859055,0.04948899894952774,9961314
2023-10-27T00:00:00.000000Z,0.049499999731779099,0.049708001315593719,0.048489999026060104,0.048847001045942307,4713079
2023-10-28T00:00:00.000000Z,0.048847999423742294,0.049497999250888824,0.048429999500513077,0.048845000565052032,3013341
2023-10-29T00:00:00.000000Z,0.048831000924110413,0.048831000924110413,0.04652399942278862,0.04818899929523468,3770834
2023-10-30T00:00:00.000000Z,0.048183001577854156,0.049261998385190964,0.047770999372005463,0.049130000174045563,8897670
2023-10-31T00:00:00.000000Z,0.049136999994516373,0.052953001111745834,0.049015000462532043,0.052953001111745834,7185471
2023-11-01T00:00:00.000000Z,0.052948001772165298,0.053043000400066376,0.050831001251935959,0.051555000245571136,8740386
2023-11-02T00:00:00.000000Z,0.051561001688241959,0.052682999521493912,0.051414001733064651,0.052414998412132263,14059048
2023-11-03T00:00:00.000000Z,0.052414000034332275,0.052480001002550125,0.050808999687433243,0.051504999399185181,17623921
2023-11-04T00:00:00.000000Z,0.051502998918294907,0.052145998924970627,0.050562001764774323,0.052081998437643051,2932297
2023-11-05T00:00:00.000000Z,0.052083000540733337,0.052779998630285263,0.051206998527050018,0.052103001624345779,3531683
2023-11-06T00:00:00.000000Z,0.052094999700784683,0.057252999395132065,0.052094999700784683,0.056979000568389893,4839662
2023-11-07T00:00:00.000000Z,0.057100001722574234,0.057562999427318573,0.054014001041650772,0.055580999702215195,21209198
2023-11-08T00:00:00.000000Z,0.055578000843524933,0.057252999395132065,0.055087000131607056,0.056175999343395233,21309663
2023-11-09T00:00:00.000000Z,0.056216999888420105,0.056529000401496887,0.05335799977183342,0.053387001156806946,24322140
2023-11-10T00:00:00.000000Z,0.053401999175548553,0.054515000432729721,0.051771998405456543,0.054384000599384308,14943146
2023-11-11T00:00:00.000000Z,0.054386001080274582,0.05532500147819519,0.054191000759601593,0.054866001009941101,28040416
2023-11-12T00:00:00.000000Z,0.054868999868631363,0.0562639981508255,0.054388001561164856,0.0562639981508255,22604348
2023-11-13T00:00:00.000000Z,0.056272000074386597,0.056947000324726105,0.0535769984126091,0.053704999387264252,6087060
2023-11-14T00:00:00.000000Z,0.053702998906373978,0.053716998547315598,0.051123999059200287,0.051348000764846802,15738464
2023-11-15T00:00:00.000000Z,0.05135200172662735,0.053385000675916672,0.050487000495195389,0.053036998957395554,23185985
2023-11-16T00:00:00.000000Z,0.05303499847650528,0.053899999707937241,0.052003998309373856,0.052014999091625214,23715126
2023-11-17T00:00:00.000000Z,0.052021000534296036,0.05228700116276741,0.051213998347520828,0.052159998565912247,20908588
2023-11-18T00:00:00.000000Z,0.052154000848531723,0.053525999188423157,0.05165499821305275,0.05338200181722641,18449612
2023-11-19T00:00:00.000000Z,0.05338599905371666,0.053716998547315598,0.052763000130653381,0.053394999355077744,11488556
2023-11-20T00:00:00.000000Z,0.053396999835968018,0.053396999835968018,0.051979001611471176,0.052051998674869537,9969076
2023-11-21T00:00:00.000000Z,0.052057001739740372,0.052142001688480377,0.049720000475645065,0.049720000475645065,12230677
2023-11-22T00:00:00.000000Z,0.049720000475645065,0.050609998404979706,0.048918001353740692,0.05058399960398674,13055553
2023-11-23T00:00:00.000000Z,0.050583001226186752,0.050850000232458115,0.04963500052690506,0.049784000962972641,11965569
2023-11-24T00:00:00.000000Z,0.049784999340772629,0.050595998764038086,0.049658998847007751,0.049972999840974808,9765951
2023-11-25T00:00:00.000000Z,0.049972999840974808,0.05037200078368187,0.049842000007629395,0.050188999623060226,10759891
2023-11-26T00:00:00.000000Z,0.050190001726150513,0.050507999956607819,0.048916999250650406,0.048916999250650406,8732633
2023-11-27T00:00:00.000000Z,0.048916000872850418,0.049887001514434814,0.048544999212026596,0.04961799830198288,11770706
2023-11-28T00:00:00.000000Z,0.04960000142455101,0.04961799830198288,0.048259001225233078,0.049123000353574753,15682762
2023-11-29T00:00:00.000000Z,0.049118001013994217,0.049403000622987747,0.04857800155878067,0.048990998417139053,16174064
2023-11-30T00:00:00.000000Z,0.048994999378919601,0.048994999378919601,0.047975998371839523,0.048447001725435257,14067053
2023-12-01T00:00:00.000000Z,0.048443000763654709,0.049026001244783401,0.047747999429702759,0.047974001616239548,13346927
2023-12-02T00:00:00.000000Z,0.047970000654459,0.048847001045942307,0.047940999269485474,0.048585999757051468,13310180
2023-12-03T00:00:00.000000Z,0.048744998872280121,0.050505999475717545,0.04858199879527092,0.050368998199701309,15446625
2023-12-04T00:00:00.000000Z,0.050370998680591583,0.051934998482465744,0.049754001200199127,0.050074998289346695,16184843
2023-12-05T00:00:00.000000Z,0.050074998289346695,0.056852001696825027,0.048744998872280121,0.051357999444007874,20061926
2023-12-06T00:00:00.000000Z,0.051368001848459244,0.052925001829862595,0.050666999071836472,0.051840998232364655,19862810
2023-12-07T00:00:00.000000Z,0.051846999675035477,0.05192900076508522,0.049779001623392105,0.051061999052762985,20671392
2023-12-08T00:00:00.000000Z,0.051070000976324081,0.051966000348329544,0.050076000392436981,0.051750998944044113,19724350
2023-12-09T00:00:00.000000Z,0.051784001290798187,0.054997000843286514,0.051752999424934387,0.052340999245643616,20519922
2023-12-10T00:00:00.000000Z,0.05234299972653389,0.052916999906301498,0.051297999918460846,0.05163399875164032,20433269
2023-12-11T00:00:00.000000Z,0.051640000194311142,0.051676999777555466,0.047359000891447067,0.048399999737739563,21177875
2023-12-12T00:00:00.000000Z,0.048399999737739563,0.048900000751018524,0.047816000878810883,0.04889100044965744,18502906
2023-12-13T00:00:00.000000Z,0.048889998346567154,0.049012001603841782,0.047890998423099518,0.048280000686645508,19004384
2023-12-14T00:00:00.000000Z,0.048268001526594162,0.05000000074505806,0.048261001706123352,0.049247000366449356,18456897
2023-12-15T00:00:00.000000Z,0.049251001328229904,0.051669999957084656,0.048615001142024994,0.051449999213218689,18144692
2023-12-16T00:00:00.000000Z,0.051438000053167343,0.051786001771688461,0.049373000860214233,0.050448000431060791,15737369
2023-12-17T00:00:00.000000Z,0.050445999950170517,0.050535000860691071,0.048082999885082245,0.04815400019288063,15643440
2023-12-18T00:00:00.000000Z,0.048147998750209808,0.049807999283075333,0.047508999705314636,0.04766400158405304,15335544
2023-12-19T00:00:00.000000Z,0.04766400158405304,0.048422001302242279,0.04766400158405304,0.047889001667499542,14427252
2023-12-20T00:00:00.000000Z,0.047899000346660614,0.04864099994301796,0.047844000160694122,0.048264000564813614,15155954
2023-12-21T00:00:00.000000Z,0.04826899990439415,0.048431999981403351,0.04791799932718277,0.048135001212358475,14912932
2023-12-22T00:00:00.000000Z,0.048135001212358475,0.048569999635219574,0.047015998512506485,0.048151001334190369,15407904
2023-12-23T00:00:00.000000Z,0.04815400019288063,0.049945998936891556,0.04788300022482872,0.049006000161170959,14972780
2023-12-24T00:00:00.000000Z,0.049012999981641769,0.049059998244047165,0.047763001173734665,0.048020999878644943,15123218
2023-12-25T00:00:00.000000Z,0.048119999468326569,0.048728000372648239,0.04786200076341629,0.048197999596595764,15090185
2023-12-26T00:00:00.000000Z,0.048200000077486038,0.048870999366044998,0.047715999186038971,0.048840001225471497,15359097
2023-12-27T00:00:00.000000Z,0.048826999962329865,0.057528998702764511,0.047667000442743301,0.057505000382661819,19667991
2023-12-28T00:00:00.000000Z,0.057507999241352081,0.057730000466108322,0.053373999893665314,0.054650001227855682,18646172
2023-12-29T00:00:00.000000Z,0.054650001227855682,0.055994000285863876,0.054444000124931335,0.054552998393774033,8116903
2023-12-30T00:00:00.000000Z,0.054549001157283783,0.057374998927116394,0.054535001516342163,0.056857001036405563,3615767
2023-12-31T00:00:00.000000Z,0.056852001696825027,0.061303999274969101,0.056829001754522324,0.058219999074935913,5556255
2024-01-01T00:00:00.000000Z,0.058207999914884567,0.058841999620199203,0.057548001408576965,0.058382999151945114,3312604
2024-01-02T00:00:00.000000Z,0.058384999632835388,0.059640001505613327,0.056588001549243927,0.056807998567819595,4781965
2024-01-03T00:00:00.000000Z,0.056811001151800156,0.057092998176813126,0.05233599990606308,0.053794000297784805,5145147
2024-01-04T00:00:00.000000Z,0.053787998855113983,0.054108001291751862,0.051591001451015472,0.053173001855611801,10606871
2024-01-05T00:00:00.000000Z,0.053169000893831253,0.05395900085568428,0.052542999386787415,0.052701998502016068,3136223
2024-01-06T00:00:00.000000Z,0.052684001624584198,0.052708998322486877,0.050484001636505127,0.050992999225854874,2987204
2024-01-07T00:00:00.000000Z,0.050994999706745148,0.051725000143051147,0.049777001142501831,0.049795001745223999,10949374
2024-01-08T00:00:00.000000Z,0.049793001264333725,0.050641998648643494,0.049118001013994217,0.05001400038599968,16464583
2024-01-09T00:00:00.000000Z,0.050016999244689941,0.050606001168489456,0.0485990010201931,0.049075998365879059,17334118
2024-01-10T00:00:00.000000Z,0.049098998308181763,0.050057001411914825,0.04850199818611145,0.050032000988721848,26051371
2024-01-11T00:00:00.000000Z,0.04996500164270401,0.052896000444889069,0.049525000154972076,0.051630999892950058,34268643
2024-01-12T00:00:00.000000Z,0.05163399875164032,0.052062999457120895,0.0492979995906353,0.049477998167276382,28526046
2024-01-13T00:00:00.000000Z,0.049369998276233673,0.050413999706506729,0.049309000372886658,0.049938000738620758,26264637
2024-01-14T00:00:00.000000Z,0.049973998218774796,0.050457000732421875,0.049490999430418015,0.049901001155376434,23172777
2024-01-15T00:00:00.000000Z,0.049793999642133713,0.050020001828670502,0.048842001706361771,0.049166001379489899,23983344
2024-01-16T00:00:00.000000Z,0.049118999391794205,0.049710001796483994,0.0489640012383461,0.049630999565124512,22667349
2024-01-17T00:00:00.000000Z,0.049625001847743988,0.049676999449729919,0.048014998435974121,0.048519998788833618,25321759
2024-01-18T00:00:00.000000Z,0.048516001552343369,0.048758998513221741,0.046856999397277832,0.047396998852491379,24277544
2024-01-19T00:00:00.000000Z,0.047396998852491379,0.047476001083850861,0.046698000282049179,0.046778000891208649,22462001
2024-01-20T00:00:00.000000Z,0.046767998486757278,0.047189999371767044,0.046629000455141068,0.047068998217582703,20095977
2024-01-21T00:00:00.000000Z,0.047072999179363251,0.047660000622272491,0.046845000237226486,0.047281000763177872,20324110
2024-01-22T00:00:00.000000Z,0.047318000346422195,0.047417998313903809,0.045896999537944794,0.045896999537944794,22373422
2024-01-23T00:00:00.000000Z,0.04589100182056427,0.046119000762701035,0.043320000171661377,0.044027000665664673,26829027
2024-01-24T00:00:00.000000Z,0.044027000665664673,0.045262999832630157,0.043825998902320862,0.04461200162768364,31921649
2024-01-25T00:00:00.000000Z,0.044663999229669571,0.045373998582363129,0.044087998569011688,0.044103998690843582,28662261
2024-01-26T00:00:00.000000Z,0.044190999120473862,0.045517999678850174,0.043788999319076538,0.045423999428749084,27529465
2024-01-27T00:00:00.000000Z,0.045352999120950699,0.045651998370885849,0.044991001486778259,0.045552998781204224,23924215
2024-01-28T00:00:00.000000Z,0.045632999390363693,0.045921001583337784,0.045092001557350159,0.045201998203992844,23347266
2024-01-29T00:00:00.000000Z,0.04518900066614151,0.045972000807523727,0.044874001294374466,0.045915998518466949,26322103
2024-01-30T00:00:00.000000Z,0.045915998518466949,0.046066999435424805,0.044349998235702515,0.044695999473333359,27079726
2024-01-31T00:00:00.000000Z,0.044670999050140381,0.044688999652862549,0.043228998780250549,0.043490998446941376,23173420
2024-02-01T00:00:00.000000Z,0.04349299892783165,0.043827001005411148,0.042840998619794846,0.043032001703977585,23712317
2024-02-02T00:00:00.000000Z,0.043033000081777573,0.043671999126672745,0.042911000549793243,0.043246001005172729,37403253
2024-02-03T00:00:00.000000Z,0.043303001672029495,0.043591998517513275,0.042984999716281891,0.043246001005172729,32112039
2024-02-04T00:00:00.000000Z,0.043235998600721359,0.043467000126838684,0.042828001081943512,0.042849000543355942,19269691
2024-02-05T00:00:00.000000Z,0.042833998799324036,0.043044000864028931,0.042098000645637512,0.0424639992415905,19960782
2024-02-06T00:00:00.000000Z,0.042500998824834824,0.043423999100923538,0.042413000017404556,0.04275200143456459,14263407
2024-02-07T00:00:00.000000Z,0.042748000472784042,0.042996998876333237,0.042054001241922379,0.04241500049829483,22322647
2024-02-08T00:00:00.000000Z,0.042417000979185104,0.04345100000500679,0.042389001697301865,0.042592998594045639,25803310
2024-02-09T00:00:00.000000Z,0.042589001357555389,0.04443800076842308,0.042291000485420227,0.044169001281261444,19827114
2024-02-10T00:00:00.000000Z,0.044169001281261444,0.044500000774860382,0.04350300133228302,0.043643999844789505,13942481
2024-02-11T00:00:00.000000Z,0.043653998523950577,0.0440870001912117,0.043210998177528381,0.043414998799562454,19475055
2024-02-12T00:00:00.000000Z,0.04341999813914299,0.045389998704195023,0.043331999331712723,0.044964998960494995,34474826
2024-02-13T00:00:00.000000Z,0.044961001724004745,0.045194000005722046,0.043457001447677612,0.043793998658657074,33942266
2024-02-14T00:00:00.000000Z,0.043797999620437622,0.044319000095129013,0.043363001197576523,0.04404899850487709,25745509
2024-02-15T00:00:00.000000Z,0.04404899850487709,0.044300001114606857,0.043611999601125717,0.043717000633478165,30787026
2024-02-16T00:00:00.000000Z,0.043715998530387878,0.044011000543832779,0.04275599867105484,0.042773999273777008,35596349
2024-02-17T00:00:00.000000Z,0.042775999754667282,0.043005999177694321,0.04134099930524826,0.042119000107049942,33321909
2024-02-18T00:00:00.000000Z,0.04211299866437912,0.043565999716520309,0.040915999561548233,0.043164998292922974,32353991
2024-02-19T00:00:00.000000Z,0.043163999915122986,0.04323900118470192,0.041000001132488251,0.04248100146651268,29371123
2024-02-20T00:00:00.000000Z,0.04248100146651268,0.043666999787092209,0.041375000029802322,0.041822999715805054,31448951
2024-02-21T00:00:00.000000Z,0.041815001517534256,0.041857998818159103,0.040662001818418503,0.041514001786708832,28335099
2024-02-22T00:00:00.000000Z,0.04151500016450882,0.041786998510360718,0.04107699915766716,0.041576001793146133,15002532
2024-02-23T00:00:00.000000Z,0.041579999029636383,0.041891001164913177,0.040362998843193054,0.041039001196622849,14643547
2024-02-24T00:00:00.000000Z,0.04105599969625473,0.042465999722480774,0.040775999426841736,0.041669998317956924,13917991
2024-02-25T00:00:00.000000Z,0.041668001562356949,0.041684001684188843,0.040247000753879547,0.040569998323917389,15357730
2024-02-26T00:00:00.000000Z,0.040564998984336853,0.041191998869180679,0.040010001510381699,0.040931999683380127,31441199
2024-02-27T00:00:00.000000Z,0.040941998362541199,0.041526999324560165,0.039650000631809235,0.040029998868703842,45494688
2024-02-28T00:00:00.000000Z,0.040027998387813568,0.04216499999165535,0.039703000336885452,0.040697000920772552,35286076
2024-02-29T00:00:00.000000Z,0.040688998997211456,0.041542999446392059,0.040293000638484955,0.040692999958992004,43577747
2024-03-01T00:00:00.000000Z,0.040690001100301743,0.042040001600980759,0.040642999112606049,0.04137599840760231,30921765
2024-03-02T00:00:00.000000Z,0.041381999850273132,0.049162998795509338,0.041166998445987701,0.048011001199483871,25202569
2024-03-03T00:00:00.000000Z,0.048025999218225479,0.048222001641988754,0.043017998337745667,0.045191999524831772,23176581
2024-03-04T00:00:00.000000Z,0.04517199844121933,0.049421999603509903,0.043970998376607895,0.046739000827074051,45293089
2024-03-05T00:00:00.000000Z,0.046730998903512955,0.046730998903512955,0.04221700131893158,0.043186001479625702,59773094
2024-03-06T00:00:00.000000Z,0.043184999376535416,0.044488001614809036,0.042543999850749969,0.043721999973058701,54841760
2024-03-07T00:00:00.000000Z,0.043721999973058701,0.046126000583171844,0.043648999184370041,0.045584000647068024,60673904
2024-03-08T00:00:00.000000Z,0.045582998543977737,0.045841999351978302,0.044061999768018723,0.044700998812913895,59557243
2024-03-09T00:00:00.000000Z,0.044700998812913895,0.045180000364780426,0.044064000248908997,0.044729001820087433,47261586
2024-03-10T00:00:00.000000Z,0.044729001820087433,0.048762999475002289,0.044385001063346863,0.048604000359773636,41764960
2024-03-11T00:00:00.000000Z,0.048604000359773636,0.049832999706268311,0.046574998646974564,0.049247000366449356,25105204
2024-03-12T00:00:00.000000Z,0.049247000366449356,0.064805999398231506,0.047625001519918442,0.054979998618364334,35490665
2024-03-13T00:00:00.000000Z,0.054979998618364334,0.058210998773574829,0.053614001721143723,0.054806001484394073,20160869
2024-03-14T00:00:00.000000Z,0.054806001484394073,0.054896999150514603,0.050381001085042953,0.050783999264240265,21027106
2024-03-15T00:00:00.000000Z,0.050783999264240265,0.050981998443603516,0.046603001654148102,0.04715299978852272,27913384
2024-03-16T00:00:00.000000Z,0.04715299978852272,0.048094999045133591,0.043365001678466797,0.043744001537561417,20978193
2024-03-17T00:00:00.000000Z,0.043744001537561417,0.046234000474214554,0.042451001703739166,0.045696001499891281,27706755
2024-03-18T00:00:00.000000Z,0.045696001499891281,0.046957001090049744,0.044093001633882523,0.044272001832723618,27005137
2024-03-19T00:00:00.000000Z,0.044272001832723618,0.044668000191450119,0.042066998779773712,0.042782001197338104,18933571
2024-03-20T00:00:00.000000Z,0.042782001197338104,0.044767998158931732,0.042057998478412628,0.04475799947977066,18100434
2024-03-21T00:00:00.000000Z,0.04475799947977066,0.046944998204708099,0.044178999960422516,0.045625001192092896,21341025
2024-03-22T00:00:00.000000Z,0.045625001192092896,0.046840999275445938,0.045076001435518265,0.046684999018907547,28543383
2024-03-23T00:00:00.000000Z,0.046684999018907547,0.047690000385046005,0.046268999576568604,0.047171000391244888,31436144
2024-03-24T00:00:00.000000Z,0.047171000391244888,0.047327000647783279,0.046491000801324844,0.04715999960899353,19289962
2024-03-25T00:00:00.000000Z,0.04715999960899353,0.049660000950098038,0.046907000243663788,0.0488319993019104,32310405
2024-03-26T00:00:00.000000Z,0.0488319993019104,0.057215999811887741,0.048588000237941742,0.050817999988794327,34714855
2024-03-27T00:00:00.000000Z,0.050817999988794327,0.051111001521348953,0.048817001283168793,0.049045998603105545,17414232
2024-03-28T00:00:00.000000Z,0.049045998603105545,0.051026999950408936,0.047722999006509781,0.050425998866558075,13832145
2024-03-29T00:00:00.000000Z,0.050425998866558075,0.052630998194217682,0.049281999468803406,0.049733001738786697,15170319
2024-03-30T00:00:00.000000Z,0.049733001738786697,0.050379000604152679,0.048822999000549316,0.048939000815153122,10714329
2024-03-31T00:00:00.000000Z,0.048939000815153122,0.050142999738454819,0.048121999949216843,0.050014998763799667,9422224
2024-04-01T00:00:00.000000Z,0.050014998763799667,0.050381001085042953,0.04758400097489357,0.048085000365972519,9267366
2024-04-02T00:00:00.000000Z,0.048085000365972519,0.048165000975131989,0.045301001518964767,0.045306000858545303,8722048
2024-04-03T00:00:00.000000Z,0.045306000858545303,0.046121001243591309,0.044443998485803604,0.045655000954866409,8049013
2024-04-04T00:00:00.000000Z,0.045655000954866409,0.046252001076936722,0.044688001275062561,0.045795001089572906,7631625
2024-04-05T00:00:00.000000Z,0.045795001089572906,0.045834001153707504,0.044298999011516571,0.044723000377416611,6348777
2024-04-06T00:00:00.000000Z,0.044723000377416611,0.045239001512527466,0.044477999210357666,0.045159000903367996,4815320
2024-04-07T00:00:00.000000Z,0.045159000903367996,0.045804999768733978,0.044847998768091202,0.045120999217033386,4821785
2024-04-08T00:00:00.000000Z,0.045120999217033386,0.046721000224351883,0.044757001101970673,0.046206001192331314,6926033
2024-04-09T00:00:00.000000Z,0.046206001192331314,0.046682998538017273,0.044557001441717148,0.044833000749349594,7598037
2024-04-10T00:00:00.000000Z,0.044833000749349594,0.045026998966932297,0.042690001428127289,0.043788999319076538,8802424
2024-04-11T00:00:00.000000Z,0.043788999319076538,0.043942000716924667,0.041910000145435333,0.042275000363588333,7736803
2024-04-12T00:00:00.000000Z,0.042275000363588333,0.042362000793218613,0.039379999041557312,0.039645001292228699,8201146
2024-04-13T00:00:00.000000Z,0.039645001292228699,0.039925001561641693,0.035932999104261398,0.036547001451253891,10385928
2024-04-14T00:00:00.000000Z,0.036547001451253891,0.037629999220371246,0.035686001181602478,0.037572998553514481,9523945
2024-04-15T00:00:00.000000Z,0.037572998553514481,0.038743000477552414,0.037275999784469604,0.03763899952173233,7414482
2024-04-16T00:00:00.000000Z,0.03763899952173233,0.038401000201702118,0.036963999271392822,0.03734000027179718,6932333
2024-04-17T00:00:00.000000Z,0.037338998168706894,0.037494000047445297,0.036384999752044678,0.037202998995780945,6388183
2024-04-18T00:00:00.000000Z,0.037202998995780945,0.039191998541355133,0.036494001746177673,0.03896699845790863,7187861
2024-04-19T00:00:00.000000Z,0.03896699845790863,0.041613001376390457,0.038543000817298889,0.038938000798225403,8160337
2024-04-20T00:00:00.000000Z,0.038938000798225403,0.03979099914431572,0.038492999970912933,0.039652001112699509,5530593
2024-04-21T00:00:00.000000Z,0.039652001112699509,0.039905998855829239,0.038564998656511307,0.038858998566865921,5128727
2024-04-22T00:00:00.000000Z,0.038858000189065933,0.039464998990297318,0.038375001400709152,0.039113998413085938,5663372
2024-04-23T00:00:00.000000Z,0.039113998413085938,0.039335001260042191,0.038254000246524811,0.038851998746395111,5627405
2024-04-24T00:00:00.000000Z,0.038851998746395111,0.043841000646352768,0.03842800110578537,0.039429999887943268,9422165
2024-04-25T00:00:00.000000Z,0.039429999887943268,0.040380999445915222,0.038839999586343765,0.038945998996496201,7553819
2024-04-26T00:00:00.000000Z,0.038945998996496201,0.040672000497579575,0.038676001131534576,0.038686998188495636,9313280
2024-04-27T00:00:00.000000Z,0.038686998188495636,0.038860000669956207,0.032701998949050903,0.036107998341321945,16876068
2024-04-28T00:00:00.000000Z,0.036107998341321945,0.036557000130414963,0.034818001091480255,0.035034999251365662,7314441
2024-04-29T00:00:00.000000Z,0.035034999251365662,0.035406000912189484,0.034210000187158585,0.03474700078368187,5368438
2024-04-30T00:00:00.000000Z,0.03474700078368187,0.035353001207113266,0.033828001469373703,0.034903001040220261,6919862
2024-05-01T00:00:00.000000Z,0.034903001040220261,0.035346999764442444,0.033709000796079636,0.0345660001039505,8098612
2024-05-02T00:00:00.000000Z,0.0345660001039505,0.03570999950170517,0.03438200056552887,0.035406999289989471,6585022
2024-05-03T00:00:00.000000Z,0.035406999289989471,0.036350999027490616,0.035027999430894852,0.036285001784563065,6862085
2024-05-04T00:00:00.000000Z,0.036285001784563065,0.037601999938488007,0.035944998264312744,0.036540001630783081,6296651
2024-05-05T00:00:00.000000Z,0.036540001630783081,0.037241000682115555,0.035822998732328415,0.035893000662326813,6442177
2024-05-06T00:00:00.000000Z,0.035893000662326813,0.03810499981045723,0.03539000079035759,0.036518000066280365,7616325
2024-05-07T00:00:00.000000Z,0.036518000066280365,0.038607999682426453,0.036215998232364655,0.036809001117944717,8094456
2024-05-08T00:00:00.000000Z,0.036809999495744705,0.038146000355482101,0.036400001496076584,0.037439998239278793,7174176
2024-05-09T00:00:00.000000Z,0.037439998239278793,0.037585999816656113,0.036557000130414963,0.03730500116944313,5302930
2024-05-10T00:00:00.000000Z,0.03730500116944313,0.037826001644134521,0.036766998469829559,0.036798998713493347,5482864
2024-05-11T00:00:00.000000Z,0.036798998713493347,0.037177000194787979,0.036536999046802521,0.036846000701189041,4759990
2024-05-12T00:00:00.000000Z,0.036846000701189041,0.03706200048327446,0.036424998193979263,0.036577001214027405,4001576
2024-05-13T00:00:00.000000Z,0.036577001214027405,0.03727399930357933,0.036251001060009003,0.036633998155593872,5366488
2024-05-14T00:00:00.000000Z,0.036633998155593872,0.036903999745845795,0.03604700043797493,0.036058999598026276,5368618
2024-05-15T00:00:00.000000Z,0.036058999598026276,0.036800999194383621,0.035826001316308975,0.036766998469829559,5447021
2024-05-16T00:00:00.000000Z,0.036770999431610107,0.036945000290870667,0.03601599857211113,0.036334998905658722,5636213
2024-05-17T00:00:00.000000Z,0.036334998905658722,0.036782998591661453,0.036035001277923584,0.036524999886751175,5475743
2024-05-18T00:00:00.000000Z,0.036527000367641449,0.037126999348402023,0.036077000200748444,0.036997001618146896,4986583
2024-05-19T00:00:00.000000Z,0.036997001618146896,0.037060000002384186,0.036072999238967896,0.036474000662565231,4465216
2024-05-20T00:00:00.000000Z,0.036474000662565231,0.036848001182079315,0.036125998944044113,0.036761000752449036,5544615
2024-05-21T00:00:00.000000Z,0.036759998649358749,0.037459999322891235,0.035347998142242432,0.036003999412059784,8134532
2024-05-22T00:00:00.000000Z,0.036003999412059784,0.036577999591827393,0.035751998424530029,0.03633200004696846,5957524
2024-05-23T00:00:00.000000Z,0.03633200004696846,0.0363910011947155,0.035347998142242432,0.035610999912023544,6170046
2024-05-24T00:00:00.000000Z,0.035610999912023544,0.035693001002073288,0.034728001803159714,0.035069998353719711,6633824
2024-05-25T00:00:00.000000Z,0.035069998353719711,0.035404998809099197,0.034912999719381332,0.035280000418424606,4614578
2024-05-26T00:00:00.000000Z,0.035280000418424606,0.035785999149084091,0.034915998578071594,0.034963998943567276,4755081
2024-05-27T00:00:00.000000Z,0.034963998943567276,0.035872001200914383,0.034352000802755356,0.035482000559568405,6206036
2024-05-28T00:00:00.000000Z,0.035482000559568405,0.035521000623703003,0.034533999860286713,0.034582998603582382,6207973
2024-05-29T00:00:00.000000Z,0.034582998603582382,0.034853998571634293,0.03426399827003479,0.034437999129295349,5773356
2024-05-30T00:00:00.000000Z,0.034437999129295349,0.03631100058555603,0.0343019999563694,0.036226000636816025,6862845
2024-05-31T00:00:00.000000Z,0.036226000636816025,0.037287000566720963,0.036102999001741409,0.036798998713493347,6700616
2024-06-01T00:00:00.000000Z,0.036798998713493347,0.037284001708030701,0.036598000675439835,0.037275999784469604,4815189
2024-06-02T00:00:00.000000Z,0.037275999784469604,0.03734000027179718,0.036437999457120895,0.036897998303174973,5069892
2024-06-03T00:00:00.000000Z,0.036897998303174973,0.03709699958562851,0.036152999848127365,0.036681000143289566,6128313
2024-06-04T00:00:00.000000Z,0.036681000143289566,0.036970999091863632,0.036283999681472778,0.03664100170135498,5981833
2024-06-05T00:00:00.000000Z,0.03664100170135498,0.038224000483751297,0.036309000104665756,0.038132000714540482,7305181
2024-06-06T00:00:00.000000Z,0.038132000714540482,0.038502000272274017,0.037362001836299896,0.037654999643564224,6223399
2024-06-07T00:00:00.000000Z,0.037654999643564224,0.037943001836538315,0.035776000469923019,0.035835999995470047,6977182
2024-06-08T00:00:00.000000Z,0.035826999694108963,0.036272000521421432,0.035376999527215958,0.035514999181032181,5440050
2024-06-09T00:00:00.000000Z,0.035507999360561371,0.036184001713991165,0.035507999360561371,0.035847000777721405,4369738
2024-06-10T00:00:00.000000Z,0.035856001079082489,0.036152001470327377,0.035495001822710037,0.035581998527050018,5048729
2024-06-11T00:00:00.000000Z,0.03559499979019165,0.035990998148918152,0.035160001367330551,0.03531000018119812,6162584
2024-06-12T00:00:00.000000Z,0.03532399982213974,0.03564700111746788,0.034749001264572144,0.034917999058961868,7066358
2024-06-13T00:00:00.000000Z,0.03490699827671051,0.035319998860359192,0.0346359983086586,0.034685000777244568,5782712
2024-06-14T00:00:00.000000Z,0.034685999155044556,0.03495899960398674,0.034081999212503433,0.034115999937057495,6197840
2024-06-15T00:00:00.000000Z,0.034115999937057495,0.034412998706102371,0.033980000764131546,0.034265000373125076,5102114
2024-06-16T00:00:00.000000Z,0.034260999411344528,0.034341998398303986,0.033824000507593155,0.034104000777006149,4609089
2024-06-17T00:00:00.000000Z,0.034049998968839645,0.034170001745223999,0.033649001270532608,0.034003999084234238,5587721
2024-06-18T00:00:00.000000Z,0.034005001187324524,0.038100000470876694,0.032646000385284424,0.035163000226020813,8929718
2024-06-19T00:00:00.000000Z,0.035190001130104065,0.035452000796794891,0.033043000847101212,0.033307000994682312,7413251
2024-06-20T00:00:00.000000Z,0.033307000994682312,0.0336729995906353,0.032708000391721725,0.033202998340129852,6382763
2024-06-21T00:00:00.000000Z,0.033195998519659042,0.033642001450061798,0.03258499875664711,0.03261600062251091,5699657
2024-06-22T00:00:00.000000Z,0.032609999179840088,0.032660998404026031,0.032141000032424927,0.032235000282526016,5106916
2024-06-23T00:00:00.000000Z,0.032235998660326004,0.032568000257015228,0.032021000981330872,0.032065000385046005,4675489
2024-06-24T00:00:00.000000Z,0.032062999904155731,0.032067000865936279,0.031500000506639481,0.031727999448776245,6245033
2024-06-25T00:00:00.000000Z,0.031729001551866531,0.032113999128341675,0.031314998865127563,0.031401999294757843,6325640
2024-06-26T00:00:00.000000Z,0.031394999474287033,0.031491998583078384,0.030465999618172646,0.030634000897407532,5854223
2024-06-27T00:00:00.000000Z,0.030634000897407532,0.030969999730587006,0.030539000406861305,0.030601000413298607,5335088
2024-06-28T00:00:00.000000Z,0.030611999332904816,0.030960999429225922,0.029919000342488289,0.029954999685287476,5906943
2024-06-29T00:00:00.000000Z,0.029935000464320183,0.030223000794649124,0.029010999947786331,0.029751000925898552,6127927
2024-06-30T00:00:00.000000Z,0.029757000505924225,0.029927000403404236,0.02907400019466877,0.029611000791192055,5380859
2024-07-01T00:00:00.000000Z,0.029608000069856644,0.029985999688506126,0.02870200015604496,0.028900999575853348,6454770
2024-07-02T00:00:00.000000Z,0.028900999575853348,0.02921999990940094,0.028380999341607094,0.029053999111056328,6427584
2024-07-03T00:00:00.000000Z,0.029053999111056328,0.029600000008940697,0.027649000287055969,0.027953999117016792,7227217
2024-07-04T00:00:00.000000Z,0.027963999658823013,0.028032999485731125,0.026551999151706696,0.026819000020623207,7996329
2024-07-05T00:00:00.000000Z,0.026844000443816185,0.027608999982476234,0.025947999209165573,0.027607999742031097,7852773
2024-07-06T00:00:00.000000Z,0.027611000463366508,0.028617000207304955,0.027419000864028931,0.028555000200867653,6191830
2024-07-07T00:00:00.000000Z,0.028535999357700348,0.029292000457644463,0.028486000373959541,0.028756000101566315,5891831
2024-07-08T00:00:00.000000Z,0.028760999441146851,0.028984999284148216,0.028240000829100609,0.028712000697851181,6800309
2024-07-09T00:00:00.000000Z,0.028705999255180359,0.029337000101804733,0.02791300043463707,0.028031999245285988,6515130
2024-07-10T00:00:00.000000Z,0.027970999479293823,0.028203999623656273,0.027843000367283821,0.028111999854445457,5780370
2024-07-11T00:00:00.000000Z,0.028122000396251678,0.029433000832796097,0.027860000729560852,0.029014000669121742,7330577
2024-07-12T00:00:00.000000Z,0.029014000669121742,0.029952999204397202,0.029004000127315521,0.029904000461101532,5743747
2024-07-13T00:00:00.000000Z,0.029910000041127205,0.031215999275445938,0.029384000226855278,0.030827999114990234,6920232
2024-07-14T00:00:00.000000Z,0.030827999114990234,0.031137000769376755,0.030728999525308609,0.031068999320268631,5740733
2024-07-15T00:00:00.000000Z,0.031068999320268631,0.031479001045227051,0.029211999848484993,0.030239999294281006,8402562
2024-07-16T00:00:00.000000Z,0.030249999836087227,0.031325999647378922,0.029736999422311783,0.031202999874949455,7392657
2024-07-17T00:00:00.000000Z,0.031161999329924583,0.033133998513221741,0.030894000083208084,0.032496001571416855,7616843
2024-07-18T00:00:00.000000Z,0.03249799832701683,0.032951001077890396,0.031867001205682755,0.032127000391483307,6571900
2024-07-19T00:00:00.000000Z,0.032134998589754105,0.032134998589754105,0.031725998967885971,0.031794998794794083,5786901
2024-07-20T00:00:00.000000Z,0.031794000416994095,0.032246999442577362,0.028977999463677406,0.030169999226927757,8172340
2024-07-21T00:00:00.000000Z,0.030169999226927757,0.030216999351978302,0.029879000037908554,0.030056999996304512,6974417
2024-07-22T00:00:00.000000Z,0.030056999996304512,0.030544999986886978,0.029831999912858009,0.030402999371290207,16681061
2024-07-23T00:00:00.000000Z,0.030402999371290207,0.030406000092625618,0.029750000685453415,0.030208000913262367,7217743
2024-07-24T00:00:00.000000Z,0.030208000913262367,0.030990999191999435,0.029884999617934227,0.030776999890804291,8298992
2024-07-25T00:00:00.000000Z,0.030776999890804291,0.031700000166893005,0.030223000794649124,0.030999999493360519,8400456
2024-07-26T00:00:00.000000Z,0.030999999493360519,0.031212000176310539,0.03076699934899807,0.031177999451756477,6494686
2024-07-27T00:00:00.000000Z,0.031177999451756477,0.031237000599503517,0.0304540004581213,0.030999999493360519,6773690
2024-07-28T00:00:00.000000Z,0.030999999493360519,0.0310830008238554,0.030084000900387764,0.030209999531507492,6528834
2024-07-29T00:00:00.000000Z,0.030209999531507492,0.030595000833272934,0.029765000566840172,0.029901999980211258,7311393
2024-07-30T00:00:00.000000Z,0.029901999980211258,0.03037399984896183,0.029733000323176384,0.030190000310540199,6707562
2024-07-31T00:00:00.000000Z,0.030190000310540199,0.030714999884366989,0.029567999765276909,0.029611000791192055,7560690
2024-08-01T00:00:00.000000Z,0.029611000791192055,0.030164999887347221,0.029124999418854713,0.02943900041282177,7426101
2024-08-02T00:00:00.000000Z,0.02943900041282177,0.029534000903367996,0.028645999729633331,0.028793999925255775,6943266
2024-08-03T00:00:00.000000Z,0.028793999925255775,0.028800999745726585,0.027502000331878662,0.028008000925183296,6868776
2024-08-04T00:00:00.000000Z,0.028008000925183296,0.028085000813007355,0.02694999985396862,0.027114000171422958,6032580
2024-08-05T00:00:00.000000Z,0.027114000171422958,0.027129000052809715,0.021467000246047974,0.023871999233961105,12828883
2024-08-06T00:00:00.000000Z,0.023871999233961105,0.024940000846982002,0.02383200079202652,0.02486800029873848,9579697
2024-08-07T00:00:00.000000Z,0.02486800029873848,0.025216000154614449,0.024565000087022781,0.024824999272823334,6617745
2024-08-08T00:00:00.000000Z,0.024824999272823334,0.026900000870227814,0.024741999804973602,0.026886999607086182,8117694
2024-08-09T00:00:00.000000Z,0.026886999607086182,0.026996999979019165,0.026026999577879906,0.026458999142050743,7458725
2024-08-10T00:00:00.000000Z,0.026458999142050743,0.026523999869823456,0.026148000732064247,0.026456000283360481,5946828
2024-08-11T00:00:00.000000Z,0.026456000283360481,0.026464000344276428,0.026078000664710999,0.026124000549316406,6037595
2024-08-12T00:00:00.000000Z,0.026124000549316406,0.026481000706553459,0.026046000421047211,0.026372000575065613,6361754
2024-08-13T00:00:00.000000Z,0.026372000575065613,0.026688000187277794,0.025849999859929085,0.026334000751376152,6975526
2024-08-14T00:00:00.000000Z,0.026334000751376152,0.026457000523805618,0.025936000049114227,0.026135999709367752,6451849
2024-08-15T00:00:00.000000Z,0.026135999709367752,0.02640100009739399,0.026018999516963959,0.026302000507712364,6429494
2024-08-16T00:00:00.000000Z,0.026302000507712364,0.026708999648690224,0.026225000619888306,0.026424000039696693,6455004
2024-08-17T00:00:00.000000Z,0.026424000039696693,0.02659899927675724,0.026234999299049377,0.026520000770688057,5207930
2024-08-18T00:00:00.000000Z,0.026520000770688057,0.026585999876260757,0.026232000440359116,0.026250999420881271,5000814
2024-08-19T00:00:00.000000Z,0.026250999420881271,0.026430999860167503,0.026194000616669655,0.026415999978780746,4824528
2024-08-20T00:00:00.000000Z,0.026415999978780746,0.026556000113487244,0.026257000863552094,0.026443999260663986,5445253
2024-08-21T00:00:00.000000Z,0.026443999260663986,0.026457000523805618,0.024786999449133873,0.0256779994815588,7961595
2024-08-22T00:00:00.000000Z,0.0256779994815588,0.025814000517129898,0.024560999125242233,0.025012999773025513,8083392
2024-08-23T00:00:00.000000Z,0.025012999773025513,0.025857999920845032,0.024963000789284706,0.025828000158071518,6086289
2024-08-24T00:00:00.000000Z,0.025828000158071518,0.026316000148653984,0.025769000872969627,0.026242999359965324,7067074
2024-08-25T00:00:00.000000Z,0.026242999359965324,0.026343999430537224,0.02608099952340126,0.026339000090956688,6330449
2024-08-26T00:00:00.000000Z,0.026339000090956688,0.026348000392317772,0.025983000174164772,0.02616799995303154,6760317
2024-08-27T00:00:00.000000Z,0.02616799995303154,0.026288000866770744,0.025903999805450439,0.02596299909055233,5542305
2024-08-28T00:00:00.000000Z,0.02596299909055233,0.026026999577879906,0.025754999369382858,0.025838000699877739,5782569
2024-08-29T00:00:00.000000Z,0.025838000699877739,0.026146000251173973,0.02582399919629097,0.026072999462485313,6381475
2024-08-30T00:00:00.000000Z,0.026072999462485313,0.026336999610066414,0.025989999994635582,0.02632099948823452,7138783
2024-08-31T00:00:00.000000Z,0.02632099948823452,0.026568999513983727,0.026220999658107758,0.026480000466108322,5597264
2024-09-01T00:00:00.000000Z,0.026480000466108322,0.026548000052571297,0.026095999404788017,0.026186000555753708,4547602
2024-09-02T00:00:00.000000Z,0.026186000555753708,0.026285000145435333,0.026091000065207481,0.026108000427484512,4183171
2024-09-03T00:00:00.000000Z,0.026108000427484512,0.026216000318527222,0.026056999340653419,0.026112999767065048,4372731
2024-09-04T00:00:00.000000Z,0.026112999767065048,0.026252999901771545,0.02586200088262558,0.026225000619888306,7178201
2024-09-05T00:00:00.000000Z,0.026225000619888306,0.026500999927520752,0.025335000827908516,0.026350000873208046,5871601
2024-09-06T00:00:00.000000Z,0.026350000873208046,0.026449000462889671,0.025994999334216118,0.026218999177217484,5428182
2024-09-07T00:00:00.000000Z,0.026218999177217484,0.026410000398755074,0.026110999286174774,0.026386000216007233,4424040
2024-09-08T00:00:00.000000Z,0.026386000216007233,0.026411000639200211,0.026186000555753708,0.026336999610066414,4216719
2024-09-09T00:00:00.000000Z,0.026335999369621277,0.026621000841259956,0.026102000847458839,0.026443000882863998,5414355
2024-09-10T00:00:00.000000Z,0.026443000882863998,0.026486000046133995,0.026212999597191811,0.026341000571846962,4700456
2024-09-11T00:00:00.000000Z,0.026341000571846962,0.02645299956202507,0.026208000257611275,0.026413999497890472,4552705
2024-09-12T00:00:00.000000Z,0.026413999497890472,0.026511000469326973,0.026192000135779381,0.026334000751376152,3915419
2024-09-13T00:00:00.000000Z,0.026334000751376152,0.026647999882698059,0.026289999485015869,0.026482999324798584,4169351
2024-09-14T00:00:00.000000Z,0.026482999324798584,0.026775000616908073,0.026364000514149666,0.02668599970638752,3553488
2024-09-15T00:00:00.000000Z,0.02668599970638752,0.02782600000500679,0.026667000725865364,0.027727000415325165,4494491
2024-09-16T00:00:00.000000Z,0.027727000415325165,0.027969999238848686,0.027550999075174332,0.027969999238848686,3904847
2024-09-17T00:00:00.000000Z,0.027969999238848686,0.028358999639749527,0.027824999764561653,0.028248999267816544,4017518
2024-09-18T00:00:00.000000Z,0.028248999267816544,0.028281999751925468,0.027979999780654907,0.028114000335335732,3548818
2024-09-19T00:00:00.000000Z,0.028114000335335732,0.02830900065600872,0.027959000319242477,0.028241999447345734,4435890
2024-09-20T00:00:00.000000Z,0.028241999447345734,0.028441000729799271,0.028134999796748161,0.02835799939930439,4219127
2024-09-21T00:00:00.000000Z,0.02835799939930439,0.028745999559760094,0.028288999572396278,0.028682999312877655,4207144
2024-09-22T00:00:00.000000Z,0.028682999312877655,0.028788000345230103,0.028435999527573586,0.028519999235868454,3998167
2024-09-23T00:00:00.000000Z,0.028519999235868454,0.02868800051510334,0.028386000543832779,0.028514999896287918,5328007
2024-09-24T00:00:00.000000Z,0.028514999896287918,0.028842000290751457,0.028434999287128448,0.028717000037431717,4821775
2024-09-25T00:00:00.000000Z,0.028717000037431717,0.028777999803423882,0.028622999787330627,0.028728999197483063,5127491
2024-09-26T00:00:00.000000Z,0.028728999197483063,0.028891999274492264,0.028680000454187393,0.028808999806642532,7167612
2024-09-27T00:00:00.000000Z,0.028808999806642532,0.028957000002264977,0.028748000040650368,0.028899999335408211,4166628
2024-09-28T00:00:00.000000Z,0.028899999335408211,0.029117999598383904,0.028878999873995781,0.029012000188231468,4148259
2024-09-29T00:00:00.000000Z,0.029012000188231468,0.029448999091982841,0.028955999761819839,0.029378000646829605,4139246
2024-09-30T00:00:00.000000Z,0.029378000646829605,0.029481999576091766,0.029253000393509865,0.029292000457644463,4293654
2024-10-01T00:00:00.000000Z,0.029292000457644463,0.029368000105023384,0.028800999745726585,0.028953999280929565,4379532
2024-10-02T00:00:00.000000Z,0.028953999280929565,0.029270000755786896,0.028911000117659569,0.029163999482989311,5051403
2024-10-03T00:00:00.000000Z,0.029163999482989311,0.02944600023329258,0.029092000797390938,0.029137000441551208,4147562
2024-10-04T00:00:00.000000Z,0.029137000441551208,0.029248999431729317,0.028997000306844711,0.02910899929702282,3647476
2024-10-05T00:00:00.000000Z,0.02910899929702282,0.029279999434947968,0.029107000678777695,0.029194999486207962,3754080
2024-10-06T00:00:00.000000Z,0.029194999486207962,0.029384000226855278,0.029183000326156616,0.029333999380469322,2964116
2024-10-07T00:00:00.000000Z,0.029333999380469322,0.029399000108242035,0.028922000899910927,0.0289280004799366,4143982
2024-10-08T00:00:00.000000Z,0.0289280004799366,0.029095999896526337,0.028619000688195229,0.028660999611020088,3624390
2024-10-09T00:00:00.000000Z,0.028660999611020088,0.028691999614238739,0.028348999097943306,0.028474999591708183,3737180
2024-10-10T00:00:00.000000Z,0.028474999591708183,0.028668999671936035,0.028282999992370605,0.028344999998807907,2576029
2024-10-11T00:00:00.000000Z,0.028344999998807907,0.028626000508666039,0.028304999694228172,0.028487000614404678,2960888
2024-10-12T00:00:00.000000Z,0.028487000614404678,0.028496000915765762,0.028288999572396278,0.028310000896453857,2957802
2024-10-13T00:00:00.000000Z,0.028310000896453857,0.028354000300168991,0.02822599932551384,0.028308000415563583,2617999
2024-10-14T00:00:00.000000Z,0.028308000415563583,0.028427999466657639,0.028152000159025192,0.02831600047647953,4426716
2024-10-15T00:00:00.000000Z,0.02831600047647953,0.028325999155640602,0.027628000825643539,0.027628000825643539,5064148
2024-10-16T00:00:00.000000Z,0.027628000825643539,0.027799999341368675,0.027524000033736229,0.027596000581979752,5874326
2024-10-17T00:00:00.000000Z,0.027596000581979752,0.027736000716686249,0.027577999979257584,0.027657000347971916,6324949
2024-10-18T00:00:00.000000Z,0.027657000347971916,0.027808999642729759,0.027595000341534615,0.027701999992132187,9500865
2024-10-19T00:00:00.000000Z,0.027701999992132187,0.027744999155402184,0.027589000761508942,0.027704000473022461,10021503
2024-10-20T00:00:00.000000Z,0.027704000473022461,0.027767999097704887,0.02759999968111515,0.027636999264359474,9802100
2024-10-21T00:00:00.000000Z,0.027636999264359474,0.027712000533938408,0.027479000389575958,0.027532000094652176,8711711
2024-10-22T00:00:00.000000Z,0.027532000094652176,0.027625000104308128,0.02734999917447567,0.02762099914252758,8768199
2024-10-23T00:00:00.000000Z,0.02762099914252758,0.027634000405669212,0.02745399996638298,0.027503000572323799,9392017
2024-10-24T00:00:00.000000Z,0.027514999732375145,0.02765900082886219,0.027463000267744064,0.02760699950158596,9567484
2024-10-25T00:00:00.000000Z,0.02760699950158596,0.027710000053048134,0.027214000001549721,0.027214000001549721,9580201
2024-10-26T00:00:00.000000Z,0.027214000001549721,0.027259999886155128,0.026986999437212944,0.027218999341130257,10223103
2024-10-27T00:00:00.000000Z,0.027218999341130257,0.027374999597668648,0.027154000476002693,0.027326999232172966,9268598
2024-10-28T00:00:00.000000Z,0.027326999232172966,0.02782600000500679,0.027123000472784042,0.027699999511241913,12514004
2024-10-29T00:00:00.000000Z,0.027699999511241913,0.028150999918580055,0.027514999732375145,0.028063999488949776,10495334
2024-10-30T00:00:00.000000Z,0.028063999488949776,0.028095999732613564,0.02781900018453598,0.02781900018453598,9342735
2024-10-31T00:00:00.000000Z,0.02781900018453598,0.027823999524116516,0.02734999917447567,0.02734999917447567,10722572
2024-11-01T00:00:00.000000Z,0.02734999917447567,0.027357999235391617,0.02696399949491024,0.027038000524044037,10671853
2024-11-02T00:00:00.000000Z,0.027038000524044037,0.02706499956548214,0.02687700092792511,0.026971999555826187,8537625
2024-11-03T00:00:00.000000Z,0.026971999555826187,0.027008000761270523,0.02674500085413456,0.026879999786615372,11597428
2024-11-04T00:00:00.000000Z,0.026879999786615372,0.026924999430775642,0.026629999279975891,0.02675900049507618,9267537
2024-11-05T00:00:00.000000Z,0.02675900049507618,0.026765000075101852,0.026409000158309937,0.026489999145269394,11696238
2024-11-06T00:00:00.000000Z,0.026489999145269394,0.028124000877141953,0.026474999263882637,0.028124000877141953,11566051
2024-11-07T00:00:00.000000Z,0.028124000877141953,0.028843000531196594,0.028121000155806541,0.028711000457406044,9643369
2024-11-08T00:00:00.000000Z,0.028711000457406044,0.029169000685214996,0.028676999732851982,0.029155999422073364,10703247
2024-11-09T00:00:00.000000Z,0.029155999422073364,0.029420999810099602,0.029051000252366066,0.029245000332593918,10744773
2024-11-10T00:00:00.000000Z,0.029245000332593918,0.030182000249624252,0.029139000922441483,0.030094999819993973,10770645
2024-11-11T00:00:00.000000Z,0.030094999819993973,0.030579999089241028,0.030028000473976135,0.030419999733567238,8932817
2024-11-12T00:00:00.000000Z,0.030419999733567238,0.031060000881552696,0.030262000858783722,0.030998000875115395,14484243
2024-11-13T00:00:00.000000Z,0.030998000875115395,0.031137000769376755,0.030581999570131302,0.03065899945795536,15737954
2024-11-14T00:00:00.000000Z,0.03065899945795536,0.030758999288082123,0.02987699955701828,0.029882000759243965,15514966
2024-11-15T00:00:00.000000Z,0.029882000759243965,0.030508000403642654,0.029299000278115273,0.030486000701785088,16267062
2024-11-16T00:00:00.000000Z,0.030791999772191048,0.051653001457452774,0.030776999890804291,0.04721900075674057,49590628
2024-11-17T00:00:00.000000Z,0.04721900075674057,0.047729000449180603,0.041956998407840729,0.041969999670982361,24581321
2024-11-18T00:00:00.000000Z,0.041969999670982361,0.043977998197078705,0.040821999311447144,0.043912000954151154,25028203
2024-11-19T00:00:00.000000Z,0.043912000954151154,0.046117998659610748,0.041064999997615814,0.041689001023769379,25443044
2024-11-20T00:00:00.000000Z,0.041689001023769379,0.04202599823474884,0.040761001408100128,0.042015001177787781,17901298
2024-11-21T00:00:00.000000Z,0.042015999555587769,0.042596001178026199,0.041547998785972595,0.04185900092124939,19245770
2024-11-22T00:00:00.000000Z,0.041859999299049377,0.058286000043153763,0.041855998337268829,0.049008000642061234,48558384
2024-11-23T00:00:00.000000Z,0.049008000642061234,0.064465999603271484,0.047517001628875732,0.054609000682830811,50401334
2024-11-24T00:00:00.000000Z,0.054609000682830811,0.063372001051902771,0.051169000566005707,0.055185999721288681,53995621
2024-11-25T00:00:00.000000Z,0.055185999721288681,0.055677000433206558,0.050443999469280243,0.054822001606225967,41588214
2024-11-26T00:00:00.000000Z,0.054820999503135681,0.060015998780727386,0.051541000604629517,0.057066000998020172,41728002
2024-11-27T00:00:00.000000Z,0.057066000998020172,0.057590000331401825,0.055571001023054123,0.056248001754283905,30820225
2024-11-28T00:00:00.000000Z,0.056248001754283905,0.056589998304843903,0.054742999374866486,0.055527001619338989,25122754
2024-11-29T00:00:00.000000Z,0.055527001619338989,0.06286100298166275,0.054193999618291855,0.061912998557090759,39182238
2024-11-30T00:00:00.000000Z,0.061912998557090759,0.062316000461578369,0.057254999876022339,0.061427999287843704,40046626
2024-12-01T00:00:00.000000Z,0.061427999287843704,0.068024002015590668,0.058162998408079147,0.067933999001979828,50636229
2024-12-02T00:00:00.000000Z,0.067933999001979828,0.081546001136302948,0.066788002848625183,0.081546001136302948,99543662
2024-12-03T00:00:00.000000Z,0.081546001136302948,0.087254002690315247,0.074727997183799744,0.081942997872829437,71232806
2024-12-04T00:00:00.000000Z,0.081942997872829437,0.08209499716758728,0.070312999188899994,0.071111001074314117,54054239
2024-12-05T00:00:00.000000Z,0.071111001074314117,0.077299997210502625,0.069063998758792877,0.074680998921394348,50856105
2024-12-06T00:00:00.000000Z,0.074371002614498138,0.10160499811172485,0.073836997151374817,0.097808003425598145,117392593
2024-12-07T00:00:00.000000Z,0.097808003425598145,0.10643299669027328,0.090460002422332764,0.092843003571033478,89053258
2024-12-08T00:00:00.000000Z,0.095518998801708221,0.096809998154640198,0.09107699990272522,0.092079997062683105,51287675
2024-12-09T00:00:00.000000Z,0.092079997062683105,0.092687003314495087,0.076792001724243164,0.078625999391078949,62687981
2024-12-10T00:00:00.000000Z,0.078625001013278961,0.092864997684955597,0.077271997928619385,0.091976001858711243,64632078
2024-12-11T00:00:00.000000Z,0.091976001858711243,0.1020980030298233,0.087323002517223358,0.088081002235412598,65353259
2024-12-12T00:00:00.000000Z,0.088081002235412598,0.092767000198364258,0.084108002483844757,0.084813997149467468,40464867
2024-12-13T00:00:00.000000Z,0.084813997149467468,0.088380001485347748,0.082569003105163574,0.083734996616840363,42238022
2024-12-14T00:00:00.000000Z,0.083734996616840363,0.084241002798080444,0.078441999852657318,0.079600997269153595,31702495
2024-12-15T00:00:00.000000Z,0.079600997269153595,0.084930002689361572,0.078207001090049744,0.083723999559879303,36667762
2024-12-16T00:00:00.000000Z,0.083723999559879303,0.084628000855445862,0.078204996883869171,0.08243899792432785,40640080
2024-12-17T00:00:00.000000Z,0.08243899792432785,0.082814998924732208,0.078011997044086456,0.080673001706600189,38135424
2024-12-18T00:00:00.000000Z,0.080669000744819641,0.081362999975681305,0.0706930011510849,0.071997001767158508,34372342
2024-12-19T00:00:00.000000Z,0.071997001767158508,0.076670996844768524,0.068043999373912811,0.070652998983860016,39418981
2024-12-20T00:00:00.000000Z,0.070652998983860016,0.074102997779846191,0.064291998744010925,0.074102997779846191,39583400
2024-12-21T00:00:00.000000Z,0.074102997779846191,0.080190002918243408,0.074020996689796448,0.074671998620033264,32340986
2024-12-22T00:00:00.000000Z,0.074671998620033264,0.079155996441841125,0.071396999061107635,0.076140999794006348,33484287
2024-12-23T00:00:00.000000Z,0.076140999794006348,0.085271000862121582,0.073742002248764038,0.084830999374389648,46189539
2024-12-24T00:00:00.000000Z,0.084830999374389648,0.087770998477935791,0.081299997866153717,0.083205997943878174,38239545
2024-12-25T00:00:00.000000Z,0.083205997943878174,0.084108002483844757,0.080636002123355865,0.082934997975826263,29183465
2024-12-26T00:00:00.000000Z,0.082934997975826263,0.083382003009319305,0.075975999236106873,0.076684996485710144,28294636
2024-12-27T00:00:00.000000Z,0.076683998107910156,0.078140996396541595,0.069853000342845917,0.069968000054359436,31977710
2024-12-28T00:00:00.000000Z,0.069968000054359436,0.075460001826286316,0.069968000054359436,0.075460001826286316,29087612
2024-12-29T00:00:00.000000Z,0.075460001826286316,0.075906999409198761,0.07064499706029892,0.071684002876281738,31893138
2024-12-30T00:00:00.000000Z,0.071684002876281738,0.073772996664047241,0.068153001368045807,0.070003002882003784,31273248
2024-12-31T00:00:00.000000Z,0.070003002882003784,0.075099997222423553,0.068800002336502075,0.070329003036022186,37805779
2025-01-01T00:00:00.000000Z,0.070329003036022186,0.082722000777721405,0.069930002093315125,0.082722000777721405,40221978
2025-01-02T00:00:00.000000Z,0.082722000777721405,0.088149003684520721,0.080452002584934235,0.083183996379375458,47439928
2025-01-03T00:00:00.000000Z,0.083183996379375458,0.085381999611854553,0.081952996551990509,0.084046997129917145,36127464
2025-01-04T00:00:00.000000Z,0.084046997129917145,0.0924220010638237,0.084046997129917145,0.092419996857643127,47470675
2025-01-05T00:00:00.000000Z,0.092419996857643127,0.098281003534793854,0.087829001247882843,0.096493996679782867,75622590
2025-01-06T00:00:00.000000Z,0.096493996679782867,0.10516499727964401,0.093542002141475677,0.10343299806118011,63282889
2025-01-07T00:00:00.000000Z,0.10343199968338013,0.10407400131225586,0.087030000984668732,0.093479998409748077,78328558
2025-01-08T00:00:00.000000Z,0.093479998409748077,0.095347002148628235,0.087947003543376923,0.094990998506546021,63103463
2025-01-09T00:00:00.000000Z,0.094990998506546021,0.09749700129032135,0.087938003242015839,0.08836200088262558,56700763
2025-01-10T00:00:00.000000Z,0.088361002504825592,0.098857000470161438,0.088361002504825592,0.095251999795436859,56601424
2025-01-11T00:00:00.000000Z,0.095251999795436859,0.10270799696445465,0.095141999423503876,0.10120999813079834,54289566
2025-01-12T00:00:00.000000Z,0.10120999813079834,0.10166399925947189,0.099769003689289093,0.1005370020866394,40654455
2025-01-13T00:00:00.000000Z,0.1005370020866394,0.10241000354290009,0.091385997831821442,0.1005299985408783,58806982
2025-01-14T00:00:00.000000Z,0.1005299985408783,0.11089500039815903,0.097172997891902924,0.11037199944257736,62389443
2025-01-15T00:00:00.000000Z,0.11037199944257736,0.1378760039806366,0.10929899662733078,0.13544699549674988,146126743
2025-01-16T00:00:00.000000Z,0.13544900715351105,0.15594400465488434,0.12846699357032776,0.13912999629974365,147667839
2025-01-17T00:00:00.000000Z,0.13912999629974365,0.14820200204849243,0.13330599665641785,0.14181500673294067,104721487
2025-01-18T00:00:00.000000Z,0.14181500673294067,0.14597199857234955,0.12524299323558807,0.1356550008058548,103356563
2025-01-19T00:00:00.000000Z,0.1356550008058548,0.14221799373626709,0.12495700269937515,0.12514999508857727,88466285
2025-01-20T00:00:00.000000Z,0.12514999508857727,0.13518999516963959,0.11840300261974335,0.1212569996714592,89147079
2025-01-21T00:00:00.000000Z,0.12125600129365921,0.12370800226926804,0.11226599663496017,0.11585699766874313,67656212
2025-01-22T00:00:00.000000Z,0.11585699766874313,0.12924300134181976,0.1104310005903244,0.12924300134181976,58391859
2025-01-23T00:00:00.000000Z,0.12929600477218628,0.13209299743175507,0.11256600171327591,0.1164809986948967,74227904
2025-01-24T00:00:00.000000Z,0.11648199707269669,0.11799199879169464,0.11038900166749954,0.11239100247621536,65629214
2025-01-25T00:00:00.000000Z,0.11239100247621536,0.1173740029335022,0.11066599935293198,0.11067800223827362,52164767
2025-01-26T00:00:00.000000Z,0.11067900061607361,0.1143449991941452,0.10231000185012817,0.10231000185012817,60617189
2025-01-27T00:00:00.000000Z,0.1023079976439476,0.10693600028753281,0.095513001084327698,0.10684800148010254,80118591
2025-01-28T00:00:00.000000Z,0.10689300298690796,0.12149900197982788,0.10660900175571442,0.10937699675559998,69883339
2025-01-29T00:00:00.000000Z,0.10937699675559998,0.11329100281000137,0.10218799859285355,0.10769499838352203,59770154
2025-01-30T00:00:00.000000Z,0.10769999772310257,0.11528699845075607,0.10736499726772308,0.11106300354003906,50151686
2025-01-31T00:00:00.000000Z,0.11106300354003906,0.114656001329422,0.10582099854946136,0.10754399746656418,46627137
2025-02-01T00:00:00.000000Z,0.1075420007109642,0.10770999640226364,0.099901996552944183,0.10162799805402756,49499831
2025-02-02T00:00:00.000000Z,0.10162799805402756,0.10885400325059891,0.088575996458530426,0.094912998378276825,67554599
2025-02-03T00:00:00.000000Z,0.094913996756076813,0.10170499980449677,0.0639910027384758,0.1005219966173172,84141984
2025-02-04T00:00:00.000000Z,0.1005219966173172,0.10360900312662125,0.090653002262115479,0.093801997601985931,59434405
2025-02-05T00:00:00.000000Z,0.093800999224185944,0.1009880006313324,0.086074002087116241,0.089570000767707825,60491951
2025-02-06T00:00:00.000000Z,0.089570000767707825,0.093215003609657288,0.084937997162342072,0.087821997702121735,44930328
2025-02-07T00:00:00.000000Z,0.087821997702121735,0.093842998147010803,0.086911998689174652,0.092101000249385834,45087536
2025-02-08T00:00:00.000000Z,0.092101000249385834,0.094498001039028168,0.087136998772621155,0.088633999228477478,39470271
2025-02-09T00:00:00.000000Z,0.088633999228477478,0.093774996697902679,0.088416002690792084,0.089414998888969421,27324403
2025-02-10T00:00:00.000000Z,0.089414998888969421,0.092491000890731812,0.085263997316360474,0.088884003460407257,74799507
2025-02-11T00:00:00.000000Z,0.088916003704071045,0.09746299684047699,0.088464997708797455,0.090444996953010559,87109096
2025-02-12T00:00:00.000000Z,0.090444996953010559,0.094572998583316803,0.089564003050327301,0.093505002558231354,41054998
2025-02-13T00:00:00.000000Z,0.093503996729850769,0.096592999994754791,0.091907002031803131,0.094384998083114624,44763198
2025-02-14T00:00:00.000000Z,0.094384998083114624,0.099950999021530151,0.092482000589370728,0.099077001214027405,29745936
2025-02-15T00:00:00.000000Z,0.099077001214027405,0.10351300239562988,0.09746299684047699,0.099638000130653381,26615960
2025-02-16T00:00:00.000000Z,0.099627003073692322,0.10037600249052048,0.097125999629497528,0.098168998956680298,18617681
2025-02-17T00:00:00.000000Z,0.098173998296260834,0.099244996905326843,0.093709997832775116,0.094297997653484344,34750527
2025-02-18T00:00:00.000000Z,0.094297997653484344,0.095407001674175262,0.08762899786233902,0.090154998004436493,40719246
2025-02-19T00:00:00.000000Z,0.090154998004436493,0.090968996286392212,0.087631002068519592,0.089758001267910004,35245749
2025-02-20T00:00:00.000000Z,0.089758001267910004,0.090250998735427856,0.08763500303030014,0.089528001844882965,33613817
2025-02-21T00:00:00.000000Z,0.089529998600482941,0.089879997074604034,0.084204003214836121,0.085373997688293457,36680249
2025-02-22T00:00:00.000000Z,0.085373997688293457,0.087135002017021179,0.085199996829032898,0.0870169997215271,31623862
2025-02-23T00:00:00.000000Z,0.0870169997215271,0.087199002504348755,0.082797996699810028,0.08500400185585022,28141928
2025-02-24T00:00:00.000000Z,0.08500400185585022,0.085438996553421021,0.078575998544692993,0.078575998544692993,28899622
2025-02-25T00:00:00.000000Z,0.078575998544692993,0.078971996903419495,0.073040001094341278,0.078962996602058411,36109620
2025-02-26T00:00:00.000000Z,0.078962996602058411,0.093359999358654022,0.078961998224258423,0.081699997186660767,49984149
2025-02-27T00:00:00.000000Z,0.081690996885299683,0.083412997424602509,0.079380996525287628,0.081329002976417542,37057445
2025-02-28T00:00:00.000000Z,0.081329002976417542,0.082097999751567841,0.075037002563476562,0.080118000507354736,43486205
2025-03-01T00:00:00.000000Z,0.080118000507354736,0.082287997007369995,0.079380996525287628,0.08020000159740448,33633957
2025-03-02T00:00:00.000000Z,0.08020000159740448,0.088431000709533691,0.079993002116680145,0.083697997033596039,44301707
2025-03-03T00:00:00.000000Z,0.083697997033596039,0.083986997604370117,0.07445099949836731,0.076123997569084167,39998239
2025-03-04T00:00:00.000000Z,0.076123997569084167,0.076453998684883118,0.071272000670433044,0.075182996690273285,35665999
2025-03-05T00:00:00.000000Z,0.075182996690273285,0.077024996280670166,0.073968000710010529,0.074942000210285187,31848357
2025-03-06T00:00:00.000000Z,0.074942000210285187,0.076269999146461487,0.072700999677181244,0.073221996426582336,29613329
2025-03-07T00:00:00.000000Z,0.073221996426582336,0.078644998371601105,0.071168996393680573,0.076150998473167419,39117766
2025-03-08T00:00:00.000000Z,0.076150998473167419,0.076898999512195587,0.072103001177310944,0.07542700320482254,31461159
2025-03-09T00:00:00.000000Z,0.07542700320482254,0.075583003461360931,0.068384997546672821,0.068558000028133392,28993389
2025-03-10T00:00:00.000000Z,0.068558000028133392,0.07291799783706665,0.066859997808933258,0.067270003259181976,43108869
2025-03-11T00:00:00.000000Z,0.067276999354362488,0.070417001843452454,0.06423100084066391,0.069533996284008026,42278672
2025-03-12T00:00:00.000000Z,0.069533996284008026,0.069585002958774567,0.065352000296115875,0.067261002957820892,33738906
2025-03-13T00:00:00.000000Z,0.067261002957820892,0.068062998354434967,0.065747000277042389,0.066450998187065125,42637754
2025-03-14T00:00:00.000000Z,0.066450998187065125,0.069439999759197235,0.066409997642040253,0.067824997007846832,34710001
2025-03-15T00:00:00.000000Z,0.067823000252246857,0.069045998156070709,0.06702200323343277,0.067930996417999268,24015914
2025-03-16T00:00:00.000000Z,0.067930996417999268,0.068279996514320374,0.066959001123905182,0.067181997001171112,24961705
2025-03-17T00:00:00.000000Z,0.067180998623371124,0.068502001464366913,0.067152999341487885,0.068136997520923615,27120046
2025-03-18T00:00:00.000000Z,0.068136997520923615,0.068136997520923615,0.066220998764038086,0.066697999835014343,30513597
2025-03-19T00:00:00.000000Z,0.066697999835014343,0.071851000189781189,0.066425003111362457,0.071819998323917389,38504419
2025-03-20T00:00:00.000000Z,0.071818999946117401,0.072498001158237457,0.070247001945972443,0.071290001273155212,35395956
2025-03-21T00:00:00.000000Z,0.071290001273155212,0.075806997716426849,0.071170002222061157,0.072715997695922852,38514246
2025-03-22T00:00:00.000000Z,0.072715997695922852,0.073642000555992126,0.072054997086524963,0.072858996689319611,22843693
2025-03-23T00:00:00.000000Z,0.072858996689319611,0.073146998882293701,0.069550000131130219,0.07021699845790863,29390102
2025-03-24T00:00:00.000000Z,0.07021699845790863,0.075865000486373901,0.070182003080844879,0.07463199645280838,25435744
2025-03-25T00:00:00.000000Z,0.07463199645280838,0.0754690021276474,0.073423996567726135,0.07425999641418457,17428500
2025-03-26T00:00:00.000000Z,0.07425999641418457,0.07425999641418457,0.071569003164768219,0.071626000106334686,18738808
2025-03-27T00:00:00.000000Z,0.071626000106334686,0.071895003318786621,0.070638000965118408,0.071139998733997345,24600439
2025-03-28T00:00:00.000000Z,0.071139998733997345,0.071153998374938965,0.068535998463630676,0.069806002080440521,23523665
2025-03-29T00:00:00.000000Z,0.069806002080440521,0.069908000528812408,0.067916996777057648,0.068412996828556061,8798178
2025-03-30T00:00:00.000000Z,0.068412996828556061,0.068673998117446899,0.066055998206138611,0.067946001887321472,14017727
2025-03-31T00:00:00.000000Z,0.067945003509521484,0.06969500333070755,0.06694299727678299,0.068164996802806854,32289668
2025-04-01T00:00:00.000000Z,0.068164996802806854,0.069537997245788574,0.067256003618240356,0.069288000464439392,22542922
2025-04-02T00:00:00.000000Z,0.069288000464439392,0.069289997220039368,0.064732998609542847,0.065022997558116913,39512263
2025-04-03T00:00:00.000000Z,0.065022997558116913,0.067364998161792755,0.064433999359607697,0.065762996673583984,37274325
2025-04-04T00:00:00.000000Z,0.065762996673583984,0.068579003214836121,0.065761998295783997,0.068539999425411224,40149435
2025-04-05T00:00:00.000000Z,0.068539999425411224,0.068750999867916107,0.067331999540328979,0.068750999867916107,28654706
2025-04-06T00:00:00.000000Z,0.068750999867916107,0.071511000394821167,0.064820997416973114,0.065564997494220734,47310751
2025-04-07T00:00:00.000000Z,0.065564997494220734,0.067524001002311707,0.06012599915266037,0.067094996571540833,79309052
2025-04-08T00:00:00.000000Z,0.067094996571540833,0.068176999688148499,0.061409998685121536,0.062916003167629242,49296095
2025-04-09T00:00:00.000000Z,0.062916003167629242,0.068085998296737671,0.06212100014090538,0.067409999668598175,56558955
2025-04-10T00:00:00.000000Z,0.067409999668598175,0.06758899986743927,0.064208999276161194,0.064806997776031494,32709449
2025-04-11T00:00:00.000000Z,0.064806997776031494,0.07227499783039093,0.064622998237609863,0.072068996727466583,35994075
2025-04-12T00:00:00.000000Z,0.072068996727466583,0.076833002269268036,0.071776002645492554,0.075970999896526337,35092768
2025-04-13T00:00:00.000000Z,0.075970999896526337,0.081947997212409973,0.075600996613502502,0.076560996472835541,34357245
2025-04-14T00:00:00.000000Z,0.076560996472835541,0.079802997410297394,0.072998002171516418,0.0733800008893013,28975244
2025-04-15T00:00:00.000000Z,0.0733800008893013,0.073931999504566193,0.069369003176689148,0.069421000778675079,28484157
2025-04-16T00:00:00.000000Z,0.069421000778675079,0.072967998683452606,0.069071002304553986,0.071050003170967102,27158107
2025-04-17T00:00:00.000000Z,0.071050003170967102,0.072123996913433075,0.070376001298427582,0.070748001337051392,20133206
2025-04-18T00:00:00.000000Z,0.070748001337051392,0.07126300036907196,0.070107996463775635,0.070670001208782196,25315451
2025-04-19T00:00:00.000000Z,0.070670001208782196,0.072366997599601746,0.070304997265338898,0.071450002491474152,27290892
2025-04-20T00:00:00.000000Z,0.071450002491474152,0.072506003081798553,0.071092002093791962,0.071525998413562775,26145889
2025-04-21T00:00:00.000000Z,0.071525998413562775,0.072236999869346619,0.070882998406887054,0.071388997137546539,36153874
2025-04-22T00:00:00.000000Z,0.071388997137546539,0.075732000172138214,0.071365997195243835,0.075698003172874451,39423986
2025-04-23T00:00:00.000000Z,0.075698003172874451,0.078410997986793518,0.075239002704620361,0.076118998229503632,43820292
2025-04-24T00:00:00.000000Z,0.076118998229503632,0.076347999274730682,0.073735997080802917,0.074863001704216003,34339275
2025-04-25T00:00:00.000000Z,0.074863001704216003,0.075989998877048492,0.074144996702671051,0.07570599764585495,36741743
2025-04-26T00:00:00.000000Z,0.075707003474235535,0.076631002128124237,0.074403002858161926,0.074932999908924103,26199196
2025-04-27T00:00:00.000000Z,0.074934996664524078,0.076676003634929657,0.073964998126029968,0.076403997838497162,26624652
2025-04-28T00:00:00.000000Z,0.076405003666877747,0.081519998610019684,0.075535997748374939,0.080054000020027161,36640390
2025-04-29T00:00:00.000000Z,0.080054000020027161,0.083347998559474945,0.07781500369310379,0.078488998115062714,40896787
2025-04-30T00:00:00.000000Z,0.078488998115062714,0.079567000269889832,0.077321000397205353,0.077388003468513489,33616172
2025-05-01T00:00:00.000000Z,0.077388003468513489,0.077894002199172974,0.077119998633861542,0.077421002089977264,35360345
2025-05-02T00:00:00.000000Z,0.077422000467777252,0.078350000083446503,0.076756000518798828,0.077077999711036682,31555619
2025-05-03T00:00:00.000000Z,0.077077999711036682,0.077422000467777252,0.073091000318527222,0.073586001992225647,32147354
2025-05-04T00:00:00.000000Z,0.073586001992225647,0.074058003723621368,0.072783000767230988,0.07291799783706665,26656784
2025-05-05T00:00:00.000000Z,0.07291799783706665,0.073223002254962921,0.069750003516674042,0.072627998888492584,34690486
2025-05-06T00:00:00.000000Z,0.072627998888492584,0.07442300021648407,0.070687003433704376,0.070945002138614655,31722880
2025-05-07T00:00:00.000000Z,0.070945002138614655,0.073784999549388885,0.069861002266407013,0.073224999010562897,33156943
2025-05-08T00:00:00.000000Z,0.073224999010562897,0.077212996780872345,0.072664998471736908,0.077207997441291809,44361198
2025-05-09T00:00:00.000000Z,0.077207997441291809,0.079300999641418457,0.0748089998960495,0.078974999487400055,54705312
2025-05-10T00:00:00.000000Z,0.078974999487400055,0.078974999487400055,0.076240003108978271,0.078409001231193542,40107267
2025-05-11T00:00:00.000000Z,0.078409001231193542,0.07876800000667572,0.074116997420787811,0.075612999498844147,43450227
2025-05-12T00:00:00.000000Z,0.075612999498844147,0.078192003071308136,0.073693998157978058,0.075000002980232239,48346708
2025-05-13T00:00:00.000000Z,0.075000002980232239,0.075507000088691711,0.072644002735614777,0.074858002364635468,39138513
2025-05-14T00:00:00.000000Z,0.074858002364635468,0.076587997376918793,0.073945999145507812,0.074928998947143555,35755434
2025-05-15T00:00:00.000000Z,0.074928998947143555,0.07508300244808197,0.071946002542972565,0.072595998644828796,31871400
2025-05-16T00:00:00.000000Z,0.072596997022628784,0.072835996747016907,0.071672998368740082,0.072033002972602844,26824810
2025-05-17T00:00:00.000000Z,0.072033002972602844,0.072036996483802795,0.070197001099586487,0.071056000888347626,32234454
2025-05-18T00:00:00.000000Z,0.071056000888347626,0.073962002992630005,0.070955999195575714,0.072311997413635254,36799945
2025-05-19T00:00:00.000000Z,0.072311997413635254,0.073284000158309937,0.07032100111246109,0.072434999048709869,36121469
2025-05-20T00:00:00.000000Z,0.072434999048709869,0.073903001844882965,0.070881001651287079,0.070892997086048126,41311535
2025-05-21T00:00:00.000000Z,0.070892997086048126,0.072463996708393097,0.070371001958847046,0.071483001112937927,48659672
2025-05-22T00:00:00.000000Z,0.071483001112937927,0.073280997574329376,0.071130998432636261,0.072123996913433075,45523717
2025-05-23T00:00:00.000000Z,0.072123996913433075,0.07332099974155426,0.069611996412277222,0.06961599737405777,41185908
2025-05-24T00:00:00.000000Z,0.06961599737405777,0.070037998259067535,0.068580999970436096,0.068580999970436096,31395561
2025-05-25T00:00:00.000000Z,0.068580999970436096,0.068627998232841492,0.067142002284526825,0.067143000662326813,32389577
2025-05-26T00:00:00.000000Z,0.067143000662326813,0.068002000451087952,0.066725999116897583,0.067224003374576569,24301201
2025-05-27T00:00:00.000000Z,0.067224003374576569,0.067858003079891205,0.066037997603416443,0.067792996764183044,37174689
2025-05-28T00:00:00.000000Z,0.067792996764183044,0.067818000912666321,0.063110001385211945,0.063574999570846558,39626762
2025-05-29T00:00:00.000000Z,0.063574999570846558,0.064860999584197998,0.061606001108884811,0.061889000236988068,30203912
2025-05-30T00:00:00.000000Z,0.061898000538349152,0.062006998807191849,0.059289999306201935,0.059402000159025192,34811244
2025-05-31T00:00:00.000000Z,0.059402000159025192,0.061556998640298843,0.058658000081777573,0.061069000512361526,27917124
2025-06-01T00:00:00.000000Z,0.061069000512361526,0.061778999865055084,0.060809001326560974,0.061593998223543167,23925158
2025-06-02T00:00:00.000000Z,0.061593998223543167,0.061595000326633453,0.058754999190568924,0.059379000216722488,25563965
2025-06-03T00:00:00.000000Z,0.059379000216722488,0.060416001826524734,0.059204000979661942,0.060180999338626862,38757290
2025-06-04T00:00:00.000000Z,0.060180999338626862,0.060800999402999878,0.059473000466823578,0.059992000460624695,35399893
2025-06-05T00:00:00.000000Z,0.059992000460624695,0.060708001255989075,0.057985998690128326,0.058481000363826752,39751342
2025-06-06T00:00:00.000000Z,0.058481000363826752,0.059787001460790634,0.058076001703739166,0.059500999748706818,36193132
2025-06-07T00:00:00.000000Z,0.059500999748706818,0.059719998389482498,0.059018999338150024,0.059018999338150024,28159188
2025-06-08T00:00:00.000000Z,0.059018999338150024,0.061092998832464218,0.058628000319004059,0.060933999717235565,27640778
2025-06-09T00:00:00.000000Z,0.060933999717235565,0.061576001346111298,0.060635000467300415,0.060784000903367996,38262303
2025-06-10T00:00:00.000000Z,0.060784000903367996,0.066818997263908386,0.060616001486778259,0.066504999995231628,52361324
2025-06-11T00:00:00.000000Z,0.066504999995231628,0.069361001253128052,0.066206000745296478,0.067330002784729004,51860656
2025-06-12T00:00:00.000000Z,0.067330002784729004,0.067539997398853302,0.062628999352455139,0.062642998993396759,36135039
2025-06-13T00:00:00.000000Z,0.062642998993396759,0.062662996351718903,0.059900000691413879,0.060088999569416046,39162591
2025-06-14T00:00:00.000000Z,0.060088999569416046,0.060238998383283615,0.059487998485565186,0.059943001717329025,21935167
2025-06-15T00:00:00.000000Z,0.059943001717329025,0.060081999748945236,0.05881199985742569,0.059291001409292221,21341906
2025-06-16T00:00:00.000000Z,0.059291001409292221,0.06044900044798851,0.059144001454114914,0.059287000447511673,27439083
2025-06-17T00:00:00.000000Z,0.059287000447511673,0.059427998960018158,0.057934999465942383,0.058235000818967819,29167251
2025-06-18T00:00:00.000000Z,0.058235000818967819,0.058501999825239182,0.05737299844622612,0.057707998901605606,26004089
2025-06-19T00:00:00.000000Z,0.057707998901605606,0.057934001088142395,0.057188998907804489,0.057746000587940216,20679099
2025-06-20T00:00:00.000000Z,0.057746000587940216,0.059615999460220337,0.057746000587940216,0.058444000780582428,25661893
2025-06-21T00:00:00.000000Z,0.058444000780582428,0.059280000627040863,0.057870000600814819,0.058311998844146729,23040893
2025-06-22T00:00:00.000000Z,0.058311998844146729,0.058621998876333237,0.05536000058054924,0.055863000452518463,33931980
2025-06-23T00:00:00.000000Z,0.055863000452518463,0.058573000133037567,0.055792000144720078,0.058557998389005661,30259389
2025-06-24T00:00:00.000000Z,0.058557998389005661,0.06012599915266037,0.058549001812934875,0.059549000114202499,27957775
2025-06-25T00:00:00.000000Z,0.059549000114202499,0.059861000627279282,0.058533001691102982,0.058556001633405685,26535119
2025-06-26T00:00:00.000000Z,0.058556001633405685,0.058876998722553253,0.057946998625993729,0.058269001543521881,21902079
2025-06-27T00:00:00.000000Z,0.058269001543521881,0.06011199951171875,0.058224000036716461,0.059578001499176025,22794588
2025-06-28T00:00:00.000000Z,0.059578001499176025,0.060509998351335526,0.059505000710487366,0.060302998870611191,17149143
2025-06-29T00:00:00.000000Z,0.060302998870611191,0.060493998229503632,0.059094000607728958,0.059323001652956009,21114538
2025-06-30T00:00:00.000000Z,0.059323001652956009,0.059622000902891159,0.057959001511335373,0.05904800072312355,22351965
2025-07-01T00:00:00.000000Z,0.05904800072312355,0.059223998337984085,0.057523000985383987,0.058416999876499176,25507002
2025-07-02T00:00:00.000000Z,0.058416999876499176,0.060616001486778259,0.05840500071644783,0.060513999313116074,29255384
2025-07-03T00:00:00.000000Z,0.060513999313116074,0.060936000198125839,0.059539999812841415,0.060424000024795532,26618320
2025-07-04T00:00:00.000000Z,0.060424000024795532,0.060669001191854477,0.059702001512050629,0.060621999204158783,26114664
2025-07-05T00:00:00.000000Z,0.060621999204158783,0.062945999205112457,0.060619998723268509,0.062609001994132996,22475437
2025-07-06T00:00:00.000000Z,0.062609001994132996,0.065399996936321259,0.062447000294923782,0.063244998455047607,24030477
2025-07-07T00:00:00.000000Z,0.063244998455047607,0.065727002918720245,0.062987998127937317,0.065718002617359161,29049314
2025-07-08T00:00:00.000000Z,0.065718002617359161,0.067066997289657593,0.064787000417709351,0.065370999276638031,28748611
2025-07-09T00:00:00.000000Z,0.065370999276638031,0.067712001502513885,0.064485996961593628,0.067708998918533325,31768067
2025-07-10T00:00:00.000000Z,0.067708998918533325,0.073628000915050507,0.067575998604297638,0.072369001805782318,46872566
2025-07-11T00:00:00.000000Z,0.072369001805782318,0.076208002865314484,0.071805998682975769,0.072723999619483948,52401636
2025-07-12T00:00:00.000000Z,0.072723999619483948,0.072834998369216919,0.068193003535270691,0.070014998316764832,32802088
2025-07-13T00:00:00.000000Z,0.070014998316764832,0.084058001637458801,0.069830998778343201,0.07819800078868866,59518842
2025-07-14T00:00:00.000000Z,0.07819800078868866,0.08321700245141983,0.077241003513336182,0.078469999134540558,70611649
2025-07-15T00:00:00.000000Z,0.078469999134540558,0.07854200154542923,0.071500003337860107,0.075494997203350067,74376004
2025-07-16T00:00:00.000000Z,0.075494997203350067,0.080257996916770935,0.074506998062133789,0.077729001641273499,50609573
2025-07-17T00:00:00.000000Z,0.077729001641273499,0.081279002130031586,0.075986996293067932,0.080279998481273651,55615808
2025-07-18T00:00:00.000000Z,0.080279998481273651,0.089304998517036438,0.080277003347873688,0.085381001234054565,76382865
2025-07-19T00:00:00.000000Z,0.085381001234054565,0.093680001795291901,0.082973003387451172,0.093680001795291901,66456785
2025-07-20T00:00:00.000000Z,0.093680001795291901,0.10335700213909149,0.093676000833511353,0.10027299821376801,79605195
2025-07-21T00:00:00.000000Z,0.10027299821376801,0.10222700238227844,0.094958998262882233,0.096680998802185059,63625744
2025-07-22T00:00:00.000000Z,0.096680998802185059,0.096954002976417542,0.093021996319293976,0.095452003180980682,66340533
2025-07-23T00:00:00.000000Z,0.095452003180980682,0.096013002097606659,0.08364500105381012,0.088371001183986664,59896451
2025-07-24T00:00:00.000000Z,0.088371001183986664,0.089261002838611603,0.081069998443126678,0.084787003695964813,61704484
2025-07-25T00:00:00.000000Z,0.084787003695964813,0.089700996875762939,0.082021996378898621,0.086928002536296844,73449355
2025-07-26T00:00:00.000000Z,0.086928002536296844,0.090499997138977051,0.085450999438762665,0.089937999844551086,40939226
2025-07-27T00:00:00.000000Z,0.089937999844551086,0.090534001588821411,0.088522002100944519,0.09040900319814682,40047952
2025-07-28T00:00:00.000000Z,0.09040900319814682,0.093001000583171844,0.087227001786231995,0.089539997279644012,55317735
2025-07-29T00:00:00.000000Z,0.089539997279644012,0.10105399787425995,0.088587000966072083,0.099950999021530151,78352626
2025-07-30T00:00:00.000000Z,0.099950999021530151,0.10036200284957886,0.095436997711658478,0.096206001937389374,68575129
2025-07-31T00:00:00.000000Z,0.096206001937389374,0.099416002631187439,0.095669001340866089,0.097875997424125671,59713107
2025-08-01T00:00:00.000000Z,0.097875997424125671,0.098624996840953827,0.09515099972486496,0.095205999910831451,54144588
2025-08-02T00:00:00.000000Z,0.095205999910831451,0.096258997917175293,0.089470997452735901,0.089725002646446228,43871405
2025-08-03T00:00:00.000000Z,0.089725002646446228,0.093387998640537262,0.089161001145839691,0.093368001282215118,33972032
2025-08-04T00:00:00.000000Z,0.093368001282215118,0.096525996923446655,0.093188002705574036,0.095669001340866089,33101774
2025-08-05T00:00:00.000000Z,0.095669001340866089,0.095671996474266052,0.092082001268863678,0.093401998281478882,36142952
2025-08-06T00:00:00.000000Z,0.093401998281478882,0.094419002532958984,0.092490002512931824,0.092991001904010773,29789295
2025-08-07T00:00:00.000000Z,0.092991001904010773,0.093845002353191376,0.090635001659393311,0.091799996793270111,41963515
2025-08-08T00:00:00.000000Z,0.091799996793270111,0.094309002161026001,0.091696001589298248,0.09206099808216095,47102906
2025-08-09T00:00:00.000000Z,0.09206099808216095,0.094214998185634613,0.090956002473831177,0.090956002473831177,40700438
2025-08-10T00:00:00.000000Z,0.090956002473831177,0.090956002473831177,0.087525002658367157,0.089057996869087219,47870280
2025-08-11T00:00:00.000000Z,0.089057996869087219,0.090733997523784637,0.085986003279685974,0.086750000715255737,47000346
2025-08-12T00:00:00.000000Z,0.086750000715255737,0.0904650017619133,0.086727000772953033,0.0903950035572052,35134187
2025-08-13T00:00:00.000000Z,0.0903950035572052,0.090905003249645233,0.088170997798442841,0.08927600085735321,42762792
2025-08-14T00:00:00.000000Z,0.08927600085735321,0.090076997876167297,0.085340999066829681,0.08603300154209137,49017512
2025-08-15T00:00:00.000000Z,0.086018003523349762,0.087700001895427704,0.081109002232551575,0.086073003709316254,43548556
2025-08-16T00:00:00.000000Z,0.086071997880935669,0.088455997407436371,0.084963999688625336,0.08525499701499939,36285551
2025-08-17T00:00:00.000000Z,0.08525499701499939,0.085868999361991882,0.083890996873378754,0.085050001740455627,33145636
2025-08-18T00:00:00.000000Z,0.085050001740455627,0.085257001221179962,0.082437001168727875,0.08248099684715271,44340044
2025-08-19T00:00:00.000000Z,0.08248099684715271,0.085551001131534576,0.080233998596668243,0.080335997045040131,54406984
2025-08-20T00:00:00.000000Z,0.080335997045040131,0.082864999771118164,0.080325998365879059,0.082052998244762421,51180849
2025-08-21T00:00:00.000000Z,0.082052998244762421,0.083986997604370117,0.081248998641967773,0.081308998167514801,46466127
2025-08-22T00:00:00.000000Z,0.081308998167514801,0.085482999682426453,0.081106998026371002,0.083343997597694397,56713719
2025-08-23T00:00:00.000000Z,0.083343997597694397,0.084794998168945312,0.081602998077869415,0.082587003707885742,42664224
2025-08-24T00:00:00.000000Z,0.082587003707885742,0.083370998501777649,0.081477001309394836,0.082120001316070557,45965308
2025-08-25T00:00:00.000000Z,0.082120001316070557,0.082984998822212219,0.079695001244544983,0.07982800155878067,56077084
2025-08-26T00:00:00.000000Z,0.07982800155878067,0.081641003489494324,0.07744000107049942,0.079060003161430359,51309153
2025-08-27T00:00:00.000000Z,0.079060003161430359,0.079672001302242279,0.077132999897003174,0.078542999923229218,40072112
2025-08-28T00:00:00.000000Z,0.078542999923229218,0.080223999917507172,0.077458001673221588,0.079060003161430359,39439591
2025-08-29T00:00:00.000000Z,0.079058997333049774,0.07911200076341629,0.075304001569747925,0.075892999768257141,49562880
2025-08-30T00:00:00.000000Z,0.075892999768257141,0.080886997282505035,0.075892999768257141,0.080142997205257416,41103299
2025-08-31T00:00:00.000000Z,0.080142997205257416,0.081113003194332123,0.078754998743534088,0.078754998743534088,32759637
2025-09-01T00:00:00.000000Z,0.078754998743534088,0.080531999468803406,0.075874000787734985,0.076777003705501556,41485943
2025-09-02T00:00:00.000000Z,0.076777003705501556,0.079373002052307129,0.075970999896526337,0.079360999166965485,41653300
2025-09-03T00:00:00.000000Z,0.079360999166965485,0.080387003719806671,0.077931001782417297,0.078478001058101654,36965966
2025-09-04T00:00:00.000000Z,0.078478001058101654,0.079116001725196838,0.076994001865386963,0.076998002827167511,31715973
2025-09-05T00:00:00.000000Z,0.076998002827167511,0.0828389972448349,0.076995000243186951,0.080361001193523407,44033483
2025-09-06T00:00:00.000000Z,0.080361001193523407,0.080945998430252075,0.078424997627735138,0.079208999872207642,26432908
2025-09-07T00:00:00.000000Z,0.079208999872207642,0.079690001904964447,0.078056998550891876,0.078815996646881104,27776556
2025-09-08T00:00:00.000000Z,0.078815996646881104,0.08079499751329422,0.076436996459960938,0.078574001789093018,33341735
2025-09-09T00:00:00.000000Z,0.078574001789093018,0.081312000751495361,0.078089997172355652,0.079248003661632538,32039850
2025-09-10T00:00:00.000000Z,0.079248003661632538,0.079885996878147125,0.077577002346515656,0.078727997839450836,37528557
2025-09-11T00:00:00.000000Z,0.078727997839450836,0.079034999012947083,0.073069997131824493,0.074758000671863556,57152985
2025-09-12T00:00:00.000000Z,0.074755996465682983,0.077628001570701599,0.074730001389980316,0.076797999441623688,44145300
2025-09-13T00:00:00.000000Z,0.076797999441623688,0.079444997012615204,0.076353996992111206,0.077918000519275665,38914125
2025-09-14T00:00:00.000000Z,0.077918000519275665,0.077939003705978394,0.075929000973701477,0.076797999441623688,29692381
2025-09-15T00:00:00.000000Z,0.076797999441623688,0.078746996819972992,0.074707001447677612,0.075892999768257141,36817779
2025-09-16T00:00:00.000000Z,0.075892999768257141,0.076615996658802032,0.07500399649143219,0.075880996882915497,37291677
2025-09-17T00:00:00.000000Z,0.075880996882915497,0.078103996813297272,0.07546599954366684,0.078074999153614044,39239918
2025-09-18T00:00:00.000000Z,0.078074999153614044,0.080321997404098511,0.078047998249530792,0.078616000711917877,40610185
2025-09-19T00:00:00.000000Z,0.078616000711917877,0.079177998006343842,0.074442997574806213,0.075471997261047363,35517363
2025-09-20T00:00:00.000000Z,0.075471997261047363,0.077614001929759979,0.075351998209953308,0.076344996690750122,30416004
2025-09-21T00:00:00.000000Z,0.076344996690750122,0.079781003296375275,0.075226001441478729,0.077358998358249664,35636868
2025-09-22T00:00:00.000000Z,0.077358998358249664,0.077615998685359955,0.072664998471736908,0.075989998877048492,56634976
2025-09-23T00:00:00.000000Z,0.075989998877048492,0.078175000846385956,0.075143001973628998,0.076367996633052826,41215249
2025-09-24T00:00:00.000000Z,0.076367996633052826,0.078031003475189209,0.075057998299598694,0.076930999755859375,37986632
2025-09-25T00:00:00.000000Z,0.076930999755859375,0.076995000243186951,0.072861999273300171,0.07342500239610672,37943896
2025-09-26T00:00:00.000000Z,0.07342500239610672,0.074901998043060303,0.072649002075195312,0.073512002825737,35882990
2025-09-27T00:00:00.000000Z,0.073512002825737,0.073615998029708862,0.072362996637821198,0.072855003178119659,24798598
2025-09-28T00:00:00.000000Z,0.072855003178119659,0.073090001940727234,0.071897998452186584,0.073089003562927246,29613885
2025-09-29T00:00:00.000000Z,0.073090001940727234,0.073167003691196442,0.07170499861240387,0.072203002870082855,35266313
2025-09-30T00:00:00.000000Z,0.072203002870082855,0.074175000190734863,0.072099000215530396,0.073082998394966125,37324345
2025-10-01T00:00:00.000000Z,0.073082998394966125,0.075622998178005219,0.072980999946594238,0.075126998126506805,42529420
2025-10-02T00:00:00.000000Z,0.075126998126506805,0.076576001942157745,0.07512500137090683,0.076241999864578247,42477923
2025-10-03T00:00:00.000000Z,0.076241999864578247,0.076522000133991241,0.07431899756193161,0.075699999928474426,52303801
2025-10-04T00:00:00.000000Z,0.075699999928474426,0.075871996581554413,0.074390001595020294,0.074695996940135956,33504941
2025-10-05T00:00:00.000000Z,0.074695996940135956,0.075223997235298157,0.073631003499031067,0.073758997023105621,38212524
2025-10-06T00:00:00.000000Z,0.073758997023105621,0.07642199844121933,0.073518000543117523,0.075668998062610626,39772290
2025-10-07T00:00:00.000000Z,0.075668998062610626,0.075695998966693878,0.07294899970293045,0.073132999241352081,39707790
2025-10-08T00:00:00.000000Z,0.073132999241352081,0.074010998010635376,0.072696000337600708,0.073858998715877533,41410826
2025-10-09T00:00:00.000000Z,0.073858998715877533,0.073965996503829956,0.07197900116443634,0.072338998317718506,39793572
2025-10-10T00:00:00.000000Z,0.072338998317718506,0.073509998619556427,0.05568699911236763,0.064497999846935272,82012439
2025-10-11T00:00:00.000000Z,0.064497999846935272,0.065681003034114838,0.063574999570846558,0.064324997365474701,60402105
2025-10-12T00:00:00.000000Z,0.064324997365474701,0.064324997365474701,0.059618998318910599,0.062362000346183777,59762926
2025-10-13T00:00:00.000000Z,0.062362000346183777,0.064709000289440155,0.059629000723361969,0.061135999858379364,57162304
2025-10-14T00:00:00.000000Z,0.061135999858379364,0.061367001384496689,0.058954998850822449,0.060940001159906387,55129802
2025-10-15T00:00:00.000000Z,0.060940001159906387,0.062886998057365417,0.059966001659631729,0.060187000781297684,47705361
2025-10-16T00:00:00.000000Z,0.060187000781297684,0.061298999935388565,0.058370001614093781,0.05843999981880188,47703544
2025-10-17T00:00:00.000000Z,0.058444999158382416,0.058768998831510544,0.055633999407291412,0.057969000190496445,49070696
2025-10-18T00:00:00.000000Z,0.057969000190496445,0.060811001807451248,0.057962998747825623,0.060290001332759857,33372408
2025-10-19T00:00:00.000000Z,0.060290001332759857,0.061625998467206955,0.058593999594449997,0.061186999082565308,33255801
2025-10-20T00:00:00.000000Z,0.061186999082565308,0.065117001533508301,0.060460999608039856,0.062853999435901642,44585349
2025-10-21T00:00:00.000000Z,0.062862001359462738,0.06415800005197525,0.062199998646974564,0.062366999685764313,47138157
2025-10-22T00:00:00.000000Z,0.062366999685764313,0.063051998615264893,0.060979001224040985,0.061739999800920486,43899852
2025-10-23T00:00:00.000000Z,0.061739999800920486,0.062945999205112457,0.061503998935222626,0.062217000871896744,33305286
2025-10-24T00:00:00.000000Z,0.062217000871896744,0.062463998794555664,0.06188499927520752,0.062123998999595642,29759580
2025-10-25T00:00:00.000000Z,0.062123998999595642,0.063069999217987061,0.062109999358654022,0.062992997467517853,22872205
2025-10-26T00:00:00.000000Z,0.062992997467517853,0.063196003437042236,0.060338001698255539,0.06222900003194809,33363404
2025-10-27T00:00:00.000000Z,0.06222900003194809,0.063042998313903809,0.061840001493692398,0.061912000179290771,35804616
2025-10-28T00:00:00.000000Z,0.061912000179290771,0.062591999769210815,0.060846999287605286,0.060849998146295547,53778854
2025-10-29T00:00:00.000000Z,0.060849998146295547,0.061606001108884811,0.059066001325845718,0.059555999934673309,42990632
2025-10-30T00:00:00.000000Z,0.059555999934673309,0.060926999896764755,0.057923000305891037,0.058256000280380249,45585361
2025-10-31T00:00:00.000000Z,0.058256000280380249,0.060118000954389572,0.058230001479387283,0.060081001371145248,33118269
2025-11-01T00:00:00.000000Z,0.060081001371145248,0.060139000415802002,0.059340998530387878,0.059905000030994415,22617760
2025-11-02T00:00:00.000000Z,0.059905000030994415,0.059905000030994415,0.05804000049829483,0.058231998234987259,23573941
2025-11-03T00:00:00.000000Z,0.058231998234987259,0.058315999805927277,0.05336499959230423,0.053644999861717224,46376552
2025-11-04T00:00:00.000000Z,0.053644999861717224,0.05441100150346756,0.049587000161409378,0.051096998155117035,57176860
2025-11-05T00:00:00.000000Z,0.051096998155117035,0.052871998399496078,0.049578998237848282,0.052813000977039337,42491394
2025-11-06T00:00:00.000000Z,0.052813000977039337,0.055374998599290848,0.052099000662565231,0.053022000938653946,35545713
2025-11-07T00:00:00.000000Z,0.053022000938653946,0.057914000004529953,0.052673999220132828,0.057390999048948288,38916553
2025-11-08T00:00:00.000000Z,0.057390999048948288,0.05767500028014183,0.056373000144958496,0.057406999170780182,23092049
2025-11-09T00:00:00.000000Z,0.057408001273870468,0.058442998677492142,0.054832000285387039,0.058437999337911606,31801944
2025-11-10T00:00:00.000000Z,0.05843999981880188,0.061817999929189682,0.05841900035738945,0.060724999755620956,34433379
2025-11-11T00:00:00.000000Z,0.060724999755620956,0.062698997557163239,0.059080999344587326,0.059151999652385712,39658296
2025-11-12T00:00:00.000000Z,0.059151999652385712,0.060858000069856644,0.056967999786138535,0.057252001017332077,34859407
2025-11-13T00:00:00.000000Z,0.057252001017332077,0.058575000613927841,0.055365998297929764,0.055546000599861145,44283577
2025-11-14T00:00:00.000000Z,0.055546000599861145,0.055675998330116272,0.051330000162124634,0.051401998847723007,46627710
2025-11-15T00:00:00.000000Z,0.051401998847723007,0.055103998631238937,0.051394999027252197,0.054149001836776733,32722974
2025-11-16T00:00:00.000000Z,0.054149001836776733,0.055335000157356262,0.052848998457193375,0.053075999021530151,34915326
2025-11-17T00:00:00.000000Z,0.053075999021530151,0.054304998368024826,0.049816001206636429,0.05029899999499321,41078980
2025-11-18T00:00:00.000000Z,0.05029899999499321,0.051782999187707901,0.048466000705957413,0.051770001649856567,45106258
2025-11-19T00:00:00.000000Z,0.051770001649856567,0.052740998566150665,0.049045998603105545,0.049373000860214233,40084015
2025-11-20T00:00:00.000000Z,0.049373000860214233,0.051539000123739243,0.04864099994301796,0.049251001328229904,43173935
2025-11-21T00:00:00.000000Z,0.049251001328229904,0.050654001533985138,0.047773998230695724,0.04983999952673912,54908659
2025-11-22T00:00:00.000000Z,0.04983999952673912,0.051637999713420868,0.049699999392032623,0.051500998437404633,27229122
2025-11-23T00:00:00.000000Z,0.051500998437404633,0.052489001303911209,0.051297999918460846,0.052025001496076584,20681298
2025-11-24T00:00:00.000000Z,0.052025001496076584,0.054625999182462692,0.05159199982881546,0.054398998618125916,37048103
2025-11-25T00:00:00.000000Z,0.054398998618125916,0.055582001805305481,0.053803000599145889,0.054428000003099442,40523147
2025-11-26T00:00:00.000000Z,0.054428000003099442,0.054630998522043228,0.053502000868320465,0.054290998727083206,36146866
2025-11-27T00:00:00.000000Z,0.054290998727083206,0.054478000849485397,0.053555998951196671,0.053644999861717224,32381832
2025-11-28T00:00:00.000000Z,0.053644999861717224,0.054051000624895096,0.052914999425411224,0.053272001445293427,32735651
2025-11-29T00:00:00.000000Z,0.053272001445293427,0.053644001483917236,0.053063001483678818,0.053118001669645309,23240795
2025-11-30T00:00:00.000000Z,0.053118001669645309,0.053697001188993454,0.052955999970436096,0.052969999611377716,25387313
2025-12-01T00:00:00.000000Z,0.052969999611377716,0.052978001534938812,0.050089001655578613,0.050655998289585114,43981123
2025-12-02T00:00:00.000000Z,0.050655998289585114,0.052852001041173935,0.050533998757600784,0.051885999739170074,41991199
2025-12-03T00:00:00.000000Z,0.051885999739170074,0.052489001303911209,0.051065001636743546,0.05127200111746788,41581378
2025-12-04T00:00:00.000000Z,0.051274001598358154,0.051474001258611679,0.049834001809358597,0.049972999840974808,31527479
2025-12-05T00:00:00.000000Z,0.049972999840974808,0.050225000828504562,0.04924900084733963,0.049490001052618027,28036357
2025-12-06T00:00:00.000000Z,0.049490001052618027,0.049798000603914261,0.049261998385190964,0.049587000161409378,19616547
2025-12-07T00:00:00.000000Z,0.049587000161409378,0.049729000777006149,0.048778999596834183,0.049045000225305557,22972525
2025-12-08T00:00:00.000000Z,0.049045000225305557,0.049949001520872116,0.048780001699924469,0.049028001725673676,26995605
2025-12-09T00:00:00.000000Z,0.049028001725673676,0.049414001405239105,0.047444000840187073,0.048615999519824982,32179573
2025-12-10T00:00:00.000000Z,0.048615999519824982,0.050528001040220261,0.048002999275922775,0.050195001065731049,32216028
2025-12-11T00:00:00.000000Z,0.050195001065731049,0.050315000116825104,0.048174001276493073,0.048870999366044998,34615050
2025-12-12T00:00:00.000000Z,0.048870999366044998,0.051793999969959259,0.048748999834060669,0.049828998744487762,36120284
2025-12-13T00:00:00.000000Z,0.049828998744487762,0.049922000616788864,0.048044998198747635,0.048319999128580093,21445226
2025-12-14T00:00:00.000000Z,0.048319999128580093,0.048340000212192535,0.047015998512506485,0.047015998512506485,20165464
2025-12-15T00:00:00.000000Z,0.047015998512506485,0.051212001591920853,0.046098999679088593,0.050402000546455383,45649761
2025-12-16T00:00:00.000000Z,0.050397001206874847,0.050629999488592148,0.048241999000310898,0.048376999795436859,32823444
2025-12-17T00:00:00.000000Z,0.048376999795436859,0.048379000276327133,0.046312998980283737,0.047084998339414597,29694327
2025-12-18T00:00:00.000000Z,0.047083999961614609,0.048161998391151428,0.046301998198032379,0.04655500128865242,30993340
2025-12-19T00:00:00.000000Z,0.04655500128865242,0.04761900007724762,0.045967001467943192,0.047550998628139496,38327320
2025-12-20T00:00:00.000000Z,0.047550998628139496,0.051718998700380325,0.047432001680135727,0.05131400004029274,32951091
2025-12-21T00:00:00.000000Z,0.05131400004029274,0.051456999033689499,0.044985998421907425,0.046039998531341553,51646748
2025-12-22T00:00:00.000000Z,0.046053998172283173,0.047701999545097351,0.045224998146295547,0.047628000378608704,44774281
2025-12-23T00:00:00.000000Z,0.047626998275518417,0.048996001482009888,0.047348998486995697,0.048204999417066574,30278674
2025-12-24T00:00:00.000000Z,0.04820600152015686,0.04960000142455101,0.047253001481294632,0.049357000738382339,27632161
2025-12-25T00:00:00.000000Z,0.049357000738382339,0.049426000565290451,0.047871999442577362,0.047873001545667648,14256143
2025-12-26T00:00:00.000000Z,0.047873001545667648,0.051318001002073288,0.047761999070644379,0.051318001002073288,30495988
2025-12-27T00:00:00.000000Z,0.051318001002073288,0.05135900154709816,0.049348000437021255,0.049793001264333725,18968155
2025-12-28T00:00:00.000000Z,0.049793001264333725,0.05056300014257431,0.049476999789476395,0.05051099881529808,14226867
2025-12-29T00:00:00.000000Z,0.05051099881529808,0.05240200087428093,0.050167001783847809,0.050990000367164612,34802357
2025-12-30T00:00:00.000000Z,0.050990000367164612,0.051109001040458679,0.049830000847578049,0.05053199827671051,33322541
2025-12-31T00:00:00.000000Z,0.05053199827671051,0.052000999450683594,0.050106998533010483,0.051008999347686768,33456419
2026-01-01T00:00:00.000000Z,0.051008999347686768,0.051577001810073853,0.050485000014305115,0.051444001495838165,20539954
2026-01-02T00:00:00.000000Z,0.051442999392747879,0.051862001419067383,0.050923999398946762,0.051674999296665192,29841855
2026-01-03T00:00:00.000000Z,0.051674999296665192,0.054010000079870224,0.051520999521017075,0.052034001797437668,29424318
2026-01-04T00:00:00.000000Z,0.052034001797437668,0.05328800156712532,0.051291998475790024,0.051848001778125763,24742674
2026-01-05T00:00:00.000000Z,0.051848001778125763,0.054652001708745956,0.051826998591423035,0.054303999990224838,31984325
2026-01-06T00:00:00.000000Z,0.05430300161242485,0.05430300161242485,0.051759999245405197,0.051957998424768448,31332413
2026-01-07T00:00:00.000000Z,0.051957998424768448,0.052051998674869537,0.050009001046419144,0.050028000026941299,28530049
2026-01-08T00:00:00.000000Z,0.050025999546051025,0.05037200078368187,0.04894300177693367,0.049038000404834747,27949432
2026-01-09T00:00:00.000000Z,0.049040000885725021,0.049079000949859619,0.048379998654127121,0.048395998775959015,24522192
2026-01-10T00:00:00.000000Z,0.048397000879049301,0.049035001546144485,0.048285000026226044,0.048399001359939575,16200421
2026-01-11T00:00:00.000000Z,0.048399001359939575,0.048739001154899597,0.047359000891447067,0.047442998737096786,18179456
2026-01-12T00:00:00.000000Z,0.047442998737096786,0.04782399907708168,0.046071998775005341,0.046539999544620514,27291848
2026-01-13T00:00:00.000000Z,0.046539999544620514,0.047042001038789749,0.046045001596212387,0.047017998993396759,35575118
2026-01-14T00:00:00.000000Z,0.047017000615596771,0.047017998993396759,0.044945001602172852,0.044969998300075531,38337349
2026-01-15T00:00:00.000000Z,0.044971000403165817,0.045628998428583145,0.043597001582384109,0.044084999710321426,32391131
2026-01-16T00:00:00.000000Z,0.044084999710321426,0.044936999678611755,0.043869998306035995,0.044314999133348465,24228552
2026-01-17T00:00:00.000000Z,0.044314999133348465,0.044319000095129013,0.043636001646518707,0.04424000158905983,17486804
2026-01-18T00:00:00.000000Z,0.04424000158905983,0.044240999966859818,0.041997998952865601,0.042006000876426697,20126996
2026-01-19T00:00:00.000000Z,0.042006000876426697,0.042578998953104019,0.041014999151229858,0.041335999965667725,26612357
2026-01-20T00:00:00.000000Z,0.041335999965667725,0.042445998638868332,0.039891999214887619,0.039992000907659531,31176432
2026-01-21T00:00:00.000000Z,0.039992000907659531,0.040789000689983368,0.039333999156951904,0.039976999163627625,30615542
2026-01-22T00:00:00.000000Z,0.039976999163627625,0.043260999023914337,0.039482001215219498,0.043136999011039734,32049927
2026-01-23T00:00:00.000000Z,0.043136999011039734,0.044358998537063599,0.040408000349998474,0.041244000196456909,38520648
2026-01-24T00:00:00.000000Z,0.041244000196456909,0.041315000504255295,0.040417999029159546,0.040529001504182816,14826668
2026-01-25T00:00:00.000000Z,0.040529001504182816,0.040575001388788223,0.039108999073505402,0.039259999990463257,23744891
2026-01-26T00:00:00.000000Z,0.039259999990463257,0.039723001420497894,0.038495998829603195,0.038809999823570251,23931408
2026-01-27T00:00:00.000000Z,0.038809999823570251,0.039654999971389771,0.038364998996257782,0.039175000041723251,21183737
2026-01-28T00:00:00.000000Z,0.039175000041723251,0.039321999996900558,0.038440998643636703,0.038633000105619431,24547823
2026-01-29T00:00:00.000000Z,0.038633000105619431,0.038635998964309692,0.036653000861406326,0.037087000906467438,22697876
2026-01-30T00:00:00.000000Z,0.037087000906467438,0.037450999021530151,0.036097001284360886,0.036130998283624649,26881872
2026-01-31T00:00:00.000000Z,0.036130998283624649,0.036467999219894409,0.034044001251459122,0.034775000065565109,37532576
2026-02-01T00:00:00.000000Z,0.034775000065565109,0.03696100041270256,0.033555999398231506,0.036453001201152802,27454264
2026-02-02T00:00:00.000000Z,0.036448001861572266,0.039508000016212463,0.03498699888586998,0.036669999361038208,55447718
2026-02-03T00:00:00.000000Z,0.036669999361038208,0.037838000804185867,0.036237999796867371,0.036502998322248459,35566025
2026-02-04T00:00:00.000000Z,0.036502998322248459,0.037030000239610672,0.03438900038599968,0.034469000995159149,37917780
2026-02-05T00:00:00.000000Z,0.034469000995159149,0.034857999533414841,0.029728999361395836,0.029921000823378563,40926132
2026-02-06T00:00:00.000000Z,0.029921000823378563,0.038913998752832413,0.029542999342083931,0.037055999040603638,46624539
2026-02-07T00:00:00.000000Z,0.037055999040603638,0.03842499852180481,0.036965999752283096,0.037246000021696091,25752949
2026-02-08T00:00:00.000000Z,0.037246000021696091,0.037246998399496078,0.035858001559972763,0.036706000566482544,18978749
2026-02-09T00:00:00.000000Z,0.036706000566482544,0.037923000752925873,0.035606000572443008,0.035936001688241959,22829696
2026-02-10T00:00:00.000000Z,0.035936001688241959,0.036687001585960388,0.034942001104354858,0.035195998847484589,19039592
2026-02-11T00:00:00.000000Z,0.035195998847484589,0.035744000226259232,0.034720998257398605,0.034972000867128372,19853302
2026-02-12T00:00:00.000000Z,0.034972000867128372,0.037877999246120453,0.034867998212575912,0.035918001085519791,23516243
2026-02-13T00:00:00.000000Z,0.035918001085519791,0.036970999091863632,0.035780001431703568,0.036586999893188477,20052157
2026-02-14T00:00:00.000000Z,0.036584001034498215,0.037413999438285828,0.036481998860836029,0.037323001772165298,15398139
2026-02-15T00:00:00.000000Z,0.037321999669075012,0.037889998406171799,0.036322999745607376,0.036375999450683594,13592101
2026-02-16T00:00:00.000000Z,0.036375999450683594,0.037053998559713364,0.036136001348495483,0.03665899857878685,14218867
2026-02-17T00:00:00.000000Z,0.03665899857878685,0.03727399930357933,0.03664499893784523,0.036959998309612274,15859900
2026-02-18T00:00:00.000000Z,0.036959998309612274,0.037032000720500946,0.036320999264717102,0.036382999271154404,15198281
2026-02-19T00:00:00.000000Z,0.036382999271154404,0.036403998732566833,0.034547001123428345,0.034644998610019684,16968498
2026-02-20T00:00:00.000000Z,0.034644998610019684,0.035135999321937561,0.034639999270439148,0.035121001303195953,17894003
2026-02-21T00:00:00.000000Z,0.035121001303195953,0.035952001810073853,0.035108000040054321,0.035480000078678131,12016219
2026-02-22T00:00:00.000000Z,0.035480000078678131,0.035528998821973801,0.034666001796722412,0.03467399999499321,13620445
2026-02-23T00:00:00.000000Z,0.03467399999499321,0.035553999245166779,0.033323001116514206,0.033693999052047729,29804424
2026-02-24T00:00:00.000000Z,0.033693999052047729,0.033879999071359634,0.033355999737977982,0.033419001847505569,15534680
2026-02-25T00:00:00.000000Z,0.033419001847505569,0.035055000334978104,0.033048000186681747,0.034373000264167786,20439056
2026-02-26T00:00:00.000000Z,0.034373000264167786,0.035796999931335449,0.034290999174118042,0.034786000847816467,19620820
2026-02-27T00:00:00.000000Z,0.034786000847816467,0.035333998501300812,0.033760998398065567,0.033877000212669373,27988597
2026-02-28T00:00:00.000000Z,0.033877000212669373,0.033895000815391541,0.032540000975131989,0.033452000468969345,13222681
2026-03-01T00:00:00.000000Z,0.033452000468969345,0.034005999565124512,0.032175999134778976,0.03219899907708168,15939409
2026-03-02T00:00:00.000000Z,0.03219899907708168,0.034446001052856445,0.03219899907708168,0.032852001488208771,25076575
2026-03-03T00:00:00.000000Z,0.032852001488208771,0.036761999130249023,0.031709000468254089,0.035847999155521393,23330827
2026-03-04T00:00:00.000000Z,0.035847999155521393,0.037510998547077179,0.033799000084400177,0.035594001412391663,25667496
2026-03-05T00:00:00.000000Z,0.035594001412391663,0.035645000636577606,0.034625999629497528,0.034634001553058624,16451913
2026-03-06T00:00:00.000000Z,0.034634001553058624,0.034736000001430511,0.033128000795841217,0.033312000334262848,15433066
2026-03-07T00:00:00.000000Z,0.033312000334262848,0.033326998353004456,0.032699000090360641,0.032708000391721725,12172965
2026-03-08T00:00:00.000000Z,0.032708000391721725,0.032866001129150391,0.031358998268842697,0.031686998903751373,15746449
2026-03-09T00:00:00.000000Z,0.031686998903751373,0.032111000269651413,0.031390998512506485,0.032099001109600067,15706991
2026-03-10T00:00:00.000000Z,0.032099001109600067,0.032855000346899033,0.03189300000667572,0.03196600079536438,16835701
2026-03-11T00:00:00.000000Z,0.03196600079536438,0.032416000962257385,0.03196600079536438,0.032248001545667648,14083995
2026-03-12T00:00:00.000000Z,0.032248001545667648,0.033201999962329865,0.032109998166561127,0.032634001225233078,16164288
2026-03-13T00:00:00.000000Z,0.032634001225233078,0.033700998872518539,0.03262300044298172,0.033020000904798508,17454209
2026-03-14T00:00:00.000000Z,0.033020000904798508,0.033082000911235809,0.031206000596284866,0.031672999262809753,14577493
2026-03-15T00:00:00.000000Z,0.031672999262809753,0.031991999596357346,0.031631000339984894,0.031874999403953552,8314961
2026-03-16T00:00:00.000000Z,0.031874999403953552,0.034083001315593719,0.031619001179933548,0.033736001700162888,20496844
2026-03-17T00:00:00.000000Z,0.033736001700162888,0.034699998795986176,0.032437000423669815,0.034083999693393707,21612702
2026-03-18T00:00:00.000000Z,0.034083999693393707,0.034113999456167221,0.031491998583078384,0.032051999121904373,25339509
2026-03-19T00:00:00.000000Z,0.032051999121904373,0.032811000943183899,0.031286001205444336,0.031332999467849731,19136047
2026-03-20T00:00:00.000000Z,0.031332999467849731,0.032462000846862793,0.031120000407099724,0.031624998897314072,20169301
2026-03-21T00:00:00.000000Z,0.031624998897314072,0.033507000654935837,0.03160800039768219,0.032345000654459,16008023
2026-03-22T00:00:00.000000Z,0.032345000654459,0.032347999513149261,0.03030800074338913,0.030411999672651291,20659565
2026-03-23T00:00:00.000000Z,0.030411999672651291,0.032239999622106552,0.03036700002849102,0.031709000468254089,19518234
2026-03-24T00:00:00.000000Z,0.031709000468254089,0.032372001558542252,0.03100300021469593,0.031599998474121094,24462193
2026-03-25T00:00:00.000000Z,0.031599998474121094,0.032469999045133591,0.031431000679731369,0.031826000660657883,14518442
2026-03-26T00:00:00.000000Z,0.031826000660657883,0.033133000135421753,0.030992999672889709,0.031610999256372452,19279635
2026-03-27T00:00:00.000000Z,0.031610000878572464,0.031617999076843262,0.030687000602483749,0.030858000740408897,19136013
2026-03-28T00:00:00.000000Z,0.030858000740408897,0.031161999329924583,0.030252000316977501,0.030574999749660492,13370297
2026-03-29T00:00:00.000000Z,0.030574999749660492,0.030768999829888344,0.029628999531269073,0.029713999480009079,7968020
2026-03-30T00:00:00.000000Z,0.029713999480009079,0.031831000000238419,0.029655000194907188,0.03038099966943264,23016732
2026-03-31T00:00:00.000000Z,0.03038099966943264,0.031020000576972961,0.030060999095439911,0.030321000143885612,17753161
2026-04-01T00:00:00.000000Z,0.030321000143885612,0.031082000583410263,0.030063999816775322,0.030187999829649925,23527303
2026-04-02T00:00:00.000000Z,0.030187999829649925,0.031445998698472977,0.029651999473571777,0.029938999563455582,22923551
2026-04-03T00:00:00.000000Z,0.029938999563455582,0.030734000727534294,0.029634999111294746,0.030604999512434006,19528331
2026-04-04T00:00:00.000000Z,0.030604999512434006,0.031291000545024872,0.030407000333070755,0.030858999118208885,14652615
2026-04-05T00:00:00.000000Z,0.030858999118208885,0.031155999749898911,0.030424000695347786,0.031096000224351883,13573000
2026-04-06T00:00:00.000000Z,0.031096000224351883,0.031916998326778412,0.030487999320030212,0.030821999534964561,20337471
2026-04-07T00:00:00.000000Z,0.030821999534964561,0.032297998666763306,0.030379999428987503,0.032216999679803848,24758825
2026-04-08T00:00:00.000000Z,0.032216999679803848,0.032923001796007156,0.030532000586390495,0.030683999881148338,25688600
2026-04-09T00:00:00.000000Z,0.030683999881148338,0.032012999057769775,0.030262000858783722,0.030758000910282135,23922109
2026-04-10T00:00:00.000000Z,0.030758000910282135,0.031569000333547592,0.030509000644087791,0.03087799996137619,19964212
2026-04-11T00:00:00.000000Z,0.03087799996137619,0.031038999557495117,0.030285999178886414,0.030814999714493752,12012795
2026-04-12T00:00:00.000000Z,0.030814999714493752,0.030943000689148903,0.029807999730110168,0.029874999076128006,16087965
2026-04-13T00:00:00.000000Z,0.029874999076128006,0.031615000218153,0.02974499948322773,0.030577000230550766,27288937
2026-04-14T00:00:00.000000Z,0.030577000230550766,0.031762000173330307,0.030425999313592911,0.030691999942064285,21927668
2026-04-15T00:00:00.000000Z,0.030691999942064285,0.031764000654220581,0.029913999140262604,0.031486999243497849,17750903
2026-04-16T00:00:00.000000Z,0.031486999243497849,0.031904999166727066,0.030836999416351318,0.031426001340150833,22395752
2026-04-17T00:00:00.000000Z,0.031426001340150833,0.032558001577854156,0.030634000897407532,0.030767999589443207,25253443
2026-04-18T00:00:00.000000Z,0.030767999589443207,0.03230300173163414,0.029682999476790428,0.030197000131011009,21478326
2026-04-19T00:00:00.000000Z,0.030197000131011009,0.030212000012397766,0.029027000069618225,0.029201000928878784,18382780
2026-04-20T00:00:00.000000Z,0.029201000928878784,0.03129199892282486,0.029123999178409576,0.029845999553799629,26619802
2026-04-21T00:00:00.000000Z,0.029845999553799629,0.030525000765919685,0.02961299940943718,0.030224999412894249,20881224
2026-04-22T00:00:00.000000Z,0.030224999412894249,0.031228000298142433,0.02979700081050396,0.029817000031471252,20953093
2026-04-23T00:00:00.000000Z,0.029817000031471252,0.030480999499559402,0.029348000884056091,0.030077999457716942,19973301
2026-04-24T00:00:00.000000Z,0.030077999457716942,0.030969999730587006,0.029565000906586647,0.030024999752640724,24100352
2026-04-25T00:00:00.000000Z,0.030024999752640724,0.030361000448465347,0.029720999300479889,0.030252000316977501,19122893
2026-04-26T00:00:00.000000Z,0.030252000316977501,0.03030100092291832,0.029647000133991241,0.029845999553799629,12023415
2026-04-27T00:00:00.000000Z,0.029845999553799629,0.030517999082803726,0.029295999556779861,0.029548000544309616,23279127
2026-04-28T00:00:00.000000Z,0.029548000544309616,0.030796999111771584,0.029391000047326088,0.029763000085949898,19239682
2026-04-29T00:00:00.000000Z,0.029765000566840172,0.030280999839305878,0.029137000441551208,0.029347000643610954,20162919
2026-04-30T00:00:00.000000Z,0.029347000643610954,0.030194999650120735,0.02931700088083744,0.02971700020134449,16099418
2026-05-01T00:00:00.000000Z,0.02971700020134449,0.030038999393582344,0.029247000813484192,0.029394999146461487,16712812
2026-05-02T00:00:00.000000Z,0.029394999146461487,0.029544999822974205,0.029110999777913094,0.029256999492645264,15145673
2026-05-03T00:00:00.000000Z,0.029256999492645264,0.029409000650048256,0.029043000191450119,0.029095999896526337,14717783
2026-05-04T00:00:00.000000Z,0.029095999896526337,0.030162999406456947,0.029043000191450119,0.029162999242544174,27612008
2026-05-05T00:00:00.000000Z,0.029162999242544174,0.029456000775098801,0.028855999931693077,0.029122000560164452,18555892
2026-05-06T00:00:00.000000Z,0.029122000560164452,0.030811000615358353,0.028985999524593353,0.029556000605225563,20798851
2026-05-07T00:00:00.000000Z,0.029556000605225563,0.030027000233530998,0.029071999713778496,0.029330000281333923,29541548
2026-05-08T00:00:00.000000Z,0.029330000281333923,0.031238999217748642,0.029133999720215797,0.031135000288486481,24549130
2026-05-09T00:00:00.000000Z,0.031135000288486481,0.031938999891281128,0.030104000121355057,0.03037399984896183,19045460
2026-05-10T00:00:00.000000Z,0.03037399984896183,0.030895000323653221,0.029735999181866646,0.030434999614953995,22886436
2026-05-11T00:00:00.000000Z,0.030434999614953995,0.033463001251220703,0.03007500059902668,0.03218499943614006,33116520
2026-05-12T00:00:00.000000Z,0.03218499943614006,0.033776000142097473,0.03116299957036972,0.031252998858690262,24826143
2026-05-13T00:00:00.000000Z,0.031252998858690262,0.033109001815319061,0.030522000044584274,0.031084999442100525,23722684
2026-05-14T00:00:00.000000Z,0.031084999442100525,0.034804001450538635,0.031066000461578369,0.033798001706600189,31343288
2026-05-15T00:00:00.000000Z,0.033798001706600189,0.036945000290870667,0.032708000391721725,0.032751999795436859,29528964
2026-05-16T00:00:00.000000Z,0.032751999795436859,0.034292001277208328,0.03185499832034111,0.032017000019550323,21259936
2026-05-17T00:00:00.000000Z,0.032017000019550323,0.032260999083518982,0.030357999727129936,0.03046800009906292,17992513
2026-05-18T00:00:00.000000Z,0.03046800009906292,0.03232099860906601,0.030104000121355057,0.030789000913500786,31209046
2026-05-19T00:00:00.000000Z,0.030789000913500786,0.03331499919295311,0.030184000730514526,0.032283999025821686,27323819
2026-05-20T00:00:00.000000Z,0.032283999025821686,0.03676300123333931,0.031537998467683792,0.033728998154401779,39796500
2026-05-21T00:00:00.000000Z,0.033728998154401779,0.03629399836063385,0.033608000725507736,0.034458000212907791,30123587
2026-05-22T00:00:00.000000Z,0.034458000212907791,0.035394001752138138,0.031998999416828156,0.032058998942375183,26295590
2026-05-23T00:00:00.000000Z,0.032058998942375183,0.032347999513149261,0.030888000503182411,0.031798001378774643,18720690
2026-05-24T00:00:00.000000Z,0.031798001378774643,0.031805001199245453,0.030415000393986702,0.030802000313997269,13495622
2026-05-25T00:00:00.000000Z,0.030802000313997269,0.034251000732183456,0.030597999691963196,0.032223999500274658,25471595
2026-05-26T00:00:00.000000Z,0.032223999500274658,0.03297799825668335,0.03128800168633461,0.031649000942707062,22405214
2026-05-27T00:00:00.000000Z,0.031649000942707062,0.032446999102830887,0.031128000468015671,0.031348001211881638,11837418
2026-05-28T00:00:00.000000Z,0.031348001211881638,0.032347001135349274,0.0307180006057024,0.032102998346090317,14283203
2026-05-29T00:00:00.000000Z,0.032102998346090317,0.032145000994205475,0.031122999265789986,0.031798001378774643,11909792
2026-05-30T00:00:00.000000Z,0.031798001378774643,0.034942001104354858,0.031736999750137329,0.03360699862241745,18013694
2026-05-31T00:00:00.000000Z,0.03360699862241745,0.033881999552249908,0.033211000263690948,0.033743999898433685,10186101
2026-06-01T00:00:00.000000Z,0.033743999898433685,0.034201998263597488,0.032545998692512512,0.032855000346899033,18376232
2026-06-02T00:00:00.000000Z,0.032855000346899033,0.03306100144982338,0.031084999442100525,0.03111100010573864,14484255
2026-06-03T00:00:00.000000Z,0.03111100010573864,0.031922999769449234,0.030773000791668892,0.030887000262737274,24174016
2026-06-04T00:00:00.000000Z,0.030887000262737274,0.030887000262737274,0.029575999826192856,0.029865000396966934,44927923
2026-06-05T00:00:00.000000Z,0.029865000396966934,0.031039999797940254,0.028582999482750893,0.029302999377250671,21765009
2026-06-06T00:00:00.000000Z,0.029302999377250671,0.029597999528050423,0.028624000027775764,0.02959199994802475,10636335
2026-06-07T00:00:00.000000Z,0.02959199994802475,0.030233999714255333,0.029091000556945801,0.029614999890327454,11548965
2026-06-08T00:00:00.000000Z,0.029614999890327454,0.031677000224590302,0.029355000704526901,0.03131600096821785,13198049
2026-06-09T00:00:00.000000Z,0.03131600096821785,0.031885001808404922,0.030625000596046448,0.03162200003862381,20927583
2026-06-10T00:00:00.000000Z,0.03162200003862381,0.031741999089717865,0.030743999406695366,0.030780000612139702,11219513
2026-06-11T00:00:00.000000Z,0.030780000612139702,0.031144000589847565,0.030688999220728874,0.03073900006711483,9917234
2026-06-12T00:00:00.000000Z,0.03073900006711483,0.030765999108552933,0.029786000028252602,0.029991999268531799,11589021
2026-06-13T00:00:00.000000Z,0.029991999268531799,0.030667999759316444,0.029983999207615852,0.030495999380946159,7953000
2026-06-14T00:00:00.000000Z,0.030495999380946159,0.030496999621391296,0.029750000685453415,0.030195999890565872,9607839
2026-06-15T00:00:00.000000Z,0.030195999890565872,0.031085999682545662,0.030169000849127769,0.030541999265551567,15400506
2026-06-16T00:00:00.000000Z,0.030541999265551567,0.031197000294923782,0.030145000666379929,0.030392000451683998,9799549
2026-06-17T00:00:00.000000Z,0.030392000451683998,0.03051299974322319,0.029945999383926392,0.030017999932169914,9281968
2026-06-18T00:00:00.000000Z,0.030017999932169914,0.030735999345779419,0.029639000073075294,0.030099999159574509,11847118
2026-06-19T00:00:00.000000Z,0.030099999159574509,0.030286999419331551,0.029533000662922859,0.029665000736713409,8950750
2026-06-20T00:00:00.000000Z,0.029665000736713409,0.0297240000218153,0.029442999511957169,0.029647000133991241,5936570
2026-06-21T00:00:00.000000Z,0.029647000133991241,0.029898999258875847,0.029379000887274742,0.029394000768661499,7243807
2026-06-22T00:00:00.000000Z,0.029394000768661499,0.029569000005722046,0.029009999707341194,0.029185999184846878,11821897
2026-06-23T00:00:00.000000Z,0.029185999184846878,0.029273999854922295,0.028665000572800636,0.029273999854922295,8438183
2026-06-24T00:00:00.000000Z,0.029273999854922295,0.029312999919056892,0.028234999626874924,0.028723999857902527,10487596
2026-06-25T00:00:00.000000Z,0.028723999857902527,0.028798000887036324,0.028125999495387077,0.028334999457001686,11446329
2026-06-26T00:00:00.000000Z,0.028334999457001686,0.028389999642968178,0.027745999395847321,0.028008999302983284,8103463
2026-06-27T00:00:00.000000Z,0.028008999302983284,0.028235999867320061,0.027820000424981117,0.027868000790476799,5721134
2026-06-28T00:00:00.000000Z,0.027868000790476799,0.027940999716520309,0.027658000588417053,0.027736000716686249,6193511
2026-06-29T00:00:00.000000Z,0.027736000716686249,0.028171999379992485,0.027713999152183533,0.028148999437689781,11366119
2026-06-30T00:00:00.000000Z,0.028148999437689781,0.028157999739050865,0.027652999386191368,0.027739999815821648,7891646
2026-07-01T00:00:00.000000Z,0.027739999815821648,0.02795800007879734,0.027576999738812447,0.027923999354243279,8073868
2026-07-02T00:00:00.000000Z,0.027923999354243279,0.028712000697851181,0.027905000373721123,0.028358999639749527,8659990
2026-07-03T00:00:00.000000Z,0.028358999639749527,0.02870200015604496,0.028242999687790871,0.028559999540448189,6648659
2026-07-04T00:00:00.000000Z,0.028559999540448189,0.028901999816298485,0.02855600044131279,0.028735000640153885,5926900
2026-07-05T00:00:00.000000Z,0.028735000640153885,0.02874399907886982,0.028051000088453293,0.028201999142765999,6320301
2026-07-06T00:00:00.000000Z,0.028201999142765999,0.028425000607967377,0.027659999206662178,0.028240000829100609,10838261
2026-07-07T00:00:00.000000Z,0.028240000829100609,0.028240000829100609,0.027304999530315399,0.027419000864028931,8121869
2026-07-08T00:00:00.000000Z,0.027419000864028931,0.027419000864028931,0.026843000203371048,0.027188999578356743,9228475
2026-07-09T00:00:00.000000Z,0.027188999578356743,0.027651999145746231,0.026914000511169434,0.027079999446868896,8957723
2026-07-10T00:00:00.000000Z,0.027079999446868896,0.02780500054359436,0.02705099992454052,0.027278000488877296,7429161
2026-07-11T00:00:00.000000Z,0.027278000488877296,0.027400000020861626,0.027055999264121056,0.027143999934196472,4776653
2026-07-12T00:00:00.000000Z,0.027143999934196472,0.027211999520659447,0.026924999430775642,0.027108000591397285,5975346
2026-07-13T00:00:00.000000Z,0.027108000591397285,0.027220999822020531,0.026859000325202942,0.026957999914884567,6159558
2026-07-14T00:00:00.000000Z,0.026957999914884567,0.027346000075340271,0.026799999177455902,0.027209000661969185,6449189
2026-07-15T00:00:00.000000Z,0.027209000661969185,0.027620000764727592,0.027207000181078911,0.027451999485492706,6573637
2026-07-16T00:00:00.000000Z,0.027451999485492706,0.027498999610543251,0.026980999857187271,0.027008000761270523,7911180
2026-07-17T00:00:00.000000Z,0.027008000761270523,0.028412999585270882,0.027005000039935112,0.02783999964594841,10435930
2026-07-18T00:00:00.000000Z,0.02783999964594841,0.028126999735832214,0.027795000001788139,0.028067000210285187,4678709
2026-07-19T00:00:00.000000Z,0.028067000210285187,0.028640000149607658,0.028023000806570053,0.028627999126911163,5403780
2026-07-20T00:00:00.000000Z,0.028627999126911163,0.028798999264836311,0.028109999373555183,0.028348999097943306,9429042
2026-07-21T00:00:00.000000Z,0.028348999097943306,0.029399000108242035,0.027935000136494637,0.02937999926507473,14785036
2026-07-22T00:00:00.000000Z,0.02937999926507473,0.029727999120950699,0.02782600000500679,0.028354000300168991,11032562
2026-07-23T00:00:00.000000Z,0.028354000300168991,0.028487000614404678,0.027792999520897865,0.028018999844789505,5484576
2026-07-24T00:00:00.000000Z,0.028018999844789505,0.028201999142765999,0.027588000521063805,0.027758000418543816,7068126
2026-07-25T00:00:00.000000Z,0.027758000418543816,0.02827800065279007,0.027699999511241913,0.028253000229597092,4436171
2026-07-26T00:00:00.000000Z,0.028253000229597092,0.028286999091506004,0.027822000905871391,0.028040999546647072,5280247
2026-07-27T00:00:00.000000Z,0.028040999546647072,0.028054999187588692,0.027418000623583794,0.027425000444054604,7938576
2026-07-28T00:00:00.000000Z,0.027425000444054604,0.02746099978685379,0.027054000645875931,0.027140000835061073,6478355
2026-07-29T00:00:00.000000Z,0.027140000835061073,0.02730800025165081,0.026923000812530518,0.027062000706791878,6224234
2026-07-30T00:00:00.000000Z,0.027062000706791878,0.027269000187516212,0.026085000485181808,0.026290999725461006,8604519
2026-07-31T00:00:00.000000Z,0.026290999725461006,0.026542000472545624,0.025916000828146935,0.026016000658273697,6050731
2026-08-01T00:00:00.000000Z,0.026016000658273697,0.026486000046133995,0.025857999920845032,0.025961000472307205,5321683
2026-08-02T00:00:00.000000Z,0.025961000472307205,0.026381000876426697,0.025947000831365585,0.026291999965906143,5161095
2026-08-03T00:00:00.000000Z,0.026291999965906143,0.026362000033259392,0.025871999561786652,0.026017000898718834,7062429
2026-08-04T00:00:00.000000Z,0.026017000898718834,0.026535000652074814,0.025978999212384224,0.026495000347495079,5336790
2026-08-05T00:00:00.000000Z,0.026495000347495079,0.026794999837875366,0.02644599974155426,0.026740999892354012,6375100
2026-08-06T00:00:00.000000Z,0.026740999892354012,0.026800999417901039,0.026605000719428062,0.026734000071883202,4855252
2026-08-07T00:00:00.000000Z,0.026734000071883202,0.026852000504732132,0.026388999074697495,0.026399999856948853,5585634
2026-08-08T00:00:00.000000Z,0.026399999856948853,0.026946999132633209,0.026396999135613441,0.026941999793052673,3979608
2026-08-09T00:00:00.000000Z,0.026941999793052673,0.027061000466346741,0.026843000203371048,0.026894999668002129,5345054
2026-08-10T00:00:00.000000Z,0.026894999668002129,0.027734000235795975,0.026828000321984291,0.027403999119997025,7996756
2026-08-11T00:00:00.000000Z,0.027403999119997025,0.027403999119997025,0.026732999831438065,0.02679000049829483,4995731
2026-08-12T00:00:00.000000Z,0.02679000049829483,0.026864999905228615,0.026489999145269394,0.02654699981212616,3985808
2026-08-13T00:00:00.000000Z,0.02654699981212616,0.026852000504732132,0.026503000408411026,0.02681799978017807,3594290
2026-08-14T00:00:00.000000Z,0.02681799978017807,0.027047000825405121,0.026791999116539955,0.026839999482035637,4524349
2026-08-15T00:00:00.000000Z,0.026839999482035637,0.026879999786615372,0.026762999594211578,0.026828000321984291,2938274
2026-08-16T00:00:00.000000Z,0.026828000321984291,0.027078000828623772,0.026750000193715096,0.026985999196767807,3849979
2026-08-17T00:00:00.000000Z,0.026985999196767807,0.02703000046312809,0.026825999841094017,0.027024999260902405,7017238
2026-08-18T00:00:00.000000Z,0.027024999260902405,0.027039000764489174,0.026637999340891838,0.026667000725865364,5043514
2026-08-19T00:00:00.000000Z,0.026667000725865364,0.028382999822497368,0.026621999219059944,0.027824999764561653,9655770
2026-08-20T00:00:00.000000Z,0.027824999764561653,0.029360000044107437,0.02691200003027916,0.028635000810027122,12966523
2026-08-21T00:00:00.000000Z,0.028635000810027122,0.029880000278353691,0.028627000749111176,0.029851999133825302,8286206
2026-08-22T00:00:00.000000Z,0.029831999912858009,0.031215999275445938,0.028846999630331993,0.028901999816298485,8470702
2026-08-23T00:00:00.000000Z,0.028901999816298485,0.029301999136805534,0.028274999931454659,0.029131000861525536,6007574
2026-08-24T00:00:00.000000Z,0.029131000861525536,0.030942000448703766,0.028911000117659569,0.030039999634027481,10569767
2026-08-25T00:00:00.000000Z,0.030039999634027481,0.030802000313997269,0.028800999745726585,0.028800999745726585,6504626
2026-08-26T00:00:00.000000Z,0.028800999745726585,0.028800999745726585,0.027164999395608902,0.027683999389410019,6874636
2026-08-27T00:00:00.000000Z,0.027683999389410019,0.028018999844789505,0.027481000870466232,0.027772000059485435,6327614
2026-08-28T00:00:00.000000Z,0.027772000059485435,0.028477000072598457,0.027292000129818916,0.027719000354409218,8787031
2026-08-29T00:00:00.000000Z,0.027719000354409218,0.027760999277234077,0.027428999543190002,0.02746099978685379,3875722
2026-08-30T00:00:00.000000Z,0.02746099978685379,0.027868000790476799,0.027356000617146492,0.027357000857591629,5996307
2026-08-31T00:00:00.000000Z,0.027357000857591629,0.028092000633478165,0.027130000293254852,0.027607999742031097,7694802
2026-09-01T00:00:00.000000Z,0.027607999742031097,0.028031000867486,0.027487000450491905,0.027690000832080841,12136025
2026-09-02T00:00:00.000000Z,0.027690000832080841,0.027977000921964645,0.027607999742031097,0.027713999152183533,3931051
2026-09-03T00:00:00.000000Z,0.027713999152183533,0.02835099957883358,0.027617000043392181,0.028078999370336533,4675658
2026-09-04T00:00:00.000000Z,0.028078999370336533,0.028326999396085739,0.027592999860644341,0.027664000168442726,4895522
2026-09-05T00:00:00.000000Z,0.027664000168442726,0.028087999671697617,0.027583999559283257,0.028030000627040863,3616407
2026-09-06T00:00:00.000000Z,0.028030000627040863,0.028310000896453857,0.027845000848174095,0.028262000530958176,4754170
2026-09-07T00:00:00.000000Z,0.028268000110983849,0.029893999919295311,0.028238000348210335,0.029248999431729317,8063608
2026-09-08T00:00:00.000000Z,0.029248999431729317,0.029655000194907188,0.028327999636530876,0.028816999867558479,8859627
2026-09-09T00:00:00.000000Z,0.028816999867558479,0.028940999880433083,0.028313999995589256,0.028377000242471695,5228820
2026-09-10T00:00:00.000000Z,0.028377000242471695,0.028877999633550644,0.027936000376939774,0.028118999674916267,6105932
2026-09-11T00:00:00.000000Z,0.028118999674916267,0.028531000018119812,0.02770799957215786,0.02797199971973896,7373979
2026-09-12T00:00:00.000000Z,0.02797199971973896,0.028279000893235207,0.027635000646114349,0.027806000784039497,4362950
2026-09-13T00:00:00.000000Z,0.027806000784039497,0.028178999200463295,0.027600999921560287,0.027679000049829483,4228925
2026-09-14T00:00:00.000000Z,0.027679000049829483,0.028380999341607094,0.027614999562501907,0.028202999383211136,6706931
2026-09-15T00:00:00.000000Z,0.028202999383211136,0.029180999845266342,0.027448000386357307,0.027600999921560287,13187643
2026-09-16T00:00:00.000000Z,0.027600999921560287,0.02780500054359436,0.027134999632835388,0.027517000213265419,9009078
2026-09-17T00:00:00.000000Z,0.027514999732375145,0.027929000556468964,0.026852000504732132,0.027100000530481339,7212880
2026-09-18T00:00:00.000000Z,0.027100000530481339,0.028150999918580055,0.026844000443816185,0.028139999136328697,8996360
2026-09-19T00:00:00.000000Z,0.028139999136328697,0.02868800051510334,0.027512000873684883,0.028276000171899796,8046184
2026-09-20T00:00:00.000000Z,0.028276000171899796,0.028419999405741692,0.027558000758290291,0.027861999347805977,6745222
2026-09-21T00:00:00.000000Z,0.027861999347805977,0.030670000240206718,0.027858000248670578,0.030556000769138336,14146497
2026-09-23T00:00:00.000000Z,0.030968070030212402,0.031621754169464111,0.030798902735114098,0.031621754169464111,14277160
